2,0.20073580741882324,0.3490712344646454,0.03307514637708664,0.9998339414596558,0.19838042557239532,0.3389660716056824,0.04934835061430931,0.9999237656593323,0.19825465977191925,0.3389512002468109,0.04921513795852661,0.9999003410339355,0.19803553819656372,0.33890998363494873,0.04908095300197601,0.9999370574951172,0.19563883543014526,0.33854320645332336,0.022571757435798645,0.9999276399612427,0.19340458512306213,0.33832237124443054,0.02256675995886326,0.9998995065689087,0.19074377417564392,0.3381246328353882,0.022500617429614067,0.9999259114265442,0.18663036823272705,0.34262365102767944,0.1104053407907486,0.9998540282249451,0.17870092391967773,0.3420785069465637,-0.008924473077058792,0.9998906254768372,0.1981051117181778,0.3607853651046753,0.05680057406425476,0.9996499419212341,0.1943790763616562,0.3606615662574768,0.022013576701283455,0.999718189239502,0.17211563885211945,0.39816540479660034,0.17538680136203766,0.9999209642410278,0.16065357625484467,0.4072635769844055,-0.07721459120512009,0.9995672106742859,0.18633590638637543,0.4645710587501526,0.22304579615592957,0.689755916595459,0.17300762236118317,0.4845385253429413,-0.09477170556783676,0.14074285328388214,0.23805637657642365,0.48349979519844055,0.17090675234794617,0.48038384318351746,0.23098330199718475,0.5019347667694092,-0.03973313421010971,0.17501340806484222,0.25182822346687317,0.487276554107666,0.16591182351112366,0.42274945974349976,0.2462647408246994,0.5088369846343994,-0.050489187240600586,0.15836700797080994,0.25344318151474,0.48080217838287354,0.14723904430866241,0.38008978962898254,0.24919898808002472,0.49864816665649414,-0.053049493581056595,0.15176959335803986,0.24819603562355042,0.48007073998451233,0.1598733812570572,0.36989980936050415,0.2427234649658203,0.4950612187385559,-0.03825484961271286,0.16064539551734924,0.16167429089546204,0.5335690379142761,0.0746658593416214,0.9999664425849915,0.14224308729171753,0.5371137857437134,-0.07478504627943039,0.9999276399612427,0.2541245222091675,0.532604992389679,0.045660678297281265,0.9642181992530823,0.18377923965454102,0.545526921749115,-0.17671896517276764,0.44637173414230347,0.2674243748188019,0.6491349935531616,0.03997843340039253,0.9236869812011719,0.1606960892677307,0.6389976143836975,-0.1092289462685585,0.3600133955478668,0.2570590674877167,0.6708799004554749,0.036974746733903885,0.946442186832428,0.15005114674568176,0.655263364315033,-0.10104135423898697,0.6361103057861328,0.29942959547042847,0.6543110609054565,0.007808300666511059,0.9553149938583374,0.18292996287345886,0.6614301204681396,-0.12745992839336395,0.7206910848617554
3,0.20102401077747345,0.3497318625450134,0.05316188931465149,0.9998467564582825,0.19894596934318542,0.3390216529369354,0.06677526980638504,0.9999287128448486,0.19886958599090576,0.33895593881607056,0.0666676014661789,0.999906599521637,0.1986720860004425,0.3388867974281311,0.06655454635620117,0.9999414086341858,0.19602443277835846,0.3387020528316498,0.041872866451740265,0.9999322891235352,0.19397176802158356,0.3384677469730377,0.04185744747519493,0.9999055862426758,0.19159916043281555,0.33823534846305847,0.04180175065994263,0.9999309182167053,0.1870541274547577,0.34253233671188354,0.12172681093215942,0.9998646974563599,0.17963764071464539,0.34227803349494934,0.010224686935544014,0.9998980164527893,0.19848641753196716,0.36101874709129333,0.07549762725830078,0.9996762871742249,0.1945897936820984,0.3609083592891693,0.04307414963841438,0.999738335609436,0.17238286137580872,0.39967355132102966,0.19010064005851746,0.999914824962616,0.1608423888683319,0.4042348265647888,-0.0612972192466259,0.9996045827865601,0.1905234158039093,0.4648361802101135,0.23940125107765198,0.630641758441925,0.17341651022434235,0.4811670184135437,-0.09266962110996246,0.2170242965221405,0.23746852576732635,0.4835290312767029,0.18908724188804626,0.46985143423080444,0.22835612297058105,0.5017526745796204,-0.059403132647275925,0.2374388873577118,0.25184258818626404,0.48788055777549744,0.1868886649608612,0.42302167415618896,0.2460903376340866,0.5087491273880005,-0.07159553468227386,0.2187231332063675,0.2534465491771698,0.48081734776496887,0.16855007410049438,0.3854585289955139,0.2493014633655548,0.49676719307899475,-0.06997714936733246,0.2118784487247467,0.24813982844352722,0.48007118701934814,0.178860142827034,0.376530259847641,0.24241633713245392,0.4947393238544464,-0.056810617446899414,0.21494698524475098,0.1576193869113922,0.537005603313446,0.07860852777957916,0.9999613761901855,0.14577721059322357,0.5374534130096436,-0.07871679961681366,0.9999198913574219,0.23738940060138702,0.5580877661705017,0.07983775436878204,0.9434335827827454,0.22317321598529816,0.5370491743087769,-0.07675199210643768,0.4994436502456665,0.2669700086116791,0.6485863924026489,0.08803333342075348,0.9178463220596313,0.22280976176261902,0.6460378766059875,-0.03636780008673668,0.42128127813339233,0.2562660574913025,0.67112797498703,0.0871654599905014,0.9376851916313171,0.21304424107074738,0.6689292192459106,-0.030654853209853172,0.6646758913993835,0.29955238103866577,0.6568832397460938,0.06609101593494415,0.947717010974884,0.2579094469547272,0.6664752960205078,-0.04523538053035736,0.7438217401504517
4,0.20289166271686554,0.3497146666049957,0.05261481925845146,0.9998553991317749,0.20043198764324188,0.3387553095817566,0.058772169053554535,0.9999313950538635,0.2002592831850052,0.33864229917526245,0.05867115780711174,0.9999101161956787,0.1999235898256302,0.338494211435318,0.05857440084218979,0.9999440908432007,0.1977408081293106,0.33852335810661316,0.03589869663119316,0.9999342560768127,0.19569674134254456,0.3383052945137024,0.035894885659217834,0.999907374382019,0.19362260401248932,0.33809080719947815,0.03586329147219658,0.9999327659606934,0.1879790723323822,0.34232962131500244,0.10444704443216324,0.9998714327812195,0.1822124570608139,0.34226757287979126,-0.00452148262411356,0.9999006390571594,0.2003706693649292,0.3609400689601898,0.06902536749839783,0.9996961951255798,0.19702193140983582,0.3608677089214325,0.040623944252729416,0.9997526407241821,0.17241431772708893,0.4005308747291565,0.17395004630088806,0.9999088048934937,0.16104939579963684,0.4042230248451233,-0.06962643563747406,0.9996307492256165,0.19300463795661926,0.46647778153419495,0.21791644394397736,0.5768811702728271,0.17343135178089142,0.48301151394844055,-0.08857863396406174,0.2748573422431946,0.2358042299747467,0.48410433530807495,0.16739296913146973,0.45814454555511475,0.21874849498271942,0.5100419521331787,-0.03547566384077072,0.27606168389320374,0.25167223811149597,0.4882010519504547,0.1648235023021698,0.42038336396217346,0.2357223778963089,0.5138395428657532,-0.04407847672700882,0.2563720941543579,0.2528509497642517,0.4807678759098053,0.149349182844162,0.3872781991958618,0.23857121169567108,0.5014840960502625,-0.044720493257045746,0.24906376004219055,0.24726231396198273,0.4800613224506378,0.15827278792858124,0.37965837121009827,0.23608741164207458,0.4996746778488159,-0.03356466069817543,0.24858146905899048,0.15700602531433105,0.5372606515884399,0.08061264455318451,0.9999582767486572,0.147915318608284,0.5387651920318604,-0.0807071253657341,0.9999123811721802,0.23746883869171143,0.5570248365402222,0.08164037764072418,0.9204526543617249,0.2404550015926361,0.5309969186782837,-0.07120171189308167,0.5461841225624084,0.2666395604610443,0.6484605073928833,0.1014614850282669,0.9120286107063293,0.22880518436431885,0.649285614490509,-0.013192974030971527,0.4758579134941101,0.2556275427341461,0.6713042855262756,0.10242172330617905,0.9286083579063416,0.21912729740142822,0.6727051138877869,-0.005514618940651417,0.6888440847396851,0.2995544373989105,0.6590242385864258,0.08163366466760635,0.9392264485359192,0.26447951793670654,0.6682806611061096,-0.01992187462747097,0.7636809349060059
5,0.20532140135765076,0.3497419059276581,0.05199887603521347,0.9998453259468079,0.20230939984321594,0.33869409561157227,0.06221618503332138,0.9999232292175293,0.20202071964740753,0.3385581374168396,0.0620984248816967,0.99989914894104,0.2015417367219925,0.33837345242500305,0.061986666172742844,0.9999392628669739,0.19996532797813416,0.3385106325149536,0.03735137730836868,0.9999257922172546,0.19794736802577972,0.3382970094680786,0.0373336561024189,0.9998929500579834,0.19580480456352234,0.3380870521068573,0.03727555647492409,0.9999259114265442,0.18902041018009186,0.3423266112804413,0.10472695529460907,0.9998614192008972,0.18455258011817932,0.3423094153404236,-0.004486468620598316,0.9998891353607178,0.20248182117938995,0.36094966530799866,0.07087619602680206,0.9996806979179382,0.19942769408226013,0.3609473407268524,0.03889786824584007,0.9997361302375793,0.17236249148845673,0.40054595470428467,0.1743251383304596,0.999866783618927,0.16633549332618713,0.4043084383010864,-0.07025352865457535,0.9996474385261536,0.19196540117263794,0.46711084246635437,0.21900537610054016,0.5226002931594849,0.18079906702041626,0.486452579498291,-0.08241718262434006,0.3309418559074402,0.23351256549358368,0.4853166937828064,0.16747072339057922,0.4231991469860077,0.2300390750169754,0.5089885592460632,-0.018841583281755447,0.3143467307090759,0.24637314677238464,0.49059030413627625,0.16413147747516632,0.39347338676452637,0.24524252116680145,0.5084629058837891,-0.027653787285089493,0.29390496015548706,0.250578910112381,0.4833434820175171,0.1484525501728058,0.3639086186885834,0.24643266201019287,0.49597081542015076,-0.02794177457690239,0.28656142950057983,0.24529877305030823,0.4827219843864441,0.15794017910957336,0.35822606086730957,0.24044620990753174,0.49584314227104187,-0.016700349748134613,0.28203365206718445,0.15571777522563934,0.5372161269187927,0.0828021764755249,0.9999490976333618,0.14860424399375916,0.539316713809967,-0.08289073407649994,0.9998968243598938,0.23717598617076874,0.5555446743965149,0.08259348571300507,0.8940375447273254,0.24264200031757355,0.5303415656089783,-0.07358293980360031,0.5871217250823975,0.26650503277778625,0.6482320427894592,0.1026967316865921,0.9047423005104065,0.22967401146888733,0.6493602991104126,-0.009242866188287735,0.5240781307220459,0.24949797987937927,0.677805483341217,0.10344730317592621,0.9190561771392822,0.21983186900615692,0.6726145148277283,-0.0008712314302101731,0.7084475755691528,0.2996191680431366,0.6602222919464111,0.08106258511543274,0.9301109910011292,0.26570016145706177,0.6685890555381775,-0.014499710872769356,0.7806009650230408
6,0.20654478669166565,0.35165849328041077,0.0640069767832756,0.9998467564582825,0.20412592589855194,0.3401518166065216,0.07674279808998108,0.9999218583106995,0.20392337441444397,0.33987221121788025,0.07662750780582428,0.9998964667320251,0.2035626918077469,0.3395422101020813,0.0765165239572525,0.9999389052391052,0.2016838788986206,0.33993837237358093,0.051145028322935104,0.9999244809150696,0.1997300088405609,0.33948662877082825,0.051128089427948,0.9998899102210999,0.1974402815103531,0.33898821473121643,0.05106215924024582,0.9999257922172546,0.19090305268764496,0.34270942211151123,0.12483429908752441,0.9998608827590942,0.18600863218307495,0.34245842695236206,0.010827455669641495,0.9998871684074402,0.20315532386302948,0.36237308382987976,0.08415274322032928,0.9996835589408875,0.2000080645084381,0.36219561100006104,0.05092296004295349,0.9997379779815674,0.1733463555574417,0.40172046422958374,0.19027701020240784,0.9998335838317871,0.1657145917415619,0.40408045053482056,-0.062140293419361115,0.9996692538261414,0.1915019005537033,0.46979016065597534,0.23524025082588196,0.47410011291503906,0.1810360848903656,0.48648181557655334,-0.0775655061006546,0.37952688336372375,0.23379170894622803,0.48599541187286377,0.18589510023593903,0.3942160904407501,0.23177118599414825,0.5063145756721497,-0.024328600615262985,0.34952354431152344,0.24662485718727112,0.4911964237689972,0.18322256207466125,0.3722277283668518,0.24866047501564026,0.5055975317955017,-0.03403964638710022,0.3287874758243561,0.25061237812042236,0.4834541380405426,0.16708216071128845,0.34588801860809326,0.249825119972229,0.4928653836250305,-0.03403489664196968,0.3213067054748535,0.245487242937088,0.4828776717185974,0.17621418833732605,0.3418882489204407,0.24082140624523163,0.49510687589645386,-0.02214736118912697,0.3128039836883545,0.15577803552150726,0.5375169515609741,0.08360125124454498,0.9999437928199768,0.15054766833782196,0.5391356945037842,-0.08368948101997375,0.9998888373374939,0.23663251101970673,0.5576884150505066,0.09153516590595245,0.868342399597168,0.2517513632774353,0.529909074306488,-0.06769292056560516,0.6241852045059204,0.2658016085624695,0.6481466293334961,0.09895578026771545,0.8974931836128235,0.24463880062103271,0.6485511660575867,-0.024265816435217857,0.5683169960975647,0.24136057496070862,0.6795142889022827,0.09818163514137268,0.9121196269989014,0.23514342308044434,0.6720145344734192,-0.017951516434550285,0.7294729351997375,0.29966750741004944,0.662524938583374,0.0752449780702591,0.9219529628753662,0.2950536012649536,0.6627272963523865,-0.03226841986179352,0.7971628308296204
7,0.2095232456922531,0.3530808985233307,0.05194718390703201,0.9998489022254944,0.20730683207511902,0.3415931165218353,0.06450197845697403,0.9999199509620667,0.2070084512233734,0.3411695659160614,0.06436432898044586,0.9998944997787476,0.20654232800006866,0.3406871557235718,0.06424526870250702,0.9999382495880127,0.2048300951719284,0.34133198857307434,0.03774837404489517,0.9999211430549622,0.20275136828422546,0.3407529294490814,0.03774300962686539,0.999883770942688,0.2006702870130539,0.34012749791145325,0.03766534477472305,0.9999210238456726,0.1936945766210556,0.34317418932914734,0.11595410108566284,0.9998602867126465,0.18899406492710114,0.34269818663597107,-0.004038658924400806,0.999880313873291,0.20587341487407684,0.3634099066257477,0.07311184704303741,0.9996941089630127,0.20284733176231384,0.36327794194221497,0.037774357944726944,0.9997439384460449,0.1771739423274994,0.40486329793930054,0.17826776206493378,0.9998308420181274,0.1663402020931244,0.4036294221878052,-0.06963711231946945,0.9996772408485413,0.1986428052186966,0.47545307874679565,0.21032686531543732,0.4381140172481537,0.17580559849739075,0.4864282011985779,-0.10999488830566406,0.40418678522109985,0.23624463379383087,0.48596009612083435,0.15017491579055786,0.39329737424850464,0.22102205455303192,0.5076425075531006,-0.09592673927545547,0.3688996136188507,0.2529450058937073,0.490399569272995,0.14423775672912598,0.3775120675563812,0.23483824729919434,0.5145427584648132,-0.11079061031341553,0.3513348400592804,0.25807875394821167,0.48119106888771057,0.13035579025745392,0.35442236065864563,0.23553898930549622,0.5048713088035583,-0.1112523302435875,0.3431876301765442,0.25258317589759827,0.48124760389328003,0.14149531722068787,0.3500228524208069,0.23032546043395996,0.501822829246521,-0.09491655975580215,0.3306918144226074,0.1589720994234085,0.5381988883018494,0.08284652978181839,0.9999368190765381,0.14988483488559723,0.5393370389938354,-0.08293940126895905,0.999866783618927,0.2497725784778595,0.5447683930397034,0.07819167524576187,0.8495959639549255,0.23940250277519226,0.5310373902320862,-0.096125528216362,0.6559827923774719,0.26581597328186035,0.6478520035743713,0.08721549808979034,0.8934547901153564,0.2206505537033081,0.6487122178077698,-0.04291257634758949,0.6049278378486633,0.2467670887708664,0.6775516271591187,0.08803842216730118,0.9062312245368958,0.21071401238441467,0.6706424355506897,-0.03572613745927811,0.7429288029670715,0.29994601011276245,0.662222146987915,0.052297867834568024,0.9149110317230225,0.258240282535553,0.6709271669387817,-0.053148575127124786,0.807237446308136
8,0.21236750483512878,0.3553756773471832,0.027768710628151894,0.9998334646224976,0.21024486422538757,0.34400874376296997,0.041169192641973495,0.9999064207077026,0.21003934741020203,0.3435245752334595,0.04104125127196312,0.9998767375946045,0.20970579981803894,0.34296903014183044,0.040923647582530975,0.9999287128448486,0.2076844424009323,0.34374722838401794,0.014371749944984913,0.9999051690101624,0.2054014503955841,0.34300318360328674,0.01437098253518343,0.9998579621315002,0.2029787003993988,0.3422122895717621,0.014302765019237995,0.9999039769172668,0.19691245257854462,0.3444632291793823,0.09674788266420364,0.9998379945755005,0.19094642996788025,0.343690425157547,-0.023823335766792297,0.9998538494110107,0.2085203230381012,0.36570656299591064,0.05034530907869339,0.9996760487556458,0.20515620708465576,0.36588799953460693,0.015212182886898518,0.9997291564941406,0.1792515367269516,0.40772563219070435,0.16396839916706085,0.9998065233230591,0.16734395921230316,0.4036346971988678,-0.08697183430194855,0.9996804594993591,0.19929204881191254,0.48111385107040405,0.1965283453464508,0.4001791477203369,0.17576327919960022,0.488312691450119,-0.10810969024896622,0.42824625968933105,0.23793204128742218,0.4881805181503296,0.13830798864364624,0.36969193816185,0.22127816081047058,0.5116487741470337,-0.06879410892724991,0.3787399232387543,0.2528304159641266,0.492751806974411,0.1333591789007187,0.35888218879699707,0.23661425709724426,0.5168278813362122,-0.08077974617481232,0.36262747645378113,0.2573915719985962,0.48285111784935,0.12076111882925034,0.3382367193698883,0.23519058525562286,0.5116113424301147,-0.08167842775583267,0.35422998666763306,0.2519422471523285,0.48301631212234497,0.1298748105764389,0.3347105085849762,0.23024746775627136,0.5074878334999084,-0.06732083857059479,0.33907681703567505,0.1611310988664627,0.5386476516723633,0.08257501572370529,0.9999263286590576,0.1499025821685791,0.5401632785797119,-0.08266286551952362,0.9998393654823303,0.253334105014801,0.540332555770874,0.07219947129487991,0.8263896703720093,0.22872504591941833,0.5318309664726257,-0.09864573925733566,0.6841909289360046,0.2658093571662903,0.6478138566017151,0.0818546861410141,0.8873831033706665,0.22274377942085266,0.6499450206756592,-0.03894442319869995,0.6383694410324097,0.24954712390899658,0.6768220067024231,0.08117496222257614,0.8986523747444153,0.2126735895872116,0.6715500950813293,-0.030718347057700157,0.7560257911682129,0.30005213618278503,0.6622138619422913,0.051894061267375946,0.9064257740974426,0.25786274671554565,0.6732410788536072,-0.05098943039774895,0.8168990612030029
9,0.21596094965934753,0.35678350925445557,0.02978878654539585,0.9998326897621155,0.21393100917339325,0.34557729959487915,0.043658338487148285,0.9999043345451355,0.21362467110157013,0.3451671302318573,0.04353052005171776,0.9998729825019836,0.2131769359111786,0.3446952998638153,0.043410614132881165,0.9999272227287292,0.21125085651874542,0.3451131284236908,0.016500553116202354,0.9999023675918579,0.2091381549835205,0.3444063365459442,0.01649811863899231,0.9998515844345093,0.20682919025421143,0.34358006715774536,0.01642954722046852,0.9998997449874878,0.20078368484973907,0.3457559049129486,0.09992223978042603,0.9998359084129333,0.19500869512557983,0.3446008563041687,-0.022750388830900192,0.9998475313186646,0.21208767592906952,0.36702051758766174,0.05252419039607048,0.9996834397315979,0.20867919921875,0.36704200506210327,0.016868889331817627,0.9997357726097107,0.18179143965244293,0.4093259871006012,0.16588982939720154,0.9998016953468323,0.1679140031337738,0.4027423560619354,-0.08659641444683075,0.9996931552886963,0.19795086979866028,0.4851381480693817,0.1923670470714569,0.36789190769195557,0.16979722678661346,0.488270103931427,-0.12263812124729156,0.4420315623283386,0.23846182227134705,0.48831018805503845,0.12224888801574707,0.35498037934303284,0.2119666337966919,0.5110803842544556,-0.10325648635625839,0.3833083212375641,0.254552960395813,0.49253273010253906,0.11466901004314423,0.3484562039375305,0.22110876441001892,0.5213791728019714,-0.11636285483837128,0.3706224262714386,0.2607114315032959,0.48256462812423706,0.10329534113407135,0.33020564913749695,0.22554203867912292,0.5119964480400085,-0.11804012954235077,0.36206912994384766,0.2549528181552887,0.4828191101551056,0.11387927830219269,0.3271882236003876,0.22118046879768372,0.5074191093444824,-0.10254726558923721,0.3449839651584625,0.1619485765695572,0.5387595295906067,0.08277004212141037,0.9999247193336487,0.149930939078331,0.5399048328399658,-0.08286584913730621,0.9998284578323364,0.2530519366264343,0.5489562749862671,0.07949560880661011,0.8103654980659485,0.2258438766002655,0.5302239060401917,-0.07601610571146011,0.7085517644882202,0.26579606533050537,0.6475825905799866,0.08739093691110611,0.8833910822868347,0.2218705415725708,0.6464692950248718,-0.014722466468811035,0.6678267121315002,0.25074249505996704,0.6752502918243408,0.08698918670415878,0.8932923674583435,0.21128392219543457,0.6676909923553467,-0.006225212477147579,0.7660616636276245,0.30005642771720886,0.6619845032691956,0.05521393567323685,0.8995211124420166,0.25554290413856506,0.6728382110595703,-0.027232294902205467,0.8248345851898193
10,0.21937184035778046,0.3584624230861664,0.028531888499855995,0.9998191595077515,0.21716515719890594,0.3476542532444,0.04282582551240921,0.9998875856399536,0.21682021021842957,0.34727704524993896,0.04269477725028992,0.9998497366905212,0.21633310616016388,0.3468225300312042,0.04257615655660629,0.999914288520813,0.2148704081773758,0.34705373644828796,0.015387700870633125,0.9998851418495178,0.21263742446899414,0.3462409973144531,0.015381760895252228,0.9998239874839783,0.21033437550067902,0.34536510705947876,0.015310538932681084,0.9998807907104492,0.20410564541816711,0.34744298458099365,0.10026109218597412,0.9998034834861755,0.19879619777202606,0.3459051847457886,-0.02353956736624241,0.9998229742050171,0.2148556262254715,0.3686300814151764,0.05172817036509514,0.9996636509895325,0.21201267838478088,0.36840131878852844,0.015690943226218224,0.9997225403785706,0.18336866796016693,0.4090369641780853,0.1657433807849884,0.9997880458831787,0.1693374365568161,0.40130385756492615,-0.08654357492923737,0.9997040629386902,0.19696809351444244,0.4858386218547821,0.19542208313941956,0.33748963475227356,0.17354582250118256,0.48799216747283936,-0.11331049352884293,0.4592604637145996,0.24339301884174347,0.4883035123348236,0.1323123276233673,0.33724284172058105,0.21886149048805237,0.5102300643920898,-0.08191443234682083,0.394334077835083,0.25544217228889465,0.4923743009567261,0.12613250315189362,0.3351958096027374,0.23715686798095703,0.5184193849563599,-0.09343232214450836,0.38344505429267883,0.26169130206108093,0.48248422145843506,0.11362515389919281,0.3189452290534973,0.24251022934913635,0.504565417766571,-0.09576420485973358,0.374604195356369,0.2561476230621338,0.48280295729637146,0.12378571182489395,0.3164669871330261,0.2271699160337448,0.5071166753768921,-0.08125439286231995,0.35380223393440247,0.16302525997161865,0.5387364029884338,0.08191034197807312,0.9999182224273682,0.15053826570510864,0.5381792783737183,-0.08201956748962402,0.9998076558113098,0.25215160846710205,0.5494544506072998,0.07408247143030167,0.7921269536018372,0.22055642306804657,0.5192489624023438,-0.1005575880408287,0.7296953201293945,0.26580145955085754,0.6475692391395569,0.07094158232212067,0.8817054629325867,0.21056000888347626,0.6308895349502563,-0.04331657662987709,0.6933079957962036,0.2517927885055542,0.6738271117210388,0.06948807835578918,0.8905729651451111,0.19913609325885773,0.6499446630477905,-0.03459510952234268,0.7752230167388916,0.3000408709049225,0.6619683504104614,0.03551175445318222,0.8950971961021423,0.23678429424762726,0.658776044845581,-0.05683516338467598,0.8314135074615479
11,0.22344975173473358,0.36008402705192566,0.027277648448944092,0.9998112320899963,0.22092299163341522,0.3495829701423645,0.040339577943086624,0.9998751878738403,0.22041988372802734,0.3492102324962616,0.040214017033576965,0.999832272529602,0.21980571746826172,0.34875524044036865,0.04010266065597534,0.9999045133590698,0.21912269294261932,0.34888124465942383,0.012598088011145592,0.9998748302459717,0.21738114953041077,0.3480203449726105,0.012584525160491467,0.9998078942298889,0.2152845412492752,0.34701210260391235,0.012516285292804241,0.999871015548706,0.20765507221221924,0.34890177845954895,0.09327312558889389,0.9997832775115967,0.20363429188728333,0.3471325933933258,-0.032056473195552826,0.9998116493225098,0.21796083450317383,0.3700350522994995,0.049386002123355865,0.9996491074562073,0.215729758143425,0.3695834279060364,0.013013879768550396,0.999713659286499,0.18332919478416443,0.40868186950683594,0.16272518038749695,0.9997766613960266,0.17458832263946533,0.4013485908508301,-0.09546703845262527,0.9997225403785706,0.2007400542497635,0.4836136996746063,0.19899332523345947,0.3088991641998291,0.18429754674434662,0.48806968331336975,-0.11117509752511978,0.48539790511131287,0.24500076472759247,0.48585543036460876,0.13626950979232788,0.31725364923477173,0.2324759066104889,0.5092504024505615,-0.07283437997102737,0.41488364338874817,0.2554507553577423,0.4886878728866577,0.13014230132102966,0.3189636766910553,0.24844518303871155,0.5117636322975159,-0.08515707403421402,0.40416470170021057,0.26219385862350464,0.47749754786491394,0.12244858592748642,0.30436909198760986,0.2522018253803253,0.49690279364585876,-0.08180937170982361,0.394901841878891,0.2572302222251892,0.4785739779472351,0.12410974502563477,0.3029966950416565,0.24030248820781708,0.5039799213409424,-0.069755420088768,0.37045344710350037,0.16262778639793396,0.538722813129425,0.08256398141384125,0.9999193549156189,0.15346720814704895,0.5379826426506042,-0.08268053829669952,0.9998091459274292,0.2442995309829712,0.5502318143844604,0.10253109037876129,0.774463951587677,0.22294428944587708,0.5192233920097351,-0.07148724049329758,0.749936044216156,0.26555031538009644,0.6472709774971008,0.11620445549488068,0.8819028735160828,0.21017615497112274,0.62483149766922,0.007975729182362556,0.7176291942596436,0.251931369304657,0.6726487278938293,0.11712274700403214,0.8905612826347351,0.1990060657262802,0.6426090002059937,0.018821951001882553,0.7852449417114258,0.29978466033935547,0.6618821620941162,0.0921422615647316,0.894334614276886,0.23599910736083984,0.6513360738754272,0.00926024280488491,0.8394367694854736
12,0.22807219624519348,0.3616994023323059,0.011263810098171234,0.9997954964637756,0.2255987823009491,0.3512468934059143,0.02361239865422249,0.9998582601547241,0.22493784129619598,0.3507803976535797,0.023495260626077652,0.9998090267181396,0.22410519421100616,0.35023626685142517,0.023384220898151398,0.9998914003372192,0.22396588325500488,0.35065871477127075,-0.004369243513792753,0.9998582005500793,0.2221720665693283,0.34979379177093506,-0.004379423335194588,0.9997817277908325,0.2202666699886322,0.3488040268421173,-0.004437980707734823,0.9998543858528137,0.21173658967018127,0.35051125288009644,0.07557760179042816,0.9997611045837402,0.20843780040740967,0.3489112854003906,-0.05060572177171707,0.999789297580719,0.22221827507019043,0.3712936043739319,0.033119358122348785,0.999631404876709,0.22015777230262756,0.370800644159317,-0.0035757478326559067,0.9997008442878723,0.18360169231891632,0.40842971205711365,0.14826741814613342,0.9997628927230835,0.17835256457328796,0.4014357030391693,-0.11264844983816147,0.9997379183769226,0.20016033947467804,0.4824182689189911,0.19372549653053284,0.28232303261756897,0.18735304474830627,0.48845866322517395,-0.1251644790172577,0.5125029683113098,0.24411198496818542,0.48589247465133667,0.13744595646858215,0.29574713110923767,0.23780617117881775,0.5088871121406555,-0.07384632527828217,0.4350505769252777,0.2547301650047302,0.48869889974594116,0.13849952816963196,0.300458699464798,0.2533010244369507,0.5083628296852112,-0.08680460602045059,0.4237103760242462,0.2617093026638031,0.4777347445487976,0.12882257997989655,0.2874591648578644,0.2561096251010895,0.49297264218330383,-0.08472765237092972,0.4144435524940491,0.2564122676849365,0.47859305143356323,0.12805071473121643,0.28705745935440063,0.24645352363586426,0.5017794966697693,-0.07132028043270111,0.38602375984191895,0.1624797284603119,0.537003219127655,0.08372164517641068,0.9999172687530518,0.15535537898540497,0.5379855632781982,-0.08382219821214676,0.9998037815093994,0.2427670657634735,0.5494396090507507,0.10589537769556046,0.7497830986976624,0.22689871490001678,0.5217986702919006,-0.04961267113685608,0.764986515045166,0.2652894854545593,0.6466830968856812,0.12597455084323883,0.8755902647972107,0.2129114866256714,0.6284051537513733,0.03514460474252701,0.7379149198532104,0.2519763112068176,0.671649694442749,0.12745767831802368,0.8854888677597046,0.20094439387321472,0.6468413472175598,0.04608261212706566,0.7924156188964844,0.2989804446697235,0.661381721496582,0.10128996521234512,0.8881480097770691,0.24136941134929657,0.6535462737083435,0.03415737301111221,0.8451663851737976
13,0.23204520344734192,0.36458292603492737,0.018554823473095894,0.999777615070343,0.22983045876026154,0.35437414050102234,0.03078310191631317,0.9998432397842407,0.22914867103099823,0.3538424074649811,0.030668798834085464,0.9997881054878235,0.2282620370388031,0.3531865179538727,0.030561860650777817,0.9998804926872253,0.22859463095664978,0.35391202569007874,0.0030447733588516712,0.9998446702957153,0.22698387503623962,0.35303324460983276,0.0030330729205161333,0.999760627746582,0.22505822777748108,0.35195133090019226,0.0029695583507418633,0.999843955039978,0.21561846137046814,0.35272055864334106,0.07912620157003403,0.9997438192367554,0.21332108974456787,0.3513900935649872,-0.04624956101179123,0.9997711181640625,0.22566774487495422,0.3741154670715332,0.03978445380926132,0.9996026754379272,0.22385554015636444,0.3736043870449066,0.003482212545350194,0.9996786117553711,0.18298518657684326,0.405784010887146,0.15035134553909302,0.9997425079345703,0.18300959467887878,0.40179967880249023,-0.10943444073200226,0.9997549057006836,0.1994045525789261,0.47340965270996094,0.19701753556728363,0.2576598525047302,0.196104496717453,0.488511860370636,-0.12137144804000854,0.5345667600631714,0.24341976642608643,0.48393747210502625,0.16961193084716797,0.27486613392829895,0.2433115690946579,0.5077467560768127,-0.07011928409337997,0.45472922921180725,0.25213903188705444,0.4866827428340912,0.17065253853797913,0.2820851802825928,0.2566760182380676,0.5075513124465942,-0.08256258070468903,0.4430939555168152,0.25917747616767883,0.4776468873023987,0.15714842081069946,0.27049851417541504,0.2575550377368927,0.4936392605304718,-0.08156190812587738,0.4338143467903137,0.2551022171974182,0.47843968868255615,0.16129495203495026,0.2712070345878601,0.2509016990661621,0.4992571473121643,-0.06800337880849838,0.4019407033920288,0.1624101847410202,0.5363785028457642,0.08496853709220886,0.9999184012413025,0.16050539910793304,0.5384162068367004,-0.08505769073963165,0.9998108744621277,0.2374589741230011,0.5479180812835693,0.1396988481283188,0.7177861332893372,0.2495768815279007,0.5232420563697815,-0.009730694815516472,0.7783389091491699,0.26411697268486023,0.6446936726570129,0.1805448830127716,0.8604991436004639,0.22850379347801208,0.6318389773368835,0.0826667845249176,0.7576409578323364,0.2513199746608734,0.6692346930503845,0.18422502279281616,0.8738968372344971,0.21743616461753845,0.6527618169784546,0.09406541287899017,0.8012925386428833,0.29648834466934204,0.6613589525222778,0.16421279311180115,0.8770472407341003,0.2815782427787781,0.6522181034088135,0.08373788744211197,0.8524562120437622
14,0.23518219590187073,0.3676597774028778,0.013553900644183159,0.9997601509094238,0.23316924273967743,0.3575453758239746,0.024728987365961075,0.9998263120651245,0.23251834511756897,0.3569558560848236,0.024620747193694115,0.9997647404670715,0.23169955611228943,0.35624563694000244,0.024511422961950302,0.9998681545257568,0.23196375370025635,0.3569995164871216,-0.0029801097698509693,0.9998292922973633,0.23043331503868103,0.35603970289230347,-0.0029882306698709726,0.9997369050979614,0.22853226959705353,0.35484907031059265,-0.0030461582355201244,0.9998301863670349,0.21911025047302246,0.35504648089408875,0.0715891495347023,0.9997284412384033,0.2167472541332245,0.35370463132858276,-0.0529816634953022,0.9997490048408508,0.22864048182964325,0.3770710825920105,0.03409605100750923,0.9995719790458679,0.22676321864128113,0.3764288127422333,-0.0021493430249392986,0.9996503591537476,0.18321125209331512,0.4049035310745239,0.14286360144615173,0.9997254014015198,0.18619166314601898,0.4024137556552887,-0.11378655582666397,0.999767541885376,0.19892500340938568,0.4687594175338745,0.19758029282093048,0.23571717739105225,0.1996956467628479,0.4884602129459381,-0.1248367428779602,0.5569450259208679,0.2431153506040573,0.4835362732410431,0.18670324981212616,0.25625038146972656,0.2502378821372986,0.5015695095062256,-0.07023116946220398,0.4764607846736908,0.2519293427467346,0.4864918291568756,0.18849240243434906,0.2659642994403839,0.2605864107608795,0.50016188621521,-0.084198497235775,0.4643200635910034,0.2589762508869171,0.47770363092422485,0.1728385090827942,0.25577160716056824,0.2607389986515045,0.4860585927963257,-0.08222425729036331,0.45546576380729675,0.25490304827690125,0.4785304367542267,0.17822858691215515,0.2578147053718567,0.2547423839569092,0.4874419867992401,-0.06796206533908844,0.4193885922431946,0.1623840630054474,0.5347991585731506,0.08474524319171906,0.9999184012413025,0.16194428503513336,0.538412868976593,-0.08483028411865234,0.9998127222061157,0.23583218455314636,0.5475355386734009,0.14439067244529724,0.6946946978569031,0.247357577085495,0.5240401029586792,-0.006946156267076731,0.7889438271522522,0.260720431804657,0.6439260244369507,0.19219821691513062,0.8481989502906799,0.22479529678821564,0.6287091374397278,0.10009805858135223,0.7729159593582153,0.246481254696846,0.6681368350982666,0.19666606187820435,0.8632251620292664,0.21539027988910675,0.6480796337127686,0.11342717707157135,0.8050305843353271,0.29479917883872986,0.6613085865974426,0.17799104750156403,0.8661903738975525,0.2628472149372101,0.6490776538848877,0.10795136541128159,0.8562036156654358
15,0.2380722016096115,0.37017741799354553,0.010306342504918575,0.9997221827507019,0.23627910017967224,0.3601666986942291,0.02280006743967533,0.9997869729995728,0.23565253615379333,0.3595718443393707,0.02267771027982235,0.9997082948684692,0.2348809540271759,0.3588692247867584,0.02255294844508171,0.9998342990875244,0.23500685393810272,0.3594503700733185,-0.0047559672966599464,0.9997894763946533,0.233474463224411,0.35837727785110474,-0.004757213406264782,0.9996697902679443,0.2315809279680252,0.3570784032344818,-0.0048252250999212265,0.9997819066047668,0.2226497381925583,0.3573552370071411,0.07499423623085022,0.9996564984321594,0.21979641914367676,0.355677992105484,-0.04924292489886284,0.9996877908706665,0.23157326877117157,0.3795391619205475,0.03214651718735695,0.9994826912879944,0.22949394583702087,0.3788049519062042,-0.004107398446649313,0.9995644092559814,0.18795260787010193,0.40628448128700256,0.14616933465003967,0.9996958374977112,0.18724864721298218,0.40244582295417786,-0.10956493765115738,0.999763011932373,0.20429274439811707,0.46946218609809875,0.19927656650543213,0.21572807431221008,0.20129039883613586,0.48494237661361694,-0.12464968860149384,0.557229220867157,0.2471695840358734,0.4812479615211487,0.18270088732242584,0.2405060976743698,0.2510838806629181,0.4949747920036316,-0.06890250742435455,0.4810772240161896,0.25623729825019836,0.4826579689979553,0.1852826625108719,0.25251320004463196,0.26137417554855347,0.4972998797893524,-0.0822397992014885,0.47045713663101196,0.25900959968566895,0.4750528335571289,0.1704317033290863,0.2434268742799759,0.2615465223789215,0.4817067086696625,-0.08135855942964554,0.46141570806503296,0.2546849846839905,0.47475841641426086,0.1747436821460724,0.2465982884168625,0.25516852736473083,0.4818902015686035,-0.0666576623916626,0.4213186800479889,0.16514922678470612,0.5348273515701294,0.08353953808546066,0.9999151825904846,0.1603429615497589,0.5378101468086243,-0.08366768807172775,0.9997950196266174,0.248639315366745,0.5395065546035767,0.11954391002655029,0.6880430579185486,0.21879759430885315,0.5233269333839417,-0.035200975835323334,0.788935124874115,0.26072829961776733,0.6437990665435791,0.12470106780529022,0.8466522097587585,0.18186146020889282,0.6113113760948181,0.049940384924411774,0.7711851596832275,0.24688270688056946,0.6686864495277405,0.12499497085809708,0.8607754111289978,0.16881416738033295,0.6243588924407959,0.06248133257031441,0.7913188934326172,0.2945776581764221,0.6614104509353638,0.09975327551364899,0.8614667057991028,0.19939567148685455,0.6377601623535156,0.053692806512117386,0.8407608270645142
16,0.24165305495262146,0.3718954920768738,0.01957525685429573,0.9997295141220093,0.23974263668060303,0.36152246594429016,0.03318988159298897,0.9997891783714294,0.23903200030326843,0.36086997389793396,0.03307316079735756,0.9997103214263916,0.23816366493701935,0.3601008653640747,0.03295230120420456,0.9998355507850647,0.23860637843608856,0.3609454333782196,0.0026410368736833334,0.9997918605804443,0.23714356124401093,0.3599083721637726,0.0026455915067344904,0.9996716380119324,0.23537810146808624,0.3586568832397461,0.002584634581580758,0.9997829794883728,0.22546787559986115,0.35858064889907837,0.08567197620868683,0.9996604323387146,0.22351813316345215,0.35723769664764404,-0.043930474668741226,0.9996911883354187,0.23497959971427917,0.38088157773017883,0.04100831225514412,0.9994892477989197,0.23313193023204803,0.38030311465263367,0.00032856990583240986,0.9995679259300232,0.19037583470344543,0.40613043308258057,0.15805622935295105,0.9996948838233948,0.19015690684318542,0.402472585439682,-0.10669819265604019,0.9997740983963013,0.20868976414203644,0.46968042850494385,0.21524815261363983,0.19842523336410522,0.19983723759651184,0.4823707044124603,-0.12308808416128159,0.5670303106307983,0.2483450472354889,0.48069480061531067,0.19159753620624542,0.22692431509494781,0.24999436736106873,0.4885121285915375,-0.05781000107526779,0.49254101514816284,0.25966039299964905,0.4797757565975189,0.19350247085094452,0.24088332056999207,0.2617710828781128,0.4893993139266968,-0.06836516410112381,0.48053592443466187,0.2612677216529846,0.47242799401283264,0.18011225759983063,0.23279725015163422,0.2622475028038025,0.47552308440208435,-0.06535155326128006,0.4711771011352539,0.2556840181350708,0.4737333357334137,0.18381386995315552,0.23702910542488098,0.25645482540130615,0.47565358877182007,-0.05423843860626221,0.4279231131076813,0.16652141511440277,0.5348355174064636,0.08490163087844849,0.9999182224273682,0.1607249528169632,0.5378320217132568,-0.08501710742712021,0.9998024106025696,0.2516028583049774,0.5345274806022644,0.11507827043533325,0.6668446660041809,0.2213011234998703,0.5251734852790833,-0.04133199155330658,0.7925645112991333,0.26100295782089233,0.6433216333389282,0.12302833795547485,0.8408402800559998,0.19306732714176178,0.6184952855110168,0.03813736513257027,0.7776042819023132,0.24713215231895447,0.6687309741973877,0.12370284646749496,0.8556187152862549,0.1808968186378479,0.6338862180709839,0.0505550280213356,0.7901533842086792,0.29411348700523376,0.6600198149681091,0.0983901247382164,0.8560920357704163,0.21671514213085175,0.6400001049041748,0.04242967814207077,0.8374611139297485
17,0.2453223168849945,0.3736589252948761,0.024071836844086647,0.9997457265853882,0.24335797131061554,0.3630843162536621,0.04007328301668167,0.9998006820678711,0.24264851212501526,0.36240383982658386,0.039957012981176376,0.9997254014015198,0.24178588390350342,0.361611545085907,0.039845358580350876,0.9998434782028198,0.24217788875102997,0.3625449538230896,0.009932469576597214,0.9998019337654114,0.2407049685716629,0.36151278018951416,0.009916441515088081,0.9996864795684814,0.2389684021472931,0.3602835237979889,0.009852918796241283,0.9997919797897339,0.22949393093585968,0.3602462112903595,0.10197391360998154,0.9996708631515503,0.2273883819580078,0.35902687907218933,-0.029964137822389603,0.9997094869613647,0.23883143067359924,0.38244107365608215,0.048183608800172806,0.9995172023773193,0.2369764745235443,0.3819878399372101,0.008074849843978882,0.9995923638343811,0.1952434927225113,0.40633347630500793,0.1710100620985031,0.999703049659729,0.1917829066514969,0.40247809886932373,-0.09617260843515396,0.999789834022522,0.21258655190467834,0.47197821736335754,0.19286972284317017,0.18443457782268524,0.19811704754829407,0.4785444438457489,-0.11452625691890717,0.5725148916244507,0.25094926357269287,0.4781899154186249,0.1239982470870018,0.2233579009771347,0.2483106553554535,0.48664093017578125,-0.037188995629549026,0.5086089968681335,0.2624373435974121,0.4789769947528839,0.1194489374756813,0.2418915331363678,0.26176217198371887,0.4885318875312805,-0.04534309357404709,0.49677035212516785,0.2621574103832245,0.47095054388046265,0.10826997458934784,0.23475509881973267,0.26241829991340637,0.47473540902137756,-0.04350579157471657,0.4872168004512787,0.2571280598640442,0.4710298776626587,0.11596430838108063,0.23982083797454834,0.2563435435295105,0.47427937388420105,-0.03302678093314171,0.44053909182548523,0.17129968106746674,0.5342857241630554,0.08308432996273041,0.9999189972877502,0.16044098138809204,0.536578893661499,-0.08320102840662003,0.9998084306716919,0.2542113661766052,0.5349997282028198,0.0984523743391037,0.6681093573570251,0.20991119742393494,0.5241937041282654,-0.12989816069602966,0.7988266348838806,0.26119348406791687,0.6432186365127563,0.06985431909561157,0.8416648507118225,0.17069971561431885,0.6048675775527954,-0.07383902370929718,0.7790296077728271,0.2485712766647339,0.6688070893287659,0.06477335840463638,0.8558434844017029,0.15727272629737854,0.6160512566566467,-0.06616485863924026,0.784898579120636,0.2943071722984314,0.6600329875946045,0.0354144312441349,0.8544235825538635,0.18412017822265625,0.6329286098480225,-0.08437015116214752,0.8312928080558777
18,0.2481038123369217,0.37631654739379883,0.03507574647665024,0.9997682571411133,0.24630430340766907,0.3653898239135742,0.05147891491651535,0.9998180866241455,0.24553155899047852,0.36457619071006775,0.05137447640299797,0.9997492432594299,0.24465498328208923,0.3636552691459656,0.051285941153764725,0.9998568296432495,0.24526207149028778,0.3649026155471802,0.020945388823747635,0.9998188614845276,0.2438373565673828,0.36378213763237,0.020911088213324547,0.9997133612632751,0.24222581088542938,0.3625001907348633,0.020855797454714775,0.9998095035552979,0.23275020718574524,0.3617702126502991,0.1146242618560791,0.9996955394744873,0.2311830073595047,0.3608546555042267,-0.02218339778482914,0.9997356534004211,0.24118193984031677,0.38444823026657104,0.05965554714202881,0.9995589256286621,0.2394399344921112,0.38407617807388306,0.019230853766202927,0.9996286034584045,0.19914469122886658,0.4058806300163269,0.18247102200984955,0.9997252225875854,0.19670724868774414,0.4017597436904907,-0.09114397317171097,0.9998090267181396,0.2148660123348236,0.47298794984817505,0.1834944635629654,0.17485792934894562,0.19835245609283447,0.47719326615333557,-0.10906138271093369,0.5768979787826538,0.252855509519577,0.4784201681613922,0.09801559150218964,0.23249687254428864,0.24655380845069885,0.488717257976532,-0.024136606603860855,0.5262042880058289,0.2648438811302185,0.47976213693618774,0.09073181450366974,0.2555435299873352,0.2600777745246887,0.4914323091506958,-0.029782403260469437,0.5140275955200195,0.26450619101524353,0.4715288281440735,0.08137794584035873,0.24946114420890808,0.2608649432659149,0.47513899207115173,-0.029589662328362465,0.5047088861465454,0.25954705476760864,0.4714740216732025,0.09025253355503082,0.25393426418304443,0.2545676529407501,0.47704923152923584,-0.019979853183031082,0.4556819796562195,0.17340441048145294,0.5343074798583984,0.08198760449886322,0.9999240636825562,0.16093280911445618,0.5328662991523743,-0.08212203532457352,0.9998239874839783,0.25516071915626526,0.535297155380249,0.10884302854537964,0.6687240600585938,0.19797691702842712,0.515112042427063,-0.15904313325881958,0.8092081546783447,0.2615808844566345,0.6401075124740601,0.05804194137454033,0.8490473031997681,0.15632936358451843,0.5903695225715637,-0.1642760932445526,0.7928929328918457,0.250495970249176,0.6666402816772461,0.04932836443185806,0.8628750443458557,0.1436566412448883,0.6007585525512695,-0.16374877095222473,0.7951328754425049,0.29443836212158203,0.6589483022689819,0.016838882118463516,0.8616368770599365,0.1668960452079773,0.6212514638900757,-0.19542941451072693,0.8408122062683105
19,0.25097906589508057,0.3795677423477173,0.044532470405101776,0.9997886419296265,0.24983088672161102,0.36845502257347107,0.061304666101932526,0.999834418296814,0.24901871383190155,0.36754852533340454,0.06119968369603157,0.9997716546058655,0.2480914145708084,0.36654332280158997,0.06112484261393547,0.9998692274093628,0.24897460639476776,0.36788687109947205,0.03111998364329338,0.9998347759246826,0.24763751029968262,0.3666284382343292,0.03108425997197628,0.9997387528419495,0.2461160123348236,0.3652366101741791,0.0310450978577137,0.9998259544372559,0.2364707887172699,0.36372101306915283,0.12841802835464478,0.9997174143791199,0.2354734241962433,0.3628007173538208,-0.009053240530192852,0.9997596144676208,0.2431790828704834,0.3869759142398834,0.07043920457363129,0.9995981454849243,0.24171550571918488,0.3864220976829529,0.03012792393565178,0.9996626973152161,0.20430895686149597,0.4057341516017914,0.19014698266983032,0.9997461438179016,0.20142531394958496,0.3995930850505829,-0.07428392767906189,0.9998272657394409,0.21910595893859863,0.47312554717063904,0.16924475133419037,0.16763371229171753,0.2015458345413208,0.4747234880924225,-0.10651649534702301,0.575907826423645,0.2545030117034912,0.4787535071372986,0.05988407880067825,0.2526329457759857,0.24611982703208923,0.490434855222702,-0.03662795200943947,0.5351231098175049,0.26576849818229675,0.47980988025665283,0.047952719032764435,0.2802779972553253,0.25980719923973083,0.49264582991600037,-0.04525947570800781,0.5253134965896606,0.26615768671035767,0.47321370244026184,0.040248967707157135,0.274997740983963,0.25980570912361145,0.47824251651763916,-0.04478299990296364,0.5165849924087524,0.26118186116218567,0.4717126786708832,0.052372775971889496,0.2771173119544983,0.25393062829971313,0.48476341366767883,-0.03337056562304497,0.46423831582069397,0.17793652415275574,0.5340691208839417,0.0774000883102417,0.9999275803565979,0.16050061583518982,0.5276157855987549,-0.077461376786232,0.999840259552002,0.2561425566673279,0.5305737853050232,0.08601830899715424,0.6841144561767578,0.17802315950393677,0.49724867939949036,-0.2901824116706848,0.8251672387123108,0.2617467939853668,0.6391856670379639,0.03186870366334915,0.8581627607345581,0.14671996235847473,0.5826576352119446,-0.4129892885684967,0.8111184239387512,0.2516881823539734,0.6651132106781006,0.02196524664759636,0.8711888194084167,0.1369434893131256,0.5997860431671143,-0.4259149134159088,0.8110235929489136,0.294173926115036,0.6573593616485596,-0.024353615939617157,0.870090126991272,0.15510892868041992,0.6021624207496643,-0.498145192861557,0.8548259139060974
20,0.25552868843078613,0.38330280780792236,0.04306352138519287,0.9998061060905457,0.25475725531578064,0.3723413646221161,0.05810142681002617,0.9998478889465332,0.25399067997932434,0.3714030981063843,0.05800158530473709,0.9997906684875488,0.25312286615371704,0.3704351782798767,0.05792256072163582,0.9998795390129089,0.25398075580596924,0.371871680021286,0.028792694211006165,0.9998476505279541,0.2527443766593933,0.3706430494785309,0.028761297464370728,0.9997598528862,0.25132638216018677,0.369350790977478,0.02871270850300789,0.9998394250869751,0.24192258715629578,0.3672578036785126,0.11806074529886246,0.999735414981842,0.24067898094654083,0.36651718616485596,-0.014565336517989635,0.9997801780700684,0.24743354320526123,0.38996878266334534,0.06660712510347366,0.9996283650398254,0.2462957352399826,0.38947874307632446,0.027815882116556168,0.9996891617774963,0.20876941084861755,0.4057154953479767,0.18196938931941986,0.9997577667236328,0.2085534632205963,0.4001055955886841,-0.0799701064825058,0.9998427033424377,0.22114169597625732,0.47324034571647644,0.1606864333152771,0.15760013461112976,0.20992963016033173,0.4758364260196686,-0.09519857168197632,0.5848249197006226,0.2569938004016876,0.4788335859775543,0.05984223634004593,0.2504875659942627,0.2513757646083832,0.4914029538631439,0.001291584107093513,0.5494979619979858,0.2673638164997101,0.48020419478416443,0.04908398538827896,0.28211337327957153,0.26103851199150085,0.49394041299819946,-0.0013276487588882446,0.5393659472465515,0.26705971360206604,0.47469645738601685,0.041832972317934036,0.27792710065841675,0.26114392280578613,0.47953781485557556,-0.00253358855843544,0.530832827091217,0.26301485300064087,0.4733109772205353,0.05215166136622429,0.2802475690841675,0.25528544187545776,0.4846654236316681,0.0051721492782235146,0.47662121057510376,0.18125079572200775,0.532028317451477,0.07645107805728912,0.9999287724494934,0.16579101979732513,0.528070330619812,-0.0765063464641571,0.999852180480957,0.25686436891555786,0.5305440425872803,0.08653769642114639,0.6897743940353394,0.19195571541786194,0.5032853484153748,-0.19270919263362885,0.838593602180481,0.2619549632072449,0.6379415988922119,0.04183690622448921,0.8647086024284363,0.16052766144275665,0.5953099131584167,-0.2199695110321045,0.8263019919395447,0.25328922271728516,0.6617359519004822,0.03397576883435249,0.8760172724723816,0.1492098867893219,0.6111822724342346,-0.22246810793876648,0.822551965713501,0.29412856698036194,0.6535701751708984,-0.0012175911106169224,0.8765127658843994,0.1754186451435089,0.6160080432891846,-0.2677758038043976,0.8654482364654541
21,0.26173579692840576,0.38766664266586304,0.040065083652734756,0.9998157620429993,0.26097920536994934,0.37642109394073486,0.05532152205705643,0.9998550415039062,0.26021984219551086,0.3755253255367279,0.05520443990826607,0.9998014569282532,0.25935548543930054,0.3746168315410614,0.05510443449020386,0.999884307384491,0.2601378560066223,0.3760223090648651,0.02673063613474369,0.999853789806366,0.25885483622550964,0.37486350536346436,0.026708299294114113,0.9997710585594177,0.2573869228363037,0.3736404776573181,0.026655718684196472,0.9998458027839661,0.24767489731311798,0.3715415298938751,0.11697818338871002,0.9997377395629883,0.24649515748023987,0.3707618713378906,-0.020473722368478775,0.999793529510498,0.2529342472553253,0.3942897617816925,0.06378720700740814,0.9996414184570312,0.2520081102848053,0.3939897119998932,0.026027586311101913,0.9997013211250305,0.21359482407569885,0.4062234163284302,0.17902779579162598,0.999756395816803,0.2120920717716217,0.4019811451435089,-0.08576375246047974,0.9998555779457092,0.22168180346488953,0.4734359383583069,0.17191073298454285,0.1462026834487915,0.2174147367477417,0.4787665009498596,-0.09972656518220901,0.5931191444396973,0.2572113573551178,0.4798070192337036,0.094323068857193,0.24092911183834076,0.2536170184612274,0.49187713861465454,-0.006539981812238693,0.5636919140815735,0.2671891152858734,0.48156246542930603,0.08775980770587921,0.2753171920776367,0.2641873359680176,0.49468517303466797,-0.009999296627938747,0.5527486801147461,0.2672632336616516,0.47723013162612915,0.07813332974910736,0.2719058394432068,0.2633289396762848,0.48121020197868347,-0.011004532687366009,0.5443786978721619,0.263242244720459,0.4756035804748535,0.08644481748342514,0.27453649044036865,0.25773951411247253,0.484748512506485,-0.0028281223494559526,0.48795729875564575,0.18408863246440887,0.5317819714546204,0.07594681531190872,0.9999247193336487,0.16590584814548492,0.5280559659004211,-0.07597587257623672,0.9998602271080017,0.2583274245262146,0.5300489068031311,0.06411294639110565,0.6988505721092224,0.19247624278068542,0.5070911049842834,-0.1988651156425476,0.8501835465431213,0.2620421051979065,0.6382243037223816,0.017940960824489594,0.8706316351890564,0.16153539717197418,0.6001135110855103,-0.21944312751293182,0.839076578617096,0.25369569659233093,0.6614989042282104,0.009784444235265255,0.8804441094398499,0.15067268908023834,0.6160157322883606,-0.2215619832277298,0.8315710425376892,0.29420197010040283,0.6537207961082458,-0.028325611725449562,0.8820759057998657,0.1745508462190628,0.6186063885688782,-0.26924967765808105,0.8740906715393066
22,0.26713332533836365,0.3918370008468628,0.03479817509651184,0.9998102784156799,0.26661166548728943,0.3805982768535614,0.04721198230981827,0.9998485445976257,0.2658514678478241,0.3796468675136566,0.04712642729282379,0.999795138835907,0.2649717926979065,0.37864944338798523,0.047031596302986145,0.9998781681060791,0.26583677530288696,0.3804836869239807,0.017996739596128464,0.9998474717140198,0.2645857632160187,0.37949609756469727,0.017981601879000664,0.9997643232345581,0.26314640045166016,0.3784223794937134,0.017910698428750038,0.9998404383659363,0.2534261643886566,0.37529468536376953,0.09682777523994446,0.9997155666351318,0.25226300954818726,0.3752736747264862,-0.03675562143325806,0.9997906684875488,0.25805360078811646,0.3980981111526489,0.0548916831612587,0.9996132254600525,0.2571353316307068,0.39811766147613525,0.016393518075346947,0.999674916267395,0.21924225986003876,0.4065869450569153,0.1682189553976059,0.9997193813323975,0.2169456034898758,0.406656414270401,-0.10494518280029297,0.9998610615730286,0.22133855521678925,0.4730755388736725,0.23243817687034607,0.1351979821920395,0.2199055403470993,0.4866237938404083,-0.10080983489751816,0.6076599955558777,0.2572934031486511,0.47995778918266296,0.24074852466583252,0.2286868393421173,0.2543275058269501,0.4924079179763794,0.0030155698768794537,0.5795772075653076,0.2676461935043335,0.4836440980434418,0.2478150576353073,0.2631426155567169,0.2655785381793976,0.494827002286911,0.00040424917824566364,0.5666109919548035,0.2675322890281677,0.47875815629959106,0.2338864803314209,0.26041361689567566,0.2651246190071106,0.4823687672615051,-0.00036741196527145803,0.5583217740058899,0.2638893723487854,0.4770304262638092,0.2333371937274933,0.26351284980773926,0.2608242332935333,0.48456719517707825,0.006800881586968899,0.49998289346694946,0.1855228841304779,0.5286306142807007,0.07622411102056503,0.9998980760574341,0.1668129563331604,0.5277757048606873,-0.07632511109113693,0.9998465180397034,0.25944605469703674,0.5298324227333069,0.011718238703906536,0.7107803821563721,0.19570264220237732,0.520976185798645,-0.1937362402677536,0.8593538403511047,0.2620711922645569,0.6384941935539246,-0.018962407484650612,0.8732599020004272,0.16299964487552643,0.6060088276863098,-0.16865649819374084,0.8463380336761475,0.25368133187294006,0.6612692475318909,-0.02546175941824913,0.8818732500076294,0.15175165235996246,0.6187480688095093,-0.16622373461723328,0.8344643115997314,0.29378873109817505,0.6538221836090088,-0.06623287498950958,0.8840667605400085,0.17628756165504456,0.6310549974441528,-0.20751361548900604,0.8767251372337341
23,0.27313435077667236,0.39680880308151245,0.0045873848721385,0.9998019933700562,0.27259546518325806,0.384891539812088,0.01263891439884901,0.9998437166213989,0.2718107998371124,0.3838759958744049,0.012575809843838215,0.9997909069061279,0.2708914279937744,0.38280245661735535,0.012489035725593567,0.9998738765716553,0.27187037467956543,0.3851971924304962,-0.015879075974225998,0.9998422265052795,0.27063387632369995,0.3844852149486542,-0.01590554416179657,0.9997600317001343,0.26921743154525757,0.3836961090564728,-0.01596696488559246,0.999838650226593,0.25908249616622925,0.3793462812900543,0.05228002741932869,0.9997067451477051,0.2584257423877716,0.3805404007434845,-0.07641015946865082,0.9997851252555847,0.26499229669570923,0.4025641977787018,0.02240074798464775,0.9995941519737244,0.2642272412776947,0.4030085504055023,-0.015134754590690136,0.9996502995491028,0.22255262732505798,0.40662500262260437,0.13212648034095764,0.9996644854545593,0.2256050556898117,0.41350042819976807,-0.1369592547416687,0.9998594522476196,0.224814772605896,0.46897321939468384,0.2348407804965973,0.12467911839485168,0.2283368855714798,0.4973047375679016,-0.11566910892724991,0.6293135285377502,0.2574874758720398,0.48005786538124084,0.27029648423194885,0.2144976705312729,0.25955870747566223,0.4923304617404938,0.007058434188365936,0.5987638235092163,0.2679179310798645,0.4827292263507843,0.28398600220680237,0.24860845506191254,0.26933497190475464,0.49512404203414917,0.007285980973392725,0.5836635231971741,0.2682083547115326,0.47909438610076904,0.27017849683761597,0.24666152894496918,0.26828476786613464,0.4831918776035309,0.005612608045339584,0.5761381387710571,0.264349102973938,0.4771776795387268,0.26412147283554077,0.2506473660469055,0.26404255628585815,0.4839627146720886,0.010782783851027489,0.5168421864509583,0.1846672147512436,0.5246196985244751,0.07752610743045807,0.999878466129303,0.17013773322105408,0.5276949405670166,-0.07748161256313324,0.9998363852500916,0.2599908709526062,0.5259873867034912,0.03409566730260849,0.7005435228347778,0.21883495151996613,0.5323196649551392,-0.1674327254295349,0.8659094572067261,0.2622445225715637,0.6354920268058777,0.024177920073270798,0.8641353845596313,0.20985910296440125,0.6302015781402588,-0.09038438647985458,0.8509601950645447,0.25367653369903564,0.6604588031768799,0.02009941264986992,0.8708096742630005,0.20099322497844696,0.6459880471229553,-0.08235267549753189,0.8338776230812073,0.29273921251296997,0.6492320895195007,-0.01462287176400423,0.8780915141105652,0.23805637657642365,0.6540780663490295,-0.11086855083703995,0.8768746852874756
24,0.280214786529541,0.400847464799881,0.004607606213539839,0.9997670650482178,0.2800351083278656,0.3883165121078491,0.011164980009198189,0.9998258352279663,0.2792653441429138,0.38720959424972534,0.011097867041826248,0.9997727274894714,0.2783729135990143,0.38604608178138733,0.011018694378435612,0.999858021736145,0.2794461250305176,0.3890676498413086,-0.016231507062911987,0.9998225569725037,0.2783125638961792,0.3885950446128845,-0.016257211565971375,0.9997346997261047,0.2770143151283264,0.3880406320095062,-0.016305863857269287,0.9998224377632141,0.2663998603820801,0.38281625509262085,0.044662293046712875,0.9996709227561951,0.2658373713493347,0.3851495087146759,-0.07840398699045181,0.999763011932373,0.27251875400543213,0.4068184494972229,0.02041945792734623,0.9995537996292114,0.27194374799728394,0.4075256884098053,-0.01554600428789854,0.9995965361595154,0.22749316692352295,0.4066780209541321,0.11948766559362411,0.9996172785758972,0.23213236033916473,0.4237980544567108,-0.13473910093307495,0.9998529553413391,0.22740042209625244,0.4612261950969696,0.2214704006910324,0.11467814445495605,0.2363077700138092,0.5036868453025818,-0.09499762207269669,0.6376463770866394,0.26083478331565857,0.4780851900577545,0.25177186727523804,0.19878165423870087,0.26390641927719116,0.49240848422050476,0.0690922960639,0.5936083197593689,0.2675164043903351,0.48277658224105835,0.26185762882232666,0.23175756633281708,0.27305343747138977,0.495786190032959,0.07603238523006439,0.5797715783119202,0.2681249976158142,0.47902563214302063,0.2492939531803131,0.2303304672241211,0.27113285660743713,0.4836316704750061,0.0732458084821701,0.5725568532943726,0.264140784740448,0.4768262207508087,0.2457037717103958,0.2345074713230133,0.26836076378822327,0.48398903012275696,0.07344719022512436,0.5131182670593262,0.18542490899562836,0.5232812166213989,0.07700791954994202,0.9998340010643005,0.17108497023582458,0.5277523994445801,-0.07692163437604904,0.9998182058334351,0.2608192563056946,0.5191319584846497,0.024953853338956833,0.6912926435470581,0.2171694040298462,0.5321431756019592,-0.17311109602451324,0.8716846108436584,0.26254451274871826,0.6352392435073853,0.015614122152328491,0.8583725094795227,0.20819735527038574,0.6359070539474487,-0.13446389138698578,0.8567574620246887,0.25390273332595825,0.6608163118362427,0.012350823730230331,0.8616348505020142,0.20021787285804749,0.653243899345398,-0.1299871951341629,0.8336998820304871,0.2921493351459503,0.6501239538192749,-0.026134202256798744,0.8750355839729309,0.23434443771839142,0.6598179936408997,-0.1749032437801361,0.8796056509017944
25,0.2868194580078125,0.4056491553783417,0.005296335555613041,0.9997663497924805,0.28711608052253723,0.39288341999053955,0.011527122929692268,0.9998290538787842,0.2864862084388733,0.39177405834198,0.011468109674751759,0.9997785687446594,0.2857471704483032,0.390579491853714,0.011392166838049889,0.9998595118522644,0.28634315729141235,0.3937734067440033,-0.01565726101398468,0.9998245239257812,0.28517454862594604,0.39338070154190063,-0.01568855158984661,0.9997405409812927,0.28382575511932373,0.39287859201431274,-0.015729229897260666,0.9998270273208618,0.27387991547584534,0.38727477192878723,0.04576922953128815,0.9996768832206726,0.2724851965904236,0.38986891508102417,-0.07666873186826706,0.9997685551643372,0.27952930331230164,0.41181567311286926,0.0212586410343647,0.9995675086975098,0.2784826159477234,0.4126885235309601,-0.014468008652329445,0.9996060132980347,0.23564335703849792,0.40759164094924927,0.12310510873794556,0.9995844960212708,0.23957982659339905,0.4233033359050751,-0.1346263587474823,0.9998519420623779,0.23535513877868652,0.4601598083972931,0.22620674967765808,0.10602380335330963,0.23979270458221436,0.5044004917144775,-0.09831047058105469,0.6530265808105469,0.26693883538246155,0.47748661041259766,0.2543744444847107,0.1842103898525238,0.26573634147644043,0.4934738278388977,0.05489955097436905,0.5929630398750305,0.27051132917404175,0.48224014043807983,0.2643529772758484,0.21622547507286072,0.27413636445999146,0.49673667550086975,0.058910757303237915,0.5794805288314819,0.2699466645717621,0.47924014925956726,0.2504081726074219,0.21525661647319794,0.27296820282936096,0.4849654734134674,0.05592017620801926,0.5726764798164368,0.26578548550605774,0.47684356570243835,0.24759897589683533,0.21994520723819733,0.26911064982414246,0.48417961597442627,0.058812230825424194,0.5139237642288208,0.186222106218338,0.522624135017395,0.07838661968708038,0.9998133182525635,0.17477309703826904,0.5279606580734253,-0.07822311669588089,0.9998151063919067,0.26174241304397583,0.5181514024734497,0.040720995515584946,0.6839818954467773,0.251387357711792,0.5304687023162842,-0.16816747188568115,0.8818429112434387,0.2625608444213867,0.6348505616188049,0.07375402003526688,0.8545991778373718,0.2479231357574463,0.6429911851882935,-0.1315988004207611,0.8669843673706055,0.2538239657878876,0.6604112386703491,0.07367794215679169,0.8538787961006165,0.24057123064994812,0.6612752079963684,-0.12664762139320374,0.8417410254478455,0.29053574800491333,0.6502344012260437,0.04578113183379173,0.8729743957519531,0.286729633808136,0.6551191806793213,-0.16083380579948425,0.8866541385650635
26,0.2939116358757019,0.4082656502723694,0.03349731117486954,0.9997802376747131,0.29386478662490845,0.39640888571739197,0.04192391782999039,0.9998394846916199,0.2932758927345276,0.39537858963012695,0.04186142235994339,0.9997930526733398,0.2925652265548706,0.3942468762397766,0.04179174825549126,0.999867856502533,0.2927667498588562,0.3970585763454437,0.01445981115102768,0.9998350739479065,0.29140815138816833,0.3965849280357361,0.014429688453674316,0.9997571706771851,0.2899028956890106,0.39600107073783875,0.01435517705976963,0.999838650226593,0.2808312177658081,0.39107388257980347,0.07802680134773254,0.9996947646141052,0.27873101830482483,0.3932322859764099,-0.044851116836071014,0.999786376953125,0.28646141290664673,0.41502097249031067,0.049716442823410034,0.9995929002761841,0.28483831882476807,0.4155224859714508,0.01360685657709837,0.9996278882026672,0.24441900849342346,0.4125206768512726,0.14894181489944458,0.9995695352554321,0.2442314177751541,0.42314207553863525,-0.11209720373153687,0.9998595118522644,0.2437673807144165,0.46706390380859375,0.22218656539916992,0.09806182980537415,0.24108180403709412,0.503134548664093,-0.08546100556850433,0.6592017412185669,0.27094390988349915,0.47830304503440857,0.2191484272480011,0.1711546778678894,0.2733597755432129,0.5017793774604797,0.06110237166285515,0.5831693410873413,0.2731861174106598,0.48342639207839966,0.2232694923877716,0.20164921879768372,0.2809738516807556,0.5080315470695496,0.06449209153652191,0.5696988105773926,0.2730301022529602,0.47912076115608215,0.21372227370738983,0.2009918987751007,0.2753455936908722,0.49312910437583923,0.06225373223423958,0.5626585483551025,0.2691049575805664,0.4798429310321808,0.21301427483558655,0.20570246875286102,0.27065762877464294,0.4903777539730072,0.0653553381562233,0.5052734613418579,0.19032180309295654,0.5231387615203857,0.075181744992733,0.9997754693031311,0.17529192566871643,0.5279613733291626,-0.07499515265226364,0.9998176097869873,0.2637186348438263,0.519853413105011,0.041956156492233276,0.6887397170066833,0.22261254489421844,0.5247889757156372,-0.22639814019203186,0.8916726112365723,0.26268917322158813,0.634868323802948,0.042196497321128845,0.856566309928894,0.22726638615131378,0.6368752121925354,-0.2268022745847702,0.8761112689971924,0.25416299700737,0.6604943871498108,0.03827805072069168,0.8523634076118469,0.21406297385692596,0.6538473963737488,-0.2270476520061493,0.8492198586463928,0.2907218039035797,0.651117742061615,-0.0001178090606117621,0.8749480247497559,0.252483606338501,0.655178964138031,-0.27538591623306274,0.8932990431785583
27,0.30045586824417114,0.40993812680244446,0.030651327222585678,0.9997761249542236,0.2999025285243988,0.398454487323761,0.03874669969081879,0.9998377561569214,0.299332857131958,0.3974384665489197,0.03870190307497978,0.9997929334640503,0.29867270588874817,0.39637190103530884,0.03862788528203964,0.999866247177124,0.29859811067581177,0.39940235018730164,0.01070488803088665,0.9998340010643005,0.29711565375328064,0.39909717440605164,0.010686283931136131,0.9997578859329224,0.2954709231853485,0.3987216055393219,0.010587738826870918,0.9998411536216736,0.28654611110687256,0.3939777612686157,0.06441979855298996,0.9997002482414246,0.28447258472442627,0.39676764607429504,-0.061905551701784134,0.9997906684875488,0.29292458295822144,0.41655150055885315,0.04688119515776634,0.9996005296707153,0.29101723432540894,0.4170351028442383,0.010487638413906097,0.9996287226676941,0.25004541873931885,0.4138091504573822,0.14382623136043549,0.9995455145835876,0.2503540813922882,0.4303905665874481,-0.13096702098846436,0.9998632073402405,0.24808469414710999,0.4678112268447876,0.24690453708171844,0.09031811356544495,0.24247696995735168,0.5076353549957275,-0.1119919866323471,0.6742407083511353,0.27240678668022156,0.4862839877605438,0.2719127833843231,0.15735864639282227,0.2718924582004547,0.5074073672294617,0.031011169776320457,0.5857204794883728,0.2745819687843323,0.4929923713207245,0.2810453772544861,0.18608693778514862,0.280217707157135,0.5131664872169495,0.02728552184998989,0.5710409283638,0.27522099018096924,0.4850568473339081,0.26877540349960327,0.1857108622789383,0.27837273478507996,0.5016599297523499,0.02124590054154396,0.5636383295059204,0.276725172996521,0.48764756321907043,0.2657387852668762,0.19067834317684174,0.2735619843006134,0.4970013201236725,0.03277326375246048,0.5049338936805725,0.18960493803024292,0.52327960729599,0.08107928186655045,0.9997584223747253,0.17791752517223358,0.52862948179245,-0.08094756305217743,0.9998207688331604,0.2640151381492615,0.521135151386261,0.12246303260326385,0.6701363325119019,0.2508177161216736,0.5281942486763,-0.13268129527568817,0.8994138836860657,0.2630143165588379,0.6346912980079651,0.18889634311199188,0.8461276888847351,0.23614315688610077,0.6449725031852722,-0.0587041862308979,0.8831808567047119,0.25440365076065063,0.6601430773735046,0.1936827301979065,0.8388533592224121,0.22684094309806824,0.6617215871810913,-0.05033625289797783,0.8525679111480713,0.29076382517814636,0.6496933698654175,0.17042891681194305,0.8672429919242859,0.287666380405426,0.6580087542533875,-0.0796566903591156,0.8973439931869507
28,0.3057883679866791,0.4149527847766876,0.03046579100191593,0.9997885227203369,0.30578726530075073,0.4033118486404419,0.03522101789712906,0.9998462796211243,0.3050927519798279,0.4022502601146698,0.03518111631274223,0.9998040795326233,0.3042530417442322,0.40109312534332275,0.0351264588534832,0.9998722672462463,0.30473771691322327,0.4039417505264282,0.006341157015413046,0.999843418598175,0.30332839488983154,0.40340036153793335,0.0063198646530508995,0.9997723698616028,0.301748126745224,0.4027732312679291,0.00623076967895031,0.9998515248298645,0.29128116369247437,0.3973713517189026,0.06517499685287476,0.999715268611908,0.2903746962547302,0.39955779910087585,-0.0644960030913353,0.9998043775558472,0.29706069827079773,0.4206908345222473,0.04465571790933609,0.999626636505127,0.29559004306793213,0.4207564890384674,0.0069929733872413635,0.9996522665023804,0.25259464979171753,0.417351633310318,0.14483433961868286,0.9995540380477905,0.2546015679836273,0.42907729744911194,-0.13472546637058258,0.9998741745948792,0.25155752897262573,0.4749467968940735,0.24035628139972687,0.08363774418830872,0.24563086032867432,0.5080320835113525,-0.11672793328762054,0.6858345866203308,0.27566957473754883,0.48788750171661377,0.24870702624320984,0.14517395198345184,0.27888256311416626,0.5134914517402649,0.026685606688261032,0.584398090839386,0.2761839032173157,0.4929591417312622,0.2546728551387787,0.17222662270069122,0.28021031618118286,0.5155932903289795,0.024817217141389847,0.5695129036903381,0.2824220061302185,0.4863382577896118,0.2457611858844757,0.17203958332538605,0.27973461151123047,0.5060814619064331,0.01291634701192379,0.5619743466377258,0.2813911437988281,0.48719552159309387,0.2433110475540161,0.17727196216583252,0.2750459313392639,0.5006284117698669,0.02618507109582424,0.5038596391677856,0.1918187290430069,0.5236427783966064,0.08573777973651886,0.9997504949569702,0.17708894610404968,0.5286888480186462,-0.08565111458301544,0.9998335838317871,0.2637377083301544,0.5175836682319641,0.1472567766904831,0.6386829614639282,0.2513369023799896,0.527863621711731,-0.1827877014875412,0.9063738584518433,0.26365092396736145,0.6326864361763,0.21202385425567627,0.8278493285179138,0.22565217316150665,0.6548411250114441,-0.11766614764928818,0.8898509740829468,0.25591033697128296,0.6572901606559753,0.21697616577148438,0.8209269642829895,0.2145964354276657,0.6727975010871887,-0.10714540630578995,0.8579911589622498,0.2909298539161682,0.6449378728866577,0.19935157895088196,0.853728175163269,0.26295411586761475,0.6838935613632202,-0.13637568056583405,0.9018449187278748
29,0.3084603548049927,0.41952991485595703,0.010808289982378483,0.9997876286506653,0.3089256286621094,0.40756067633628845,0.017091119661927223,0.9998468160629272,0.3083842098712921,0.4064055383205414,0.017050813883543015,0.999804675579071,0.3077245354652405,0.40509650111198425,0.017003288492560387,0.9998692274093628,0.30795449018478394,0.40786680579185486,-0.01318375300616026,0.999844491481781,0.3068119287490845,0.4070366621017456,-0.013227907940745354,0.9997764229774475,0.30555933713912964,0.4061000645160675,-0.013273879885673523,0.9998553991317749,0.29665976762771606,0.39988455176353455,0.05405883863568306,0.9997139573097229,0.2957581579685211,0.40174156427383423,-0.08230084180831909,0.9998114109039307,0.29992493987083435,0.4244146943092346,0.027847105637192726,0.9996423721313477,0.2984134554862976,0.4242260158061981,-0.011895444244146347,0.999668538570404,0.2554391920566559,0.41691526770591736,0.1417045295238495,0.9995517730712891,0.25783318281173706,0.4289337992668152,-0.15263548493385315,0.9998831748962402,0.2554074823856354,0.47658130526542664,0.2335774004459381,0.07838467508554459,0.25012725591659546,0.5095760226249695,-0.11996175348758698,0.7031158804893494,0.2781953811645508,0.4872191846370697,0.2155776470899582,0.1347193717956543,0.27505216002464294,0.5132638216018677,0.045583050698041916,0.5857686996459961,0.27713602781295776,0.4888436496257782,0.2151278257369995,0.1604628711938858,0.281100332736969,0.518312931060791,0.049134764820337296,0.5689986944198608,0.27984780073165894,0.4857166111469269,0.20710989832878113,0.16052743792533875,0.2806004285812378,0.5070423483848572,0.04246854409575462,0.5622573494911194,0.2781101167201996,0.48701515793800354,0.20930059254169464,0.16594642400741577,0.2770455777645111,0.5035927891731262,0.048738993704319,0.5064792037010193,0.19272573292255402,0.5242222547531128,0.09265943616628647,0.9997272491455078,0.17936289310455322,0.5284520387649536,-0.0925547406077385,0.9998400807380676,0.2640376389026642,0.5185091495513916,0.16918547451496124,0.6090210676193237,0.26149314641952515,0.5303848385810852,-0.18134668469429016,0.9122008085250854,0.2637460231781006,0.631138026714325,0.2458305060863495,0.8034465909004211,0.24790439009666443,0.6567268967628479,-0.12256662547588348,0.8961613178253174,0.2561752498149872,0.6553763151168823,0.2520841360092163,0.7988576292991638,0.2508978247642517,0.6704311966896057,-0.11544795334339142,0.863487184047699,0.2910363972187042,0.6456802487373352,0.2377614974975586,0.8368648290634155,0.29068300127983093,0.6829580664634705,-0.14796216785907745,0.9066141247749329
30,0.3104822337627411,0.4230366051197052,0.0008099966798909009,0.9997979402542114,0.3114081025123596,0.41070735454559326,0.008175860159099102,0.9998558759689331,0.310907781124115,0.4093618392944336,0.008134163916110992,0.9998162388801575,0.3103001117706299,0.40782037377357483,0.008099750615656376,0.9998751282691956,0.31071633100509644,0.41089487075805664,-0.02263534441590309,0.9998530745506287,0.3097863495349884,0.40982386469841003,-0.02268332615494728,0.9997900128364563,0.30874836444854736,0.4086173176765442,-0.022700123488903046,0.9998643398284912,0.3005625009536743,0.400973379611969,0.05122102051973343,0.9997290372848511,0.29988735914230347,0.4028862714767456,-0.08776234090328217,0.9998248815536499,0.3018556833267212,0.4271077513694763,0.020313264802098274,0.9996695518493652,0.3007116913795471,0.4267273247241974,-0.02014165371656418,0.999694287776947,0.258027583360672,0.4167129397392273,0.139449805021286,0.9995661973953247,0.2617592215538025,0.4282994270324707,-0.15791010856628418,0.9998928904533386,0.25621646642684937,0.4834946095943451,0.17457154393196106,0.07407361268997192,0.25356239080429077,0.5129219889640808,-0.11795838922262192,0.72263503074646,0.2750180959701538,0.4889463186264038,0.09531162679195404,0.12681016325950623,0.2741376757621765,0.5120142102241516,0.06540334224700928,0.5951566696166992,0.27853432297706604,0.4930189549922943,0.08586419373750687,0.15230555832386017,0.2816031277179718,0.5175796151161194,0.07023976743221283,0.5767219066619873,0.27973824739456177,0.4861162602901459,0.07802160084247589,0.15288905799388885,0.2820113003253937,0.5073021054267883,0.06294302642345428,0.5712673664093018,0.2777244448661804,0.48635777831077576,0.08740440011024475,0.15865761041641235,0.2777352035045624,0.5027934312820435,0.06896551698446274,0.518457293510437,0.19199267029762268,0.5237367153167725,0.0939377099275589,0.9997226595878601,0.18055079877376556,0.5274547934532166,-0.09381980448961258,0.9998487234115601,0.26526641845703125,0.5166036486625671,0.17354822158813477,0.5846951603889465,0.25332751870155334,0.5329172611236572,-0.16927790641784668,0.9188727736473083,0.2641150653362274,0.6311042308807373,0.24978868663311005,0.7838519811630249,0.2567180097103119,0.6553930044174194,-0.12207566201686859,0.9034043550491333,0.25612685084342957,0.6550113558769226,0.2562980055809021,0.7804070711135864,0.2544589638710022,0.6677442193031311,-0.11621890217065811,0.8706746101379395,0.2910841107368469,0.6451132297515869,0.24315981566905975,0.823612630367279,0.29407691955566406,0.6762548089027405,-0.15030202269554138,0.9123913049697876
31,0.3138256371021271,0.42165669798851013,-0.005215310491621494,0.999798059463501,0.3149569630622864,0.4089856743812561,0.0025064442306756973,0.9998605251312256,0.31430867314338684,0.40772393345832825,0.0024547262582927942,0.9998233318328857,0.3135736882686615,0.4063071012496948,0.0024200447369366884,0.9998767971992493,0.31436488032341003,0.409219890832901,-0.028674086555838585,0.9998567700386047,0.31333300471305847,0.4082269072532654,-0.02874826453626156,0.9997984766960144,0.31222623586654663,0.4071113169193268,-0.028767982497811317,0.9998689293861389,0.3032776117324829,0.4001777470111847,0.047160156071186066,0.9997381567955017,0.30268925428390503,0.4019840955734253,-0.09325742721557617,0.9998352527618408,0.30518993735313416,0.42599958181381226,0.014914015308022499,0.9996876120567322,0.30421358346939087,0.42572182416915894,-0.025857215747237206,0.9997130036354065,0.2615030109882355,0.41666558384895325,0.13531211018562317,0.9995699524879456,0.26527994871139526,0.42750972509384155,-0.16372159123420715,0.9999002814292908,0.25437337160110474,0.48453229665756226,0.1559496968984604,0.06997000426054001,0.25322994589805603,0.5124022960662842,-0.12188874185085297,0.7380031943321228,0.2735174298286438,0.48957735300064087,0.06346170604228973,0.11936816573143005,0.2734343111515045,0.5113007426261902,0.0639091283082962,0.5975453853607178,0.2785782217979431,0.49523812532424927,0.05152178928256035,0.14446121454238892,0.28147515654563904,0.5174053907394409,0.06828724592924118,0.577571451663971,0.2805265784263611,0.4883410632610321,0.042790912091732025,0.1456187665462494,0.2828020453453064,0.5073325037956238,0.06128496676683426,0.5733596682548523,0.27833032608032227,0.4872625470161438,0.054544467478990555,0.15161608159542084,0.2783500552177429,0.5027013421058655,0.06759817898273468,0.5232511758804321,0.1911861002445221,0.5232663750648499,0.09444652497768402,0.9997293949127197,0.18447761237621307,0.5268514752388,-0.09434352070093155,0.9998568892478943,0.2657095193862915,0.5163199305534363,0.1983925849199295,0.5568690299987793,0.26883596181869507,0.5276522040367126,-0.1330801546573639,0.9248433709144592,0.2643221914768219,0.6251261830329895,0.29820507764816284,0.7589616179466248,0.26455846428871155,0.6469224095344543,-0.06245117262005806,0.9093905687332153,0.2560921311378479,0.6527940630912781,0.3068549931049347,0.7544713616371155,0.2557060122489929,0.664682149887085,-0.054250963032245636,0.8759665489196777,0.2911533713340759,0.6435128450393677,0.2924584150314331,0.8071582317352295,0.2956569790840149,0.6718692779541016,-0.08636192232370377,0.917251467704773
32,0.3181082308292389,0.4200460612773895,-0.019064879044890404,0.9997887015342712,0.3188491463661194,0.407340943813324,-0.010364308021962643,0.9998588562011719,0.31806454062461853,0.40618669986724854,-0.010413669981062412,0.9998235106468201,0.3171866536140442,0.4049105942249298,-0.010445659048855305,0.9998720288276672,0.3182689845561981,0.4075303077697754,-0.04216223210096359,0.9998537302017212,0.31712234020233154,0.40659478306770325,-0.04223664477467537,0.9997993111610413,0.315884530544281,0.40554505586624146,-0.04225840047001839,0.9998680353164673,0.30641764402389526,0.3992689549922943,0.03775909170508385,0.9997381567955017,0.30567166209220886,0.4007655680179596,-0.10536155849695206,0.9998413324356079,0.3098404109477997,0.42478877305984497,0.0020831278525292873,0.9996952414512634,0.30916476249694824,0.42474162578582764,-0.03939438611268997,0.9997237920761108,0.26592323184013367,0.41637149453163147,0.12886038422584534,0.9995718598365784,0.26796966791152954,0.42712658643722534,-0.17702458798885345,0.9999058246612549,0.25560295581817627,0.48623546957969666,0.1543029397726059,0.06618998199701309,0.25318560004234314,0.5109670758247375,-0.14326797425746918,0.750133216381073,0.2779718041419983,0.500015914440155,0.0644124373793602,0.11193906515836716,0.27318668365478516,0.5121800303459167,0.045874904841184616,0.5983561873435974,0.28127774596214294,0.5018601417541504,0.053271353244781494,0.13619773089885712,0.28154537081718445,0.5189183354377747,0.04724797606468201,0.5763728618621826,0.28265121579170227,0.49841785430908203,0.0419999323785305,0.13781841099262238,0.28339824080467224,0.5099572539329529,0.03911501541733742,0.5729057192802429,0.27910926938056946,0.49390503764152527,0.054301194846630096,0.1439124345779419,0.2787751257419586,0.5052031874656677,0.049811672419309616,0.5248061418533325,0.19117800891399384,0.520900547504425,0.09530527889728546,0.9997302293777466,0.18763574957847595,0.5259107947349548,-0.09521384537220001,0.9998593926429749,0.26739686727523804,0.5169936418533325,0.19460567831993103,0.5303859114646912,0.2711890637874603,0.5269099473953247,-0.1207536831498146,0.9299014806747437,0.26454654335975647,0.6226518154144287,0.2876722812652588,0.7320419549942017,0.26583132147789,0.6446295976638794,-0.022281162440776825,0.9135370850563049,0.25606223940849304,0.6505159139633179,0.2954142093658447,0.7288057804107666,0.2565714716911316,0.663046658039093,-0.011158047243952751,0.8796785473823547,0.2911755442619324,0.6417428851127625,0.28015631437301636,0.7891402840614319,0.29564473032951355,0.6697925925254822,-0.03742852434515953,0.9203945994377136
33,0.3194922208786011,0.41835159063339233,-0.018755938857793808,0.9997593760490417,0.32065966725349426,0.40582889318466187,-0.010318636894226074,0.999845564365387,0.31985145807266235,0.40469714999198914,-0.01037646271288395,0.9998104572296143,0.31896358728408813,0.4034442603588104,-0.010411911644041538,0.9998560547828674,0.32020631432533264,0.40608787536621094,-0.04151203855872154,0.9998382925987244,0.3191431760787964,0.4052380621433258,-0.041583381593227386,0.9997857809066772,0.3179553151130676,0.40426498651504517,-0.04160970449447632,0.999857485294342,0.3083178400993347,0.39804771542549133,0.03552870452404022,0.9997225403785706,0.3076709806919098,0.3995532691478729,-0.10460859537124634,0.9998382329940796,0.311034619808197,0.42331045866012573,0.0015431962674483657,0.9996891021728516,0.31051620841026306,0.4234192669391632,-0.039056938141584396,0.9997220635414124,0.26884666085243225,0.41322457790374756,0.12673822045326233,0.9995622634887695,0.2691706418991089,0.42703601717948914,-0.1768968552350998,0.9999092817306519,0.2565237283706665,0.4851510226726532,0.16129401326179504,0.06301312893629074,0.25286048650741577,0.5105512738227844,-0.14848704636096954,0.7611457109451294,0.2790982127189636,0.4989989399909973,0.08377204835414886,0.10554482787847519,0.2727499306201935,0.511555016040802,0.017733637243509293,0.6025484204292297,0.28198644518852234,0.5016211867332458,0.07434190809726715,0.1291312724351883,0.2809659540653229,0.5182194113731384,0.015161896124482155,0.5791096091270447,0.28395968675613403,0.4959288239479065,0.061781905591487885,0.1311527043581009,0.2830636203289032,0.5095569491386414,0.00895914901047945,0.5762052536010742,0.2808611989021301,0.49270930886268616,0.07351930439472198,0.13732659816741943,0.2785109877586365,0.5047494769096375,0.020687568932771683,0.52934330701828,0.19092299044132233,0.5161358714103699,0.09592165797948837,0.9997201561927795,0.18838313221931458,0.5232188701629639,-0.09582211822271347,0.9998527765274048,0.2706393599510193,0.5174033641815186,0.19178874790668488,0.5007461905479431,0.2735922038555145,0.524976909160614,-0.10530918836593628,0.9332389235496521,0.2646481990814209,0.6195822954177856,0.2852761745452881,0.6989503502845764,0.266096830368042,0.6440011858940125,0.0005436469800770283,0.9151296615600586,0.2560229003429413,0.646049439907074,0.2927660346031189,0.6981713771820068,0.25644901394844055,0.6623916625976562,0.012075092643499374,0.8803787231445312,0.2912253439426422,0.6418853402137756,0.2755680978298187,0.7651066184043884,0.29614847898483276,0.6676447987556458,-0.015219341032207012,0.9216199517250061
34,0.3218978941440582,0.41703492403030396,-0.023952141404151917,0.9996940493583679,0.32271522283554077,0.40524062514305115,-0.015619899146258831,0.9998106360435486,0.3219865560531616,0.40416911244392395,-0.01568744145333767,0.9997749328613281,0.3211701512336731,0.40296804904937744,-0.015743594616651535,0.999823272228241,0.3221279978752136,0.405605673789978,-0.046065133064985275,0.9998013377189636,0.32103580236434937,0.4049135446548462,-0.046121105551719666,0.9997476935386658,0.3198343813419342,0.4040825664997101,-0.04615035280585289,0.999830961227417,0.31027930974960327,0.3975672721862793,0.028656652197241783,0.9996957182884216,0.3094467520713806,0.3992372751235962,-0.10787259042263031,0.9998146891593933,0.3142548203468323,0.4228246510028839,-0.0042802272364497185,0.9996575117111206,0.31351137161254883,0.42309314012527466,-0.04389873519539833,0.9996969103813171,0.2703526020050049,0.4083930552005768,0.12062124907970428,0.9995172023773193,0.270317018032074,0.42614033818244934,-0.1783001720905304,0.9999062418937683,0.2563360035419464,0.47637951374053955,0.2020958960056305,0.06048428267240524,0.2522178590297699,0.5064890384674072,-0.16895103454589844,0.7731202244758606,0.28011399507522583,0.49769988656044006,0.19897611439228058,0.09971709549427032,0.27342548966407776,0.5123370289802551,-0.05037503316998482,0.6148547530174255,0.2830008864402771,0.5018439888954163,0.20215389132499695,0.1224399209022522,0.281509667634964,0.5194600224494934,-0.060418568551540375,0.5894972681999207,0.2860320210456848,0.49772754311561584,0.1834125965833664,0.12483464181423187,0.2834198772907257,0.5101196765899658,-0.06487255543470383,0.5870708227157593,0.2820448875427246,0.4932490885257721,0.18876813352108002,0.13125161826610565,0.27974170446395874,0.5065839290618896,-0.048720382153987885,0.5389646291732788,0.1911788135766983,0.509434700012207,0.09595037251710892,0.9996671080589294,0.18870212137699127,0.517001211643219,-0.09583812206983566,0.9998138546943665,0.2735453248023987,0.516477108001709,0.1814117580652237,0.47503337264060974,0.27427807450294495,0.5249049067497253,-0.09537713974714279,0.9351995587348938,0.2647286355495453,0.6171278357505798,0.2724594473838806,0.6669726371765137,0.2659532129764557,0.6435821652412415,0.013677874580025673,0.9156906008720398,0.2559942603111267,0.6434832811355591,0.2795901298522949,0.6692624688148499,0.2561991810798645,0.6622506976127625,0.02512660250067711,0.8802502155303955,0.29122287034988403,0.6402483582496643,0.26019784808158875,0.7398877143859863,0.2959252595901489,0.6673427224159241,-0.004216508474200964,0.9214573502540588
35,0.32506102323532104,0.4082263112068176,-0.03486465662717819,0.9996560215950012,0.3249985873699188,0.3966309130191803,-0.026744917035102844,0.999790608882904,0.32438409328460693,0.39562806487083435,-0.026810863986611366,0.9997566938400269,0.32372772693634033,0.39458340406417847,-0.026869570836424828,0.9998049139976501,0.3242639899253845,0.3975669741630554,-0.057221490889787674,0.9997836947441101,0.323153555393219,0.39729100465774536,-0.05726992338895798,0.9997318983078003,0.3219439387321472,0.39694422483444214,-0.05730295926332474,0.9998186230659485,0.3122781813144684,0.3913414776325226,0.01892871782183647,0.9996837973594666,0.3109886050224304,0.39397650957107544,-0.11757240444421768,0.9998028874397278,0.31768834590911865,0.41530677676200867,-0.014197769574820995,0.9996304512023926,0.3164827227592468,0.4162880480289459,-0.05389785021543503,0.9996791481971741,0.27197977900505066,0.4002825617790222,0.11385762691497803,0.9994605183601379,0.2696286737918854,0.424784779548645,-0.1830892562866211,0.9999002814292908,0.2584953010082245,0.4662317931652069,0.21511295437812805,0.05800933018326759,0.25331181287765503,0.4998948276042938,-0.18120741844177246,0.7783545851707458,0.28164204955101013,0.4970038831233978,0.23936638236045837,0.09443838894367218,0.27324753999710083,0.5134230852127075,-0.0827321708202362,0.6231935024261475,0.2834872603416443,0.5018942952156067,0.24911153316497803,0.11635727435350418,0.28135591745376587,0.5216385722160339,-0.09677731245756149,0.5975133776664734,0.2903376519680023,0.4995219111442566,0.22866544127464294,0.11907098442316055,0.28435876965522766,0.5135290026664734,-0.09834885597229004,0.5951926708221436,0.2830205261707306,0.493303120136261,0.22982171177864075,0.12589199841022491,0.28043732047080994,0.5086425542831421,-0.0806894451379776,0.5443326830863953,0.19318613409996033,0.4998820424079895,0.09538931399583817,0.9996164441108704,0.1903534233570099,0.5089935660362244,-0.09527663886547089,0.999792754650116,0.2720261216163635,0.5125966668128967,0.19969458878040314,0.45032578706741333,0.27429667115211487,0.5249269604682922,-0.09441134333610535,0.9373695850372314,0.2647230923175812,0.61139315366745,0.31317007541656494,0.6385546922683716,0.2654491662979126,0.6431044340133667,0.010905089788138866,0.917451024055481,0.2559763789176941,0.6403225660324097,0.3230077624320984,0.6431425213813782,0.2554020285606384,0.661848783493042,0.021670091897249222,0.8814511299133301,0.2911968529224396,0.6381132006645203,0.30613240599632263,0.7176294922828674,0.2952564060688019,0.6663135290145874,-0.010785511694848537,0.9221333861351013
36,0.325814425945282,0.40197426080703735,-0.045365750789642334,0.9996468424797058,0.3261379599571228,0.39086538553237915,-0.03701857104897499,0.9997860789299011,0.3255041241645813,0.3897433280944824,-0.03707493096590042,0.9997538924217224,0.3248039782047272,0.38856473565101624,-0.03714437410235405,0.9998001456260681,0.32554659247398376,0.39201265573501587,-0.06707655638456345,0.999782383441925,0.32454538345336914,0.3917659521102905,-0.06711682677268982,0.9997339844703674,0.3234556317329407,0.3914382755756378,-0.06714819371700287,0.9998196959495544,0.31344348192214966,0.38472551107406616,0.009786783717572689,0.9996885061264038,0.3127724528312683,0.3880525529384613,-0.12451319396495819,0.9998019933700562,0.31782376766204834,0.40812745690345764,-0.024161385372281075,0.9996204972267151,0.316908061504364,0.4093705415725708,-0.06329242885112762,0.9996745586395264,0.27284613251686096,0.3913647532463074,0.11105386912822723,0.999415934085846,0.2704315781593323,0.4208831489086151,-0.18930001556873322,0.9999003410339355,0.25768497586250305,0.4557400643825531,0.24246910214424133,0.05581444874405861,0.2536367177963257,0.4934495687484741,-0.19519321620464325,0.7912077903747559,0.28038927912712097,0.48908549547195435,0.3035403788089752,0.09105435758829117,0.2737966477870941,0.5130693316459656,-0.11485296487808228,0.6468464136123657,0.2854905128479004,0.4997447431087494,0.3215995728969574,0.11280758678913116,0.28254204988479614,0.5239311456680298,-0.13187608122825623,0.6208270788192749,0.2931584417819977,0.4985603392124176,0.2986290454864502,0.1159711480140686,0.28607165813446045,0.5159013867378235,-0.13207507133483887,0.6187619566917419,0.28396156430244446,0.4927627146244049,0.2945137619972229,0.12346555292606354,0.2827449142932892,0.5109226107597351,-0.11269845813512802,0.5656472444534302,0.1951068788766861,0.4864663779735565,0.09536848962306976,0.9995567202568054,0.19160941243171692,0.49985426664352417,-0.09525857865810394,0.9997649192810059,0.2726113200187683,0.5030747056007385,0.19675901532173157,0.43129727244377136,0.2740952968597412,0.5252410173416138,-0.08887819200754166,0.9392126202583313,0.26487424969673157,0.6072220206260681,0.30565717816352844,0.6137407422065735,0.2657027840614319,0.642626166343689,0.011604068800807,0.919573187828064,0.2564680874347687,0.6335983872413635,0.31515249609947205,0.6214224696159363,0.2551466226577759,0.6627382636070251,0.02182917483150959,0.8834438323974609,0.3017539978027344,0.6347991228103638,0.299946129322052,0.6983481645584106,0.29588353633880615,0.6639828085899353,-0.009851733222603798,0.92335045337677
37,0.32580938935279846,0.3968239426612854,-0.051429521292448044,0.9996346235275269,0.32662269473075867,0.3860824704170227,-0.04366946220397949,0.9997807145118713,0.3259989619255066,0.38489285111427307,-0.04372064769268036,0.9997480511665344,0.32534465193748474,0.38371098041534424,-0.04380219429731369,0.9997944235801697,0.32592445611953735,0.3871386647224426,-0.0724109411239624,0.9997816681861877,0.324849396944046,0.3867381513118744,-0.07245299965143204,0.9997348189353943,0.3237247169017792,0.3863135278224945,-0.0724869817495346,0.9998206496238708,0.3139308989048004,0.37906545400619507,0.0016343746101483703,0.9996874332427979,0.3130373954772949,0.3822685480117798,-0.12682001292705536,0.9997979402542114,0.31750422716140747,0.40195220708847046,-0.030718570575118065,0.9996067881584167,0.3165375888347626,0.4030541479587555,-0.06815781444311142,0.9996726512908936,0.2741248607635498,0.3838246762752533,0.10304979979991913,0.9993495941162109,0.27114787697792053,0.4153193533420563,-0.188613623380661,0.9999021291732788,0.2566443681716919,0.440259724855423,0.24878111481666565,0.05460276082158089,0.25311964750289917,0.4746566414833069,-0.1922549456357956,0.8073289394378662,0.2843630313873291,0.47488728165626526,0.32642361521720886,0.09058458358049393,0.2758721709251404,0.5122321844100952,-0.11840418726205826,0.6755000352859497,0.2915451228618622,0.482469379901886,0.34475478529930115,0.11286933720111847,0.2844035029411316,0.5251728296279907,-0.13564856350421906,0.6498306393623352,0.2973746955394745,0.48263195157051086,0.32043367624282837,0.11676410585641861,0.2892777621746063,0.5203390121459961,-0.13767306506633759,0.6482314467430115,0.29362398386001587,0.48072898387908936,0.31725504994392395,0.12519018352031708,0.28582581877708435,0.5130955576896667,-0.11698935925960541,0.5954803824424744,0.1971667855978012,0.47999411821365356,0.09512381255626678,0.9994263648986816,0.19471605122089386,0.4908371865749359,-0.0950121134519577,0.9997018575668335,0.27192968130111694,0.5042974352836609,0.18606561422348022,0.41559866070747375,0.2737700045108795,0.5271170735359192,-0.07982229441404343,0.939393162727356,0.26395493745803833,0.6097859144210815,0.28996986150741577,0.585896909236908,0.2645718455314636,0.6437333822250366,0.006685247179120779,0.9197260141372681,0.2539237141609192,0.6297579407691956,0.2990592122077942,0.5975583791732788,0.2546480894088745,0.6653120517730713,0.015344185754656792,0.8832098245620728,0.30133435130119324,0.6335918307304382,0.2833298444747925,0.6745398640632629,0.2948966920375824,0.6631279587745667,-0.018097322434186935,0.9227163791656494
38,0.32698720693588257,0.3920871615409851,-0.06265183538198471,0.9996234178543091,0.3276793956756592,0.38184937834739685,-0.05510202795267105,0.9997742176055908,0.3270547091960907,0.3806161880493164,-0.05516043305397034,0.9997403621673584,0.3264114260673523,0.37939849495887756,-0.05525011941790581,0.9997882843017578,0.32698172330856323,0.38283413648605347,-0.08402658998966217,0.9997789263725281,0.32590991258621216,0.3823517858982086,-0.08407162129878998,0.999732255935669,0.32480838894844055,0.3818574547767639,-0.08409591019153595,0.9998196363449097,0.314787358045578,0.37392938137054443,-0.009413836523890495,0.9996840953826904,0.3139389157295227,0.37719181180000305,-0.13870254158973694,0.9997918009757996,0.31854042410850525,0.39632055163383484,-0.041699785739183426,0.9995998740196228,0.31753987073898315,0.39750659465789795,-0.07936754077672958,0.9996740221977234,0.2756845951080322,0.37908437848091125,0.09349195659160614,0.9993153214454651,0.27129170298576355,0.412225604057312,-0.19624894857406616,0.9999045133590698,0.25640472769737244,0.4394683539867401,0.23694947361946106,0.05471483990550041,0.2527535557746887,0.47178953886032104,-0.1968989372253418,0.8237860798835754,0.284101665019989,0.4762168824672699,0.29692208766937256,0.09110068529844284,0.27825942635536194,0.5115699768066406,-0.12361150979995728,0.7037593722343445,0.2909417748451233,0.4834546744823456,0.311546266078949,0.11377159506082535,0.28614410758018494,0.5251383781433105,-0.14203998446464539,0.6787928342819214,0.2955835461616516,0.4821830689907074,0.28590574860572815,0.11849332600831985,0.2915244698524475,0.5202103853225708,-0.14412178099155426,0.6775325536727905,0.29047608375549316,0.48169440031051636,0.28671979904174805,0.12778110802173615,0.28867003321647644,0.5133116245269775,-0.12226542085409164,0.626378059387207,0.19833819568157196,0.46764594316482544,0.09486150741577148,0.9992992877960205,0.1960180699825287,0.4843410849571228,-0.09475474059581757,0.9996454119682312,0.27160075306892395,0.5062179565429688,0.1832858920097351,0.40407371520996094,0.2720753848552704,0.5326648950576782,-0.08124421536922455,0.9398919343948364,0.26299241185188293,0.6085519194602966,0.2849160432815552,0.5621353387832642,0.2642456889152527,0.6480353474617004,0.002822792623192072,0.9207340478897095,0.25275805592536926,0.6250649094581604,0.294302761554718,0.5771966576576233,0.2546265721321106,0.668074369430542,0.010820567607879639,0.8838897347450256,0.29734236001968384,0.6301017999649048,0.2748529314994812,0.6522171497344971,0.2942597568035126,0.6631394624710083,-0.026985442265868187,0.922578752040863
39,0.32795092463493347,0.3895370066165924,-0.0746380090713501,0.9996389150619507,0.32870426774024963,0.3788377046585083,-0.06680203974246979,0.999782919883728,0.3281010091304779,0.37749117612838745,-0.06685630977153778,0.9997492432594299,0.32745060324668884,0.3761480450630188,-0.06695228815078735,0.9997961521148682,0.32783523201942444,0.3796463906764984,-0.09570776671171188,0.9997904896736145,0.32669126987457275,0.378968745470047,-0.0957576185464859,0.9997454881668091,0.3254920542240143,0.3782769441604614,-0.09577912837266922,0.9998289346694946,0.31523415446281433,0.3697734475135803,-0.01918751373887062,0.999697208404541,0.3141145408153534,0.3729090988636017,-0.14820608496665955,0.9997997283935547,0.31961530447006226,0.39345186948776245,-0.05279293656349182,0.9996134638786316,0.31839123368263245,0.3943665623664856,-0.09036821126937866,0.999689519405365,0.2764562964439392,0.375249445438385,0.0848403051495552,0.9992988705635071,0.2715345323085785,0.4090918302536011,-0.20061714947223663,0.9999078512191772,0.257474422454834,0.4313327372074127,0.23106472194194794,0.05542970076203346,0.2523609399795532,0.46891629695892334,-0.19482353329658508,0.8393118977546692,0.2853558659553528,0.46862757205963135,0.29714030027389526,0.09342004358768463,0.28021275997161865,0.5120475888252258,-0.12138120830059052,0.7309588193893433,0.29205572605133057,0.4750596582889557,0.31252384185791016,0.1164824441075325,0.2860333025455475,0.5268320441246033,-0.13995054364204407,0.707249104976654,0.29727402329444885,0.4750979542732239,0.28606995940208435,0.12209029495716095,0.29135051369667053,0.5219713449478149,-0.14252117276191711,0.7062830924987793,0.28988194465637207,0.4709174335002899,0.2869776785373688,0.1322767585515976,0.28883272409439087,0.5155946612358093,-0.12029983103275299,0.6578119993209839,0.20029345154762268,0.46542564034461975,0.09476051479578018,0.9992321133613586,0.1967853158712387,0.4786260724067688,-0.09465630352497101,0.9996023774147034,0.2696716785430908,0.5068309307098389,0.15032991766929626,0.4013441801071167,0.2709103524684906,0.5339009165763855,-0.07977596670389175,0.9402868747711182,0.2630482316017151,0.6100569367408752,0.2505081295967102,0.5511564016342163,0.26584169268608093,0.6479513645172119,0.008150697685778141,0.9229221940040588,0.2528039813041687,0.6270431876182556,0.25932663679122925,0.5690423846244812,0.2568100094795227,0.667791485786438,0.016226304695010185,0.8857671618461609,0.29203134775161743,0.6310280561447144,0.23598727583885193,0.6421137452125549,0.293498694896698,0.6630213260650635,-0.02221084013581276,0.9238643646240234
40,0.3289337456226349,0.38597002625465393,-0.0677923709154129,0.9996512532234192,0.32988929748535156,0.3751291334629059,-0.05941101163625717,0.9997884035110474,0.3292931020259857,0.3736962378025055,-0.05947894603013992,0.999754786491394,0.32859334349632263,0.37221089005470276,-0.059563685208559036,0.9998010396957397,0.3291464149951935,0.37572288513183594,-0.08940963447093964,0.9997968673706055,0.3281247317790985,0.3748004734516144,-0.08945711702108383,0.9997517466545105,0.32701247930526733,0.3737986385822296,-0.08947506546974182,0.9998332262039185,0.31598860025405884,0.3649522662162781,-0.011037582531571388,0.9997032880783081,0.3157605528831482,0.3675459325313568,-0.1455613076686859,0.9998033046722412,0.3205794394016266,0.38917675614356995,-0.045851342380046844,0.9996331334114075,0.31956714391708374,0.3898850083351135,-0.08494855463504791,0.9997079372406006,0.27725905179977417,0.37445637583732605,0.08975209295749664,0.9993381500244141,0.2722882628440857,0.40313154458999634,-0.20377007126808167,0.9999134540557861,0.25704988837242126,0.4380022883415222,0.20169615745544434,0.05770004168152809,0.25175073742866516,0.46549373865127563,-0.19814172387123108,0.8534381985664368,0.2812761962413788,0.47965195775032043,0.21865546703338623,0.10061321407556534,0.2811230719089508,0.5135734677314758,-0.112734854221344,0.7555544376373291,0.2860950529575348,0.498263418674469,0.22536563873291016,0.12453664094209671,0.2865467369556427,0.5276903510093689,-0.1312132477760315,0.7330284714698792,0.2915983498096466,0.4988800287246704,0.19653275609016418,0.1313648372888565,0.29104259610176086,0.5235826969146729,-0.13257399201393127,0.7322651743888855,0.28949594497680664,0.49501246213912964,0.205638125538826,0.14189231395721436,0.288577139377594,0.5180827975273132,-0.11098387092351913,0.6866625547409058,0.2005801498889923,0.45786207914352417,0.09500662982463837,0.9992396831512451,0.19778437912464142,0.4739121198654175,-0.09491471201181412,0.9995959997177124,0.26829567551612854,0.5126340389251709,0.1574174016714096,0.40486666560173035,0.27040064334869385,0.5334269404411316,-0.07675929367542267,0.9423667788505554,0.26398926973342896,0.6145409345626831,0.2569328844547272,0.5531514883041382,0.266240656375885,0.6484403610229492,0.026504850015044212,0.9273514747619629,0.25626710057258606,0.6287104487419128,0.2661198079586029,0.5699712634086609,0.2571457326412201,0.6682859659194946,0.03609933704137802,0.8902465105056763,0.2973692715167999,0.6372111439704895,0.23826363682746887,0.6443895101547241,0.29441162943840027,0.664747953414917,-0.003608208615332842,0.9276548624038696
41,0.33015966415405273,0.3819642663002014,-0.06842651218175888,0.9996583461761475,0.33123260736465454,0.3704778254032135,-0.059524666517972946,0.9997896552085876,0.3306681513786316,0.3690287172794342,-0.05959451198577881,0.9997560381889343,0.32998180389404297,0.3675120174884796,-0.059671610593795776,0.9998014569282532,0.33051055669784546,0.3709525167942047,-0.08974872529506683,0.9997990131378174,0.3295266926288605,0.36992204189300537,-0.08979664742946625,0.9997543096542358,0.3284255862236023,0.3687625229358673,-0.08981297165155411,0.9998345971107483,0.31744781136512756,0.36032548546791077,-0.009006252512335777,0.9997022151947021,0.31736862659454346,0.36270758509635925,-0.14470365643501282,0.9998055696487427,0.3215082287788391,0.38520535826683044,-0.04585679620504379,0.9996498823165894,0.32054826617240906,0.38572371006011963,-0.085273377597332,0.9997245669364929,0.2783912122249603,0.3721156716346741,0.09257818758487701,0.9993775486946106,0.2739241421222687,0.3967115581035614,-0.20585565268993378,0.9999189972877502,0.25707685947418213,0.44097405672073364,0.18431690335273743,0.061018943786621094,0.253060519695282,0.4632294774055481,-0.20274707674980164,0.8663457036018372,0.2799493968486786,0.4871654808521271,0.1751762330532074,0.10850377380847931,0.2806856036186218,0.5143812894821167,-0.11373578011989594,0.7776221036911011,0.28388991951942444,0.5031018853187561,0.17874233424663544,0.13310974836349487,0.28623849153518677,0.5286277532577515,-0.13268038630485535,0.756068229675293,0.289694607257843,0.5050890445709229,0.15115858614444733,0.1410137116909027,0.29041051864624023,0.5247682332992554,-0.13235652446746826,0.7554401755332947,0.28849104046821594,0.5002697110176086,0.16186103224754333,0.15122298896312714,0.28782331943511963,0.5191434025764465,-0.11130084097385406,0.7124241590499878,0.20151129364967346,0.4556514024734497,0.09556695818901062,0.9992379546165466,0.19853785634040833,0.47087910771369934,-0.0954902321100235,0.9995800256729126,0.26826637983322144,0.5154492259025574,0.15938140451908112,0.4106805622577667,0.2700096368789673,0.5333089828491211,-0.07622889429330826,0.9450108408927917,0.26481515169143677,0.6193920969963074,0.2570255696773529,0.5569970011711121,0.2660103440284729,0.6491059064865112,0.02826608717441559,0.9320719838142395,0.2605552077293396,0.6298225522041321,0.26550063490867615,0.5724932551383972,0.2572392225265503,0.6692912578582764,0.037615492939949036,0.8959235548973083,0.29697591066360474,0.6376035213470459,0.23754367232322693,0.6488345265388489,0.2950492799282074,0.6649773716926575,-0.003152464749291539,0.9319643974304199
42,0.3307233452796936,0.37744060158729553,-0.08776697516441345,0.999669075012207,0.33185476064682007,0.3660720884799957,-0.07813986390829086,0.9997957944869995,0.33134129643440247,0.36471256613731384,-0.07820963114500046,0.999761700630188,0.3307182788848877,0.3632825016975403,-0.07829537987709045,0.9998060464859009,0.3310430943965912,0.366407185792923,-0.10750005394220352,0.9998063445091248,0.3299959599971771,0.365347683429718,-0.10756330192089081,0.9997625350952148,0.3288176953792572,0.3641681671142578,-0.10758189857006073,0.9998406767845154,0.3185575306415558,0.3565228283405304,-0.02356887422502041,0.9997060894966125,0.31782644987106323,0.3587658703327179,-0.15547382831573486,0.999812662601471,0.3223177492618561,0.3810226023197174,-0.06376218795776367,0.9996669888496399,0.32123443484306335,0.3812558948993683,-0.10206212848424911,0.9997415542602539,0.28047534823417664,0.36787328124046326,0.08123327791690826,0.9994039535522461,0.2749156057834625,0.393413245677948,-0.21105560660362244,0.999923586845398,0.2589409053325653,0.43969297409057617,0.17083550989627838,0.06408942490816116,0.25274670124053955,0.46191519498825073,-0.2015751302242279,0.8779133558273315,0.2793886661529541,0.48772987723350525,0.16305038332939148,0.11328830569982529,0.2803126871585846,0.5146804451942444,-0.10838539898395538,0.7968683838844299,0.2833143472671509,0.5022367835044861,0.1666155308485031,0.13793259859085083,0.2859722673892975,0.528564989566803,-0.125819593667984,0.7757998704910278,0.2877212166786194,0.5031464099884033,0.139382004737854,0.14672943949699402,0.29009389877319336,0.5241631269454956,-0.12702509760856628,0.7753683924674988,0.2880804240703583,0.49929744005203247,0.15008129179477692,0.15685299038887024,0.28745347261428833,0.5187431573867798,-0.10635621845722198,0.7344714999198914,0.20441599190235138,0.4507123827934265,0.0954401046037674,0.9992051720619202,0.19971433281898499,0.46669530868530273,-0.09536348283290863,0.9995646476745605,0.26841187477111816,0.5154067873954773,0.15707603096961975,0.41951853036880493,0.269763320684433,0.5330005288124084,-0.08284560590982437,0.947668731212616,0.2651238441467285,0.6192922592163086,0.25630703568458557,0.5597146153450012,0.26547911763191223,0.6496602892875671,0.01232961192727089,0.9364219307899475,0.2605227530002594,0.6307573318481445,0.26446714997291565,0.5726274847984314,0.25695711374282837,0.6696874499320984,0.021050458773970604,0.9008498191833496,0.2942235469818115,0.6346715092658997,0.23765413463115692,0.6501520276069641,0.2946159839630127,0.6654272079467773,-0.01373453252017498,0.9357067346572876
43,0.33208149671554565,0.3723171651363373,-0.07173803448677063,0.9996621608734131,0.3334563672542572,0.3596709966659546,-0.06258366256952286,0.999791145324707,0.33295491337776184,0.358372300863266,-0.06265278160572052,0.9997559189796448,0.3323320746421814,0.35707032680511475,-0.0627334862947464,0.999801516532898,0.33264315128326416,0.35981622338294983,-0.09240410476922989,0.99980229139328,0.3316003680229187,0.35864174365997314,-0.09245980530977249,0.9997566342353821,0.33043861389160156,0.35743242502212524,-0.09248053282499313,0.9998373985290527,0.3200770318508148,0.3513214886188507,-0.011837358586490154,0.9996969699859619,0.31942471861839294,0.3529220223426819,-0.1457730531692505,0.9998117685317993,0.32377076148986816,0.3757806122303009,-0.049235425889492035,0.9996744990348816,0.322784960269928,0.3755946755409241,-0.08815235644578934,0.9997514486312866,0.28052419424057007,0.36413347721099854,0.0883280411362648,0.9994326829910278,0.2759968340396881,0.3882148861885071,-0.20638301968574524,0.9999271631240845,0.26004114747047424,0.4391894042491913,0.1640234887599945,0.06715769320726395,0.25305646657943726,0.4563526511192322,-0.20204302668571472,0.8885133266448975,0.27925896644592285,0.4886760413646698,0.13389256596565247,0.11980411410331726,0.28113457560539246,0.514435350894928,-0.10566507279872894,0.8143808841705322,0.2831287980079651,0.5034502148628235,0.13475428521633148,0.1451195925474167,0.28642430901527405,0.5280539393424988,-0.12298226356506348,0.7937878966331482,0.2876994013786316,0.5032870769500732,0.10802163183689117,0.15485166013240814,0.29045552015304565,0.5234437584877014,-0.12147587537765503,0.7934719324111938,0.2874595820903778,0.4996509850025177,0.12029249966144562,0.16455399990081787,0.2879916727542877,0.5179598927497864,-0.10253558307886124,0.7545115947723389,0.204973503947258,0.4478738009929657,0.09537212550640106,0.9991683959960938,0.20059815049171448,0.46319639682769775,-0.09529466181993484,0.9995315670967102,0.2682779133319855,0.5163300633430481,0.15574152767658234,0.42558524012565613,0.2700897753238678,0.532706081867218,-0.07611435651779175,0.9500987529754639,0.26570647954940796,0.6196889877319336,0.2516215741634369,0.5611757040023804,0.26514381170272827,0.6499522924423218,0.024517375975847244,0.9404417276382446,0.2623169720172882,0.6298561692237854,0.2590484917163849,0.5713856816291809,0.2567630112171173,0.6699094772338867,0.03341188654303551,0.9055521488189697,0.29345014691352844,0.6338664293289185,0.23239167034626007,0.6514527201652527,0.29549914598464966,0.6650823950767517,-0.00502757728099823,0.9392533302307129
44,0.3326762914657593,0.3664940297603607,-0.06983622163534164,0.9996581077575684,0.3339911699295044,0.35282179713249207,-0.06031336635351181,0.9997891187667847,0.33347633481025696,0.35159358382225037,-0.060383789241313934,0.999753475189209,0.3328395187854767,0.35034772753715515,-0.06046449393033981,0.9998003840446472,0.33309271931648254,0.352887898683548,-0.09064533561468124,0.9997990131378174,0.33199164271354675,0.3517768681049347,-0.0907023474574089,0.999751091003418,0.33078595995903015,0.3506487309932709,-0.09072156995534897,0.9998342394828796,0.3204295039176941,0.3453831672668457,-0.009284594096243382,0.9996941089630127,0.3195851147174835,0.34701430797576904,-0.14556317031383514,0.999812126159668,0.324815958738327,0.3699866533279419,-0.04731081426143646,0.9996830224990845,0.32362836599349976,0.3696649968624115,-0.08688320964574814,0.9997612237930298,0.2801380157470703,0.3598306477069855,0.08912216126918793,0.9994623064994812,0.2761978209018707,0.3827761113643646,-0.2079518586397171,0.999930202960968,0.25949424505233765,0.4354237914085388,0.15518860518932343,0.06958488374948502,0.25350940227508545,0.45136383175849915,-0.2037992775440216,0.897925853729248,0.27711308002471924,0.48848432302474976,0.11842320114374161,0.12410303205251694,0.28126388788223267,0.5130662322044373,-0.10303349792957306,0.829581081867218,0.28123772144317627,0.5022162795066833,0.11802651733160019,0.14975377917289734,0.28624483942985535,0.5279985666275024,-0.11976116895675659,0.8090846538543701,0.2868059277534485,0.5016752481460571,0.0917203426361084,0.1601151078939438,0.29042237997055054,0.5233792662620544,-0.11778561025857925,0.8088942766189575,0.2863386273384094,0.4981747567653656,0.10467077791690826,0.16944240033626556,0.28810426592826843,0.5175701379776001,-0.09964828193187714,0.7715257406234741,0.20480386912822723,0.4450835883617401,0.09527875483036041,0.999121904373169,0.20110531151294708,0.4587861895561218,-0.09519673883914948,0.9994774460792542,0.26822328567504883,0.5162358283996582,0.14922043681144714,0.4266004264354706,0.27088090777397156,0.5303305387496948,-0.07161982357501984,0.9514517784118652,0.26591819524765015,0.6196712255477905,0.23563607037067413,0.5564365983009338,0.2651302218437195,0.6495809555053711,0.03777522221207619,0.9430986046791077,0.2632407546043396,0.6290746331214905,0.2418958693742752,0.5660635828971863,0.25683432817459106,0.6696233749389648,0.04766508564352989,0.9084786176681519,0.2929944396018982,0.6325839757919312,0.2151806354522705,0.64804607629776,0.29538223147392273,0.6648532152175903,0.011144482530653477,0.9414762854576111
45,0.3331030607223511,0.3592665493488312,-0.06740006059408188,0.9996391534805298,0.3345666229724884,0.34624001383781433,-0.05439743399620056,0.9997776746749878,0.33404430747032166,0.34514427185058594,-0.05447859317064285,0.9997384548187256,0.33338624238967896,0.3440030813217163,-0.05454948544502258,0.9997912049293518,0.33368638157844543,0.3460870385169983,-0.08753501623868942,0.9997861981391907,0.33259087800979614,0.3449782729148865,-0.08758164197206497,0.9997313618659973,0.33139491081237793,0.34383299946784973,-0.08761182427406311,0.9998230338096619,0.320975661277771,0.33871543407440186,0.00229163421317935,0.9996761083602905,0.3203551173210144,0.3400733172893524,-0.1447872668504715,0.9998043179512024,0.3253016769886017,0.3631252944469452,-0.042218320071697235,0.9996822476387024,0.32413250207901,0.3626151382923126,-0.08602901548147202,0.9997655153274536,0.27957406640052795,0.3543621599674225,0.10099808126688004,0.999487578868866,0.2773853838443756,0.3742498755455017,-0.20537976920604706,0.9999334216117859,0.25915923714637756,0.4313090443611145,0.16113083064556122,0.0717003121972084,0.2546789348125458,0.4449157416820526,-0.21184322237968445,0.9062744379043579,0.27592170238494873,0.4874860346317291,0.10824308544397354,0.12732556462287903,0.2809946537017822,0.5103719830513,-0.11998756229877472,0.8424665331840515,0.27971982955932617,0.5017164349555969,0.10590025037527084,0.15336066484451294,0.28600654006004333,0.5271357893943787,-0.1387220025062561,0.8215638399124146,0.2863544225692749,0.5008226037025452,0.08016229420900345,0.16402406990528107,0.29025769233703613,0.5231874585151672,-0.13426664471626282,0.8213663697242737,0.28537192940711975,0.49795424938201904,0.0939859002828598,0.17266875505447388,0.28790777921676636,0.5170634984970093,-0.11585171520709991,0.784816324710846,0.20458650588989258,0.4413664937019348,0.0970529243350029,0.9990924596786499,0.20270152390003204,0.45481786131858826,-0.09697438776493073,0.9994323253631592,0.26698237657546997,0.5171279907226562,0.15272554755210876,0.42149636149406433,0.27074989676475525,0.530076265335083,-0.06538039445877075,0.952514111995697,0.2683972716331482,0.6194239258766174,0.24128565192222595,0.5473656058311462,0.2647993862628937,0.6495847702026367,0.05190251022577286,0.9456738829612732,0.26257631182670593,0.6295446753501892,0.2476644515991211,0.5591592192649841,0.25580865144729614,0.670420229434967,0.06266173720359802,0.9117361903190613,0.2925959527492523,0.6328991055488586,0.2207384556531906,0.64167320728302,0.2950586676597595,0.6651524305343628,0.02694481611251831,0.9434764385223389
46,0.33245736360549927,0.3505886495113373,-0.06468130648136139,0.999610960483551,0.33384019136428833,0.33802157640457153,-0.05054868385195732,0.999763548374176,0.33329343795776367,0.33699730038642883,-0.05063648894429207,0.9997200965881348,0.3326289653778076,0.3359522223472595,-0.050701696425676346,0.9997801184654236,0.33301711082458496,0.33781304955482483,-0.08376085758209229,0.999769389629364,0.33193355798721313,0.33673250675201416,-0.08380180597305298,0.9997053742408752,0.33075934648513794,0.3356268107891083,-0.08383478224277496,0.9998080730438232,0.32047808170318604,0.33079731464385986,0.006552717182785273,0.999657154083252,0.3199012875556946,0.3320162892341614,-0.13921816647052765,0.9997909665107727,0.3245982229709625,0.35474517941474915,-0.03882069140672684,0.9996777772903442,0.32351768016815186,0.3540858030319214,-0.08311112970113754,0.9997671246528625,0.278977632522583,0.34977301955223083,0.10290266573429108,0.999503493309021,0.2781899869441986,0.3667949438095093,-0.20346541702747345,0.9999353289604187,0.25915107131004333,0.42766398191452026,0.1477343738079071,0.073697529733181,0.25712066888809204,0.4400086998939514,-0.21342673897743225,0.9133275747299194,0.27409330010414124,0.487204909324646,0.0812094658613205,0.12711773812770844,0.2807013988494873,0.5085533261299133,-0.12416420131921768,0.8517922759056091,0.2786664366722107,0.501640796661377,0.07678113877773285,0.15279817581176758,0.2844376862049103,0.5254886746406555,-0.14273671805858612,0.8296557664871216,0.2848256230354309,0.5001810193061829,0.05193879082798958,0.16343042254447937,0.29016581177711487,0.5202435255050659,-0.13780978322029114,0.8293883800506592,0.2830171585083008,0.49758976697921753,0.06691195070743561,0.17167921364307404,0.28785440325737,0.5143575668334961,-0.11989091336727142,0.7926969528198242,0.2049941122531891,0.4390312135219574,0.09717901051044464,0.9990662932395935,0.20457550883293152,0.45165619254112244,-0.0970982238650322,0.9993957877159119,0.26639458537101746,0.5188241004943848,0.15275028347969055,0.4158000946044922,0.2714962959289551,0.5298803448677063,-0.0660412460565567,0.9534046053886414,0.2666885256767273,0.6200795769691467,0.2373577058315277,0.5387554168701172,0.26462066173553467,0.6494284868240356,0.0481974259018898,0.9479761719703674,0.2581164538860321,0.6318045854568481,0.24308648705482483,0.5522590279579163,0.2547316551208496,0.6705721616744995,0.058644361793994904,0.9147096872329712,0.29161423444747925,0.6365906596183777,0.2161470204591751,0.6353620290756226,0.29491740465164185,0.6651926040649414,0.02488550916314125,0.945058286190033
47,0.3324219584465027,0.3424023389816284,-0.06386025249958038,0.9995465874671936,0.33353644609451294,0.3293808400630951,-0.05122116208076477,0.9997285008430481,0.3329513370990753,0.32838305830955505,-0.05130400136113167,0.9996792674064636,0.33225029706954956,0.32738301157951355,-0.05136958882212639,0.9997528791427612,0.33271852135658264,0.32919904589653015,-0.08376000821590424,0.9997326731681824,0.3316125273704529,0.328149676322937,-0.08380861580371857,0.9996567368507385,0.3304165005683899,0.32708939909935,-0.08384479582309723,0.9997799396514893,0.31998831033706665,0.3224754333496094,0.00583898788318038,0.999613881111145,0.3194429874420166,0.32367706298828125,-0.13916440308094025,0.9997644424438477,0.32467591762542725,0.3469659984111786,-0.039143167436122894,0.9996513724327087,0.3237289786338806,0.3463309407234192,-0.08180887997150421,0.999758780002594,0.2786300480365753,0.34444141387939453,0.10255572944879532,0.9994972944259644,0.2783500552177429,0.35860490798950195,-0.20795972645282745,0.9999354481697083,0.25937771797180176,0.42355164885520935,0.142120361328125,0.07617118209600449,0.25770753622055054,0.4343334138393402,-0.22451862692832947,0.9196027517318726,0.27189064025878906,0.4861675202846527,0.0762498751282692,0.1258389800786972,0.27893680334091187,0.5052894353866577,-0.1420367956161499,0.8592908978462219,0.27620476484298706,0.50110924243927,0.07288897037506104,0.15083160996437073,0.2826710343360901,0.5227903127670288,-0.16201481223106384,0.8355845212936401,0.28341683745384216,0.4996963441371918,0.048194579780101776,0.16119568049907684,0.28882095217704773,0.5174432992935181,-0.15525297820568085,0.8350454568862915,0.28118613362312317,0.49546658992767334,0.062069691717624664,0.1689804196357727,0.28675782680511475,0.511300265789032,-0.13725751638412476,0.7976431250572205,0.20603707432746887,0.43669986724853516,0.09797629714012146,0.9989709854125977,0.20562179386615753,0.44775328040122986,-0.09787122905254364,0.9993159770965576,0.2660694718360901,0.5194602608680725,0.1503504514694214,0.4082978367805481,0.2715561091899872,0.5294086337089539,-0.06997503340244293,0.954580545425415,0.26609107851982117,0.6200569272041321,0.23228664696216583,0.5266273021697998,0.26444610953330994,0.648981511592865,0.03851974755525589,0.9502776265144348,0.254894882440567,0.6340382695198059,0.23757894337177277,0.5439923405647278,0.2546500861644745,0.67039954662323,0.048308297991752625,0.9184410572052002,0.2915005683898926,0.6377909183502197,0.20894765853881836,0.6246116161346436,0.29470714926719666,0.6651663184165955,0.01262954156845808,0.9464417099952698
48,0.3320227265357971,0.332773357629776,-0.06536314636468887,0.9994972944259644,0.3330725431442261,0.319936603307724,-0.053654443472623825,0.9996985197067261,0.3324836194515228,0.3189142346382141,-0.053736668080091476,0.999644935131073,0.3317878544330597,0.3179174065589905,-0.05380659177899361,0.9997300505638123,0.33226191997528076,0.3198527693748474,-0.0856480747461319,0.9997035264968872,0.33115631341934204,0.3188796937465668,-0.08570291101932526,0.9996175169944763,0.3299645483493805,0.3179306089878082,-0.08574112504720688,0.9997569918632507,0.319571852684021,0.31333696842193604,0.002484899712726474,0.9995710253715515,0.3190004229545593,0.3145948350429535,-0.14133626222610474,0.9997395873069763,0.3243759572505951,0.3371488153934479,-0.041546907275915146,0.9996281862258911,0.3234540820121765,0.33663585782051086,-0.08324894309043884,0.9997521042823792,0.27833861112594604,0.3366299271583557,0.09856857359409332,0.9994915127754211,0.2782741189002991,0.35189491510391235,-0.21020421385765076,0.9999366998672485,0.25993284583091736,0.4165862500667572,0.13669052720069885,0.07827859371900558,0.25802770256996155,0.4306018650531769,-0.22383451461791992,0.9258164763450623,0.2722240388393402,0.47987139225006104,0.07059518992900848,0.12469171732664108,0.2779860198497772,0.5024946331977844,-0.138076514005661,0.8669041395187378,0.2765272259712219,0.4965735375881195,0.06651470065116882,0.1489010751247406,0.28178027272224426,0.5177280902862549,-0.1568877249956131,0.8421135544776917,0.2825617492198944,0.4956449270248413,0.042634017765522,0.15906085073947906,0.28752046823501587,0.5127427577972412,-0.15142133831977844,0.8414661884307861,0.28058356046676636,0.4902898669242859,0.05674709752202034,0.16657598316669464,0.28582680225372314,0.50722736120224,-0.13357488811016083,0.803674578666687,0.20897600054740906,0.43434908986091614,0.09786399453878403,0.9989081621170044,0.2061770260334015,0.44632604718208313,-0.09775516390800476,0.9992938041687012,0.2672356069087982,0.5177180171012878,0.15479929745197296,0.4077654778957367,0.27158600091934204,0.528071403503418,-0.07077522575855255,0.9566743969917297,0.2661849856376648,0.6187738180160522,0.24402114748954773,0.522533118724823,0.2645270526409149,0.6490676403045654,0.03400043770670891,0.9530137777328491,0.25532907247543335,0.6340697407722473,0.24967136979103088,0.5400619506835938,0.25510627031326294,0.670400083065033,0.0433993861079216,0.9222671389579773,0.29223743081092834,0.6369799375534058,0.22048711776733398,0.622646152973175,0.2955261170864105,0.6650868654251099,0.006977496203035116,0.9486805200576782
49,0.3316880762577057,0.3229040503501892,-0.05382990092039108,0.9993685483932495,0.3327791094779968,0.3099302649497986,-0.04262753203511238,0.9996165633201599,0.3321695923805237,0.3089437484741211,-0.04271892458200455,0.9995447993278503,0.33149728178977966,0.30799323320388794,-0.042794156819581985,0.9996620416641235,0.33209776878356934,0.31002214550971985,-0.07311560213565826,0.9996266961097717,0.33104315400123596,0.3092198073863983,-0.0731704831123352,0.999514102935791,0.3298984467983246,0.30842211842536926,-0.07322946935892105,0.9996981024742126,0.3194928467273712,0.30394041538238525,0.010098797269165516,0.9994180202484131,0.3188125789165497,0.3054489195346832,-0.12659291923046112,0.9996631145477295,0.324280709028244,0.32789379358291626,-0.03149557113647461,0.9995437264442444,0.32322871685028076,0.32739293575286865,-0.07121171802282333,0.9997138381004333,0.27830326557159424,0.3290186822414398,0.10217063128948212,0.9994637966156006,0.2781473994255066,0.34302058815956116,-0.1982259899377823,0.9999366998672485,0.2620093822479248,0.4096011221408844,0.14204899966716766,0.07955503463745117,0.2598591446876526,0.42448681592941284,-0.22343194484710693,0.9307036995887756,0.2727786898612976,0.47392597794532776,0.08087097108364105,0.12308219820261002,0.27743884921073914,0.49883976578712463,-0.12693922221660614,0.8727638125419617,0.276859313249588,0.4909767806529999,0.07799716293811798,0.14628663659095764,0.28030240535736084,0.5130415558815002,-0.1447075605392456,0.8467678427696228,0.2822907269001007,0.4886271357536316,0.054545093327760696,0.15610024333000183,0.2855204939842224,0.508424699306488,-0.1418682485818863,0.845940351486206,0.28072378039360046,0.4846419095993042,0.06742368638515472,0.16346724331378937,0.28433364629745483,0.5037171244621277,-0.12319229543209076,0.807525634765625,0.212114617228508,0.4319981336593628,0.09695787727832794,0.9988372325897217,0.20708370208740234,0.4430983364582062,-0.09686414897441864,0.9992551207542419,0.26754307746887207,0.5156586170196533,0.14969250559806824,0.40572255849838257,0.26963213086128235,0.5286616683006287,-0.06848238408565521,0.9570791721343994,0.26620566844940186,0.6187921166419983,0.23347429931163788,0.5158526301383972,0.26454466581344604,0.6479367613792419,0.033592015504837036,0.9539820551872253,0.2582884132862091,0.6363705992698669,0.23862645030021667,0.5327666997909546,0.2550390064716339,0.6703028082847595,0.04253962263464928,0.9230201840400696,0.2922361493110657,0.6377688050270081,0.20974847674369812,0.6178414821624756,0.2953377366065979,0.6650709509849548,0.005220544058829546,0.9491451978683472
50,0.3312082886695862,0.3134116530418396,-0.05325492098927498,0.9992696642875671,0.33201849460601807,0.3012661635875702,-0.04277036339044571,0.9995246529579163,0.3312990367412567,0.3002486824989319,-0.04286007210612297,0.9994597434997559,0.33055347204208374,0.2992090880870819,-0.04293791204690933,0.9995875954627991,0.3314679265022278,0.3014402985572815,-0.07299283891916275,0.9995337128639221,0.33040300011634827,0.30068880319595337,-0.07304782420396805,0.9994177222251892,0.32927995920181274,0.2998856008052826,-0.07310865819454193,0.9996248483657837,0.31892240047454834,0.29484206438064575,0.008775606751441956,0.9992461800575256,0.318656861782074,0.2968364357948303,-0.12792053818702698,0.9995786547660828,0.32384854555130005,0.31890952587127686,-0.031504251062870026,0.9994456171989441,0.3230869174003601,0.318466454744339,-0.07094848155975342,0.9996638894081116,0.2781296670436859,0.31935882568359375,0.10040125995874405,0.9994585514068604,0.27814310789108276,0.3380514085292816,-0.1974826604127884,0.9999377727508545,0.2616460919380188,0.3981921076774597,0.14086183905601501,0.07905421406030655,0.26059532165527344,0.41652339696884155,-0.22172336280345917,0.9348798990249634,0.2730361819267273,0.46137723326683044,0.08694877475500107,0.11998890340328217,0.27730950713157654,0.4889117181301117,-0.11575698852539062,0.875105619430542,0.2763195335865021,0.47665899991989136,0.08597786724567413,0.14179648458957672,0.2789386510848999,0.505838930606842,-0.1309700906276703,0.8473665118217468,0.28012123703956604,0.4772467315196991,0.06274431198835373,0.1514464169740677,0.2839975953102112,0.5024341344833374,-0.12433014810085297,0.8466541767120361,0.2789551913738251,0.47259435057640076,0.07391222566366196,0.15853528678417206,0.28319212794303894,0.49677959084510803,-0.11020831018686295,0.8063634037971497,0.21517303586006165,0.42757490277290344,0.09544118493795395,0.9987504482269287,0.20959165692329407,0.44129833579063416,-0.09536170214414597,0.9992002248764038,0.2673991024494171,0.5142760872840881,0.15459351241588593,0.40641456842422485,0.2674793601036072,0.5295681953430176,-0.05068407580256462,0.9574996829032898,0.26606687903404236,0.6185652613639832,0.24804480373859406,0.5166109204292297,0.26453056931495667,0.6476050019264221,0.05806688591837883,0.9544219970703125,0.2635013163089752,0.6384500861167908,0.25465697050094604,0.5286994576454163,0.25575190782546997,0.670214831829071,0.06735362857580185,0.9226460456848145,0.2926672399044037,0.6365426182746887,0.22861354053020477,0.6228190064430237,0.2952633202075958,0.6653367877006531,0.031009485945105553,0.9496133923530579
51,0.3310207426548004,0.3034107983112335,-0.05578203871846199,0.9992021918296814,0.33188459277153015,0.2912929356098175,-0.04522733390331268,0.9994569420814514,0.3311118483543396,0.29041603207588196,-0.04532565176486969,0.9993956685066223,0.3303031325340271,0.2894376516342163,-0.04541710764169693,0.9995384216308594,0.33133506774902344,0.29151931405067444,-0.07724320888519287,0.9994694590568542,0.3302215337753296,0.2909088432788849,-0.07729576528072357,0.999344527721405,0.3290420174598694,0.2901756465435028,-0.07737291604280472,0.9995729923248291,0.31863635778427124,0.28577202558517456,0.004903876222670078,0.9991062879562378,0.31840044260025024,0.28761014342308044,-0.13930219411849976,0.999509334564209,0.32359862327575684,0.30986344814300537,-0.03389020636677742,0.99937504529953,0.322837769985199,0.30957919359207153,-0.0756121575832367,0.9996269345283508,0.27797695994377136,0.31207138299942017,0.09928551316261292,0.9994444847106934,0.2778732180595398,0.33457234501838684,-0.20729687809944153,0.9999375939369202,0.2614831030368805,0.392254501581192,0.14769767224788666,0.0778091698884964,0.2603203058242798,0.41375595331192017,-0.2219894677400589,0.9385590553283691,0.2739863097667694,0.4526185393333435,0.10164207220077515,0.11756780743598938,0.2770248353481293,0.48443663120269775,-0.1285449117422104,0.8772680759429932,0.2781701982021332,0.46441128849983215,0.10081080347299576,0.1382947564125061,0.27756235003471375,0.5027300715446472,-0.1462756097316742,0.8479533195495605,0.2822442948818207,0.4649750888347626,0.07728627324104309,0.14790841937065125,0.2832428514957428,0.49901083111763,-0.1383698731660843,0.8471140265464783,0.2804259657859802,0.46231886744499207,0.08860915154218674,0.1547088772058487,0.2825843393802643,0.4926406145095825,-0.12285180389881134,0.8043869137763977,0.2169615775346756,0.42486417293548584,0.0954420417547226,0.9985885620117188,0.2102430760860443,0.44037994742393494,-0.09536268562078476,0.999104917049408,0.26756447553634644,0.5087720155715942,0.17219237983226776,0.4066670536994934,0.2668044865131378,0.5296803712844849,-0.04531554877758026,0.9578757882118225,0.26613274216651917,0.6153566837310791,0.2834036946296692,0.5156555771827698,0.26461902260780334,0.6475992202758789,0.06829439103603363,0.9548347592353821,0.26295363903045654,0.6365044713020325,0.29233217239379883,0.5237759351730347,0.2560019791126251,0.6698988080024719,0.07797382026910782,0.9224045276641846,0.2926993668079376,0.6340739130973816,0.2681022882461548,0.6259336471557617,0.2951710820198059,0.6654651761054993,0.03723163157701492,0.9499408602714539
52,0.32993417978286743,0.29504284262657166,-0.06207537651062012,0.9989660978317261,0.3303799629211426,0.28298741579055786,-0.05204612761735916,0.9992517828941345,0.32957586646080017,0.28215381503105164,-0.05214455723762512,0.9991651177406311,0.32872429490089417,0.28118571639060974,-0.05222686380147934,0.9993642568588257,0.32984021306037903,0.28303512930870056,-0.08333903551101685,0.9992850422859192,0.3286896347999573,0.28238144516944885,-0.08339448273181915,0.9991140961647034,0.3274523913860321,0.28157809376716614,-0.08347960561513901,0.999428927898407,0.3170755207538605,0.27748337388038635,-0.001873454311862588,0.9986360669136047,0.31683140993118286,0.2791743278503418,-0.142192542552948,0.9993056058883667,0.3228317201137543,0.301867812871933,-0.039858441799879074,0.9991468191146851,0.322158545255661,0.30129849910736084,-0.08060778677463531,0.9995131492614746,0.27737098932266235,0.30420607328414917,0.09382247924804688,0.9994099140167236,0.2777378261089325,0.3265424370765686,-0.2088194191455841,0.9999380111694336,0.26184141635894775,0.38776305317878723,0.13486918807029724,0.0734139084815979,0.2599685490131378,0.40784093737602234,-0.21779616177082062,0.9380863904953003,0.2747424244880676,0.44635680317878723,0.07899697124958038,0.11128167062997818,0.27286869287490845,0.47801119089126587,-0.12508909404277802,0.8711005449295044,0.27849099040031433,0.4556247293949127,0.07624871283769608,0.13117480278015137,0.27266961336135864,0.4966794550418854,-0.14266334474086761,0.8402521014213562,0.28238776326179504,0.4566933810710907,0.0539868101477623,0.14027966558933258,0.2790597677230835,0.4921649098396301,-0.13657332956790924,0.8390182852745056,0.2813250720500946,0.4539683163166046,0.06608770042657852,0.1467393934726715,0.27858808636665344,0.4864368736743927,-0.12013521045446396,0.7939068675041199,0.21584895253181458,0.4244515299797058,0.09532755613327026,0.9985184669494629,0.21329514682292938,0.440020352602005,-0.09525588899850845,0.9990959167480469,0.2677358388900757,0.5021067261695862,0.19708514213562012,0.3956906497478485,0.2668265998363495,0.529475212097168,-0.03210798650979996,0.9568015336990356,0.26611727476119995,0.6091664433479309,0.3208947777748108,0.5065547823905945,0.2646021544933319,0.6475248336791992,0.0871644988656044,0.9542384743690491,0.2676277458667755,0.6308018565177917,0.3310151696205139,0.5152899622917175,0.2559223175048828,0.6698455214500427,0.09739924967288971,0.9207073450088501,0.2925855219364166,0.6259263753890991,0.3091295659542084,0.6235648393630981,0.29510432481765747,0.6650791764259338,0.05736793205142021,0.9493406414985657
53,0.32757025957107544,0.2870182394981384,-0.08785498142242432,0.9988368153572083,0.3279723823070526,0.2753240168094635,-0.07798419147729874,0.9991120100021362,0.3272669017314911,0.2745837867259979,-0.07807477563619614,0.9989871978759766,0.32647305727005005,0.2736611068248749,-0.07814543694257736,0.9992385506629944,0.3271160423755646,0.2751501500606537,-0.10860606282949448,0.9991685748100281,0.3257856070995331,0.27439528703689575,-0.10866723954677582,0.9989580512046814,0.3243185579776764,0.27346888184547424,-0.10875207185745239,0.9993396401405334,0.31464430689811707,0.27000054717063904,-0.024560537189245224,0.9981915354728699,0.3130602538585663,0.2708178758621216,-0.16201771795749664,0.9991614818572998,0.3206259608268738,0.2941414713859558,-0.06412127614021301,0.9990103840827942,0.3194856345653534,0.29343149065971375,-0.10405762493610382,0.9994525909423828,0.27687352895736694,0.2989402115345001,0.07451022416353226,0.9993964433670044,0.2770506739616394,0.3205850422382355,-0.22432704269886017,0.999940037727356,0.26359668374061584,0.3848768472671509,0.11209587752819061,0.07127224653959274,0.26001930236816406,0.40566369891166687,-0.2325953245162964,0.9395084381103516,0.2791803479194641,0.4467208683490753,0.04972272366285324,0.1099921315908432,0.2706041932106018,0.47500091791152954,-0.1517060548067093,0.8739785552024841,0.28208839893341064,0.45707422494888306,0.046251874417066574,0.12943890690803528,0.26894867420196533,0.49541935324668884,-0.1724480390548706,0.8429994583129883,0.2886146903038025,0.45756587386131287,0.02159254066646099,0.13839858770370483,0.2761394679546356,0.4899224042892456,-0.16795077919960022,0.8415046334266663,0.2849991023540497,0.45453351736068726,0.035853222012519836,0.14478980004787445,0.27593469619750977,0.4832397699356079,-0.14770068228244781,0.7959385514259338,0.21736514568328857,0.4244544804096222,0.09523694217205048,0.998498797416687,0.21449685096740723,0.43795061111450195,-0.09518162906169891,0.9991158843040466,0.2670982778072357,0.5011130571365356,0.19738247990608215,0.38243862986564636,0.2661842107772827,0.5295718908309937,-0.03512394800782204,0.9560284614562988,0.26575231552124023,0.6101956963539124,0.3185218870639801,0.49681800603866577,0.2645411193370819,0.6478002667427063,0.08291088044643402,0.9540074467658997,0.2686375379562378,0.6307613849639893,0.32831472158432007,0.5088281035423279,0.25595396757125854,0.670295000076294,0.09268052875995636,0.9201787114143372,0.2934027314186096,0.6237083673477173,0.3038184344768524,0.6204994320869446,0.29591476917266846,0.6659200191497803,0.04922401160001755,0.9489725828170776
54,0.3256226181983948,0.27755892276763916,-0.08942082524299622,0.9985650777816772,0.3256353735923767,0.26533207297325134,-0.08047717809677124,0.9987711906433105,0.32497063279151917,0.26453518867492676,-0.08056221902370453,0.9986022710800171,0.3242192566394806,0.26362770795822144,-0.08062460273504257,0.9989721775054932,0.3247286081314087,0.26537904143333435,-0.11117025464773178,0.9988828897476196,0.32338517904281616,0.2647041082382202,-0.11122173070907593,0.9986057877540588,0.3218967318534851,0.26396533846855164,-0.11130541563034058,0.999107301235199,0.312499463558197,0.26177871227264404,-0.030255939811468124,0.9970576763153076,0.3104819655418396,0.2626397907733917,-0.16866344213485718,0.9987212419509888,0.31932467222213745,0.2846640646457672,-0.06667617708444595,0.9986861944198608,0.3180955648422241,0.2844312787055969,-0.10693667083978653,0.9992877244949341,0.27646785974502563,0.2932840883731842,0.06623704731464386,0.999359130859375,0.2770136296749115,0.3143424689769745,-0.2278537005186081,0.9999371767044067,0.26595497131347656,0.37772539258003235,0.10435108840465546,0.07228045165538788,0.26237377524375916,0.39589446783065796,-0.242022305727005,0.9415422081947327,0.2813169062137604,0.43942418694496155,0.044020477682352066,0.11914283037185669,0.27047377824783325,0.469087153673172,-0.17790985107421875,0.8791499137878418,0.286137193441391,0.45168912410736084,0.043131399899721146,0.1385008543729782,0.26655203104019165,0.4884829521179199,-0.20096662640571594,0.8491132855415344,0.29123052954673767,0.4540884792804718,0.015983622521162033,0.14784570038318634,0.2749943435192108,0.4824555516242981,-0.19555683434009552,0.8472130298614502,0.2878935635089874,0.44839075207710266,0.029734831303358078,0.15415380895137787,0.27458107471466064,0.47766971588134766,-0.1739654392004013,0.801368236541748,0.22067558765411377,0.4221169054508209,0.09497348964214325,0.9983921647071838,0.21797208487987518,0.43404293060302734,-0.09493232518434525,0.9990726709365845,0.26489177346229553,0.501189112663269,0.19130192697048187,0.3764469623565674,0.2658098340034485,0.5276064276695251,-0.040143340826034546,0.9577592611312866,0.26481860876083374,0.6104787588119507,0.3169323801994324,0.4967478811740875,0.2645278573036194,0.6470159292221069,0.04050619900226593,0.9561271667480469,0.2641592025756836,0.6302114129066467,0.3249453604221344,0.5096663236618042,0.2559119164943695,0.6700871586799622,0.04586794227361679,0.9227129817008972,0.2930935025215149,0.6252314448356628,0.2855846881866455,0.6240044832229614,0.29592078924179077,0.6652317643165588,-0.00958658941090107,0.9506251215934753
55,0.32389020919799805,0.26920458674430847,-0.09920332580804825,0.9983803629875183,0.3236422836780548,0.25725680589675903,-0.09040632098913193,0.9985169172286987,0.32304567098617554,0.2565658986568451,-0.09048791229724884,0.9983246922492981,0.32233482599258423,0.2557312250137329,-0.0905446782708168,0.9987888932228088,0.3226182758808136,0.2572559416294098,-0.12183243036270142,0.9986892938613892,0.32122716307640076,0.25661996006965637,-0.12187795341014862,0.9983706474304199,0.31967657804489136,0.2559148967266083,-0.12195605039596558,0.998947024345398,0.31065502762794495,0.2546573579311371,-0.039431266486644745,0.9962989687919617,0.30825579166412354,0.25551971793174744,-0.18112754821777344,0.9983810186386108,0.3181300461292267,0.2767695188522339,-0.07603421062231064,0.9984318614006042,0.31669726967811584,0.27663466334342957,-0.11723512411117554,0.9991673231124878,0.27646753191947937,0.2883852422237396,0.058376748114824295,0.9993310570716858,0.2759735584259033,0.3098093569278717,-0.2361399233341217,0.9999338984489441,0.2655535936355591,0.367477148771286,0.09983421117067337,0.0740903839468956,0.2620845437049866,0.39151662588119507,-0.2505781352519989,0.9436721801757812,0.2829229235649109,0.42910832166671753,0.04222271591424942,0.12859544157981873,0.26080331206321716,0.46586930751800537,-0.19189195334911346,0.883877694606781,0.29081326723098755,0.4432865381240845,0.041483137756586075,0.1480119675397873,0.258319616317749,0.48817893862724304,-0.2152765542268753,0.85493004322052,0.2935948669910431,0.44419610500335693,0.014565588906407356,0.15770350396633148,0.26720210909843445,0.48257970809936523,-0.21164579689502716,0.8527085185050964,0.28901568055152893,0.4390787184238434,0.028159016743302345,0.16375982761383057,0.26656293869018555,0.47760075330734253,-0.18869508802890778,0.806601881980896,0.2245054543018341,0.41771215200424194,0.09488357603549957,0.9982481002807617,0.22031521797180176,0.43095797300338745,-0.09484389424324036,0.9990063309669495,0.2650192379951477,0.5005003213882446,0.17204657196998596,0.3751256465911865,0.2659077048301697,0.5252362489700317,-0.05965464189648628,0.9598352909088135,0.2634595036506653,0.6090559363365173,0.27774712443351746,0.49644535779953003,0.26398128271102905,0.6456620693206787,0.012084194459021091,0.9579079151153564,0.2640748620033264,0.6271114945411682,0.2853274941444397,0.5086323022842407,0.2554779350757599,0.6678890585899353,0.016223300248384476,0.9245113730430603,0.292979896068573,0.6221298575401306,0.25486400723457336,0.6269681453704834,0.2959829568862915,0.6633670330047607,-0.03965572267770767,0.9518842101097107
56,0.3220899999141693,0.2614448666572571,-0.11690463870763779,0.9983677268028259,0.32171550393104553,0.24950845539569855,-0.10788880288600922,0.9984245300292969,0.3212682604789734,0.2488567978143692,-0.10796336084604263,0.9982258677482605,0.3207050859928131,0.24806912243366241,-0.10802225023508072,0.9987292289733887,0.32017096877098083,0.24940034747123718,-0.13859377801418304,0.9986282587051392,0.3185308575630188,0.24869820475578308,-0.13864421844482422,0.9983035922050476,0.316764771938324,0.24798160791397095,-0.13871945440769196,0.9988919496536255,0.3089478611946106,0.2475542277097702,-0.053117744624614716,0.9959427714347839,0.3048308491706848,0.24783331155776978,-0.19185152649879456,0.9981740117073059,0.31695762276649475,0.26959851384162903,-0.09216426312923431,0.9983105063438416,0.31487831473350525,0.2693540155887604,-0.1325138956308365,0.9991217851638794,0.27858787775039673,0.28482648730278015,0.04363355413079262,0.9993330836296082,0.27074891328811646,0.3049721419811249,-0.2386617362499237,0.9999290108680725,0.26852327585220337,0.3639410138130188,0.09346185624599457,0.08527766168117523,0.25243744254112244,0.39211714267730713,-0.2517909109592438,0.9456815719604492,0.2872828245162964,0.424946665763855,0.03981370851397514,0.15794722735881805,0.2513594329357147,0.466094046831131,-0.20285502076148987,0.8889975547790527,0.2957361042499542,0.4400619864463806,0.037903718650341034,0.17533303797245026,0.250265896320343,0.48699289560317993,-0.2263530045747757,0.860802412033081,0.2992374897003174,0.44061335921287537,0.011300486512482166,0.186248317360878,0.258122980594635,0.4822293519973755,-0.2258721888065338,0.8585121035575867,0.29416269063949585,0.4356659948825836,0.026405010372400284,0.1907573938369751,0.257831871509552,0.4765200912952423,-0.20084026455879211,0.8126870393753052,0.23041899502277374,0.4158991873264313,0.09196691960096359,0.9981083869934082,0.21960735321044922,0.429137259721756,-0.09190935641527176,0.9989485144615173,0.2651169002056122,0.4946558177471161,0.16941866278648376,0.38318344950675964,0.2670885920524597,0.521898627281189,-0.06814824789762497,0.9617580771446228,0.26278257369995117,0.6067069172859192,0.2772025763988495,0.49963074922561646,0.2639221251010895,0.6449472308158875,0.0033047799952328205,0.9594252109527588,0.2630937993526459,0.6232165098190308,0.2852371335029602,0.5099074244499207,0.2554522156715393,0.6672316789627075,0.0074755288660526276,0.9254938364028931,0.2923533320426941,0.6228476166725159,0.25554466247558594,0.6304718255996704,0.2961074411869049,0.661872923374176,-0.046106599271297455,0.9527003765106201
57,0.32046064734458923,0.25530657172203064,-0.14435163140296936,0.9984158277511597,0.32006025314331055,0.24319988489151,-0.1355588734149933,0.9983940124511719,0.319729745388031,0.24253767728805542,-0.13562926650047302,0.9981928467750549,0.31928128004074097,0.24171307682991028,-0.13569697737693787,0.998715341091156,0.31815576553344727,0.24298352003097534,-0.1652211844921112,0.9986255764961243,0.31635385751724243,0.2421935349702835,-0.16528061032295227,0.9983154535293579,0.3144737184047699,0.24140791594982147,-0.16535748541355133,0.9988893270492554,0.30746179819107056,0.24121113121509552,-0.07919961214065552,0.9958019852638245,0.3023168444633484,0.2412293702363968,-0.2131998986005783,0.9980918169021606,0.3156391978263855,0.2638776898384094,-0.11878222227096558,0.9982942342758179,0.3130106031894684,0.26345813274383545,-0.1577908992767334,0.9991278052330017,0.28126320242881775,0.2808976173400879,0.01886536180973053,0.9993378520011902,0.26590627431869507,0.30062976479530334,-0.2508402168750763,0.9999234080314636,0.2712135314941406,0.35840263962745667,0.0822593942284584,0.0987228974699974,0.2447589933872223,0.38982635736465454,-0.26560211181640625,0.9485432505607605,0.29115211963653564,0.4195137023925781,0.0444265753030777,0.1894049346446991,0.24804964661598206,0.4647959768772125,-0.23182396590709686,0.8947942852973938,0.2998211085796356,0.43454188108444214,0.04399649053812027,0.20373299717903137,0.24721190333366394,0.4851275086402893,-0.25748568773269653,0.8672119975090027,0.30367523431777954,0.4357248842716217,0.017489152029156685,0.21613793075084686,0.25412148237228394,0.48191654682159424,-0.25860264897346497,0.8648974895477295,0.29865461587905884,0.4307205080986023,0.031664714217185974,0.21903805434703827,0.2542040944099426,0.47576138377189636,-0.23093262314796448,0.8200731873512268,0.2355014979839325,0.41491422057151794,0.08728998154401779,0.9980131387710571,0.22033607959747314,0.42681360244750977,-0.08722883462905884,0.9988695979118347,0.2658465802669525,0.494558185338974,0.14002713561058044,0.39511826634407043,0.2670949399471283,0.5194108486175537,-0.07216434180736542,0.9634379148483276,0.26274943351745605,0.6055060029029846,0.2405913770198822,0.5028861165046692,0.2638627886772156,0.643847644329071,-0.0003508662339299917,0.9605499505996704,0.26200586557388306,0.6234740018844604,0.2485188990831375,0.5110258460044861,0.2554223835468292,0.6672536134719849,0.003478767815977335,0.9259737133979797,0.291275292634964,0.6231014132499695,0.22369980812072754,0.6334559321403503,0.2960982918739319,0.6619340181350708,-0.05087215453386307,0.953054666519165
58,0.3199000358581543,0.24963301420211792,-0.18236055970191956,0.9984288215637207,0.3192886710166931,0.23678503930568695,-0.17334505915641785,0.998299241065979,0.31905561685562134,0.2360590100288391,-0.17340606451034546,0.9980893731117249,0.3187159597873688,0.2351958453655243,-0.17347611486911774,0.9986619353294373,0.3172699809074402,0.23697642982006073,-0.20377500355243683,0.9986042976379395,0.31538498401641846,0.23636125028133392,-0.20384284853935242,0.9983133673667908,0.3132982850074768,0.23565317690372467,-0.20392540097236633,0.998877763748169,0.30666691064834595,0.23576496541500092,-0.11227959394454956,0.9955737590789795,0.3005567193031311,0.2363809198141098,-0.24943692982196808,0.9979844689369202,0.31540003418922424,0.2587731182575226,-0.15465092658996582,0.9982454180717468,0.3124667704105377,0.25830772519111633,-0.1946161389350891,0.9991218447685242,0.28390440344810486,0.276430606842041,-0.007920718751847744,0.9993260502815247,0.26322510838508606,0.29799607396125793,-0.2775481343269348,0.9999164938926697,0.27618297934532166,0.3538252115249634,0.07223761081695557,0.11678062379360199,0.24157603085041046,0.38467398285865784,-0.2939336895942688,0.9516706466674805,0.2973025143146515,0.41338279843330383,0.05128880590200424,0.22503994405269623,0.24724845588207245,0.46038225293159485,-0.27220338582992554,0.9009296298027039,0.30462831258773804,0.4273585081100464,0.05312378332018852,0.23421970009803772,0.24568471312522888,0.4805840849876404,-0.30019134283065796,0.8738203048706055,0.3083800673484802,0.4289713203907013,0.02617918886244297,0.24812866747379303,0.2526269555091858,0.47716036438941956,-0.3016393184661865,0.8714649677276611,0.3049547076225281,0.4249562919139862,0.03871047496795654,0.24949201941490173,0.25316858291625977,0.4710802137851715,-0.2718375325202942,0.8274791240692139,0.24122536182403564,0.41226398944854736,0.08579574525356293,0.9978808760643005,0.2230452001094818,0.4247835874557495,-0.08575502038002014,0.9987878799438477,0.2675183117389679,0.4966111183166504,0.14425761997699738,0.4047168791294098,0.2670159935951233,0.5162729620933533,-0.07513386756181717,0.9652287364006042,0.26238325238227844,0.5958407521247864,0.2499627321958542,0.5024476051330566,0.2634422183036804,0.6423596143722534,2.5262992494390346e-05,0.9619243741035461,0.2619905173778534,0.6239235401153564,0.2542875409126282,0.5066720247268677,0.2552504539489746,0.6672554612159729,0.003671507118269801,0.9270339608192444,0.29106244444847107,0.6204923987388611,0.23404133319854736,0.6344234347343445,0.29564350843429565,0.6590248346328735,-0.057536493986845016,0.954001784324646
59,0.31964921951293945,0.24623222649097443,-0.17497782409191132,0.9984910488128662,0.3189059793949127,0.23287272453308105,-0.1658187210559845,0.9982824921607971,0.3186359405517578,0.23203712701797485,-0.16588184237480164,0.9980777502059937,0.3182959258556366,0.23109695315361023,-0.16595084965229034,0.9986698627471924,0.3167978525161743,0.23355542123317719,-0.1969754844903946,0.9986242651939392,0.3149335980415344,0.2332913875579834,-0.19703136384487152,0.998349666595459,0.31269803643226624,0.23281146585941315,-0.19709788262844086,0.99888676404953,0.30602163076400757,0.2320447564125061,-0.10449597984552383,0.9956337809562683,0.29951995611190796,0.23396073281764984,-0.24478189647197723,0.9979435205459595,0.3151628077030182,0.2559753656387329,-0.1472284346818924,0.9982803463935852,0.3120291233062744,0.2558425962924957,-0.18808187544345856,0.9991398453712463,0.2853580713272095,0.27215510606765747,-0.004690066445618868,0.9993501901626587,0.2607271671295166,0.2960399389266968,-0.2707368731498718,0.9999029040336609,0.2817060351371765,0.3480812907218933,0.08059586584568024,0.15494024753570557,0.241105318069458,0.38082578778266907,-0.2867653965950012,0.9549068808555603,0.30763429403305054,0.405978798866272,0.054187484085559845,0.28277266025543213,0.2476869374513626,0.4549165964126587,-0.2690001130104065,0.908056914806366,0.3147616684436798,0.4181068241596222,0.05868225544691086,0.2861703932285309,0.24592134356498718,0.475765585899353,-0.2968089282512665,0.8819581270217896,0.3185204565525055,0.4185764491558075,0.027904730290174484,0.3008929193019867,0.25242525339126587,0.47128602862358093,-0.29922497272491455,0.8796321153640747,0.3149978220462799,0.4154129922389984,0.0407412052154541,0.3000745475292206,0.25350698828697205,0.46478480100631714,-0.2691009044647217,0.8372586369514465,0.24432842433452606,0.4098016917705536,0.08308662474155426,0.9978563189506531,0.22490055859088898,0.4230300188064575,-0.08305970579385757,0.9986413717269897,0.2673894464969635,0.49450722336769104,0.09646107256412506,0.4256637990474701,0.2662796378135681,0.5145885348320007,-0.07943058013916016,0.9669114947319031,0.2619173526763916,0.5975672602653503,0.18619976937770844,0.5164378881454468,0.26341015100479126,0.6411158442497253,0.0001803990890039131,0.9637513756752014,0.25652098655700684,0.62437903881073,0.19243229925632477,0.5165844559669495,0.2549559473991394,0.6651096940040588,0.0042571802623569965,0.9291257262229919,0.29043009877204895,0.6213825345039368,0.15492132306098938,0.6458811163902283,0.29428666830062866,0.6591110825538635,-0.05938420817255974,0.9555185437202454
60,0.3193000555038452,0.243429496884346,-0.17860257625579834,0.998586118221283,0.3183903694152832,0.2301355004310608,-0.1688232272863388,0.9983279705047607,0.31804028153419495,0.22922682762145996,-0.16888967156410217,0.9981277585029602,0.3176134526729584,0.22824996709823608,-0.16895942389965057,0.9987133145332336,0.31618189811706543,0.23103107511997223,-0.19930335879325867,0.9986817240715027,0.3142460286617279,0.23090673983097076,-0.19935069978237152,0.9984208941459656,0.3120378255844116,0.2306794375181198,-0.19941991567611694,0.9989238381385803,0.3052612841129303,0.22921256721019745,-0.10547526925802231,0.995790421962738,0.29871708154678345,0.23162540793418884,-0.24262340366840363,0.9979621171951294,0.31480348110198975,0.25389230251312256,-0.1501404494047165,0.9983597993850708,0.3115890622138977,0.2537845969200134,-0.19007918238639832,0.9991793036460876,0.28720375895500183,0.27136510610580444,-0.0054777744226157665,0.9993886351585388,0.2585010230541229,0.2932388186454773,-0.2661621570587158,0.9998937845230103,0.2837327718734741,0.3462657928466797,0.08759467303752899,0.19577264785766602,0.23962216079235077,0.3787538409233093,-0.2835365831851959,0.9580615758895874,0.3127906918525696,0.3984357714653015,0.0664869025349617,0.34297171235084534,0.24837656319141388,0.4530241787433624,-0.27103176712989807,0.9150582551956177,0.3204876184463501,0.41002610325813293,0.069517120718956,0.34275490045547485,0.24751070141792297,0.4731317460536957,-0.30005139112472534,0.8901970386505127,0.323316365480423,0.4106089472770691,0.03846030309796333,0.35759851336479187,0.2538071870803833,0.4670499861240387,-0.3036561608314514,0.887944757938385,0.3198602795600891,0.40776973962783813,0.053722184151411057,0.35492372512817383,0.2546183466911316,0.4602898955345154,-0.27164992690086365,0.8474527597427368,0.24680665135383606,0.4097296893596649,0.08122457563877106,0.9978755116462708,0.22596947848796844,0.42112916707992554,-0.08121760189533234,0.9985517859458923,0.2682340145111084,0.49555644392967224,0.10430765151977539,0.44899782538414,0.2647742033004761,0.5154786705970764,-0.062131933867931366,0.9685621857643127,0.26220300793647766,0.5991054177284241,0.21143648028373718,0.5333904027938843,0.26376843452453613,0.6420718431472778,0.033124782145023346,0.9657353758811951,0.2557190954685211,0.6246869564056396,0.21970748901367188,0.5294694304466248,0.25498706102371216,0.6651188731193542,0.03819417208433151,0.9316177368164062,0.29068228602409363,0.6236578822135925,0.1851494163274765,0.6599734425544739,0.2943011522293091,0.6629429459571838,-0.031000856310129166,0.957366406917572
61,0.31874385476112366,0.24337105453014374,-0.1766551434993744,0.998680591583252,0.31792619824409485,0.23006172478199005,-0.16652686893939972,0.9983759522438049,0.31768590211868286,0.22931943833827972,-0.16659994423389435,0.9981862306594849,0.31732767820358276,0.2284427136182785,-0.1666679084300995,0.9987577199935913,0.3155069947242737,0.23075233399868011,-0.19659921526908875,0.9987351298332214,0.31343138217926025,0.23060669004917145,-0.19664201140403748,0.9984867572784424,0.31116145849227905,0.23034225404262543,-0.19671417772769928,0.9989533424377441,0.30482691526412964,0.22889269888401031,-0.1016063243150711,0.9959579706192017,0.2979258894920349,0.23108774423599243,-0.23687084019184113,0.9979620575904846,0.3143300414085388,0.25476378202438354,-0.14773496985435486,0.9984503984451294,0.31081852316856384,0.25402453541755676,-0.18709062039852142,0.9992249011993408,0.2895382046699524,0.27273303270339966,-0.0045965430326759815,0.9994335770606995,0.2577308714389801,0.290187805891037,-0.2599833011627197,0.9998852610588074,0.28811293840408325,0.3447989225387573,0.08472248166799545,0.24762365221977234,0.2367980182170868,0.3744198679924011,-0.27821114659309387,0.9608588218688965,0.31847041845321655,0.3941969871520996,0.05049585551023483,0.4032436013221741,0.24905399978160858,0.44858092069625854,-0.2722698450088501,0.9214885830879211,0.3266117572784424,0.40596404671669006,0.04677682742476463,0.4010094106197357,0.2486005276441574,0.46982917189598083,-0.302659809589386,0.8978887796401978,0.32773858308792114,0.405162513256073,0.01722189597785473,0.4151964783668518,0.25509339570999146,0.4636240005493164,-0.30726152658462524,0.895672619342804,0.3242049515247345,0.4023876190185547,0.037304725497961044,0.41135576367378235,0.2558245062828064,0.4567224383354187,-0.2732519805431366,0.8569220900535583,0.2492935210466385,0.4104258716106415,0.08134016394615173,0.9978932738304138,0.22685864567756653,0.4208270013332367,-0.08133454620838165,0.9985125660896301,0.27683958411216736,0.502309262752533,0.12074992805719376,0.4725284278392792,0.26436495780944824,0.5185889005661011,-0.059238046407699585,0.970293402671814,0.2622552216053009,0.5984495878219604,0.2531583905220032,0.5488947629928589,0.26369068026542664,0.6428086161613464,0.038104262202978134,0.9679175615310669,0.25494927167892456,0.6216336488723755,0.2656579911708832,0.5432350635528564,0.25489547848701477,0.6652070879936218,0.043457627296447754,0.9348529577255249,0.2891296148300171,0.6236437559127808,0.23158569633960724,0.6728377938270569,0.2941330373287201,0.6683040261268616,-0.02931915782392025,0.9595412611961365
62,0.31876498460769653,0.24437542259693146,-0.18311701714992523,0.9987615346908569,0.3178595006465912,0.2308252602815628,-0.1737762838602066,0.9984049201011658,0.3176537752151489,0.23005494475364685,-0.17383944988250732,0.9982250928878784,0.3173525929450989,0.22913582623004913,-0.17390188574790955,0.9987925887107849,0.31544679403305054,0.231536865234375,-0.2049533575773239,0.9987805485725403,0.3134303689002991,0.23142263293266296,-0.2049909383058548,0.9985415935516357,0.3111706078052521,0.23121385276317596,-0.20505979657173157,0.9989738464355469,0.3048223555088043,0.22979173064231873,-0.11042815446853638,0.9961376190185547,0.29807159304618835,0.23252293467521667,-0.25057175755500793,0.997952938079834,0.3143433928489685,0.2554480731487274,-0.1544124186038971,0.9985265135765076,0.31075555086135864,0.2548151910305023,-0.19521155953407288,0.9992595314979553,0.2901425361633301,0.2716779410839081,-0.017440836876630783,0.9994757771492004,0.2582516074180603,0.2897530496120453,-0.2674482464790344,0.9998732805252075,0.29166093468666077,0.34286466240882874,0.07722371071577072,0.3002956509590149,0.23579227924346924,0.3666590452194214,-0.2860592007637024,0.963671088218689,0.3226615786552429,0.3926638066768646,0.047662969678640366,0.458985298871994,0.24913637340068817,0.4452808201313019,-0.27952808141708374,0.9275467991828918,0.3291870951652527,0.40446239709854126,0.04494868591427803,0.45493611693382263,0.24917829036712646,0.4668019711971283,-0.3088180124759674,0.9050247669219971,0.32976025342941284,0.40454375743865967,0.01575402356684208,0.468387246131897,0.2557147145271301,0.46111977100372314,-0.3133086562156677,0.9028151631355286,0.3270045816898346,0.40145108103752136,0.03469794988632202,0.46377134323120117,0.25629109144210815,0.4543589949607849,-0.2802901268005371,0.8655753135681152,0.25078144669532776,0.4103735387325287,0.07876221835613251,0.9979267716407776,0.2279430627822876,0.41938841342926025,-0.07878164201974869,0.9984361529350281,0.27644219994544983,0.5066646933555603,0.10924631357192993,0.4919414222240448,0.2643347382545471,0.5242984890937805,-0.04379737377166748,0.9713283181190491,0.2622966170310974,0.5990979671478271,0.23358559608459473,0.5606139898300171,0.2636842131614685,0.6435973644256592,0.05742497369647026,0.9693533778190613,0.25521790981292725,0.6207075119018555,0.2443941831588745,0.5537267923355103,0.2549896836280823,0.6652321219444275,0.06315729767084122,0.9367612600326538,0.2885434329509735,0.6238052248954773,0.20588426291942596,0.6848239302635193,0.2940426468849182,0.6690160632133484,-0.00838764850050211,0.9608209729194641
63,0.3190027177333832,0.24556969106197357,-0.18243303894996643,0.9987928867340088,0.3181038498878479,0.23169857263565063,-0.17274637520313263,0.9983354806900024,0.3178311586380005,0.23089583218097687,-0.17281335592269897,0.9981522560119629,0.31746023893356323,0.22993157804012299,-0.17288394272327423,0.9987602829933167,0.31572425365448,0.23233860731124878,-0.2037651538848877,0.99876469373703,0.3137128949165344,0.23219479620456696,-0.20379440486431122,0.9985266327857971,0.3114696741104126,0.23195640742778778,-0.20386216044425964,0.9989420175552368,0.3046799600124359,0.23105713725090027,-0.1087217703461647,0.9962012767791748,0.2983245849609375,0.23364748060703278,-0.24806363880634308,0.9978333711624146,0.31445854902267456,0.25630369782447815,-0.1536886990070343,0.9985435605049133,0.31095945835113525,0.25579777359962463,-0.19424059987068176,0.9992608428001404,0.2910996079444885,0.27170270681381226,-0.015562877058982849,0.9995084404945374,0.25836941599845886,0.28854021430015564,-0.2648232877254486,0.9998528361320496,0.29408472776412964,0.3408304452896118,0.08239699900150299,0.34300553798675537,0.23641149699687958,0.3652598559856415,-0.28327858448028564,0.9660650491714478,0.3256504535675049,0.38945671916007996,0.05280449986457825,0.5070579051971436,0.24936246871948242,0.4461766183376312,-0.27946892380714417,0.9325410723686218,0.3318835496902466,0.4010201394557953,0.04902086779475212,0.5006079077720642,0.2499881088733673,0.4670923054218292,-0.308562695980072,0.9107227921485901,0.3325289487838745,0.4003540873527527,0.019040018320083618,0.5136361122131348,0.2565132975578308,0.4617703855037689,-0.31399524211883545,0.9084592461585999,0.3299941420555115,0.3977861702442169,0.041022319346666336,0.5079509615898132,0.2568817734718323,0.45491987466812134,-0.28075748682022095,0.8720962405204773,0.2521314024925232,0.41015106439590454,0.07674048095941544,0.9979186058044434,0.22801673412322998,0.4174353778362274,-0.07675312459468842,0.9982309341430664,0.2765272259712219,0.5073668360710144,0.07944101840257645,0.5007608532905579,0.26439806818962097,0.5239829421043396,-0.0475054532289505,0.9704057574272156,0.26193779706954956,0.5995519161224365,0.1895933449268341,0.5603880286216736,0.2636798918247223,0.6436361074447632,0.05055581405758858,0.968323290348053,0.2511264681816101,0.62261563539505,0.1984306424856186,0.5557485818862915,0.25498655438423157,0.6649977564811707,0.056262124329805374,0.934777021408081,0.2865418791770935,0.6239102482795715,0.15703590214252472,0.686948299407959,0.2937557101249695,0.6685822010040283,-0.011931313201785088,0.958743691444397
64,0.31915345788002014,0.24862991273403168,-0.17796072363853455,0.9988586902618408,0.31832414865493774,0.23557205498218536,-0.16848428547382355,0.9983489513397217,0.31803616881370544,0.23484626412391663,-0.1685459315776825,0.9981690645217896,0.3176494836807251,0.2339111864566803,-0.168608620762825,0.9987794756889343,0.3159586489200592,0.23573759198188782,-0.1984991729259491,0.9987942576408386,0.31386905908584595,0.23524394631385803,-0.19852526485919952,0.9985637068748474,0.31154298782348633,0.23462654650211334,-0.19858650863170624,0.9989516735076904,0.30486494302749634,0.23387955129146576,-0.10654450953006744,0.9963604211807251,0.29866188764572144,0.23555104434490204,-0.24186904728412628,0.9978168606758118,0.3145439028739929,0.2586449086666107,-0.15027283132076263,0.9986050128936768,0.3110337257385254,0.25809115171432495,-0.1896032840013504,0.9992855191230774,0.2918443977832794,0.27276453375816345,-0.022138472646474838,0.9995481371879578,0.25788620114326477,0.28945013880729675,-0.2638263702392578,0.9998430609703064,0.2962093949317932,0.3400152027606964,0.06772782653570175,0.39159882068634033,0.23529210686683655,0.3698820173740387,-0.2795591652393341,0.9684500694274902,0.3291164040565491,0.38828498125076294,0.03466011583805084,0.5532451868057251,0.24758191406726837,0.44591373205184937,-0.26973065733909607,0.9375407695770264,0.33639273047447205,0.4002266824245453,0.03090088441967964,0.5454734563827515,0.2492552548646927,0.4675865173339844,-0.2967613935470581,0.9165948629379272,0.3367472290992737,0.3986569046974182,0.003312247572466731,0.5577637553215027,0.25599730014801025,0.46247461438179016,-0.30286163091659546,0.9143739938735962,0.33372336626052856,0.3961201012134552,0.022558052092790604,0.5515953302383423,0.25628188252449036,0.4552723467350006,-0.2712413966655731,0.8794148564338684,0.2537597715854645,0.41067442297935486,0.0719558447599411,0.9979744553565979,0.22911930084228516,0.4178329408168793,-0.07198985666036606,0.9981341361999512,0.2767186462879181,0.5100910663604736,0.06440561264753342,0.4992641806602478,0.2643633186817169,0.5240059494972229,-0.04955771937966347,0.9679316282272339,0.2618684768676758,0.6027487516403198,0.15821930766105652,0.5514345765113831,0.2636558413505554,0.6436668038368225,0.045491721481084824,0.9649625420570374,0.2511005997657776,0.6290939450263977,0.16546280682086945,0.5523036122322083,0.2548913359642029,0.6636083126068115,0.05159010738134384,0.9297116994857788,0.2860846519470215,0.6282871961593628,0.12530621886253357,0.6816731691360474,0.2929062247276306,0.6687187552452087,-0.013126231729984283,0.9536187648773193
65,0.31917378306388855,0.2495855838060379,-0.18602900207042694,0.9989213347434998,0.3184078633785248,0.2365822046995163,-0.17663267254829407,0.9983596801757812,0.31809189915657043,0.2358824610710144,-0.17668649554252625,0.9981862902641296,0.3176933526992798,0.2349408119916916,-0.17674630880355835,0.9987972974777222,0.3161610960960388,0.23649588227272034,-0.2063240110874176,0.9988248348236084,0.3140697479248047,0.2358139306306839,-0.20635469257831573,0.9986038208007812,0.3116901218891144,0.2350008338689804,-0.2064146101474762,0.998965859413147,0.30503636598587036,0.23461516201496124,-0.114412322640419,0.9965131878852844,0.29890188574790955,0.2358894944190979,-0.24813790619373322,0.9978275299072266,0.3147806227207184,0.2594182789325714,-0.15820850431919098,0.9986669421195984,0.31112125515937805,0.2587643265724182,-0.19709345698356628,0.9993150234222412,0.29374030232429504,0.2737100422382355,-0.03151245042681694,0.9995841979980469,0.2563605308532715,0.28930673003196716,-0.2607975900173187,0.9998361468315125,0.2983802855014801,0.34002548456192017,0.05925055593252182,0.43993014097213745,0.23253695666790009,0.36933475732803345,-0.2768585681915283,0.9707610607147217,0.33084288239479065,0.38674604892730713,0.02827594242990017,0.5955603122711182,0.24718248844146729,0.44616255164146423,-0.2739594876766205,0.9421671628952026,0.33912938833236694,0.39831387996673584,0.02418489009141922,0.5869224667549133,0.24918659031391144,0.468099445104599,-0.30045539140701294,0.9220556616783142,0.3395077586174011,0.3966794013977051,-0.0024962062016129494,0.5984350442886353,0.25625813007354736,0.46311262249946594,-0.3075109124183655,0.9198926091194153,0.33611950278282166,0.39440858364105225,0.016418512910604477,0.5920037627220154,0.25650763511657715,0.4558902084827423,-0.27571824193000793,0.8863447308540344,0.2554534375667572,0.4110730290412903,0.07004096359014511,0.9979760050773621,0.22990234196186066,0.418144166469574,-0.07007066905498505,0.9979923963546753,0.2767844796180725,0.510601282119751,0.06089165061712265,0.4966452717781067,0.26440346240997314,0.5239843726158142,-0.05015485733747482,0.9651864171028137,0.2616216540336609,0.6098795533180237,0.1511368304491043,0.5401887893676758,0.26357337832450867,0.6440193057060242,0.033796459436416626,0.9610702991485596,0.250254362821579,0.6298302412033081,0.1578918695449829,0.5459258556365967,0.2547087073326111,0.6636092662811279,0.038461025804281235,0.9243243932723999,0.28500038385391235,0.628233015537262,0.11733879148960114,0.673599123954773,0.2923313081264496,0.6685380935668945,-0.028562869876623154,0.9477957487106323
66,0.3194694221019745,0.2510422468185425,-0.2035800963640213,0.9989393949508667,0.31846699118614197,0.23800763487815857,-0.19378575682640076,0.9982529878616333,0.31817498803138733,0.23729221522808075,-0.1938415765762329,0.9980732202529907,0.31779006123542786,0.2363494485616684,-0.1939050406217575,0.9987344741821289,0.31628215312957764,0.23799064755439758,-0.2226957082748413,0.9987847208976746,0.31422659754753113,0.2373250275850296,-0.22273044288158417,0.9985610246658325,0.3118232190608978,0.23651422560214996,-0.22279636561870575,0.9989110827445984,0.30508729815483093,0.23597858846187592,-0.12840254604816437,0.9964808225631714,0.299129843711853,0.23717837035655975,-0.25853192806243896,0.9976622462272644,0.3153514266014099,0.26073259115219116,-0.1746276319026947,0.9986798167228699,0.31135040521621704,0.2601742148399353,-0.21247951686382294,0.9993170499801636,0.2956523895263672,0.27462998032569885,-0.04322804510593414,0.9996126890182495,0.25614577531814575,0.2899680733680725,-0.26305660605430603,0.9998195171356201,0.30147606134414673,0.34034785628318787,0.04458634927868843,0.48380425572395325,0.23295080661773682,0.3691242039203644,-0.27938583493232727,0.9725700616836548,0.33262693881988525,0.3875415027141571,0.011351064778864384,0.6333565711975098,0.2477467805147171,0.4466390609741211,-0.28062576055526733,0.945753812789917,0.3406297564506531,0.39875271916389465,0.006689468864351511,0.6237620115280151,0.24957916140556335,0.46894752979278564,-0.30756479501724243,0.9260222911834717,0.34065309166908264,0.3976673483848572,-0.01992512308061123,0.6346179246902466,0.25658348202705383,0.46385785937309265,-0.3150404095649719,0.9238612651824951,0.3373273015022278,0.3955080807209015,-0.0004831665719393641,0.6279511451721191,0.25682035088539124,0.4565332233905792,-0.28269970417022705,0.8910409212112427,0.2569809854030609,0.41131526231765747,0.0695657879114151,0.9979026317596436,0.23100705444812775,0.41871485114097595,-0.0695958212018013,0.9977724552154541,0.27721306681632996,0.5104144811630249,0.061227329075336456,0.49183958768844604,0.26457053422927856,0.5236932039260864,-0.059382639825344086,0.961571991443634,0.26064831018447876,0.6098126173019409,0.1597665250301361,0.5259281396865845,0.26354628801345825,0.6443827748298645,0.025863949209451675,0.9570125341415405,0.24893292784690857,0.6257655620574951,0.16731666028499603,0.5371643900871277,0.2547072768211365,0.6636083126068115,0.03040246106684208,0.9189615845680237,0.2841959595680237,0.6252878904342651,0.1269235908985138,0.662861168384552,0.2922171950340271,0.6681766510009766,-0.0392397865653038,0.9421018958091736
67,0.3203473687171936,0.25121989846229553,-0.21527829766273499,0.9989407062530518,0.31885385513305664,0.23808833956718445,-0.20492962002754211,0.9981303215026855,0.3185645043849945,0.23739786446094513,-0.2049892693758011,0.9979270696640015,0.318159282207489,0.2364954650402069,-0.20505741238594055,0.9986546039581299,0.3164439797401428,0.2382173091173172,-0.23346774280071259,0.9987318515777588,0.3142473101615906,0.2376687079668045,-0.23350544273853302,0.9984956979751587,0.3119400143623352,0.2369743138551712,-0.23357388377189636,0.9988439083099365,0.30522650480270386,0.23669256269931793,-0.1367708146572113,0.9963945746421814,0.2991824448108673,0.23795859515666962,-0.2652435898780823,0.9974194169044495,0.31651681661605835,0.26098987460136414,-0.18547576665878296,0.9986856579780579,0.3123505413532257,0.2606513202190399,-0.22282937169075012,0.9993131160736084,0.2975655496120453,0.27532288432121277,-0.04933128505945206,0.9996362924575806,0.2567034363746643,0.2908202111721039,-0.26737481355667114,0.9998003244400024,0.30354025959968567,0.34054720401763916,0.033662158995866776,0.5234493017196655,0.2340940684080124,0.36892732977867126,-0.28310060501098633,0.9738825559616089,0.3331463932991028,0.3884284198284149,-0.004582606256008148,0.6671854853630066,0.24780412018299103,0.4473331570625305,-0.28441041707992554,0.9483439922332764,0.340889573097229,0.399445503950119,-0.010183954611420631,0.6566652059555054,0.25024956464767456,0.46970316767692566,-0.3116569221019745,0.9286100268363953,0.34055203199386597,0.3987261950969696,-0.03618612140417099,0.666924238204956,0.25697922706604004,0.46457162499427795,-0.3192806839942932,0.9263760447502136,0.3372357487678528,0.39656537771224976,-0.01621783711016178,0.6600427031517029,0.25726354122161865,0.45707690715789795,-0.2866066098213196,0.8937237858772278,0.2592281699180603,0.41151005029678345,0.07025032490491867,0.9977501034736633,0.23308411240577698,0.41916826367378235,-0.07027595490217209,0.9975395798683167,0.27911317348480225,0.5066937804222107,0.06324679404497147,0.47926607728004456,0.26478999853134155,0.5225107669830322,-0.08489269018173218,0.9553587436676025,0.25976574420928955,0.5988879799842834,0.17840410768985748,0.500304639339447,0.2635212540626526,0.6447684168815613,-0.0002904455177485943,0.9505348801612854,0.2482130229473114,0.6121762990951538,0.1873781830072403,0.5183735489845276,0.2547035217285156,0.6638144254684448,0.004107080399990082,0.9108520150184631,0.2810949981212616,0.6156476140022278,0.15039831399917603,0.6389343738555908,0.292032390832901,0.6680741906166077,-0.06931553035974503,0.9333418011665344
68,0.32068124413490295,0.25194141268730164,-0.2565024495124817,0.9989169836044312,0.3193399906158447,0.23825983703136444,-0.2457975447177887,0.997910737991333,0.3191312253475189,0.23751427233219147,-0.24585001170635223,0.9976484179496765,0.3188173174858093,0.23679521679878235,-0.24592125415802002,0.9984912276268005,0.3166666626930237,0.23870092630386353,-0.2742834687232971,0.9986476898193359,0.3143464922904968,0.238173246383667,-0.27433866262435913,0.9984025359153748,0.3119942545890808,0.23739255964756012,-0.27441978454589844,0.9987645149230957,0.3060063421726227,0.2369602769613266,-0.1709851771593094,0.9960536956787109,0.29924464225769043,0.23807616531848907,-0.299431174993515,0.9971647262573242,0.31697067618370056,0.26165327429771423,-0.22388026118278503,0.9986552000045776,0.3125310242176056,0.26215168833732605,-0.26127296686172485,0.9993049502372742,0.30047348141670227,0.2756331264972687,-0.07518510520458221,0.9996551871299744,0.25679898262023926,0.29164084792137146,-0.29029661417007446,0.9997900724411011,0.3058682084083557,0.3387002944946289,0.02161087654531002,0.5609515309333801,0.23361840844154358,0.3702181577682495,-0.30539265275001526,0.97553950548172,0.3331168293952942,0.3890405297279358,-0.007746598683297634,0.6979187726974487,0.24812331795692444,0.447941392660141,-0.3152838945388794,0.9516633152961731,0.340501070022583,0.4012772738933563,-0.013503906317055225,0.6865150332450867,0.2506246864795685,0.47014009952545166,-0.34416884183883667,0.9324232935905457,0.3396620750427246,0.40100163221359253,-0.040373750030994415,0.6962090134620667,0.257826030254364,0.46508508920669556,-0.35414308309555054,0.9302184581756592,0.33648693561553955,0.39832448959350586,-0.019445963203907013,0.6892324686050415,0.25803130865097046,0.45769134163856506,-0.31838667392730713,0.8984647989273071,0.2624674439430237,0.41202422976493835,0.06941607594490051,0.9975529909133911,0.23513534665107727,0.41942742466926575,-0.06944440305233002,0.997317910194397,0.2805398404598236,0.5060387253761292,0.06405291706323624,0.47152844071388245,0.2649461627006531,0.522590160369873,-0.08609892427921295,0.9497978687286377,0.2598491609096527,0.5979577898979187,0.18559160828590393,0.4790799021720886,0.26335424184799194,0.6447728872299194,0.004783084616065025,0.9451867341995239,0.24887089431285858,0.6123195886611938,0.1919925957918167,0.5029174089431763,0.25444909930229187,0.6638488173484802,0.009644481353461742,0.9036933183670044,0.2810301184654236,0.6168654561042786,0.15823039412498474,0.620758056640625,0.29205122590065,0.6679918169975281,-0.06872139871120453,0.9266788363456726
69,0.3208128809928894,0.25462642312049866,-0.28361818194389343,0.9988642930984497,0.31961876153945923,0.2411520779132843,-0.272433340549469,0.997635543346405,0.3195274770259857,0.2400655597448349,-0.27249154448509216,0.9972742795944214,0.3193664848804474,0.23884539306163788,-0.2725716233253479,0.9982646107673645,0.31668928265571594,0.24172824621200562,-0.29998621344566345,0.9985210299491882,0.3144269585609436,0.24110844731330872,-0.3000492751598358,0.9982656240463257,0.3120863735675812,0.24024666845798492,-0.30013197660446167,0.9986599683761597,0.3073243498802185,0.2378118932247162,-0.1933949589729309,0.9955381155014038,0.29937082529067993,0.24004387855529785,-0.31781524419784546,0.9968762397766113,0.3173504173755646,0.2635498642921448,-0.24948665499687195,0.9985954165458679,0.3125978112220764,0.26468443870544434,-0.2856956422328949,0.9992842674255371,0.3032898008823395,0.27593573927879333,-0.09199561178684235,0.9996709227561951,0.25706011056900024,0.2921983599662781,-0.30561769008636475,0.9997855424880981,0.30694639682769775,0.33977630734443665,0.004080149810761213,0.5928387641906738,0.23422083258628845,0.3709694743156433,-0.3264384865760803,0.9769411683082581,0.333095908164978,0.39050012826919556,-0.0208653062582016,0.7239903807640076,0.2501199245452881,0.449410080909729,-0.3466385304927826,0.9542592763900757,0.33955830335617065,0.40399298071861267,-0.027121257036924362,0.7109060883522034,0.25328361988067627,0.47072306275367737,-0.377896249294281,0.935245931148529,0.33896782994270325,0.40423840284347534,-0.05416450649499893,0.7202977538108826,0.25983065366744995,0.4651297628879547,-0.3897854685783386,0.9330430030822754,0.33619779348373413,0.39970123767852783,-0.03260118514299393,0.7131041288375854,0.25977611541748047,0.4577733278274536,-0.35094302892684937,0.9018386602401733,0.2649824619293213,0.4121664762496948,0.0691351369023323,0.9974682927131653,0.2374488115310669,0.41950473189353943,-0.06915568560361862,0.9971868395805359,0.2818777859210968,0.5062806010246277,0.04641381651163101,0.4593792259693146,0.2652951180934906,0.522150993347168,-0.10225152969360352,0.9431072473526001,0.26007726788520813,0.5979498624801636,0.17447100579738617,0.45838263630867004,0.26326456665992737,0.6435204148292542,-0.009957045316696167,0.9400821924209595,0.25263354182243347,0.6134423613548279,0.1839367300271988,0.4872417449951172,0.2543293833732605,0.6617429256439209,-0.00529614370316267,0.895787239074707,0.2813090682029724,0.6178563237190247,0.13871151208877563,0.6029414534568787,0.2919870913028717,0.6679232120513916,-0.08863173425197601,0.9204833507537842
70,0.3214203119277954,0.2573453485965729,-0.3212726414203644,0.9988822340965271,0.3205319941043854,0.2444276660680771,-0.3100641667842865,0.9975419640541077,0.32052478194236755,0.24323591589927673,-0.3101097345352173,0.9971224069595337,0.32045531272888184,0.24184611439704895,-0.31018325686454773,0.9981637597084045,0.31729620695114136,0.24513448774814606,-0.3368714153766632,0.9985093474388123,0.3148966133594513,0.24458011984825134,-0.3369463384151459,0.998261570930481,0.3123890161514282,0.24381110072135925,-0.3370342552661896,0.9986594319343567,0.3089427053928375,0.24007759988307953,-0.22682610154151917,0.9952005743980408,0.2996291518211365,0.24301205575466156,-0.3480808734893799,0.9968715310096741,0.3181626796722412,0.26569437980651855,-0.2853408455848694,0.9986242651939392,0.31316739320755005,0.2670258581638336,-0.32061201333999634,0.999314546585083,0.306357741355896,0.276033490896225,-0.12058250606060028,0.9996886849403381,0.2571100890636444,0.2932376265525818,-0.32836389541625977,0.9997934103012085,0.3092697262763977,0.340690940618515,-0.02973695658147335,0.6246099472045898,0.23356851935386658,0.3730293810367584,-0.349771112203598,0.9786219000816345,0.33163562417030334,0.39630672335624695,-0.06575432419776917,0.7481587529182434,0.25107884407043457,0.4501595199108124,-0.37304359674453735,0.9573805332183838,0.33778104186058044,0.4150358736515045,-0.07626282423734665,0.7337749600410461,0.25495439767837524,0.47109004855155945,-0.40626460313796997,0.9389408230781555,0.3373402953147888,0.4150049090385437,-0.10268016904592514,0.7427630424499512,0.26184332370758057,0.46556994318962097,-0.4172869622707367,0.9367790818214417,0.334574818611145,0.40917307138442993,-0.07769544422626495,0.7354924082756042,0.2618339955806732,0.45835158228874207,-0.3770153224468231,0.9066048860549927,0.26838356256484985,0.41230717301368713,0.06901290267705917,0.9974201917648315,0.23986759781837463,0.42071178555488586,-0.0690460354089737,0.9972469806671143,0.28278255462646484,0.5062693357467651,0.054634708911180496,0.45126786828041077,0.26578429341316223,0.5232948660850525,-0.098708376288414,0.93961501121521,0.2606651186943054,0.5931692719459534,0.23637279868125916,0.4415121078491211,0.26345202326774597,0.643090546131134,-0.0004096800403203815,0.938179075717926,0.25328391790390015,0.6115825772285461,0.2500714957714081,0.47471609711647034,0.25443118810653687,0.6608592867851257,0.004845946095883846,0.8913818597793579,0.2817949056625366,0.6170876026153564,0.20514027774333954,0.5897151231765747,0.29197758436203003,0.6675053238868713,-0.08202321827411652,0.9183251857757568
71,0.32274767756462097,0.2610621154308319,-0.30473098158836365,0.9989122748374939,0.3222580850124359,0.24924984574317932,-0.29349541664123535,0.9974936246871948,0.32222139835357666,0.24815918505191803,-0.29355257749557495,0.997058629989624,0.32209375500679016,0.24684716761112213,-0.29361802339553833,0.9980981349945068,0.31930822134017944,0.24964627623558044,-0.3199285864830017,0.9985010623931885,0.31691986322402954,0.24895437061786652,-0.3199889063835144,0.9982591867446899,0.31427016854286194,0.24811001121997833,-0.3200656771659851,0.9986473321914673,0.31035858392715454,0.24402745068073273,-0.20975251495838165,0.9948791861534119,0.30119678378105164,0.24627044796943665,-0.3294338881969452,0.9968692064285278,0.3192675709724426,0.26895657181739807,-0.26844096183776855,0.9986705780029297,0.31472358107566833,0.2699693739414215,-0.30320385098457336,0.9993470311164856,0.30847781896591187,0.27644065022468567,-0.10631034523248672,0.9997126460075378,0.25717467069625854,0.2941155433654785,-0.3135681748390198,0.99980628490448,0.3109388053417206,0.3442988991737366,-0.04673714563250542,0.6552212834358215,0.23376977443695068,0.3750689923763275,-0.33240973949432373,0.9800910949707031,0.3302672207355499,0.4069008231163025,-0.12496116012334824,0.7704240679740906,0.2536255717277527,0.4511408507823944,-0.35409456491470337,0.9601471424102783,0.3367663323879242,0.4271462559700012,-0.14280575513839722,0.7552986145019531,0.2577304542064667,0.4720737040042877,-0.3882705569267273,0.9423103928565979,0.33678266406059265,0.4260823130607605,-0.16804465651512146,0.7637872695922852,0.2649536430835724,0.46665555238723755,-0.3974280059337616,0.9402064085006714,0.3341960906982422,0.4198661744594574,-0.1376904398202896,0.7563095092773438,0.26512154936790466,0.4594017267227173,-0.3573790192604065,0.910793662071228,0.27013248205184937,0.41661807894706726,0.0694880411028862,0.9974827766418457,0.24100475013256073,0.4241101145744324,-0.06952588260173798,0.9974088072776794,0.2839300334453583,0.5095362067222595,0.10835031419992447,0.45144951343536377,0.2664451003074646,0.5277572870254517,-0.10915493965148926,0.9395847916603088,0.261180579662323,0.594092607498169,0.28778064250946045,0.4340570867061615,0.26347821950912476,0.6429108381271362,-0.012548895552754402,0.9387654066085815,0.2532363831996918,0.6133360266685486,0.3028247356414795,0.47136390209198,0.2546561360359192,0.6603456139564514,-0.007501552347093821,0.8898126482963562,0.28197214007377625,0.6186550259590149,0.25940677523612976,0.5860897302627563,0.29181307554244995,0.6682305932044983,-0.1010027751326561,0.9197987914085388
72,0.3248273730278015,0.2624329924583435,-0.29513606429100037,0.9989599585533142,0.32414156198501587,0.2507867217063904,-0.28423669934272766,0.9975268244743347,0.3240239918231964,0.24977727234363556,-0.28428915143013,0.9971063733100891,0.32379859685897827,0.2485647201538086,-0.284349262714386,0.9981055855751038,0.32172176241874695,0.25113144516944885,-0.3115003705024719,0.9985347390174866,0.3195285499095917,0.25047317147254944,-0.31156644225120544,0.998305082321167,0.3169317841529846,0.24969801306724548,-0.31164562702178955,0.9986730217933655,0.312066912651062,0.2460581660270691,-0.20398017764091492,0.9948176145553589,0.3035213351249695,0.24807383120059967,-0.3272194564342499,0.9969544410705566,0.32110363245010376,0.27032995223999023,-0.260165274143219,0.9987263083457947,0.3172582685947418,0.2710714042186737,-0.29600825905799866,0.9993829131126404,0.31002992391586304,0.2794003486633301,-0.10278961807489395,0.9997342228889465,0.2572569251060486,0.2956561744213104,-0.3167768120765686,0.9998201727867126,0.3113979399204254,0.3538462221622467,-0.04605346918106079,0.6822425127029419,0.2338751256465912,0.3781929314136505,-0.33587685227394104,0.9813775420188904,0.3296130299568176,0.41829362511634827,-0.12324894964694977,0.7896894812583923,0.25533708930015564,0.4525064527988434,-0.3546440005302429,0.962736189365387,0.33444932103157043,0.43677690625190735,-0.14065417647361755,0.7734116911888123,0.2600054144859314,0.4734431505203247,-0.38918620347976685,0.9455609321594238,0.33419540524482727,0.43462520837783813,-0.16633197665214539,0.7815538644790649,0.2674906551837921,0.4683702886104584,-0.39725711941719055,0.9435329437255859,0.3316565155982971,0.42871761322021484,-0.1363048106431961,0.7736546993255615,0.2676789164543152,0.4613121449947357,-0.3575395941734314,0.9148280620574951,0.2718224823474884,0.41920894384384155,0.06986061483621597,0.9975161552429199,0.24203236401081085,0.42679092288017273,-0.06989257782697678,0.9975829720497131,0.28425905108451843,0.5134354829788208,0.13917258381843567,0.4589812457561493,0.2669198215007782,0.5309943556785583,-0.10954626649618149,0.9409634470939636,0.2618739604949951,0.5949249267578125,0.32215526700019836,0.43694430589675903,0.2636348307132721,0.6427567601203918,-0.014605073258280754,0.940954864025116,0.2532190978527069,0.6142839193344116,0.33771079778671265,0.4750126004219055,0.2547956109046936,0.6601969599723816,-0.009805995970964432,0.8904646039009094,0.28229254484176636,0.6186969876289368,0.29573315382003784,0.5899129509925842,0.29177412390708923,0.6682636737823486,-0.10405466705560684,0.9228763580322266
73,0.32633402943611145,0.2641029953956604,-0.31146395206451416,0.9989737272262573,0.32554250955581665,0.25274720788002014,-0.2995605766773224,0.9974463582038879,0.3253980576992035,0.25185683369636536,-0.2996184229850769,0.9970374703407288,0.32516956329345703,0.2507762014865875,-0.2996782660484314,0.9980072975158691,0.3232917785644531,0.2529740333557129,-0.3261433243751526,0.9985103011131287,0.321159303188324,0.2523952126502991,-0.32621702551841736,0.9982978105545044,0.31850653886795044,0.2517152726650238,-0.3262994885444641,0.998650074005127,0.31374379992485046,0.248392716050148,-0.2144336700439453,0.9944600462913513,0.30477768182754517,0.25021469593048096,-0.3345966935157776,0.9969605803489685,0.32241782546043396,0.27203747630119324,-0.2747878432273865,0.9987280964851379,0.31868839263916016,0.2726125419139862,-0.3097345530986786,0.999401867389679,0.31178954243659973,0.28310272097587585,-0.10954730212688446,0.9997517466545105,0.25728434324264526,0.29687580466270447,-0.32001516222953796,0.9998320937156677,0.3127110004425049,0.35847118496894836,-0.05465986207127571,0.707218587398529,0.2339869737625122,0.3799479901790619,-0.3395887315273285,0.9825024604797363,0.32759541273117065,0.4223156273365021,-0.13106343150138855,0.8060043454170227,0.2572926878929138,0.45358020067214966,-0.36171290278434753,0.9646019339561462,0.3315400779247284,0.43936488032341003,-0.1484324187040329,0.7880173325538635,0.26287975907325745,0.47461381554603577,-0.39640361070632935,0.9476640224456787,0.3299104571342468,0.4371406137943268,-0.1730489432811737,0.7958802580833435,0.27045172452926636,0.46954986453056335,-0.4053235948085785,0.9456729888916016,0.3270590305328369,0.43128329515457153,-0.14353600144386292,0.7874301075935364,0.27053800225257874,0.46246859431266785,-0.3649212718009949,0.9169451594352722,0.273263156414032,0.4211216866970062,0.07017845660448074,0.9975595474243164,0.24221587181091309,0.42766183614730835,-0.07020919024944305,0.9977501630783081,0.288054883480072,0.5137710571289062,0.1435912549495697,0.4683571457862854,0.2685557007789612,0.5301958322525024,-0.1314612478017807,0.9429644346237183,0.26282817125320435,0.5954526662826538,0.31567391753196716,0.44338011741638184,0.26362258195877075,0.6414676308631897,-0.050159674137830734,0.943439245223999,0.25330379605293274,0.6106705069541931,0.3297085464000702,0.48015284538269043,0.25423675775527954,0.6596916317939758,-0.04702569916844368,0.891038179397583,0.28239667415618896,0.619636595249176,0.2867913842201233,0.5963371992111206,0.29121527075767517,0.6682487726211548,-0.14387200772762299,0.9265270829200745
74,0.3279555141925812,0.2655584216117859,-0.32123664021492004,0.9989739060401917,0.3271375894546509,0.25416556000709534,-0.3082261085510254,0.9973620176315308,0.3269506096839905,0.25332552194595337,-0.30829206109046936,0.9969716668128967,0.32671114802360535,0.2522957921028137,-0.30835631489753723,0.9979061484336853,0.325063019990921,0.254208505153656,-0.33542364835739136,0.9984716773033142,0.32308822870254517,0.25358036160469055,-0.3355029225349426,0.9982784986495972,0.3205510377883911,0.25285786390304565,-0.33558914065361023,0.998616099357605,0.31536388397216797,0.249739870429039,-0.21975120902061462,0.9941068291664124,0.3067651093006134,0.2513261139392853,-0.34268179535865784,0.9969635009765625,0.3238222002983093,0.2736261188983917,-0.28359511494636536,0.9987204670906067,0.32023683190345764,0.27397221326828003,-0.31940320134162903,0.9994173645973206,0.31347888708114624,0.285560667514801,-0.11387841403484344,0.9997658729553223,0.25723564624786377,0.29779064655303955,-0.3277982771396637,0.9998420476913452,0.31274333596229553,0.36243489384651184,-0.062625452876091,0.7294133305549622,0.2342807948589325,0.3810160756111145,-0.35043826699256897,0.9834745526313782,0.32479336857795715,0.4278176426887512,-0.14160500466823578,0.8193015456199646,0.2594951391220093,0.4540099799633026,-0.37561866641044617,0.9661396741867065,0.3287433087825775,0.44276607036590576,-0.159257173538208,0.7991624474525452,0.265296071767807,0.47517985105514526,-0.4114804267883301,0.949410617351532,0.32755357027053833,0.44136476516723633,-0.18451492488384247,0.806816816329956,0.27340659499168396,0.4696413576602936,-0.4207141399383545,0.9474619030952454,0.3245832920074463,0.43610435724258423,-0.1545262485742569,0.797656238079071,0.2733847498893738,0.4626244902610779,-0.3792015016078949,0.9184553623199463,0.2743951976299286,0.4213196337223053,0.07039202749729156,0.9976094961166382,0.24198874831199646,0.4276544451713562,-0.07042353600263596,0.9979045987129211,0.29538196325302124,0.5136204957962036,0.13633187115192413,0.48547565937042236,0.2695978879928589,0.5297811627388,-0.15484049916267395,0.945519745349884,0.26453253626823425,0.5958321690559387,0.3038683235645294,0.4571789801120758,0.26369068026542664,0.6406722664833069,-0.0824577584862709,0.9464568495750427,0.2538251280784607,0.6097533106803894,0.31707438826560974,0.4909106492996216,0.25418105721473694,0.6593449115753174,-0.0804687887430191,0.8925785422325134,0.28570273518562317,0.6233226656913757,0.2698940336704254,0.6072709560394287,0.29099366068840027,0.6682161688804626,-0.1818210631608963,0.9307112693786621
75,0.3293481171131134,0.26580360531806946,-0.3328684866428375,0.9989691376686096,0.32860860228538513,0.25423377752304077,-0.31932881474494934,0.9972773790359497,0.32844582200050354,0.2533809244632721,-0.3193969130516052,0.9968850016593933,0.3282545804977417,0.25234663486480713,-0.31946080923080444,0.9977768659591675,0.3265407383441925,0.2542363703250885,-0.346710205078125,0.9984488487243652,0.3246053457260132,0.25357785820961,-0.34679219126701355,0.9982755184173584,0.3220783472061157,0.2528175413608551,-0.34688711166381836,0.9986041784286499,0.317128449678421,0.2497524917125702,-0.22749467194080353,0.9935781955718994,0.30829066038131714,0.25130340456962585,-0.35147395730018616,0.9970282912254333,0.3251633942127228,0.2739485204219818,-0.29403263330459595,0.9987039566040039,0.32163673639297485,0.2741939425468445,-0.33014851808547974,0.9994373321533203,0.3151475787162781,0.28721868991851807,-0.11750628799200058,0.9997742772102356,0.25725775957107544,0.29801738262176514,-0.33649176359176636,0.9998530149459839,0.311905175447464,0.36477941274642944,-0.06398602575063705,0.7448761463165283,0.2347700595855713,0.38114577531814575,-0.36336857080459595,0.9843744039535522,0.32051676511764526,0.4296421706676483,-0.14107677340507507,0.826286792755127,0.2604595422744751,0.45452505350112915,-0.39225733280181885,0.9674187302589417,0.32469210028648376,0.4436667859554291,-0.15878529846668243,0.8030287623405457,0.2664506137371063,0.475298672914505,-0.4292830526828766,0.9508792757987976,0.3246302306652069,0.4428368806838989,-0.18399789929389954,0.8106529116630554,0.27486515045166016,0.4696880280971527,-0.4386040270328522,0.9489182829856873,0.32117459177970886,0.4378446936607361,-0.15418444573879242,0.8006241917610168,0.27483850717544556,0.4628310203552246,-0.395888090133667,0.9194521307945251,0.27661198377609253,0.4216758608818054,0.07078792154788971,0.9976767897605896,0.24285776913166046,0.42777910828590393,-0.07079795002937317,0.9980588555335999,0.2992434799671173,0.5148206949234009,0.14471496641635895,0.5064914226531982,0.26950985193252563,0.5300991535186768,-0.1638888567686081,0.948642373085022,0.2678784728050232,0.5995393991470337,0.3170889914035797,0.477519690990448,0.2638512849807739,0.6407667398452759,-0.09566356241703033,0.9498293995857239,0.2564583718776703,0.6123296022415161,0.3303930163383484,0.5060700178146362,0.25423261523246765,0.6594565510749817,-0.0943508967757225,0.8949905633926392,0.2901802659034729,0.6295866370201111,0.2786979079246521,0.622886598110199,0.2908704876899719,0.6681925058364868,-0.2016725093126297,0.9352390170097351
76,0.33083799481391907,0.26538029313087463,-0.33137696981430054,0.9989687204360962,0.3302180767059326,0.25367701053619385,-0.3175984025001526,0.9972520470619202,0.3301381468772888,0.2528168559074402,-0.3176654279232025,0.9968618154525757,0.3300290107727051,0.25177207589149475,-0.3177250921726227,0.997696042060852,0.327978253364563,0.2537181079387665,-0.3452790677547455,0.9984543919563293,0.32597941160202026,0.25308433175086975,-0.34536293148994446,0.9983009696006775,0.32339686155319214,0.2523719370365143,-0.3454618453979492,0.9986181855201721,0.31923818588256836,0.249451145529747,-0.22488150000572205,0.993166446685791,0.3099272549152374,0.25123196840286255,-0.35008159279823303,0.9971433281898499,0.32671862840652466,0.2736191153526306,-0.29225942492485046,0.9986838102340698,0.3231263756752014,0.27385711669921875,-0.32871943712234497,0.9994582533836365,0.3164815902709961,0.2870195209980011,-0.11180859804153442,0.9997752904891968,0.2576702833175659,0.29815730452537537,-0.3388698995113373,0.9998629689216614,0.3117640018463135,0.36623817682266235,-0.059949684888124466,0.7540825605392456,0.23678851127624512,0.381631076335907,-0.3685959577560425,0.9851719737052917,0.31742215156555176,0.4301857352256775,-0.13744409382343292,0.8258854746818542,0.2638914883136749,0.45563989877700806,-0.3971143364906311,0.9683464169502258,0.32202839851379395,0.4452115595340729,-0.15510255098342896,0.7985785603523254,0.26937222480773926,0.4753357470035553,-0.43443360924720764,0.9518881440162659,0.32182517647743225,0.4446324408054352,-0.1801726073026657,0.8062547445297241,0.27723968029022217,0.46971020102500916,-0.4438261091709137,0.9498842358589172,0.31834208965301514,0.4391798973083496,-0.15069112181663513,0.795265257358551,0.2768813967704773,0.4631633758544922,-0.4005928039550781,0.9196878671646118,0.27766475081443787,0.4217451810836792,0.07292109727859497,0.9977545738220215,0.2432853877544403,0.4276726543903351,-0.07291700690984726,0.9982077479362488,0.3013003468513489,0.5184654593467712,0.1428036093711853,0.5376419425010681,0.2694717347621918,0.5311468839645386,-0.17655372619628906,0.9526649713516235,0.27401241660118103,0.6080620288848877,0.31029993295669556,0.5103223323822021,0.26380935311317444,0.6411694884300232,-0.11882446706295013,0.9538881778717041,0.2636186480522156,0.6191871762275696,0.32269561290740967,0.5313454270362854,0.2541630268096924,0.6595107316970825,-0.11898436397314072,0.8997896313667297,0.29929783940315247,0.6354018449783325,0.2678723633289337,0.6468323469161987,0.2906833589076996,0.6691845655441284,-0.22929494082927704,0.9404600262641907
77,0.33215922117233276,0.2652722895145416,-0.36179012060165405,0.9989050030708313,0.33174067735671997,0.25364187359809875,-0.3471839725971222,0.9970256686210632,0.3317252993583679,0.25275304913520813,-0.3472544848918915,0.9965722560882568,0.3316807746887207,0.25168222188949585,-0.3473195433616638,0.9973697066307068,0.3293738067150116,0.253528356552124,-0.37426063418388367,0.9983856081962585,0.3273007571697235,0.2526809871196747,-0.3743618130683899,0.9982561469078064,0.3246486783027649,0.25170549750328064,-0.3744790256023407,0.9985861778259277,0.3206630349159241,0.2483866661787033,-0.24799835681915283,0.9919005632400513,0.3110772371292114,0.24971142411231995,-0.3709108233451843,0.9972150921821594,0.3280748724937439,0.27348002791404724,-0.3204590976238251,0.998577356338501,0.32430827617645264,0.2737845778465271,-0.3562574088573456,0.9994656443595886,0.31819140911102295,0.2868754267692566,-0.1281333565711975,0.99974524974823,0.25795239210128784,0.29807907342910767,-0.35271114110946655,0.9998705387115479,0.3111768364906311,0.36422884464263916,-0.0691981166601181,0.7514263391494751,0.23777742683887482,0.38151437044143677,-0.3852348327636719,0.9858260154724121,0.31379273533821106,0.4265173077583313,-0.13318489491939545,0.8110678791999817,0.2652255594730377,0.455609530210495,-0.41868680715560913,0.9685771465301514,0.31830698251724243,0.44288426637649536,-0.1485927253961563,0.7798667550086975,0.27029338479042053,0.4751594364643097,-0.4566269814968109,0.9519005417823792,0.3179377317428589,0.44227567315101624,-0.1743900030851364,0.7871848344802856,0.27843746542930603,0.46970757842063904,-0.46709775924682617,0.9497460126876831,0.31466174125671387,0.4396326243877411,-0.14633604884147644,0.7763148546218872,0.27855420112609863,0.46316561102867126,-0.4226331114768982,0.9186217188835144,0.28123408555984497,0.4219396412372589,0.07282570749521255,0.9977641105651855,0.24535183608531952,0.4274660348892212,-0.0728064551949501,0.9983135461807251,0.303318053483963,0.5192253589630127,0.1230546087026596,0.5691366791725159,0.26851266622543335,0.5308626890182495,-0.18751442432403564,0.9564208388328552,0.28111520409584045,0.6150680780410767,0.28122657537460327,0.5440305471420288,0.26377323269844055,0.6408344507217407,-0.12873007357120514,0.9576501250267029,0.2719478905200958,0.6275859475135803,0.29016613960266113,0.5578116178512573,0.25419482588768005,0.6586955785751343,-0.12921962141990662,0.9039691686630249,0.3076506555080414,0.64152991771698,0.2169642150402069,0.670836329460144,0.2902144193649292,0.6697643399238586,-0.24898867309093475,0.945196270942688
78,0.33344608545303345,0.26368069648742676,-0.3739607036113739,0.9988242387771606,0.3331780731678009,0.25136706233024597,-0.35968706011772156,0.9967730045318604,0.333183616399765,0.2503718435764313,-0.3597465455532074,0.9962401390075684,0.3331562578678131,0.2491728961467743,-0.359808087348938,0.9969745874404907,0.3306090533733368,0.25126078724861145,-0.3865130543708801,0.998326301574707,0.328447163105011,0.2502512037754059,-0.38662633299827576,0.9982291460037231,0.3257210850715637,0.2490551918745041,-0.38675421476364136,0.9985684156417847,0.322338730096817,0.24520143866539001,-0.25887197256088257,0.9906609058380127,0.31211405992507935,0.24598108232021332,-0.38078778982162476,0.9973077178001404,0.329267293214798,0.2722957730293274,-0.33182665705680847,0.998436450958252,0.3252992331981659,0.27263015508651733,-0.3674046993255615,0.9994672536849976,0.31929150223731995,0.28564807772636414,-0.13257411122322083,0.9996866583824158,0.25815147161483765,0.29700222611427307,-0.3581876754760742,0.999877393245697,0.3108092248439789,0.36213210225105286,-0.05192285776138306,0.7331333756446838,0.23842895030975342,0.3813513219356537,-0.38518741726875305,0.9864835739135742,0.3121841251850128,0.42248910665512085,-0.08019338548183441,0.7835450172424316,0.2662045955657959,0.4546685516834259,-0.41441693902015686,0.9687240719795227,0.31729787588119507,0.44253501296043396,-0.08606346696615219,0.7503594160079956,0.2709391713142395,0.4738970696926117,-0.44982489943504333,0.951698362827301,0.31658726930618286,0.44040605425834656,-0.11204968392848969,0.7573214769363403,0.2789999544620514,0.4687865376472473,-0.4606667160987854,0.9494645595550537,0.3134438395500183,0.4370575547218323,-0.09172424674034119,0.7473350763320923,0.27920210361480713,0.4623100161552429,-0.4179914891719818,0.917697548866272,0.2845216393470764,0.42202478647232056,0.07178948819637299,0.9977779388427734,0.2476898729801178,0.42690879106521606,-0.0717340037226677,0.9984135627746582,0.30405980348587036,0.5205677151679993,0.10810057073831558,0.596821129322052,0.2678260803222656,0.530666708946228,-0.18783427774906158,0.9596439599990845,0.28766563534736633,0.61834317445755,0.25423532724380493,0.5751110315322876,0.26382121443748474,0.6405989527702332,-0.12763652205467224,0.9609837532043457,0.2792366147041321,0.6318913102149963,0.2631393373012543,0.5814338326454163,0.2545974850654602,0.6585240960121155,-0.12796445190906525,0.9075626134872437,0.31559789180755615,0.6445078253746033,0.19156098365783691,0.692924439907074,0.2901470959186554,0.6710696816444397,-0.24867704510688782,0.9493882060050964
79,0.33486780524253845,0.25905779004096985,-0.35119420289993286,0.9986143708229065,0.33469659090042114,0.24530844390392303,-0.3381764888763428,0.9961692094802856,0.3347352147102356,0.24420221149921417,-0.3382353186607361,0.9955008625984192,0.33472031354904175,0.24290375411510468,-0.33829066157341003,0.996175229549408,0.3317895531654358,0.24547192454338074,-0.3650413155555725,0.9981272220611572,0.32934755086898804,0.24452124536037445,-0.36515194177627563,0.9980729222297668,0.326334148645401,0.24331311881542206,-0.3652834892272949,0.998461127281189,0.32349449396133423,0.2397196888923645,-0.24475452303886414,0.9883555173873901,0.31252220273017883,0.24055691063404083,-0.3665728271007538,0.9973276853561401,0.3306414783000946,0.26847776770591736,-0.31174683570861816,0.9980367422103882,0.32617953419685364,0.26909834146499634,-0.3472602069377899,0.9994254112243652,0.3198053538799286,0.2831615209579468,-0.1254066675901413,0.9995066523551941,0.2592432200908661,0.29325729608535767,-0.3504742980003357,0.9998839497566223,0.309764564037323,0.3607150614261627,-0.05235022306442261,0.6873331069946289,0.24074110388755798,0.3786803185939789,-0.3785403072834015,0.9870977997779846,0.31157249212265015,0.4217528998851776,-0.08060448616743088,0.727863609790802,0.2664884030818939,0.45095470547676086,-0.40437817573547363,0.9686921834945679,0.31358638405799866,0.4405587911605835,-0.09328129887580872,0.6973187327384949,0.27093440294265747,0.47091418504714966,-0.43843182921409607,0.9511734247207642,0.3154524564743042,0.43752339482307434,-0.11932460218667984,0.7037080526351929,0.279147207736969,0.4665277600288391,-0.44705647230148315,0.9488069415092468,0.3106826841831207,0.4353943467140198,-0.09329257905483246,0.6954923868179321,0.27918362617492676,0.4600716233253479,-0.407193124294281,0.9163709282875061,0.28893640637397766,0.42244619131088257,0.06963825225830078,0.9975872039794922,0.25087296962738037,0.42686203122138977,-0.06956250220537186,0.9984719753265381,0.3076947331428528,0.5204662084579468,0.09797298163175583,0.6168529391288757,0.26777535676956177,0.5303815007209778,-0.18053612112998962,0.9622266888618469,0.2951373755931854,0.6211543679237366,0.22301669418811798,0.5991439819335938,0.2652645409107208,0.6406345367431641,-0.1255451738834381,0.9634189009666443,0.2861935794353485,0.6354321837425232,0.23015399277210236,0.5993053913116455,0.2571640610694885,0.6586006879806519,-0.126366525888443,0.9087279438972473,0.32602986693382263,0.647599995136261,0.16013550758361816,0.7105389833450317,0.2907271385192871,0.6713807582855225,-0.242860347032547,0.9524677395820618
80,0.33585989475250244,0.25427955389022827,-0.3547004163265228,0.9983620047569275,0.3357502222061157,0.24030348658561707,-0.3416827619075775,0.9954268336296082,0.33585137128829956,0.23926964402198792,-0.34174591302871704,0.9946480989456177,0.33588671684265137,0.23807305097579956,-0.3418048620223999,0.9951728582382202,0.3324316143989563,0.24047662317752838,-0.367553174495697,0.9978485703468323,0.32969969511032104,0.23953057825565338,-0.36767035722732544,0.9978489279747009,0.32641342282295227,0.2383423000574112,-0.3678071200847626,0.9982788562774658,0.3246152698993683,0.23521853983402252,-0.24548594653606415,0.9855620265007019,0.3126590847969055,0.23598596453666687,-0.36325663328170776,0.9973031282424927,0.33183929324150085,0.26409223675727844,-0.31393736600875854,0.9975656867027283,0.32701772451400757,0.2644402086734772,-0.3482031524181366,0.9993618726730347,0.3218268156051636,0.281520277261734,-0.12466953694820404,0.9993298649787903,0.2613005042076111,0.2878047525882721,-0.3435404896736145,0.999890148639679,0.3096301853656769,0.36002597212791443,-0.05773051828145981,0.6447158455848694,0.24269309639930725,0.3733348548412323,-0.368805468082428,0.987639844417572,0.3089345395565033,0.421281635761261,-0.09855912625789642,0.6753122210502625,0.2674376368522644,0.44665902853012085,-0.3944147229194641,0.9684999585151672,0.30916863679885864,0.4405182898044586,-0.10762518644332886,0.6473549604415894,0.27115538716316223,0.4679657220840454,-0.42813509702682495,0.9503518342971802,0.3098832964897156,0.4379159212112427,-0.13231953978538513,0.6531535983085632,0.2792585492134094,0.4640173614025116,-0.43642598390579224,0.9478632807731628,0.30694952607154846,0.434715211391449,-0.11047406494617462,0.6461743712425232,0.2793348431587219,0.4569149911403656,-0.3971174359321594,0.9147481918334961,0.2929210066795349,0.4223369359970093,0.06610747426748276,0.9972320199012756,0.25301599502563477,0.42590466141700745,-0.06600387394428253,0.99850994348526,0.3103026747703552,0.5203237533569336,0.09636341035366058,0.6380892395973206,0.26777490973472595,0.5293537378311157,-0.18229036033153534,0.9645066857337952,0.3051092028617859,0.6265233755111694,0.2166593372821808,0.6236981749534607,0.2657302916049957,0.6414986252784729,-0.131198912858963,0.9655579328536987,0.29551106691360474,0.6413964033126831,0.22311866283416748,0.6176525354385376,0.25903379917144775,0.6596434116363525,-0.13260643184185028,0.9087935090065002,0.3372174799442291,0.6507937908172607,0.15101413428783417,0.7268489599227905,0.29054075479507446,0.6718584895133972,-0.2533135414123535,0.9549535512924194
81,0.33649808168411255,0.24942231178283691,-0.3598474860191345,0.9981169700622559,0.3368397653102875,0.23524314165115356,-0.34593987464904785,0.994708240032196,0.33703309297561646,0.2342638075351715,-0.3460022807121277,0.9937100410461426,0.3371586203575134,0.2331225574016571,-0.34606295824050903,0.9940490126609802,0.3331875205039978,0.23538435995578766,-0.37146735191345215,0.9976109266281128,0.33025071024894714,0.23451676964759827,-0.3715907335281372,0.9976654052734375,0.3267819881439209,0.23345597088336945,-0.3717309534549713,0.998146116733551,0.32652193307876587,0.23019978404045105,-0.24486331641674042,0.9825037717819214,0.31302133202552795,0.231426402926445,-0.361066997051239,0.9973296523094177,0.33271241188049316,0.2592114210128784,-0.3171464204788208,0.9970712661743164,0.32747071981430054,0.2593635618686676,-0.3509491980075836,0.9993036389350891,0.32329100370407104,0.27649280428886414,-0.11981426179409027,0.9990954399108887,0.2634204626083374,0.2832459807395935,-0.3401902914047241,0.9998959302902222,0.30953449010849,0.354605495929718,-0.03743862360715866,0.6021894812583923,0.24391420185565948,0.3686668574810028,-0.36158037185668945,0.9883663654327393,0.3105469346046448,0.41487258672714233,-0.06614267081022263,0.6248241066932678,0.26955002546310425,0.4425918757915497,-0.38755136728286743,0.9693543314933777,0.3119632601737976,0.43627986311912537,-0.07085071504116058,0.599916934967041,0.27315187454223633,0.46449804306030273,-0.41734233498573303,0.9509806632995605,0.31261885166168213,0.43405526876449585,-0.09616643190383911,0.6052463054656982,0.2812996506690979,0.4604276120662689,-0.4249524474143982,0.9485135078430176,0.3095797896385193,0.42735376954078674,-0.07778297364711761,0.5996500849723816,0.28127142786979675,0.4530647397041321,-0.38898396492004395,0.9156485795974731,0.29482904076576233,0.4220568537712097,0.06521886587142944,0.997058629989624,0.25448182225227356,0.42504099011421204,-0.06511684507131577,0.9985335469245911,0.3136405348777771,0.5199196934700012,0.05638154223561287,0.6613342761993408,0.2682238519191742,0.5258368253707886,-0.19487221539020538,0.9667137861251831,0.31312838196754456,0.6309811472892761,0.16099724173545837,0.6495540738105774,0.2654542922973633,0.6424007415771484,-0.1384400576353073,0.9675989747047424,0.3038071095943451,0.6477807760238647,0.1657247543334961,0.6381458044052124,0.2584207355976105,0.6601971983909607,-0.13915827870368958,0.9091243743896484,0.34840190410614014,0.653827965259552,0.08960645645856857,0.7438364624977112,0.2904554307460785,0.6718750596046448,-0.2594643235206604,0.9572097659111023
82,0.3388156592845917,0.24329304695129395,-0.35071802139282227,0.9979439973831177,0.3388226628303528,0.22897969186306,-0.3368278443813324,0.994195818901062,0.3389042019844055,0.22819091379642487,-0.336892694234848,0.9930902719497681,0.3389158248901367,0.2272529900074005,-0.33695200085639954,0.9932708144187927,0.3354357182979584,0.22903655469417572,-0.3626154661178589,0.9974320530891418,0.3326050639152527,0.22832758724689484,-0.3627319931983948,0.9975221753120422,0.32911184430122375,0.22743768990039825,-0.36286407709121704,0.9980307817459106,0.3280869424343109,0.22550208866596222,-0.2381148338317871,0.9801251292228699,0.3148839473724365,0.2262803018093109,-0.35966411232948303,0.997374415397644,0.33503127098083496,0.25320425629615784,-0.3086250424385071,0.9967124462127686,0.3301038146018982,0.25326427817344666,-0.3428180515766144,0.9992647767066956,0.32636934518814087,0.27437981963157654,-0.11427430808544159,0.9989140629768372,0.26522308588027954,0.2781047821044922,-0.3288815915584564,0.9999018311500549,0.31104275584220886,0.35277271270751953,-0.036896683275699615,0.5645779371261597,0.24374990165233612,0.3619289696216583,-0.34617602825164795,0.9890797734260559,0.31308990716934204,0.4144294857978821,-0.07405869662761688,0.5797391533851624,0.27078577876091003,0.43681442737579346,-0.3736627995967865,0.9703056216239929,0.31226199865341187,0.4339756667613983,-0.08256649225950241,0.5572660565376282,0.2746111750602722,0.45872607827186584,-0.40415793657302856,0.9517815709114075,0.3128581643104553,0.43206024169921875,-0.1074955016374588,0.5623720288276672,0.28297439217567444,0.45440709590911865,-0.41157183051109314,0.9493239521980286,0.31041792035102844,0.4259796440601349,-0.08546826988458633,0.5578151345252991,0.2828895151615143,0.4470617175102234,-0.37529677152633667,0.9167757034301758,0.29858681559562683,0.42165857553482056,0.06428467482328415,0.9969645738601685,0.25743982195854187,0.4231075346469879,-0.06417937576770782,0.9985736608505249,0.3165206015110016,0.5201956629753113,0.05862407758831978,0.6847851276397705,0.2687073051929474,0.5230469107627869,-0.1832696795463562,0.9690532684326172,0.3207869827747345,0.6348838806152344,0.16008970141410828,0.6767669916152954,0.26542752981185913,0.6431755423545837,-0.12158093601465225,0.9699522852897644,0.3112991750240326,0.6544716954231262,0.1642378717660904,0.661490797996521,0.2581900656223297,0.6603085398674011,-0.12196797132492065,0.9118800163269043,0.35946398973464966,0.6565702557563782,0.08436239510774612,0.762465238571167,0.2897881269454956,0.671846330165863,-0.24364857375621796,0.9600403308868408
83,0.34139877557754517,0.23686425387859344,-0.3207072615623474,0.9979782700538635,0.34104567766189575,0.2230798602104187,-0.30761009454727173,0.9942828416824341,0.3410519063472748,0.222489595413208,-0.3076736629009247,0.9932426810264587,0.3409995436668396,0.2217647284269333,-0.307720810174942,0.9933452010154724,0.3378671407699585,0.22287875413894653,-0.3332173526287079,0.9974545836448669,0.3352167010307312,0.22222161293029785,-0.333323210477829,0.9975452423095703,0.331817090511322,0.22136637568473816,-0.33343595266342163,0.9980178475379944,0.3300773501396179,0.22134333848953247,-0.2096448391675949,0.9803841710090637,0.31730252504348755,0.2209250032901764,-0.3271772861480713,0.9974900484085083,0.3376590609550476,0.24727655947208405,-0.2792018949985504,0.9967741966247559,0.33297795057296753,0.2472817748785019,-0.31323307752609253,0.9992820024490356,0.3305834233760834,0.27251964807510376,-0.0934433862566948,0.9989413619041443,0.26703113317489624,0.2721485197544098,-0.30291861295700073,0.9999081492424011,0.3173755407333374,0.3521668314933777,-0.03303346410393715,0.5559195280075073,0.24384717643260956,0.3571752607822418,-0.31450286507606506,0.9897854328155518,0.3210500478744507,0.41431933641433716,-0.0949372872710228,0.5654296875,0.2713084816932678,0.4327669143676758,-0.3413418233394623,0.9716050028800964,0.3216082751750946,0.4353289306163788,-0.10999651253223419,0.540154755115509,0.2758139967918396,0.4545062780380249,-0.37218183279037476,0.9534360766410828,0.3225099444389343,0.43302711844444275,-0.13693661987781525,0.5458977818489075,0.28399497270584106,0.4495200514793396,-0.3825473487377167,0.9510830640792847,0.31975260376930237,0.4262405037879944,-0.10862010717391968,0.5418442487716675,0.2841099202632904,0.4427960515022278,-0.3443789482116699,0.9194973111152649,0.3022617697715759,0.42169010639190674,0.06433580815792084,0.9969595670700073,0.2611050009727478,0.422465980052948,-0.06424221396446228,0.9986141324043274,0.3205362558364868,0.5244083404541016,0.07231264561414719,0.7076231837272644,0.2692762017250061,0.5258777141571045,-0.12974990904331207,0.9711214900016785,0.32887348532676697,0.6377674341201782,0.19403277337551117,0.7020500898361206,0.2659029960632324,0.6443498730659485,-0.05679956078529358,0.9720933437347412,0.32006657123565674,0.6578633785247803,0.1999625861644745,0.6850252151489258,0.25859230756759644,0.6606800556182861,-0.05649812892079353,0.9143201112747192,0.36687061190605164,0.6587647795677185,0.12471137940883636,0.7800770401954651,0.28992924094200134,0.6724015474319458,-0.17870889604091644,0.9626157879829407
84,0.3428434729576111,0.23498837649822235,-0.3096298575401306,0.9979915618896484,0.34262651205062866,0.22164811193943024,-0.29597601294517517,0.9943543672561646,0.3426384925842285,0.2211412638425827,-0.296047568321228,0.9933778643608093,0.342620313167572,0.22048480808734894,-0.29610058665275574,0.9934159517288208,0.3394319713115692,0.22126199305057526,-0.3203282058238983,0.9974367618560791,0.33690375089645386,0.22056682407855988,-0.32042601704597473,0.9975208044052124,0.3336656391620636,0.21963389217853546,-0.3205285668373108,0.997954249382019,0.3323022425174713,0.2196812778711319,-0.19538089632987976,0.980718731880188,0.3194192349910736,0.21850056946277618,-0.3063180148601532,0.9975689053535461,0.3392721712589264,0.2450394630432129,-0.2673598825931549,0.9968502521514893,0.3346632421016693,0.24487440288066864,-0.2996940612792969,0.9992942810058594,0.33390477299690247,0.27169403433799744,-0.08226537704467773,0.9989920258522034,0.26865413784980774,0.2690693736076355,-0.2760038673877716,0.9999132752418518,0.32170963287353516,0.35194966197013855,-0.026539037004113197,0.5615889430046082,0.24522888660430908,0.35419967770576477,-0.2808360159397125,0.9904677271842957,0.32646360993385315,0.4144974648952484,-0.10136809200048447,0.5699427723884583,0.2719218134880066,0.43000227212905884,-0.3145585358142853,0.9730563759803772,0.328802227973938,0.43712347745895386,-0.11952805519104004,0.539962649345398,0.2770412564277649,0.45145121216773987,-0.3454519808292389,0.9553344249725342,0.32960227131843567,0.4342971742153168,-0.1473063826560974,0.5466213226318359,0.28506729006767273,0.44682571291923523,-0.3584928810596466,0.953149676322937,0.326358437538147,0.42671510577201843,-0.11562393605709076,0.5419331789016724,0.28536662459373474,0.4405304193496704,-0.3188167214393616,0.9229376912117004,0.3066061735153198,0.4216547906398773,0.061016034334897995,0.9969829320907593,0.2639673352241516,0.42169198393821716,-0.06090553477406502,0.998625636100769,0.32361289858818054,0.5251665711402893,0.05553600192070007,0.7290063500404358,0.2705995440483093,0.526149332523346,-0.12415139377117157,0.9724717140197754,0.33219560980796814,0.6407896280288696,0.15094104409217834,0.7239792346954346,0.2658866345882416,0.6442785859107971,-0.04959242045879364,0.9735033512115479,0.3234900236129761,0.6609971523284912,0.1545199304819107,0.7051407098770142,0.25940605998039246,0.6598255038261414,-0.04914133995771408,0.9142704606056213,0.3664955496788025,0.6636435389518738,0.07174336910247803,0.794830858707428,0.2899375557899475,0.6728991270065308,-0.17128056287765503,0.9641960263252258
85,0.34546375274658203,0.23314650356769562,-0.2810627222061157,0.9978934526443481,0.34522324800491333,0.21989752352237701,-0.26749756932258606,0.9941405057907104,0.3451313376426697,0.219438835978508,-0.2675604522228241,0.993192732334137,0.34498390555381775,0.21880394220352173,-0.2676031291484833,0.9931217432022095,0.34223228693008423,0.21930722892284393,-0.2929893434047699,0.9973167777061462,0.33983317017555237,0.2184959053993225,-0.2930833101272583,0.9974085688591003,0.33691269159317017,0.21749059855937958,-0.29319703578948975,0.9978232383728027,0.3342514932155609,0.21762487292289734,-0.17095530033111572,0.9800367951393127,0.3224814832210541,0.21589680016040802,-0.2868489623069763,0.9976096749305725,0.34184208512306213,0.2431521862745285,-0.24059629440307617,0.9967643618583679,0.33758217096328735,0.24291369318962097,-0.27435314655303955,0.9992762804031372,0.3369891047477722,0.271530419588089,-0.06317195296287537,0.9989510774612427,0.27025189995765686,0.2666536867618561,-0.2634475529193878,0.9999178051948547,0.324674129486084,0.35178840160369873,-0.010083796456456184,0.5382336974143982,0.24705378711223602,0.3506621718406677,-0.2666093111038208,0.9911081790924072,0.327542781829834,0.4141024053096771,-0.09827568382024765,0.5381441712379456,0.27221882343292236,0.42682331800460815,-0.29434734582901,0.9743136763572693,0.32885244488716125,0.4370972812175751,-0.11475428193807602,0.5084148049354553,0.27785947918891907,0.44813644886016846,-0.32452496886253357,0.9568412899971008,0.3296641707420349,0.43437132239341736,-0.14154580235481262,0.5155813694000244,0.28585484623908997,0.44422265887260437,-0.3352709710597992,0.9547839164733887,0.3268733322620392,0.42652761936187744,-0.11439081281423569,0.5119057893753052,0.28600701689720154,0.43792492151260376,-0.297494113445282,0.9255605340003967,0.3115866482257843,0.4222562909126282,0.060465920716524124,0.9969264268875122,0.2685133218765259,0.42177045345306396,-0.06036766245961189,0.9986299276351929,0.32656070590019226,0.528957188129425,0.06946227699518204,0.74923175573349,0.27168139815330505,0.5304144024848938,-0.09273289144039154,0.9738736748695374,0.3330097794532776,0.6447564959526062,0.18088705837726593,0.7460055351257324,0.2662287652492523,0.6450033187866211,0.004722068551927805,0.9749860763549805,0.32505565881729126,0.6632099151611328,0.18626445531845093,0.7255715131759644,0.26036638021469116,0.6604227423667908,0.007462440989911556,0.9147005677223206,0.36755359172821045,0.6680139303207397,0.10438883304595947,0.8100897073745728,0.29038840532302856,0.6744964122772217,-0.11262577772140503,0.9658874273300171
86,0.3483205735683441,0.23228608071804047,-0.26067084074020386,0.9979668259620667,0.3482853174209595,0.2190314680337906,-0.2468845397233963,0.9943863153457642,0.3481733202934265,0.21859034895896912,-0.24694475531578064,0.9934943914413452,0.3479679226875305,0.21797722578048706,-0.24698176980018616,0.9934149980545044,0.34540611505508423,0.2184019833803177,-0.27350008487701416,0.9973962903022766,0.3429948687553406,0.21751615405082703,-0.2735747694969177,0.9974706768989563,0.3401556611061096,0.21643473207950592,-0.2736710011959076,0.9978427290916443,0.33731406927108765,0.21636511385440826,-0.1512048989534378,0.981033980846405,0.3256177306175232,0.21458959579467773,-0.2723676264286041,0.9977297186851501,0.3442888855934143,0.24220630526542664,-0.22071710228919983,0.9969258904457092,0.3401598632335663,0.2420882135629654,-0.2559863030910492,0.9993036389350891,0.34068310260772705,0.27156487107276917,-0.04729606583714485,0.9990161061286926,0.27243006229400635,0.2655402421951294,-0.2541712820529938,0.9999220371246338,0.33177825808525085,0.3516438603401184,0.005409372039139271,0.5458523631095886,0.24949057400226593,0.34863224625587463,-0.2610322833061218,0.9916760921478271,0.33777883648872375,0.4141558110713959,-0.08251594007015228,0.5463955402374268,0.2727198004722595,0.42483675479888916,-0.28900855779647827,0.9758118391036987,0.34019410610198975,0.43752825260162354,-0.10301327705383301,0.5120038986206055,0.2779397964477539,0.4469694197177887,-0.3200986087322235,0.9589722156524658,0.34079083800315857,0.4354165494441986,-0.13270321488380432,0.5204415321350098,0.2866576015949249,0.44306766986846924,-0.33323049545288086,0.9570717215538025,0.33725205063819885,0.4268812835216522,-0.09847114980220795,0.5162195563316345,0.28680333495140076,0.43679603934288025,-0.29333585500717163,0.9291700720787048,0.3144342303276062,0.42313385009765625,0.06120381876826286,0.9969810247421265,0.2716367840766907,0.42229726910591125,-0.061111629009246826,0.9985991716384888,0.3310335874557495,0.5310533046722412,0.07373632490634918,0.7675508260726929,0.2725411057472229,0.5351731181144714,-0.07265936583280563,0.9748001098632812,0.3324875831604004,0.6454244256019592,0.1821572482585907,0.764778196811676,0.26682454347610474,0.6450863480567932,0.035148948431015015,0.9757212400436401,0.3264026939868927,0.662497878074646,0.1868647038936615,0.7433134317398071,0.2607630491256714,0.6606084108352661,0.03918416053056717,0.9128353595733643,0.3667152225971222,0.6684643030166626,0.10331708192825317,0.8227816820144653,0.29082638025283813,0.6744270324707031,-0.07373721897602081,0.966498076915741
87,0.35118407011032104,0.23325686156749725,-0.2595250606536865,0.9980813264846802,0.35186105966567993,0.22035394608974457,-0.24455039203166962,0.994738757610321,0.35201263427734375,0.21993008255958557,-0.24461741745471954,0.9939113855361938,0.3520548641681671,0.21935170888900757,-0.24464793503284454,0.9938350915908813,0.34840160608291626,0.21950960159301758,-0.2700860798358917,0.9975112080574036,0.34584254026412964,0.21848663687705994,-0.2701461613178253,0.9975672960281372,0.3427916169166565,0.21721556782722473,-0.27023524045944214,0.997891366481781,0.34132394194602966,0.2170584350824356,-0.14177343249320984,0.9822447299957275,0.32862526178359985,0.21467651426792145,-0.25832104682922363,0.9978548288345337,0.3471126854419708,0.2429046481847763,-0.2171097993850708,0.9971426725387573,0.34281009435653687,0.24247637391090393,-0.2510455250740051,0.9993430376052856,0.3455847501754761,0.2719281017780304,-0.035605210810899734,0.9990970492362976,0.2757083475589752,0.2641022503376007,-0.23370763659477234,0.9999260902404785,0.33800047636032104,0.35100260376930237,0.004475526046007872,0.5601202845573425,0.25172510743141174,0.34562376141548157,-0.23584210872650146,0.9921018481254578,0.3445705473423004,0.4141559600830078,-0.10361289978027344,0.5660679936408997,0.2733291983604431,0.422270268201828,-0.2734009325504303,0.9769608378410339,0.34763818979263306,0.4375258982181549,-0.12953180074691772,0.5291433930397034,0.27785080671310425,0.4446023404598236,-0.3062024712562561,0.9605721831321716,0.3485601544380188,0.4356835186481476,-0.1599063277244568,0.5386255383491516,0.2869024872779846,0.44118061661720276,-0.3220599889755249,0.9588425755500793,0.3447811007499695,0.4269086420536041,-0.12027623504400253,0.5329710841178894,0.28717559576034546,0.43487846851348877,-0.2791503369808197,0.931995153427124,0.3179060220718384,0.42456263303756714,0.061616480350494385,0.9971389770507812,0.2751096785068512,0.4237402379512787,-0.06152655929327011,0.9985929131507874,0.33436018228530884,0.5339187383651733,0.07545769214630127,0.7845056056976318,0.27278488874435425,0.5393585562705994,-0.06575445830821991,0.9755493402481079,0.3311237394809723,0.6448519229888916,0.1848149597644806,0.7823110222816467,0.2666110694408417,0.6450051665306091,0.05742652341723442,0.976065993309021,0.3237987160682678,0.6616030335426331,0.19023415446281433,0.759779691696167,0.2594101130962372,0.659575343132019,0.06316036731004715,0.9092001914978027,0.3661781847476959,0.6698327660560608,0.11553605645895004,0.8346624970436096,0.2892158627510071,0.6753438711166382,-0.05015389993786812,0.9666993618011475
88,0.35626861453056335,0.23411227762699127,-0.2203904092311859,0.9982134103775024,0.35720208287239075,0.22124706208705902,-0.20586375892162323,0.9951265454292297,0.3572072386741638,0.2207026183605194,-0.20592312514781952,0.9943702816963196,0.3571006655693054,0.22000464797019958,-0.20594096183776855,0.9943035840988159,0.35375815629959106,0.2204180359840393,-0.23227985203266144,0.9976543188095093,0.3511781692504883,0.21929839253425598,-0.23232987523078918,0.9976985454559326,0.3481179177761078,0.21790795028209686,-0.23241174221038818,0.9979766607284546,0.34565550088882446,0.21719180047512054,-0.11076853424310684,0.9836060404777527,0.3332153856754303,0.21517084538936615,-0.2318015843629837,0.9979832768440247,0.35153138637542725,0.24341069161891937,-0.18119724094867706,0.9973599314689636,0.3472086191177368,0.24320553243160248,-0.21641573309898376,0.9993805885314941,0.3499709367752075,0.27246060967445374,-0.011000270023941994,0.9991733431816101,0.27973443269729614,0.2630060315132141,-0.2180795669555664,0.9999290108680725,0.3442305326461792,0.35231006145477295,0.044318266212940216,0.5755366683006287,0.25369077920913696,0.34450986981391907,-0.2217363566160202,0.9924966096878052,0.3544023931026459,0.4178332984447479,-0.04758714884519577,0.5896965265274048,0.2747655212879181,0.42140713334083557,-0.25826019048690796,0.9782700538635254,0.36050575971603394,0.4406210482120514,-0.06820174306631088,0.5492940545082092,0.2784002423286438,0.44383373856544495,-0.29041236639022827,0.9625194668769836,0.36050957441329956,0.4400131404399872,-0.10001955926418304,0.5601964592933655,0.2873767018318176,0.44052985310554504,-0.30640947818756104,0.9609712362289429,0.35695919394493103,0.4331030249595642,-0.06393566727638245,0.5534875392913818,0.2877683937549591,0.43420934677124023,-0.264107882976532,0.9353466629981995,0.32059982419013977,0.42516905069351196,0.06193197891116142,0.997321605682373,0.27840760350227356,0.42519935965538025,-0.061832625418901443,0.9985923767089844,0.33737462759017944,0.5343009233474731,0.06880195438861847,0.7991825342178345,0.2740551233291626,0.5409404635429382,-0.05672629922628403,0.9760475754737854,0.33152681589126587,0.6447425484657288,0.18516644835472107,0.7982273101806641,0.2665886878967285,0.644648015499115,0.07373885810375214,0.9762089252471924,0.32291552424430847,0.662833571434021,0.190913587808609,0.7753317952156067,0.25826454162597656,0.6583406329154968,0.08020441234111786,0.9046147465705872,0.36761072278022766,0.6705948114395142,0.10975144058465958,0.8459694981575012,0.28862306475639343,0.6756678223609924,-0.02719218097627163,0.9666966795921326
89,0.3606753647327423,0.23501887917518616,-0.21241840720176697,0.99835604429245,0.3620957136154175,0.22164104878902435,-0.19786739349365234,0.9955276846885681,0.3621830344200134,0.22109796106815338,-0.19791707396507263,0.9948397874832153,0.36215052008628845,0.22043675184249878,-0.1979241520166397,0.9947770237922668,0.35888248682022095,0.2210790067911148,-0.22411306202411652,0.9978247880935669,0.35633188486099243,0.22019438445568085,-0.22416047751903534,0.9978626370429993,0.35340556502342224,0.21905861794948578,-0.22423548996448517,0.9981029033660889,0.35061371326446533,0.2183423638343811,-0.10398393869400024,0.9849531650543213,0.33838123083114624,0.21643921732902527,-0.22482526302337646,0.9981290698051453,0.3557088077068329,0.24452757835388184,-0.17387187480926514,0.9975713491439819,0.3512006402015686,0.24437227845191956,-0.2090366780757904,0.9994217157363892,0.3541982173919678,0.27473676204681396,-0.005513164214789867,0.9992439150810242,0.2840193212032318,0.2636495530605316,-0.21173641085624695,0.999933123588562,0.34961998462677,0.3549613952636719,0.05701631307601929,0.5922353267669678,0.256426066160202,0.3444112241268158,-0.21488049626350403,0.9929025173187256,0.36498191952705383,0.42031437158584595,-0.02671937271952629,0.6160956025123596,0.27587419748306274,0.4213504493236542,-0.2503786087036133,0.9796428680419922,0.3712751269340515,0.44182661175727844,-0.043416328728199005,0.5732181072235107,0.27872779965400696,0.4433412551879883,-0.2810678482055664,0.9645937085151672,0.3710677921772003,0.4417661726474762,-0.07585553824901581,0.5852680802345276,0.2873803377151489,0.4403238594532013,-0.29688966274261475,0.9632294774055481,0.3680450916290283,0.4360160231590271,-0.04296104237437248,0.5777403712272644,0.2880067229270935,0.4340507388114929,-0.25607043504714966,0.9389556646347046,0.32324913144111633,0.4266533851623535,0.062170714139938354,0.9975005388259888,0.281710684299469,0.42777904868125916,-0.06207243725657463,0.9986398816108704,0.33977100253105164,0.5344659090042114,0.08439287543296814,0.8128222823143005,0.2770107388496399,0.5424367189407349,-0.050646185874938965,0.9770183563232422,0.3329230844974518,0.6435181498527527,0.20576289296150208,0.8133862614631653,0.26654890179634094,0.6435868740081787,0.07752006500959396,0.9770603179931641,0.324093759059906,0.6616992354393005,0.2120172679424286,0.7894320487976074,0.2578945755958557,0.6572476625442505,0.08382604271173477,0.9027422070503235,0.36707326769828796,0.6694347858428955,0.13207153975963593,0.8568251132965088,0.2881215214729309,0.6755925416946411,-0.02195490151643753,0.9676766395568848
90,0.366282194852829,0.23622481524944305,-0.19690702855587006,0.9984909892082214,0.3673860430717468,0.22326858341693878,-0.1832892745733261,0.9959037899971008,0.3673247992992401,0.22258104383945465,-0.18333375453948975,0.9952794313430786,0.36712199449539185,0.2217176854610443,-0.18333876132965088,0.9952249526977539,0.3645932078361511,0.22264225780963898,-0.21077728271484375,0.9979888200759888,0.36232954263687134,0.22157959640026093,-0.21082206070423126,0.9980198740959167,0.3596258759498596,0.22016297280788422,-0.21089275181293488,0.9982251524925232,0.35468587279319763,0.2187814712524414,-0.09591417759656906,0.9862361550331116,0.3446439504623413,0.21713273227214813,-0.22255539894104004,0.9982622265815735,0.3609437048435211,0.24532246589660645,-0.16079173982143402,0.9977691173553467,0.35670894384384155,0.24493347108364105,-0.19767916202545166,0.9994585514068604,0.3578605055809021,0.27798306941986084,-0.003112777601927519,0.9993091225624084,0.28779181838035583,0.2649575471878052,-0.21574273705482483,0.9999366402626038,0.3554970324039459,0.3579026758670807,0.06307324767112732,0.6097790598869324,0.2595519423484802,0.34536680579185486,-0.21872690320014954,0.9931555390357971,0.3730074465274811,0.4224497079849243,-0.01012059859931469,0.6417253017425537,0.2767547070980072,0.4225330948829651,-0.24449050426483154,0.9806453585624695,0.37786179780960083,0.44278642535209656,-0.023744139820337296,0.5962956547737122,0.27862200140953064,0.4442905783653259,-0.2737899422645569,0.9660269021987915,0.3769625425338745,0.4427720606327057,-0.05594344064593315,0.6093767881393433,0.2870073914527893,0.4411783516407013,-0.28930941224098206,0.9648508429527283,0.3743683993816376,0.4371342062950134,-0.025939226150512695,0.6011821031570435,0.28766700625419617,0.4348617196083069,-0.25014978647232056,0.9415293335914612,0.3262730836868286,0.4299706518650055,0.06275377422571182,0.9976724982261658,0.2847955524921417,0.4316568970680237,-0.06267564743757248,0.9987033605575562,0.3425731360912323,0.5358493328094482,0.11249615997076035,0.824951708316803,0.279724657535553,0.5442463159561157,-0.04668932780623436,0.9781942963600159,0.3344291150569916,0.643432080745697,0.24076052010059357,0.8271690011024475,0.2665264904499054,0.6432494521141052,0.07955718785524368,0.9781007170677185,0.32577329874038696,0.6613034605979919,0.24811947345733643,0.8025125861167908,0.25752192735671997,0.6563270092010498,0.08590807765722275,0.9019339084625244,0.36742621660232544,0.6692764759063721,0.17538949847221375,0.8667667508125305,0.28741466999053955,0.6755635142326355,-0.015397916547954082,0.9689076542854309
91,0.3710210621356964,0.23921163380146027,-0.2027239054441452,0.9986091256141663,0.3723592758178711,0.2265940010547638,-0.18894925713539124,0.996234655380249,0.3723750114440918,0.22588494420051575,-0.1889982968568802,0.9956678152084351,0.3722364604473114,0.2249797135591507,-0.18900209665298462,0.995619535446167,0.3694097399711609,0.22565582394599915,-0.21573591232299805,0.9981282353401184,0.36715543270111084,0.2243817001581192,-0.2157774716615677,0.9981521964073181,0.3644337058067322,0.2227010577917099,-0.21584729850292206,0.9983226656913757,0.3595559000968933,0.22076191008090973,-0.09999155253171921,0.9873570799827576,0.34959375858306885,0.21832887828350067,-0.2237486094236374,0.9983681440353394,0.3656904101371765,0.24826444685459137,-0.16604509949684143,0.9979420900344849,0.3613256812095642,0.2475685179233551,-0.20205655694007874,0.9994890093803406,0.36215144395828247,0.2812098562717438,-0.0074173943139612675,0.9993688464164734,0.29153019189834595,0.2657547891139984,-0.21228757500648499,0.9999394416809082,0.36096635460853577,0.35942214727401733,0.056638021022081375,0.6270931959152222,0.2626016438007355,0.3458545506000519,-0.21177513897418976,0.9931932091712952,0.3777821660041809,0.4243834912776947,-0.021624546498060226,0.6647766828536987,0.27688711881637573,0.4219071567058563,-0.23825323581695557,0.9810851812362671,0.38237231969833374,0.44294846057891846,-0.03589187189936638,0.6170041561126709,0.27846258878707886,0.44376203417778015,-0.26651912927627563,0.9665372967720032,0.38154125213623047,0.4429495930671692,-0.06783363968133926,0.6309552788734436,0.2869182229042053,0.44074419140815735,-0.2832612991333008,0.9655807614326477,0.37880104780197144,0.4374048411846161,-0.03726183623075485,0.6222259998321533,0.2874487042427063,0.4339807629585266,-0.244399756193161,0.9427526593208313,0.3290417194366455,0.4321148097515106,0.06305679678916931,0.9978266358375549,0.2863735258579254,0.4332265555858612,-0.06300090998411179,0.9987668395042419,0.34296852350234985,0.5381978154182434,0.12528488039970398,0.8354066014289856,0.28287142515182495,0.5457947850227356,-0.05828661471605301,0.9793127775192261,0.33550626039505005,0.6435896754264832,0.2566056549549103,0.8400094509124756,0.2666599154472351,0.6432181596755981,0.057651586830616,0.9790892004966736,0.32674655318260193,0.6611693501472473,0.2642591893672943,0.8144745230674744,0.25753873586654663,0.6559366583824158,0.06296910345554352,0.9013633728027344,0.3665353059768677,0.6702421307563782,0.19135978817939758,0.8759129047393799,0.28716808557510376,0.675492525100708,-0.0408538281917572,0.9701311588287354
92,0.37342071533203125,0.2451973408460617,-0.21706655621528625,0.9987014532089233,0.37541040778160095,0.2335335612297058,-0.20345942676067352,0.9964905381202698,0.3756353557109833,0.23297478258609772,-0.20351484417915344,0.9959697723388672,0.375715047121048,0.2322588711977005,-0.20353010296821594,0.9959263205528259,0.37176990509033203,0.2317754179239273,-0.2292509526014328,0.9982203245162964,0.36924028396606445,0.23000814020633698,-0.22928857803344727,0.9982351660728455,0.36642053723335266,0.22785569727420807,-0.22935810685157776,0.9983695149421692,0.36407697200775146,0.22601772844791412,-0.1112029105424881,0.9882370829582214,0.35286471247673035,0.22173742949962616,-0.23020847141742706,0.9984294176101685,0.36815720796585083,0.25416120886802673,-0.17872345447540283,0.9980848431587219,0.3633806109428406,0.2527907192707062,-0.21337208151817322,0.9995115399360657,0.36625832319259644,0.28371715545654297,-0.01559283398091793,0.9994248151779175,0.295260488986969,0.26591092348098755,-0.21168506145477295,0.9999423623085022,0.36657336354255676,0.3608820140361786,0.04787782207131386,0.6443253755569458,0.26534342765808105,0.34581202268600464,-0.20998939871788025,0.9930664300918579,0.38464081287384033,0.42669880390167236,-0.03613351285457611,0.6848421692848206,0.2774592936038971,0.4225461781024933,-0.24311986565589905,0.9809406399726868,0.3891703188419342,0.4427582025527954,-0.052257098257541656,0.6347668170928955,0.2782455384731293,0.4437316954135895,-0.2724710702896118,0.966084361076355,0.3888012766838074,0.44253817200660706,-0.08353199064731598,0.6495914459228516,0.2861514687538147,0.44102489948272705,-0.29055964946746826,0.9653643369674683,0.38555410504341125,0.437197744846344,-0.05173446983098984,0.6404885649681091,0.2873701751232147,0.43433040380477905,-0.2499808967113495,0.9426530003547668,0.3317459523677826,0.43438979983329773,0.06316269934177399,0.9979742169380188,0.288348525762558,0.4343656003475189,-0.06310617178678513,0.9988266229629517,0.3431546688079834,0.5394133925437927,0.12930001318454742,0.8442984223365784,0.28646066784858704,0.5461757779121399,-0.057512182742357254,0.9801758527755737,0.3353014588356018,0.6438759565353394,0.27622196078300476,0.8512338399887085,0.26679855585098267,0.6431366205215454,0.07068595290184021,0.9798711538314819,0.3259512782096863,0.6614800095558167,0.285819947719574,0.824152410030365,0.25765460729599,0.6546446084976196,0.07767315208911896,0.9007685780525208,0.365919291973114,0.6706202626228333,0.2121523916721344,0.8839015364646912,0.2869601547718048,0.6758169531822205,-0.02724505588412285,0.9711465835571289
93,0.3787704110145569,0.24854382872581482,-0.2129683941602707,0.9987848401069641,0.38037124276161194,0.2366965413093567,-0.20046213269233704,0.996715247631073,0.38048774003982544,0.23607076704502106,-0.2005138397216797,0.9962394833564758,0.3804395794868469,0.23525021970272064,-0.20053164660930634,0.9962074756622314,0.3768434524536133,0.23491281270980835,-0.22703246772289276,0.9982975125312805,0.37430304288864136,0.2330998033285141,-0.22707049548625946,0.9983028173446655,0.3714766502380371,0.23093180358409882,-0.22714152932167053,0.9984021782875061,0.3685240149497986,0.2286228984594345,-0.11279521137475967,0.9890543222427368,0.35772091150283813,0.22487488389015198,-0.2350272387266159,0.9984635710716248,0.37318921089172363,0.2575225234031677,-0.17602229118347168,0.9982117414474487,0.36843618750572205,0.25621384382247925,-0.21167615056037903,0.9995267987251282,0.37047386169433594,0.28452619910240173,-0.021129954606294632,0.9994766116142273,0.29901981353759766,0.2661581337451935,-0.21664655208587646,0.9999434947967529,0.37113648653030396,0.36149266362190247,0.04399768263101578,0.6649621725082397,0.26822108030319214,0.34623444080352783,-0.21349529922008514,0.992896318435669,0.3926491439342499,0.4270138442516327,-0.03829920291900635,0.7079413533210754,0.2788791060447693,0.42297884821891785,-0.24044546484947205,0.980904757976532,0.39787834882736206,0.44256749749183655,-0.05443423241376877,0.6569600701332092,0.27813223004341125,0.44422754645347595,-0.26822444796562195,0.9657711982727051,0.3977944552898407,0.44228678941726685,-0.0857577696442604,0.6722484827041626,0.2860623002052307,0.44148823618888855,-0.2863686680793762,0.9652704000473022,0.3946264982223511,0.4370991587638855,-0.05382583662867546,0.6630041003227234,0.2871777415275574,0.4348021149635315,-0.24715296924114227,0.9427297115325928,0.3337959349155426,0.4345896542072296,0.06270913034677505,0.998104989528656,0.2904745936393738,0.43426191806793213,-0.06268225610256195,0.9988628625869751,0.3434348702430725,0.5401143431663513,0.12509022653102875,0.8514108061790466,0.2895074188709259,0.546424925327301,-0.04060683399438858,0.9805183410644531,0.3356592357158661,0.6436610817909241,0.27575764060020447,0.8601989150047302,0.2675696015357971,0.6426665782928467,0.10304875671863556,0.9801418781280518,0.326078861951828,0.6612141132354736,0.2860971987247467,0.8301761746406555,0.2583443522453308,0.6536348462104797,0.11182256042957306,0.8980064392089844,0.365811288356781,0.6703519225120544,0.21388955414295197,0.8904014229774475,0.286929190158844,0.6758986115455627,0.010905349627137184,0.9715878963470459
94,0.3824564218521118,0.251263827085495,-0.2042614221572876,0.9988733530044556,0.3839491605758667,0.23961444199085236,-0.19151197373867035,0.9969483613967896,0.3838498294353485,0.2390444576740265,-0.1915653645992279,0.9965147972106934,0.3835834562778473,0.23824842274188995,-0.1915844827890396,0.9964984655380249,0.3807278573513031,0.23766618967056274,-0.2199360877275467,0.9983869194984436,0.37839192152023315,0.2357916682958603,-0.219967320561409,0.9983835220336914,0.37569963932037354,0.23358479142189026,-0.2200349122285843,0.9984526038169861,0.3715912401676178,0.23155324161052704,-0.10746265947818756,0.9898958206176758,0.36187830567359924,0.22767241299152374,-0.2376076877117157,0.9984944462776184,0.37648361921310425,0.26044437289237976,-0.16892971098423004,0.9983497858047485,0.3719843626022339,0.2590729296207428,-0.20703141391277313,0.9995487928390503,0.3719576299190521,0.2850867211818695,-0.024538498371839523,0.9995254278182983,0.3018803596496582,0.26638728380203247,-0.2219884842634201,0.9999423027038574,0.3753487467765808,0.36149531602859497,0.03851521760225296,0.687175989151001,0.27075719833374023,0.3466636836528778,-0.22130028903484344,0.9923267364501953,0.3982439339160919,0.4268478453159332,-0.04728544503450394,0.7315454483032227,0.27923333644866943,0.42312684655189514,-0.2441416084766388,0.9801638722419739,0.4049571454524994,0.4423119127750397,-0.06616093218326569,0.6809758543968201,0.27804163098335266,0.4445970356464386,-0.27196717262268066,0.964471697807312,0.40588992834091187,0.4421935975551605,-0.09605996310710907,0.6962983012199402,0.2851484417915344,0.44171854853630066,-0.29043295979499817,0.9641530513763428,0.40240925550460815,0.43682458996772766,-0.06270299851894379,0.6871074438095093,0.28666970133781433,0.4349476993083954,-0.25117629766464233,0.9412695169448853,0.33558565378189087,0.436279296875,0.062417320907115936,0.99825119972229,0.29292765259742737,0.43645137548446655,-0.062421202659606934,0.9988998174667358,0.34456154704093933,0.5430802702903748,0.12778133153915405,0.8575437664985657,0.29381585121154785,0.5484936237335205,-0.014302578754723072,0.98056960105896,0.33535271883010864,0.6433919072151184,0.2985251545906067,0.8676237463951111,0.2689213156700134,0.6422174572944641,0.15993531048297882,0.9801591038703918,0.32581502199172974,0.660904586315155,0.3117343783378601,0.8344236612319946,0.25941142439842224,0.6525492072105408,0.17231082916259766,0.8946326971054077,0.3652031123638153,0.670111358165741,0.24366676807403564,0.896374523639679,0.2870003879070282,0.676838219165802,0.0765506774187088,0.9717884063720703
95,0.3844844698905945,0.25528720021247864,-0.2087622582912445,0.9989513158798218,0.38615351915359497,0.24351634085178375,-0.19602040946483612,0.9971465468406677,0.3860255181789398,0.24305939674377441,-0.19607235491275787,0.9967530965805054,0.3857591152191162,0.2423297017812729,-0.19609054923057556,0.9967519044876099,0.3830644190311432,0.24145199358463287,-0.22458724677562714,0.9984533786773682,0.38075387477874756,0.23956039547920227,-0.22461529076099396,0.9984394311904907,0.3781009316444397,0.2372867614030838,-0.2246774137020111,0.9984707832336426,0.3741210401058197,0.23531724512577057,-0.11150757223367691,0.9906500577926636,0.3648533225059509,0.2310090810060501,-0.24182963371276855,0.9984815120697021,0.37858670949935913,0.26412245631217957,-0.17319336533546448,0.9984745979309082,0.37412160634994507,0.26254817843437195,-0.2114451825618744,0.9995664358139038,0.3743329346179962,0.2861836552619934,-0.031181225553154945,0.9995704293251038,0.3041476607322693,0.2665252089500427,-0.22430340945720673,0.9999390840530396,0.3791162371635437,0.36192625761032104,0.021285096183419228,0.710882842540741,0.2718812823295593,0.34679433703422546,-0.22461935877799988,0.9918072819709778,0.4028245806694031,0.4263974726200104,-0.07724636048078537,0.7549588680267334,0.2790249288082123,0.4233641028404236,-0.24853205680847168,0.9796637892723083,0.41034024953842163,0.44152119755744934,-0.09784932434558868,0.7060816884040833,0.2764469087123871,0.44476252794265747,-0.2760776877403259,0.9635594487190247,0.4108993113040924,0.44133326411247253,-0.12729711830615997,0.7210278511047363,0.2829202115535736,0.44164934754371643,-0.29518836736679077,0.9634349942207336,0.4076906740665436,0.43641793727874756,-0.09270619601011276,0.7120471000671387,0.2847510278224945,0.4349171221256256,-0.2558644711971283,0.9403836131095886,0.33702367544174194,0.43687164783477783,0.06056371331214905,0.9983917474746704,0.2948054373264313,0.436786025762558,-0.06060352176427841,0.998921275138855,0.3449430763721466,0.5426034331321716,0.12099950015544891,0.8643064498901367,0.2976306974887848,0.5483857989311218,0.005465863738209009,0.9802182912826538,0.33463481068611145,0.6431859731674194,0.28043726086616516,0.8744203448295593,0.2731971740722656,0.6392362713813782,0.19868707656860352,0.9797475934028625,0.3250713348388672,0.6608768105506897,0.293440043926239,0.837506115436554,0.26399916410446167,0.6484870314598083,0.2129780501127243,0.8905431628227234,0.3646792769432068,0.6701288223266602,0.22214019298553467,0.902068555355072,0.2873857319355011,0.6768125295639038,0.11964334547519684,0.9716394543647766
96,0.3871118724346161,0.2574402093887329,-0.20893149077892303,0.9990009069442749,0.3885432481765747,0.24530942738056183,-0.1962732970714569,0.9972625374794006,0.3883865177631378,0.24485591053962708,-0.19632479548454285,0.9969148635864258,0.38808757066726685,0.24412153661251068,-0.1963404417037964,0.9969280958175659,0.38561683893203735,0.24327808618545532,-0.22476394474506378,0.9984596967697144,0.38335734605789185,0.24145294725894928,-0.2247912585735321,0.9984358549118042,0.38083982467651367,0.23931139707565308,-0.22485120594501495,0.9984122514724731,0.3763529360294342,0.23762771487236023,-0.11254870891571045,0.9912034869194031,0.3678252398967743,0.23365065455436707,-0.24288161098957062,0.9983912110328674,0.38114094734191895,0.2661224603652954,-0.173735111951828,0.9985619187355042,0.3768550753593445,0.2645206153392792,-0.2118242084980011,0.9995654225349426,0.3762514591217041,0.28732824325561523,-0.037377677857875824,0.9996102452278137,0.3068292438983917,0.2665935456752777,-0.22353538870811462,0.9999361634254456,0.38137003779411316,0.36174604296684265,0.0018880979623645544,0.7308410406112671,0.272940069437027,0.3466964066028595,-0.2233978509902954,0.9914178252220154,0.40493518114089966,0.4255821108818054,-0.10700730234384537,0.7753214836120605,0.2772522270679474,0.42311131954193115,-0.24131152033805847,0.9789544343948364,0.41288667917251587,0.439885675907135,-0.1283932477235794,0.7275400161743164,0.27337729930877686,0.4446725845336914,-0.26692426204681396,0.9621685743331909,0.41342902183532715,0.43970006704330444,-0.15712732076644897,0.7423052191734314,0.2794254422187805,0.4415213465690613,-0.28590044379234314,0.9621981382369995,0.41037946939468384,0.4351000189781189,-0.12256516516208649,0.7334842681884766,0.28133219480514526,0.43467387557029724,-0.2485836297273636,0.9388097524642944,0.3390095829963684,0.436745285987854,0.05869518592953682,0.9985018372535706,0.29745566844940186,0.4366222321987152,-0.05874773859977722,0.9989222884178162,0.34538668394088745,0.5424598455429077,0.1168922558426857,0.8692415356636047,0.3015693128108978,0.5477368235588074,0.004207586403936148,0.9802271723747253,0.3344178795814514,0.6427872776985168,0.2729719877243042,0.8802667260169983,0.2794974446296692,0.639168381690979,0.1804945319890976,0.9796072244644165,0.3248372972011566,0.65957111120224,0.2849445641040802,0.8391632437705994,0.27119994163513184,0.6490366458892822,0.19280128180980682,0.8883395791053772,0.36437419056892395,0.6699008941650391,0.21236851811408997,0.9072172045707703,0.29105713963508606,0.6768232583999634,0.09793366491794586,0.9718911647796631
97,0.3876757025718689,0.26112449169158936,-0.2120703011751175,0.9990431666374207,0.38988545536994934,0.24934504926204681,-0.19966502487659454,0.9973559379577637,0.3899071216583252,0.24910365045070648,-0.1997186541557312,0.9970587491989136,0.38975995779037476,0.24863924086093903,-0.19973020255565643,0.9970801472663879,0.3865325152873993,0.2469782680273056,-0.22727198898792267,0.9984528422355652,0.38411691784858704,0.24510176479816437,-0.2273053675889969,0.9984209537506104,0.38147711753845215,0.24284161627292633,-0.22736962139606476,0.9983367323875427,0.37828493118286133,0.24144762754440308,-0.11530313640832901,0.9917338490486145,0.36892154812812805,0.23640209436416626,-0.24258914589881897,0.9982948303222656,0.38193458318710327,0.2693689465522766,-0.17666226625442505,0.9986463189125061,0.3774694800376892,0.26719504594802856,-0.2136339694261551,0.9995672702789307,0.37779733538627625,0.28776177763938904,-0.044667184352874756,0.9996464848518372,0.30941250920295715,0.2666657269001007,-0.21527643501758575,0.9999324083328247,0.3848959803581238,0.36175376176834106,-0.007023786194622517,0.7520610094070435,0.273560494184494,0.346514493227005,-0.20801496505737305,0.9909874796867371,0.40855154395103455,0.42467084527015686,-0.11840250343084335,0.7949224710464478,0.27398785948753357,0.4226782023906708,-0.22771139442920685,0.9780803918838501,0.41652995347976685,0.4389861226081848,-0.14059992134571075,0.74881911277771,0.2701953649520874,0.444663941860199,-0.251642107963562,0.9604949355125427,0.41666680574417114,0.43831878900527954,-0.168941468000412,0.7630854249000549,0.2765522599220276,0.4414244592189789,-0.27281439304351807,0.960735023021698,0.41360384225845337,0.43377164006233215,-0.13361699879169464,0.7544286847114563,0.27857035398483276,0.4343295395374298,-0.23579558730125427,0.9371169209480286,0.3396212160587311,0.4371884763240814,0.05567443370819092,0.9985736012458801,0.29823970794677734,0.43671026825904846,-0.055707044899463654,0.9988728165626526,0.3454658091068268,0.5421776175498962,0.10642997920513153,0.872992217540741,0.3038911819458008,0.5474346876144409,-0.007492301519960165,0.9798808693885803,0.33401793241500854,0.6427567601203918,0.25857141613960266,0.8844985961914062,0.28572383522987366,0.6399477124214172,0.15581059455871582,0.9788534641265869,0.3245197832584381,0.659382164478302,0.26987403631210327,0.8390357494354248,0.279558002948761,0.6505587100982666,0.16622720658779144,0.8851664662361145,0.3641451299190521,0.6697887778282166,0.19102486968040466,0.9111485481262207,0.2961736023426056,0.6774774193763733,0.06672915071249008,0.9716770648956299
98,0.3895866870880127,0.2631850838661194,-0.2002130001783371,0.99908846616745,0.39166373014450073,0.2513752579689026,-0.18743573129177094,0.9974658489227295,0.3917087912559509,0.2511522173881531,-0.18748778104782104,0.9972144365310669,0.3915647864341736,0.25073009729385376,-0.18749387562274933,0.997242271900177,0.38824859261512756,0.2491312026977539,-0.21489150822162628,0.9984732866287231,0.3858318328857422,0.2473837435245514,-0.21492651104927063,0.9984354972839355,0.38323813676834106,0.24527090787887573,-0.21499089896678925,0.9983081817626953,0.3804870843887329,0.24388816952705383,-0.10269862413406372,0.9922638535499573,0.37090662121772766,0.23890042304992676,-0.22872912883758545,0.9982637166976929,0.3840404152870178,0.2714284658432007,-0.164667010307312,0.9987255334854126,0.37956881523132324,0.269182026386261,-0.2013891488313675,0.9995720386505127,0.3802812397480011,0.28901636600494385,-0.034729547798633575,0.999678909778595,0.3109256625175476,0.2666958272457123,-0.20230157673358917,0.9999305009841919,0.3876221477985382,0.3622506558895111,0.002098581986501813,0.7704684734344482,0.2738727629184723,0.34496307373046875,-0.19540145993232727,0.9907607436180115,0.4115446209907532,0.4243846833705902,-0.1105974093079567,0.8122919201850891,0.27019035816192627,0.4200662076473236,-0.21452271938323975,0.9773879647254944,0.4199659824371338,0.43855148553848267,-0.1318528801202774,0.7675314545631409,0.2666490077972412,0.44318780303001404,-0.23741726577281952,0.9589974284172058,0.41988834738731384,0.43739405274391174,-0.16083507239818573,0.7814679741859436,0.2728816568851471,0.44019827246665955,-0.2580799162387848,0.9594516754150391,0.41668444871902466,0.4329099953174591,-0.12617044150829315,0.7729684710502625,0.2747517228126526,0.43261396884918213,-0.22238770127296448,0.9356482028961182,0.3415668308734894,0.43777304887771606,0.05644042417407036,0.9986140131950378,0.2999683618545532,0.43680933117866516,-0.05646268650889397,0.9988129734992981,0.3463105261325836,0.5446076989173889,0.10001528263092041,0.8769286870956421,0.307085782289505,0.5479326248168945,-0.01949995756149292,0.9801710247993469,0.33422383666038513,0.6426986455917358,0.24389834702014923,0.888933539390564,0.292296826839447,0.643451452255249,0.13432613015174866,0.9788111448287964,0.3248484432697296,0.6587219834327698,0.25373777747154236,0.8400973677635193,0.28755345940589905,0.6540977954864502,0.14372187852859497,0.8838139772415161,0.36401641368865967,0.6697571277618408,0.17560556530952454,0.9150919914245605,0.3029381036758423,0.6798527240753174,0.04273732751607895,0.9720723032951355
99,0.3915446698665619,0.26396358013153076,-0.200092151761055,0.9991286993026733,0.39375966787338257,0.25190144777297974,-0.18768799304962158,0.9975669980049133,0.3937920928001404,0.2516412138938904,-0.18773536384105682,0.9973609447479248,0.3936462104320526,0.25118130445480347,-0.1877370923757553,0.9973909258842468,0.3904653787612915,0.2498626708984375,-0.21535208821296692,0.9985069036483765,0.3881363272666931,0.2482236921787262,-0.21539494395256042,0.9984665513038635,0.3856765329837799,0.2462344467639923,-0.21546542644500732,0.9983088374137878,0.38281360268592834,0.24479025602340698,-0.10425877571105957,0.992770254611969,0.3733545243740082,0.2401035875082016,-0.230953186750412,0.9982683658599854,0.38606804609298706,0.2722671329975128,-0.16503866016864777,0.9987956285476685,0.38180574774742126,0.270158976316452,-0.20198416709899902,0.9995772838592529,0.3819897174835205,0.29082736372947693,-0.03444959968328476,0.9997067451477051,0.3120705485343933,0.266994833946228,-0.20328974723815918,0.9999297261238098,0.38906508684158325,0.36353394389152527,0.0031936378218233585,0.7865374684333801,0.27407902479171753,0.3447253108024597,-0.19305942952632904,0.9908497333526611,0.4131094813346863,0.4242883622646332,-0.11019974946975708,0.8273935914039612,0.26792508363723755,0.4200066030025482,-0.20764604210853577,0.9773882627487183,0.4210785925388336,0.4385002851486206,-0.13003911077976227,0.7832621932029724,0.26518115401268005,0.44311660528182983,-0.22905118763446808,0.9585496187210083,0.4210013747215271,0.43707752227783203,-0.15954849123954773,0.7970655560493469,0.27137210965156555,0.44033098220825195,-0.24876494705677032,0.9591347575187683,0.4180088937282562,0.43263474106788635,-0.12596425414085388,0.7886441946029663,0.2730761766433716,0.43272462487220764,-0.21494042873382568,0.9354449510574341,0.34295475482940674,0.438567578792572,0.05570913478732109,0.9986109137535095,0.30092108249664307,0.43718913197517395,-0.05570729449391365,0.9987695217132568,0.3461451530456543,0.5487807393074036,0.09978704899549484,0.8806928396224976,0.30783528089523315,0.5491913557052612,-0.021756358444690704,0.9806369543075562,0.3340356945991516,0.6429557204246521,0.23760633170604706,0.8929015398025513,0.2988027036190033,0.6521885395050049,0.12973378598690033,0.9790695905685425,0.3247409760951996,0.6585403084754944,0.2464601695537567,0.8424792289733887,0.29790371656417847,0.6652673482894897,0.14290229976177216,0.8850078582763672,0.3639821410179138,0.6701454520225525,0.1668320596218109,0.9187775254249573,0.3098777234554291,0.6877663731575012,0.0323454812169075,0.9728111624717712
100,0.3934822082519531,0.2641902267932892,-0.1878671646118164,0.9991717338562012,0.395468533039093,0.25182825326919556,-0.1750057488679886,0.9976794719696045,0.3953792154788971,0.25147801637649536,-0.1750602424144745,0.9975095391273499,0.39510881900787354,0.25092241168022156,-0.17506147921085358,0.9975408911705017,0.3925250470638275,0.2500733435153961,-0.20257098972797394,0.998560905456543,0.3903738856315613,0.24853019416332245,-0.20261816680431366,0.9985201954841614,0.3880990445613861,0.2466782182455063,-0.2026931345462799,0.9983500838279724,0.3843441605567932,0.24503128230571747,-0.09229984134435654,0.9932500720024109,0.37529388070106506,0.2409602552652359,-0.21853260695934296,0.998315691947937,0.3880656361579895,0.27239689230918884,-0.1533009260892868,0.9988674521446228,0.3841891288757324,0.27054890990257263,-0.19010566174983978,0.9995907545089722,0.3839346468448639,0.2925311028957367,-0.02115926519036293,0.9997311234474182,0.31275373697280884,0.26736751198768616,-0.1958075761795044,0.9999322295188904,0.3910822868347168,0.36541932821273804,0.013574399054050446,0.7997510433197021,0.27487462759017944,0.3444209694862366,-0.18897393345832825,0.9910542964935303,0.41475820541381836,0.42497560381889343,-0.10327955335378647,0.8398243188858032,0.2670675814151764,0.4197741448879242,-0.20647963881492615,0.9776314496994019,0.4222835898399353,0.4386774003505707,-0.12474902719259262,0.795218825340271,0.26412495970726013,0.4429984390735626,-0.22899344563484192,0.9585932493209839,0.42192596197128296,0.4371033310890198,-0.1538722813129425,0.809196412563324,0.270576149225235,0.4404388964176178,-0.24807891249656677,0.9592387676239014,0.4191467761993408,0.4327591061592102,-0.11831142753362656,0.8006346821784973,0.2724883556365967,0.43288740515708923,-0.21366600692272186,0.9357542395591736,0.34361886978149414,0.4398267865180969,0.05584479495882988,0.998599648475647,0.30163830518722534,0.43756645917892456,-0.05586133524775505,0.998774528503418,0.34605416655540466,0.5509593486785889,0.1116923838853836,0.8809237480163574,0.3096338212490082,0.5494478344917297,-0.041261181235313416,0.9812545776367188,0.3339015543460846,0.644070565700531,0.24030034244060516,0.8948818445205688,0.30266380310058594,0.6585785150527954,0.07765509933233261,0.9795276522636414,0.3247532248497009,0.65851229429245,0.2501710057258606,0.8442711234092712,0.3010132908821106,0.6729871034622192,0.08290610462427139,0.8880787491798401,0.3638775944709778,0.6709885001182556,0.1727294623851776,0.921421468257904,0.31633836030960083,0.6943191289901733,-0.02648845687508583,0.9737946391105652
101,0.39389461278915405,0.2652038037776947,-0.1899510622024536,0.9992125630378723,0.3959285616874695,0.25297877192497253,-0.17763306200504303,0.9977819919586182,0.39592796564102173,0.25259798765182495,-0.17768967151641846,0.997646152973175,0.3957894444465637,0.2520361840724945,-0.17769601941108704,0.9976794123649597,0.3928945064544678,0.2513776123523712,-0.20500993728637695,0.998611569404602,0.3907099962234497,0.24988384544849396,-0.20506000518798828,0.9985687732696533,0.38822418451309204,0.24805085361003876,-0.20513872802257538,0.9983896017074585,0.38557544350624084,0.2460814267396927,-0.09443536400794983,0.9937019944190979,0.37516307830810547,0.24211859703063965,-0.2196280062198639,0.9983649253845215,0.38893502950668335,0.2732951045036316,-0.1547727882862091,0.9989389777183533,0.3848968744277954,0.27167266607284546,-0.19128748774528503,0.9996072053909302,0.3855019509792328,0.2928742468357086,-0.02072707936167717,0.9997541308403015,0.3131372332572937,0.2680414915084839,-0.19319254159927368,0.9999355673789978,0.39194589853286743,0.3657864034175873,0.013843454420566559,0.8122349977493286,0.2755481004714966,0.34417733550071716,-0.18321475386619568,0.9913144111633301,0.41501039266586304,0.4252053499221802,-0.10254049301147461,0.8513689041137695,0.2670220732688904,0.4196762144565582,-0.20118752121925354,0.9779215455055237,0.4225495755672455,0.4389311671257019,-0.1226782351732254,0.8068342208862305,0.26401302218437195,0.4430379271507263,-0.22375985980033875,0.9587107300758362,0.42196863889694214,0.4373258948326111,-0.1521848440170288,0.8207731246948242,0.2706558406352997,0.44047796726226807,-0.24292394518852234,0.9594091773033142,0.41922682523727417,0.4330296814441681,-0.11814834922552109,0.8119759559631348,0.27265191078186035,0.43301284313201904,-0.20830902457237244,0.9361041188240051,0.34480705857276917,0.4407086968421936,0.05624498799443245,0.9985947608947754,0.30273470282554626,0.43800920248031616,-0.056249357759952545,0.9988088011741638,0.34666335582733154,0.5521325469017029,0.11585895717144012,0.8824353218078613,0.3111557066440582,0.5510128736495972,-0.060732610523700714,0.9819126725196838,0.33408087491989136,0.6448773145675659,0.25087812542915344,0.8967810273170471,0.3070352077484131,0.6641694903373718,0.04949724301695824,0.9800468683242798,0.3255857527256012,0.6584951877593994,0.26004987955093384,0.8454749584197998,0.30495738983154297,0.6789125204086304,0.05341921001672745,0.8913805484771729,0.3638022541999817,0.6716007590293884,0.18080326914787292,0.9235275387763977,0.32045572996139526,0.7004429697990417,-0.06020761653780937,0.9747903347015381
102,0.39410924911499023,0.26654866337776184,-0.1898043155670166,0.999254584312439,0.39635613560676575,0.2543259263038635,-0.177740678191185,0.9978959560394287,0.39641469717025757,0.2539345622062683,-0.1777985841035843,0.9977867603302002,0.3963722288608551,0.2533983588218689,-0.17780765891075134,0.9978213906288147,0.393266886472702,0.2528177797794342,-0.20504868030548096,0.9986749291419983,0.3910398483276367,0.25132372975349426,-0.20510348677635193,0.998630166053772,0.38841477036476135,0.24948345124721527,-0.20518739521503448,0.9984505772590637,0.38660961389541626,0.24718399345874786,-0.09460831433534622,0.9941405057907104,0.37528860569000244,0.24312053620815277,-0.21942034363746643,0.9984326362609863,0.389387845993042,0.2746054232120514,-0.15445345640182495,0.9990092515945435,0.3851071000099182,0.2731173634529114,-0.19087883830070496,0.9996263384819031,0.38673877716064453,0.29279229044914246,-0.017742911353707314,0.9997745752334595,0.31407812237739563,0.26829972863197327,-0.19456526637077332,0.9999395608901978,0.39210277795791626,0.36608898639678955,0.01739012822508812,0.8226811289787292,0.2759486138820648,0.34420210123062134,-0.18493400514125824,0.9916288256645203,0.41355282068252563,0.42562779784202576,-0.0988231673836708,0.8612968325614929,0.2672019600868225,0.41972699761390686,-0.20344987511634827,0.9784488081932068,0.4210034906864166,0.4396267831325531,-0.11834664642810822,0.8167782425880432,0.26445677876472473,0.44307756423950195,-0.22701303660869598,0.9593386054039001,0.4208107590675354,0.43808069825172424,-0.14812596142292023,0.8306836485862732,0.2710239589214325,0.4409937560558319,-0.245352104306221,0.9600679278373718,0.4180367887020111,0.4336176812648773,-0.11448808759450912,0.8216062188148499,0.27291417121887207,0.43340784311294556,-0.21020834147930145,0.9370841383934021,0.34602150321006775,0.441238135099411,0.058176927268505096,0.9985736012458801,0.3041135370731354,0.43825864791870117,-0.058134306222200394,0.9988626837730408,0.3474712371826172,0.5532355904579163,0.13415610790252686,0.8839331865310669,0.31206032633781433,0.5524054765701294,-0.08340106904506683,0.9828554391860962,0.334572970867157,0.6460186243057251,0.28137966990470886,0.8985339403152466,0.3099251389503479,0.6689032316207886,0.008515676483511925,0.9809800386428833,0.3267665505409241,0.6585655212402344,0.2912669777870178,0.8474109172821045,0.30744054913520813,0.6848747134208679,0.010369457304477692,0.8963252305984497,0.3639378547668457,0.6725499629974365,0.21601393818855286,0.9253168702125549,0.32646480202674866,0.7070690989494324,-0.10700024664402008,0.9760825037956238
103,0.3938879370689392,0.26773110032081604,-0.19413191080093384,0.9993016123771667,0.3962147533893585,0.2554488480091095,-0.1807059347629547,0.9980292916297913,0.39628705382347107,0.25499624013900757,-0.18076476454734802,0.997938334941864,0.39628833532333374,0.25441059470176697,-0.1807720810174942,0.9979736804962158,0.39320605993270874,0.2540327310562134,-0.2080051153898239,0.9987569451332092,0.39103367924690247,0.2524956166744232,-0.2080402672290802,0.998711347579956,0.3884386122226715,0.25061002373695374,-0.20811614394187927,0.9985401034355164,0.3870362639427185,0.24788278341293335,-0.09559483081102371,0.9945818781852722,0.3753279447555542,0.24372506141662598,-0.2199585884809494,0.9985243678092957,0.3894282877445221,0.2757088243961334,-0.158619686961174,0.9990800023078918,0.38495463132858276,0.2743181586265564,-0.19509674608707428,0.9996489882469177,0.3875815272331238,0.2928018867969513,-0.02024390548467636,0.999793291091919,0.3144151568412781,0.26868927478790283,-0.1949836164712906,0.9999441504478455,0.3924594223499298,0.36645063757896423,0.018881838768720627,0.832452118396759,0.2763054668903351,0.3442653715610504,-0.1916361302137375,0.9920257925987244,0.41230303049087524,0.42736878991127014,-0.09727906435728073,0.8701527714729309,0.2674883008003235,0.4205116331577301,-0.21164032816886902,0.979219913482666,0.4195767045021057,0.4416711926460266,-0.11449358612298965,0.8254801630973816,0.26491037011146545,0.44349443912506104,-0.23569509387016296,0.9604310989379883,0.41949668526649475,0.4404153525829315,-0.1462540626525879,0.839295506477356,0.271426260471344,0.4421585500240326,-0.2543971538543701,0.9611667990684509,0.4167698919773102,0.4357154965400696,-0.1132785826921463,0.8299238681793213,0.27325257658958435,0.43461331725120544,-0.21853819489479065,0.9386008977890015,0.34677213430404663,0.4414921998977661,0.062358878552913666,0.9985465407371521,0.3049009144306183,0.4385583698749542,-0.062285132706165314,0.9989348649978638,0.3479250967502594,0.5538109540939331,0.16557452082633972,0.8859452605247498,0.3133382499217987,0.5543340444564819,-0.10616327822208405,0.9840375781059265,0.33558377623558044,0.6469401121139526,0.3203585147857666,0.900429368019104,0.3135751485824585,0.6734837293624878,-0.03821615129709244,0.9822071194648743,0.3280934691429138,0.6588996648788452,0.33086177706718445,0.849401593208313,0.3110027611255646,0.6898292303085327,-0.03893464431166649,0.9024099111557007,0.3639768958091736,0.6731236577033997,0.25868168473243713,0.9270544648170471,0.3325694799423218,0.71068274974823,-0.1603270024061203,0.9776325225830078
104,0.394237220287323,0.26780444383621216,-0.19629570841789246,0.9993475675582886,0.39647963643074036,0.2554541826248169,-0.18504618108272552,0.9981637597084045,0.3965405523777008,0.25499725341796875,-0.18510161340236664,0.9980867505073547,0.3965446352958679,0.2544029951095581,-0.18511366844177246,0.9981223344802856,0.3935641050338745,0.254013329744339,-0.21231511235237122,0.9988405704498291,0.39141541719436646,0.2524682879447937,-0.21236589550971985,0.9987940788269043,0.3888052999973297,0.2506011724472046,-0.21244385838508606,0.9986321926116943,0.3873719274997711,0.24812939763069153,-0.10161745548248291,0.9950053095817566,0.37545856833457947,0.24400024116039276,-0.22600872814655304,0.9986168742179871,0.38988471031188965,0.27588939666748047,-0.16037437319755554,0.9991482496261597,0.3852916955947876,0.27459895610809326,-0.19682110846042633,0.9996717572212219,0.38815146684646606,0.2929728627204895,-0.02167261205613613,0.9998106360435486,0.31471624970436096,0.2695525884628296,-0.20000803470611572,0.9999483823776245,0.3926742374897003,0.3665870726108551,0.018774842843413353,0.8409029245376587,0.2768367528915405,0.3442869186401367,-0.19254626333713531,0.9923406839370728,0.41105619072914124,0.42785197496414185,-0.098353311419487,0.8781709671020508,0.26769256591796875,0.4217430651187897,-0.21441082656383514,0.9797317981719971,0.4180727005004883,0.4427807629108429,-0.11648380756378174,0.8336284160614014,0.2655991315841675,0.443771630525589,-0.23703062534332275,0.9611047506332397,0.41792401671409607,0.4422397315502167,-0.1480434238910675,0.8472641110420227,0.27169397473335266,0.4426555633544922,-0.25753456354141235,0.9618464708328247,0.41523170471191406,0.43727901577949524,-0.11429722607135773,0.8375642895698547,0.27356886863708496,0.43553420901298523,-0.2216949760913849,0.939469575881958,0.34789595007896423,0.4418453872203827,0.06418476998806,0.9985365271568298,0.30620142817497253,0.4391854703426361,-0.0641055554151535,0.9990088939666748,0.3488330543041229,0.5551050305366516,0.18506832420825958,0.8885127902030945,0.3142593502998352,0.5569581389427185,-0.10213537514209747,0.9852002859115601,0.33703625202178955,0.6477858424186707,0.35148942470550537,0.9024893045425415,0.31659772992134094,0.6759834885597229,-0.03802184760570526,0.983418345451355,0.329701691865921,0.659261167049408,0.36331790685653687,0.8517385125160217,0.3142697513103485,0.6933801174163818,-0.03908838331699371,0.908355176448822,0.364143043756485,0.6738371253013611,0.2927091419696808,0.9288340210914612,0.3364506959915161,0.7140265107154846,-0.16088424623012543,0.9791176915168762
105,0.3948570191860199,0.26732319593429565,-0.2017195224761963,0.9993873834609985,0.39698612689971924,0.2548335790634155,-0.19111351668834686,0.9982821941375732,0.39700374007225037,0.2543797492980957,-0.1911674290895462,0.9982154965400696,0.3969777822494507,0.253780722618103,-0.19118568301200867,0.9982538223266602,0.39420780539512634,0.2533974349498749,-0.21889404952526093,0.9989145994186401,0.3920569121837616,0.25189706683158875,-0.21895332634449005,0.9988664388656616,0.3894006609916687,0.25010237097740173,-0.21903464198112488,0.998714804649353,0.38742244243621826,0.2477898746728897,-0.10825363546609879,0.9953791499137878,0.3756328821182251,0.24394704401493073,-0.235059455037117,0.9986981153488159,0.3904198706150055,0.2755589187145233,-0.16563883423805237,0.9992074370384216,0.3858758509159088,0.27435651421546936,-0.20277690887451172,0.999691367149353,0.3882530629634857,0.2928183376789093,-0.02243238128721714,0.9998254179954529,0.314547061920166,0.270826518535614,-0.21254460513591766,0.999951958656311,0.39244550466537476,0.3673839569091797,0.021869536489248276,0.848265528678894,0.27735739946365356,0.34578031301498413,-0.20500235259532928,0.9925867915153503,0.41025739908218384,0.4305376410484314,-0.08454643189907074,0.884992241859436,0.269031822681427,0.4261697828769684,-0.22578701376914978,0.9802930355072021,0.41710129380226135,0.44659072160720825,-0.10154608637094498,0.8401267528533936,0.26817089319229126,0.4469161033630371,-0.2524877190589905,0.9619413614273071,0.4168910086154938,0.4464624524116516,-0.13393160700798035,0.8536682724952698,0.27320918440818787,0.4462199807167053,-0.2696588635444641,0.9626807570457458,0.4141911566257477,0.441140353679657,-0.10054762661457062,0.843640923500061,0.27458879351615906,0.439372181892395,-0.23206014931201935,0.9405690431594849,0.3484264314174652,0.44223546981811523,0.06569769233465195,0.9985024929046631,0.3070272207260132,0.44017037749290466,-0.0656127855181694,0.9990680813789368,0.35013437271118164,0.5566416382789612,0.18184325098991394,0.8901500105857849,0.3155563473701477,0.5596411824226379,-0.101518914103508,0.9860914349555969,0.3375107944011688,0.6486842632293701,0.3462541401386261,0.9030447602272034,0.31844520568847656,0.6783319711685181,-0.03631323575973511,0.9843629598617554,0.33009427785873413,0.6599801182746887,0.35780033469200134,0.8529043793678284,0.31595635414123535,0.6957631707191467,-0.03719077631831169,0.913199782371521,0.3642151653766632,0.674893319606781,0.28768712282180786,0.9295545816421509,0.33901411294937134,0.7167272567749023,-0.15761858224868774,0.9802817106246948
106,0.3949136734008789,0.2672482430934906,-0.2106216847896576,0.9994292259216309,0.3970898687839508,0.25468647480010986,-0.19951610267162323,0.998401403427124,0.3971415162086487,0.2542409300804138,-0.19956551492214203,0.9983422160148621,0.39714744687080383,0.2536568343639374,-0.19957922399044037,0.9983802437782288,0.39428043365478516,0.2532769441604614,-0.22627770900726318,0.9989891648292542,0.39210084080696106,0.2518259882926941,-0.22633931040763855,0.99894118309021,0.3893800377845764,0.25009405612945557,-0.2264203578233719,0.9988000392913818,0.3878090977668762,0.24788901209831238,-0.11423739045858383,0.9957354664802551,0.37538984417915344,0.24405410885810852,-0.23729416728019714,0.9987812042236328,0.39057469367980957,0.2755813002586365,-0.17368799448013306,0.9992653131484985,0.3859078586101532,0.2744118571281433,-0.2094874382019043,0.9997117519378662,0.3887304365634918,0.2928658425807953,-0.022981109097599983,0.9998394846916199,0.31454092264175415,0.2720722556114197,-0.21335892379283905,0.9999554753303528,0.3927265703678131,0.3693346679210663,0.03614506870508194,0.8564947247505188,0.2778380811214447,0.3488248586654663,-0.2045697420835495,0.9928243160247803,0.40959396958351135,0.4343140721321106,-0.05416782945394516,0.8921903371810913,0.2724599838256836,0.4308118224143982,-0.22736938297748566,0.9810669422149658,0.4164276123046875,0.4510582685470581,-0.06985808908939362,0.8476594686508179,0.27233949303627014,0.45115435123443604,-0.2544850707054138,0.9632720947265625,0.41622456908226013,0.45037490129470825,-0.1028338074684143,0.8609097599983215,0.27668195962905884,0.4497194290161133,-0.2721075415611267,0.9640203714370728,0.4135076105594635,0.44479718804359436,-0.06989280134439468,0.8507616519927979,0.27804750204086304,0.443055659532547,-0.2337966412305832,0.9425522089004517,0.3489769399166107,0.4430878460407257,0.0658724308013916,0.9984586834907532,0.3080817759037018,0.44195741415023804,-0.06578689813613892,0.9991218447685242,0.3508685231208801,0.5582053065299988,0.1753445416688919,0.8917880058288574,0.3168868124485016,0.5626747608184814,-0.10591908544301987,0.986750602722168,0.33782002329826355,0.6488282084465027,0.34313488006591797,0.9030808806419373,0.31906208395957947,0.6796284914016724,-0.043502844870090485,0.9850480556488037,0.33018118143081665,0.6600324511528015,0.35496214032173157,0.8535435199737549,0.31619951128959656,0.696499764919281,-0.04465892165899277,0.9168550968170166,0.3646092116832733,0.6756400465965271,0.2854013442993164,0.9297172427177429,0.33964449167251587,0.7196855545043945,-0.16510063409805298,0.9811239838600159
107,0.3959457576274872,0.26694199442863464,-0.227041557431221,0.9994691610336304,0.39782053232192993,0.2544647753238678,-0.2150392085313797,0.9985141754150391,0.39780816435813904,0.25401127338409424,-0.21508097648620605,0.998461127281189,0.3977659046649933,0.2534170150756836,-0.21509024500846863,0.998498260974884,0.3951791524887085,0.25298598408699036,-0.242457315325737,0.999062180519104,0.393022745847702,0.25149574875831604,-0.24252519011497498,0.9990160465240479,0.3902769088745117,0.24975238740444183,-0.24260571599006653,0.9988857507705688,0.38811177015304565,0.24760212004184723,-0.12662287056446075,0.9960564374923706,0.3757087290287018,0.24388712644577026,-0.2524547278881073,0.9988638758659363,0.3914085328578949,0.27525457739830017,-0.1892375648021698,0.9993186593055725,0.38691267371177673,0.27409303188323975,-0.22595266997814178,0.9997314214706421,0.38887912034988403,0.2928561270236969,-0.028815876692533493,0.9998517036437988,0.3141414523124695,0.2734530568122864,-0.22815223038196564,0.9999588131904602,0.39288169145584106,0.37058597803115845,0.03586863353848457,0.8641199469566345,0.27793100476264954,0.35139089822769165,-0.2193010151386261,0.9931665062904358,0.40916410088539124,0.4372822046279907,-0.0482652522623539,0.8985710144042969,0.2753661274909973,0.43484023213386536,-0.24467642605304718,0.9820272922515869,0.4160672724246979,0.4547867476940155,-0.06310159713029861,0.8540378212928772,0.2754485011100769,0.4554968774318695,-0.2727992832660675,0.9649507403373718,0.4160960614681244,0.4540984332561493,-0.09598834067583084,0.8670327067375183,0.28063279390335083,0.4542870819568634,-0.29017800092697144,0.9656737446784973,0.41332077980041504,0.4481925070285797,-0.06381296366453171,0.8567710518836975,0.28191816806793213,0.44736459851264954,-0.2509038746356964,0.944938063621521,0.34956055879592896,0.4433493912220001,0.06674950569868088,0.9984254837036133,0.30870142579078674,0.4428851902484894,-0.06666134297847748,0.9991784691810608,0.35107600688934326,0.5587603449821472,0.1856105774641037,0.8936330080032349,0.317826509475708,0.5640753507614136,-0.11581329256296158,0.9874323606491089,0.33802762627601624,0.6488975882530212,0.3566250205039978,0.9034681916236877,0.31929218769073486,0.681040346622467,-0.06461332738399506,0.9857714772224426,0.3304603099822998,0.6600397229194641,0.36866652965545654,0.8540052175521851,0.3163250982761383,0.6980425715446472,-0.06711875647306442,0.9202547073364258,0.36530962586402893,0.675759494304657,0.2994545102119446,0.9301986694335938,0.3398416340351105,0.7228367328643799,-0.19040217995643616,0.9820165634155273
108,0.39669227600097656,0.26669347286224365,-0.24030645191669464,0.9995008111000061,0.39820319414138794,0.25420519709587097,-0.22749324142932892,0.9986034035682678,0.39814433455467224,0.25375664234161377,-0.2275373935699463,0.9985547065734863,0.39805343747138977,0.2531646192073822,-0.22754812240600586,0.9985916018486023,0.3956560492515564,0.2527613937854767,-0.25549015402793884,0.9991212487220764,0.3935266137123108,0.25134262442588806,-0.25555214285850525,0.999075710773468,0.3908102214336395,0.24971844255924225,-0.25562888383865356,0.9989548921585083,0.38797566294670105,0.24758537113666534,-0.13635995984077454,0.9963117241859436,0.3760165870189667,0.2443545013666153,-0.26499900221824646,0.9989294409751892,0.39202624559402466,0.27507975697517395,-0.20175893604755402,0.9993621110916138,0.38766929507255554,0.2740306258201599,-0.2392643690109253,0.9997480511665344,0.3886396288871765,0.29351282119750977,-0.03808513656258583,0.9998621344566345,0.3143466114997864,0.27472925186157227,-0.24250955879688263,0.9999616146087646,0.3929024636745453,0.3730680048465729,0.03368968144059181,0.8700720071792603,0.2783469259738922,0.35409748554229736,-0.24033522605895996,0.9934751391410828,0.40828776359558105,0.4398031532764435,-0.06028582528233528,0.903788149356842,0.2806890308856964,0.43832799792289734,-0.26875820755958557,0.9828097224235535,0.4145353436470032,0.4577346444129944,-0.07694913446903229,0.859016478061676,0.2793026566505432,0.4599780738353729,-0.2994374632835388,0.9663133025169373,0.4146423935890198,0.4569631516933441,-0.10901634395122528,0.871759831905365,0.28595754504203796,0.4593559801578522,-0.3159523606300354,0.9669891595840454,0.4116165041923523,0.4507271647453308,-0.07593652606010437,0.8612425327301025,0.28773149847984314,0.45206743478775024,-0.2748080790042877,0.9467818140983582,0.35023030638694763,0.44539040327072144,0.06781291216611862,0.9983798861503601,0.30964869260787964,0.4455929398536682,-0.06772632896900177,0.9992249608039856,0.3517257571220398,0.5604106783866882,0.19534707069396973,0.8934858441352844,0.31882861256599426,0.5674635767936707,-0.11145486682653427,0.9878556728363037,0.3380032777786255,0.6489152908325195,0.3755251467227936,0.9012287855148315,0.31993603706359863,0.6821914911270142,-0.050023891031742096,0.9861581325531006,0.3304339051246643,0.6600223779678345,0.38863661885261536,0.8523449301719666,0.3169628977775574,0.6990405321121216,-0.05130993202328682,0.9222785830497742,0.365370512008667,0.6763282418251038,0.32010868191719055,0.9290966391563416,0.34058234095573425,0.7239472270011902,-0.17508304119110107,0.9824967980384827
109,0.39681607484817505,0.26707765460014343,-0.2554677128791809,0.9995314478874207,0.39823010563850403,0.2544364631175995,-0.2431381195783615,0.9986906051635742,0.3981744945049286,0.25393757224082947,-0.24318242073059082,0.9986453652381897,0.39807426929473877,0.2533060908317566,-0.2431987076997757,0.9986826777458191,0.3956679701805115,0.25321346521377563,-0.27141860127449036,0.9991781115531921,0.39353859424591064,0.251901775598526,-0.27148380875587463,0.9991334080696106,0.3908398449420929,0.25041690468788147,-0.27155885100364685,0.9990217685699463,0.3878720998764038,0.24806879460811615,-0.1513494998216629,0.9965561628341675,0.37614917755126953,0.24524429440498352,-0.2813688814640045,0.9989935159683228,0.3921406865119934,0.275581955909729,-0.21643781661987305,0.999403178691864,0.3877558708190918,0.27471545338630676,-0.25431209802627563,0.9997636079788208,0.38839301466941833,0.2939264476299286,-0.04998534917831421,0.9998714327812195,0.31433454155921936,0.27685707807540894,-0.25767791271209717,0.9999639987945557,0.3925597071647644,0.37428805232048035,0.019172513857483864,0.8755280375480652,0.27925771474838257,0.3579588234424591,-0.25841957330703735,0.9937670826911926,0.4070073664188385,0.44110238552093506,-0.06097050756216049,0.9086605310440063,0.28540918231010437,0.4422672390937805,-0.28705209493637085,0.9835394620895386,0.4127477705478668,0.4607940912246704,-0.07736922800540924,0.8638564348220825,0.28409847617149353,0.4649386405944824,-0.3183799386024475,0.967614471912384,0.4126299321651459,0.46046552062034607,-0.11308344453573227,0.8763759136199951,0.2910480797290802,0.46391698718070984,-0.3345664441585541,0.9682456851005554,0.40956443548202515,0.45352211594581604,-0.07633111625909805,0.8656011819839478,0.29275262355804443,0.4560934603214264,-0.2929469347000122,0.9485014081001282,0.35047170519828796,0.44588956236839294,0.06864689290523529,0.9983159303665161,0.3105183243751526,0.44679877161979675,-0.06855876743793488,0.9992598295211792,0.35226327180862427,0.5620542764663696,0.19463427364826202,0.8921494483947754,0.31919100880622864,0.5702094435691833,-0.10611797869205475,0.9881630539894104,0.3379751741886139,0.6492783427238464,0.37175700068473816,0.8984795212745667,0.32039597630500793,0.6841866374015808,-0.04385823756456375,0.9864358305931091,0.3304001986980438,0.6601535081863403,0.38462722301483154,0.8512046933174133,0.31708893179893494,0.7010873556137085,-0.045022718608379364,0.9238001704216003,0.36534643173217773,0.6766664981842041,0.31720036268234253,0.9277582764625549,0.3412632942199707,0.7258521318435669,-0.16689546406269073,0.9827561974525452
110,0.3970738351345062,0.26735565066337585,-0.26114362478256226,0.9995545148849487,0.3983706831932068,0.25474128127098083,-0.24853894114494324,0.9987583756446838,0.39830026030540466,0.2541956603527069,-0.24858340620994568,0.9987146854400635,0.39817818999290466,0.2535248398780823,-0.24860069155693054,0.9987536668777466,0.39585545659065247,0.25368860363960266,-0.2769560217857361,0.9992231726646423,0.39376750588417053,0.25243839621543884,-0.2770185172557831,0.9991781711578369,0.3911204934120178,0.251030832529068,-0.2770965099334717,0.9990750551223755,0.3877716660499573,0.24860019981861115,-0.15665960311889648,0.9967441558837891,0.37640181183815,0.2460339367389679,-0.2876492738723755,0.9990431070327759,0.3923594355583191,0.2759456932544708,-0.2222689390182495,0.9994352459907532,0.3880256116390228,0.27518144249916077,-0.2604176998138428,0.999776303768158,0.3880932927131653,0.29467445611953735,-0.05637861415743828,0.9998784065246582,0.31465739011764526,0.2785757780075073,-0.2656705379486084,0.9999659657478333,0.39222458004951477,0.3767853379249573,0.008981740102171898,0.8784874081611633,0.2800735831260681,0.35999277234077454,-0.2693276107311249,0.9940284490585327,0.40455731749534607,0.44359293580055237,-0.07336834818124771,0.9122556447982788,0.2888330817222595,0.44462087750434875,-0.2969103455543518,0.984187662601471,0.41009220480918884,0.4652234613895416,-0.09156472235918045,0.86714106798172,0.2876191735267639,0.4684774577617645,-0.3289014399051666,0.9688113927841187,0.4096300005912781,0.46528464555740356,-0.1257048100233078,0.879437267780304,0.2951565086841583,0.4672878086566925,-0.3442547619342804,0.9693808555603027,0.4068043828010559,0.45810920000076294,-0.08908046782016754,0.8683536648750305,0.29680246114730835,0.4590626657009125,-0.3024987280368805,0.9500458240509033,0.3502534329891205,0.4468996226787567,0.06954453885555267,0.9982792139053345,0.3105698227882385,0.4481896460056305,-0.06946974247694016,0.9992939829826355,0.353047639131546,0.5625513195991516,0.19967369735240936,0.8899811506271362,0.3192065358161926,0.5721544027328491,-0.10161076486110687,0.9884724617004395,0.3380093276500702,0.6493514180183411,0.3843916058540344,0.8953878283500671,0.3206050992012024,0.6849464178085327,-0.031618352979421616,0.9867097735404968,0.3303256332874298,0.6602608561515808,0.39834240078926086,0.8505021929740906,0.316724956035614,0.7018193006515503,-0.03172411024570465,0.9251874685287476,0.3654053807258606,0.6769863367080688,0.33361393213272095,0.9263544678688049,0.34207892417907715,0.7272802591323853,-0.1520301252603531,0.9829837083816528
111,0.3970072865486145,0.2682335674762726,-0.29426753520965576,0.9995670318603516,0.39829322695732117,0.2558763325214386,-0.28112849593162537,0.9987922310829163,0.39823952317237854,0.25531724095344543,-0.28116780519485474,0.9987471103668213,0.39813321828842163,0.2546258866786957,-0.2811852693557739,0.9987839460372925,0.3957298994064331,0.25492149591445923,-0.3093629777431488,0.9992536306381226,0.3936123549938202,0.2537020742893219,-0.30943331122398376,0.9992100596427917,0.3909221887588501,0.2522899806499481,-0.3095161020755768,0.9991152286529541,0.3876708149909973,0.2497946172952652,-0.18546490371227264,0.9968024492263794,0.3762393593788147,0.247144415974617,-0.3159284293651581,0.9990807175636292,0.3923138380050659,0.27710363268852234,-0.25401902198791504,0.9994502067565918,0.38787272572517395,0.27629363536834717,-0.29201024770736694,0.9997860193252563,0.38785964250564575,0.29554611444473267,-0.07860764861106873,0.9998824000358582,0.3152487277984619,0.2807200849056244,-0.291816771030426,0.9999681711196899,0.3920353651046753,0.37849023938179016,-0.013786090537905693,0.8786839246749878,0.280687153339386,0.36220237612724304,-0.30216023325920105,0.99432772397995,0.4012071490287781,0.4448704421520233,-0.0980280190706253,0.9131064414978027,0.29308709502220154,0.44746074080467224,-0.33279162645339966,0.9847648739814758,0.40611058473587036,0.4683295488357544,-0.11704514920711517,0.8666029572486877,0.2921333611011505,0.47209805250167847,-0.3662744164466858,0.9698746800422668,0.4054469168186188,0.4692775309085846,-0.14844073355197906,0.8787367343902588,0.2996322810649872,0.47012192010879517,-0.3808444142341614,0.970365047454834,0.40264883637428284,0.461566299200058,-0.11328260600566864,0.8670665621757507,0.30120643973350525,0.4615970551967621,-0.33804336190223694,0.9512753486633301,0.3503597378730774,0.4476858675479889,0.07107828557491302,0.9982744455337524,0.31109458208084106,0.44922763109207153,-0.07102198898792267,0.9993425011634827,0.3550329804420471,0.5619589686393738,0.22811457514762878,0.8888987898826599,0.31923753023147583,0.5717954635620117,-0.11358623206615448,0.9890114665031433,0.3384184241294861,0.6492347121238708,0.4308773875236511,0.8944331407546997,0.3208632171154022,0.6846990585327148,-0.055932652205228806,0.9872492551803589,0.3302701413631439,0.6602522134780884,0.4466288089752197,0.8509398102760315,0.316548228263855,0.7013628482818604,-0.0573074109852314,0.9272415041923523,0.3665769100189209,0.6763147711753845,0.38410863280296326,0.9261494874954224,0.3432653546333313,0.727328360080719,-0.18251481652259827,0.983572781085968
112,0.39742588996887207,0.26832082867622375,-0.28003501892089844,0.9995726346969604,0.39853695034980774,0.2559742033481598,-0.266649067401886,0.9988034963607788,0.39844831824302673,0.2554011940956116,-0.2666870355606079,0.9987595081329346,0.3983086347579956,0.2546953558921814,-0.26670265197753906,0.9987928867340088,0.39602577686309814,0.2550406754016876,-0.29542696475982666,0.9992703199386597,0.39393192529678345,0.25381460785865784,-0.2954934537410736,0.9992290735244751,0.3912722170352936,0.2524075508117676,-0.2955746054649353,0.9991397261619568,0.38757795095443726,0.24995866417884827,-0.17386052012443542,0.9968266487121582,0.3764401078224182,0.2474268525838852,-0.3065003752708435,0.9991006255149841,0.39258790016174316,0.2772786319255829,-0.2411106824874878,0.9994562268257141,0.38817721605300903,0.2764875292778015,-0.2797500789165497,0.9997919797897339,0.3877074122428894,0.2964003384113312,-0.0716477632522583,0.9998841285705566,0.31569904088974,0.2822822034358978,-0.2891753017902374,0.999970018863678,0.39131632447242737,0.3808608055114746,-0.01003773882985115,0.8779389262199402,0.2812685966491699,0.36400577425956726,-0.3036273121833801,0.9945617318153381,0.3980129361152649,0.44793859124183655,-0.09316867589950562,0.9127712249755859,0.29546743631362915,0.4498068690299988,-0.3341655135154724,0.9852343797683716,0.4019566476345062,0.4723284840583801,-0.11140762269496918,0.8643315434455872,0.29497596621513367,0.4746701419353485,-0.3678065538406372,0.9707472324371338,0.40071988105773926,0.47371718287467957,-0.14216986298561096,0.8764057755470276,0.3027918040752411,0.4718073904514313,-0.381599098443985,0.9711557626724243,0.3980768918991089,0.4657423794269562,-0.10826478153467178,0.8640711307525635,0.3041002154350281,0.4631938636302948,-0.3391883373260498,0.9521529078483582,0.35088256001472473,0.4482547342777252,0.07176326215267181,0.9982600808143616,0.3113997280597687,0.4497684836387634,-0.07170557230710983,0.9993840456008911,0.35947173833847046,0.5617038607597351,0.21914330124855042,0.8895150423049927,0.3195974826812744,0.5716924071311951,-0.12680712342262268,0.9894272685050964,0.3384934961795807,0.6487751603126526,0.42095842957496643,0.8937022686004639,0.3210544288158417,0.684432327747345,-0.07033868879079819,0.9876978397369385,0.3301994800567627,0.6591605544090271,0.43646955490112305,0.850856363773346,0.31648316979408264,0.7011529803276062,-0.07198569178581238,0.9285702109336853,0.36687976121902466,0.6760857701301575,0.37394556403160095,0.9260097146034241,0.343511164188385,0.7275639176368713,-0.19834163784980774,0.9841110110282898
113,0.398036926984787,0.26827603578567505,-0.29613664746284485,0.9995597004890442,0.39892351627349854,0.255971759557724,-0.28255337476730347,0.9987642765045166,0.3987964689731598,0.2554025948047638,-0.28259041905403137,0.9987233281135559,0.39862051606178284,0.25469663739204407,-0.28261277079582214,0.9987560510635376,0.39638298749923706,0.2550276517868042,-0.3116007149219513,0.999255359172821,0.39424267411231995,0.2537969648838043,-0.31167009472846985,0.9992150068283081,0.3915368318557739,0.2523921728134155,-0.3117554187774658,0.9991264343261719,0.3876342177391052,0.2500603497028351,-0.18874096870422363,0.9967551231384277,0.3766964077949524,0.24762897193431854,-0.3225831389427185,0.999079167842865,0.39308875799179077,0.27728480100631714,-0.25680920481681824,0.9994418025016785,0.38865870237350464,0.27650919556617737,-0.29580381512641907,0.9997901320457458,0.38758042454719543,0.2973234951496124,-0.0861266702413559,0.9998834133148193,0.31736868619918823,0.2836013734340668,-0.3062865734100342,0.9999708533287048,0.3904148042201996,0.38295137882232666,-0.02683229185640812,0.8779032826423645,0.2832432687282562,0.3659602701663971,-0.32697680592536926,0.9946218729019165,0.3963389992713928,0.4516873359680176,-0.10355649143457413,0.9132266640663147,0.29875317215919495,0.4518169164657593,-0.35869285464286804,0.9851254820823669,0.40001076459884644,0.47563397884368896,-0.12122799456119537,0.8636162281036377,0.2983376979827881,0.4766932725906372,-0.39321503043174744,0.9706778526306152,0.3984629809856415,0.47654756903648376,-0.1507202386856079,0.8754223585128784,0.306621789932251,0.47397422790527344,-0.406839519739151,0.9709687829017639,0.39573216438293457,0.4690622091293335,-0.11816322803497314,0.8625340461730957,0.30758658051490784,0.4653171896934509,-0.36390551924705505,0.9513989090919495,0.35176751017570496,0.4481622278690338,0.07218442857265472,0.9982192516326904,0.31197747588157654,0.4495132565498352,-0.07212741672992706,0.9994117021560669,0.36303162574768066,0.5593897104263306,0.21116995811462402,0.890216052532196,0.32008084654808044,0.5708019733428955,-0.127815842628479,0.9897107481956482,0.3386816084384918,0.6479825973510742,0.4109703600406647,0.8924409747123718,0.3212241530418396,0.683538556098938,-0.06378661841154099,0.9880728125572205,0.3300486207008362,0.657983660697937,0.4263106882572174,0.8495672941207886,0.3163021206855774,0.7001957297325134,-0.06467374414205551,0.92929607629776,0.36713552474975586,0.6757270097732544,0.36332425475120544,0.92539381980896,0.3438742160797119,0.7264643907546997,-0.19157348573207855,0.9845309853553772
114,0.39909976720809937,0.2682031989097595,-0.290506511926651,0.9995391368865967,0.39970651268959045,0.2559000849723816,-0.27682751417160034,0.9987005591392517,0.3995118737220764,0.25534164905548096,-0.2768661379814148,0.998664140701294,0.3992795944213867,0.2546413838863373,-0.27688735723495483,0.9986985325813293,0.39718836545944214,0.25493305921554565,-0.3064710795879364,0.9992255568504333,0.39502957463264465,0.2536966800689697,-0.3065395951271057,0.9991846084594727,0.3923502564430237,0.2522824704647064,-0.30662989616394043,0.9990944862365723,0.38800355792045593,0.25002652406692505,-0.18444378674030304,0.9966421127319336,0.3775727152824402,0.24762080609798431,-0.32093366980552673,0.999037504196167,0.3940459191799164,0.2772120237350464,-0.2517908215522766,0.9994202852249146,0.3897342085838318,0.2764381766319275,-0.2915413975715637,0.9997849464416504,0.38769662380218506,0.2983778119087219,-0.08472760021686554,0.9998815655708313,0.31893086433410645,0.28413519263267517,-0.3079816699028015,0.999971330165863,0.38936862349510193,0.3847566545009613,-0.027716342359781265,0.8766388297080994,0.28511443734169006,0.3675598204135895,-0.3303956091403961,0.9945818781852722,0.39519959688186646,0.45383721590042114,-0.10486795753240585,0.9128959774971008,0.30195966362953186,0.4532887041568756,-0.36174044013023376,0.9849040508270264,0.3986506462097168,0.4767988324165344,-0.12247993797063828,0.8622275590896606,0.3021792769432068,0.47851407527923584,-0.39687269926071167,0.9704841375350952,0.397004634141922,0.47744980454444885,-0.15161839127540588,0.8738231658935547,0.31054404377937317,0.4756529629230499,-0.40987008810043335,0.9706541895866394,0.39410439133644104,0.4704609811306,-0.11941468715667725,0.8602207899093628,0.3112727999687195,0.46702706813812256,-0.3668312728404999,0.9503829479217529,0.35306671261787415,0.44898760318756104,0.07267582416534424,0.9981732368469238,0.312853068113327,0.44999566674232483,-0.07261721789836884,0.9994345307350159,0.3656761944293976,0.5587843656539917,0.20597772300243378,0.8910771608352661,0.320726603269577,0.5704728960990906,-0.13244864344596863,0.9899124503135681,0.33926522731781006,0.6476666331291199,0.40808814764022827,0.8910873532295227,0.32150155305862427,0.68296879529953,-0.06056010723114014,0.9883638024330139,0.3300039768218994,0.657416582107544,0.4237552583217621,0.8481937646865845,0.316236674785614,0.6995700001716614,-0.060688335448503494,0.9297640919685364,0.36785295605659485,0.675637423992157,0.3610430359840393,0.9247127175331116,0.34411197900772095,0.7265040278434753,-0.18715663254261017,0.9848647713661194
115,0.3996119499206543,0.2682785987854004,-0.2978213131427765,0.9995278120040894,0.4001130163669586,0.2560022473335266,-0.28416675329208374,0.998650074005127,0.3998885750770569,0.25544655323028564,-0.2842068374156952,0.9986150860786438,0.39962926506996155,0.25473836064338684,-0.2842365801334381,0.9986507892608643,0.3976038098335266,0.2550138533115387,-0.3138372302055359,0.9992039799690247,0.3954311013221741,0.2537640333175659,-0.3139062523841858,0.9991637468338013,0.3927576243877411,0.252334326505661,-0.3139944076538086,0.9990732669830322,0.3881886899471283,0.2501790523529053,-0.19116729497909546,0.9965476393699646,0.3780701160430908,0.2478889375925064,-0.32771414518356323,0.9990159869194031,0.39449334144592285,0.277311772108078,-0.258684903383255,0.9994032382965088,0.39020854234695435,0.2765648663043976,-0.29848626255989075,0.9997813701629639,0.387839674949646,0.2989712953567505,-0.09075944125652313,0.9998818635940552,0.3199060559272766,0.2854633629322052,-0.3131732642650604,0.9999717473983765,0.38873717188835144,0.3861667215824127,-0.030879352241754532,0.8761986494064331,0.2867947518825531,0.36923152208328247,-0.336195170879364,0.9945532083511353,0.3942026197910309,0.45576804876327515,-0.10417048633098602,0.9129692316055298,0.3050023019313812,0.4547628164291382,-0.3659174144268036,0.9847468137741089,0.39729171991348267,0.4772808253765106,-0.12094738334417343,0.8617828488349915,0.3069474697113037,0.4799427092075348,-0.4011518359184265,0.9704269766807556,0.39593201875686646,0.4775456190109253,-0.15022724866867065,0.8730857968330383,0.3154159188270569,0.47652503848075867,-0.41336870193481445,0.9704786539077759,0.39289599657058716,0.4711642861366272,-0.11858006566762924,0.8590129017829895,0.31612032651901245,0.46841591596603394,-0.3706432282924652,0.9496220350265503,0.3541058599948883,0.4500094950199127,0.07246048003435135,0.9982078075408936,0.313668429851532,0.45064017176628113,-0.07240532338619232,0.9994579553604126,0.367897093296051,0.5584859251976013,0.19643285870552063,0.8932918906211853,0.3208537697792053,0.5701910853385925,-0.12545666098594666,0.9902482628822327,0.34145841002464294,0.647670328617096,0.3961642384529114,0.8928363919258118,0.3216967284679413,0.6829230785369873,-0.03818247467279434,0.988852858543396,0.33137479424476624,0.6574621796607971,0.4107056260108948,0.8503832817077637,0.31633371114730835,0.6986599564552307,-0.0350814051926136,0.9312790036201477,0.3711432218551636,0.6764429807662964,0.3461371660232544,0.9259369373321533,0.34473371505737305,0.7258644700050354,-0.15819022059440613,0.9854086637496948
116,0.4017842710018158,0.26785576343536377,-0.2761470377445221,0.999525249004364,0.4017100930213928,0.2557982802391052,-0.2597237825393677,0.9986348748207092,0.4013434052467346,0.2552172839641571,-0.25978097319602966,0.9986028075218201,0.4009245038032532,0.25444433093070984,-0.25982123613357544,0.998641312122345,0.3993208706378937,0.2548198699951172,-0.29202547669410706,0.9991954565048218,0.39716199040412903,0.25356414914131165,-0.29208147525787354,0.9991534352302551,0.39465558528900146,0.2521224021911621,-0.2921755909919739,0.9990621209144592,0.389019638299942,0.24998031556606293,-0.16690517961978912,0.9965365529060364,0.3803381323814392,0.24782229959964752,-0.32165268063545227,0.9990039467811584,0.396454393863678,0.27696505188941956,-0.2381671667098999,0.9993985891342163,0.3926026225090027,0.27622267603874207,-0.28249385952949524,0.9997794032096863,0.38847580552101135,0.2996681332588196,-0.0732722207903862,0.9998825192451477,0.3213459849357605,0.2859446704387665,-0.29626142978668213,0.9999719262123108,0.38862353563308716,0.3865217864513397,-0.024866320192813873,0.8734869360923767,0.2904543876647949,0.37127265334129333,-0.31608936190605164,0.9943550229072571,0.39391252398490906,0.45562613010406494,-0.09599552303552628,0.9108837842941284,0.30793842673301697,0.4548145532608032,-0.34519675374031067,0.9842637777328491,0.3966553509235382,0.4769664704799652,-0.11286775767803192,0.8584253787994385,0.31040817499160767,0.4805193245410919,-0.3803347945213318,0.9699357151985168,0.3954552710056305,0.4771929383277893,-0.14086176455020905,0.8697322010993958,0.31945568323135376,0.47693416476249695,-0.39264434576034546,0.9698701500892639,0.3923458456993103,0.47087135910987854,-0.10998035967350006,0.8549364805221558,0.3203469514846802,0.4690208435058594,-0.3500022888183594,0.9481629729270935,0.35500088334083557,0.45112892985343933,0.07333812862634659,0.9982550740242004,0.3142758905887604,0.45158088207244873,-0.07328765839338303,0.9994816780090332,0.36973264813423157,0.5591391324996948,0.18517211079597473,0.8944511413574219,0.3211469054222107,0.5717938542366028,-0.1298437863588333,0.9905897974967957,0.3445350229740143,0.6518300771713257,0.3871612548828125,0.8947607278823853,0.32249850034713745,0.6834628582000732,-0.03728467598557472,0.9893518090248108,0.3341549038887024,0.6627755761146545,0.40282559394836426,0.8533645272254944,0.3170589208602905,0.6988688111305237,-0.034153051674366,0.9332882165908813,0.3757687211036682,0.6796139478683472,0.3400046229362488,0.9272640347480774,0.3451496362686157,0.7255789637565613,-0.15590402483940125,0.9859670400619507
117,0.4049597680568695,0.2666715979576111,-0.25186359882354736,0.9994315505027771,0.4043295979499817,0.254508912563324,-0.2362605631351471,0.9983766078948975,0.4038342833518982,0.2537723183631897,-0.23633524775505066,0.998359739780426,0.4032287001609802,0.25282469391822815,-0.23638157546520233,0.9984276294708252,0.4020560383796692,0.25365009903907776,-0.2678793668746948,0.9990075826644897,0.39986175298690796,0.2523800730705261,-0.2679327726364136,0.9989424347877502,0.3974074423313141,0.250980943441391,-0.26803141832351685,0.9988275766372681,0.3905649781227112,0.2489975094795227,-0.14542309939861298,0.9960592985153198,0.38321319222450256,0.24757398664951324,-0.29273316264152527,0.9987529516220093,0.3992156684398651,0.2760562300682068,-0.21454063057899475,0.9993038177490234,0.3956805467605591,0.27537041902542114,-0.257082998752594,0.9997352361679077,0.3891952931880951,0.29989805817604065,-0.05670397728681564,0.9998753666877747,0.3236576020717621,0.2863301932811737,-0.29344257712364197,0.9999660849571228,0.3883393704891205,0.3860803246498108,-0.01941351592540741,0.864730179309845,0.29417139291763306,0.372667521238327,-0.3066108226776123,0.9936876893043518,0.39400774240493774,0.4547235071659088,-0.09525862336158752,0.902617871761322,0.3109323978424072,0.4545654356479645,-0.3384944796562195,0.9823887944221497,0.3966854512691498,0.4760628640651703,-0.11275158077478409,0.8476535677909851,0.31406909227371216,0.4802488386631012,-0.3782893717288971,0.9673315286636353,0.3956579566001892,0.4762204885482788,-0.14092814922332764,0.8593044281005859,0.3232561945915222,0.4761756658554077,-0.3900614380836487,0.9671237468719482,0.39246171712875366,0.46957409381866455,-0.10947933048009872,0.8439086675643921,0.32390284538269043,0.4683476388454437,-0.34349825978279114,0.9436756372451782,0.35586386919021606,0.4522949159145355,0.07405047118663788,0.9982564449310303,0.314819872379303,0.4524206817150116,-0.0739961490035057,0.9994445443153381,0.3720807135105133,0.561774492263794,0.1584159880876541,0.8952061533927917,0.32193589210510254,0.5740913152694702,-0.09682551771402359,0.9903575778007507,0.3495637774467468,0.6582914590835571,0.34211042523384094,0.8964625597000122,0.32274138927459717,0.6832203269004822,0.02967405878007412,0.9894230961799622,0.33845949172973633,0.6694981455802917,0.35551217198371887,0.8563064932823181,0.3172706365585327,0.6987991333007812,0.03528579697012901,0.9332011938095093,0.3800257742404938,0.6839811205863953,0.2861443758010864,0.9283034801483154,0.3450795114040375,0.7254882454872131,-0.08244135230779648,0.9860149621963501
118,0.4084705710411072,0.2654939889907837,-0.22415189445018768,0.9993536472320557,0.40750980377197266,0.25322839617729187,-0.20935726165771484,0.9981772899627686,0.40696898102760315,0.2524094581604004,-0.20943240821361542,0.9981796145439148,0.4062460958957672,0.2513817250728607,-0.2094704806804657,0.9982625842094421,0.40530791878700256,0.2524423897266388,-0.2407335788011551,0.9988540410995483,0.40314221382141113,0.2511621117591858,-0.24078373610973358,0.9987702965736389,0.40066999197006226,0.24979117512702942,-0.2408764809370041,0.9986315965652466,0.39324483275413513,0.24796614050865173,-0.12129125744104385,0.9957104921340942,0.38647496700286865,0.24703454971313477,-0.2650429606437683,0.9985772967338562,0.4022640287876129,0.2752542495727539,-0.1877489537000656,0.9992232918739319,0.3988158702850342,0.2745662331581116,-0.2295227348804474,0.9997002482414246,0.390464186668396,0.3003908693790436,-0.03538453206419945,0.9998672008514404,0.3262903094291687,0.2865244448184967,-0.2691386640071869,0.9999618530273438,0.38812056183815,0.3855712115764618,-0.004825793206691742,0.851304829120636,0.2968530058860779,0.37284958362579346,-0.2873389422893524,0.9933056235313416,0.39431220293045044,0.4545572102069855,-0.09814533591270447,0.8923412561416626,0.31626245379447937,0.45416200160980225,-0.3067266345024109,0.9810990691184998,0.39704829454421997,0.4755457937717438,-0.11931862682104111,0.835828423500061,0.321225643157959,0.47928285598754883,-0.3422852158546448,0.9655448794364929,0.39636415243148804,0.47552046179771423,-0.14673271775245667,0.8479402661323547,0.3301537036895752,0.47523024678230286,-0.35427266359329224,0.9652203321456909,0.39319485425949097,0.46806958317756653,-0.11286459118127823,0.8319005370140076,0.3303561210632324,0.4673709273338318,-0.31143322587013245,0.940621554851532,0.3574896454811096,0.45363649725914,0.07469919323921204,0.9982531070709229,0.31634521484375,0.45456406474113464,-0.07463354617357254,0.9994015097618103,0.37550950050354004,0.5625780820846558,0.15250875055789948,0.8967747092247009,0.3229353725910187,0.5761228799819946,-0.07746994495391846,0.990376353263855,0.357594758272171,0.6624910831451416,0.32171082496643066,0.8990060687065125,0.3230789303779602,0.6834682822227478,0.047984130680561066,0.9895642399787903,0.34557291865348816,0.6731332540512085,0.3336174488067627,0.8601944446563721,0.3175247311592102,0.6987212300300598,0.05349024385213852,0.9335756897926331,0.38760823011398315,0.6872447729110718,0.264883816242218,0.9299538135528564,0.34472161531448364,0.7252762913703918,-0.06010030582547188,0.9861091375350952
119,0.4120100140571594,0.2649342119693756,-0.23042747378349304,0.9993213415145874,0.41112008690834045,0.2527192234992981,-0.21623238921165466,0.9980981945991516,0.41056007146835327,0.25189530849456787,-0.2162947952747345,0.9981065988540649,0.4098551869392395,0.2508593499660492,-0.2163299322128296,0.9981929659843445,0.4089528024196625,0.2519473731517792,-0.24734897911548615,0.9988046288490295,0.4068630337715149,0.25067049264907837,-0.2474065124988556,0.9987195134162903,0.4044758379459381,0.24928687512874603,-0.24748936295509338,0.9985780119895935,0.39678093791007996,0.2472815066576004,-0.12941333651542664,0.9955757260322571,0.3900530934333801,0.24652907252311707,-0.2715643346309662,0.9985415935516357,0.4051077365875244,0.274936318397522,-0.19431069493293762,0.9991713166236877,0.4017670154571533,0.27428382635116577,-0.2357812374830246,0.9996834397315979,0.39222100377082825,0.30048292875289917,-0.04131601005792618,0.9998583197593689,0.3284352123737335,0.2870763838291168,-0.2706066966056824,0.9999595880508423,0.3881905972957611,0.3853805959224701,0.006517545785754919,0.8429000377655029,0.29917001724243164,0.37413445115089417,-0.2873934805393219,0.9932953119277954,0.39458903670310974,0.4527265429496765,-0.06965059041976929,0.8848744034767151,0.3212471902370453,0.45366615056991577,-0.30873531103134155,0.9810358285903931,0.39755016565322876,0.47464028000831604,-0.08686091005802155,0.8259022831916809,0.32846271991729736,0.47859764099121094,-0.3429626226425171,0.9655148386955261,0.39677682518959045,0.4739379286766052,-0.11444659531116486,0.8382788300514221,0.33658361434936523,0.47469767928123474,-0.35432249307632446,0.9651177525520325,0.3936581313610077,0.46552079916000366,-0.08385533094406128,0.8216198682785034,0.33651599287986755,0.4667641222476959,-0.313082754611969,0.9402335286140442,0.3585904538631439,0.453278124332428,0.07397866994142532,0.9982655048370361,0.31716465950012207,0.45420873165130615,-0.07390758395195007,0.9993626475334167,0.3782166540622711,0.5623681545257568,0.11676515638828278,0.9016414880752563,0.3245278000831604,0.5755233764648438,-0.08553247153759003,0.9905855059623718,0.36559948325157166,0.6678417325019836,0.2555761933326721,0.9038053750991821,0.3239877223968506,0.6843289732933044,0.028248008340597153,0.9898794889450073,0.3558192849159241,0.6802272796630859,0.2642630338668823,0.8657233119010925,0.31939008831977844,0.6995589733123779,0.03267073631286621,0.9345012903213501,0.3967299163341522,0.6930011510848999,0.19092270731925964,0.9329615235328674,0.34443992376327515,0.7255842089653015,-0.0808483138680458,0.9864307045936584
120,0.41437214612960815,0.2649494707584381,-0.20694449543952942,0.999221682548523,0.4140316843986511,0.2527303397655487,-0.19302797317504883,0.9978728890419006,0.41344863176345825,0.25190404057502747,-0.19310249388217926,0.9979060292243958,0.412708580493927,0.2508760690689087,-0.1931379735469818,0.9980016946792603,0.4117470681667328,0.2519511580467224,-0.22415876388549805,0.9986100196838379,0.4096084237098694,0.25067558884620667,-0.2242075502872467,0.9985103011131287,0.4071750044822693,0.2492915242910385,-0.2242889404296875,0.9983278512954712,0.399122953414917,0.24728359282016754,-0.10759256780147552,0.9951807856559753,0.39232689142227173,0.2465202808380127,-0.24947626888751984,0.998291552066803,0.40698060393333435,0.27496975660324097,-0.17126503586769104,0.9990597367286682,0.4035109877586365,0.27429667115211487,-0.21261060237884521,0.9996300339698792,0.39390653371810913,0.3013168275356293,-0.02496918849647045,0.9998509883880615,0.330689400434494,0.287898451089859,-0.24999400973320007,0.9999532103538513,0.3883731961250305,0.38505396246910095,0.013647200539708138,0.8328723907470703,0.30345168709754944,0.3754931092262268,-0.26457473635673523,0.9926374554634094,0.3950788378715515,0.4506661593914032,-0.07647049427032471,0.8779151439666748,0.32867833971977234,0.4533807635307312,-0.28568679094314575,0.9798705577850342,0.3975805938243866,0.4723883271217346,-0.0944102331995964,0.817990779876709,0.3358478248119354,0.47823524475097656,-0.3183881640434265,0.9641415476799011,0.3974912464618683,0.47126302123069763,-0.1229172945022583,0.8308747410774231,0.34266549348831177,0.4745101034641266,-0.33113187551498413,0.9637337923049927,0.394281268119812,0.46268877387046814,-0.09095878899097443,0.8133307695388794,0.34282559156417847,0.46649953722953796,-0.2902102768421173,0.9379252791404724,0.3606497347354889,0.45372089743614197,0.07252024114131927,0.9982503652572632,0.3184795379638672,0.454733282327652,-0.07243891805410385,0.999253511428833,0.382463276386261,0.5621907114982605,0.08421526849269867,0.9050219655036926,0.3267652094364166,0.5760312676429749,-0.08686420321464539,0.9902112483978271,0.37419435381889343,0.6712578535079956,0.21242865920066833,0.9071381688117981,0.32426097989082336,0.6846514940261841,0.031896673142910004,0.9897010326385498,0.36707037687301636,0.6878872513771057,0.21994176506996155,0.8694763779640198,0.3199232518672943,0.6997807621955872,0.037080198526382446,0.9333553314208984,0.4092438817024231,0.695992112159729,0.14306950569152832,0.9346670508384705,0.3442583680152893,0.7255437970161438,-0.07497300952672958,0.9861270189285278
121,0.4173588752746582,0.26548728346824646,-0.20768561959266663,0.9991502165794373,0.41773930191993713,0.25337472558021545,-0.19441594183444977,0.9976757168769836,0.4172011911869049,0.25254005193710327,-0.1944873332977295,0.9977295994758606,0.41646209359169006,0.25150442123413086,-0.1945158988237381,0.9978224039077759,0.41540321707725525,0.2524193823337555,-0.22570745646953583,0.9984637498855591,0.4131239056587219,0.25105440616607666,-0.22576260566711426,0.9983600378036499,0.4106149673461914,0.24956859648227692,-0.2258487194776535,0.9981435537338257,0.40243834257125854,0.24751141667366028,-0.1101287379860878,0.9947285652160645,0.39559584856033325,0.24652552604675293,-0.25300049781799316,0.9981117844581604,0.4093351364135742,0.2755487859249115,-0.1721794307231903,0.9989447593688965,0.40580636262893677,0.27472206950187683,-0.2138562947511673,0.9995815753936768,0.3959130346775055,0.3021734654903412,-0.023942580446600914,0.9998446702957153,0.33275163173675537,0.28945761919021606,-0.252307653427124,0.9999508261680603,0.38914304971694946,0.3848598897457123,0.02584126964211464,0.8195434808731079,0.30692607164382935,0.3787652552127838,-0.26534169912338257,0.9921168088912964,0.396791934967041,0.44905370473861694,-0.057584624737501144,0.8697315454483032,0.3359658122062683,0.4536612927913666,-0.28646212816238403,0.9793773293495178,0.3997156322002411,0.4700830280780792,-0.07456232607364655,0.8087359070777893,0.34179672598838806,0.4779326617717743,-0.31896284222602844,0.9638137817382812,0.40005525946617126,0.4692625403404236,-0.102439284324646,0.8223427534103394,0.3486592173576355,0.47426605224609375,-0.330929160118103,0.9634178280830383,0.3967202603816986,0.4605346620082855,-0.07190527021884918,0.8043714761734009,0.34914225339889526,0.46617528796195984,-0.2905532717704773,0.9372698068618774,0.3635615110397339,0.4557887017726898,0.07233485579490662,0.9982324242591858,0.3209986388683319,0.45701396465301514,-0.07225078344345093,0.9991868138313293,0.3858223557472229,0.56360924243927,0.1042896956205368,0.9068602919578552,0.32810649275779724,0.5766646862030029,-0.08515407145023346,0.9899283647537231,0.3828096091747284,0.6749639511108398,0.23138508200645447,0.9098679423332214,0.32449790835380554,0.6866757273674011,0.029660910367965698,0.9895768761634827,0.37564218044281006,0.6952076554298401,0.23885326087474823,0.8727146983146667,0.3198951184749603,0.7017990350723267,0.03443269059062004,0.932466983795166,0.4231339991092682,0.6954137682914734,0.16494110226631165,0.9360620379447937,0.3443412780761719,0.7254688143730164,-0.07729257643222809,0.9858561754226685
122,0.42180484533309937,0.26654085516929626,-0.21674716472625732,0.9990667104721069,0.4221948981285095,0.25423938035964966,-0.20354238152503967,0.9974308609962463,0.4217185080051422,0.2533903121948242,-0.20360784232616425,0.9975087642669678,0.421067476272583,0.2523311674594879,-0.20363208651542664,0.9975935220718384,0.4200262129306793,0.2531927525997162,-0.2349364459514618,0.9982842206954956,0.4179691672325134,0.25174227356910706,-0.2349928915500641,0.9981751441955566,0.41553443670272827,0.2501620054244995,-0.2350817620754242,0.9979130029678345,0.4070359170436859,0.2478404939174652,-0.11810574680566788,0.9940732717514038,0.4002963900566101,0.24666281044483185,-0.2611296772956848,0.9979041218757629,0.4136093258857727,0.276528000831604,-0.18068663775920868,0.9988076090812683,0.4099511504173279,0.27560940384864807,-0.22258253395557404,0.9995256066322327,0.39838528633117676,0.30400368571281433,-0.028128668665885925,0.9998404383659363,0.3362377882003784,0.29050639271736145,-0.2572057843208313,0.9999492764472961,0.39021843671798706,0.38480180501937866,0.027017299085855484,0.8053849935531616,0.30896562337875366,0.37939751148223877,-0.27128857374191284,0.991706132888794,0.40001827478408813,0.44900187849998474,-0.05318564176559448,0.8616610765457153,0.34071868658065796,0.4537498354911804,-0.29372477531433105,0.9789512753486633,0.4036180377006531,0.470050185918808,-0.06951766461133957,0.7994914054870605,0.34611088037490845,0.47786203026771545,-0.32663750648498535,0.9634491205215454,0.40407484769821167,0.46928295493125916,-0.09830411523580551,0.8139097094535828,0.35306426882743835,0.47384145855903625,-0.3383637070655823,0.9630481004714966,0.40069395303726196,0.4605536162853241,-0.067796990275383,0.7955570220947266,0.35331469774246216,0.4661148488521576,-0.2977970242500305,0.9364904761314392,0.3655499219894409,0.45832762122154236,0.07234475761651993,0.9982331991195679,0.3232119679450989,0.4594888389110565,-0.07226315140724182,0.9991450309753418,0.38797280192375183,0.5660088658332825,0.12486239522695541,0.9074012041091919,0.32973411679267883,0.5775324702262878,-0.07211951911449432,0.989632248878479,0.39250311255455017,0.6780555844306946,0.259691447019577,0.9124913811683655,0.3243388533592224,0.6878443360328674,0.05088301748037338,0.9894359707832336,0.3845328688621521,0.6995502710342407,0.2676759362220764,0.8750333189964294,0.31922468543052673,0.7023948431015015,0.05674630403518677,0.9312914609909058,0.43142977356910706,0.694607675075531,0.19386640191078186,0.9372369647026062,0.34443047642707825,0.7257709503173828,-0.053470123559236526,0.9855364561080933
123,0.4275914132595062,0.2669689357280731,-0.22037732601165771,0.9990333318710327,0.4278929829597473,0.2546261250972748,-0.20746803283691406,0.9973231554031372,0.42735299468040466,0.25378796458244324,-0.2075255662202835,0.9974138736724854,0.426693856716156,0.252704918384552,-0.2075437307357788,0.9974753856658936,0.4258813261985779,0.2536265552043915,-0.23920664191246033,0.9982209801673889,0.4240139424800873,0.25220558047294617,-0.2392672598361969,0.9981221556663513,0.42193523049354553,0.25062355399131775,-0.23935727775096893,0.9978469610214233,0.4125220775604248,0.24828067421913147,-0.12267191708087921,0.9936881065368652,0.4063187539577484,0.24703647196292877,-0.2615768015384674,0.9978634119033813,0.4194059371948242,0.2770315706729889,-0.1846279799938202,0.998725950717926,0.416039377450943,0.2761033773422241,-0.22697529196739197,0.9994995594024658,0.4020535945892334,0.30679598450660706,-0.03142508864402771,0.9998291730880737,0.3403604030609131,0.29094117879867554,-0.27052608132362366,0.9999499917030334,0.3919529318809509,0.3852366507053375,0.025913545861840248,0.7810645699501038,0.3122931122779846,0.3798793852329254,-0.2895900011062622,0.99163419008255,0.4035866856575012,0.4491508901119232,-0.047570906579494476,0.8422041535377502,0.3450086712837219,0.45394787192344666,-0.30614662170410156,0.978725790977478,0.40804511308670044,0.4710629880428314,-0.06177286431193352,0.7782792448997498,0.34947469830513,0.4777838885784149,-0.3399147689342499,0.9631730318069458,0.4086167812347412,0.4703841805458069,-0.09026820957660675,0.7940545082092285,0.35692501068115234,0.4736896753311157,-0.34485405683517456,0.9627177715301514,0.4047335684299469,0.46098050475120544,-0.0620884969830513,0.7756632566452026,0.35718268156051636,0.46606308221817017,-0.3072904348373413,0.9356545209884644,0.36867544054985046,0.4619065821170807,0.07246120274066925,0.9982426166534424,0.3263801038265228,0.4615846276283264,-0.07238270342350006,0.9991349577903748,0.3890863358974457,0.568468451499939,0.1391446888446808,0.9064262509346008,0.33087223768234253,0.5781654715538025,-0.06427007168531418,0.9895069003105164,0.397887647151947,0.6817896366119385,0.2791643738746643,0.915107250213623,0.32421189546585083,0.688946008682251,0.06361549347639084,0.9894936680793762,0.3900028467178345,0.7050428986549377,0.28846293687820435,0.8774875998497009,0.3182185888290405,0.703136682510376,0.07011421024799347,0.9310670495033264,0.4363112449645996,0.6943420767784119,0.21641182899475098,0.9387947916984558,0.3445526361465454,0.725872278213501,-0.039560675621032715,0.985494077205658
124,0.4319719672203064,0.2678084075450897,-0.22000476717948914,0.9990175366401672,0.43290647864341736,0.2552441358566284,-0.20774276554584503,0.9972725510597229,0.4324244558811188,0.2543492019176483,-0.20779474079608917,0.9973770976066589,0.43178248405456543,0.2531932294368744,-0.2078104317188263,0.9974110722541809,0.4309845566749573,0.2543003559112549,-0.23943603038787842,0.9981912970542908,0.4291470944881439,0.25283074378967285,-0.23950107395648956,0.9981064200401306,0.42722201347351074,0.2511953115463257,-0.23959021270275116,0.9978240728378296,0.41741853952407837,0.24874676764011383,-0.12497308105230331,0.9934813380241394,0.41214117407798767,0.24739518761634827,-0.26219356060028076,0.9978600144386292,0.424168199300766,0.2776033580303192,-0.18522584438323975,0.9986619353294373,0.4208129048347473,0.27670854330062866,-0.22754637897014618,0.9994800686836243,0.40660685300827026,0.30794602632522583,-0.03384434059262276,0.9998154044151306,0.3444490134716034,0.29198211431503296,-0.2741547226905823,0.9999504685401917,0.39571940898895264,0.38674336671829224,0.024494558572769165,0.7584735155105591,0.317691832780838,0.3809642791748047,-0.29189762473106384,0.9914206266403198,0.40791448950767517,0.45062828063964844,-0.040259696543216705,0.8210925459861755,0.3495677709579468,0.45490890741348267,-0.3058205842971802,0.9781763553619385,0.41290339827537537,0.47492122650146484,-0.052110981196165085,0.7553812265396118,0.35417431592941284,0.4775388538837433,-0.338573157787323,0.9623891711235046,0.4134608209133148,0.4752030372619629,-0.08007071912288666,0.7723571062088013,0.36163613200187683,0.4734105169773102,-0.3440522253513336,0.9618924260139465,0.40959787368774414,0.4650779068470001,-0.05433318018913269,0.7543957829475403,0.3615502715110779,0.4658483862876892,-0.3069337010383606,0.9341012239456177,0.3711656332015991,0.4625963270664215,0.07161317765712738,0.9982593059539795,0.3284669816493988,0.4611280560493469,-0.07154206931591034,0.9991382360458374,0.3903871476650238,0.5693615674972534,0.13963790237903595,0.9069122076034546,0.3324471712112427,0.5782257914543152,-0.07200253009796143,0.9894049167633057,0.4001787602901459,0.6841776371002197,0.27186986804008484,0.918167233467102,0.324148565530777,0.689965546131134,0.04630554839968681,0.9895759224891663,0.3922627568244934,0.7071555852890015,0.27994686365127563,0.8801732659339905,0.31788259744644165,0.7044888734817505,0.05169912427663803,0.9308639168739319,0.4385709762573242,0.6949716806411743,0.20777444541454315,0.9404772520065308,0.3447016477584839,0.7260460257530212,-0.05921926349401474,0.9854974150657654
125,0.4366770386695862,0.26969707012176514,-0.22275574505329132,0.9989994764328003,0.4384072721004486,0.2570721209049225,-0.20950505137443542,0.9971964955329895,0.4380619525909424,0.2561921775341034,-0.2095712125301361,0.9973148107528687,0.43754464387893677,0.25503161549568176,-0.20959945023059845,0.9973195195198059,0.4364852011203766,0.2560611665248871,-0.24010784924030304,0.9981515407562256,0.43463268876075745,0.2544786036014557,-0.24016085267066956,0.9980836510658264,0.432696670293808,0.2526914179325104,-0.24024860560894012,0.997792661190033,0.4233211576938629,0.24993309378623962,-0.13054241240024567,0.9931953549385071,0.4176255762577057,0.24797849357128143,-0.2755621671676636,0.9978363513946533,0.4291457533836365,0.27908894419670105,-0.18673820793628693,0.9985896944999695,0.42582255601882935,0.2779456079006195,-0.22791627049446106,0.9994587302207947,0.41206055879592896,0.3089510500431061,-0.03752555698156357,0.9997959136962891,0.34932687878608704,0.2924979627132416,-0.28438085317611694,0.999951183795929,0.4006485939025879,0.3881634771823883,0.022081762552261353,0.7359136939048767,0.32467788457870483,0.3815511465072632,-0.30237916111946106,0.9911403656005859,0.4143231511116028,0.45587432384490967,-0.040102552622556686,0.7976759076118469,0.35533779859542847,0.45528045296669006,-0.31269747018814087,0.9775121808052063,0.41833925247192383,0.480024129152298,-0.05120902508497238,0.730739176273346,0.3595660626888275,0.47744378447532654,-0.34471577405929565,0.9615756273269653,0.41961079835891724,0.48112350702285767,-0.07934511452913284,0.7488725185394287,0.36735400557518005,0.4733399748802185,-0.34975266456604004,0.9610350131988525,0.4159178137779236,0.4713844060897827,-0.054208047688007355,0.7318933010101318,0.3672683835029602,0.46572715044021606,-0.31357884407043457,0.9323647022247314,0.37384262681007385,0.46348515152931213,0.0715765506029129,0.9982751607894897,0.3312569558620453,0.46089601516723633,-0.07150828838348389,0.9991488456726074,0.3921901285648346,0.5705338716506958,0.14844436943531036,0.9064672589302063,0.33432504534721375,0.5786153674125671,-0.06978479772806168,0.989432692527771,0.4012717306613922,0.6849852204322815,0.2721344530582428,0.9208952784538269,0.32410407066345215,0.6900150775909424,0.05098336935043335,0.9897531867027283,0.3932487666606903,0.7078053951263428,0.28320860862731934,0.8829809427261353,0.3173336982727051,0.7047132849693298,0.0568775050342083,0.9317323565483093,0.43944892287254333,0.6964243650436401,0.2093900442123413,0.9421101212501526,0.3451255261898041,0.7262693643569946,-0.05222196504473686,0.985623300075531
126,0.4418122172355652,0.2719428837299347,-0.22298650443553925,0.9990083575248718,0.4440213739871979,0.25925135612487793,-0.21067030727863312,0.9971998333930969,0.44368404150009155,0.258356511592865,-0.21072416007518768,0.9973235726356506,0.44319209456443787,0.257191926240921,-0.21074172854423523,0.997305154800415,0.44236597418785095,0.25810712575912476,-0.24163660407066345,0.9981657862663269,0.4406701922416687,0.25635936856269836,-0.24169595539569855,0.9981114864349365,0.43879038095474243,0.25437983870506287,-0.24178341031074524,0.9978213906288147,0.4292968809604645,0.25145086646080017,-0.13100045919418335,0.9930640459060669,0.42375126481056213,0.24862831830978394,-0.2760855555534363,0.9978545904159546,0.43433642387390137,0.28076764941215515,-0.18794763088226318,0.998549222946167,0.4311942160129547,0.2792975604534149,-0.22945907711982727,0.9994497895240784,0.41770750284194946,0.310763418674469,-0.0380362868309021,0.9997795224189758,0.3546503782272339,0.29280415177345276,-0.2824212610721588,0.9999520182609558,0.40828877687454224,0.3901427090167999,0.02149372734129429,0.7217105627059937,0.32896649837493896,0.3814133107662201,-0.29993006587028503,0.9910009503364563,0.4218290448188782,0.4608711302280426,-0.04161737114191055,0.782573938369751,0.3587234318256378,0.4552913308143616,-0.31184911727905273,0.9773549437522888,0.42435353994369507,0.48476478457450867,-0.053328126668930054,0.7134429216384888,0.3630375266075134,0.477186381816864,-0.34407222270965576,0.9614599347114563,0.4256313741207123,0.48566851019859314,-0.08131098747253418,0.7326756715774536,0.37131452560424805,0.47307005524635315,-0.34961503744125366,0.9608984589576721,0.4224781394004822,0.4767492711544037,-0.0556868240237236,0.7165138125419617,0.3710899353027344,0.4656246602535248,-0.31331080198287964,0.9317940473556519,0.3780367076396942,0.46496719121932983,0.07131563127040863,0.998313307762146,0.3356427848339081,0.46098586916923523,-0.07125813513994217,0.9991726875305176,0.3959275782108307,0.5716407299041748,0.15727414190769196,0.9080976843833923,0.3362758755683899,0.5787545442581177,-0.06615952402353287,0.9896623492240906,0.4022461771965027,0.6852155923843384,0.2973783612251282,0.9244621992111206,0.324194997549057,0.6897509098052979,0.053975291550159454,0.9901006817817688,0.393923819065094,0.7063767313957214,0.3075803518295288,0.8866484761238098,0.31726160645484924,0.7046453356742859,0.059867728501558304,0.9328432083129883,0.43927502632141113,0.699102520942688,0.23802471160888672,0.944441556930542,0.34522587060928345,0.7264090776443481,-0.048760924488306046,0.9860001802444458
127,0.4477705955505371,0.27445754408836365,-0.2184172123670578,0.9990577697753906,0.4500710070133209,0.2617211937904358,-0.20684444904327393,0.9973335862159729,0.44970598816871643,0.2608340382575989,-0.20688238739967346,0.9974532723426819,0.44919952750205994,0.25971513986587524,-0.206884503364563,0.9974242448806763,0.4487493932247162,0.260475754737854,-0.23807518184185028,0.9982571005821228,0.44731268286705017,0.2586423456668854,-0.23813939094543457,0.998210072517395,0.4455260634422302,0.256549209356308,-0.23821790516376495,0.9979302883148193,0.43530693650245667,0.25317439436912537,-0.12878534197807312,0.9933202862739563,0.4301876127719879,0.24973678588867188,-0.2735942304134369,0.9979598522186279,0.44037652015686035,0.2829629182815552,-0.18459127843379974,0.9985924363136292,0.43745237588882446,0.28112614154815674,-0.22645404934883118,0.9994683265686035,0.4229621887207031,0.312845379114151,-0.03720918670296669,0.9997726082801819,0.3601952791213989,0.29284414649009705,-0.28062868118286133,0.9999535083770752,0.414346307516098,0.3913230299949646,0.023636002093553543,0.7098156809806824,0.3335244953632355,0.3810751140117645,-0.29753684997558594,0.9909214973449707,0.4282264709472656,0.46244144439697266,-0.03718931972980499,0.7703467607498169,0.3616430461406708,0.45564261078834534,-0.3065522015094757,0.9769448041915894,0.430397093296051,0.48706620931625366,-0.04853619635105133,0.6987903118133545,0.3659639060497284,0.47708895802497864,-0.33709341287612915,0.9608573913574219,0.432229220867157,0.4882141351699829,-0.07614697515964508,0.7191001176834106,0.3742232024669647,0.47299936413764954,-0.34282058477401733,0.9602723121643066,0.42957359552383423,0.47904154658317566,-0.051061034202575684,0.7036715149879456,0.3739926517009735,0.4655909538269043,-0.30746203660964966,0.9306068420410156,0.3826445937156677,0.46519702672958374,0.07133360207080841,0.9983698129653931,0.3402852714061737,0.4607662558555603,-0.07127918303012848,0.9992074370384216,0.39878490567207336,0.5733453035354614,0.1633097231388092,0.9097763895988464,0.3387574553489685,0.5789124369621277,-0.06602998077869415,0.989960789680481,0.4024304747581482,0.6853682398796082,0.30877700448036194,0.9281984567642212,0.3242144286632538,0.6895633935928345,0.049680568277835846,0.9905077219009399,0.3942156434059143,0.7058984041213989,0.31892186403274536,0.8911453485488892,0.31723839044570923,0.7045905590057373,0.05505187436938286,0.9341806173324585,0.4402046203613281,0.7016175389289856,0.25230473279953003,0.946977436542511,0.3454849421977997,0.7270005345344543,-0.05316048115491867,0.9864566922187805
128,0.4542306959629059,0.2761312425136566,-0.21670715510845184,0.9991123676300049,0.4568120539188385,0.26309406757354736,-0.2050638496875763,0.9974849224090576,0.45636266469955444,0.2621968388557434,-0.20509395003318787,0.9975969791412354,0.4557573199272156,0.2610987424850464,-0.20508888363838196,0.9975631237030029,0.4556695520877838,0.261881947517395,-0.23694729804992676,0.9983602166175842,0.4543774127960205,0.2601056694984436,-0.23700971901416779,0.9983185529708862,0.45273464918136597,0.25808513164520264,-0.23708561062812805,0.9980521202087402,0.44155946373939514,0.2541275918483734,-0.12667328119277954,0.9936360120773315,0.43695640563964844,0.2506673336029053,-0.27344703674316406,0.9980745911598206,0.44645756483078003,0.28448063135147095,-0.18295902013778687,0.9986456036567688,0.4438357949256897,0.28247547149658203,-0.22568409144878387,0.9994891881942749,0.4284653067588806,0.31467607617378235,-0.03393100947141647,0.9997682571411133,0.36631453037261963,0.29291775822639465,-0.2819010615348816,0.9999552965164185,0.41909679770469666,0.39239782094955444,0.030579349026083946,0.6962642073631287,0.33876127004623413,0.3807750642299652,-0.30116772651672363,0.9907774329185486,0.4338221549987793,0.4640656113624573,-0.027058202773332596,0.7573648691177368,0.36530184745788574,0.45600107312202454,-0.307370126247406,0.9763479232788086,0.4364100396633148,0.4882098138332367,-0.03729740157723427,0.683777928352356,0.3693561255931854,0.4769449234008789,-0.3376149535179138,0.9599837064743042,0.4386685788631439,0.4898013174533844,-0.0656047835946083,0.7052751779556274,0.3782631456851959,0.47284889221191406,-0.3438642621040344,0.959371030330658,0.4359840750694275,0.48091983795166016,-0.041161030530929565,0.6904511451721191,0.3781704604625702,0.46549636125564575,-0.30784016847610474,0.9287741184234619,0.3873627781867981,0.4653910994529724,0.07262306660413742,0.998430073261261,0.345010906457901,0.46066904067993164,-0.07258658111095428,0.9992468357086182,0.4008168578147888,0.5746833086013794,0.17486786842346191,0.910187304019928,0.3415195941925049,0.5791980028152466,-0.06366907805204391,0.9902525544166565,0.403383731842041,0.6858923435211182,0.32893452048301697,0.9314019083976746,0.3241903781890869,0.6893854737281799,0.050115276128053665,0.9909138083457947,0.3955892026424408,0.7062798738479614,0.33991286158561707,0.8952491879463196,0.3165022134780884,0.703585684299469,0.05532357841730118,0.9354608654975891,0.4399581849575043,0.7036654949188232,0.2745700776576996,0.9491991400718689,0.34570449590682983,0.7274532914161682,-0.05233447626233101,0.9868865609169006
129,0.46046096086502075,0.2783595323562622,-0.21449938416481018,0.9991652369499207,0.46303433179855347,0.2655267119407654,-0.2027864158153534,0.9976392388343811,0.4625776410102844,0.264665424823761,-0.2028166949748993,0.9977472424507141,0.4619792103767395,0.26361382007598877,-0.20281176269054413,0.9977109432220459,0.46197813749313354,0.2641817033290863,-0.23413702845573425,0.9984566569328308,0.46076855063438416,0.26237791776657104,-0.23419766128063202,0.9984185695648193,0.45920610427856445,0.2603176534175873,-0.2342699021100998,0.9981600046157837,0.447867214679718,0.25597622990608215,-0.1246197372674942,0.9940113425254822,0.4434412121772766,0.2522546947002411,-0.2691571116447449,0.9981803297996521,0.4524015784263611,0.2865729331970215,-0.18105411529541016,0.9987058639526367,0.4496130049228668,0.2844565212726593,-0.22311754524707794,0.9995085000991821,0.4332287311553955,0.31609660387039185,-0.03252927213907242,0.9997658133506775,0.3721892237663269,0.2928023338317871,-0.28101810812950134,0.9999557733535767,0.42206016182899475,0.3949623703956604,0.031515464186668396,0.6886982321739197,0.3439564108848572,0.380235880613327,-0.30007606744766235,0.9905040264129639,0.439669668674469,0.4668866991996765,-0.023810353130102158,0.7522817254066467,0.369549036026001,0.45674607157707214,-0.3020397424697876,0.9755485653877258,0.44389835000038147,0.4898037910461426,-0.03367861732840538,0.6769896745681763,0.3731081187725067,0.47687163949012756,-0.3320414423942566,0.9588446617126465,0.44666776061058044,0.4906974136829376,-0.06253956258296967,0.6995329260826111,0.3824526071548462,0.47305265069007874,-0.3388170599937439,0.9582250118255615,0.4436987340450287,0.48243075609207153,-0.03802327439188957,0.6851388812065125,0.38262811303138733,0.46597227454185486,-0.30321016907691956,0.9269018769264221,0.39036327600479126,0.46515971422195435,0.0728781595826149,0.9984628558158875,0.34774768352508545,0.45993056893348694,-0.07284198701381683,0.9992619752883911,0.402777761220932,0.5754924416542053,0.16765615344047546,0.9097987413406372,0.34606999158859253,0.5792654752731323,-0.05387674644589424,0.9903795719146729,0.402412474155426,0.6863220930099487,0.31949904561042786,0.9336040616035461,0.32470184564590454,0.6892610788345337,0.061923034489154816,0.9911236763000488,0.39444342255592346,0.707271933555603,0.3301723897457123,0.898353099822998,0.31659525632858276,0.7034170627593994,0.06723184138536453,0.9358294010162354,0.44033282995224,0.7045125961303711,0.2609504163265228,0.9506241083145142,0.3467584252357483,0.7274337410926819,-0.037800680845975876,0.9869692921638489
130,0.4653809070587158,0.279961496591568,-0.21633832156658173,0.9992090463638306,0.46828770637512207,0.26715192198753357,-0.20438925921916962,0.997756838798523,0.4678567051887512,0.2662370502948761,-0.2044232189655304,0.9978587627410889,0.4672728180885315,0.26510563492774963,-0.2044215202331543,0.9978225827217102,0.4671913981437683,0.2657371461391449,-0.235918328166008,0.9985294938087463,0.4658719003200531,0.2638311982154846,-0.23597919940948486,0.9984941482543945,0.464214026927948,0.2616960406303406,-0.23605474829673767,0.9982420802116394,0.4532935619354248,0.257205992937088,-0.12513820827007294,0.9942539930343628,0.44855111837387085,0.2532910108566284,-0.2708338499069214,0.9982532262802124,0.4569479823112488,0.28782981634140015,-0.18244107067584991,0.9987419247627258,0.4543136656284332,0.285714715719223,-0.2245924174785614,0.9995206594467163,0.43727803230285645,0.3174426853656769,-0.031151151284575462,0.9997637271881104,0.37849047780036926,0.29271969199180603,-0.2854311764240265,0.9999563097953796,0.4244632124900818,0.39714348316192627,0.037590187042951584,0.6756536364555359,0.34913283586502075,0.3799799084663391,-0.3071168065071106,0.9902119040489197,0.4479735791683197,0.4696236252784729,-0.01377389021217823,0.7482204437255859,0.3734266757965088,0.4575071930885315,-0.31180766224861145,0.975027322769165,0.45372581481933594,0.4916726350784302,-0.021999603137373924,0.6726211309432983,0.37630969285964966,0.4770401418209076,-0.34235483407974243,0.9581776261329651,0.4568910598754883,0.49172693490982056,-0.05183860659599304,0.6962568759918213,0.3857329189777374,0.47357645630836487,-0.3491821587085724,0.9575388431549072,0.4540534019470215,0.48406779766082764,-0.02854660153388977,0.6824771761894226,0.38620489835739136,0.4666428565979004,-0.31329184770584106,0.9257705807685852,0.39313048124313354,0.46599918603897095,0.07493185997009277,0.9985077977180481,0.35096475481987,0.45981520414352417,-0.07491027563810349,0.9992709755897522,0.40542373061180115,0.576176643371582,0.16869403421878815,0.9046890139579773,0.3503703474998474,0.5792783498764038,-0.045222945511341095,0.9901926517486572,0.4020675718784332,0.6861642599105835,0.3158474266529083,0.9337223768234253,0.3252873122692108,0.6886355876922607,0.08470065891742706,0.9911393523216248,0.3944837152957916,0.7074358463287354,0.32613903284072876,0.8989670276641846,0.3164486587047577,0.7023369669914246,0.09171214699745178,0.9356999397277832,0.4409386217594147,0.7058879733085632,0.26097849011421204,0.9509949088096619,0.34723615646362305,0.7276349663734436,-0.010948038659989834,0.9868576526641846
131,0.4708486497402191,0.28155630826950073,-0.2105831354856491,0.9992589354515076,0.474142462015152,0.2687770128250122,-0.1989290416240692,0.9978858828544617,0.47368302941322327,0.267800897359848,-0.1989576667547226,0.9979817271232605,0.47306084632873535,0.26657143235206604,-0.198950856924057,0.997952401638031,0.47312551736831665,0.26724034547805786,-0.23162786662578583,0.9986095428466797,0.47184306383132935,0.265255868434906,-0.23168036341667175,0.9985754489898682,0.4702463150024414,0.2630559206008911,-0.23175498843193054,0.9983319044113159,0.45900028944015503,0.2581638991832733,-0.12285876274108887,0.9945569038391113,0.4547056555747986,0.254375696182251,-0.27095240354537964,0.9983190298080444,0.46213382482528687,0.28899136185646057,-0.1778811514377594,0.9987965822219849,0.45959845185279846,0.28679484128952026,-0.22166678309440613,0.9995368123054504,0.4413347840309143,0.31810933351516724,-0.030567878857254982,0.9997721910476685,0.3851196765899658,0.2926913797855377,-0.28794556856155396,0.9999570250511169,0.43138185143470764,0.4011014699935913,0.041631974279880524,0.6761403679847717,0.3549891412258148,0.3798328936100006,-0.311747670173645,0.9896764755249023,0.458109050989151,0.47492682933807373,-0.003940613940358162,0.7566434741020203,0.3764157295227051,0.4580867886543274,-0.31558459997177124,0.9747252464294434,0.4632751941680908,0.4951760172843933,-0.010480860248208046,0.6817817091941833,0.37964698672294617,0.47704559564590454,-0.34609732031822205,0.9579582810401917,0.4661797881126404,0.494475394487381,-0.040629249066114426,0.7056525945663452,0.38911086320877075,0.4737561047077179,-0.3531569540500641,0.9572853446006775,0.4640275835990906,0.4875830411911011,-0.018618403002619743,0.6921280026435852,0.38900047540664673,0.4671133756637573,-0.31729498505592346,0.9251053333282471,0.39646145701408386,0.4660479724407196,0.07625385373830795,0.9985825419425964,0.35444289445877075,0.45959165692329407,-0.07625620067119598,0.9992895126342773,0.4073840081691742,0.5762284398078918,0.170278400182724,0.8975684642791748,0.3552243411540985,0.5791849493980408,-0.039706598967313766,0.9898437857627869,0.40279990434646606,0.6855964660644531,0.3155246376991272,0.9323683381080627,0.3260754346847534,0.6841709613800049,0.09865085780620575,0.9910070896148682,0.3956204652786255,0.7066805958747864,0.32591748237609863,0.8973588347434998,0.31639355421066284,0.6963887810707092,0.10691922903060913,0.9349299669265747,0.44081035256385803,0.7062110900878906,0.26463451981544495,0.9505900144577026,0.3473280966281891,0.7273762226104736,0.008635067380964756,0.9865870475769043
132,0.4758991599082947,0.2825509011745453,-0.2101430892944336,0.999298095703125,0.4795307219028473,0.2696695625782013,-0.1978977918624878,0.997969925403595,0.4791019558906555,0.2686775028705597,-0.19792777299880981,0.9980593323707581,0.47850075364112854,0.26743608713150024,-0.1979254186153412,0.9980380535125732,0.4781799912452698,0.26803886890411377,-0.23088422417640686,0.9986611008644104,0.4767168164253235,0.2660207450389862,-0.23093147575855255,0.9986298680305481,0.4749928116798401,0.26374390721321106,-0.23100367188453674,0.9983904957771301,0.4642113745212555,0.25917285680770874,-0.11976365000009537,0.9946986436843872,0.45898300409317017,0.25489357113838196,-0.27058956027030945,0.9983466267585754,0.4669983983039856,0.2897460162639618,-0.17667017877101898,0.9988241791725159,0.46416425704956055,0.2875356674194336,-0.22087034583091736,0.9995431900024414,0.44620293378829956,0.3185824751853943,-0.02506718598306179,0.9997785091400146,0.3895116448402405,0.29228299856185913,-0.28701654076576233,0.9999579191207886,0.4356788098812103,0.4014916718006134,0.05249990150332451,0.6755405068397522,0.35917019844055176,0.37942323088645935,-0.30961814522743225,0.9892152547836304,0.4640653729438782,0.4759441316127777,0.009792281314730644,0.7617447972297668,0.3792732357978821,0.45832541584968567,-0.31530827283859253,0.9745517373085022,0.46943578124046326,0.4954485595226288,0.0037394731771200895,0.6867401599884033,0.382392942905426,0.47701337933540344,-0.3460039496421814,0.9577913880348206,0.4722572863101959,0.49487683176994324,-0.026497121900320053,0.7112070918083191,0.39149779081344604,0.47384437918663025,-0.35374006628990173,0.9571139216423035,0.4701163172721863,0.4882937967777252,-0.005034170113503933,0.6980637907981873,0.39116156101226807,0.4674283266067505,-0.31732168793678284,0.924551784992218,0.4006538987159729,0.4658546447753906,0.07754398137331009,0.9986425638198853,0.35782963037490845,0.45856645703315735,-0.07756005972623825,0.999298632144928,0.40971389412879944,0.5763733983039856,0.16785584390163422,0.8921089768409729,0.36073166131973267,0.5786170363426208,-0.04760706424713135,0.9894207119941711,0.4034268260002136,0.6852146983146667,0.31260308623313904,0.931327223777771,0.3264360725879669,0.679189145565033,0.08908948302268982,0.9907492995262146,0.39636120200157166,0.7061350345611572,0.3227553963661194,0.8948426246643066,0.3158794045448303,0.6906536817550659,0.09739740937948227,0.9326997399330139,0.44102415442466736,0.706905722618103,0.2613477110862732,0.9502021670341492,0.34727415442466736,0.7272922992706299,-0.0016044208314269781,0.9862518310546875
133,0.4795474410057068,0.2843768894672394,-0.2082277089357376,0.9993388056755066,0.48337191343307495,0.27183952927589417,-0.19579975306987762,0.9980584979057312,0.4829704165458679,0.2708233892917633,-0.19582870602607727,0.9981400370597839,0.4823889136314392,0.2695428729057312,-0.19582726061344147,0.9981279969215393,0.48187166452407837,0.2699007987976074,-0.2289680689573288,0.9987116456031799,0.48038798570632935,0.26765522360801697,-0.22901210188865662,0.9986836314201355,0.4786730408668518,0.2651384770870209,-0.2290799617767334,0.998447835445404,0.468686044216156,0.26065242290496826,-0.11655918508768082,0.9948636889457703,0.4628182351589203,0.25546351075172424,-0.2689974308013916,0.9983748197555542,0.4704879820346832,0.2911692261695862,-0.17426583170890808,0.998866617679596,0.467257022857666,0.28888174891471863,-0.21875140070915222,0.9995532035827637,0.450106680393219,0.3185931444168091,-0.019841859117150307,0.999790370464325,0.3939557373523712,0.2921093702316284,-0.2859705090522766,0.9999585151672363,0.4419410824775696,0.40157705545425415,0.06196925789117813,0.6823466420173645,0.3642861247062683,0.37934020161628723,-0.3080468773841858,0.9887624979019165,0.47025567293167114,0.47551867365837097,0.021076684817671776,0.7723428606987,0.3822483420372009,0.45887479186058044,-0.3124709725379944,0.9745213389396667,0.476588636636734,0.49532371759414673,0.01534322090446949,0.6981285214424133,0.3862362504005432,0.4772246479988098,-0.3422963619232178,0.9578158855438232,0.4785196781158447,0.4946807622909546,-0.01490562129765749,0.7226775288581848,0.3950342535972595,0.47447746992111206,-0.3516731858253479,0.9571934342384338,0.47609812021255493,0.4880639910697937,0.006414908915758133,0.7098028659820557,0.39425283670425415,0.4683031737804413,-0.31504613161087036,0.9245238304138184,0.4044833183288574,0.46585628390312195,0.07867994159460068,0.9987078309059143,0.3620985746383667,0.4583403170108795,-0.07870746403932571,0.9993029236793518,0.4107038378715515,0.5771042704582214,0.15885241329669952,0.8856543898582458,0.3650520145893097,0.5786373019218445,-0.06172652915120125,0.9886378049850464,0.404013067483902,0.6851933598518372,0.2948729395866394,0.9290598630905151,0.32692939043045044,0.6764369606971741,0.07996562868356705,0.9900096654891968,0.39711374044418335,0.7062318921089172,0.3042105734348297,0.8905843496322632,0.315103679895401,0.6868091821670532,0.08608416467905045,0.9277877807617188,0.44164007902145386,0.7078089118003845,0.24437403678894043,0.9488131403923035,0.347242146730423,0.727169394493103,-0.0148897934705019,0.9853846430778503
134,0.4844130873680115,0.2855498194694519,-0.20451287925243378,0.9993724822998047,0.48826274275779724,0.27316978573799133,-0.1916220486164093,0.9981352686882019,0.4878501296043396,0.2721463739871979,-0.19165632128715515,0.9982119798660278,0.4872571527957916,0.2708599269390106,-0.1916608065366745,0.9982097148895264,0.4868447184562683,0.2711617052555084,-0.22513577342033386,0.9987503886222839,0.4854154586791992,0.26887157559394836,-0.225172758102417,0.9987249374389648,0.48376625776290894,0.2663198411464691,-0.22523656487464905,0.9984883666038513,0.4733896255493164,0.26176464557647705,-0.11182741075754166,0.995016872882843,0.4679657518863678,0.2563645541667938,-0.2659445106983185,0.9983857870101929,0.47519469261169434,0.2921826243400574,-0.17047378420829773,0.9988968968391418,0.4719829559326172,0.28992408514022827,-0.2153777778148651,0.9995567202568054,0.4538784623146057,0.3192269504070282,-0.014277847483754158,0.9997991323471069,0.39864760637283325,0.29194730520248413,-0.2852107882499695,0.9999573826789856,0.44700679183006287,0.40224093198776245,0.06466761231422424,0.6852761507034302,0.36965543031692505,0.37931832671165466,-0.30719780921936035,0.9878745079040527,0.4739986062049866,0.4752480387687683,0.021395592018961906,0.7795202732086182,0.3888392150402069,0.4589363932609558,-0.31261512637138367,0.9734635949134827,0.4810318052768707,0.4955882132053375,0.0151909738779068,0.705592930316925,0.39213666319847107,0.4772571623325348,-0.3429034352302551,0.9564458727836609,0.482933908700943,0.49468451738357544,-0.014742977917194366,0.7303979992866516,0.401031494140625,0.4746505916118622,-0.35224658250808716,0.9558312892913818,0.48022252321243286,0.48799028992652893,0.006702869199216366,0.7176719307899475,0.40018948912620544,0.4685528576374054,-0.31520920991897583,0.9220943450927734,0.40636998414993286,0.46576961874961853,0.08068999648094177,0.9987619519233704,0.36488229036331177,0.4577855169773102,-0.08072522282600403,0.9992919564247131,0.41217970848083496,0.5773655772209167,0.1589120626449585,0.8797053098678589,0.36971455812454224,0.5788955688476562,-0.06165183708071709,0.9879505634307861,0.4038566052913666,0.6853727102279663,0.2951999604701996,0.9275200963020325,0.32880130410194397,0.6755421757698059,0.07582776248455048,0.9894090294837952,0.39684128761291504,0.7065910696983337,0.30453401803970337,0.8873842358589172,0.31509190797805786,0.6856749057769775,0.08300106227397919,0.9236575365066528,0.44089698791503906,0.7078007459640503,0.2441856414079666,0.9477477669715881,0.35046523809432983,0.7271460890769958,-0.014669950120151043,0.984565794467926
135,0.4879859387874603,0.2861533463001251,-0.2062777727842331,0.9994076490402222,0.49174338579177856,0.2738933563232422,-0.19422414898872375,0.9982238411903381,0.4913674294948578,0.27289101481437683,-0.19425885379314423,0.9982969760894775,0.4908146262168884,0.2716507613658905,-0.1942618191242218,0.9982975125312805,0.4901607930660248,0.2718549966812134,-0.22726747393608093,0.9988003373146057,0.488717645406723,0.26959049701690674,-0.22731216251850128,0.9987788796424866,0.48698511719703674,0.2670440971851349,-0.22738154232501984,0.9985471367835999,0.47756677865982056,0.26271748542785645,-0.11305183172225952,0.9952177405357361,0.4717842638492584,0.257284939289093,-0.2655280530452728,0.9984298348426819,0.4788281321525574,0.29277434945106506,-0.172764390707016,0.998934805393219,0.4756343364715576,0.2904486656188965,-0.21703355014324188,0.9995690584182739,0.4573349952697754,0.32143399119377136,-0.013696041889488697,0.9998079538345337,0.40404048562049866,0.29161977767944336,-0.28484976291656494,0.9999577403068542,0.45146995782852173,0.40425819158554077,0.0633036345243454,0.690236508846283,0.3733688294887543,0.3779747784137726,-0.3104359209537506,0.9873034954071045,0.47843068838119507,0.4770849645137787,0.01598796434700489,0.7867872714996338,0.39343440532684326,0.4587295949459076,-0.31970471143722534,0.9725949168205261,0.4853243827819824,0.49812057614326477,0.008688809350132942,0.7134817838668823,0.39656442403793335,0.4772375524044037,-0.3517840504646301,0.9552470445632935,0.48730605840682983,0.49628952145576477,-0.02217613346874714,0.7384015917778015,0.40510717034339905,0.474626362323761,-0.36107444763183594,0.9545838236808777,0.4846940040588379,0.4891103506088257,0.0006738852825947106,0.7258530259132385,0.40442052483558655,0.4684492349624634,-0.3224495053291321,0.919774055480957,0.4078879952430725,0.4656902849674225,0.0822092741727829,0.9988119602203369,0.36814671754837036,0.45585572719573975,-0.08224077522754669,0.9992988109588623,0.41363462805747986,0.5772130489349365,0.1589691936969757,0.875382661819458,0.37467408180236816,0.5784413814544678,-0.07988592237234116,0.9878636598587036,0.4034818708896637,0.6860528588294983,0.296301931142807,0.9268949627876282,0.3341967463493347,0.6760902404785156,0.04782896861433983,0.9892897605895996,0.39638301730155945,0.7066436409950256,0.3056659698486328,0.8854520916938782,0.3172045052051544,0.6858124136924744,0.05499611049890518,0.9219053983688354,0.4403396248817444,0.7079021334648132,0.244184210896492,0.9474374651908875,0.35599765181541443,0.7271293997764587,-0.04360184818506241,0.9844422340393066
136,0.492339551448822,0.2871398627758026,-0.20707261562347412,0.9994176030158997,0.49613356590270996,0.27490559220314026,-0.19354932010173798,0.998236358165741,0.49569135904312134,0.2738976776599884,-0.19359172880649567,0.9983066320419312,0.4950495660305023,0.27263790369033813,-0.1936059147119522,0.9983128309249878,0.4947219491004944,0.2729374170303345,-0.22673305869102478,0.9987950921058655,0.49333858489990234,0.2707250416278839,-0.22677376866340637,0.998780369758606,0.491665780544281,0.2682262659072876,-0.22684292495250702,0.9985474944114685,0.4815920293331146,0.2634255290031433,-0.10970113426446915,0.9952496886253357,0.47659844160079956,0.2584942877292633,-0.26251479983329773,0.9983928799629211,0.4828476905822754,0.2937859892845154,-0.17256282269954681,0.9989346861839294,0.47996464371681213,0.29143258929252625,-0.21695034205913544,0.9995652437210083,0.4598177969455719,0.32318851351737976,-0.008753509260714054,0.999809205532074,0.4088475704193115,0.2915259301662445,-0.28493982553482056,0.9999572038650513,0.45533981919288635,0.40657156705856323,0.06654630601406097,0.6896184086799622,0.37750452756881714,0.3769471049308777,-0.3167407214641571,0.9867299795150757,0.48295649886131287,0.47957536578178406,0.019239893183112144,0.7877615094184875,0.39709728956222534,0.4584980905056,-0.32897213101387024,0.9716665148735046,0.49008578062057495,0.5013734698295593,0.01306530274450779,0.7143442630767822,0.3989969789981842,0.4773058295249939,-0.3617367148399353,0.9540607929229736,0.49186721444129944,0.49844712018966675,-0.017981378361582756,0.7397512197494507,0.40735211968421936,0.4745856523513794,-0.37057387828826904,0.9533530473709106,0.48901501297950745,0.49092647433280945,0.003698023036122322,0.7271996140480042,0.4074344038963318,0.4682808816432953,-0.3317822813987732,0.9172588586807251,0.40823549032211304,0.46566855907440186,0.08362375199794769,0.9988421201705933,0.37066540122032166,0.45452797412872314,-0.08363967388868332,0.9992837309837341,0.4163776934146881,0.5775843858718872,0.11304648220539093,0.8721157312393188,0.3802408277988434,0.577673077583313,-0.12053155899047852,0.9877211451530457,0.4032079577445984,0.6863309741020203,0.2466297149658203,0.9255302548408508,0.34077194333076477,0.6783894896507263,-0.002332516945898533,0.9892052412033081,0.3960895240306854,0.7065535187721252,0.2553422749042511,0.8844355940818787,0.3234565854072571,0.6885244846343994,0.003781590610742569,0.9214262366294861,0.4404434263706207,0.707901120185852,0.18987888097763062,0.9468639492988586,0.36369290947914124,0.7271236777305603,-0.09871064126491547,0.9844989776611328
137,0.49571213126182556,0.28872814774513245,-0.21836400032043457,0.9993987083435059,0.4996521472930908,0.2768922746181488,-0.20409445464611053,0.9981849789619446,0.49924618005752563,0.275917649269104,-0.20414960384368896,0.9982551336288452,0.49864211678504944,0.2746831774711609,-0.2041817456483841,0.9982834458351135,0.498335063457489,0.2748037576675415,-0.23879525065422058,0.998734712600708,0.4970510005950928,0.2725350260734558,-0.23883727192878723,0.9987244606018066,0.4954895079135895,0.26998358964920044,-0.23890849947929382,0.9984924793243408,0.48564809560775757,0.2649397552013397,-0.11853750050067902,0.995175838470459,0.4810554087162018,0.26005688309669495,-0.27762460708618164,0.998267412185669,0.4863230586051941,0.29504916071891785,-0.18282917141914368,0.998896062374115,0.4835405945777893,0.29267528653144836,-0.22903268039226532,0.9995436072349548,0.4624954164028168,0.3236256241798401,-0.010900155641138554,0.9998051524162292,0.4137842059135437,0.29163745045661926,-0.3013535141944885,0.9999531507492065,0.45554813742637634,0.40575096011161804,0.061397671699523926,0.6839908361434937,0.3842695951461792,0.37702375650405884,-0.33728930354118347,0.9858430624008179,0.48308420181274414,0.480228066444397,0.012034393846988678,0.7840808629989624,0.40108543634414673,0.45845702290534973,-0.35132676362991333,0.9701512455940247,0.49043598771095276,0.5013956427574158,0.004136824049055576,0.7109891772270203,0.40315550565719604,0.4773504436016083,-0.3857230246067047,0.9524012207984924,0.4921824336051941,0.49847689270973206,-0.025488097220659256,0.7366892695426941,0.4132065176963806,0.4739648997783661,-0.39539778232574463,0.951632559299469,0.4889979362487793,0.4909704625606537,-0.0023167328909039497,0.723563015460968,0.41410118341445923,0.46714967489242554,-0.3546682298183441,0.9136824607849121,0.40877407789230347,0.46549955010414124,0.08532895147800446,0.9988579750061035,0.37246403098106384,0.45419085025787354,-0.08532920479774475,0.9992387890815735,0.4179227352142334,0.5786513090133667,0.0875840112566948,0.8703643679618835,0.38478296995162964,0.5779796838760376,-0.1424631029367447,0.9875750541687012,0.4019254148006439,0.6862269043922424,0.21382293105125427,0.9247103929519653,0.3486596345901489,0.6844176650047302,-0.03561336174607277,0.9891345500946045,0.394616037607193,0.7060753107070923,0.22120317816734314,0.884104311466217,0.33309829235076904,0.6988248229026794,-0.03130551427602768,0.9217708706855774,0.4400950074195862,0.7078800201416016,0.1501382440328598,0.9466897249221802,0.3719497323036194,0.7296714186668396,-0.13872362673282623,0.9846805334091187
138,0.49882322549819946,0.29076582193374634,-0.2132357656955719,0.9992607235908508,0.502591073513031,0.27914875745773315,-0.19877801835536957,0.9978344440460205,0.5021696090698242,0.2781541645526886,-0.19884084165096283,0.9979087114334106,0.5015623569488525,0.2769055664539337,-0.19886720180511475,0.9980144500732422,0.5015158653259277,0.2771889269351959,-0.2347988784313202,0.9984651207923889,0.5004109144210815,0.27499639987945557,-0.23483772575855255,0.9984508752822876,0.49903416633605957,0.27255475521087646,-0.23492324352264404,0.99821937084198,0.4892938733100891,0.2668026387691498,-0.11396142095327377,0.9943687915802002,0.4856192469596863,0.2627994120121002,-0.27613890171051025,0.9978028535842896,0.4896324574947357,0.2965669333934784,-0.17758215963840485,0.9986433386802673,0.4874325394630432,0.2942907214164734,-0.22540660202503204,0.9994350671768188,0.46321359276771545,0.32318559288978577,-0.006374086253345013,0.9997835755348206,0.4197104573249817,0.2932458221912384,-0.2992233335971832,0.9999444484710693,0.4558115005493164,0.40513408184051514,0.06360899657011032,0.6631882190704346,0.3894975483417511,0.37690117955207825,-0.3367309272289276,0.9838374257087708,0.48142939805984497,0.48011478781700134,0.011189213953912258,0.7695332765579224,0.4057355523109436,0.4587708115577698,-0.34922534227371216,0.9652921557426453,0.4899669587612152,0.5006774663925171,0.004912721924483776,0.6979202032089233,0.40706831216812134,0.4781422019004822,-0.38335034251213074,0.9466156959533691,0.49204716086387634,0.49807852506637573,-0.025464480742812157,0.7241106033325195,0.4183829724788666,0.47392529249191284,-0.39224153757095337,0.9455100297927856,0.4881056845188141,0.4907465875148773,-0.0040380461141467094,0.7102054357528687,0.42017683386802673,0.4666825830936432,-0.352317750453949,0.9038302898406982,0.4088360369205475,0.4658556580543518,0.09066128730773926,0.9987882971763611,0.37516170740127563,0.4550103545188904,-0.09063100069761276,0.9991296529769897,0.4180715084075928,0.579555332660675,0.10885603725910187,0.8521446585655212,0.39068403840065,0.580170214176178,-0.13421979546546936,0.9866915941238403,0.3976476788520813,0.686184823513031,0.20865492522716522,0.9151233434677124,0.35871368646621704,0.6946690082550049,-0.04350142925977707,0.9885079860687256,0.3880309760570526,0.703597366809845,0.21301349997520447,0.8767997622489929,0.34400492906570435,0.7106159329414368,-0.041393719613552094,0.9227195978164673,0.4348694384098053,0.7079225182533264,0.14537720382213593,0.942699670791626,0.3847751021385193,0.7306223511695862,-0.14425256848335266,0.9844589829444885
139,0.5023505687713623,0.2934236526489258,-0.21251825988292694,0.9990824460983276,0.5063245892524719,0.281890332698822,-0.19836696982383728,0.9974461197853088,0.5059034824371338,0.2809116244316101,-0.19843284785747528,0.9975147247314453,0.5053102374076843,0.2796765863895416,-0.1984575241804123,0.9977105259895325,0.5053695440292358,0.27995601296424866,-0.23472216725349426,0.998185396194458,0.5043469667434692,0.27781185507774353,-0.23476099967956543,0.9981627464294434,0.5030564069747925,0.275414377450943,-0.2348518818616867,0.9979609251022339,0.4934450089931488,0.2691957354545593,-0.11437863111495972,0.9932501316070557,0.4899762272834778,0.26575663685798645,-0.2766559422016144,0.9972682595252991,0.4933898448944092,0.2988894283771515,-0.17689338326454163,0.9983039498329163,0.4913438856601715,0.29663601517677307,-0.22524015605449677,0.9993043541908264,0.4643093943595886,0.3228335976600647,-0.003447956871241331,0.9997475743293762,0.42917078733444214,0.2962816059589386,-0.30496880412101746,0.9999397993087769,0.45618587732315063,0.40475818514823914,0.06149861961603165,0.6308412551879883,0.40263524651527405,0.3887147605419159,-0.3459721505641937,0.9813204407691956,0.4801449179649353,0.47607919573783875,0.0066733225248754025,0.7429551482200623,0.41567325592041016,0.4591444134712219,-0.36421772837638855,0.9597316384315491,0.4881651997566223,0.49736344814300537,0.002166890073567629,0.6747592091560364,0.4151056706905365,0.4782256484031677,-0.40002185106277466,0.9406595230102539,0.4917120039463043,0.49752479791641235,-0.026047009974718094,0.7013126611709595,0.42547765374183655,0.4739108979701996,-0.40818387269973755,0.9391657114028931,0.4871920943260193,0.48978009819984436,-0.008888820186257362,0.6866686940193176,0.42795366048812866,0.4665360450744629,-0.36718252301216125,0.8935378789901733,0.407757043838501,0.46580785512924194,0.09583951532840729,0.9987172484397888,0.3781002461910248,0.45817458629608154,-0.09579294919967651,0.9991204142570496,0.4181317687034607,0.5793657898902893,0.15592697262763977,0.8276186585426331,0.39527755975723267,0.5816754698753357,-0.14785608649253845,0.9864821434020996,0.39725786447525024,0.6847745180130005,0.2779742181301117,0.8998302221298218,0.3668307065963745,0.7014474868774414,-0.08389764279127121,0.9883926510810852,0.38675612211227417,0.6995784640312195,0.28471535444259644,0.863343358039856,0.35400253534317017,0.7191441059112549,-0.08503621071577072,0.9255263805389404,0.4340091645717621,0.7073622345924377,0.22715561091899872,0.9357966184616089,0.40223702788352966,0.7324123382568359,-0.19294188916683197,0.9847339391708374
140,0.5069190859794617,0.29610881209373474,-0.14750070869922638,0.9985356330871582,0.5106645822525024,0.28438204526901245,-0.1354210525751114,0.996210515499115,0.5100942850112915,0.2831868827342987,-0.13548478484153748,0.9962560534477234,0.5093517899513245,0.2817024886608124,-0.1354840248823166,0.9966850876808167,0.510262131690979,0.2830301523208618,-0.17307406663894653,0.9973105788230896,0.5094905495643616,0.2811296582221985,-0.173109769821167,0.9973046183586121,0.5085421800613403,0.27903038263320923,-0.1732155680656433,0.9971696734428406,0.49760007858276367,0.27080413699150085,-0.06716938316822052,0.9886801242828369,0.4962548613548279,0.26978302001953125,-0.2377314567565918,0.9954928755760193,0.4977729320526123,0.3007945716381073,-0.11730404943227768,0.9970724582672119,0.4965692460536957,0.2989955544471741,-0.16708992421627045,0.9987624883651733,0.4610982835292816,0.31655648350715637,0.04319392889738083,0.9996525645256042,0.44088539481163025,0.2989969253540039,-0.29639932513237,0.9999367594718933,0.454017698764801,0.40088337659835815,0.09928221255540848,0.5851323008537292,0.42298436164855957,0.3975197970867157,-0.3420076072216034,0.9793773889541626,0.47688737511634827,0.46691301465034485,0.05153457447886467,0.6995283365249634,0.4367992877960205,0.46825626492500305,-0.31940358877182007,0.9573127627372742,0.48707038164138794,0.49507662653923035,0.052253358066082,0.6361091732978821,0.42687568068504333,0.48312604427337646,-0.35120469331741333,0.9384352564811707,0.488042414188385,0.49173349142074585,0.02742116153240204,0.6618536710739136,0.43714675307273865,0.4771747887134552,-0.35310226678848267,0.9366605877876282,0.4832760691642761,0.482514888048172,0.03817826509475708,0.6481109857559204,0.43568500876426697,0.4696110188961029,-0.3191162943840027,0.8887816071510315,0.4057731032371521,0.464144766330719,0.10591766983270645,0.9986755847930908,0.3821696639060974,0.46233004331588745,-0.10596362501382828,0.9991491436958313,0.4173049032688141,0.5789489150047302,0.216170996427536,0.7839108109474182,0.40147289633750916,0.5840325951576233,-0.129557266831398,0.9861426949501038,0.3973391652107239,0.6843213438987732,0.36807990074157715,0.8726302981376648,0.3793391287326813,0.7075394988059998,-0.0672474056482315,0.9882938265800476,0.3862899839878082,0.6996620297431946,0.37890753149986267,0.8398837447166443,0.36606329679489136,0.7260781526565552,-0.06808461248874664,0.9287437796592712,0.4340324401855469,0.7064685821533203,0.3354835510253906,0.9234806299209595,0.41751688718795776,0.7321774363517761,-0.1659623682498932,0.9850587844848633
141,0.5095247030258179,0.2980279326438904,-0.05483616515994072,0.9976990818977356,0.5132490396499634,0.2860409915447235,-0.04535898193717003,0.9948654174804688,0.512541651725769,0.28467413783073425,-0.045401424169540405,0.9947733879089355,0.5116484761238098,0.28299635648727417,-0.04539962857961655,0.9955142140388489,0.5132583379745483,0.2851535677909851,-0.0807984322309494,0.9963967204093933,0.5126739740371704,0.28346073627471924,-0.08081690967082977,0.9963105320930481,0.5119223594665527,0.28161296248435974,-0.08090894669294357,0.9964286088943481,0.5001469850540161,0.2721763551235199,0.0010600542882457376,0.9835367798805237,0.5003989338874817,0.2730617821216583,-0.15920767188072205,0.9939852952957153,0.5004545450210571,0.3021391034126282,-0.03293762728571892,0.9953358173370361,0.499925434589386,0.3008074164390564,-0.07971891760826111,0.9978320002555847,0.454032838344574,0.30169492959976196,0.09914204478263855,0.9995274543762207,0.46307381987571716,0.3146911561489105,-0.23821130394935608,0.9999374747276306,0.44285255670547485,0.38790827989578247,0.13151134550571442,0.5310688614845276,0.45812535285949707,0.40671637654304504,-0.2517152428627014,0.9787769913673401,0.464522123336792,0.45614373683929443,0.07338707149028778,0.636573076248169,0.4761371612548828,0.48293352127075195,-0.17366358637809753,0.953280508518219,0.46902376413345337,0.48727935552597046,0.07491147518157959,0.5811178088188171,0.4800260066986084,0.5043640732765198,-0.1954096555709839,0.934952974319458,0.4749620854854584,0.4887515902519226,0.05352668836712837,0.604611873626709,0.48242348432540894,0.5011127591133118,-0.18920055031776428,0.9327768683433533,0.4724080562591553,0.48150017857551575,0.06093800812959671,0.5926698446273804,0.47965574264526367,0.4924483001232147,-0.1687162071466446,0.8832672238349915,0.397672563791275,0.4588252902030945,0.11098359525203705,0.9986847639083862,0.3897388279438019,0.4665345251560211,-0.11118537187576294,0.9991874694824219,0.4171161651611328,0.5782752633094788,0.2392846643924713,0.7367087602615356,0.40907496213912964,0.587692141532898,-0.03437753766775131,0.9863375425338745,0.39712759852409363,0.683047890663147,0.38952213525772095,0.8528136610984802,0.3913787007331848,0.7121519446372986,0.060731835663318634,0.988584578037262,0.3865009844303131,0.6998712420463562,0.40147677063941956,0.8219799995422363,0.38020753860473633,0.7320041656494141,0.06570421904325485,0.9328172206878662,0.4336889684200287,0.7022095322608948,0.3730669915676117,0.917667031288147,0.4317736029624939,0.7307828664779663,0.005468287970870733,0.9856479167938232
142,0.5136273503303528,0.30015963315963745,-0.05831734463572502,0.9965004920959473,0.5177091360092163,0.28791359066963196,-0.047029681503772736,0.9930232763290405,0.5171066522598267,0.28651145100593567,-0.04706689342856407,0.9927453994750977,0.516348123550415,0.28479117155075073,-0.04706568643450737,0.9939712285995483,0.5175645351409912,0.28704121708869934,-0.0830644741654396,0.9951081275939941,0.5169332027435303,0.28530797362327576,-0.08308504521846771,0.9949012398719788,0.5161744356155396,0.2834223210811615,-0.08317825198173523,0.9953810572624207,0.5051020979881287,0.2740890085697174,0.00724418368190527,0.9768657088279724,0.5046688318252563,0.2748030424118042,-0.15581731498241425,0.9919452667236328,0.5044967532157898,0.30390992760658264,-0.033751919865608215,0.9928103685379028,0.5038033723831177,0.30261093378067017,-0.08134964853525162,0.9965651035308838,0.4538732171058655,0.29903334379196167,0.10753016173839569,0.9992991089820862,0.46601980924606323,0.3105611503124237,-0.23134680092334747,0.9999346137046814,0.44145089387893677,0.3826481103897095,0.1399017572402954,0.4822033941745758,0.45747464895248413,0.40641599893569946,-0.2508183419704437,0.9780838489532471,0.4616423547267914,0.4543871581554413,0.08095300942659378,0.5801165699958801,0.4746716022491455,0.48457249999046326,-0.1801062822341919,0.9492741227149963,0.4668775200843811,0.48235806822776794,0.0827377513051033,0.5320011973381042,0.4786953330039978,0.508719801902771,-0.20247361063957214,0.9312902092933655,0.4737551808357239,0.4853135645389557,0.060767918825149536,0.5535408854484558,0.4837211072444916,0.506848156452179,-0.19423338770866394,0.9286354780197144,0.4713098406791687,0.47914811968803406,0.06817789375782013,0.5431234240531921,0.481539785861969,0.49793821573257446,-0.17437639832496643,0.8772565126419067,0.39778828620910645,0.4574735760688782,0.1119534969329834,0.9985977411270142,0.3942001163959503,0.4674535095691681,-0.11215358972549438,0.9991682171821594,0.4164276123046875,0.5779626965522766,0.22325937449932098,0.6941996812820435,0.4146644175052643,0.590199887752533,-0.027707111090421677,0.9864129424095154,0.4006957411766052,0.6831311583518982,0.36152273416519165,0.8310456275939941,0.39951223134994507,0.715620756149292,0.07360880076885223,0.9887462258338928,0.38680779933929443,0.7018376588821411,0.3719688653945923,0.803585946559906,0.38799476623535156,0.7364934682846069,0.07922913134098053,0.9365090727806091,0.4340439736843109,0.7015905380249023,0.3398803472518921,0.9102373123168945,0.4378010332584381,0.7308224439620972,0.017754636704921722,0.9860741496086121
143,0.5179027915000916,0.30216071009635925,-0.07845009863376617,0.9957683682441711,0.5219396948814392,0.2896726727485657,-0.06637514382600784,0.9916828274726868,0.5213837623596191,0.2883232533931732,-0.0664115622639656,0.9913867712020874,0.5206720232963562,0.2866591215133667,-0.06641753017902374,0.9928110241889954,0.521594762802124,0.28882554173469543,-0.10335533320903778,0.994197428226471,0.5208765864372253,0.2871280610561371,-0.10337567329406738,0.9940203428268433,0.5200594663619995,0.28525838255882263,-0.1034623384475708,0.9946483969688416,0.5091684460639954,0.276448130607605,-0.006579958833754063,0.9724674820899963,0.5083110332489014,0.2769293487071991,-0.17367485165596008,0.9905338883399963,0.5086380243301392,0.3060130774974823,-0.051619648933410645,0.9911394715309143,0.5077043771743774,0.3048146367073059,-0.10042212903499603,0.995747983455658,0.45832985639572144,0.3004494607448578,0.09948476403951645,0.9991490840911865,0.46756869554519653,0.3170669376850128,-0.24477991461753845,0.9999327659606934,0.44623374938964844,0.3847712278366089,0.137144535779953,0.44054698944091797,0.45402950048446655,0.4081619083881378,-0.26908034086227417,0.9773160219192505,0.4622865617275238,0.4559957683086395,0.07516080141067505,0.5331369638442993,0.46997418999671936,0.48658454418182373,-0.21286144852638245,0.9475142359733582,0.46724003553390503,0.483705997467041,0.07681331038475037,0.49102434515953064,0.47278910875320435,0.5108696818351746,-0.23929087817668915,0.9296112060546875,0.47530850768089294,0.4856879413127899,0.052834294736385345,0.5112046003341675,0.4797125458717346,0.5100091099739075,-0.23189619183540344,0.9268011450767517,0.47330743074417114,0.48006147146224976,0.06167756766080856,0.5018094182014465,0.4774045944213867,0.5014667510986328,-0.20781977474689484,0.8741873502731323,0.39944255352020264,0.45697373151779175,0.11255709826946259,0.9984556436538696,0.3975055515766144,0.46882301568984985,-0.11273099482059479,0.9991250038146973,0.4170864522457123,0.5776805877685547,0.2335190325975418,0.6585935354232788,0.420036643743515,0.5941973924636841,-0.024757223203778267,0.9862690567970276,0.4034971594810486,0.683134138584137,0.38291022181510925,0.8080614805221558,0.4038394093513489,0.716691792011261,0.0827428549528122,0.9886623620986938,0.3902955949306488,0.7025098204612732,0.3945460319519043,0.7826524376869202,0.3920212388038635,0.736369788646698,0.08884049952030182,0.9393630027770996,0.4355440139770508,0.7017133235931396,0.36235663294792175,0.9009395241737366,0.4432132840156555,0.732108473777771,0.024741079658269882,0.9861811399459839
144,0.521302342414856,0.30513447523117065,-0.09302573651075363,0.9945418834686279,0.5258290767669678,0.29252535104751587,-0.08140477538108826,0.9890883564949036,0.5253196358680725,0.29108282923698425,-0.08143401145935059,0.9885826110839844,0.524645209312439,0.28929078578948975,-0.08143405616283417,0.990565299987793,0.5254868268966675,0.29186615347862244,-0.11909220367670059,0.9925565719604492,0.5247902870178223,0.29019850492477417,-0.11911775171756744,0.9925417900085449,0.5240088701248169,0.2883273959159851,-0.11920640617609024,0.9934914708137512,0.5130080580711365,0.278702050447464,-0.01967678591609001,0.96506267786026,0.5125548243522644,0.27949461340904236,-0.18997445702552795,0.9883385896682739,0.511856734752655,0.3085164427757263,-0.06526526808738708,0.9886248111724854,0.5109348297119141,0.3074868619441986,-0.11507044732570648,0.9946829080581665,0.464268296957016,0.3024361729621887,0.08982645720243454,0.9987276792526245,0.46921664476394653,0.3169485330581665,-0.2512964606285095,0.9999259114265442,0.4535664916038513,0.3889111578464508,0.13665416836738586,0.4015636146068573,0.45708346366882324,0.4095219373703003,-0.2934465706348419,0.9775688052177429,0.46249493956565857,0.4600623548030853,0.07970206439495087,0.4879087209701538,0.46707120537757874,0.4864931106567383,-0.2279071807861328,0.9479618668556213,0.4684465527534485,0.49340012669563293,0.08385922014713287,0.4512631595134735,0.46971917152404785,0.5112006068229675,-0.2698504626750946,0.9299823641777039,0.47678160667419434,0.4973183870315552,0.05677536129951477,0.47005727887153625,0.47532302141189575,0.5099204778671265,-0.26557236909866333,0.9270205497741699,0.4749583303928375,0.4905698001384735,0.06520786881446838,0.46173664927482605,0.47415247559547424,0.502208948135376,-0.22755983471870422,0.8741434812545776,0.4023875594139099,0.4585222899913788,0.11245761066675186,0.9982720613479614,0.4022933840751648,0.4698430001735687,-0.11257991939783096,0.9989708662033081,0.4185284674167633,0.5806742906570435,0.21039779484272003,0.6252272129058838,0.4258921146392822,0.5935812592506409,-0.023712851107120514,0.9863448143005371,0.404252290725708,0.6916537880897522,0.36675044894218445,0.7851646542549133,0.4109880328178406,0.7170155048370361,0.09596744924783707,0.9886516332626343,0.39132723212242126,0.7118507623672485,0.3705730140209198,0.7634806632995605,0.39805009961128235,0.7361746430397034,0.10350579023361206,0.9422780871391296,0.43646401166915894,0.7062195539474487,0.3321152329444885,0.8904346823692322,0.4512147307395935,0.7327526211738586,0.042369477450847626,0.9862290620803833
145,0.524966835975647,0.3077026605606079,-0.10535166412591934,0.9940565228462219,0.5296539068222046,0.29529955983161926,-0.09352704137563705,0.9880118370056152,0.5291566252708435,0.2938423752784729,-0.09354978799819946,0.9873911738395691,0.52851802110672,0.2920210659503937,-0.0935496985912323,0.9896060824394226,0.5294431447982788,0.29469725489616394,-0.13077789545059204,0.9919182658195496,0.528804361820221,0.2930198311805725,-0.13080382347106934,0.9919999837875366,0.528061032295227,0.29109513759613037,-0.13088461756706238,0.9930810332298279,0.5173779726028442,0.2809152901172638,-0.029769495129585266,0.9616901874542236,0.5172106027603149,0.2817612886428833,-0.19849291443824768,0.9876462817192078,0.5155718326568604,0.3106249272823334,-0.07672810554504395,0.9877590537071228,0.5147559642791748,0.30977341532707214,-0.12605103850364685,0.9943769574165344,0.46551570296287537,0.30316784977912903,0.08192475140094757,0.998435378074646,0.4737531542778015,0.31624868512153625,-0.26303523778915405,0.9999257326126099,0.45344558358192444,0.3935461640357971,0.12721869349479675,0.3661245107650757,0.4588925838470459,0.41005629301071167,-0.3167055547237396,0.9782581329345703,0.4626149535179138,0.4691859781742096,0.07375389337539673,0.4467049539089203,0.4695802330970764,0.4950557351112366,-0.29293885827064514,0.9488097429275513,0.4678398668766022,0.4966190755367279,0.07882185280323029,0.4148170053958893,0.47220855951309204,0.5187305212020874,-0.33010411262512207,0.930728018283844,0.47579526901245117,0.4993668496608734,0.05067143589258194,0.432287335395813,0.47839611768722534,0.5171180963516235,-0.31492680311203003,0.9275814890861511,0.4739179015159607,0.4910160303115845,0.05903526023030281,0.4248243570327759,0.4764785170555115,0.5092659592628479,-0.286291241645813,0.8743752241134644,0.40323376655578613,0.46075624227523804,0.1139068752527237,0.9981366991996765,0.407792866230011,0.47275224328041077,-0.11402605473995209,0.9988687634468079,0.420651912689209,0.5822626948356628,0.21124093234539032,0.5930157899856567,0.4298970699310303,0.5947547554969788,-0.01685923896729946,0.9868733882904053,0.4053206443786621,0.6977819800376892,0.34799203276634216,0.7660604119300842,0.4177212119102478,0.718959629535675,0.10361798852682114,0.989065945148468,0.39306777715682983,0.7192347645759583,0.35582366585731506,0.7471251487731934,0.4033951163291931,0.7389635443687439,0.11101555824279785,0.9459665417671204,0.4414602816104889,0.7198294997215271,0.3139474093914032,0.882526159286499,0.460550457239151,0.7345591187477112,0.04825419932603836,0.9866945743560791
146,0.5278350114822388,0.3103732764720917,-0.11053965985774994,0.9937533140182495,0.5328859090805054,0.29783156514167786,-0.0981154665350914,0.9873932600021362,0.5323914885520935,0.29633209109306335,-0.0981365293264389,0.9867253303527832,0.5317699909210205,0.29450008273124695,-0.09813597053289413,0.9889628887176514,0.532748281955719,0.2973727285861969,-0.13512423634529114,0.9914736151695251,0.5321903228759766,0.2957252562046051,-0.13515165448188782,0.9916439652442932,0.5315111875534058,0.2938228249549866,-0.13522478938102722,0.9927924275398254,0.5209667086601257,0.28331851959228516,-0.03187466040253639,0.9595373272895813,0.5209442377090454,0.2843623161315918,-0.20006811618804932,0.9873641133308411,0.5184293985366821,0.3132393956184387,-0.08100516349077225,0.9871103167533875,0.5178057551383972,0.31244033575057983,-0.13005860149860382,0.9941742420196533,0.46825671195983887,0.3039032816886902,0.07945549488067627,0.9982489943504333,0.47676539421081543,0.31494954228401184,-0.264596551656723,0.9999261498451233,0.4525088369846344,0.39414161443710327,0.1202886551618576,0.33302247524261475,0.45731860399246216,0.40754085779190063,-0.31380531191825867,0.9778756499290466,0.46151939034461975,0.47524258494377136,0.06491410732269287,0.4075261354446411,0.46852701902389526,0.4922815263271332,-0.28608807921409607,0.9462674856185913,0.4639940857887268,0.5025361776351929,0.06788648664951324,0.3800222873687744,0.4704878330230713,0.5178537368774414,-0.3198367655277252,0.9275322556495667,0.47097688913345337,0.5046594142913818,0.040358010679483414,0.3961009085178375,0.4749980866909027,0.5161662101745605,-0.314687043428421,0.9240461587905884,0.4692121148109436,0.4941197633743286,0.05039047449827194,0.3894232511520386,0.4733501076698303,0.5075662732124329,-0.2817673087120056,0.8688942193984985,0.4053301215171814,0.46584030985832214,0.11285525560379028,0.9980436563491821,0.4114249348640442,0.476388543844223,-0.11296126991510391,0.9988094568252563,0.42173123359680176,0.5849322080612183,0.22594742476940155,0.5624722242355347,0.43519312143325806,0.5985425710678101,-0.009144674986600876,0.9871910214424133,0.405113160610199,0.7017480134963989,0.3675094246864319,0.7477796077728271,0.42452654242515564,0.7211834192276001,0.11515747010707855,0.9892506003379822,0.39316466450691223,0.7205871939659119,0.37776562571525574,0.7315368056297302,0.412088543176651,0.7412768006324768,0.12342055886983871,0.9488627910614014,0.4427284300327301,0.72206050157547,0.3372876048088074,0.8741012215614319,0.46701306104660034,0.7370380759239197,0.06205623224377632,0.9868330359458923
147,0.5317963361740112,0.3131381571292877,-0.10211577266454697,0.9936047792434692,0.5362619757652283,0.30057817697525024,-0.08936455100774765,0.9872838854789734,0.535692572593689,0.2990491986274719,-0.08937305212020874,0.986518383026123,0.5350162386894226,0.29726123809814453,-0.08936873823404312,0.9887868762016296,0.5362705588340759,0.30030930042266846,-0.12618058919906616,0.9913572072982788,0.5357545018196106,0.29875901341438293,-0.12621155381202698,0.9915130734443665,0.535116970539093,0.2970115840435028,-0.126284658908844,0.9927510023117065,0.5244646668434143,0.28732356429100037,-0.022697128355503082,0.9585378766059875,0.5247306823730469,0.2884431481361389,-0.19005373120307922,0.987429141998291,0.5224294662475586,0.31629130244255066,-0.07254252582788467,0.9868738651275635,0.5220090746879578,0.3156013786792755,-0.12136223167181015,0.9941420555114746,0.4726448059082031,0.30460962653160095,0.08794672042131424,0.9981123208999634,0.48176392912864685,0.31462162733078003,-0.260579377412796,0.9999284148216248,0.4519614279270172,0.3953026533126831,0.12268714606761932,0.30292028188705444,0.46029892563819885,0.406542032957077,-0.3057839274406433,0.9775415658950806,0.4617752432823181,0.47689035534858704,0.0634395107626915,0.37229031324386597,0.47222620248794556,0.4909723997116089,-0.26524993777275085,0.9443385004997253,0.46440091729164124,0.50339674949646,0.06575886905193329,0.348861962556839,0.47317615151405334,0.5160929560661316,-0.29674604535102844,0.9252962470054626,0.4705136716365814,0.5028653740882874,0.03913817182183266,0.3636349141597748,0.4776405394077301,0.5133436322212219,-0.2824871242046356,0.9214751720428467,0.46901828050613403,0.49396416544914246,0.049048006534576416,0.3576732575893402,0.47628942131996155,0.504816472530365,-0.2577531933784485,0.8648602962493896,0.4093402326107025,0.4696750044822693,0.1129814013838768,0.9979432821273804,0.4166354537010193,0.4775635302066803,-0.11309057474136353,0.998799204826355,0.4255076050758362,0.5869436860084534,0.23071864247322083,0.5333126783370972,0.44016462564468384,0.601089358329773,-0.020094025880098343,0.9873948693275452,0.40685543417930603,0.7018287181854248,0.37496501207351685,0.7289004325866699,0.42585983872413635,0.7230985760688782,0.09141610562801361,0.9893113374710083,0.39617279171943665,0.7208173274993896,0.3855498731136322,0.7174042463302612,0.41107186675071716,0.7420368790626526,0.09822498261928558,0.9512871503829956,0.44561561942100525,0.7243370413780212,0.34609541296958923,0.8652380108833313,0.46796107292175293,0.7397447228431702,0.03327855095267296,0.9869093298912048
148,0.5358635783195496,0.31659334897994995,-0.0851375013589859,0.9932806491851807,0.5397800207138062,0.30442896485328674,-0.07228642702102661,0.9870003461837769,0.5391942858695984,0.30294570326805115,-0.07229717075824738,0.9861665368080139,0.5384947657585144,0.30126041173934937,-0.07229679077863693,0.9885023832321167,0.5399085283279419,0.3041726052761078,-0.10831312090158463,0.9910496473312378,0.5394938588142395,0.30268222093582153,-0.10833980143070221,0.9911671876907349,0.538948655128479,0.3010123372077942,-0.10841543972492218,0.9925405383110046,0.5283613801002502,0.29216620326042175,-0.007849486544728279,0.9574539065361023,0.529228150844574,0.2930726408958435,-0.17119456827640533,0.987299919128418,0.5268001556396484,0.3203052282333374,-0.0565713532269001,0.986316442489624,0.5265689492225647,0.3195817768573761,-0.10422621667385101,0.9939640164375305,0.4765397012233734,0.30526411533355713,0.09887523949146271,0.9980189800262451,0.4890131950378418,0.31687822937965393,-0.24260127544403076,0.9999297857284546,0.45154619216918945,0.3954237997531891,0.13290055096149445,0.2755824029445648,0.46155470609664917,0.4076683223247528,-0.2798030972480774,0.9767938256263733,0.4619913697242737,0.4756627678871155,0.07588456571102142,0.3407759368419647,0.47767990827560425,0.4906988739967346,-0.2353345900774002,0.9412897825241089,0.465162456035614,0.5020895004272461,0.07844215631484985,0.3215884268283844,0.4774703085422516,0.5162137150764465,-0.26380160450935364,0.9220005869865417,0.4710165560245514,0.5019956827163696,0.0525226816534996,0.33514338731765747,0.4833472669124603,0.5134661197662354,-0.24963244795799255,0.9177380800247192,0.4701088070869446,0.49556732177734375,0.06180287525057793,0.329828143119812,0.48289456963539124,0.5035701394081116,-0.22777116298675537,0.85944002866745,0.4121069014072418,0.47047945857048035,0.11212123930454254,0.997776210308075,0.42221736907958984,0.48040518164634705,-0.1122245341539383,0.9987473487854004,0.4300687909126282,0.5875579118728638,0.2232683151960373,0.5061894059181213,0.4455619752407074,0.6050577163696289,-0.022072704508900642,0.9874902963638306,0.407296359539032,0.7008720636367798,0.3610767722129822,0.7088562846183777,0.42678576707839966,0.7241619825363159,0.0856836661696434,0.9890929460525513,0.3968814015388489,0.7225338816642761,0.37108027935028076,0.7019446492195129,0.41136473417282104,0.7437199950218201,0.09249207377433777,0.952990710735321,0.446613073348999,0.7264830470085144,0.3319200277328491,0.854489803314209,0.4681074023246765,0.7406538724899292,0.03164796903729439,0.9866383671760559
149,0.5415042638778687,0.32082948088645935,-0.09191105514764786,0.9931052923202515,0.545214831829071,0.3083683252334595,-0.07895965874195099,0.9870304465293884,0.5447103977203369,0.3070082664489746,-0.07896176725625992,0.9862014651298523,0.5440763831138611,0.3054563105106354,-0.07896451652050018,0.9885551929473877,0.5451711416244507,0.30789560079574585,-0.11492530256509781,0.9908869862556458,0.5447381734848022,0.30640655755996704,-0.1149529218673706,0.9909266829490662,0.5441747903823853,0.30478161573410034,-0.11502467095851898,0.9924070835113525,0.5339290499687195,0.29703909158706665,-0.012492715381085873,0.9576027393341064,0.5346131324768066,0.2974242568016052,-0.17549078166484833,0.9873013496398926,0.5325835943222046,0.3251560628414154,-0.06249823421239853,0.9859016537666321,0.5322617292404175,0.32425767183303833,-0.11003746837377548,0.9938563704490662,0.4841534197330475,0.31118813157081604,0.09471167623996735,0.9979722499847412,0.49402719736099243,0.32002687454223633,-0.24198409914970398,0.9999301433563232,0.4518485963344574,0.39823880791664124,0.13228926062583923,0.25124508142471313,0.4593115746974945,0.4079078435897827,-0.2777708172798157,0.9757680296897888,0.4659947454929352,0.4776865541934967,0.07174042612314224,0.3137649595737457,0.4856465458869934,0.48963117599487305,-0.23720040917396545,0.9389557838439941,0.469010591506958,0.501242458820343,0.07236422598361969,0.2992810010910034,0.4889075756072998,0.5155322551727295,-0.26597198843955994,0.9197980165481567,0.47758498787879944,0.5012518763542175,0.04592251032590866,0.3118349313735962,0.4987204074859619,0.5046623945236206,-0.2525155544281006,0.9152176976203918,0.47593992948532104,0.49477866291999817,0.05727493762969971,0.3069828152656555,0.4962543845176697,0.49608418345451355,-0.22987428307533264,0.8555089235305786,0.41781044006347656,0.4735921323299408,0.11166413873434067,0.9975521564483643,0.42763805389404297,0.48334988951683044,-0.1117582693696022,0.9986869692802429,0.4356013238430023,0.5887559056282043,0.2284400910139084,0.48479369282722473,0.4488579332828522,0.6077139377593994,-0.021373005583882332,0.9876096844673157,0.4081485867500305,0.700631320476532,0.3700648546218872,0.6929523348808289,0.4262878894805908,0.7236363291740417,0.08944137394428253,0.988783061504364,0.39819973707199097,0.7210132479667664,0.3804277777671814,0.6902995705604553,0.4101700782775879,0.7433910965919495,0.09721773862838745,0.9542937874794006,0.4482589662075043,0.7261529564857483,0.34453085064888,0.8457038998603821,0.4653312563896179,0.7408866882324219,0.03962551802396774,0.9862627983093262
150,0.5465375185012817,0.3266139626502991,-0.05956224724650383,0.992857038974762,0.5497885942459106,0.31372392177581787,-0.046620577573776245,0.9869126081466675,0.5492767095565796,0.3123994469642639,-0.046627502888441086,0.9860259890556335,0.5486608147621155,0.31086215376853943,-0.04662630707025528,0.9884293079376221,0.5498570203781128,0.31331270933151245,-0.08122871816158295,0.990574836730957,0.5495038032531738,0.3118848502635956,-0.08125905692577362,0.990516722202301,0.5490132570266724,0.31033995747566223,-0.0813349187374115,0.9922029376029968,0.5389664769172668,0.30304670333862305,0.015918102115392685,0.9574158191680908,0.5397648215293884,0.3037572503089905,-0.14043481647968292,0.9873837828636169,0.5378739833831787,0.33169466257095337,-0.031991321593523026,0.9852501749992371,0.5376777648925781,0.33081918954849243,-0.07753074914216995,0.9936010837554932,0.489541232585907,0.3179144263267517,0.11575143039226532,0.997957170009613,0.5027332901954651,0.3286019563674927,-0.21108028292655945,0.9999298453330994,0.4576433300971985,0.399892121553421,0.14788271486759186,0.22864514589309692,0.46787649393081665,0.4121353030204773,-0.2380346804857254,0.9740129113197327,0.47097262740135193,0.4770945608615875,0.08471144735813141,0.2874024510383606,0.4921252727508545,0.48943087458610535,-0.17445680499076843,0.9321149587631226,0.47287386655807495,0.4966374933719635,0.08338998258113861,0.27675411105155945,0.4970007538795471,0.5075421333312988,-0.1976727545261383,0.9124059677124023,0.48151785135269165,0.4962970018386841,0.05985640734434128,0.28822576999664307,0.5063689947128296,0.49552667140960693,-0.18491016328334808,0.9073689579963684,0.4803253710269928,0.49003395438194275,0.071166031062603,0.28388530015945435,0.5030567049980164,0.4897194802761078,-0.16683520376682281,0.84563809633255,0.42142072319984436,0.47854214906692505,0.1106100082397461,0.9974614381790161,0.43496328592300415,0.48842498660087585,-0.11067547649145126,0.9986312389373779,0.437948614358902,0.5905572175979614,0.22304050624370575,0.4711843430995941,0.4551706314086914,0.6115460991859436,-0.011544741690158844,0.9875965118408203,0.4077860414981842,0.6995065212249756,0.36977502703666687,0.6865915656089783,0.4273345470428467,0.7227073311805725,0.11541358381509781,0.9882403612136841,0.3977510333061218,0.7184097170829773,0.37794941663742065,0.6868522763252258,0.41202133893966675,0.7417844533920288,0.1260835826396942,0.9546630382537842,0.4481537938117981,0.7269123196601868,0.3335409462451935,0.8414095640182495,0.4644482731819153,0.740553617477417,0.07925902307033539,0.9856724143028259
151,0.5501331090927124,0.3338392972946167,-0.025259366258978844,0.9928519129753113,0.5523780584335327,0.3210228681564331,-0.014546284452080727,0.9871195554733276,0.551681399345398,0.31952619552612305,-0.014565405435860157,0.9861769080162048,0.5508837699890137,0.3178688883781433,-0.014570456929504871,0.9885976910591125,0.5528854727745056,0.32148507237434387,-0.04739222303032875,0.9906224608421326,0.5525932312011719,0.32037749886512756,-0.04741552099585533,0.9904702305793762,0.5521858930587769,0.31917625665664673,-0.047492917627096176,0.9922605752944946,0.5414970517158508,0.31045860052108765,0.036440227180719376,0.9583716988563538,0.5435255765914917,0.3132616877555847,-0.1111256331205368,0.9876406788825989,0.541795015335083,0.33846864104270935,-0.0017278222367167473,0.984920859336853,0.5422824621200562,0.3383234739303589,-0.04472881555557251,0.9934180974960327,0.4931011199951172,0.32366669178009033,0.13322871923446655,0.9979717135429382,0.5130057334899902,0.33871564269065857,-0.1913442760705948,0.9999316930770874,0.46451911330223083,0.4040350914001465,0.16335849463939667,0.20815183222293854,0.4811685085296631,0.4194667637348175,-0.21945372223854065,0.9729698896408081,0.4792313575744629,0.47641676664352417,0.114122673869133,0.26259586215019226,0.4984256625175476,0.49426841735839844,-0.15503868460655212,0.9246007800102234,0.47986188530921936,0.4952841103076935,0.117555633187294,0.25468164682388306,0.5053903460502625,0.5128104090690613,-0.17616741359233856,0.9033825993537903,0.48809415102005005,0.49535778164863586,0.09621740877628326,0.2650793492794037,0.5116292834281921,0.5031072497367859,-0.16168631613254547,0.8976902961730957,0.48756641149520874,0.4894604980945587,0.10212631523609161,0.2613329291343689,0.5078333020210266,0.4975673258304596,-0.14688792824745178,0.8333651423454285,0.4216795861721039,0.4822724461555481,0.10997901856899261,0.9975267648696899,0.4410218298435211,0.49018898606300354,-0.11007479578256607,0.9986677765846252,0.43982353806495667,0.5898656249046326,0.2345477044582367,0.4588552713394165,0.4611660838127136,0.6127557158470154,-0.004721477627754211,0.9878546595573425,0.40787774324417114,0.6947931051254272,0.36751943826675415,0.6860649585723877,0.4285762906074524,0.7222764492034912,0.0992819145321846,0.9884039163589478,0.3980126976966858,0.7113741636276245,0.3714214861392975,0.6874277591705322,0.4137430191040039,0.7407768368721008,0.10765917599201202,0.9562283754348755,0.4442705512046814,0.725439190864563,0.332425594329834,0.841218113899231,0.464788019657135,0.7405319809913635,0.05955030769109726,0.9859023094177246
152,0.5532475709915161,0.34163203835487366,-0.002851514844223857,0.9929710626602173,0.5544471740722656,0.32847559452056885,0.0077078677713871,0.9872251152992249,0.5535510182380676,0.32676735520362854,0.007671068422496319,0.9862929582595825,0.5525389909744263,0.32497701048851013,0.007654464803636074,0.9887090921401978,0.5552331209182739,0.3293149173259735,-0.02491489239037037,0.990700900554657,0.554986834526062,0.328378289937973,-0.024923888966441154,0.9905552864074707,0.5546316504478455,0.32741567492485046,-0.025002429261803627,0.9923272132873535,0.5434069037437439,0.31780320405960083,0.05750475078821182,0.9589657187461853,0.5467995405197144,0.3220389485359192,-0.0886349156498909,0.9877336025238037,0.5451967716217041,0.3454776406288147,0.020549055188894272,0.9842277765274048,0.5460020303726196,0.3457866609096527,-0.02220502309501171,0.9929517507553101,0.4984915256500244,0.3325851559638977,0.15177074074745178,0.9979008436203003,0.5207473039627075,0.3470923602581024,-0.17395353317260742,0.9999314546585083,0.4769529402256012,0.41342926025390625,0.198658287525177,0.1901078224182129,0.4949862062931061,0.4237450659275055,-0.21456222236156464,0.972837507724762,0.4957575798034668,0.4797542989253998,0.16758178174495697,0.24070078134536743,0.5082560777664185,0.49700620770454407,-0.16734856367111206,0.9215421676635742,0.4977789521217346,0.4960836172103882,0.17708157002925873,0.23538950085639954,0.5138375759124756,0.5142000913619995,-0.18910877406597137,0.8994649648666382,0.5065774917602539,0.49703747034072876,0.1536213457584381,0.24488897621631622,0.5206617116928101,0.5089128613471985,-0.1733459234237671,0.8932814002037048,0.505551278591156,0.4921289086341858,0.15555481612682343,0.2419418841600418,0.5175071954727173,0.5036314129829407,-0.1591189205646515,0.8269979953765869,0.4247676432132721,0.48821768164634705,0.10937491804361343,0.9975641369819641,0.44790634512901306,0.4952006936073303,-0.10952098667621613,0.9986755847930908,0.4420303702354431,0.5905560255050659,0.23260948061943054,0.4625307619571686,0.4652528166770935,0.6170203685760498,-0.003650367259979248,0.9886026978492737,0.4078393578529358,0.694545567035675,0.33977577090263367,0.6919054388999939,0.4284523129463196,0.7235593795776367,0.08317440748214722,0.989109992980957,0.3980807662010193,0.7104520201683044,0.3459819257259369,0.6963019967079163,0.4131701588630676,0.7406055331230164,0.08978450298309326,0.9592726230621338,0.43902793526649475,0.7253139615058899,0.3229716718196869,0.838342547416687,0.4641997814178467,0.7409065365791321,0.045559972524642944,0.9863876700401306
153,0.5548511743545532,0.3481513559818268,0.08129453659057617,0.9935408234596252,0.5551614761352539,0.33525195717811584,0.09010590612888336,0.9882651567459106,0.5540094375610352,0.33344537019729614,0.09006687998771667,0.9873836040496826,0.5527257323265076,0.33155956864356995,0.09004969894886017,0.9896245002746582,0.5568625330924988,0.3368275463581085,0.06033860892057419,0.9914644360542297,0.5568894147872925,0.33618882298469543,0.06030579283833504,0.9913265109062195,0.5567966103553772,0.3355048596858978,0.060207389295101166,0.9929681420326233,0.544186532497406,0.32521775364875793,0.12111010402441025,0.9622994661331177,0.5504089593887329,0.33135709166526794,-0.012406749650835991,0.9886887669563293,0.5471977591514587,0.3513236343860626,0.09682242572307587,0.985109806060791,0.5488716959953308,0.35220590233802795,0.05775820463895798,0.9932624697685242,0.5009630918502808,0.3415752053260803,0.19685670733451843,0.9979820251464844,0.5299838781356812,0.3551922142505646,-0.12129230797290802,0.9999366998672485,0.48492735624313354,0.4318233132362366,0.2320820540189743,0.1751033514738083,0.5131967663764954,0.43289119005203247,-0.1850470006465912,0.9716575145721436,0.49773484468460083,0.4958602488040924,0.2077886313199997,0.22125974297523499,0.5244447588920593,0.5023647546768188,-0.16637501120567322,0.9144213199615479,0.497916042804718,0.5122957825660706,0.21925505995750427,0.2178397923707962,0.5288530588150024,0.5165044069290161,-0.18483658134937286,0.8907321691513062,0.5060098171234131,0.5126698017120361,0.20177671313285828,0.22640126943588257,0.5337381958961487,0.514151394367218,-0.16915065050125122,0.8836507797241211,0.5059674382209778,0.5074543952941895,0.1986602246761322,0.22416241466999054,0.5317795872688293,0.5082318782806396,-0.15870431065559387,0.8149287104606628,0.4251876473426819,0.49294373393058777,0.10834765434265137,0.9977576732635498,0.4554111063480377,0.4997769594192505,-0.10856996476650238,0.9987882375717163,0.4438762664794922,0.5926149487495422,0.2665044665336609,0.46075838804244995,0.47359538078308105,0.6193472146987915,-0.010693897493183613,0.9891507625579834,0.40908464789390564,0.694136917591095,0.3228267729282379,0.7003998160362244,0.43138059973716736,0.7233725190162659,-0.021622179076075554,0.9898452758789062,0.39877790212631226,0.7096626162528992,0.32569125294685364,0.7082305550575256,0.41484951972961426,0.7398781180381775,-0.022545192390680313,0.9622669816017151,0.43246644735336304,0.7245679497718811,0.30666789412498474,0.8345478177070618,0.4653557240962982,0.7424678802490234,-0.06529204547405243,0.9869543313980103
154,0.5565847754478455,0.35283857583999634,0.1520354002714157,0.9941261410713196,0.5569833517074585,0.34088489413261414,0.16010335087776184,0.9893217086791992,0.5555857419967651,0.3390110731124878,0.16007490456104279,0.9885212182998657,0.5541800260543823,0.33720123767852783,0.16006460785865784,0.990559995174408,0.559671938419342,0.3430701792240143,0.13067187368869781,0.9922400712966919,0.5601492524147034,0.34284481406211853,0.13062390685081482,0.9921221733093262,0.5605072975158691,0.3426070213317871,0.13050296902656555,0.9936147332191467,0.5464617013931274,0.3324338495731354,0.17721886932849884,0.9657320976257324,0.5557527542114258,0.34035828709602356,0.046478524804115295,0.9897011518478394,0.5489875078201294,0.35632696747779846,0.1620064079761505,0.9862169623374939,0.5517581105232239,0.35789549350738525,0.12352194637060165,0.9936878085136414,0.5000470876693726,0.3512851893901825,0.23792460560798645,0.9980946183204651,0.540373682975769,0.36627280712127686,-0.07987099140882492,0.9999421238899231,0.48887762427330017,0.44084373116493225,0.28166520595550537,0.16270631551742554,0.527286171913147,0.44737187027931213,-0.10425546020269394,0.9719643592834473,0.5015785098075867,0.5013455748558044,0.27150624990463257,0.20320168137550354,0.5404559373855591,0.5133521556854248,-0.014348059892654419,0.9074566960334778,0.5005823373794556,0.5171252489089966,0.28577905893325806,0.2010721117258072,0.5430250763893127,0.5242108106613159,-0.018485812470316887,0.8796461820602417,0.5074176788330078,0.5167214274406433,0.27195852994918823,0.20881737768650055,0.5451177358627319,0.521001935005188,-0.00704193115234375,0.8719061017036438,0.5085610151290894,0.5120513439178467,0.26402467489242554,0.2073190063238144,0.5444506406784058,0.5165088772773743,-0.006021079607307911,0.800715446472168,0.4288032650947571,0.4968867003917694,0.1076262965798378,0.9979485273361206,0.4614276885986328,0.5071183443069458,-0.10790131986141205,0.998893141746521,0.443523108959198,0.5953642129898071,0.25661998987197876,0.47994324564933777,0.4785567820072174,0.6214644908905029,-0.010909528471529484,0.9898260831832886,0.40934300422668457,0.6941435933113098,0.26895666122436523,0.7093464732170105,0.4307824671268463,0.723302960395813,-0.045499660074710846,0.9904007911682129,0.39885109663009644,0.7107319235801697,0.27085408568382263,0.7222579121589661,0.41422492265701294,0.7395659685134888,-0.04731820896267891,0.9651049375534058,0.42884963750839233,0.7178676724433899,0.2577941417694092,0.8220221996307373,0.4649125039577484,0.7426641583442688,-0.08255791664123535,0.9865912795066833
155,0.5580319166183472,0.35790184140205383,0.2900223731994629,0.9946232438087463,0.5589259266853333,0.34682366251945496,0.29230695962905884,0.9902240633964539,0.557653546333313,0.34506574273109436,0.2923232913017273,0.9895329475402832,0.5563351511955261,0.3432735502719879,0.2923569679260254,0.9913530945777893,0.5621153116226196,0.34939664602279663,0.26797568798065186,0.9928985238075256,0.5630892515182495,0.3495677411556244,0.26788461208343506,0.9928233027458191,0.5639995336532593,0.34968385100364685,0.2677507698535919,0.9941691756248474,0.5499079823493958,0.3395482003688812,0.2778959572315216,0.9688270688056946,0.5605639815330505,0.3484141528606415,0.17071498930454254,0.9906179308891296,0.5512847304344177,0.3615839183330536,0.28813207149505615,0.9871885180473328,0.5544146299362183,0.3638121783733368,0.256452739238739,0.9940026998519897,0.5038850903511047,0.35820767283439636,0.3176267445087433,0.9982395172119141,0.5485285520553589,0.3776843249797821,0.028316998854279518,0.9999471306800842,0.4959586262702942,0.4493674337863922,0.3552877902984619,0.14999261498451233,0.5488131046295166,0.47163018584251404,0.057855088263750076,0.9720368385314941,0.5058814287185669,0.5047183036804199,0.34574052691459656,0.18791568279266357,0.5554389357566833,0.5200794339179993,0.23223558068275452,0.8856276273727417,0.5027083158493042,0.5200321078300476,0.3583054542541504,0.1881398856639862,0.5609589219093323,0.527155339717865,0.24191026389598846,0.8524004817008972,0.5084396600723267,0.5184539556503296,0.35011985898017883,0.19545550644397736,0.5629063248634338,0.522860586643219,0.25015002489089966,0.8434262275695801,0.5111925005912781,0.5138780474662781,0.3404020667076111,0.193898007273674,0.5604940056800842,0.5202735662460327,0.24142427742481232,0.7728053331375122,0.43298038840293884,0.5019997954368591,0.1051691323518753,0.9981315732002258,0.46621066331863403,0.5125746130943298,-0.10549187660217285,0.9989866018295288,0.44492021203041077,0.5989420413970947,0.1984035074710846,0.5034043788909912,0.4825780987739563,0.6252410411834717,-0.011125593446195126,0.9903426170349121,0.40926772356033325,0.6955900192260742,0.197965607047081,0.7216382026672363,0.43001824617385864,0.7248715758323669,-0.03215017914772034,0.9905890226364136,0.39872267842292786,0.713166356086731,0.19530931115150452,0.7398238182067871,0.41414403915405273,0.7400762438774109,-0.035533204674720764,0.967634916305542,0.42825227975845337,0.7045612931251526,0.1830882877111435,0.8132214546203613,0.46483927965164185,0.7427431344985962,-0.06999418884515762,0.9844281077384949
156,0.5618366003036499,0.36937376856803894,0.32374757528305054,0.9949697852134705,0.5629913806915283,0.35825157165527344,0.3227229118347168,0.9908634424209595,0.5617138743400574,0.356504887342453,0.32273709774017334,0.9903246760368347,0.5604265332221985,0.35470613837242126,0.3227616548538208,0.991911768913269,0.5663924813270569,0.3609755337238312,0.3012130856513977,0.9933207035064697,0.5675259232521057,0.3613305389881134,0.3011210560798645,0.993345320224762,0.5686231255531311,0.36156466603279114,0.30098748207092285,0.9945402145385742,0.5546430349349976,0.35053977370262146,0.29286447167396545,0.9714195132255554,0.5661281943321228,0.359775185585022,0.19804754853248596,0.9913204312324524,0.5554136037826538,0.3725520074367523,0.31601324677467346,0.987744152545929,0.5590272545814514,0.3749270737171173,0.2878665328025818,0.9939356446266174,0.5071229338645935,0.3634199798107147,0.32449236512184143,0.9983707070350647,0.5565409064292908,0.3886176347732544,0.05331757664680481,0.9999513030052185,0.49643415212631226,0.45270994305610657,0.376417338848114,0.1377522349357605,0.5579615831375122,0.4851284325122833,0.09509111195802689,0.9712459444999695,0.5024279356002808,0.505054771900177,0.4028826653957367,0.1727992445230484,0.5630650520324707,0.5284472107887268,0.28453078866004944,0.8520867824554443,0.4985275864601135,0.5199218392372131,0.4207800328731537,0.17494642734527588,0.5723792314529419,0.5366812944412231,0.29819780588150024,0.8152669072151184,0.5043616890907288,0.5182543396949768,0.41409382224082947,0.1818135678768158,0.5703939199447632,0.5330358743667603,0.30499133467674255,0.8054824471473694,0.507247805595398,0.5137694478034973,0.3993653357028961,0.18019405007362366,0.5648795366287231,0.5266307592391968,0.2933347225189209,0.7367835640907288,0.43647271394729614,0.5057379603385925,0.10011141002178192,0.9983008503913879,0.4695344865322113,0.5178642272949219,-0.10044097900390625,0.9990655779838562,0.4414340555667877,0.5976600050926208,0.15716969966888428,0.52569979429245,0.48858433961868286,0.6250091791152954,-0.012091139331459999,0.9907516241073608,0.40987715125083923,0.6988466382026672,0.1321842074394226,0.7336851954460144,0.43010368943214417,0.7245121002197266,-0.03520510718226433,0.9903106689453125,0.39892512559890747,0.7182683944702148,0.12605437636375427,0.7568236589431763,0.4145309329032898,0.7400180697441101,-0.039032332599163055,0.9694309830665588,0.42979782819747925,0.7094031572341919,0.11436394602060318,0.8057416677474976,0.4648391306400299,0.7426006197929382,-0.06406675279140472,0.9806616902351379
157,0.5648186802864075,0.38232237100601196,0.35693907737731934,0.9953107833862305,0.5652574896812439,0.37191832065582275,0.35708150267601013,0.991489827632904,0.5637430548667908,0.3703709840774536,0.3571031987667084,0.9910724759101868,0.5623377561569214,0.36876827478408813,0.35712283849716187,0.9924555420875549,0.569324254989624,0.3741402328014374,0.3349522650241852,0.9937464594841003,0.5705832242965698,0.37434518337249756,0.3348638117313385,0.9938502311706543,0.5718599557876587,0.37449952960014343,0.3347322642803192,0.9949082732200623,0.556965708732605,0.3643719553947449,0.3263237178325653,0.9738759994506836,0.570236086845398,0.3724299967288971,0.22918471693992615,0.9920197129249573,0.5585857033729553,0.38509461283683777,0.3482462465763092,0.9884286522865295,0.5630608797073364,0.3871345520019531,0.3193363845348358,0.9940258264541626,0.5104604363441467,0.37486663460731506,0.3514743447303772,0.9984972476959229,0.5643504858016968,0.4003622233867645,0.07293701171875,0.9999552369117737,0.5009384155273438,0.4548552334308624,0.39472684264183044,0.12775453925132751,0.5660487413406372,0.49396198987960815,0.09942599385976791,0.9728073477745056,0.5115164518356323,0.5233391523361206,0.4075189232826233,0.16245558857917786,0.5684337019920349,0.5444311499595642,0.2778697609901428,0.8455445766448975,0.5078104734420776,0.5382404923439026,0.4246521592140198,0.16722014546394348,0.5720069408416748,0.5567685961723328,0.29129472374916077,0.8035667538642883,0.5136988759040833,0.537635087966919,0.41751188039779663,0.17391909658908844,0.5727074146270752,0.554581880569458,0.300035685300827,0.7931434512138367,0.5166522860527039,0.5330601930618286,0.4030979573726654,0.1720549613237381,0.5705576539039612,0.5502729415893555,0.287454754114151,0.7246173024177551,0.441000372171402,0.5117382407188416,0.09680719673633575,0.998460054397583,0.4743201732635498,0.5230001211166382,-0.09713442623615265,0.9991394281387329,0.44270357489585876,0.6027541756629944,0.10312076658010483,0.555139422416687,0.4955657422542572,0.6271653771400452,-0.030912628397345543,0.9911746978759766,0.40984368324279785,0.7038099765777588,0.04228081554174423,0.7480642795562744,0.4331786036491394,0.7218199372291565,-0.08310659229755402,0.9897106289863586,0.3987925052642822,0.7226404547691345,0.03183429315686226,0.7739751935005188,0.41702404618263245,0.7348902821540833,-0.0902426540851593,0.9708244204521179,0.4300559461116791,0.7286725640296936,0.010995850898325443,0.7994892597198486,0.46487540006637573,0.7428911328315735,-0.11600782722234726,0.9754142165184021
158,0.5681997537612915,0.39331018924713135,0.39182043075561523,0.9951398968696594,0.5679665803909302,0.383391410112381,0.38820725679397583,0.9911667704582214,0.5663653016090393,0.38205644488334656,0.3882361054420471,0.9909883141517639,0.5648452043533325,0.38061773777008057,0.38825082778930664,0.9920464158058167,0.5722646117210388,0.38538381457328796,0.36944594979286194,0.9934895634651184,0.573654294013977,0.38561204075813293,0.36935994029045105,0.993873119354248,0.5751150846481323,0.38579925894737244,0.3692200183868408,0.9948024153709412,0.5597158074378967,0.37694448232650757,0.3437812328338623,0.9749742150306702,0.5741661190986633,0.38404205441474915,0.2623419761657715,0.9922958016395569,0.5621868371963501,0.3960033059120178,0.37807583808898926,0.9878299832344055,0.5671307444572449,0.3979099988937378,0.3537824749946594,0.9930023550987244,0.5154157876968384,0.38568297028541565,0.3666898012161255,0.9985588788986206,0.5724279284477234,0.4108785092830658,0.09873681515455246,0.9999579191207886,0.5147784948348999,0.476575642824173,0.4207993447780609,0.11741472035646439,0.576280951499939,0.5045562386512756,0.1419479250907898,0.9738214015960693,0.5251063108444214,0.5313774943351746,0.4581557810306549,0.1514161378145218,0.5788251757621765,0.5554216504096985,0.34625259041786194,0.8321304321289062,0.5210415124893188,0.545045018196106,0.47684305906295776,0.15849316120147705,0.5785634517669678,0.5700988173484802,0.36583060026168823,0.785689115524292,0.5275665521621704,0.5432301163673401,0.4728318154811859,0.16485971212387085,0.578455924987793,0.567837119102478,0.37229421734809875,0.7742570638656616,0.5303481221199036,0.5390976667404175,0.4555692672729492,0.16286663711071014,0.5772989988327026,0.5629264116287231,0.3558828830718994,0.7080151438713074,0.4468727111816406,0.5151897668838501,0.09337736666202545,0.9985982775688171,0.48075222969055176,0.5261089205741882,-0.09371919184923172,0.9991937875747681,0.4451824128627777,0.6035089492797852,0.09249497205018997,0.5811667442321777,0.5028203725814819,0.629881739616394,-0.03845806419849396,0.9913284778594971,0.4097302556037903,0.7048580050468445,0.0075677381828427315,0.7595207691192627,0.43437498807907104,0.7192092537879944,-0.10272301733493805,0.9881953001022339,0.3982320725917816,0.7228993773460388,-0.00599618349224329,0.789269745349884,0.4185444712638855,0.7302109003067017,-0.11071004718542099,0.9712939262390137,0.427468478679657,0.7378368377685547,-0.02392936311662197,0.7886775732040405,0.464311420917511,0.743769645690918,-0.1294066160917282,0.9661571979522705
159,0.5741559267044067,0.4022756814956665,0.4251011908054352,0.9945887923240662,0.5732490420341492,0.392625629901886,0.4229587912559509,0.9901309609413147,0.5714066028594971,0.3913722038269043,0.4229932427406311,0.9902228713035583,0.569614827632904,0.39004966616630554,0.4230157434940338,0.9909348487854004,0.5778673887252808,0.3946947753429413,0.40350061655044556,0.9928691983222961,0.5793237090110779,0.39506304264068604,0.4034208357334137,0.9936286807060242,0.5808560848236084,0.39548489451408386,0.40327563881874084,0.9944734573364258,0.5641579627990723,0.3871963918209076,0.38182714581489563,0.9752780795097351,0.5800622701644897,0.3946358263492584,0.29736557602882385,0.9923399686813354,0.5677176713943481,0.40569788217544556,0.411954402923584,0.9864721894264221,0.5732882618904114,0.4077853858470917,0.3867553770542145,0.9915017485618591,0.5218088626861572,0.39639320969581604,0.395851194858551,0.998559832572937,0.5806838274002075,0.4221687316894531,0.13012351095676422,0.9999595880508423,0.5260306596755981,0.48497146368026733,0.45049721002578735,0.1075470894575119,0.585960865020752,0.5100200176239014,0.16137029230594635,0.9747028350830078,0.5372608304023743,0.5360286831855774,0.49263668060302734,0.1411784142255783,0.5920554399490356,0.5651310682296753,0.35510343313217163,0.8224469423294067,0.5330001711845398,0.5483078360557556,0.5108740925788879,0.15069548785686493,0.5894266366958618,0.5840927362442017,0.37321221828460693,0.7743275761604309,0.5402291417121887,0.5459480881690979,0.5073627233505249,0.15675903856754303,0.5892874002456665,0.5794953107833862,0.3796102702617645,0.7617145776748657,0.5431435108184814,0.5427715182304382,0.4902271330356598,0.1546652615070343,0.5879798531532288,0.57381272315979,0.3646007180213928,0.6969411373138428,0.4531990885734558,0.5203782320022583,0.09028054028749466,0.998719334602356,0.4872819483280182,0.5326257348060608,-0.09061415493488312,0.9992338418960571,0.44520384073257446,0.6058356761932373,0.08846337348222733,0.6168445348739624,0.5070481300354004,0.6361645460128784,-0.040840327739715576,0.9918443560600281,0.4064860939979553,0.7041620016098022,-0.005623617209494114,0.7755808234214783,0.43552637100219727,0.718284547328949,-0.12112293392419815,0.9878019094467163,0.3953855037689209,0.722496747970581,-0.020856596529483795,0.8065373301506042,0.4204455316066742,0.728130578994751,-0.13157455623149872,0.972842276096344,0.4203881621360779,0.7367980480194092,-0.03835699334740639,0.7838917374610901,0.46404534578323364,0.7437913417816162,-0.1515478938817978,0.9597970247268677
160,0.5791316032409668,0.4159783720970154,0.4329637587070465,0.9941608905792236,0.5780311822891235,0.4057416319847107,0.4313148856163025,0.9894376993179321,0.5759583711624146,0.4040547311306,0.4313655495643616,0.9895309805870056,0.573918879032135,0.40235787630081177,0.43140119314193726,0.9902282357215881,0.5833788514137268,0.4089241027832031,0.4113292098045349,0.9924966096878052,0.5851286053657532,0.4095916152000427,0.4112637937068939,0.9934297204017639,0.586938738822937,0.4102686047554016,0.41111207008361816,0.994297206401825,0.5683947205543518,0.39929112792015076,0.388526976108551,0.9756001830101013,0.5870420336723328,0.4095402956008911,0.3006943464279175,0.9922868609428406,0.5725882053375244,0.4181908369064331,0.41866379976272583,0.9852712154388428,0.5788103938102722,0.42101430892944336,0.3926730751991272,0.990219235420227,0.5268579125404358,0.40670907497406006,0.38787519931793213,0.9985387325286865,0.587436318397522,0.4367447793483734,0.1352313607931137,0.9999602437019348,0.5176154971122742,0.4852999448776245,0.4505165219306946,0.0999230220913887,0.5909623503684998,0.5227956175804138,0.15638384222984314,0.9757885932922363,0.533715546131134,0.5328802466392517,0.5147407650947571,0.13071629405021667,0.5927885174751282,0.5775469541549683,0.3429071307182312,0.8084294199943542,0.531288743019104,0.5439755916595459,0.5342082977294922,0.1417248547077179,0.5921066999435425,0.5947642922401428,0.36379268765449524,0.7568850517272949,0.5402785539627075,0.5425150394439697,0.53402179479599,0.147261843085289,0.5897225141525269,0.5918684005737305,0.3712059259414673,0.7429019808769226,0.5423088073730469,0.5398188233375549,0.5141597390174866,0.14550375938415527,0.5883361101150513,0.5858021378517151,0.35302066802978516,0.6794924139976501,0.4609934687614441,0.5322293043136597,0.08569222688674927,0.9988301396369934,0.4954555034637451,0.5458999872207642,-0.08608455210924149,0.9992703795433044,0.4459274411201477,0.6093562841415405,0.09612758457660675,0.6480867862701416,0.513457179069519,0.6417214274406433,-0.022785721346735954,0.9921775460243225,0.40023064613342285,0.7035983204841614,-0.01776549592614174,0.7898468971252441,0.43990325927734375,0.7180607318878174,-0.1133723109960556,0.9870511293411255,0.3898898661136627,0.7210404276847839,-0.03465119004249573,0.8221121430397034,0.42495447397232056,0.727042019367218,-0.12490300834178925,0.9739785194396973,0.4142580032348633,0.7347427606582642,-0.04467617720365524,0.7796156406402588,0.46461033821105957,0.7437401413917542,-0.13283073902130127,0.95313960313797
161,0.5835549831390381,0.42357686161994934,0.42039886116981506,0.9945472478866577,0.5819418430328369,0.41448646783828735,0.4137803912162781,0.9902143478393555,0.5797404646873474,0.4129290282726288,0.4138358533382416,0.9902907013893127,0.5775663256645203,0.4114413559436798,0.4138832688331604,0.9909194707870483,0.5877197980880737,0.41773146390914917,0.3984912037849426,0.9930557012557983,0.5896285176277161,0.41853567957878113,0.3984464704990387,0.993931233882904,0.5916297435760498,0.4194437563419342,0.39829713106155396,0.9947278499603271,0.5724553465843201,0.4106270968914032,0.3600049912929535,0.9777381420135498,0.592307448387146,0.42034342885017395,0.2928015887737274,0.9929206967353821,0.5772483944892883,0.42620429396629333,0.4027338922023773,0.9862047433853149,0.5842947959899902,0.42904093861579895,0.3829044699668884,0.9907925128936768,0.5312061905860901,0.4224311411380768,0.3467300832271576,0.9986279606819153,0.594275951385498,0.45358413457870483,0.13727864623069763,0.9999628067016602,0.49480897188186646,0.47310492396354675,0.4289902150630951,0.10150552541017532,0.6003788709640503,0.5321952700614929,0.1560947448015213,0.9779250025749207,0.5314512848854065,0.5233181118965149,0.5357657670974731,0.12069455534219742,0.5981849431991577,0.5945547223091125,0.32720959186553955,0.8087518215179443,0.5303196310997009,0.5303055047988892,0.559085488319397,0.13185183703899384,0.5970245599746704,0.6117513179779053,0.3483070731163025,0.7503211498260498,0.5355568528175354,0.5316295623779297,0.5603034496307373,0.13679097592830658,0.5920803546905518,0.6082945466041565,0.35512223839759827,0.7357367277145386,0.5384379625320435,0.5304349064826965,0.5381089448928833,0.1356782168149948,0.5908753275871277,0.6013084053993225,0.33734530210494995,0.6748546957969666,0.4671356678009033,0.5438320636749268,0.072197824716568,0.9989424347877502,0.5005279779434204,0.5655314326286316,-0.07271064817905426,0.9993331432342529,0.4454437792301178,0.6139598488807678,0.09833665192127228,0.6811917424201965,0.5204205513000488,0.649001955986023,0.009357462637126446,0.9926129579544067,0.38781362771987915,0.7035366296768188,-0.014298036694526672,0.8081551194190979,0.44437375664711,0.7178717255592346,-0.08339034020900726,0.9872281551361084,0.3775780498981476,0.7206156253814697,-0.030197685584425926,0.83865886926651,0.428821325302124,0.7253206372261047,-0.0933486744761467,0.9756215810775757,0.39875727891921997,0.7142778635025024,-0.0304403193295002,0.7886306643486023,0.46525612473487854,0.7437188029289246,-0.11897377669811249,0.951335608959198
162,0.5879417657852173,0.4397057294845581,0.41698822379112244,0.9947555661201477,0.5863168835639954,0.4316022992134094,0.41057324409484863,0.9907857775688171,0.5841046571731567,0.4301174581050873,0.4106117784976959,0.9908468723297119,0.5819111466407776,0.42864739894866943,0.41065508127212524,0.9914023876190186,0.5925202965736389,0.4351401925086975,0.39638930559158325,0.9933984875679016,0.5947734713554382,0.4362030029296875,0.3963598906993866,0.9942368865013123,0.5971632599830627,0.43740835785865784,0.39620307087898254,0.9949716925621033,0.5767403244972229,0.4285856783390045,0.35659557580947876,0.9794881343841553,0.5992749333381653,0.4414656460285187,0.29489582777023315,0.9933555126190186,0.5818468332290649,0.4431197941303253,0.3992425501346588,0.9868940711021423,0.5895869731903076,0.4462829828262329,0.38112112879753113,0.9911714196205139,0.5371986031532288,0.44310930371284485,0.3311273455619812,0.998730480670929,0.6023775339126587,0.48097488284111023,0.1399504393339157,0.9999647736549377,0.49282512068748474,0.4700344204902649,0.39849036931991577,0.12427548319101334,0.6058474779129028,0.5559203028678894,0.1451043337583542,0.9798810482025146,0.5165156126022339,0.5211345553398132,0.4875345826148987,0.11414284259080887,0.5984750986099243,0.6119503378868103,0.2863404154777527,0.811467707157135,0.5167138576507568,0.5316669940948486,0.5058953166007996,0.1252123862504959,0.5950849652290344,0.6252767443656921,0.30055660009384155,0.7453291416168213,0.5204367637634277,0.5355438590049744,0.5062422752380371,0.12945200502872467,0.5873347520828247,0.6197541952133179,0.30769267678260803,0.7299424409866333,0.5227461457252502,0.5337782502174377,0.4891331195831299,0.12887820601463318,0.5869790315628052,0.6138015389442444,0.29546937346458435,0.6715705394744873,0.47237616777420044,0.5547176599502563,0.06447550654411316,0.9990448951721191,0.5074519515037537,0.5846789479255676,-0.06499885022640228,0.9993914365768433,0.44494518637657166,0.6185928583145142,0.10713297128677368,0.7105191349983215,0.52463698387146,0.653191328048706,0.02871530130505562,0.9926825761795044,0.3841969966888428,0.7036212086677551,-0.010457842610776424,0.8252967000007629,0.4490440785884857,0.7176212668418884,-0.07558047771453857,0.9873132109642029,0.37325596809387207,0.7200385928153992,-0.027540167793631554,0.8537956476211548,0.43226170539855957,0.7238419651985168,-0.08752571046352386,0.9772539138793945,0.38710710406303406,0.709157407283783,-0.030335213989019394,0.801479697227478,0.467024564743042,0.7428259253501892,-0.11556826531887054,0.9516202211380005
163,0.5904151201248169,0.4575750231742859,0.40850481390953064,0.993915855884552,0.5888627171516418,0.4497085213661194,0.4021572470664978,0.9899740815162659,0.5863732099533081,0.4478405714035034,0.40219902992248535,0.989922046661377,0.5837929248809814,0.4461531937122345,0.40222781896591187,0.9905593991279602,0.596044659614563,0.4553179144859314,0.3876281976699829,0.9926819205284119,0.5986708402633667,0.45735982060432434,0.3876049816608429,0.9935684204101562,0.6014442443847656,0.4595578908920288,0.3874302804470062,0.9942606687545776,0.5780506134033203,0.4473903775215149,0.34995222091674805,0.979191780090332,0.6035332083702087,0.4665740728378296,0.28635504841804504,0.9925453662872314,0.5840298533439636,0.46074265241622925,0.39127686619758606,0.9849647879600525,0.5926877856254578,0.466639906167984,0.37273773550987244,0.9893205165863037,0.5417226552963257,0.45715978741645813,0.323625385761261,0.9987810850143433,0.6126531958580017,0.5085563659667969,0.13960376381874084,0.9999579191207886,0.49421972036361694,0.47508955001831055,0.3673797845840454,0.16259565949440002,0.6125656962394714,0.5885082483291626,0.13630510866641998,0.9810865521430969,0.5108126401901245,0.5214350819587708,0.4406757950782776,0.1111842691898346,0.5955206155776978,0.6331697106361389,0.26351842284202576,0.7940269708633423,0.5097600221633911,0.5313679575920105,0.45598626136779785,0.1214594841003418,0.5903308987617493,0.64631187915802,0.27597203850746155,0.7163435220718384,0.5153452754020691,0.5343831777572632,0.45623502135276794,0.12504558265209198,0.5828199982643127,0.6399555802345276,0.28302180767059326,0.7003957629203796,0.5176666378974915,0.5327523946762085,0.44154390692710876,0.12447013705968857,0.5828624963760376,0.6343269348144531,0.2719026207923889,0.6449924111366272,0.4799923002719879,0.5656424164772034,0.049617521464824677,0.9991341829299927,0.5206990242004395,0.5995822548866272,-0.050271619111299515,0.9994266033172607,0.4467439651489258,0.6244462132453918,0.11211846768856049,0.7365773320198059,0.5264095067977905,0.660714864730835,0.06674666702747345,0.9891321063041687,0.3801364004611969,0.7067975997924805,-0.031002765521407127,0.8405223488807678,0.4534462094306946,0.7199466228485107,-0.047796446830034256,0.9835463762283325,0.3687790632247925,0.721504807472229,-0.0514286570250988,0.8674095273017883,0.43774399161338806,0.7245163321495056,-0.064916230738163,0.9777241349220276,0.37652140855789185,0.7099015116691589,-0.06200956553220749,0.8092715740203857,0.4620569348335266,0.7433212399482727,-0.06202959269285202,0.9413989782333374
164,0.597307562828064,0.47612401843070984,0.41700249910354614,0.9921697378158569,0.5954957604408264,0.4688693881034851,0.4075230062007904,0.9876641035079956,0.5931195020675659,0.46708717942237854,0.4075406491756439,0.9876009821891785,0.5906761288642883,0.46519824862480164,0.40756088495254517,0.9878312349319458,0.6024329662322998,0.4738103747367859,0.395711213350296,0.9908322095870972,0.6050259470939636,0.47545570135116577,0.3957009017467499,0.9920704960823059,0.6077719926834106,0.4771747589111328,0.3955130875110626,0.9924771785736084,0.58613121509552,0.46486836671829224,0.34406378865242004,0.9775471091270447,0.6099110841751099,0.4823150634765625,0.29053670167922974,0.9915440082550049,0.5915969610214233,0.4787061810493469,0.3953334391117096,0.982670783996582,0.5996094942092896,0.48362863063812256,0.3798547685146332,0.9871764183044434,0.5548927187919617,0.4682523310184479,0.3063495457172394,0.9988574981689453,0.6197942495346069,0.5220158100128174,0.13950523734092712,0.9999571442604065,0.5065087080001831,0.5131379961967468,0.34457236528396606,0.16508539021015167,0.623126745223999,0.6054196953773499,0.1175210028886795,0.9824248552322388,0.5133892297744751,0.557685911655426,0.41759902238845825,0.10456270724534988,0.6063370704650879,0.6551284790039062,0.21648482978343964,0.7924467921257019,0.5109235048294067,0.564954400062561,0.42407116293907166,0.11539807170629501,0.6016072034835815,0.6661331653594971,0.22018110752105713,0.7090891003608704,0.5166338086128235,0.5713455080986023,0.43074554204940796,0.11834333837032318,0.59422367811203,0.6607406139373779,0.22508013248443604,0.6936004757881165,0.5185409188270569,0.5686067938804626,0.42367100715637207,0.11801737546920776,0.5944250822067261,0.6549924612045288,0.22161205112934113,0.6397224068641663,0.4913922846317291,0.588833212852478,0.04694615304470062,0.9992190599441528,0.5287092924118042,0.6313527226448059,-0.047592997550964355,0.9994726777076721,0.4462072253227234,0.6404914259910583,0.10000193119049072,0.762514591217041,0.5285366773605347,0.6772428750991821,0.07108914107084274,0.9888046979904175,0.3744632601737976,0.7173961997032166,-0.020849797874689102,0.8559724688529968,0.4615457057952881,0.7269166707992554,-0.0006087695946916938,0.9833001494407654,0.3632027506828308,0.731770932674408,-0.038538530468940735,0.8804745078086853,0.44743436574935913,0.7251299619674683,-0.010829328559339046,0.9791853427886963,0.36506444215774536,0.718406617641449,-0.05490482971072197,0.821363091468811,0.4597126543521881,0.7554673552513123,-0.006145435851067305,0.935177206993103
165,0.6026507616043091,0.5030413269996643,0.4571393132209778,0.9912185072898865,0.6002700328826904,0.4968234598636627,0.4476189613342285,0.9864712357521057,0.5977723002433777,0.4952230155467987,0.44765010476112366,0.9861100316047668,0.5951870083808899,0.4935542643070221,0.4477078318595886,0.9861252307891846,0.6079061627388,0.5016003847122192,0.44207462668418884,0.9901402592658997,0.6107401251792908,0.5031912326812744,0.44203752279281616,0.9914547204971313,0.6135927438735962,0.5047434568405151,0.4418759346008301,0.9916974306106567,0.5905745625495911,0.4944368302822113,0.37291985750198364,0.9760920405387878,0.6157956123352051,0.5099726915359497,0.34866294264793396,0.990922212600708,0.5972714424133301,0.5058980584144592,0.4294706881046295,0.9823734760284424,0.6052742004394531,0.5106233954429626,0.4225764870643616,0.9864717721939087,0.565282940864563,0.5088164806365967,0.2999137043952942,0.9989365935325623,0.6237844228744507,0.5551427602767944,0.21967649459838867,0.9999391436576843,0.5353204607963562,0.5664681196212769,0.28532925248146057,0.15956154465675354,0.6327506303787231,0.6405101418495178,0.20251457393169403,0.9797397255897522,0.5354446172714233,0.6196607351303101,0.2898848056793213,0.10346680134534836,0.6114623546600342,0.6698004007339478,0.2925240695476532,0.773230791091919,0.5287454128265381,0.6211423873901367,0.28690841794013977,0.11422629654407501,0.6060342192649841,0.6779460310935974,0.30299341678619385,0.6875137686729431,0.5327637791633606,0.6235456466674805,0.29300060868263245,0.11699680984020233,0.5988199710845947,0.6710723638534546,0.30599290132522583,0.6740948557853699,0.5416287183761597,0.6327841877937317,0.2913760840892792,0.1167483851313591,0.598637044429779,0.6653732061386108,0.29714471101760864,0.6270419359207153,0.5011956691741943,0.6135332584381104,0.007621978409588337,0.9992964267730713,0.5382837057113647,0.6588231325149536,-0.00830267183482647,0.9995157718658447,0.44746866822242737,0.6503992080688477,0.053714312613010406,0.7859363555908203,0.52683424949646,0.6788305044174194,0.1539565622806549,0.9804078936576843,0.38024213910102844,0.726498007774353,-0.20024220645427704,0.8700516819953918,0.4660794734954834,0.7319360971450806,-0.011077292263507843,0.9797714948654175,0.36881059408187866,0.7440358400344849,-0.23270058631896973,0.8922771215438843,0.45788854360580444,0.7320469617843628,-0.029924098402261734,0.9802340269088745,0.35885539650917053,0.7231817841529846,-0.27667734026908875,0.8367017507553101,0.453000009059906,0.7440426349639893,-0.03822290152311325,0.9273422956466675
166,0.6096185445785522,0.5276119112968445,0.42691096663475037,0.9913836717605591,0.6102208495140076,0.5202233791351318,0.4107491970062256,0.9870527386665344,0.6075059175491333,0.5177538394927979,0.41070660948753357,0.9866958260536194,0.605598509311676,0.5158128142356873,0.4107523560523987,0.9865272641181946,0.6173409223556519,0.5259616374969482,0.41256070137023926,0.9906060099601746,0.6199056506156921,0.5278476476669312,0.4125526547431946,0.9918405413627625,0.6230466365814209,0.5300945043563843,0.4124172627925873,0.9920012354850769,0.6039296388626099,0.5157516598701477,0.3493518531322479,0.9777787923812866,0.6252049207687378,0.5330790877342224,0.33737102150917053,0.9913778901100159,0.6049867272377014,0.5307405591011047,0.3971031904220581,0.9836590886116028,0.6126903891563416,0.5361496806144714,0.39996767044067383,0.9871339201927185,0.5830367803573608,0.5243690609931946,0.22576479613780975,0.9990280866622925,0.6290315389633179,0.5875712633132935,0.2623473107814789,0.9999353289604187,0.5258105993270874,0.5413225293159485,0.21373102068901062,0.21695266664028168,0.6411994695663452,0.6724173426628113,0.27016153931617737,0.9784455299377441,0.5133020877838135,0.5749973058700562,0.2673896849155426,0.14760395884513855,0.6214432716369629,0.6894248723983765,0.347807377576828,0.7702537178993225,0.5004761219024658,0.5476102828979492,0.26228612661361694,0.1493658423423767,0.6167261004447937,0.6961666941642761,0.3616693317890167,0.6821918487548828,0.5098491311073303,0.5480248332023621,0.2780899405479431,0.1517462134361267,0.6111440658569336,0.6869103312492371,0.3630695641040802,0.668057918548584,0.5164849758148193,0.5580321550369263,0.27572065591812134,0.14681342244148254,0.6114319562911987,0.6835755109786987,0.35204166173934937,0.6251583099365234,0.5180070996284485,0.6366794109344482,-0.03948116675019264,0.9993665814399719,0.5478677749633789,0.6819372773170471,0.03913022205233574,0.9995600581169128,0.44917750358581543,0.6625130772590637,-0.07656853646039963,0.8072639107704163,0.5133324861526489,0.703144371509552,0.23736262321472168,0.9711313843727112,0.3825395703315735,0.7334721088409424,-0.3704829216003418,0.8829819560050964,0.46984371542930603,0.7347680330276489,0.13962236046791077,0.9696851372718811,0.37416836619377136,0.7554588913917542,-0.40419888496398926,0.9029988050460815,0.4646682143211365,0.7319909334182739,0.12584948539733887,0.9797238707542419,0.35201430320739746,0.7271744012832642,-0.4559744894504547,0.8527730107307434,0.45399802923202515,0.7402923107147217,0.13475796580314636,0.9219116568565369
167,0.614067554473877,0.5545406341552734,0.35607579350471497,0.98628830909729,0.613240122795105,0.5457183718681335,0.336578905582428,0.9817893505096436,0.6118468046188354,0.5434433221817017,0.33657175302505493,0.9809138178825378,0.6098400354385376,0.5399401783943176,0.33655741810798645,0.9801671504974365,0.6190682649612427,0.5523640513420105,0.34344446659088135,0.987280547618866,0.6212301254272461,0.5539984107017517,0.34345826506614685,0.9888824820518494,0.6242275238037109,0.5564273595809937,0.34335392713546753,0.9884985685348511,0.6090364456176758,0.5403786301612854,0.24953675270080566,0.9716429710388184,0.6255621314048767,0.565365731716156,0.29398006200790405,0.9872629642486572,0.6094890832901001,0.5557538270950317,0.32314440608024597,0.982132077217102,0.61589515209198,0.5628225207328796,0.3330470621585846,0.9845370650291443,0.5912999510765076,0.5481122136116028,0.15032275021076202,0.9991100430488586,0.6360852122306824,0.6160575151443481,0.2094099223613739,0.9997411370277405,0.5634922981262207,0.6169920563697815,0.15547987818717957,0.218070849776268,0.6497682332992554,0.7018354535102844,0.23116102814674377,0.9117041826248169,0.5723437666893005,0.6483285427093506,0.20959123969078064,0.13567425310611725,0.6267036199569702,0.6871816515922546,0.3003711700439453,0.6998252868652344,0.5718539357185364,0.6495448350906372,0.2040490210056305,0.13749635219573975,0.6220336556434631,0.6851453185081482,0.3093934953212738,0.6209129095077515,0.5798021554946899,0.6527680158615112,0.21241073310375214,0.13966268301010132,0.6196733713150024,0.6776479482650757,0.3110712170600891,0.6081030368804932,0.5805419087409973,0.6545159816741943,0.21400979161262512,0.13563172519207,0.6194626092910767,0.6751217246055603,0.3034011721611023,0.5698667168617249,0.527839183807373,0.6609832644462585,-0.056770820170640945,0.9994295835494995,0.556412398815155,0.7125941514968872,0.05620105192065239,0.9995940327644348,0.4627454876899719,0.6644259691238403,0.006069803610444069,0.8264821171760559,0.5221946239471436,0.7006251811981201,0.28452515602111816,0.9505672454833984,0.38395804166793823,0.7351917624473572,-0.1632620096206665,0.8946525454521179,0.47293534874916077,0.7545356154441833,0.2490009367465973,0.9684537053108215,0.37738242745399475,0.7566559910774231,-0.1821049600839615,0.9126350283622742,0.4672585427761078,0.7636529803276062,0.24206948280334473,0.9794086217880249,0.3492491841316223,0.7274385690689087,-0.21529337763786316,0.8672066330909729,0.4475319981575012,0.7405226826667786,0.2446674406528473,0.9193070530891418
168,0.6101012229919434,0.5855026841163635,0.34778282046318054,0.9694356918334961,0.6095505952835083,0.5775614976882935,0.33089813590049744,0.963525652885437,0.6080652475357056,0.5755096673965454,0.3309352397918701,0.9642356634140015,0.606450617313385,0.5734692811965942,0.33093541860580444,0.9622020125389099,0.6172548532485962,0.5810555219650269,0.339596152305603,0.9733722805976868,0.6187248229980469,0.5820085406303406,0.33962351083755493,0.9763176441192627,0.6209737062454224,0.5837686061859131,0.33949917554855347,0.9721408486366272,0.612858235836029,0.5735531449317932,0.247031569480896,0.9476413726806641,0.6232903599739075,0.5882467031478882,0.2874513864517212,0.9655309915542603,0.6087651252746582,0.5880507230758667,0.3159533143043518,0.968933641910553,0.6131495237350464,0.59300297498703,0.328288733959198,0.9674627184867859,0.5952773094177246,0.5840826630592346,0.14246907830238342,0.9991814494132996,0.6413983702659607,0.648686408996582,0.2459489405155182,0.9990823268890381,0.5818029642105103,0.6196662783622742,0.14759863913059235,0.2034744918346405,0.6426490545272827,0.7068983912467957,0.25718942284584045,0.821273148059845,0.5956147909164429,0.6393568515777588,0.22308723628520966,0.12519009411334991,0.6288783550262451,0.6815586686134338,0.2966122329235077,0.630437433719635,0.5972684621810913,0.6388565897941589,0.22091329097747803,0.12825831770896912,0.6305432319641113,0.6747034788131714,0.30375462770462036,0.5598973035812378,0.6043848991394043,0.6434109210968018,0.2245875895023346,0.13047316670417786,0.6236187219619751,0.6687443852424622,0.30967968702316284,0.548321545124054,0.6048440933227539,0.646246612071991,0.22654691338539124,0.12662488222122192,0.6223765015602112,0.6689748167991638,0.2998504638671875,0.5140713453292847,0.5403884649276733,0.6938498616218567,-0.06501772999763489,0.9994863867759705,0.5657007694244385,0.7283390164375305,0.06427530944347382,0.9996305704116821,0.4729589521884918,0.6690117120742798,-0.04492340236902237,0.843616247177124,0.5223830938339233,0.6875849962234497,0.2484218180179596,0.9119043946266174,0.3848554790019989,0.7334104180335999,-0.2205786406993866,0.9050994515419006,0.47604188323020935,0.7580791115760803,0.21905481815338135,0.9611232876777649,0.3781067728996277,0.7533908486366272,-0.2378300428390503,0.9212551116943359,0.47371429204940796,0.775992751121521,0.21276171505451202,0.9768549203872681,0.3513984978199005,0.7271915078163147,-0.26582071185112,0.8799351453781128,0.43895864486694336,0.7406908869743347,0.21819055080413818,0.9056957364082336
169,0.6262863874435425,0.6206094026565552,0.42975202202796936,0.9335860013961792,0.6266902685165405,0.6132352352142334,0.41934943199157715,0.9243336319923401,0.6250870227813721,0.6111291646957397,0.4194404184818268,0.92198646068573,0.6236786842346191,0.609322726726532,0.41947752237319946,0.9205496907234192,0.6310740113258362,0.6184181571006775,0.42184796929359436,0.9401578903198242,0.6325769424438477,0.6205989718437195,0.4218960702419281,0.9432551860809326,0.6341073513031006,0.6223428249359131,0.4217816889286041,0.9345114827156067,0.6202613115310669,0.6109768152236938,0.3364584445953369,0.9030373096466064,0.634748637676239,0.6325122117996216,0.35028985142707825,0.936769425868988,0.6214411854743958,0.6259751915931702,0.39713555574417114,0.9432448148727417,0.6263027191162109,0.6318070292472839,0.40181034803390503,0.9416810274124146,0.6029248237609863,0.6039712429046631,0.2078285962343216,0.9992144703865051,0.6498906016349792,0.6836434006690979,0.2625848650932312,0.9990386962890625,0.5678556561470032,0.6531693935394287,0.14773686230182648,0.18972237408161163,0.6463621854782104,0.7578338384628296,0.21265530586242676,0.7581132650375366,0.5632273554801941,0.6955326199531555,0.1127919927239418,0.11539563536643982,0.621364176273346,0.7807883620262146,0.18317021429538727,0.5766627192497253,0.561348557472229,0.6979977488517761,0.0948929414153099,0.1183214858174324,0.6200541853904724,0.7871796488761902,0.17637135088443756,0.5130671858787537,0.5685950517654419,0.7051734924316406,0.11132506281137466,0.12039727717638016,0.6143838763237,0.7769071459770203,0.1822321116924286,0.5027941465377808,0.5706906318664551,0.7068122029304504,0.1172969788312912,0.11706981062889099,0.6133912801742554,0.7717396020889282,0.18416646122932434,0.4718441665172577,0.5465401411056519,0.6924437880516052,-0.03757183998823166,0.9995353817939758,0.5770628452301025,0.7474648356437683,0.03677557781338692,0.9996558427810669,0.4988582134246826,0.6741544604301453,0.07006506621837616,0.8431618809700012,0.5268799066543579,0.6952314972877502,0.2221478521823883,0.8392753005027771,0.40447068214416504,0.7327350378036499,-0.1453682780265808,0.9093743562698364,0.47519150376319885,0.7525457739830017,0.14677689969539642,0.9231641292572021,0.3919176161289215,0.7510506510734558,-0.16587544977664948,0.9275048971176147,0.4690588116645813,0.7674726247787476,0.08743427693843842,0.9733082056045532,0.3786229193210602,0.7207134962081909,-0.19055423140525818,0.8805253505706787,0.4369502663612366,0.7371757626533508,0.07503511011600494,0.8672794103622437
170,0.6287215948104858,0.6358636021614075,0.41974908113479614,0.9188110828399658,0.6302080154418945,0.6294122338294983,0.40927281975746155,0.9063414931297302,0.6289899945259094,0.6278933882713318,0.40935659408569336,0.9023764729499817,0.6275215744972229,0.6257818341255188,0.40939950942993164,0.8964269161224365,0.6335387825965881,0.6344223618507385,0.41230130195617676,0.9270819425582886,0.6346790790557861,0.6365334987640381,0.41235288977622986,0.931274950504303,0.6358515620231628,0.6384992003440857,0.41225749254226685,0.9173611998558044,0.6176884770393372,0.6195136308670044,0.33150893449783325,0.880041778087616,0.6361010074615479,0.6494168043136597,0.3464486598968506,0.9237152934074402,0.6243622303009033,0.6377856135368347,0.38868486881256104,0.9331953525543213,0.6286097764968872,0.6445890069007874,0.3932080864906311,0.933174192905426,0.6114213466644287,0.6169785857200623,0.19734033942222595,0.9992008209228516,0.65674889087677,0.6909008622169495,0.2683956027030945,0.9988411664962769,0.5943610072135925,0.6510394215583801,0.09733296930789948,0.18467596173286438,0.6738559007644653,0.7336094379425049,0.17765916883945465,0.6955475807189941,0.6077303886413574,0.7046430706977844,0.03901946544647217,0.11093047261238098,0.6424810290336609,0.736480176448822,0.08276250213384628,0.5255480408668518,0.6107909083366394,0.7111547589302063,0.021531475707888603,0.11496652662754059,0.637829601764679,0.7368448376655579,0.0781557485461235,0.469464510679245,0.617085874080658,0.7204018831253052,0.03642459958791733,0.11754991114139557,0.6302791237831116,0.7311281561851501,0.08525637537240982,0.4604971706867218,0.6168306469917297,0.7206287980079651,0.04263725504279137,0.11505988240242004,0.6306569576263428,0.7289207577705383,0.08353539556264877,0.4329060912132263,0.564228355884552,0.6947973966598511,-0.046563033014535904,0.9995782375335693,0.6014779210090637,0.7471482157707214,0.04581327363848686,0.9996742010116577,0.5164732336997986,0.6804978251457214,0.016182871535420418,0.8510693907737732,0.5415712594985962,0.6971898674964905,0.141287699341774,0.7877713441848755,0.43066996335983276,0.7305229306221008,-0.25278475880622864,0.9143690466880798,0.47203826904296875,0.7401319742202759,-0.07688973844051361,0.9010427594184875,0.41891852021217346,0.7484391927719116,-0.2828311026096344,0.9333933591842651,0.463879257440567,0.7527530789375305,-0.10495954751968384,0.9700397253036499,0.40196046233177185,0.7179142832756042,-0.30576542019844055,0.8833729028701782,0.43668025732040405,0.7336375713348389,-0.1287710964679718,0.8384528756141663
171,0.6326382756233215,0.6496716141700745,0.47117939591407776,0.8643943071365356,0.6299977898597717,0.6401126980781555,0.4604370594024658,0.8411616086959839,0.6278737187385559,0.6362910866737366,0.46054965257644653,0.8382577896118164,0.6257331967353821,0.6325579285621643,0.4605046808719635,0.8288986682891846,0.6360267996788025,0.6505599617958069,0.4646078944206238,0.8673773407936096,0.6380669474601746,0.6540145874023438,0.46472615003585815,0.8747924566268921,0.6400817632675171,0.657429575920105,0.46469488739967346,0.8541138172149658,0.6206717491149902,0.6269685626029968,0.3770539164543152,0.8178668022155762,0.6417283415794373,0.6627004146575928,0.39907389879226685,0.8706192970275879,0.6276394128799438,0.6484581232070923,0.4383316934108734,0.8859777450561523,0.6300010681152344,0.657162606716156,0.4449682831764221,0.8907479643821716,0.6142916083335876,0.6134245991706848,0.21189257502555847,0.9992576837539673,0.661011815071106,0.6916105151176453,0.31795576214790344,0.9987125992774963,0.5973997116088867,0.6429443955421448,0.1173166036605835,0.184333935379982,0.6669062972068787,0.7539291381835938,0.22125348448753357,0.6508435010910034,0.6006110310554504,0.7151145339012146,0.043693460524082184,0.10461264848709106,0.6349532604217529,0.7766134738922119,0.12597224116325378,0.4878121316432953,0.6019361019134521,0.7221118211746216,0.016172340139746666,0.10738956928253174,0.6315124034881592,0.7792109847068787,0.111997090280056,0.4379398226737976,0.6103237867355347,0.7353633046150208,0.0321633405983448,0.10995529592037201,0.6242888569831848,0.7677972912788391,0.11933314800262451,0.4290221035480499,0.6106897592544556,0.7366074323654175,0.04652572050690651,0.10816100984811783,0.6242038011550903,0.7643632292747498,0.1255933791399002,0.40307366847991943,0.5780453681945801,0.6860739588737488,-0.06473930180072784,0.999616801738739,0.6065048575401306,0.739143431186676,0.06408828496932983,0.9996905326843262,0.5247994661331177,0.6747403740882874,0.04260869324207306,0.8638884425163269,0.5448299646377563,0.7016643285751343,0.19534829258918762,0.7673535943031311,0.43741393089294434,0.7289102077484131,-0.10966897010803223,0.9212787747383118,0.4703938364982605,0.7391841411590576,0.0927235558629036,0.8932516574859619,0.4246557354927063,0.7474403977394104,-0.12798869609832764,0.9395534992218018,0.462041437625885,0.7520748972892761,0.07580969482660294,0.9703426957130432,0.39996400475502014,0.7050204873085022,-0.13980571925640106,0.8870846033096313,0.43670010566711426,0.7265455722808838,0.055303771048784256,0.8102370500564575
172,0.6328228116035461,0.6635892391204834,0.4466151297092438,0.8012628555297852,0.631187915802002,0.6588433980941772,0.4373544156551361,0.7834906578063965,0.6300441026687622,0.6557849645614624,0.437446266412735,0.7788540124893188,0.6289003491401672,0.6528331637382507,0.43742483854293823,0.7737696766853333,0.6351665258407593,0.6673792004585266,0.4440452456474304,0.80783611536026,0.6367322206497192,0.6701036691665649,0.4441695213317871,0.8133878707885742,0.6383235454559326,0.6728454232215881,0.44411009550094604,0.7973016500473022,0.6284834146499634,0.6487890481948853,0.35846227407455444,0.7629956007003784,0.640928328037262,0.6762691140174866,0.3921913504600525,0.8168985247612,0.6305297613143921,0.6574729084968567,0.4146459102630615,0.8268833756446838,0.6341543197631836,0.6672420501708984,0.4241427481174469,0.8295223116874695,0.6289793848991394,0.6235135793685913,0.2068168818950653,0.9991999268531799,0.6593416333198547,0.7087639570236206,0.32558879256248474,0.9975339770317078,0.5966697335243225,0.6336545348167419,0.11080999672412872,0.17582224309444427,0.6630080938339233,0.7613423466682434,0.2480119913816452,0.5879427194595337,0.5827804803848267,0.6754663586616516,0.039711035788059235,0.09699683636426926,0.602013111114502,0.779949426651001,0.1733621507883072,0.4452234208583832,0.5804076194763184,0.6792195439338684,0.018681783229112625,0.10008437186479568,0.5968265533447266,0.7835201025009155,0.16813285648822784,0.4027652442455292,0.5877968668937683,0.6863635182380676,0.0339328907430172,0.10238201916217804,0.5873690247535706,0.7721583247184753,0.17305071651935577,0.3936491906642914,0.5893696546554565,0.6884382963180542,0.043121762573719025,0.10155788064002991,0.5878947377204895,0.7681010961532593,0.17458559572696686,0.37025368213653564,0.6024226546287537,0.6800093054771423,-0.06724793463945389,0.9996510744094849,0.6194998025894165,0.7321246862411499,0.0669458657503128,0.9997076392173767,0.5374158620834351,0.6717947125434875,-0.12471048533916473,0.8723641037940979,0.538398802280426,0.7003414034843445,-0.0018465130124241114,0.7456095218658447,0.4454862177371979,0.7365034222602844,-0.28178009390830994,0.9222185015678406,0.4594506621360779,0.7574681639671326,-0.14286325871944427,0.8672484755516052,0.4345574378967285,0.7623754143714905,-0.29959890246391296,0.942779541015625,0.4501451551914215,0.7740747332572937,-0.16283436119556427,0.9629901051521301,0.40714573860168457,0.713794469833374,-0.3188309073448181,0.8797500729560852,0.42867177724838257,0.7456303238868713,-0.1924765557050705,0.7682691216468811
173,0.6325031518936157,0.6561934947967529,0.4512377679347992,0.7966294884681702,0.6301860809326172,0.6507452130317688,0.4453381597995758,0.7663822174072266,0.6287168860435486,0.6478965878486633,0.445523738861084,0.7692849636077881,0.6273131966590881,0.645249605178833,0.44552287459373474,0.7570255398750305,0.6356477737426758,0.6591081023216248,0.45105305314064026,0.7922765612602234,0.6376405954360962,0.6615706086158752,0.45125144720077515,0.8058062195777893,0.6396059393882751,0.6639884114265442,0.4512161314487457,0.7837570309638977,0.6267817616462708,0.6400657296180725,0.37626025080680847,0.7460858821868896,0.6439467668533325,0.6673087477684021,0.40480655431747437,0.8106638789176941,0.6308673620223999,0.6517040729522705,0.42157426476478577,0.8099299669265747,0.635926365852356,0.6598508358001709,0.4301677346229553,0.8134957551956177,0.6239374876022339,0.6137400269508362,0.22183802723884583,0.9992555379867554,0.6664708256721497,0.6988360285758972,0.32374483346939087,0.9977073073387146,0.597216010093689,0.6303941607475281,0.12661422789096832,0.1713411957025528,0.6621648073196411,0.7636072039604187,0.22411894798278809,0.5395596623420715,0.5785250663757324,0.6779860258102417,0.054302118718624115,0.09401901066303253,0.6172828674316406,0.8031125664710999,0.13017036020755768,0.41247567534446716,0.5740077495574951,0.6826046109199524,0.03333986550569534,0.09875231236219406,0.6130802035331726,0.8051581978797913,0.11921606957912445,0.37722575664520264,0.5810421705245972,0.6896244287490845,0.05233877897262573,0.10253335535526276,0.6028487682342529,0.7971621751785278,0.12235613167285919,0.3688311278820038,0.5833932161331177,0.6910920739173889,0.059416599571704865,0.10194308310747147,0.6034994721412659,0.7954336404800415,0.1279388666152954,0.3467809855937958,0.5935716032981873,0.6732189059257507,-0.05819151923060417,0.9996848106384277,0.6243737936019897,0.7302788496017456,0.05775333195924759,0.9997333884239197,0.5328121781349182,0.6664164662361145,-0.04944946616888046,0.8812332153320312,0.5404900312423706,0.7107038497924805,0.04024801403284073,0.7433223128318787,0.4535323977470398,0.7459367513656616,-0.2688380181789398,0.9247512221336365,0.46525630354881287,0.7801094651222229,-0.15517939627170563,0.8673441410064697,0.44752684235572815,0.7701053619384766,-0.29373401403427124,0.9480187892913818,0.4580782353878021,0.7908716797828674,-0.18130655586719513,0.9656534790992737,0.41706299781799316,0.7472385168075562,-0.3056275248527527,0.8874900341033936,0.4330011308193207,0.7892314195632935,-0.20947447419166565,0.7765995860099792
174,0.6347666382789612,0.6543601155281067,0.4892084002494812,0.8112800121307373,0.6324175000190735,0.6480062007904053,0.4834534227848053,0.7800765037536621,0.6307200193405151,0.6452082991600037,0.48362430930137634,0.7838367223739624,0.6290770173072815,0.6425751447677612,0.48361778259277344,0.7714377641677856,0.638157069683075,0.6560977101325989,0.4862584173679352,0.8053160905838013,0.6400652527809143,0.6584269404411316,0.48642879724502563,0.8189674019813538,0.6419386267662048,0.6607210040092468,0.48638930916786194,0.798274576663971,0.6279107928276062,0.636815071105957,0.40890946984291077,0.7617477774620056,0.6456671357154846,0.6625005006790161,0.4239537715911865,0.8251535892486572,0.6327164173126221,0.6495016813278198,0.45790213346481323,0.8207188248634338,0.6379151344299316,0.6573854684829712,0.4626382291316986,0.826414942741394,0.6213731169700623,0.6012691855430603,0.2593451738357544,0.9993204474449158,0.6676717400550842,0.6837554574012756,0.3263295888900757,0.997915506362915,0.5883897542953491,0.6313536167144775,0.13460442423820496,0.1630849540233612,0.6655243635177612,0.7689302563667297,0.23654994368553162,0.5376630425453186,0.575290322303772,0.6869457364082336,0.09401053190231323,0.09159380942583084,0.6312021017074585,0.8265699148178101,0.16320542991161346,0.4331168234348297,0.5723827481269836,0.6919297575950623,0.06775997579097748,0.09753740578889847,0.6297419667243958,0.8347391486167908,0.15460118651390076,0.40425682067871094,0.5807332396507263,0.6983508467674255,0.08293978124856949,0.10172737389802933,0.6230304837226868,0.8262442946434021,0.1572689414024353,0.39412248134613037,0.5822383761405945,0.6996567249298096,0.09662850201129913,0.10174856334924698,0.6226080656051636,0.8223794102668762,0.16302375495433807,0.36884990334510803,0.5928179025650024,0.6682623028755188,-0.05152542516589165,0.9997151494026184,0.6271770000457764,0.7252328991889954,0.05112787336111069,0.9997563362121582,0.5310502052307129,0.6695197820663452,-0.021259311586618423,0.8906704783439636,0.5495880842208862,0.7262676358222961,0.08504065126180649,0.7453120350837708,0.46269574761390686,0.7661856412887573,-0.21099865436553955,0.9276177883148193,0.4807667136192322,0.7925944924354553,-0.07908683270215988,0.8677553534507751,0.45502081513404846,0.7812665104866028,-0.23369744420051575,0.9525454640388489,0.47318339347839355,0.803074061870575,-0.10304467380046844,0.9679079651832581,0.4251002371311188,0.7635415196418762,-0.25019654631614685,0.8925493359565735,0.4498235285282135,0.7971370220184326,-0.13087841868400574,0.7803414463996887
175,0.6343325972557068,0.6544128656387329,0.48010119795799255,0.7978009581565857,0.6310805082321167,0.6485356092453003,0.47405457496643066,0.753020167350769,0.6292117834091187,0.6458296179771423,0.47420534491539,0.7676041126251221,0.6274181008338928,0.6433097124099731,0.47421008348464966,0.7422243356704712,0.6370706558227539,0.6561090350151062,0.4778133034706116,0.7782952785491943,0.6390545964241028,0.6583250164985657,0.4779767394065857,0.8015976548194885,0.6409968137741089,0.6605035662651062,0.4779215455055237,0.7697557806968689,0.6252104043960571,0.6375940442085266,0.4027927815914154,0.7485641837120056,0.6438204050064087,0.6623106002807617,0.42194122076034546,0.814197301864624,0.6320926547050476,0.6498251557350159,0.450518935918808,0.8063574433326721,0.6377869844436646,0.6572826504707336,0.45629602670669556,0.8131932616233826,0.6187549233436584,0.6169700026512146,0.24805088341236115,0.9993504881858826,0.6667110919952393,0.679826021194458,0.3390580117702484,0.9979345798492432,0.5915299654006958,0.638688325881958,0.14582061767578125,0.1749676614999771,0.6629300117492676,0.7471867799758911,0.22881631553173065,0.4897618889808655,0.5855622291564941,0.6932986974716187,0.08630229532718658,0.08781925588846207,0.6311956644058228,0.7787664532661438,0.13208264112472534,0.39338791370391846,0.5819295644760132,0.6982243657112122,0.06668061017990112,0.09413989633321762,0.6289737820625305,0.78414386510849,0.1252981573343277,0.368164598941803,0.5909644365310669,0.7046205997467041,0.087287537753582,0.09899492561817169,0.6216994524002075,0.7771843671798706,0.13499662280082703,0.35907265543937683,0.5938174724578857,0.7048012614250183,0.09224497526884079,0.09952478855848312,0.62205970287323,0.772888720035553,0.13318902254104614,0.33620092272758484,0.5966951251029968,0.6696450710296631,-0.056542616337537766,0.9997425079345703,0.6304534673690796,0.7207148671150208,0.05604373663663864,0.9997771978378296,0.5386942625045776,0.6889907121658325,-0.03868323192000389,0.8999455571174622,0.5565915703773499,0.7274001240730286,0.05926942825317383,0.7500254511833191,0.4769618511199951,0.793343722820282,-0.2636052966117859,0.932955265045166,0.4995403289794922,0.8028589487075806,-0.1343689262866974,0.8737117648124695,0.47433239221572876,0.8159448504447937,-0.28981247544288635,0.9570004343986511,0.4958879351615906,0.8164240121841431,-0.16067609190940857,0.9703183174133301,0.4379863142967224,0.7903261780738831,-0.30268508195877075,0.8998218178749084,0.4635652005672455,0.8071878552436829,-0.18408219516277313,0.789901077747345
176,0.6342547535896301,0.6523754596710205,0.4665148854255676,0.798326313495636,0.6305619478225708,0.6458842158317566,0.45852017402648926,0.7556238174438477,0.6287804841995239,0.6430743336677551,0.4586417078971863,0.7707004547119141,0.6270313262939453,0.6403722167015076,0.4586496949195862,0.7432531714439392,0.6362818479537964,0.653035044670105,0.4635690152645111,0.7789003849029541,0.6383819580078125,0.655290961265564,0.4636973440647125,0.8010987639427185,0.6404637694358826,0.6575612425804138,0.46366366744041443,0.7685770392417908,0.625183641910553,0.636265754699707,0.38189253211021423,0.7546675801277161,0.6435379981994629,0.6606507897377014,0.4059734344482422,0.8159309029579163,0.6331846117973328,0.649587869644165,0.4353722035884857,0.8094830513000488,0.63853919506073,0.6567783951759338,0.44256502389907837,0.8149417638778687,0.6210173964500427,0.6224161386489868,0.22697755694389343,0.9993521571159363,0.6697119474411011,0.6905027031898499,0.3314700722694397,0.9979555010795593,0.5923842191696167,0.6381990909576416,0.11719091981649399,0.1958058476448059,0.660762369632721,0.7398421764373779,0.24001893401145935,0.45035520195961,0.5893715620040894,0.6848614811897278,0.04656718671321869,0.08553250133991241,0.623066782951355,0.7525171041488647,0.15455010533332825,0.36009806394577026,0.5867372751235962,0.6880320906639099,0.026863545179367065,0.09101659804582596,0.6174206733703613,0.7500598430633545,0.14831097424030304,0.33791017532348633,0.595301628112793,0.6955626010894775,0.04741513729095459,0.09568750113248825,0.6064010262489319,0.7365465760231018,0.1467941403388977,0.3294179439544678,0.5980011224746704,0.6973369717597961,0.05223632603883743,0.09747613221406937,0.6076980829238892,0.7352396845817566,0.15526604652404785,0.3089127242565155,0.6084898710250854,0.6760378479957581,-0.0559881217777729,0.9997661113739014,0.6394882202148438,0.7273463010787964,0.05548851937055588,0.9997948408126831,0.555791974067688,0.6969278454780579,-0.04081670194864273,0.9031946063041687,0.5678730010986328,0.7291992902755737,0.050267286598682404,0.7356435060501099,0.5052490830421448,0.8037490248680115,-0.25409549474716187,0.9351562857627869,0.5133197903633118,0.8064228296279907,-0.14022861421108246,0.8684847950935364,0.4982708990573883,0.8249753713607788,-0.2776087522506714,0.9599837064743042,0.5078303217887878,0.8212289810180664,-0.1643979251384735,0.9699265360832214,0.46895861625671387,0.8129899501800537,-0.28250208497047424,0.8954049944877625,0.4857816696166992,0.8131856918334961,-0.18567147850990295,0.7713204622268677
177,0.6373318433761597,0.6631298065185547,0.4189789891242981,0.7609098553657532,0.6328157186508179,0.6577369570732117,0.4151971936225891,0.7096162438392639,0.6311244368553162,0.6553159952163696,0.4152720868587494,0.7295702695846558,0.6294279098510742,0.6529979705810547,0.4152317941188812,0.6985036134719849,0.6379125714302063,0.664025604724884,0.41728314757347107,0.7349402904510498,0.6397041082382202,0.6660254597663879,0.4174013137817383,0.7588716149330139,0.641487717628479,0.6680394411087036,0.41734156012535095,0.7227000594139099,0.6267194747924805,0.6500614285469055,0.357678085565567,0.712279200553894,0.6431301832199097,0.671229898929596,0.3689996004104614,0.7760012745857239,0.6362370252609253,0.6605952382087708,0.3949665427207947,0.7712379097938538,0.6406921744346619,0.6666800379753113,0.39820173382759094,0.7755854725837708,0.6239469051361084,0.6385194659233093,0.21516744792461395,0.9993182420730591,0.6685353517532349,0.6969045400619507,0.3292505145072937,0.9975495338439941,0.5985240936279297,0.6549547910690308,0.13133133947849274,0.1960199922323227,0.6599665284156799,0.7518087029457092,0.21717579662799835,0.41150209307670593,0.5919541120529175,0.6986925005912781,0.06939999759197235,0.08216890692710876,0.6210461258888245,0.7648738622665405,0.11589429527521133,0.32803210616111755,0.5902201533317566,0.7022514939308167,0.04819947108626366,0.08799925446510315,0.6140767335891724,0.7664552330970764,0.10080728679895401,0.310958594083786,0.5960720777511597,0.7103759050369263,0.06321471929550171,0.09236731380224228,0.6045049428939819,0.7571583986282349,0.10678920894861221,0.30267030000686646,0.5983458757400513,0.7114549875259399,0.07275530695915222,0.09581438452005386,0.6064944267272949,0.7545559406280518,0.11523625999689102,0.2845633327960968,0.6161530017852783,0.682725727558136,-0.0513886921107769,0.9997840523719788,0.6431620717048645,0.7275421619415283,0.050885219126939774,0.9997998476028442,0.5661300420761108,0.6957700252532959,0.048803895711898804,0.9005811214447021,0.5794182419776917,0.7281760573387146,0.0966273844242096,0.7011518478393555,0.5235289335250854,0.8091772794723511,-0.04551610350608826,0.9333422183990479,0.5277508497238159,0.7969977259635925,0.029847482219338417,0.8526239991188049,0.5171146988868713,0.8244048357009888,-0.055932044982910156,0.9620444178581238,0.5214499831199646,0.8116620779037476,0.01843428984284401,0.9683080911636353,0.4915909171104431,0.8072754144668579,-0.0527007170021534,0.8845999240875244,0.5037438869476318,0.7976235151290894,-0.00028947502141818404,0.741152822971344
178,0.6238517761230469,0.6660333871841431,0.2583840489387512,0.7763215899467468,0.6184800863265991,0.6610449552536011,0.2520381808280945,0.7275896668434143,0.6170174479484558,0.6590003967285156,0.25207552313804626,0.7479822635650635,0.6155999898910522,0.6570656895637512,0.2520769238471985,0.7152844667434692,0.6231203079223633,0.6659204959869385,0.25819361209869385,0.7523058652877808,0.6249335408210754,0.6673305630683899,0.25832170248031616,0.7752057909965515,0.6267417669296265,0.6687576770782471,0.25827229022979736,0.7394829392433167,0.614480197429657,0.6536513566970825,0.20265968143939972,0.7320454716682434,0.6299647092819214,0.6701755523681641,0.23092281818389893,0.7936792373657227,0.6244749426841736,0.6641326546669006,0.23898854851722717,0.7848118543624878,0.6286849975585938,0.6689726710319519,0.24739858508110046,0.789797842502594,0.6192409992218018,0.6477553844451904,0.09457054734230042,0.9993495345115662,0.6620712280273438,0.7038529515266418,0.2044534981250763,0.9976983666419983,0.5931305885314941,0.6568495631217957,0.004013128113001585,0.22459666430950165,0.652417778968811,0.7531636357307434,0.11820973455905914,0.374830961227417,0.587857186794281,0.6959866881370544,-0.0570799820125103,0.10423780977725983,0.6138120889663696,0.7701852917671204,0.0137619748711586,0.3016115725040436,0.5848942995071411,0.6813799738883972,-0.07738243788480759,0.10956799983978271,0.6084505915641785,0.7732219696044922,0.0010929227573797107,0.2886156737804413,0.591671347618103,0.6849885582923889,-0.060634247958660126,0.11447954922914505,0.6000362634658813,0.7644513845443726,0.004427233245223761,0.28103700280189514,0.5942896008491516,0.6915512681007385,-0.05184103921055794,0.12108216434717178,0.6015920639038086,0.761652410030365,0.011892088688910007,0.2660508453845978,0.6138606667518616,0.6939423680305481,-0.052255719900131226,0.9998050332069397,0.6354656219482422,0.7362233996391296,0.05167286470532417,0.9998189806938171,0.5623694062232971,0.7053678631782532,0.05224141478538513,0.8994613885879517,0.5679351687431335,0.7304627895355225,0.10372321307659149,0.6534063816070557,0.5373772382736206,0.8130767345428467,-0.04671948775649071,0.9325245022773743,0.5255931615829468,0.8175946474075317,0.027429863810539246,0.8431330323219299,0.5401498079299927,0.8373757600784302,-0.05595871061086655,0.9634962677955627,0.523819088935852,0.8334465026855469,0.016503741964697838,0.9645178914070129,0.5123943090438843,0.8256401419639587,-0.0518878810107708,0.8841695785522461,0.4982166290283203,0.8239139914512634,-0.007154639810323715,0.7338308095932007
179,0.6203701496124268,0.6680456399917603,0.3638448119163513,0.786754846572876,0.616050124168396,0.664016604423523,0.3561150133609772,0.7344851493835449,0.6146807074546814,0.6624670028686523,0.35620182752609253,0.7558484077453613,0.6133493185043335,0.661010205745697,0.35618776082992554,0.7220393419265747,0.6207426190376282,0.6681252121925354,0.35264408588409424,0.7589446902275085,0.6226038932800293,0.6694461703300476,0.3526650071144104,0.7792930006980896,0.6244416832923889,0.6707730889320374,0.35255852341651917,0.7435335516929626,0.6129986047744751,0.6604686379432678,0.2860983908176422,0.7391671538352966,0.6282950639724731,0.6735528111457825,0.3434869647026062,0.7986160516738892,0.6210576295852661,0.667532742023468,0.33813637495040894,0.787651777267456,0.6252002716064453,0.6715953946113586,0.3342665731906891,0.7953776121139526,0.6172100305557251,0.6538321375846863,0.16766348481178284,0.9993937611579895,0.660670816898346,0.7073551416397095,0.30596429109573364,0.9978522658348083,0.5855609178543091,0.6557079553604126,0.08523275703191757,0.24328452348709106,0.6475430727005005,0.7519108057022095,0.230206698179245,0.3394657075405121,0.5866755247116089,0.6918761730194092,0.026299018412828445,0.1046929582953453,0.6026195287704468,0.7765418887138367,0.15565995872020721,0.273069828748703,0.5829688310623169,0.6897225975990295,-0.00253776041790843,0.10986173152923584,0.5959621667861938,0.7812978029251099,0.1505095660686493,0.2623896300792694,0.589497447013855,0.6960105299949646,0.002851766999810934,0.11411823332309723,0.5880271196365356,0.7734211087226868,0.1551591008901596,0.25535309314727783,0.5922974348068237,0.6999924778938293,0.02448273077607155,0.12214336544275284,0.5900622010231018,0.7704842686653137,0.15477100014686584,0.24240519106388092,0.6110130548477173,0.7033717036247253,-0.055726807564496994,0.9998236894607544,0.631436288356781,0.7448322772979736,0.05513380840420723,0.9998362064361572,0.5562418103218079,0.7145115733146667,0.028130849823355675,0.8952633738517761,0.5626146197319031,0.7486287355422974,0.07667326927185059,0.6196411848068237,0.5370520353317261,0.8223322629928589,-0.11611000448465347,0.9263104200363159,0.5181763172149658,0.8292596340179443,-0.02037239447236061,0.828811764717102,0.5403388738632202,0.8469692468643188,-0.13094085454940796,0.964343249797821,0.5162395238876343,0.8465063571929932,-0.030247632414102554,0.9628993272781372,0.5158563852310181,0.8354701995849609,-0.1211545467376709,0.8763173818588257,0.48592180013656616,0.8265461325645447,-0.030553167685866356,0.7166152596473694
180,0.6207879781723022,0.6787189841270447,0.46002262830734253,0.8041414618492126,0.617193341255188,0.6746116876602173,0.4568391442298889,0.7531636357307434,0.6155905723571777,0.6729658246040344,0.4569324851036072,0.7736688256263733,0.6139751672744751,0.671412467956543,0.4569395184516907,0.7417702674865723,0.6221622824668884,0.678960382938385,0.4609936773777008,0.775833249092102,0.6239039897918701,0.6803911924362183,0.46113428473472595,0.7940895557403564,0.6255618333816528,0.6818340420722961,0.4610837399959564,0.7606604695320129,0.6131675839424133,0.6700549721717834,0.3877337872982025,0.758860170841217,0.6280803680419922,0.6839151978492737,0.4127615988254547,0.8123948574066162,0.6221110820770264,0.6776048541069031,0.43124261498451233,0.8057910799980164,0.625328004360199,0.6818239092826843,0.4375120997428894,0.8120051622390747,0.6183724999427795,0.6585822701454163,0.24422352015972137,0.9994518756866455,0.6526491045951843,0.709904670715332,0.3359176516532898,0.9980367422103882,0.5854154825210571,0.6843361258506775,0.18254628777503967,0.23692023754119873,0.6278880834579468,0.7694651484489441,0.2766152024269104,0.30922970175743103,0.5793630480766296,0.7396509647369385,0.14430619776248932,0.10673405975103378,0.565305233001709,0.8033998012542725,0.24316461384296417,0.2511354684829712,0.5739537477493286,0.7448006868362427,0.13290312886238098,0.1142587810754776,0.5540465116500854,0.8085357546806335,0.2373160570859909,0.24665163457393646,0.5804890394210815,0.7521783113479614,0.143405944108963,0.11717302352190018,0.5457326173782349,0.800855278968811,0.23981793224811554,0.23873569071292877,0.5827767848968506,0.7542639374732971,0.14721640944480896,0.12599919736385345,0.5503137707710266,0.7991654872894287,0.24198997020721436,0.22735747694969177,0.6122688055038452,0.6994069814682007,-0.05376698821783066,0.9998412728309631,0.629122257232666,0.7376260757446289,0.053135402500629425,0.9998524188995361,0.5715814828872681,0.7346473336219788,-0.02052146941423416,0.9025985598564148,0.5522717237472534,0.7377856373786926,0.05296171456575394,0.6276981830596924,0.5625426173210144,0.8559998273849487,-0.2434796541929245,0.9330193996429443,0.5160239934921265,0.81622713804245,-0.1370861828327179,0.8396793007850647,0.5669746398925781,0.8824863433837891,-0.2665236294269562,0.9677489995956421,0.5132810473442078,0.8405730724334717,-0.16071105003356934,0.9658272862434387,0.5397617220878601,0.8683388829231262,-0.2885245978832245,0.8872838020324707,0.48238664865493774,0.8204147815704346,-0.19061866402626038,0.7328817844390869
181,0.6217853426933289,0.6668956279754639,0.4594705104827881,0.8188920617103577,0.6179874539375305,0.6625464558601379,0.4579482972621918,0.7700474262237549,0.6164318323135376,0.6610195636749268,0.4580327868461609,0.7895587682723999,0.6148495674133301,0.6595939993858337,0.4580543637275696,0.7603217959403992,0.6228461265563965,0.6668059825897217,0.464826762676239,0.7900979518890381,0.624555230140686,0.6682586073875427,0.4649899899959564,0.8062278032302856,0.6261515021324158,0.6697253584861755,0.4649529457092285,0.7749013900756836,0.6132784485816956,0.6596890091896057,0.39335888624191284,0.7744776606559753,0.628159761428833,0.6732445359230042,0.42553776502609253,0.8223868608474731,0.6227686405181885,0.6668345928192139,0.43083828687667847,0.8182244300842285,0.6259718537330627,0.6707499027252197,0.44033485651016235,0.8209757208824158,0.6171026229858398,0.653155505657196,0.2508447766304016,0.9994968175888062,0.654017984867096,0.7076851725578308,0.34909090399742126,0.998123824596405,0.5841325521469116,0.6833449602127075,0.1799892783164978,0.22650861740112305,0.6346997618675232,0.770051896572113,0.2819879353046417,0.2804073691368103,0.572582483291626,0.7316811680793762,0.13735917210578918,0.1052807867527008,0.5863764882087708,0.8073320984840393,0.24897423386573792,0.2293493151664734,0.5661382079124451,0.7353712320327759,0.1265767514705658,0.11405538022518158,0.5794742107391357,0.8152788281440735,0.2472972571849823,0.2288806438446045,0.5741384029388428,0.7418164014816284,0.13850262761116028,0.11612442135810852,0.5708239674568176,0.8050821423530579,0.25305622816085815,0.22073480486869812,0.5774559378623962,0.7444202899932861,0.1408838927745819,0.12622815370559692,0.5728061199188232,0.8015943169593811,0.24930164217948914,0.21063829958438873,0.6106570363044739,0.6982021331787109,-0.054657142609357834,0.9998570084571838,0.6344174146652222,0.7372810244560242,0.05395612120628357,0.9998665452003479,0.5680050849914551,0.7266656160354614,-0.012103546410799026,0.9075022339820862,0.5588082075119019,0.7339549660682678,0.0635146051645279,0.6233571171760559,0.5505577921867371,0.8486655354499817,-0.26901718974113464,0.9387974739074707,0.5249851942062378,0.8267902135848999,-0.1465679109096527,0.8450989723205566,0.5542523860931396,0.8756977319717407,-0.2963342070579529,0.9707618951797485,0.5274837613105774,0.8463505506515503,-0.17392215132713318,0.9679867625236511,0.5239676237106323,0.8612751364707947,-0.3152565360069275,0.896590530872345,0.48974284529685974,0.8394600749015808,-0.1981256902217865,0.7394243478775024
182,0.6216904520988464,0.6613020300865173,0.4123390316963196,0.8361380100250244,0.6180309653282166,0.6564749479293823,0.41446977853775024,0.7915845513343811,0.6165879964828491,0.6551198959350586,0.41456761956214905,0.809236466884613,0.6151243448257446,0.6539357304573059,0.4146071970462799,0.7826701402664185,0.6227279901504517,0.660862386226654,0.42531490325927734,0.8098798990249634,0.6244186162948608,0.6627894043922424,0.42549213767051697,0.8243363499641418,0.6260462999343872,0.6651943922042847,0.42545396089553833,0.7960174083709717,0.6136971712112427,0.6539780497550964,0.37566569447517395,0.7953185439109802,0.6286745071411133,0.6704038977622986,0.3954709470272064,0.8389898538589478,0.6223973631858826,0.6621133089065552,0.38785019516944885,0.8346260786056519,0.625739574432373,0.6651484370231628,0.40064096450805664,0.8371345400810242,0.6164460182189941,0.6572504639625549,0.22115488350391388,0.999538779258728,0.6555207371711731,0.7005103826522827,0.330929160118103,0.9982476830482483,0.5820960402488708,0.6913353204727173,0.16192388534545898,0.22790272533893585,0.6388564705848694,0.7614104747772217,0.25864067673683167,0.25427788496017456,0.5685649514198303,0.7353314161300659,0.14122872054576874,0.11111743748188019,0.5963143110275269,0.7922725677490234,0.2113824337720871,0.20809020102024078,0.5627020597457886,0.7386150360107422,0.13030989468097687,0.12033655494451523,0.59245765209198,0.7980644702911377,0.20994532108306885,0.20951518416404724,0.5700676441192627,0.7437621355056763,0.1440771073102951,0.12093418836593628,0.5830873847007751,0.7887433171272278,0.21256394684314728,0.20179599523544312,0.5737822651863098,0.7457857131958008,0.14594781398773193,0.1326073408126831,0.5852383375167847,0.7855549454689026,0.21035733819007874,0.19308672845363617,0.6150094270706177,0.7023018598556519,-0.05796452611684799,0.9998711347579956,0.6382372975349426,0.7372856140136719,0.057216208428144455,0.9998794198036194,0.5633246302604675,0.7245702743530273,-0.035225167870521545,0.9130492806434631,0.5607776641845703,0.7334873676300049,0.055890925228595734,0.6149601936340332,0.5560891032218933,0.8557397127151489,-0.26681312918663025,0.9436753392219543,0.5239046812057495,0.8322862982749939,-0.13356450200080872,0.8446599245071411,0.5611501932144165,0.8836881518363953,-0.29103243350982666,0.9733930230140686,0.5261242985725403,0.8539579510688782,-0.15693789720535278,0.9687673449516296,0.5300850868225098,0.8701118230819702,-0.3048303723335266,0.9044966101646423,0.48941898345947266,0.8293613195419312,-0.1802920401096344,0.7425004839897156
183,0.6218733191490173,0.6527141332626343,0.4051267206668854,0.8449819684028625,0.6184649467468262,0.6466964483261108,0.4057365357875824,0.7989642024040222,0.6169926524162292,0.645778477191925,0.4058181345462799,0.8162726163864136,0.6154841184616089,0.6450393795967102,0.4058591425418854,0.7926339507102966,0.623202383518219,0.6492301821708679,0.415332555770874,0.8171319961547852,0.6249064207077026,0.650370717048645,0.415532648563385,0.8293712139129639,0.6265569925308228,0.6516673564910889,0.41547998785972595,0.8021676540374756,0.6139560341835022,0.6483936309814453,0.37351635098457336,0.7963995933532715,0.6289781332015991,0.6564859747886658,0.38899675011634827,0.8355488181114197,0.6207600831985474,0.6504819989204407,0.38074398040771484,0.8270270228385925,0.6256128549575806,0.6586579084396362,0.392747700214386,0.8233672976493835,0.6162610650062561,0.6476865410804749,0.22517268359661102,0.9995568990707397,0.6577111482620239,0.6981725692749023,0.32250261306762695,0.9981582164764404,0.5884993076324463,0.6551671624183655,0.21124020218849182,0.21781909465789795,0.648551344871521,0.7579057216644287,0.26008421182632446,0.2317086011171341,0.5790666341781616,0.6701821088790894,0.253085196018219,0.10547518730163574,0.6109172701835632,0.8055928349494934,0.2267691195011139,0.19010701775550842,0.5724536776542664,0.6673694252967834,0.25498726963996887,0.11540397256612778,0.6076961159706116,0.8175346255302429,0.22603590786457062,0.19528737664222717,0.5808765292167664,0.6742135286331177,0.2624109387397766,0.11595234274864197,0.597710371017456,0.8129262328147888,0.23030276596546173,0.18730227649211884,0.5847993493080139,0.6800538897514343,0.2578811049461365,0.12736481428146362,0.5989208817481995,0.8079646229743958,0.22741718590259552,0.17885836958885193,0.612867534160614,0.7089864611625671,-0.058118682354688644,0.9998833537101746,0.6360413432121277,0.7483365535736084,0.05733611062169075,0.9998883008956909,0.5618170499801636,0.7222268581390381,-0.02475893869996071,0.9175902605056763,0.5610965490341187,0.7346818447113037,0.09248262643814087,0.5928604006767273,0.5499942898750305,0.8519049882888794,-0.2532587945461273,0.9476165175437927,0.5299302339553833,0.840374231338501,-0.10701068490743637,0.8384842276573181,0.5559909343719482,0.8794384598731995,-0.2771756052970886,0.9755249619483948,0.5329499840736389,0.8606394529342651,-0.13061688840389252,0.9687865376472473,0.5211824178695679,0.8711653351783752,-0.2862876355648041,0.91126948595047,0.4951433539390564,0.8519156575202942,-0.150314062833786,0.7409144043922424
184,0.6203303337097168,0.6524996161460876,0.40059828758239746,0.8199518918991089,0.617445170879364,0.6465950012207031,0.40007156133651733,0.76541668176651,0.6161730885505676,0.6456738114356995,0.40013590455055237,0.7862411737442017,0.6148877739906311,0.644964873790741,0.40016159415245056,0.7645428776741028,0.62184739112854,0.6491339206695557,0.4094189703464508,0.7831133008003235,0.6235991716384888,0.6502946019172668,0.4096260964870453,0.7947360873222351,0.6253379583358765,0.6515986323356628,0.40957266092300415,0.7666483521461487,0.6141866445541382,0.6471542716026306,0.35869377851486206,0.758700966835022,0.6289652585983276,0.6561859250068665,0.3870987892150879,0.7869697213172913,0.6185314059257507,0.6489982604980469,0.376003235578537,0.7834861874580383,0.6208711862564087,0.6542342901229858,0.3884419798851013,0.7701109647750854,0.6188036203384399,0.6448180079460144,0.22859501838684082,0.9995214939117432,0.6575161814689636,0.7012240290641785,0.3212769031524658,0.997477114200592,0.5953566431999207,0.6542415022850037,0.21743886172771454,0.20351602137088776,0.6484386920928955,0.762875497341156,0.24685069918632507,0.21068577468395233,0.5891069173812866,0.6699207425117493,0.2609559893608093,0.0984567254781723,0.6125980615615845,0.8227823972702026,0.17870253324508667,0.17356359958648682,0.583861768245697,0.6667636036872864,0.2650148868560791,0.10951139032840729,0.6101216673851013,0.8367564678192139,0.17290720343589783,0.1814572960138321,0.5919868350028992,0.6732770800590515,0.2730376720428467,0.11028614640235901,0.6004746556282043,0.8334954977035522,0.1807483732700348,0.17338895797729492,0.5953657627105713,0.6788082122802734,0.2663087844848633,0.12140049040317535,0.6013686656951904,0.8273954391479492,0.18015465140342712,0.16543559730052948,0.6176691651344299,0.7084246873855591,-0.0590972900390625,0.9998927712440491,0.6370331645011902,0.7501949667930603,0.05840541794896126,0.9998873472213745,0.5602389574050903,0.7221260666847229,-0.06491833180189133,0.922627329826355,0.5608198642730713,0.7409123778343201,0.07005918025970459,0.5804508328437805,0.5369880795478821,0.843998908996582,-0.29435521364212036,0.9513813257217407,0.5400580167770386,0.8609511256217957,-0.14006775617599487,0.8359788656234741,0.5421010255813599,0.8712831139564514,-0.31920263171195984,0.9772464036941528,0.5444625020027161,0.8817548155784607,-0.1663578450679779,0.9692314863204956,0.5088804960250854,0.8634169697761536,-0.3368522524833679,0.9177019596099854,0.5082123875617981,0.8788279891014099,-0.1893622875213623,0.7429876923561096
185,0.6205722093582153,0.6529501080513,0.4342535138130188,0.8263040781021118,0.6175097823143005,0.6472941637039185,0.432788610458374,0.7735617756843567,0.6161145567893982,0.6460274457931519,0.4328804016113281,0.7932153940200806,0.6147204041481018,0.6449286937713623,0.4329114556312561,0.7741948962211609,0.6221894025802612,0.6506186723709106,0.44184786081314087,0.7905080914497375,0.6239982843399048,0.651977002620697,0.44203537702560425,0.8006615042686462,0.6257473230361938,0.6534134149551392,0.44200509786605835,0.7750679850578308,0.6143078804016113,0.6462653279304504,0.3796918988227844,0.7616667151451111,0.6298366785049438,0.6579461693763733,0.41782012581825256,0.7891030311584473,0.6180945634841919,0.6493737101554871,0.4088834822177887,0.7822305560112,0.6213687658309937,0.6550577878952026,0.4209771156311035,0.7700051665306091,0.6192098259925842,0.6459696292877197,0.2405538260936737,0.9995036125183105,0.6652715802192688,0.7039836645126343,0.3546128273010254,0.9974967241287231,0.5955733060836792,0.6551437377929688,0.1964762955904007,0.1910645067691803,0.6542176008224487,0.7602027058601379,0.2715573012828827,0.19100980460643768,0.5915424823760986,0.6751530766487122,0.2096889317035675,0.09131456911563873,0.6182879209518433,0.8101011514663696,0.20285677909851074,0.1574711799621582,0.5865503549575806,0.6728304624557495,0.210190087556839,0.10266146063804626,0.6141419410705566,0.8206950426101685,0.19674155116081238,0.1660972535610199,0.5957921147346497,0.6794336438179016,0.2098747193813324,0.10354380309581757,0.6059539318084717,0.8159940838813782,0.2064385712146759,0.1584799736738205,0.5990899801254272,0.6841732263565063,0.2089269608259201,0.11380727589130402,0.6074522733688354,0.8107277154922485,0.20479217171669006,0.15126918256282806,0.6150188446044922,0.7154341340065002,-0.06030213087797165,0.9999018907546997,0.6400853395462036,0.7616214156150818,0.059606947004795074,0.9998940825462341,0.5579270124435425,0.719554603099823,-0.04072214290499687,0.9283790588378906,0.5757956504821777,0.7716474533081055,0.11467615514993668,0.5859617590904236,0.5289374589920044,0.8235066533088684,-0.26432085037231445,0.9540332555770874,0.5658994317054749,0.8827769160270691,-0.11504729837179184,0.8398402333259583,0.5318291783332825,0.8394099473953247,-0.29510822892189026,0.9786816835403442,0.5629313588142395,0.8966742157936096,-0.1643849015235901,0.9693228602409363,0.47968339920043945,0.8391072154045105,-0.25243765115737915,0.9201997518539429,0.5308509469032288,0.9121357202529907,-0.1479692906141281,0.7416245937347412
186,0.6205560564994812,0.6545318961143494,0.4184448719024658,0.7958346605300903,0.6176914572715759,0.6499325037002563,0.42283859848976135,0.734707772731781,0.6163152456283569,0.648695170879364,0.4229085445404053,0.7588355541229248,0.6149375438690186,0.6475871801376343,0.42291563749313354,0.7398636937141418,0.622348427772522,0.653120756149292,0.43236422538757324,0.7496078014373779,0.6241632699966431,0.6543115377426147,0.4325806498527527,0.7600842714309692,0.625940203666687,0.6555604934692383,0.4325161576271057,0.7320464253425598,0.6143372058868408,0.6486473679542542,0.3685319721698761,0.7248879075050354,0.6299983263015747,0.6592597961425781,0.40185222029685974,0.7373575568199158,0.6184596419334412,0.653853178024292,0.3957921862602234,0.7373179793357849,0.6218951940536499,0.6579886674880981,0.4073556363582611,0.7221142649650574,0.6187094449996948,0.6491318941116333,0.24009856581687927,0.9994503259658813,0.6627216935157776,0.7017201781272888,0.33850857615470886,0.9964693784713745,0.5940713882446289,0.6594237089157104,0.2351529598236084,0.17780347168445587,0.6485534310340881,0.7521827816963196,0.25888049602508545,0.1723124086856842,0.5885075330734253,0.6687084436416626,0.3061812222003937,0.08458683639764786,0.6169747114181519,0.7943598031997681,0.1902826726436615,0.14223304390907288,0.5837507843971252,0.6630379557609558,0.3118347227573395,0.09666332602500916,0.6141642332077026,0.804538369178772,0.18247272074222565,0.1509038507938385,0.5929872989654541,0.6678064465522766,0.32123780250549316,0.09763339906930923,0.6071419715881348,0.8008916974067688,0.19631843268871307,0.14389179646968842,0.5966184735298157,0.673156201839447,0.31265193223953247,0.10733220726251602,0.6082574129104614,0.7942787408828735,0.19356794655323029,0.13742272555828094,0.6157205104827881,0.7095769643783569,-0.059755247086286545,0.999910295009613,0.6390724778175354,0.7579555511474609,0.05909503623843193,0.9998986124992371,0.5572543740272522,0.7231525182723999,-0.057527899742126465,0.9333944916725159,0.5728436708450317,0.7561882138252258,0.0828593373298645,0.5698278546333313,0.5318428874015808,0.8252580761909485,-0.25674277544021606,0.9571776390075684,0.5451868772506714,0.8582813143730164,-0.10808251798152924,0.8335113525390625,0.5371264219284058,0.8437453508377075,-0.27868789434432983,0.9801904559135437,0.5436995625495911,0.8769944310188293,-0.14652889966964722,0.9684432148933411,0.49734416604042053,0.8599804043769836,-0.2728203237056732,0.9252848029136658,0.5123213529586792,0.8734638094902039,-0.14334246516227722,0.7366884350776672
187,0.6206098794937134,0.6522071957588196,0.412994921207428,0.7958012819290161,0.6178105473518372,0.64798504114151,0.41777268052101135,0.7281359434127808,0.6164230108261108,0.6468890905380249,0.41782984137535095,0.7548040151596069,0.6150413751602173,0.6459444165229797,0.4178582727909088,0.7360666990280151,0.6225227117538452,0.6509803533554077,0.4272805154323578,0.7411605715751648,0.62433260679245,0.6521168351173401,0.42750343680381775,0.7510170936584473,0.6260883212089539,0.6532972455024719,0.4274256229400635,0.7202661037445068,0.6144530773162842,0.6485488414764404,0.36455968022346497,0.7148858904838562,0.6303496360778809,0.657483696937561,0.3971152901649475,0.71797776222229,0.6183162927627563,0.6479177474975586,0.38996806740760803,0.720460832118988,0.6220281720161438,0.6525736451148987,0.40112680196762085,0.6996349692344666,0.6174225211143494,0.6473199725151062,0.2383056879043579,0.9994499683380127,0.6617429256439209,0.700866162776947,0.33221539855003357,0.9962379932403564,0.5869467854499817,0.6616958975791931,0.21951404213905334,0.16772226989269257,0.6484621167182922,0.7515542507171631,0.25459519028663635,0.156129390001297,0.5804712176322937,0.6730061173439026,0.2611127495765686,0.07955742627382278,0.6159979701042175,0.7955389022827148,0.19118362665176392,0.1293761432170868,0.5742409825325012,0.6703704595565796,0.26422417163848877,0.09248794615268707,0.6130265593528748,0.8064942955970764,0.18485720455646515,0.13902971148490906,0.5859613418579102,0.675955057144165,0.27283167839050293,0.09351467341184616,0.6054049730300903,0.8017717599868774,0.19666507840156555,0.13230659067630768,0.5905454158782959,0.6803413033485413,0.26645755767822266,0.10294175893068314,0.606407880783081,0.7957201600074768,0.19385816156864166,0.12640142440795898,0.6146522760391235,0.7066835165023804,-0.05944468453526497,0.9999181628227234,0.6382589340209961,0.7538725733757019,0.058784909546375275,0.9999045729637146,0.5567318201065063,0.7263678908348083,-0.04598752409219742,0.9369521737098694,0.5691854953765869,0.7532186508178711,0.07527540624141693,0.5584742426872253,0.5366042852401733,0.8403051495552063,-0.2514443099498749,0.9600256681442261,0.5385264158248901,0.8529474139213562,-0.1070677787065506,0.8320054411888123,0.543853223323822,0.8638953566551208,-0.27331122756004333,0.9816480278968811,0.538077712059021,0.8727092146873474,-0.13444814085960388,0.9689428210258484,0.5024271011352539,0.8655683994293213,-0.27358895540237427,0.9298969507217407,0.5115312337875366,0.8674310445785522,-0.14459167420864105,0.7364270091056824
188,0.6200574636459351,0.6405866146087646,0.41316646337509155,0.8104745149612427,0.6183167695999146,0.6338108777999878,0.41702255606651306,0.7455143928527832,0.616860032081604,0.6321007609367371,0.4170820116996765,0.770414412021637,0.6155550479888916,0.6310969591140747,0.4171201288700104,0.7529140710830688,0.6226465702056885,0.6366977095603943,0.4254848062992096,0.7575439214706421,0.6244516372680664,0.63828444480896,0.4257212281227112,0.7663471102714539,0.6267090439796448,0.6487321853637695,0.425658643245697,0.7367426156997681,0.6161257028579712,0.6320830583572388,0.36264464259147644,0.7303934097290039,0.6312330961227417,0.6512512564659119,0.3968965709209442,0.7339261174201965,0.618500828742981,0.6417147517204285,0.38989612460136414,0.7375631928443909,0.6222732663154602,0.6464073657989502,0.4004323482513428,0.715907096862793,0.6172441244125366,0.644619345664978,0.23622961342334747,0.9994840025901794,0.6615868806838989,0.6935466527938843,0.32776179909706116,0.9964852929115295,0.587306022644043,0.6638813614845276,0.19563411176204681,0.16384200751781464,0.660346508026123,0.7482368350028992,0.24556931853294373,0.1433415412902832,0.5807195901870728,0.686238706111908,0.19821234047412872,0.07430942356586456,0.6243575811386108,0.7969068884849548,0.18694041669368744,0.11790120601654053,0.5745861530303955,0.6863307356834412,0.19810903072357178,0.0876523107290268,0.6218701004981995,0.808638870716095,0.18282946944236755,0.12810450792312622,0.5860047936439514,0.6914234757423401,0.2071695327758789,0.08890808373689651,0.6135907769203186,0.8045599460601807,0.19413651525974274,0.12178300321102142,0.5903704762458801,0.6936851739883423,0.2029426097869873,0.09808649867773056,0.6143391728401184,0.7985227108001709,0.18998956680297852,0.11636132746934891,0.6136558651924133,0.7051957845687866,-0.06012459471821785,0.9999256730079651,0.638559877872467,0.7509127855300903,0.05944940447807312,0.9999119639396667,0.5561457276344299,0.7268717288970947,-0.06483324617147446,0.9409757256507874,0.5650939345359802,0.7499517202377319,0.056043386459350586,0.5607642531394958,0.5345579385757446,0.8368121385574341,-0.28491753339767456,0.9624887108802795,0.5366905927658081,0.8510434031486511,-0.14077410101890564,0.832643449306488,0.5493810176849365,0.869113564491272,-0.3079777956008911,0.9828804135322571,0.5353851318359375,0.8713262677192688,-0.1664213240146637,0.9693014025688171,0.5083321332931519,0.8694189190864563,-0.30334845185279846,0.9337767958641052,0.5066343545913696,0.8667462468147278,-0.17739108204841614,0.7371371984481812
189,0.6181766986846924,0.6340427994728088,0.3907240629196167,0.826924741268158,0.6178262829780579,0.6275416016578674,0.38917091488838196,0.7677016854286194,0.6165899038314819,0.6262932419776917,0.389242947101593,0.7901108264923096,0.6153172254562378,0.6253103613853455,0.3892437815666199,0.774330735206604,0.6217328310012817,0.6307480335235596,0.39588502049446106,0.7784633040428162,0.6232927441596985,0.6318785548210144,0.39608246088027954,0.78603595495224,0.6253811717033386,0.6356177926063538,0.39605098962783813,0.7587515115737915,0.6162110567092896,0.6262704730033875,0.33774444460868835,0.7522577047348022,0.6311853528022766,0.6438509821891785,0.3672345280647278,0.7564186453819275,0.6179013848304749,0.6370775699615479,0.3672318458557129,0.7588540315628052,0.6218752264976501,0.6413565874099731,0.3762381076812744,0.7377461791038513,0.6171410083770752,0.6276567578315735,0.21168002486228943,0.9995261430740356,0.6623004674911499,0.6851533651351929,0.3011763393878937,0.9967637062072754,0.5875118970870972,0.6641306281089783,0.15452787280082703,0.16467846930027008,0.6616107225418091,0.746252715587616,0.22818490862846375,0.13317908346652985,0.5805186033248901,0.692640483379364,0.14372974634170532,0.06957888603210449,0.6314141154289246,0.7997711896896362,0.18416878581047058,0.10762600600719452,0.5746530294418335,0.693755567073822,0.13847479224205017,0.08290261030197144,0.6300168633460999,0.8116635084152222,0.18155160546302795,0.11807778477668762,0.5851886868476868,0.6990674734115601,0.14810307323932648,0.08430241048336029,0.6208763718605042,0.8087542057037354,0.19136583805084229,0.11210598796606064,0.5893193483352661,0.7009605765342712,0.1479596197605133,0.09325072169303894,0.6209251284599304,0.803082287311554,0.18699458241462708,0.10722775012254715,0.6131531000137329,0.7046622633934021,-0.05968307703733444,0.9999327063560486,0.6389154195785522,0.7492456436157227,0.05900447443127632,0.9999192953109741,0.5559414029121399,0.7266311645507812,-0.051910728216171265,0.9433150887489319,0.5623459219932556,0.748388946056366,0.0636114850640297,0.5520458817481995,0.5410167574882507,0.8469130396842957,-0.2738012373447418,0.9639782905578613,0.5267489552497864,0.8499243259429932,-0.13128216564655304,0.8284386396408081,0.5508238077163696,0.8744525909423828,-0.2968129813671112,0.9838421940803528,0.5288126468658447,0.8685106635093689,-0.15587769448757172,0.9684122204780579,0.5194126963615417,0.8852483630180359,-0.29177922010421753,0.9358947277069092,0.49096494913101196,0.8665262460708618,-0.16567015647888184,0.7318898439407349
190,0.6179457306861877,0.6342450380325317,0.39805641770362854,0.8406059741973877,0.6178961992263794,0.6277979612350464,0.39557358622550964,0.7855750322341919,0.6166518926620483,0.6262509822845459,0.39565104246139526,0.8059353232383728,0.6153604984283447,0.6251214742660522,0.3956601023674011,0.7912412881851196,0.6216509938240051,0.631252646446228,0.4021492898464203,0.7956726551055908,0.6233564615249634,0.6327279806137085,0.40233415365219116,0.802044689655304,0.6255275011062622,0.6389944553375244,0.4022900462150574,0.7766144275665283,0.6169710159301758,0.6258372068405151,0.34031590819358826,0.7695847153663635,0.6310056447982788,0.6434808373451233,0.36969828605651855,0.7747701406478882,0.6180487871170044,0.6374475359916687,0.37337151169776917,0.7772322297096252,0.6220414042472839,0.6419302821159363,0.3823188841342926,0.7564204931259155,0.6170388460159302,0.6230412721633911,0.20874901115894318,0.9995628595352173,0.6619641184806824,0.6821753978729248,0.30348703265190125,0.9969949722290039,0.5875086784362793,0.6633678078651428,0.15613514184951782,0.1708478033542633,0.6666584014892578,0.7382200360298157,0.232264906167984,0.12382883578538895,0.5796581506729126,0.6930913329124451,0.1494041532278061,0.06615711003541946,0.6265812516212463,0.7968263030052185,0.19785264134407043,0.09799063950777054,0.5748931169509888,0.695004403591156,0.14512786269187927,0.07942742854356766,0.624302864074707,0.8100529313087463,0.1976413130760193,0.10822445154190063,0.5837360620498657,0.7008615732192993,0.15476855635643005,0.08092407137155533,0.6158206462860107,0.8083397150039673,0.20494726300239563,0.10274176299571991,0.5878137350082397,0.7024978995323181,0.15383154153823853,0.08990328758955002,0.6160226464271545,0.8015395402908325,0.20019617676734924,0.09845224767923355,0.6132939457893372,0.7000325322151184,-0.05949459224939346,0.9999389052391052,0.6387941837310791,0.7402974367141724,0.058828502893447876,0.9999256730079651,0.5562921762466431,0.728503406047821,-0.08825255930423737,0.9455548524856567,0.5579742193222046,0.748019278049469,0.020087866112589836,0.5489540696144104,0.5454453229904175,0.8552262783050537,-0.31675612926483154,0.9648672342300415,0.5252270102500916,0.8486453294754028,-0.17241649329662323,0.8200690150260925,0.5535533428192139,0.883829653263092,-0.3402562737464905,0.9844646453857422,0.5282033085823059,0.8693557977676392,-0.19680850207805634,0.9667450785636902,0.5238431096076965,0.8898672461509705,-0.34172922372817993,0.9351012110710144,0.48889437317848206,0.8621960878372192,-0.20899534225463867,0.7182946801185608
191,0.6180386543273926,0.6326784491539001,0.3686140477657318,0.8551967144012451,0.618363618850708,0.6260407567024231,0.36469775438308716,0.8052313327789307,0.6173545122146606,0.6249104142189026,0.3647734522819519,0.8234813213348389,0.6162101626396179,0.6240277886390686,0.36477312445640564,0.8098626136779785,0.6220110654830933,0.6293750405311584,0.369903564453125,0.8145303130149841,0.6236290335655212,0.630595862865448,0.37008434534072876,0.8201621174812317,0.625544011592865,0.6332562565803528,0.3700396418571472,0.7968389987945557,0.6182640194892883,0.6258224248886108,0.31185346841812134,0.7898593544960022,0.6325370073318481,0.6396201252937317,0.335300475358963,0.7955913543701172,0.6186720728874207,0.6366532444953918,0.34537795186042786,0.7969738245010376,0.6229391694068909,0.6408640742301941,0.35248976945877075,0.7777490615844727,0.6169310808181763,0.6259088516235352,0.18546341359615326,0.9996022582054138,0.6641070246696472,0.676639974117279,0.2757345139980316,0.9972610473632812,0.5874804854393005,0.6630972623825073,0.1423487514257431,0.19221878051757812,0.6761364340782166,0.7291033864021301,0.21931591629981995,0.12162315845489502,0.5791081190109253,0.6956656575202942,0.14525564014911652,0.06382404267787933,0.6379333138465881,0.7764469385147095,0.19572713971138,0.09037858992815018,0.5741000175476074,0.6988608241081238,0.1395203024148941,0.07647795975208282,0.6353851556777954,0.7851359844207764,0.19360224902629852,0.1006406620144844,0.5825583338737488,0.7036973834037781,0.15091601014137268,0.07812757045030594,0.6262911558151245,0.7830690145492554,0.202254056930542,0.09563128650188446,0.5864793062210083,0.7042666077613831,0.15051671862602234,0.08726505935192108,0.6271247863769531,0.7785467505455017,0.19795356690883636,0.09200403839349747,0.6132797002792358,0.699776828289032,-0.05931476876139641,0.9999448657035828,0.6399596929550171,0.7348405718803406,0.05862186476588249,0.9999325275421143,0.5573478937149048,0.7297597527503967,-0.06945601105690002,0.9481679201126099,0.554725170135498,0.7445308566093445,0.04658340662717819,0.5328397154808044,0.5588280558586121,0.8653723001480103,-0.3073583245277405,0.9667116403579712,0.5106218457221985,0.8307890295982361,-0.1431162804365158,0.8177557587623596,0.5679763555526733,0.8929762244224548,-0.3311886191368103,0.9854527115821838,0.5119400024414062,0.8521053194999695,-0.16712091863155365,0.9658958911895752,0.534061074256897,0.900709331035614,-0.32480505108833313,0.9376083016395569,0.47227543592453003,0.8274346590042114,-0.1780463606119156,0.7138248682022095
192,0.618342399597168,0.632546067237854,0.3675079047679901,0.8664155602455139,0.619216799736023,0.6253867745399475,0.3626452088356018,0.820713460445404,0.6185031533241272,0.6239932179450989,0.36271071434020996,0.8369317650794983,0.6175224184989929,0.623008131980896,0.36270350217819214,0.8243239521980286,0.6226804852485657,0.6287469267845154,0.36910897493362427,0.8292722702026367,0.6245198845863342,0.6296727657318115,0.36928993463516235,0.8338562846183777,0.6262232661247253,0.6313589811325073,0.3692457377910614,0.8118066787719727,0.6197842955589294,0.6243208646774292,0.3057597279548645,0.804387092590332,0.6346723437309265,0.6389944553375244,0.33572328090667725,0.8110319972038269,0.6194180250167847,0.6364195942878723,0.3423916697502136,0.8113051056861877,0.6236928701400757,0.6405078172683716,0.35138413310050964,0.7916944026947021,0.6174498796463013,0.6230608820915222,0.1821657121181488,0.9996330142021179,0.6643562316894531,0.6789384484291077,0.27327820658683777,0.997452974319458,0.5904852747917175,0.6610183715820312,0.12874524295330048,0.1927097886800766,0.6708390116691589,0.7308528423309326,0.21721069514751434,0.11379384249448776,0.5797896385192871,0.6911829710006714,0.11222805082798004,0.06024513393640518,0.6336172819137573,0.7795340418815613,0.19277383387088776,0.08289328217506409,0.5741416811943054,0.694282591342926,0.10602410137653351,0.07272934913635254,0.6314140558242798,0.7887573838233948,0.19249333441257477,0.09311701357364655,0.5826499462127686,0.6987754106521606,0.1142667904496193,0.07448972016572952,0.621799111366272,0.7860497236251831,0.20095595717430115,0.08845344930887222,0.5867167711257935,0.699225127696991,0.11600477993488312,0.08338484913110733,0.6223565936088562,0.781366229057312,0.19527187943458557,0.0853513702750206,0.6138287782669067,0.7008727192878723,-0.05923745781183243,0.9999501705169678,0.6407493352890015,0.7354203462600708,0.05856053903698921,0.999938428401947,0.557089626789093,0.7294301390647888,-0.06934640556573868,0.95045405626297,0.5536381006240845,0.7425869703292847,0.05378706380724907,0.5217764973640442,0.5534727573394775,0.8606651425361633,-0.29942160844802856,0.9678786993026733,0.5075525045394897,0.828515350818634,-0.14075331389904022,0.8174198269844055,0.5619797706604004,0.8882123231887817,-0.3224378824234009,0.9860803484916687,0.5082475543022156,0.8504464030265808,-0.16547131538391113,0.9655844569206238,0.5319257974624634,0.8999758362770081,-0.3174290955066681,0.9389210343360901,0.46921300888061523,0.8249111771583557,-0.1726897805929184,0.7131900191307068
193,0.6186979413032532,0.6301708817481995,0.3632044196128845,0.8786953091621399,0.6202496290206909,0.6223907470703125,0.3596327602863312,0.8373100161552429,0.6199733018875122,0.6213893294334412,0.3596974313259125,0.8518695831298828,0.6194882392883301,0.6205462217330933,0.35968053340911865,0.8404061198234558,0.6228203177452087,0.6251565217971802,0.3682252764701843,0.8452840447425842,0.6245560646057129,0.6259880661964417,0.368419349193573,0.8492851853370667,0.6261829137802124,0.627101480960846,0.36839720606803894,0.8291155099868774,0.6230960488319397,0.6216278076171875,0.3137243092060089,0.8224387764930725,0.6342270374298096,0.6333961486816406,0.3502807319164276,0.8285124897956848,0.6207563281059265,0.6346834897994995,0.34230050444602966,0.8286328315734863,0.6240290403366089,0.6381264925003052,0.354051411151886,0.8102339506149292,0.6218011379241943,0.6194928288459778,0.19302910566329956,0.9996683597564697,0.6639546155929565,0.6798802614212036,0.28316137194633484,0.9976903796195984,0.5921571850776672,0.6578913927078247,0.14505724608898163,0.21074731647968292,0.6671451330184937,0.7311986684799194,0.22189101576805115,0.11399437487125397,0.5801740884780884,0.6873336434364319,0.1396338790655136,0.05959314480423927,0.635691225528717,0.7913102507591248,0.18605269491672516,0.07882831245660782,0.5783263444900513,0.6900531053543091,0.1342412680387497,0.07205856591463089,0.6346312761306763,0.8033217191696167,0.18496206402778625,0.09061913192272186,0.582720160484314,0.6953696012496948,0.14361967146396637,0.07397312670946121,0.6243872046470642,0.8016158938407898,0.18614056706428528,0.08584670722484589,0.58672034740448,0.6956483125686646,0.14402908086776733,0.08273851126432419,0.624618649482727,0.7959720492362976,0.18561804294586182,0.08308625966310501,0.6223620176315308,0.7008635401725769,-0.06020548939704895,0.9999551177024841,0.6404532790184021,0.7335684299468994,0.05954349786043167,0.999944269657135,0.5616071224212646,0.7318572998046875,-0.12725475430488586,0.9547232389450073,0.5506908893585205,0.7381499409675598,0.043279122561216354,0.5412271618843079,0.5682896971702576,0.8696056604385376,-0.358449786901474,0.9704656004905701,0.5116758942604065,0.8133285641670227,-0.14181098341941833,0.8287504315376282,0.5782437324523926,0.9024096727371216,-0.38280728459358215,0.9871065616607666,0.5049065947532654,0.8446975350379944,-0.1652592420578003,0.9677001237869263,0.534711480140686,0.9054537415504456,-0.39938145875930786,0.9438314437866211,0.46610015630722046,0.8205324411392212,-0.17694638669490814,0.7327716946601868
194,0.6205639839172363,0.631646454334259,0.3663023114204407,0.8892908096313477,0.6227038502693176,0.6244878172874451,0.3620677888393402,0.851524293422699,0.6221217513084412,0.6233160495758057,0.3621377944946289,0.8646220564842224,0.6216789484024048,0.6224250793457031,0.3621291518211365,0.8540301322937012,0.6244302988052368,0.6273670196533203,0.3704538643360138,0.8591610193252563,0.6256420016288757,0.628277063369751,0.37063685059547424,0.8626265525817871,0.6267162561416626,0.6292247772216797,0.37059542536735535,0.8440439105033875,0.624374508857727,0.6229843497276306,0.31230273842811584,0.8377519845962524,0.6341472864151001,0.6354138255119324,0.351145476102829,0.8435003757476807,0.6225287914276123,0.6354987025260925,0.3438684344291687,0.8435196876525879,0.6252367496490479,0.6390694975852966,0.3554724156856537,0.826212465763092,0.6225326061248779,0.6192168593406677,0.1906268447637558,0.9996994137763977,0.6637202501296997,0.6750472784042358,0.2895379066467285,0.9978909492492676,0.5919925570487976,0.6569203734397888,0.1497185081243515,0.2205781787633896,0.6673592329025269,0.7281763553619385,0.23681624233722687,0.10943972319364548,0.579633355140686,0.6866329908370972,0.15856871008872986,0.05844191089272499,0.6332845687866211,0.7862951159477234,0.20216307044029236,0.07311021536588669,0.5774142742156982,0.6900577545166016,0.15345796942710876,0.0708131492137909,0.6317535042762756,0.7977577447891235,0.20201358199119568,0.0851021260023117,0.5819927453994751,0.6946925520896912,0.15919920802116394,0.07277388870716095,0.621907651424408,0.7958534955978394,0.20089788734912872,0.08064353466033936,0.5857150554656982,0.6949355006217957,0.16233530640602112,0.08134780079126358,0.6224582195281982,0.7899979948997498,0.20110273361206055,0.07837479561567307,0.6239757537841797,0.7004649043083191,-0.061224423348903656,0.9999595284461975,0.6406562328338623,0.7318277359008789,0.06056089326739311,0.9999494552612305,0.5632255673408508,0.7320986390113831,-0.1344362199306488,0.9585998058319092,0.5515700578689575,0.7375332117080688,0.04733242839574814,0.5531662702560425,0.564865231513977,0.8708664178848267,-0.35252565145492554,0.9728004336357117,0.5066062211990356,0.819400429725647,-0.12466955184936523,0.8363246917724609,0.5798016786575317,0.9042139649391174,-0.37564748525619507,0.9879806637763977,0.5056568384170532,0.8464850783348083,-0.1459304839372635,0.9689583778381348,0.5323544144630432,0.9010810256004333,-0.3920021057128906,0.9479027390480042,0.46470704674720764,0.8208707571029663,-0.15745851397514343,0.745655357837677
195,0.6224194169044495,0.6315202713012695,0.3584001362323761,0.8975698351860046,0.6244212985038757,0.6250082850456238,0.353679358959198,0.8625559210777283,0.623862087726593,0.6239109635353088,0.3537462651729584,0.8746984004974365,0.6228421926498413,0.6228374242782593,0.3537314236164093,0.8641230463981628,0.6262975931167603,0.6278069615364075,0.3607960641384125,0.8702811598777771,0.6278220415115356,0.6290069818496704,0.3609732687473297,0.8733811378479004,0.6273005604743958,0.6315288543701172,0.36091896891593933,0.8554739356040955,0.6246378421783447,0.6227490305900574,0.30213725566864014,0.850049614906311,0.6341208219528198,0.6349315047264099,0.33610060811042786,0.8553925156593323,0.623680830001831,0.6352142691612244,0.3356650769710541,0.8555336594581604,0.6266776323318481,0.6387633085250854,0.345691442489624,0.8385328054428101,0.6227191686630249,0.6174655556678772,0.18218311667442322,0.9997261166572571,0.6634703278541565,0.6698625087738037,0.2832302451133728,0.9980484247207642,0.5917165875434875,0.6573886275291443,0.15269775688648224,0.22865433990955353,0.6668189764022827,0.7287839651107788,0.23437485098838806,0.10499092936515808,0.578554093837738,0.6866740584373474,0.17043273150920868,0.057744354009628296,0.6320855617523193,0.7841787338256836,0.19963577389717102,0.06772936880588531,0.5771487951278687,0.6908886432647705,0.16713501513004303,0.07004492729902267,0.6307439804077148,0.7951029539108276,0.1993742436170578,0.07948043942451477,0.581774115562439,0.6947919130325317,0.17328833043575287,0.07206958532333374,0.621647834777832,0.7934998869895935,0.19956380128860474,0.07546409964561462,0.5855339169502258,0.6950541138648987,0.1744958460330963,0.08054841309785843,0.6213451623916626,0.7877141833305359,0.19912360608577728,0.07368440181016922,0.6246823072433472,0.6980522274971008,-0.06103696674108505,0.9999635219573975,0.6409814357757568,0.7278785705566406,0.06037316471338272,0.9999539852142334,0.5641723871231079,0.7327625155448914,-0.1369885355234146,0.9622129797935486,0.5520700216293335,0.7377264499664307,0.05123702436685562,0.5588117241859436,0.5660267472267151,0.8749276995658875,-0.35258951783180237,0.9749983549118042,0.5060113668441772,0.8212059140205383,-0.10653098672628403,0.8431293964385986,0.5814968943595886,0.9075221419334412,-0.37531420588493347,0.9887767434120178,0.5061095952987671,0.8470563292503357,-0.12691059708595276,0.969873309135437,0.5305792093276978,0.9049261212348938,-0.39319178462028503,0.9514737129211426,0.4645082950592041,0.8206799030303955,-0.13778284192085266,0.7560662627220154
196,0.6213495135307312,0.6300322413444519,0.3381638526916504,0.8995526432991028,0.6239559054374695,0.6234915852546692,0.33537399768829346,0.8647751808166504,0.623763918876648,0.6226509809494019,0.33542948961257935,0.8770740628242493,0.622475266456604,0.6217817068099976,0.33540159463882446,0.8656622171401978,0.6247068047523499,0.6253196597099304,0.3448511064052582,0.8746281266212463,0.6263241171836853,0.6263201832771301,0.3450407087802887,0.8779376149177551,0.6261179447174072,0.6272397637367249,0.34497779607772827,0.859582245349884,0.6241090893745422,0.6210696697235107,0.2959979176521301,0.854912519454956,0.6323196887969971,0.6308854222297668,0.3396296203136444,0.8589808344841003,0.6229938268661499,0.6336972117424011,0.3199801743030548,0.8559457659721375,0.6246250867843628,0.6359135508537292,0.33293527364730835,0.8345138430595398,0.6234819889068604,0.6178128123283386,0.18921197950839996,0.9997459650039673,0.6588937044143677,0.6685035824775696,0.287545770406723,0.9981405138969421,0.5933272242546082,0.654552161693573,0.20605842769145966,0.23191362619400024,0.6593610048294067,0.7292280793190002,0.20621077716350555,0.10116670280694962,0.5807191133499146,0.6845629811286926,0.2685181200504303,0.057782694697380066,0.6307504177093506,0.793097198009491,0.13416652381420135,0.06699440628290176,0.5773706436157227,0.6883463263511658,0.274591326713562,0.07006876170635223,0.6301192045211792,0.8052574396133423,0.1289178729057312,0.08080142736434937,0.5829825401306152,0.6930704712867737,0.27840399742126465,0.07225353270769119,0.6205769777297974,0.8049792647361755,0.12878049910068512,0.07651085406541824,0.5867379903793335,0.6935834288597107,0.272671103477478,0.08081844449043274,0.6201125383377075,0.7995102405548096,0.13258202373981476,0.0747099444270134,0.6280068755149841,0.6981102228164673,-0.06118689849972725,0.9999670386314392,0.6403761506080627,0.7265339493751526,0.06059970334172249,0.9999576807022095,0.565479576587677,0.7360897660255432,-0.1795281022787094,0.965742290019989,0.5507546663284302,0.7373084425926208,0.01768069714307785,0.5793163180351257,0.5671265125274658,0.8800437450408936,-0.3666761517524719,0.9771569967269897,0.5086885690689087,0.8126078844070435,-0.11156152188777924,0.8533838391304016,0.5822836756706238,0.9088957905769348,-0.38753777742385864,0.9894506931304932,0.5069390535354614,0.8484195470809937,-0.13073644042015076,0.9713395237922668,0.5295882225036621,0.9073894619941711,-0.4174119532108307,0.9553964734077454,0.46532100439071655,0.8195042014122009,-0.14524134993553162,0.772372305393219
197,0.6226892471313477,0.6301950216293335,0.37482553720474243,0.8888923525810242,0.6248587965965271,0.6239297986030579,0.3714403808116913,0.8492583632469177,0.6243182420730591,0.6230295896530151,0.3714981973171234,0.8631197214126587,0.6225456595420837,0.6218620538711548,0.3714710772037506,0.8517160415649414,0.6264307498931885,0.6260395050048828,0.3770977258682251,0.8630439639091492,0.628355085849762,0.627220869064331,0.3772588074207306,0.8657809495925903,0.6265245079994202,0.6292663216590881,0.3771342933177948,0.8447549939155579,0.623782753944397,0.6212361454963684,0.32069846987724304,0.8363611102104187,0.6325012445449829,0.6316329836845398,0.3487212061882019,0.8361966609954834,0.6237089037895203,0.6336697340011597,0.3523094058036804,0.8350047469139099,0.626335084438324,0.6363934874534607,0.36028873920440674,0.8047352433204651,0.6233750581741333,0.6169897317886353,0.2102189064025879,0.9997468590736389,0.6580716371536255,0.6664857864379883,0.2895320951938629,0.9979928731918335,0.5930445194244385,0.6593824028968811,0.21776914596557617,0.21926765143871307,0.6584092378616333,0.7286653518676758,0.23142142593860626,0.09472539275884628,0.5809475183486938,0.6884944438934326,0.26654285192489624,0.05470430850982666,0.6259925961494446,0.798183798789978,0.19697360694408417,0.06230725347995758,0.5771175026893616,0.6914021372795105,0.26970499753952026,0.06694270670413971,0.6233128309249878,0.810396134853363,0.1938045769929886,0.07621853053569794,0.583295464515686,0.6974195241928101,0.2732231020927429,0.06904061138629913,0.6130493879318237,0.8114660382270813,0.19227288663387299,0.07214125990867615,0.5870274305343628,0.698249101638794,0.26987385749816895,0.07742785662412643,0.614668071269989,0.805705189704895,0.19607938826084137,0.07050146162509918,0.6262179613113403,0.6972243189811707,-0.06072505563497543,0.999970018863678,0.6415377855300903,0.7250741124153137,0.06021706387400627,0.9999597072601318,0.5652307868003845,0.7358344793319702,-0.15388675034046173,0.9684760570526123,0.5510554909706116,0.7388092875480652,0.030494263395667076,0.5822368860244751,0.5630155205726624,0.8762380480766296,-0.3568308353424072,0.9786012172698975,0.5100889801979065,0.8235646486282349,-0.12897029519081116,0.8552563190460205,0.5788003206253052,0.905614972114563,-0.3787926137447357,0.9896483421325684,0.5089255571365356,0.8528218865394592,-0.15010873973369598,0.9708340167999268,0.5283713340759277,0.9063684940338135,-0.3983839750289917,0.9571871161460876,0.4675179421901703,0.8214887976646423,-0.1663890779018402,0.7741259336471558
198,0.6222635507583618,0.6339197158813477,0.32992297410964966,0.8874498605728149,0.6248754262924194,0.624462366104126,0.32788798213005066,0.8474260568618774,0.6242795586585999,0.6235198974609375,0.32794666290283203,0.8625298142433167,0.6228240132331848,0.6223154664039612,0.32791879773139954,0.85006183385849,0.6265991926193237,0.6265656352043152,0.33534878492355347,0.8640888333320618,0.6282286047935486,0.6274890303611755,0.3355218768119812,0.8669057488441467,0.6250675320625305,0.6294446587562561,0.335418164730072,0.8444223999977112,0.6237136125564575,0.6215711832046509,0.2916625142097473,0.8360614776611328,0.6305690407752991,0.6322765946388245,0.3268752694129944,0.8349140286445618,0.6241137981414795,0.6339871883392334,0.31298044323921204,0.8344923853874207,0.6264869570732117,0.6368916630744934,0.32319939136505127,0.7999094724655151,0.6251402497291565,0.6180335879325867,0.19062736630439758,0.9997552633285522,0.6543945670127869,0.6648992300033569,0.280303418636322,0.9978557825088501,0.5966843366622925,0.6640284061431885,0.21423783898353577,0.2177806943655014,0.6507098078727722,0.7288866639137268,0.22830435633659363,0.08792624622583389,0.5844692587852478,0.6934995055198669,0.2971784770488739,0.05330585688352585,0.619526743888855,0.7972768545150757,0.19556884467601776,0.05734701827168465,0.5790649056434631,0.697052001953125,0.30756622552871704,0.06529178470373154,0.615424394607544,0.8087009191513062,0.19111450016498566,0.07063405215740204,0.5859757661819458,0.7031180262565613,0.3085794746875763,0.06737710535526276,0.6060506701469421,0.8081789612770081,0.18755339086055756,0.06698300689458847,0.5895654559135437,0.7037647366523743,0.30123504996299744,0.07592306286096573,0.608940601348877,0.8026160597801208,0.1934245377779007,0.06570184975862503,0.6294623613357544,0.6978636980056763,-0.05855602025985718,0.9999727606773376,0.6411064863204956,0.7262271642684937,0.05807904526591301,0.999961793422699,0.5686028599739075,0.7350054383277893,-0.17142266035079956,0.9713866710662842,0.5512020587921143,0.7388321757316589,0.02450859174132347,0.5942848324775696,0.5662447810173035,0.8788310289382935,-0.3663117289543152,0.9803277850151062,0.5110302567481995,0.8270211815834045,-0.12147949635982513,0.8598971366882324,0.5783029794692993,0.9084073305130005,-0.38753920793533325,0.9901115298271179,0.5108378529548645,0.8557602763175964,-0.13970540463924408,0.9703033566474915,0.5291283130645752,0.9090145826339722,-0.4127424359321594,0.959930419921875,0.4686320722103119,0.8204429745674133,-0.15379349887371063,0.7820888757705688
199,0.6230254769325256,0.6351377964019775,0.3240121006965637,0.8949248194694519,0.6248034238815308,0.6266999840736389,0.32015711069107056,0.8583224415779114,0.6241773366928101,0.6253712773323059,0.3202061057090759,0.872430682182312,0.6228762865066528,0.624235212802887,0.3201841711997986,0.8605121970176697,0.6270126700401306,0.6295974850654602,0.3275468051433563,0.8733514547348022,0.6284322738647461,0.6303422451019287,0.327703058719635,0.8757060766220093,0.6271340847015381,0.6296408772468567,0.32762402296066284,0.8540099263191223,0.623555064201355,0.6225697994232178,0.2747379541397095,0.8471432328224182,0.6307915449142456,0.6332520246505737,0.30935725569725037,0.8449222445487976,0.6240740418434143,0.6361176371574402,0.30327704548835754,0.8457441926002502,0.6265347599983215,0.6390564441680908,0.3133698105812073,0.8122597336769104,0.6245139837265015,0.6184685826301575,0.165442556142807,0.9997689723968506,0.6549254655838013,0.6661664247512817,0.2631162106990814,0.9978058934211731,0.5959341526031494,0.664725661277771,0.16495844721794128,0.2291622906923294,0.6543550491333008,0.725845992565155,0.21880033612251282,0.08343668282032013,0.5844181776046753,0.6933104991912842,0.2497280389070511,0.053764596581459045,0.6290978789329529,0.7757093906402588,0.1933547854423523,0.05282271280884743,0.5783751606941223,0.6967702507972717,0.2824834883213043,0.06576117873191833,0.6273321509361267,0.784713625907898,0.18899838626384735,0.06528336554765701,0.5857905149459839,0.7023928761482239,0.2658449709415436,0.06806275993585587,0.6178132891654968,0.7857814431190491,0.18717852234840393,0.06209561228752136,0.5894811153411865,0.7029495239257812,0.25430774688720703,0.07671042531728745,0.6190225481987,0.780659019947052,0.1914801001548767,0.06123974919319153,0.6286486387252808,0.703114926815033,-0.05832551047205925,0.9999752044677734,0.6434801816940308,0.7296558022499084,0.05782758444547653,0.9999638199806213,0.5664873719215393,0.7366647720336914,-0.1464652717113495,0.9738754630088806,0.5525202751159668,0.7402955293655396,0.027417847886681557,0.6019641160964966,0.5675517320632935,0.8778431415557861,-0.35225948691368103,0.9817904233932495,0.51141756772995,0.8282554149627686,-0.13112416863441467,0.8650707602500916,0.5790302157402039,0.9073269963264465,-0.379282683134079,0.9905511140823364,0.5127754211425781,0.8557185530662537,-0.1508411467075348,0.9702603816986084,0.5289822816848755,0.9100028872489929,-0.3976478576660156,0.9624086618423462,0.46892666816711426,0.8200894594192505,-0.16349956393241882,0.7900453209877014
200,0.6230131387710571,0.6351495385169983,0.3343660235404968,0.9011749029159546,0.6246713995933533,0.6267162561416626,0.3303968608379364,0.866951584815979,0.623998761177063,0.6254123449325562,0.3304519057273865,0.8803787231445312,0.6227227449417114,0.624303936958313,0.33043795824050903,0.8687735199928284,0.6268912553787231,0.6296235918998718,0.3384453356266022,0.8810846209526062,0.6283612251281738,0.6304090619087219,0.33860355615615845,0.8832924365997314,0.6272354125976562,0.6306688785552979,0.3385302424430847,0.8620225787162781,0.6234376430511475,0.6228963732719421,0.28491395711898804,0.8557651042938232,0.6304879188537598,0.633662760257721,0.3224298655986786,0.8527839779853821,0.6239839196205139,0.6365694403648376,0.31365829706192017,0.8552206158638,0.6264978647232056,0.639497697353363,0.3246973156929016,0.8225467205047607,0.6241097450256348,0.6181075572967529,0.17267945408821106,0.9997836947441101,0.6553558707237244,0.6666755080223083,0.2732555568218231,0.997893214225769,0.5954879522323608,0.6653354167938232,0.1482936143875122,0.23233099281787872,0.6616412997245789,0.7269005179405212,0.21779637038707733,0.0804343894124031,0.5808128118515015,0.6957415342330933,0.17823731899261475,0.05427548289299011,0.6343092918395996,0.778038740158081,0.1717514544725418,0.04966198652982712,0.576380729675293,0.7024701833724976,0.18048326671123505,0.0668872818350792,0.6330312490463257,0.787794291973114,0.16912004351615906,0.06204557791352272,0.5819059014320374,0.7048948407173157,0.18284989893436432,0.06926707923412323,0.6235644221305847,0.7908937931060791,0.1678663045167923,0.05921538919210434,0.5859059691429138,0.7050564885139465,0.18206071853637695,0.07782137393951416,0.6244381666183472,0.785510241985321,0.17041824758052826,0.05866716802120209,0.628934919834137,0.7072187066078186,-0.058756232261657715,0.9999774694442749,0.6444789171218872,0.7342215776443481,0.058248121291399,0.9999657869338989,0.5662580132484436,0.7360294461250305,-0.1484588384628296,0.9762535691261292,0.5524980425834656,0.7403154373168945,0.0406421534717083,0.6123021245002747,0.5685563683509827,0.8797380924224854,-0.3568684458732605,0.9832528233528137,0.5092681050300598,0.8281107544898987,-0.12696555256843567,0.871440052986145,0.5798908472061157,0.9082455039024353,-0.37947407364845276,0.9911089539527893,0.5102988481521606,0.8542962670326233,-0.14761042594909668,0.971154510974884,0.5290302038192749,0.9109667539596558,-0.39587920904159546,0.9650823473930359,0.46955886483192444,0.8187001943588257,-0.16251584887504578,0.8005020618438721
201,0.6231678128242493,0.6346542239189148,0.36463698744773865,0.9075480103492737,0.6245789527893066,0.6266445517539978,0.3593905568122864,0.8766739964485168,0.6239142417907715,0.6254130005836487,0.3594415485858917,0.8887982368469238,0.6227403879165649,0.624339759349823,0.3594503402709961,0.878316342830658,0.6269394159317017,0.6294863820075989,0.36814287304878235,0.8893795609474182,0.6283278465270996,0.6302241086959839,0.3682893216609955,0.8909366726875305,0.6277819275856018,0.6306467056274414,0.3682258725166321,0.8713816404342651,0.6233774423599243,0.6228805184364319,0.3070508539676666,0.8638856410980225,0.6306747198104858,0.6338775157928467,0.34799593687057495,0.8617666959762573,0.6239429712295532,0.6365551352500916,0.3418559432029724,0.8636932373046875,0.6264873743057251,0.6395795941352844,0.3539432883262634,0.8319330811500549,0.624052882194519,0.6168142557144165,0.1824270337820053,0.9997933506965637,0.6583614349365234,0.6693481206893921,0.29458364844322205,0.9979981184005737,0.5932005643844604,0.6649354696273804,0.11615104973316193,0.22580979764461517,0.6646813154220581,0.7297309041023254,0.23420396447181702,0.07793392986059189,0.5787359476089478,0.6956270933151245,0.07584447413682938,0.053669847548007965,0.6371298432350159,0.7877197265625,0.19225618243217468,0.047470737248659134,0.5755383968353271,0.7012254595756531,0.06638316810131073,0.06733603030443192,0.636271595954895,0.7979757785797119,0.1912655532360077,0.06029811128973961,0.5809969902038574,0.7039908766746521,0.07267257571220398,0.06975153088569641,0.6256555318832397,0.7988055348396301,0.19117863476276398,0.05753026902675629,0.5851763486862183,0.7049884796142578,0.07842310518026352,0.07827603071928024,0.6258553862571716,0.7934898734092712,0.19162467122077942,0.05727759003639221,0.6280497312545776,0.7064358592033386,-0.058953702449798584,0.9999790191650391,0.6471033096313477,0.7448481917381287,0.058440715074539185,0.999966025352478,0.5638673305511475,0.7287264466285706,-0.11463414132595062,0.9768648743629456,0.5584750771522522,0.7536033391952515,0.04044406861066818,0.6126712560653687,0.5627071857452393,0.8732888698577881,-0.3493056297302246,0.9831885099411011,0.5207997560501099,0.8495944738388062,-0.18351401388645172,0.8706440925598145,0.578125,0.9080267548561096,-0.3729630708694458,0.991028368473053,0.5228090286254883,0.8729868531227112,-0.21068577468395233,0.9708482623100281,0.5262523889541626,0.8949999213218689,-0.38602203130722046,0.9649947881698608,0.4842660427093506,0.8516057729721069,-0.22725312411785126,0.8023566007614136
202,0.6231440901756287,0.634647011756897,0.382328063249588,0.9138091802597046,0.6245368719100952,0.626792848110199,0.377174437046051,0.8856703042984009,0.6238481402397156,0.6255900263786316,0.37721946835517883,0.896723210811615,0.6223162412643433,0.6243956685066223,0.37725120782852173,0.8872694373130798,0.6268821954727173,0.629544198513031,0.3857804834842682,0.8967345952987671,0.6282862424850464,0.6303155422210693,0.3859298825263977,0.8979393839836121,0.627898097038269,0.6311038732528687,0.38586661219596863,0.8798333406448364,0.6226541996002197,0.6230499744415283,0.31972962617874146,0.870524525642395,0.6307724714279175,0.6339383721351624,0.3595202565193176,0.8689244985580444,0.6237519383430481,0.6366031169891357,0.3572617173194885,0.8699916005134583,0.6264690160751343,0.6397603154182434,0.3690301775932312,0.8381557464599609,0.6237919330596924,0.6164586544036865,0.1918182075023651,0.999801516532898,0.6606493592262268,0.6708991527557373,0.30141204595565796,0.998036801815033,0.5923402309417725,0.6652248501777649,0.10210607200860977,0.21581925451755524,0.6664848327636719,0.7316198945045471,0.23534324765205383,0.07485267519950867,0.5763107538223267,0.6997712850570679,0.03859527409076691,0.05394934490323067,0.6372294425964355,0.7987455725669861,0.19328267872333527,0.0457056500017643,0.5734597444534302,0.7054312229156494,0.025435829535126686,0.06903763115406036,0.6365272402763367,0.8097804188728333,0.19196900725364685,0.05892825499176979,0.5789033770561218,0.7071044445037842,0.032947976142168045,0.07156107574701309,0.625095784664154,0.8096726536750793,0.19270281493663788,0.05602132901549339,0.5832545161247253,0.7063935995101929,0.04045380279421806,0.08009321242570877,0.6249489784240723,0.8041267991065979,0.19277486205101013,0.056003980338573456,0.6277360320091248,0.7059165835380554,-0.06089157983660698,0.9999802112579346,0.6485117673873901,0.7481614947319031,0.06041812151670456,0.9999645948410034,0.5592154264450073,0.7209540605545044,-0.09630963951349258,0.9775139689445496,0.5676502585411072,0.764854371547699,0.05705760046839714,0.623404860496521,0.5519722700119019,0.858432948589325,-0.3011709451675415,0.983252763748169,0.5351322889328003,0.86423659324646,-0.16977521777153015,0.8726025223731995,0.5611292123794556,0.89104825258255,-0.32315880060195923,0.9909644722938538,0.5374943017959595,0.8853999376296997,-0.18671119213104248,0.9708786606788635,0.5170977711677551,0.8665551543235779,-0.33299440145492554,0.964648962020874,0.5056481957435608,0.868610143661499,-0.1952185332775116,0.8031888008117676
203,0.6242755651473999,0.6346542835235596,0.37495580315589905,0.9173679351806641,0.6248786449432373,0.6268584728240967,0.3701697587966919,0.8915550708770752,0.6240882277488708,0.6256864666938782,0.3702141344547272,0.9018250107765198,0.6226589679718018,0.6245506405830383,0.37022989988327026,0.8929694294929504,0.627957820892334,0.6296964287757874,0.3783135712146759,0.9010090231895447,0.6292369365692139,0.6303994655609131,0.3784649074077606,0.9018419981002808,0.6295235753059387,0.6314135789871216,0.3784016966819763,0.8844425678253174,0.622744083404541,0.6231470108032227,0.31533926725387573,0.8726257681846619,0.6323767900466919,0.6340839266777039,0.3539091944694519,0.8716198801994324,0.6242199540138245,0.6366649866104126,0.3509114384651184,0.8722608685493469,0.6272374391555786,0.6398220062255859,0.36211493611335754,0.8401339054107666,0.6236096024513245,0.6161991357803345,0.18804118037223816,0.9998031854629517,0.661826491355896,0.6717248558998108,0.2947525382041931,0.9979770183563232,0.5915241837501526,0.6674318313598633,0.10896731913089752,0.20318928360939026,0.6657999753952026,0.7329273223876953,0.23191742599010468,0.07021545618772507,0.5766679048538208,0.7019774317741394,0.07229046523571014,0.055870771408081055,0.6358731985092163,0.7985538840293884,0.1918271780014038,0.043483223766088486,0.5721640586853027,0.7083929777145386,0.06183827668428421,0.07188068330287933,0.6347752809524536,0.8083605170249939,0.18895262479782104,0.05671439319849014,0.5759966969490051,0.7131906151771545,0.06845994293689728,0.07451888918876648,0.6237746477127075,0.8087788224220276,0.1907251626253128,0.05407026782631874,0.5797149538993835,0.7079543471336365,0.07439391314983368,0.08282534778118134,0.6239458918571472,0.8034083247184753,0.19124914705753326,0.05467664822936058,0.6273714900016785,0.7055827975273132,-0.06071780249476433,0.9999813437461853,0.6501642465591431,0.7478630542755127,0.060272395610809326,0.9999644160270691,0.5551341772079468,0.72212815284729,-0.08672988414764404,0.9782928228378296,0.5755592584609985,0.7659581899642944,0.056774139404296875,0.6308356523513794,0.5396156907081604,0.8304036259651184,-0.26894643902778625,0.9836139678955078,0.5543566942214966,0.8657472729682922,-0.13033540546894073,0.8772996068000793,0.5570918321609497,0.8829408884048462,-0.28841155767440796,0.9910447597503662,0.546139121055603,0.8905354738235474,-0.15160492062568665,0.9711732864379883,0.5140550136566162,0.8618508577346802,-0.2972329556941986,0.9646911025047302,0.5199469327926636,0.8852554559707642,-0.1730755865573883,0.8072889447212219
204,0.6249762177467346,0.6371408104896545,0.35858288407325745,0.9179826378822327,0.6254395246505737,0.6294452548027039,0.35351812839508057,0.894660472869873,0.6242626905441284,0.6280390024185181,0.3535374402999878,0.9042804837226868,0.6229027509689331,0.627070426940918,0.35355743765830994,0.8956911563873291,0.6286945939064026,0.6320865750312805,0.3605969548225403,0.9027414321899414,0.6299165487289429,0.6326678991317749,0.36071836948394775,0.9028410911560059,0.6312307119369507,0.6336818933486938,0.3606460690498352,0.8857777714729309,0.6227513551712036,0.625644326210022,0.2968187928199768,0.8711990714073181,0.6333993673324585,0.6369701027870178,0.32949715852737427,0.8709657788276672,0.6245670318603516,0.6394091844558716,0.33376702666282654,0.8724542856216431,0.6285954713821411,0.6432104706764221,0.34346655011177063,0.8405488729476929,0.6234404444694519,0.6164617538452148,0.17516563832759857,0.9998002052307129,0.6620926260948181,0.6733458638191223,0.2799558937549591,0.9978011250495911,0.5898641347885132,0.6692655086517334,0.1197800487279892,0.19397352635860443,0.6642985343933105,0.7322662472724915,0.226729154586792,0.06509329378604889,0.5767791271209717,0.7007790207862854,0.11133648455142975,0.05659409984946251,0.635104775428772,0.7874035239219666,0.1915443390607834,0.04043911397457123,0.5716140866279602,0.7083272337913513,0.10533008724451065,0.07305776327848434,0.6338070631027222,0.7953351736068726,0.18838147819042206,0.052982036024332047,0.5758227705955505,0.7124744653701782,0.1110667958855629,0.07577234506607056,0.6230379343032837,0.7959290146827698,0.19006288051605225,0.05073816701769829,0.5798704624176025,0.7105422616004944,0.11416538059711456,0.08411988615989685,0.6233348250389099,0.790863573551178,0.19108465313911438,0.05187181755900383,0.6273993253707886,0.7054436206817627,-0.05979777127504349,0.9999825954437256,0.6515812873840332,0.7466696500778198,0.05934448167681694,0.9999656677246094,0.5550550818443298,0.7224410176277161,-0.09431508928537369,0.9794343113899231,0.5753594040870667,0.7625293135643005,0.047453541308641434,0.6326983571052551,0.5440958142280579,0.8361814618110657,-0.28471285104751587,0.9843755960464478,0.5436228513717651,0.8636434078216553,-0.13793638348579407,0.8824107646942139,0.558668315410614,0.8848769664764404,-0.3045938313007355,0.9912404417991638,0.5436719059944153,0.8876551389694214,-0.16056828200817108,0.9714797735214233,0.5158899426460266,0.8688711524009705,-0.31081369519233704,0.9655596017837524,0.5073385834693909,0.8731409907341003,-0.17971786856651306,0.8129591941833496
205,0.6261065602302551,0.6378944516181946,0.35244020819664,0.9193632006645203,0.625898003578186,0.6308324933052063,0.34603703022003174,0.8976743221282959,0.6246902942657471,0.6295992136001587,0.34606075286865234,0.9063507914543152,0.6232703328132629,0.6286776661872864,0.3460840582847595,0.8978047966957092,0.6300151348114014,0.6339036822319031,0.3528457283973694,0.9040982127189636,0.6312679648399353,0.6345455646514893,0.3529602885246277,0.903101921081543,0.6332231760025024,0.6358355283737183,0.35289040207862854,0.8861851096153259,0.6227571964263916,0.626684308052063,0.28577059507369995,0.8693798184394836,0.6335393190383911,0.6372349858283997,0.31625741720199585,0.8699346780776978,0.6249265670776367,0.6400419473648071,0.32696250081062317,0.8720046877861023,0.6299632787704468,0.6440886855125427,0.3359769880771637,0.8401250839233398,0.6215596795082092,0.6160481572151184,0.16436180472373962,0.9997910261154175,0.6631792783737183,0.6730613708496094,0.2695215940475464,0.9974614977836609,0.5898855924606323,0.6672468185424805,0.12506034970283508,0.19472791254520416,0.6688494086265564,0.7151825428009033,0.2191336452960968,0.06108124554157257,0.575925350189209,0.7016416192054749,0.13968268036842346,0.06086130067706108,0.6426911354064941,0.7488061785697937,0.19102156162261963,0.03790370374917984,0.5706838369369507,0.7106704711914062,0.1365092396736145,0.07661976665258408,0.6414148807525635,0.7524541020393372,0.18807318806648254,0.04975060746073723,0.5746729969978333,0.7158353328704834,0.14356771111488342,0.07982233911752701,0.6299434900283813,0.752257227897644,0.18977375328540802,0.04796310514211655,0.578813374042511,0.7143611907958984,0.14372801780700684,0.0887569934129715,0.6297049522399902,0.7488900423049927,0.19089150428771973,0.04975783824920654,0.6254029273986816,0.7052942514419556,-0.059446580708026886,0.9999828934669495,0.6519726514816284,0.7462665438652039,0.05897926539182663,0.9999648928642273,0.5534626245498657,0.7268178462982178,-0.07414869964122772,0.9799392819404602,0.5726894736289978,0.7600166201591492,0.04887843132019043,0.6325389742851257,0.5344045758247375,0.8231679797172546,-0.24158290028572083,0.984755277633667,0.5651325583457947,0.8741546273231506,-0.10983811318874359,0.8862879872322083,0.5518099069595337,0.878828763961792,-0.25889235734939575,0.9913850426673889,0.562620222568512,0.8952961564064026,-0.12976804375648499,0.9714388847351074,0.5117037296295166,0.8634597659111023,-0.2588006258010864,0.9656367301940918,0.530750572681427,0.9020127654075623,-0.1438709795475006,0.8145817518234253
206,0.627038300037384,0.6383046507835388,0.3532823920249939,0.9185856580734253,0.6267634630203247,0.6316416263580322,0.3469516336917877,0.8990777134895325,0.625015914440155,0.630195677280426,0.3469831347465515,0.9070418477058411,0.6235435009002686,0.6293496489524841,0.3470054864883423,0.89834064245224,0.6309031844139099,0.6346607208251953,0.35368403792381287,0.9032716155052185,0.6329160332679749,0.6358789205551147,0.35379815101623535,0.9012656807899475,0.634485125541687,0.6370412111282349,0.3537302613258362,0.8840341567993164,0.6227485537528992,0.6272659301757812,0.28671497106552124,0.8659135103225708,0.6336869597434998,0.6373299956321716,0.31646591424942017,0.8660125732421875,0.6254920959472656,0.6405532360076904,0.327884316444397,0.8690581321716309,0.6310487985610962,0.6447746157646179,0.33670860528945923,0.8358407020568848,0.6208338737487793,0.6161088943481445,0.16614744067192078,0.9997766017913818,0.6636788249015808,0.6727667450904846,0.26959478855133057,0.996792733669281,0.5898552536964417,0.6661399602890015,0.13297197222709656,0.19731716811656952,0.6714252233505249,0.7124006748199463,0.22011592984199524,0.05744882673025131,0.5760481357574463,0.70093834400177,0.17892877757549286,0.06443201750516891,0.6490121483802795,0.7340553402900696,0.20516955852508545,0.03530513867735863,0.5680656433105469,0.7109681963920593,0.17931462824344635,0.07994597405195236,0.6486691832542419,0.7362867593765259,0.20985150337219238,0.04648958891630173,0.5746195912361145,0.7152144312858582,0.18625029921531677,0.08381149917840958,0.6372395753860474,0.7359693050384521,0.21341156959533691,0.04511333629488945,0.5787559151649475,0.713755190372467,0.18354417383670807,0.09333394467830658,0.6363967657089233,0.7329896688461304,0.20647072792053223,0.04746266081929207,0.6247550845146179,0.7053175568580627,-0.05943644046783447,0.9999831914901733,0.6524455547332764,0.7460359930992126,0.05896516889333725,0.999963641166687,0.5524502396583557,0.7302922010421753,-0.08198566734790802,0.980539083480835,0.572903573513031,0.7590664029121399,0.04663713648915291,0.6306432485580444,0.5348479151725769,0.8300238251686096,-0.2508147358894348,0.9850828051567078,0.5684841871261597,0.8775113224983215,-0.11205093562602997,0.8885371088981628,0.5535159111022949,0.8816602230072021,-0.2682512104511261,0.9914594292640686,0.5662308931350708,0.8959665894508362,-0.13213559985160828,0.9709525108337402,0.5123719573020935,0.8684465885162354,-0.26777350902557373,0.9658260941505432,0.530765950679779,0.8918048739433289,-0.14483685791492462,0.814961314201355
207,0.627124547958374,0.6378375291824341,0.3773578107357025,0.9132662415504456,0.6269160509109497,0.6310106515884399,0.37187960743904114,0.8954851031303406,0.6250407099723816,0.6294640302658081,0.3719019591808319,0.9023079872131348,0.623582124710083,0.6285558342933655,0.37193042039871216,0.8949471712112427,0.6309916377067566,0.6337896585464478,0.37952637672424316,0.8988475203514099,0.6332097053527832,0.6350767612457275,0.3796238303184509,0.8952047228813171,0.634689211845398,0.6357282400131226,0.3795422315597534,0.8795530200004578,0.6227461099624634,0.6256855726242065,0.3095008432865143,0.8529303073883057,0.6342297196388245,0.6363880038261414,0.3428831696510315,0.8547054529190063,0.6256333589553833,0.6402187943458557,0.3507155478000641,0.8586001992225647,0.6312575340270996,0.644358217716217,0.3605746030807495,0.8253127932548523,0.6205393075942993,0.6151732802391052,0.18065884709358215,0.9997537732124329,0.6635955572128296,0.6714208126068115,0.29367318749427795,0.9963434934616089,0.5898730158805847,0.6660239100456238,0.13951259851455688,0.18532170355319977,0.6691638231277466,0.7162553668022156,0.24210496246814728,0.052927564829587936,0.5759987831115723,0.7023483514785767,0.1651383936405182,0.06359165161848068,0.6465097665786743,0.7511465549468994,0.21106767654418945,0.032586175948381424,0.567240834236145,0.7142271399497986,0.16234663128852844,0.07900921255350113,0.6455447673797607,0.7561954259872437,0.21102264523506165,0.04311206191778183,0.5749003887176514,0.7179025411605835,0.1688825637102127,0.08278899639844894,0.634576141834259,0.7563009262084961,0.2130999118089676,0.04195105656981468,0.5791406631469727,0.7166362404823303,0.1689445525407791,0.09177087247371674,0.6342557668685913,0.7528077960014343,0.2109019011259079,0.04445572942495346,0.6247116327285767,0.7051035165786743,-0.0591152124106884,0.9999816417694092,0.6521587371826172,0.7458459138870239,0.058677155524492264,0.9999579191207886,0.551982045173645,0.7306795120239258,-0.08641915768384933,0.9803762435913086,0.5750110745429993,0.7606188058853149,0.030145615339279175,0.6369082927703857,0.5305589437484741,0.8238080143928528,-0.25662761926651,0.9846492409706116,0.5697823762893677,0.8793356418609619,-0.12764622271060944,0.8886712789535522,0.5366491675376892,0.8575960993766785,-0.2752552926540375,0.9912096858024597,0.5785055160522461,0.9059411883354187,-0.14845557510852814,0.9698299765586853,0.5064319372177124,0.8570130467414856,-0.28677716851234436,0.9634354114532471,0.535840630531311,0.9035617113113403,-0.17559918761253357,0.8097320199012756
208,0.6290355920791626,0.6378575563430786,0.4101037383079529,0.9090607762336731,0.6277311444282532,0.6309546232223511,0.40479835867881775,0.8940016627311707,0.6259439587593079,0.6294967532157898,0.4048376977443695,0.8988184332847595,0.6242800354957581,0.6286175847053528,0.40487679839134216,0.892974317073822,0.6327495574951172,0.6337326169013977,0.4115569591522217,0.8969847559928894,0.6351586580276489,0.6349961757659912,0.4116528630256653,0.8918627500534058,0.6368494629859924,0.6357067227363586,0.4115840494632721,0.8779346346855164,0.6228477358818054,0.6262520551681519,0.3421267569065094,0.8439564108848572,0.6385949850082397,0.6365405917167664,0.3719930648803711,0.8487657904624939,0.6266523599624634,0.6403884887695312,0.38305553793907166,0.8517203330993652,0.6330171227455139,0.644490659236908,0.3918404281139374,0.818534791469574,0.6195000410079956,0.6153101325035095,0.20342257618904114,0.9997297525405884,0.6637909412384033,0.6713811755180359,0.31758323311805725,0.9959853887557983,0.5908212661743164,0.6663751602172852,0.14345292747020721,0.17700901627540588,0.6713258028030396,0.7169593572616577,0.26087793707847595,0.04896841570734978,0.5760800242424011,0.706989586353302,0.15035821497440338,0.0621454082429409,0.6462408304214478,0.7469414472579956,0.22510060667991638,0.030387744307518005,0.5678014159202576,0.7145881056785583,0.14019347727298737,0.07684053480625153,0.6454475522041321,0.7514661550521851,0.22567018866539001,0.04053528979420662,0.5749415755271912,0.7178673148155212,0.15122810006141663,0.08049028366804123,0.6339221000671387,0.7493206858634949,0.22776532173156738,0.039642948657274246,0.5794327259063721,0.716670572757721,0.1548767238855362,0.08923081308603287,0.6333311796188354,0.7455050945281982,0.22518503665924072,0.0423719696700573,0.623749852180481,0.7051056027412415,-0.06017036363482475,0.9999799728393555,0.6525813937187195,0.7455831170082092,0.0597526840865612,0.9999510049819946,0.5520581007003784,0.7306414246559143,-0.09004873782396317,0.9805224537849426,0.5734837651252747,0.7600023150444031,0.03071073815226555,0.6418129801750183,0.5312932729721069,0.8261381983757019,-0.26214662194252014,0.98451167345047,0.5675259828567505,0.875042736530304,-0.1377965807914734,0.8892121911048889,0.543876051902771,0.863450288772583,-0.28621476888656616,0.9911849498748779,0.5730915069580078,0.9006636142730713,-0.16117152571678162,0.9695695638656616,0.5084429979324341,0.8609933853149414,-0.29356566071510315,0.9622663259506226,0.5323952436447144,0.8998095989227295,-0.18299394845962524,0.8053427338600159
209,0.6301631927490234,0.6399091482162476,0.395934522151947,0.9018378853797913,0.6289064288139343,0.6332894563674927,0.38890382647514343,0.8888622522354126,0.6265817880630493,0.6317368149757385,0.38894331455230713,0.8918585777282715,0.6248005628585815,0.630804717540741,0.3889789879322052,0.8864111304283142,0.6338804960250854,0.6373004913330078,0.39585384726524353,0.8912491798400879,0.6366795301437378,0.6390300989151001,0.39595794677734375,0.8846852779388428,0.6367380023002625,0.6394585967063904,0.3958941400051117,0.8714486956596375,0.6229087114334106,0.6280142068862915,0.32635214924812317,0.8303971290588379,0.6400582790374756,0.6377004384994507,0.3585779070854187,0.8391722440719604,0.6274396181106567,0.6419933438301086,0.36875301599502563,0.8429101705551147,0.6342476010322571,0.6462271809577942,0.3778288960456848,0.8113712072372437,0.6183195114135742,0.6153749823570251,0.19421832263469696,0.9997146129608154,0.663843035697937,0.6712110638618469,0.30554598569869995,0.9958816766738892,0.5894394516944885,0.6663868427276611,0.12311118841171265,0.17202915251255035,0.6727047562599182,0.7106756567955017,0.2517399191856384,0.046100322157144547,0.5761381387710571,0.7069081664085388,0.11106999963521957,0.063020259141922,0.6467725038528442,0.7382382750511169,0.21257147192955017,0.029079923406243324,0.5678482055664062,0.7136580944061279,0.09855181723833084,0.07703868299722672,0.6456203460693359,0.741451621055603,0.2110348641872406,0.03894292935729027,0.5761051177978516,0.7169262170791626,0.10837650299072266,0.08085214346647263,0.6340238451957703,0.7391927242279053,0.2132033109664917,0.03841724991798401,0.5805080533027649,0.7157171964645386,0.11481686681509018,0.08954814821481705,0.633360743522644,0.7356956005096436,0.21223756670951843,0.04154277592897415,0.622143566608429,0.7050402164459229,-0.060455530881881714,0.9999797940254211,0.6526753306388855,0.7454436421394348,0.060033805668354034,0.9999502897262573,0.5508787631988525,0.728986382484436,-0.07368241250514984,0.9808477163314819,0.5736285448074341,0.7593857049942017,0.06273248046636581,0.6458418369293213,0.5265713930130005,0.8195990920066833,-0.24901488423347473,0.9847457408905029,0.5678088665008545,0.8761383891105652,-0.10861042886972427,0.8931233882904053,0.5447691679000854,0.8701055645942688,-0.26804882287979126,0.9914051294326782,0.5748997926712036,0.9028709530830383,-0.1311330795288086,0.9699820876121521,0.5083891153335571,0.8601256012916565,-0.27061665058135986,0.9622610211372375,0.5354481339454651,0.9021814465522766,-0.1515209674835205,0.8063815832138062
210,0.6306580901145935,0.6425443887710571,0.4109339714050293,0.8732907772064209,0.6295077204704285,0.6373537182807922,0.4046265482902527,0.8596808314323425,0.6268842220306396,0.6353815793991089,0.4046758711338043,0.8607592582702637,0.6250762939453125,0.6332610249519348,0.40471500158309937,0.8558993935585022,0.63353431224823,0.6420737504959106,0.4112911820411682,0.8600656986236572,0.6360962986946106,0.643179178237915,0.4113852381706238,0.8509297370910645,0.6365915536880493,0.6437453627586365,0.4113141596317291,0.8374647498130798,0.622923731803894,0.6296462416648865,0.33969569206237793,0.7895347476005554,0.6405278444290161,0.6408706903457642,0.3692430853843689,0.7976696491241455,0.6277760863304138,0.6439774036407471,0.3833073675632477,0.8073749542236328,0.634742259979248,0.6486082673072815,0.3919132947921753,0.7756350636482239,0.6174047589302063,0.6154688596725464,0.20280881226062775,0.9996688365936279,0.6639204025268555,0.6709749698638916,0.31381550431251526,0.9951035380363464,0.5893532037734985,0.6665570735931396,0.15328362584114075,0.16722652316093445,0.6732926964759827,0.7087297439575195,0.25775575637817383,0.04316848888993263,0.576139509677887,0.7090457677841187,0.1648276150226593,0.06374277174472809,0.6510268449783325,0.7238740921020508,0.22217848896980286,0.027494916692376137,0.5681610703468323,0.7147424221038818,0.1548827588558197,0.07708904147148132,0.6507114171981812,0.7244221568107605,0.22241881489753723,0.03715340048074722,0.5769447088241577,0.7172563672065735,0.16606813669204712,0.08100112527608871,0.6387684941291809,0.7204673290252686,0.2254813015460968,0.03688506782054901,0.5813700556755066,0.7158240079879761,0.16952049732208252,0.08942902833223343,0.6374410390853882,0.7177597284317017,0.2223513424396515,0.040254537016153336,0.6208290457725525,0.704994797706604,-0.06042139604687691,0.9999774694442749,0.6527853608131409,0.7455116510391235,0.060007452964782715,0.9999436140060425,0.5503760576248169,0.7287546396255493,-0.06618132442235947,0.9810872077941895,0.5728831887245178,0.7591872811317444,0.06522892415523529,0.6510907411575317,0.5264876484870911,0.819306492805481,-0.22795943915843964,0.9846243262290955,0.5659984946250916,0.8744954466819763,-0.09312053769826889,0.8945881128311157,0.5461324453353882,0.8730946183204651,-0.24534659087657928,0.9914349913597107,0.5704746246337891,0.8995314836502075,-0.11430134624242783,0.9700606465339661,0.509334146976471,0.8613500595092773,-0.24559517204761505,0.9609304666519165,0.5307151675224304,0.8959454894065857,-0.13426823914051056,0.8020931482315063
211,0.6302900314331055,0.6431859135627747,0.40842366218566895,0.8513292074203491,0.6291652321815491,0.6376758217811584,0.4011046886444092,0.8381320834159851,0.6267649531364441,0.6355274319648743,0.4011611342430115,0.8373671174049377,0.6248651742935181,0.633941113948822,0.4011951982975006,0.8322040438652039,0.633255660533905,0.6419172286987305,0.4087759554386139,0.8354973196983337,0.6357725858688354,0.6432680487632751,0.40887847542762756,0.8246012330055237,0.6364426016807556,0.6436079740524292,0.40881091356277466,0.8103528022766113,0.6224421858787537,0.6307356953620911,0.3339679539203644,0.7585955262184143,0.6400338411331177,0.6409444808959961,0.3678985834121704,0.7670121788978577,0.6276322603225708,0.6445865035057068,0.3800378441810608,0.779536247253418,0.634357213973999,0.6491053700447083,0.39006975293159485,0.7471765279769897,0.6166304349899292,0.6155300736427307,0.1980704367160797,0.9996508359909058,0.6641209721565247,0.6709936261177063,0.3121768832206726,0.9949626326560974,0.5868969559669495,0.6668464541435242,0.13710516691207886,0.16546876728534698,0.673669695854187,0.7078415155410767,0.25203993916511536,0.04087590426206589,0.5752822160720825,0.7086692452430725,0.1304565668106079,0.064534492790699,0.6505752801895142,0.7262105941772461,0.2190791368484497,0.02627093717455864,0.5675889253616333,0.7144909501075745,0.11734471470117569,0.07736904919147491,0.6497871279716492,0.7272729873657227,0.2136472910642624,0.03565836325287819,0.5767825841903687,0.7168601155281067,0.12907221913337708,0.0813736841082573,0.6378782391548157,0.7237710952758789,0.217347651720047,0.035525884479284286,0.5813028812408447,0.715405285358429,0.13496294617652893,0.08936380594968796,0.6367303133010864,0.7209886908531189,0.2177550047636032,0.03899826109409332,0.6185656785964966,0.7051732540130615,-0.060705941170454025,0.9999767541885376,0.6526039838790894,0.7455605864524841,0.06026529148221016,0.9999408721923828,0.5492272973060608,0.7282289862632751,-0.05822290852665901,0.9810952544212341,0.5725203156471252,0.7591842412948608,0.09141115844249725,0.6485338807106018,0.5293517112731934,0.8234251737594604,-0.21543414890766144,0.9841669797897339,0.5659083724021912,0.8743453621864319,-0.06587262451648712,0.8922339677810669,0.5474849343299866,0.8735120296478271,-0.23193185031414032,0.9914424419403076,0.5713516473770142,0.8991960287094116,-0.08709374070167542,0.9692555665969849,0.5103873014450073,0.8626478910446167,-0.22732754051685333,0.9588109850883484,0.5307217836380005,0.8995606303215027,-0.10404732078313828,0.7912511825561523
212,0.630024790763855,0.6440870761871338,0.39978498220443726,0.8436185717582703,0.6290149092674255,0.6380282640457153,0.3926600515842438,0.8306858539581299,0.6267464756965637,0.6362728476524353,0.3927086889743805,0.8287813663482666,0.6247938871383667,0.6350078582763672,0.39273762702941895,0.8230991959571838,0.6331228613853455,0.6416314244270325,0.4001053273677826,0.8252833485603333,0.635593056678772,0.642898440361023,0.4002155363559723,0.8131275773048401,0.6365376710891724,0.6434885263442993,0.40014830231666565,0.7976827025413513,0.6223448514938354,0.6308239102363586,0.3285490870475769,0.7476212978363037,0.6397747993469238,0.6405705809593201,0.36683782935142517,0.7543365359306335,0.6275526285171509,0.6444524526596069,0.3722380995750427,0.7699518203735352,0.6341135501861572,0.6495733261108398,0.38217300176620483,0.7359780669212341,0.6156138777732849,0.6155670285224915,0.18262389302253723,0.9996652603149414,0.6646473407745361,0.6684667468070984,0.30989399552345276,0.9951733946800232,0.5868940353393555,0.6647590398788452,0.10134206712245941,0.17878225445747375,0.6770948171615601,0.7074248790740967,0.23813965916633606,0.04215360805392265,0.5760959386825562,0.7045680284500122,0.0757523775100708,0.06882409751415253,0.6549259424209595,0.7332996129989624,0.18321815133094788,0.02623763121664524,0.5678343176841736,0.7140370607376099,0.05882871896028519,0.08070570230484009,0.6533135175704956,0.7355292439460754,0.17835193872451782,0.03503497317433357,0.5768288373947144,0.7166511416435242,0.07224805653095245,0.0849074199795723,0.6413116455078125,0.7328868508338928,0.17925184965133667,0.03487545996904373,0.581314206123352,0.7152882218360901,0.08051642775535583,0.09224607795476913,0.6405035257339478,0.7298097610473633,0.18156568706035614,0.038309093564748764,0.6167696714401245,0.7051493525505066,-0.06115889549255371,0.9999768137931824,0.6524670124053955,0.7456021904945374,0.06068969890475273,0.9999398589134216,0.5489306449890137,0.727797269821167,-0.05115789920091629,0.9809636473655701,0.5722700357437134,0.759093165397644,0.10345407575368881,0.6475704908370972,0.529525637626648,0.8229398727416992,-0.19274182617664337,0.9834850430488586,0.5639562606811523,0.8732033967971802,-0.03779804706573486,0.8878411650657654,0.5483801364898682,0.8730031251907349,-0.20717115700244904,0.9913522601127625,0.5613760948181152,0.8980624079704285,-0.056984227150678635,0.96762615442276,0.5127887725830078,0.8634617924690247,-0.1978091448545456,0.9553839564323425,0.5310214161872864,0.9010257124900818,-0.06998889893293381,0.7759568095207214
213,0.6298448443412781,0.6444098949432373,0.40635591745376587,0.838949978351593,0.6288792490959167,0.6377732157707214,0.3984474241733551,0.8259289264678955,0.6267093420028687,0.6360817551612854,0.39851391315460205,0.8228810429573059,0.6247602105140686,0.6348862051963806,0.3985533118247986,0.8179704546928406,0.631905198097229,0.6411231756210327,0.4066525995731354,0.8183755874633789,0.6356708407402039,0.6424581408500671,0.40676388144493103,0.8044360280036926,0.6363941431045532,0.6433549523353577,0.406705379486084,0.7890384793281555,0.6223214268684387,0.6307602524757385,0.3321039378643036,0.7393447756767273,0.6396064758300781,0.6397912502288818,0.36959001421928406,0.7424355745315552,0.6274726390838623,0.6443144679069519,0.3784589171409607,0.76398766040802,0.6338943243026733,0.6497200131416321,0.3892291784286499,0.7286223769187927,0.6158179044723511,0.615174412727356,0.18790265917778015,0.999681293964386,0.664810836315155,0.6666638851165771,0.315880686044693,0.995276689529419,0.588460385799408,0.6650125980377197,0.11378005892038345,0.18202057480812073,0.6768801808357239,0.7075223922729492,0.25108540058135986,0.04050922021269798,0.5760518908500671,0.7092083692550659,0.09806309640407562,0.07216835021972656,0.6529367566108704,0.7374469637870789,0.19385728240013123,0.02529788576066494,0.5676130056381226,0.7173002362251282,0.08314003050327301,0.08379781991243362,0.651628315448761,0.7407559156417847,0.18559667468070984,0.033858250826597214,0.5763953924179077,0.7187408208847046,0.09547972679138184,0.08800574392080307,0.6397068500518799,0.7384597659111023,0.17990003526210785,0.03366207703948021,0.5812570452690125,0.7170276045799255,0.10273055732250214,0.09436926245689392,0.6389468312263489,0.7350662350654602,0.19017404317855835,0.036970119923353195,0.6171584129333496,0.7053084969520569,-0.06145818158984184,0.9999769926071167,0.6524206399917603,0.7472366094589233,0.06098303198814392,0.9999381899833679,0.5486911535263062,0.727774441242218,-0.05926728993654251,0.9810703992843628,0.571014404296875,0.759174644947052,0.0937536284327507,0.6488909125328064,0.5300399661064148,0.8234695196151733,-0.21219667792320251,0.9832729697227478,0.5636062026023865,0.8726328611373901,-0.0562463216483593,0.8847934007644653,0.5487509965896606,0.8738347291946411,-0.22822432219982147,0.9914042949676514,0.5579006671905518,0.897053062915802,-0.07655523717403412,0.9667312502861023,0.513577938079834,0.8638838529586792,-0.22447462379932404,0.9538191556930542,0.5315502882003784,0.9018210172653198,-0.09285552054643631,0.7659000754356384
214,0.6297444105148315,0.6446044445037842,0.403235524892807,0.8416917324066162,0.6282222867012024,0.6376225352287292,0.39163386821746826,0.8302903175354004,0.6263270974159241,0.6360848546028137,0.3917188048362732,0.8261930346488953,0.6243740320205688,0.6349150538444519,0.39177006483078003,0.8219030499458313,0.6301794648170471,0.6409809589385986,0.4027198851108551,0.8217911720275879,0.6331738233566284,0.6417191028594971,0.4028163552284241,0.8071449398994446,0.6353961229324341,0.6424638032913208,0.4027778208255768,0.7920920252799988,0.6220952868461609,0.630681574344635,0.322860449552536,0.7427686452865601,0.639462411403656,0.6386419534683228,0.3667429983615875,0.7448168992996216,0.6271921992301941,0.6442228555679321,0.37425175309181213,0.7685058116912842,0.6336580514907837,0.6497411131858826,0.3880122900009155,0.7330349087715149,0.615874171257019,0.6157075762748718,0.18027016520500183,0.9996986389160156,0.6648083329200745,0.6658121347427368,0.3115318715572357,0.9954639673233032,0.5884808301925659,0.6688200235366821,0.09789411723613739,0.18343521654605865,0.6759874224662781,0.7079035639762878,0.2492125779390335,0.03853275254368782,0.5760387182235718,0.7138872742652893,0.07587185502052307,0.07531851530075073,0.6516774892807007,0.7378068566322327,0.19368427991867065,0.02437458746135235,0.5675778985023499,0.7213908433914185,0.05945280194282532,0.08626550436019897,0.6504202485084534,0.7404825687408447,0.18846744298934937,0.03274870291352272,0.5761927366256714,0.7224310040473938,0.07183553278446198,0.09042363613843918,0.6385883688926697,0.7376062870025635,0.18609604239463806,0.03256846219301224,0.5812159180641174,0.7205244898796082,0.08042726665735245,0.09606271237134933,0.6379168629646301,0.73457932472229,0.19077476859092712,0.03585575520992279,0.617428183555603,0.7087952494621277,-0.0629752054810524,0.9999774694442749,0.6523764729499817,0.7489264607429504,0.06247298792004585,0.9999377727508545,0.5486482381820679,0.7277300953865051,-0.06272342056035995,0.9813411831855774,0.5702868700027466,0.7590776085853577,0.0967826247215271,0.6455054879188538,0.5388573408126831,0.8466022610664368,-0.22024185955524445,0.983489453792572,0.5624920129776001,0.8718928694725037,-0.057061176747083664,0.8828142881393433,0.5498110055923462,0.8762220144271851,-0.23673751950263977,0.9915617108345032,0.5535531044006348,0.8961675763130188,-0.07764124125242233,0.9657353758811951,0.5145360231399536,0.8669816255569458,-0.23514699935913086,0.9539041519165039,0.5299240946769714,0.9016047716140747,-0.09399862587451935,0.7604847550392151
215,0.6296294927597046,0.6445513367652893,0.41647782921791077,0.8444875478744507,0.6281898617744446,0.637518048286438,0.408186674118042,0.8332293629646301,0.62621009349823,0.6360237002372742,0.4082803726196289,0.8273154497146606,0.6242446899414062,0.6349132061004639,0.4083307385444641,0.824330747127533,0.6308003664016724,0.6406766772270203,0.4163949489593506,0.8257946968078613,0.6336067914962769,0.6415130496025085,0.4164934754371643,0.8108775019645691,0.6352543830871582,0.6420013308525085,0.4164244532585144,0.7974469065666199,0.622002124786377,0.6305781006813049,0.3429316580295563,0.7416859865188599,0.6393495798110962,0.6379217505455017,0.37888526916503906,0.7475413084030151,0.6271375417709351,0.6441634893417358,0.3890131413936615,0.7708805203437805,0.633577823638916,0.6492921113967896,0.39968520402908325,0.7367987632751465,0.6158372163772583,0.6161397099494934,0.20001661777496338,0.9997100830078125,0.6645832061767578,0.6649465560913086,0.32396891713142395,0.9956251382827759,0.5886626839637756,0.6686103940010071,0.12904322147369385,0.17980416119098663,0.6772230863571167,0.7084699273109436,0.25731080770492554,0.03813683241605759,0.5765476226806641,0.7124872803688049,0.11435940116643906,0.07196164131164551,0.6566600203514099,0.7380486130714417,0.20245496928691864,0.023455966264009476,0.5682728886604309,0.7204691171646118,0.1002785786986351,0.08276989310979843,0.6560045480728149,0.7412940263748169,0.20000477135181427,0.03170434758067131,0.5777880549430847,0.7220953106880188,0.11422258615493774,0.08672533184289932,0.6440508365631104,0.738796055316925,0.19949871301651,0.03148506581783295,0.5828113555908203,0.7202845811843872,0.1198136955499649,0.09193733334541321,0.6431019902229309,0.7355961203575134,0.20072975754737854,0.034617748111486435,0.6174855828285217,0.7107670307159424,-0.06443555653095245,0.9999776482582092,0.6522966623306274,0.7493675351142883,0.06386686861515045,0.9999352097511292,0.5496383905410767,0.7278562784194946,-0.07869259268045425,0.9822653532028198,0.5646374821662903,0.7548351287841797,0.09369201958179474,0.6451928019523621,0.5519964098930359,0.8629035353660583,-0.27977269887924194,0.9840731620788574,0.5360402464866638,0.8576825261116028,-0.10971073806285858,0.8793049454689026,0.5704830288887024,0.8941717743873596,-0.30085015296936035,0.9916704297065735,0.5375233292579651,0.8781452178955078,-0.1340411752462387,0.964613676071167,0.5228040218353271,0.8913967609405518,-0.30451494455337524,0.9548168182373047,0.5021126866340637,0.8745068907737732,-0.14885547757148743,0.7558000683784485
216,0.6294877529144287,0.6440346240997314,0.4128720164299011,0.8514964580535889,0.6276860237121582,0.637377917766571,0.4050571024417877,0.8407584428787231,0.6259624361991882,0.6359736323356628,0.4051473140716553,0.833886444568634,0.6240431070327759,0.6348237991333008,0.40519458055496216,0.8316890597343445,0.6308690309524536,0.6405789852142334,0.41320672631263733,0.8342788815498352,0.6336187124252319,0.6413490176200867,0.4133058488368988,0.8196755647659302,0.6352709531784058,0.6418526768684387,0.4132324755191803,0.8073784708976746,0.6219140887260437,0.6304581165313721,0.3409217298030853,0.7490759491920471,0.6390109658241272,0.6368126273155212,0.3773755729198456,0.7571659088134766,0.6269332766532898,0.6441352367401123,0.38583946228027344,0.7791625261306763,0.6333203315734863,0.6485047936439514,0.3965597450733185,0.7473015189170837,0.6159040331840515,0.6162103414535522,0.20048001408576965,0.999726414680481,0.6644576787948608,0.6645846962928772,0.32457172870635986,0.9958487153053284,0.5885733366012573,0.6685470342636108,0.13584403693675995,0.17759376764297485,0.6774324178695679,0.708708643913269,0.2603283226490021,0.03726707771420479,0.5774580240249634,0.7057323455810547,0.13080379366874695,0.06951484084129333,0.656061589717865,0.7378909587860107,0.20908649265766144,0.022452475503087044,0.5683140754699707,0.719692051410675,0.11932553350925446,0.08034469932317734,0.6552990674972534,0.7414999008178711,0.20839445292949677,0.030566442757844925,0.5779901742935181,0.7217000722885132,0.13165609538555145,0.08416956663131714,0.6434523463249207,0.739399790763855,0.2081543505191803,0.03033875674009323,0.5830102562904358,0.7200680375099182,0.13602718710899353,0.08900490403175354,0.6425269246101379,0.7360647320747375,0.20777389407157898,0.033385977149009705,0.6184946894645691,0.7121374011039734,-0.06563259661197662,0.99997878074646,0.6522384881973267,0.7500401139259338,0.06502187252044678,0.9999369978904724,0.5504502654075623,0.7278950214385986,-0.08483816683292389,0.9833011627197266,0.5643919706344604,0.7528287172317505,0.09194785356521606,0.6424592733383179,0.5554317235946655,0.8670960664749146,-0.28912678360939026,0.9848318099975586,0.5334393978118896,0.8554918169975281,-0.11744687706232071,0.8778772354125977,0.5749039649963379,0.89890056848526,-0.3104042410850525,0.9918606877326965,0.5358856916427612,0.8757095336914062,-0.14215077459812164,0.9640123844146729,0.5256491899490356,0.8978879451751709,-0.3141767382621765,0.9565929174423218,0.4981965124607086,0.8709641695022583,-0.15793398022651672,0.7561497092247009
217,0.6294086575508118,0.6428582072257996,0.41692543029785156,0.8589788675308228,0.6276758909225464,0.6367251873016357,0.4087368845939636,0.8493727445602417,0.6259286999702454,0.6343555450439453,0.40882787108421326,0.8418951630592346,0.6240295171737671,0.6332926154136658,0.40887755155563354,0.8405722975730896,0.6310832500457764,0.6396745443344116,0.4176838994026184,0.843455970287323,0.6337459683418274,0.6405282616615295,0.41778093576431274,0.8291330933570862,0.6354072690010071,0.6413697600364685,0.4177103042602539,0.8180518746376038,0.6219404935836792,0.630097508430481,0.3440033197402954,0.7592791318893433,0.6390033960342407,0.6349505186080933,0.3840670585632324,0.7677581906318665,0.626884937286377,0.6438072323799133,0.3896797299385071,0.7894001603126526,0.6332575082778931,0.647381603717804,0.40143728256225586,0.7595014572143555,0.6166002154350281,0.6162198185920715,0.20205792784690857,0.9997440576553345,0.664490282535553,0.66457599401474,0.33432939648628235,0.9960570335388184,0.588395357131958,0.6686585545539856,0.1344226896762848,0.1741921603679657,0.6774662733078003,0.709159255027771,0.2722003161907196,0.03552677109837532,0.5774840712547302,0.7021134495735168,0.12849509716033936,0.0678841695189476,0.6565026044845581,0.7375376224517822,0.2197946310043335,0.021327398717403412,0.5681664347648621,0.7189949154853821,0.11726345866918564,0.07904834300279617,0.6558111906051636,0.7409936189651489,0.2187715768814087,0.029373956844210625,0.5779870748519897,0.7213587164878845,0.12887807190418243,0.08275896310806274,0.6438697576522827,0.7386574149131775,0.21824750304222107,0.029136620461940765,0.583000659942627,0.7197590470314026,0.1333928108215332,0.08700578659772873,0.6428920030593872,0.7353624701499939,0.2181720733642578,0.03207489103078842,0.6199323534965515,0.7141447067260742,-0.06739067286252975,0.9999798536300659,0.6521965265274048,0.7512754797935486,0.0667758658528328,0.9999383091926575,0.5509815812110901,0.7279109954833984,-0.08704164624214172,0.9841938614845276,0.5646566152572632,0.7523995041847229,0.0856156200170517,0.6391587853431702,0.5541657209396362,0.86809903383255,-0.2943120002746582,0.985614538192749,0.535149335861206,0.8568607568740845,-0.1169205904006958,0.8764548301696777,0.5758641958236694,0.9008573293685913,-0.3161073327064514,0.9921252727508545,0.5378327369689941,0.8773282766342163,-0.14194688200950623,0.9636958241462708,0.5254580974578857,0.8996676206588745,-0.32333269715309143,0.9587157964706421,0.5000796318054199,0.8731388449668884,-0.15993362665176392,0.7581871151924133
218,0.629353404045105,0.6376371383666992,0.41342467069625854,0.8629103899002075,0.6275023818016052,0.6326055526733398,0.40546169877052307,0.8546212315559387,0.6259180903434753,0.6313124299049377,0.40554776787757874,0.8466258645057678,0.6240164637565613,0.6303207874298096,0.40559321641921997,0.8461037278175354,0.6311303377151489,0.6350462436676025,0.41440996527671814,0.848800003528595,0.6337606906890869,0.6358768939971924,0.4145112931728363,0.834606409072876,0.6354089975357056,0.6365370154380798,0.41444283723831177,0.8242104053497314,0.6220437288284302,0.6268914341926575,0.3408202826976776,0.7649748921394348,0.6391509771347046,0.6349720358848572,0.3807772397994995,0.7730501294136047,0.6268497705459595,0.6401970982551575,0.38611215353012085,0.7954723238945007,0.6332336664199829,0.6449831128120422,0.3978271484375,0.7669218182563782,0.6167165637016296,0.6152032613754272,0.20035943388938904,0.9997594952583313,0.6645492315292358,0.6637102365493774,0.33156272768974304,0.9961869716644287,0.5869523882865906,0.6687027215957642,0.13608083128929138,0.16936832666397095,0.6772182583808899,0.7087803483009338,0.2717682421207428,0.033823855221271515,0.577526867389679,0.7000442743301392,0.1361008584499359,0.0658312737941742,0.6571646332740784,0.7373326420783997,0.22185838222503662,0.02023458108305931,0.5683228373527527,0.7184731960296631,0.1250137984752655,0.07744356244802475,0.6567645072937012,0.7409477233886719,0.2206670492887497,0.028119366616010666,0.5787236094474792,0.7209705114364624,0.1352415382862091,0.08108524978160858,0.6449142694473267,0.7388018369674683,0.22085309028625488,0.027891675010323524,0.5837690830230713,0.7194715738296509,0.1405991017818451,0.08491068333387375,0.6437422037124634,0.7354102730751038,0.2204897701740265,0.03073299117386341,0.6202501058578491,0.7141680121421814,-0.06844598799943924,0.9999808669090271,0.6522292494773865,0.7512624859809875,0.06785057485103607,0.9999390840530396,0.5509788990020752,0.7279151678085327,-0.08679704368114471,0.985004186630249,0.5649346709251404,0.7521127462387085,0.08294489979743958,0.6359491348266602,0.5515322089195251,0.8677616715431213,-0.28428521752357483,0.9864041805267334,0.5386379957199097,0.8579570651054382,-0.11010541021823883,0.8757262229919434,0.5699009299278259,0.898081362247467,-0.3050627112388611,0.9923650026321411,0.5408354997634888,0.8787504434585571,-0.13369527459144592,0.9632905721664429,0.524235188961029,0.8998130559921265,-0.3132939040660858,0.9607085585594177,0.5085559487342834,0.8745418190956116,-0.15105661749839783,0.7591693997383118
219,0.6291675567626953,0.6325749158859253,0.41716283559799194,0.869513988494873,0.6273149847984314,0.6252868175506592,0.40873074531555176,0.862701952457428,0.6258816123008728,0.6244397759437561,0.4088071882724762,0.8543756008148193,0.6240066289901733,0.6232643723487854,0.40885287523269653,0.8546952605247498,0.6311304569244385,0.6275624632835388,0.4189170002937317,0.8570876717567444,0.6335022449493408,0.6280704140663147,0.41901740431785583,0.8431584239006042,0.6353808045387268,0.6286908388137817,0.41895514726638794,0.8339524269104004,0.6220933794975281,0.6227467060089111,0.3433823883533478,0.7755278944969177,0.6391444206237793,0.6312111020088196,0.3889428377151489,0.7833222150802612,0.626731276512146,0.6361779570579529,0.3895586133003235,0.8050797581672668,0.6323273777961731,0.6387316584587097,0.40293216705322266,0.7782188653945923,0.616767168045044,0.6145166158676147,0.20164446532726288,0.9997752904891968,0.6645593047142029,0.6595533490180969,0.3402014672756195,0.9963741898536682,0.5865248441696167,0.6686428189277649,0.1303948014974594,0.16633926331996918,0.6772576570510864,0.7086184620857239,0.2782604992389679,0.032309118658304214,0.5767453908920288,0.6988595724105835,0.11971721798181534,0.064564548432827,0.6576175093650818,0.7377485632896423,0.22353620827198029,0.019468724727630615,0.5679981112480164,0.7183294296264648,0.10604912042617798,0.0765855684876442,0.6570369005203247,0.7410311102867126,0.22103889286518097,0.02741437591612339,0.578345000743866,0.720489501953125,0.11502101272344589,0.080076202750206,0.6451582312583923,0.7389289736747742,0.22030644118785858,0.0271161962300539,0.5834716558456421,0.7189217209815979,0.12331163883209229,0.08340448141098022,0.6439886689186096,0.7354735732078552,0.22148816287517548,0.029850933700799942,0.6203588247299194,0.71504145860672,-0.06935469806194305,0.9999814629554749,0.6522688269615173,0.7513615489006042,0.06878349930047989,0.9999375343322754,0.5507763028144836,0.7279132008552551,-0.0860990434885025,0.985494077205658,0.5651012659072876,0.7521471381187439,0.08177988231182098,0.6361843943595886,0.5512493848800659,0.8607404828071594,-0.28941190242767334,0.9869970083236694,0.5406052470207214,0.8589907288551331,-0.11134723573923111,0.8741894960403442,0.5634150505065918,0.8964327573776245,-0.3115251064300537,0.9925797581672668,0.5417861342430115,0.8789806962013245,-0.13608260452747345,0.9630086421966553,0.5235415697097778,0.899562418460846,-0.3247763514518738,0.9624359607696533,0.5135952234268188,0.8769832849502563,-0.15727831423282623,0.7600520849227905
220,0.6291455030441284,0.6333023309707642,0.4365650713443756,0.8729409575462341,0.6273654699325562,0.6264912486076355,0.42945075035095215,0.8659915924072266,0.6258542537689209,0.6254603862762451,0.42954182624816895,0.8575975894927979,0.6240196824073792,0.6242921352386475,0.42959922552108765,0.8585917949676514,0.6311871409416199,0.628881573677063,0.4382660388946533,0.8598635196685791,0.6335514187812805,0.6295621991157532,0.4383780360221863,0.846284031867981,0.6353868246078491,0.6301237940788269,0.4383161664009094,0.8373405933380127,0.6221328377723694,0.6229574680328369,0.36316055059432983,0.778609573841095,0.6392735242843628,0.6320987343788147,0.40235424041748047,0.7844749093055725,0.6267069578170776,0.6363773345947266,0.40795010328292847,0.8089916706085205,0.6323162913322449,0.639533281326294,0.419494092464447,0.7812502980232239,0.6168278455734253,0.6145315766334534,0.21857202053070068,0.9997868537902832,0.6648119688034058,0.6597078442573547,0.34387367963790894,0.9964565634727478,0.5858868956565857,0.6686104536056519,0.14843928813934326,0.16341857612133026,0.6772350072860718,0.7088062763214111,0.27361196279525757,0.03141361102461815,0.5773083567619324,0.6989424228668213,0.13527998328208923,0.06278005987405777,0.6574451327323914,0.740761935710907,0.2221812903881073,0.019156649708747864,0.5686079859733582,0.718023419380188,0.12309455871582031,0.07514034956693649,0.6569452881813049,0.7451842427253723,0.21533849835395813,0.02725999988615513,0.5798405408859253,0.7196127772331238,0.13260634243488312,0.07862626761198044,0.6449828147888184,0.7433646321296692,0.219995379447937,0.0268872007727623,0.5849477052688599,0.7180467247962952,0.13900282979011536,0.08169185370206833,0.6437673568725586,0.7394713163375854,0.22074779868125916,0.029411975294351578,0.6203830242156982,0.7145715355873108,-0.06914813071489334,0.9999819397926331,0.6523420810699463,0.7512277364730835,0.06858206540346146,0.9999362230300903,0.5506464242935181,0.7281250357627869,-0.08849720656871796,0.9860599040985107,0.5652133226394653,0.7521921992301941,0.07720061391592026,0.6399518847465515,0.5504889488220215,0.8598719239234924,-0.28662818670272827,0.9874869585037231,0.5415804982185364,0.8610566258430481,-0.11059896647930145,0.8727016448974609,0.5617480278015137,0.8974409699440002,-0.30805179476737976,0.9926685094833374,0.542273998260498,0.8805463910102844,-0.1350194215774536,0.9627935886383057,0.5231425762176514,0.8994132280349731,-0.31839603185653687,0.9634590744972229,0.5114470720291138,0.8773950934410095,-0.15462586283683777,0.7578030824661255
221,0.6287037134170532,0.6340358257293701,0.43939629197120667,0.8781751394271851,0.6270748376846313,0.6271690726280212,0.432293564081192,0.8718594908714294,0.6257473826408386,0.6261236667633057,0.432384192943573,0.8634040355682373,0.6239860653877258,0.6249868273735046,0.4324397146701813,0.8650244474411011,0.6311166286468506,0.6295673251152039,0.44192299246788025,0.8655475378036499,0.6331223249435425,0.6302715539932251,0.4420340955257416,0.8524375557899475,0.635263979434967,0.6308996677398682,0.44197002053260803,0.844124436378479,0.6221396923065186,0.6233934164047241,0.36660236120224,0.7860244512557983,0.6392569541931152,0.6322124004364014,0.4096446633338928,0.7904053926467896,0.6265107989311218,0.6368301510810852,0.410971075296402,0.8165008425712585,0.631907045841217,0.6401360630989075,0.4235973358154297,0.7887342572212219,0.6170194745063782,0.6144683957099915,0.22120210528373718,0.999799907207489,0.6650389432907104,0.6602219939231873,0.352611243724823,0.9965997338294983,0.5857231616973877,0.6685953736305237,0.1454657018184662,0.15993504226207733,0.6772006750106812,0.7089044451713562,0.2782800793647766,0.030029425397515297,0.5773371458053589,0.6988666653633118,0.1341213881969452,0.06165457144379616,0.6569885015487671,0.7416566014289856,0.21916525065898895,0.018659502267837524,0.5685345530509949,0.7178347110748291,0.11983509361743927,0.07458433508872986,0.6564280986785889,0.7464625835418701,0.21512427926063538,0.027031995356082916,0.5797525644302368,0.7195338606834412,0.1288144290447235,0.07807330787181854,0.6445289850234985,0.7444466948509216,0.21821358799934387,0.026608586311340332,0.5848418474197388,0.71800696849823,0.13712197542190552,0.08083762973546982,0.6434005498886108,0.7404786944389343,0.21784934401512146,0.02898341603577137,0.6205993294715881,0.7144888639450073,-0.07022745907306671,0.9999826550483704,0.6525883078575134,0.7511855959892273,0.06965486705303192,0.9999359250068665,0.5505201816558838,0.7283506989479065,-0.0930136889219284,0.9866771697998047,0.5652889013290405,0.752335786819458,0.07718314975500107,0.6386876702308655,0.5495849847793579,0.8682936429977417,-0.3033704161643982,0.9880433678627014,0.5417171120643616,0.8620877861976624,-0.11905477195978165,0.8698810935020447,0.5612033605575562,0.8985053896903992,-0.3263612985610962,0.9928759932518005,0.5431755185127258,0.8811625838279724,-0.14513859152793884,0.962536633014679,0.5230087637901306,0.8999351859092712,-0.338545560836792,0.965034008026123,0.5179190635681152,0.8914706110954285,-0.166230708360672,0.7571073174476624
222,0.6286660432815552,0.6336763501167297,0.4474458694458008,0.8845092058181763,0.6269867420196533,0.6273483037948608,0.4405701160430908,0.8786919116973877,0.6257333755493164,0.6263209581375122,0.44066429138183594,0.8701876401901245,0.6239795088768005,0.625181257724762,0.44071879982948303,0.8724934458732605,0.6311169266700745,0.629741370677948,0.45054832100868225,0.8727483749389648,0.6331261992454529,0.6305015683174133,0.45064860582351685,0.8600706458091736,0.6352548599243164,0.6310705542564392,0.4505790174007416,0.8526884913444519,0.6222275495529175,0.6227807998657227,0.3757803738117218,0.7950716614723206,0.6392503976821899,0.6324920654296875,0.4202779233455658,0.7988255620002747,0.6264966726303101,0.6364458799362183,0.41944795846939087,0.8248761892318726,0.631766676902771,0.6403518319129944,0.4324936866760254,0.7978242039680481,0.6180423498153687,0.6144959330558777,0.22830811142921448,0.9998119473457336,0.6650840044021606,0.6604661345481873,0.3656075596809387,0.9967455863952637,0.5859211683273315,0.6686496734619141,0.1500842422246933,0.15373781323432922,0.6771999597549438,0.7089695334434509,0.2939782738685608,0.0283633004873991,0.5773881673812866,0.6990753412246704,0.13399983942508698,0.06052511930465698,0.6568385362625122,0.7418808341026306,0.2302558869123459,0.017995916306972504,0.5685147047042847,0.7183576226234436,0.12028513848781586,0.0739174410700798,0.6562161445617676,0.7468388080596924,0.2262837439775467,0.02668699249625206,0.5797324180603027,0.7197076082229614,0.13015633821487427,0.0772835835814476,0.6444159746170044,0.7445229887962341,0.22771625220775604,0.02622768096625805,0.5848520994186401,0.718180239200592,0.13770054280757904,0.0796458050608635,0.6433535218238831,0.7405412793159485,0.22873501479625702,0.028489893302321434,0.621331512928009,0.714665949344635,-0.07137219607830048,0.9999831318855286,0.6525717377662659,0.7513295412063599,0.07080251723527908,0.9999350309371948,0.5507065057754517,0.7286059856414795,-0.09762471169233322,0.9871660470962524,0.565301239490509,0.7523643374443054,0.0735437273979187,0.6338670253753662,0.5503112077713013,0.8713865280151367,-0.31720730662345886,0.9884669184684753,0.5449935793876648,0.862025797367096,-0.13299334049224854,0.8655210733413696,0.5696292519569397,0.9010915160179138,-0.3412724435329437,0.9930258989334106,0.5431846976280212,0.8815472722053528,-0.16000965237617493,0.9620541334152222,0.5230409502983093,0.9001594185829163,-0.3552151024341583,0.9663226008415222,0.512839674949646,0.8831551671028137,-0.18287190794944763,0.7561162114143372
223,0.6286517977714539,0.6327822804450989,0.4440855085849762,0.8893981575965881,0.6269820332527161,0.6268276572227478,0.43651384115219116,0.88339763879776,0.6257144212722778,0.6258516907691956,0.43660515546798706,0.8748371005058289,0.6240423321723938,0.623505711555481,0.43665972352027893,0.877726674079895,0.6312053799629211,0.6292592287063599,0.44582685828208923,0.8775944709777832,0.6332864761352539,0.6300942301750183,0.4459322988986969,0.8652656674385071,0.6353209614753723,0.6306695342063904,0.4458666443824768,0.858420729637146,0.6223590970039368,0.6218035221099854,0.370267778635025,0.8009253144264221,0.6394011974334717,0.6312780976295471,0.4116387367248535,0.8036996126174927,0.6264870762825012,0.6357125639915466,0.4158652722835541,0.8308297991752625,0.6317939162254333,0.6387867331504822,0.42801618576049805,0.8039950132369995,0.6180410981178284,0.6144228577613831,0.2249279022216797,0.9998219013214111,0.6650627851486206,0.659252941608429,0.355394572019577,0.9968482851982117,0.5854732990264893,0.6687934398651123,0.15072312951087952,0.15074089169502258,0.6775119304656982,0.7090654969215393,0.28589123487472534,0.02795187011361122,0.5775437951087952,0.6992259621620178,0.13480672240257263,0.05924372747540474,0.6568641662597656,0.742692232131958,0.22567792236804962,0.01786799356341362,0.56850665807724,0.7186216711997986,0.12157227098941803,0.07281515747308731,0.6562137603759766,0.7478342056274414,0.22206583619117737,0.026802193373441696,0.5797566771507263,0.7197932004928589,0.13152945041656494,0.07609163224697113,0.6442400217056274,0.745463490486145,0.22333045303821564,0.026243841275572777,0.5848685503005981,0.7182406783103943,0.138616144657135,0.07822878658771515,0.6431475877761841,0.7414773106575012,0.22431445121765137,0.028325403109192848,0.6212694644927979,0.7145320177078247,-0.07092873007059097,0.9999834895133972,0.6525771021842957,0.7491272687911987,0.07036511600017548,0.9999331831932068,0.5507482290267944,0.7289997935295105,-0.09482763707637787,0.9876130223274231,0.5653021931648254,0.7525309920310974,0.0736357569694519,0.637393057346344,0.5508743524551392,0.8727213144302368,-0.3019959330558777,0.988878607749939,0.5402016043663025,0.8620557188987732,-0.12759236991405487,0.8648809790611267,0.5714950561523438,0.9015602469444275,-0.3243040442466736,0.993141770362854,0.5417636632919312,0.8818067312240601,-0.15366998314857483,0.9621291160583496,0.5230032801628113,0.8996128439903259,-0.335407555103302,0.9672595858573914,0.5109739303588867,0.8797610998153687,-0.17632614076137543,0.7562870979309082
224,0.6284537315368652,0.6323589086532593,0.44085341691970825,0.8952383399009705,0.6267527341842651,0.6266028881072998,0.4322354197502136,0.88929682970047,0.6256359219551086,0.6248072385787964,0.432320773601532,0.8807448744773865,0.6239945292472839,0.6229926943778992,0.4323738217353821,0.8840955495834351,0.631107747554779,0.6289430856704712,0.4421626925468445,0.8837280869483948,0.6331920027732849,0.62973952293396,0.44227370619773865,0.8718583583831787,0.6351647973060608,0.630316972732544,0.44221752882003784,0.8656132817268372,0.6223443746566772,0.6215808391571045,0.36456385254859924,0.8090528845787048,0.639385998249054,0.6306793689727783,0.4084315896034241,0.8113856911659241,0.6263171434402466,0.6352565288543701,0.412201464176178,0.8382986783981323,0.6316078901290894,0.6378484964370728,0.42527928948402405,0.8122484087944031,0.6180194020271301,0.6144335269927979,0.22037871181964874,0.9998329877853394,0.6650639772415161,0.6586155295372009,0.3529829680919647,0.9970152974128723,0.5851986408233643,0.6687785983085632,0.13404454290866852,0.15131893754005432,0.6777215600013733,0.7091519236564636,0.2820829451084137,0.02827465534210205,0.5766434073448181,0.6991270780563354,0.10314967483282089,0.05950014293193817,0.6573372483253479,0.7454267144203186,0.21888351440429688,0.018540270626544952,0.5677967071533203,0.718552827835083,0.0873255580663681,0.07314105331897736,0.6566025614738464,0.7508109211921692,0.21348729729652405,0.028102977201342583,0.5791425108909607,0.7197543382644653,0.0981341004371643,0.07635089755058289,0.6443727016448975,0.7482929229736328,0.21371130645275116,0.027335790917277336,0.5842610597610474,0.7181600332260132,0.10688730329275131,0.07808925956487656,0.6432290077209473,0.7443548440933228,0.21665120124816895,0.02920111082494259,0.621265172958374,0.71457839012146,-0.07130143791437149,0.9999836683273315,0.6525683999061584,0.7493920922279358,0.07075301557779312,0.9999309778213501,0.5503556728363037,0.7290077209472656,-0.09145784378051758,0.9880601167678833,0.565324604511261,0.7526258230209351,0.08324170112609863,0.6420002579689026,0.5505567193031311,0.8633415699005127,-0.29317450523376465,0.9892935752868652,0.536938488483429,0.8616763949394226,-0.10606338828802109,0.8658398985862732,0.5722740888595581,0.9020535945892334,-0.315415620803833,0.993297815322876,0.5396994352340698,0.8815187811851501,-0.1309213638305664,0.9625963568687439,0.5229434967041016,0.8993881344795227,-0.32981258630752563,0.9683418273925781,0.5035630464553833,0.878100574016571,-0.15138894319534302,0.7589417695999146
225,0.6284332871437073,0.6318239569664001,0.43691474199295044,0.9016956090927124,0.6267454624176025,0.6251125335693359,0.42964982986450195,0.8959721326828003,0.6256251335144043,0.6238316297531128,0.42973631620407104,0.8876206874847412,0.6239901185035706,0.6223418712615967,0.42978817224502563,0.8911322355270386,0.6311087012290955,0.6283214092254639,0.4387987554073334,0.8907288908958435,0.6331942081451416,0.6291272640228271,0.43890589475631714,0.8794978857040405,0.6351566910743713,0.6297407150268555,0.43883800506591797,0.8737137317657471,0.622342050075531,0.6213546991348267,0.35999321937561035,0.8191453814506531,0.6393781900405884,0.6301838159561157,0.4063595235347748,0.8215797543525696,0.6262696385383606,0.634840190410614,0.4087812900543213,0.8474799394607544,0.6315677165985107,0.637239396572113,0.4212166368961334,0.8225499391555786,0.6178414225578308,0.6145787835121155,0.21331867575645447,0.999843955039978,0.6650262475013733,0.6579822897911072,0.35096076130867004,0.9971867799758911,0.5851351022720337,0.6688312292098999,0.11908044666051865,0.1506417840719223,0.6777099370956421,0.7092043161392212,0.2784278988838196,0.02907860465347767,0.5761472582817078,0.6992138624191284,0.08016534149646759,0.059212617576122284,0.6573473811149597,0.7474668622016907,0.21122753620147705,0.019496016204357147,0.5676699876785278,0.7188754677772522,0.06285648792982101,0.07280223071575165,0.6565861105918884,0.7530557513237,0.20581786334514618,0.029771586880087852,0.5789777636528015,0.7201310396194458,0.07337523996829987,0.07591161131858826,0.6443041563034058,0.7506466507911682,0.20546849071979523,0.028770023956894875,0.5840514302253723,0.7186084389686584,0.08352257311344147,0.07740103453397751,0.6431286334991455,0.7468245625495911,0.2088252753019333,0.030422305688261986,0.6212278604507446,0.7149918079376221,-0.0713600218296051,0.999984085559845,0.65239417552948,0.7494204640388489,0.07081915438175201,0.9999295473098755,0.5503669381141663,0.7290925979614258,-0.08808986842632294,0.9885917901992798,0.5642751455307007,0.7518690824508667,0.09288796782493591,0.6475449800491333,0.5522634983062744,0.870005190372467,-0.2887611389160156,0.9897940158843994,0.5314649939537048,0.8569737672805786,-0.09220541268587112,0.8682777285575867,0.5766700506210327,0.9049178957939148,-0.3108634352684021,0.9934949278831482,0.534223198890686,0.8767357468605042,-0.11627297103404999,0.9632947444915771,0.5245797634124756,0.9010491967201233,-0.32858601212501526,0.96965491771698,0.49630284309387207,0.871588945388794,-0.1343228816986084,0.7638221383094788
226,0.6284404993057251,0.6315327882766724,0.4478549063205719,0.9037139415740967,0.6269001364707947,0.6250668168067932,0.43953919410705566,0.8970558047294617,0.6256492733955383,0.6234359741210938,0.4396193027496338,0.8884307146072388,0.6240223050117493,0.6220948696136475,0.4396766722202301,0.8924773931503296,0.6312831044197083,0.6278342604637146,0.4482707381248474,0.8916378617286682,0.6333778500556946,0.6286052465438843,0.4483799338340759,0.8803170919418335,0.6352839469909668,0.6292121410369873,0.4483238160610199,0.8747268319129944,0.6223639249801636,0.621247410774231,0.3687211871147156,0.8189497590065002,0.6395047903060913,0.6303796172142029,0.4092067778110504,0.8200855851173401,0.6262609362602234,0.6345727443695068,0.4183988571166992,0.8471183180809021,0.6315613985061646,0.6368294954299927,0.4300066828727722,0.8205986022949219,0.6174398064613342,0.6150802373886108,0.22239765524864197,0.9998447895050049,0.665312647819519,0.6590298414230347,0.3486614227294922,0.9971964359283447,0.5851736664772034,0.668709933757782,0.13033917546272278,0.15424618124961853,0.6790687441825867,0.7093222141265869,0.27618855237960815,0.03167980909347534,0.5758601427078247,0.6992470622062683,0.09805477410554886,0.0590260848402977,0.6579846739768982,0.748449444770813,0.2107512205839157,0.021193459630012512,0.566662073135376,0.7184018492698669,0.08317899703979492,0.07218727469444275,0.6571850180625916,0.7539685964584351,0.20579132437705994,0.03195681795477867,0.5775889754295349,0.7197789549827576,0.09358568489551544,0.07524397224187851,0.6448186635971069,0.7519854307174683,0.2066127508878708,0.030516674742102623,0.5826877355575562,0.7183555960655212,0.10181156545877457,0.076542429625988,0.6436147689819336,0.7481290102005005,0.2090473473072052,0.03175882622599602,0.6208884716033936,0.7140912413597107,-0.07109911739826202,0.9999828934669495,0.6523883938789368,0.7481611371040344,0.0705878883600235,0.9999209046363831,0.5501421093940735,0.7291003465652466,-0.08754070103168488,0.9887486100196838,0.5648120641708374,0.7530631422996521,0.0854562446475029,0.6622870564460754,0.549590528011322,0.8591848015785217,-0.2660254240036011,0.9898314476013184,0.5448061227798462,0.859225332736969,-0.08762866258621216,0.8699467182159424,0.5745784044265747,0.9038816094398499,-0.28584185242652893,0.9934340715408325,0.536176323890686,0.8806381821632385,-0.10986272990703583,0.9639397263526917,0.5239053964614868,0.8959336876869202,-0.2966981530189514,0.9689496159553528,0.4990697503089905,0.8740001916885376,-0.1284973919391632,0.7614919543266296
227,0.6285449266433716,0.6315714716911316,0.44650036096572876,0.9071952104568481,0.6271690726280212,0.6252143979072571,0.4379182457923889,0.8999471664428711,0.6257628202438354,0.6234166622161865,0.4379984438419342,0.891311526298523,0.6241525411605835,0.6221216917037964,0.43805351853370667,0.89561927318573,0.6317703723907471,0.6278990507125854,0.4465799927711487,0.8945428133010864,0.6336677074432373,0.6286426782608032,0.44668883085250854,0.8834061026573181,0.6355029344558716,0.6292561292648315,0.4466356337070465,0.877977192401886,0.6224616765975952,0.6212924718856812,0.3676493167877197,0.8229853510856628,0.6396880149841309,0.6305254697799683,0.4071580469608307,0.82304847240448,0.6262834668159485,0.6346026659011841,0.4172340929508209,0.8500546216964722,0.63161700963974,0.6368942260742188,0.4286986291408539,0.8230147361755371,0.6171865463256836,0.6154455542564392,0.22157934308052063,0.9998482465744019,0.6653916239738464,0.6599110960960388,0.34787434339523315,0.9972636103630066,0.5852042436599731,0.6686995029449463,0.13116320967674255,0.1568167358636856,0.679015040397644,0.7093496918678284,0.27141398191452026,0.033893536776304245,0.5756855607032776,0.6992990374565125,0.09674487262964249,0.058890312910079956,0.6582562327384949,0.7486072778701782,0.20601829886436462,0.02261725626885891,0.5664739608764648,0.7183824777603149,0.08105646818876266,0.07181759923696518,0.6576472520828247,0.7541610598564148,0.20118260383605957,0.03382234275341034,0.5771965980529785,0.7197238802909851,0.09278659522533417,0.0748426765203476,0.6453494429588318,0.7523022890090942,0.20306578278541565,0.032025132328271866,0.5822758078575134,0.7182815670967102,0.10054520517587662,0.07594972103834152,0.6440294981002808,0.7484133839607239,0.20484252274036407,0.0329369381070137,0.6207637786865234,0.7136555314064026,-0.07105850428342819,0.999982476234436,0.6523695588111877,0.7475214600563049,0.07053013145923615,0.9999168515205383,0.5500186681747437,0.7291113138198853,-0.08639644831418991,0.9889698624610901,0.5651975274085999,0.7539593577384949,0.08505517244338989,0.6742262840270996,0.5486921072006226,0.855358362197876,-0.26047104597091675,0.9899610877037048,0.5408296585083008,0.860185444355011,-0.0851835384964943,0.8720821738243103,0.5737485885620117,0.9032520055770874,-0.2799147963523865,0.9933869242668152,0.5374751091003418,0.8811057806015015,-0.1071644276380539,0.9645859599113464,0.5238016843795776,0.8976673483848572,-0.2896455228328705,0.9687018394470215,0.5013338327407837,0.8744937181472778,-0.1259942352771759,0.7609877586364746
228,0.6286614537239075,0.6317166686058044,0.4494718909263611,0.9103134870529175,0.6273342370986938,0.6252991557121277,0.4413434565067291,0.902060866355896,0.6258358955383301,0.6236003637313843,0.4414282441139221,0.8932788968086243,0.6242343187332153,0.6223073601722717,0.44148507714271545,0.8982427716255188,0.6321040391921997,0.6280074715614319,0.44961875677108765,0.8967778086662292,0.6338942050933838,0.6287820339202881,0.44973239302635193,0.8855604529380798,0.6356777548789978,0.6293891668319702,0.4496801495552063,0.8806021213531494,0.6225162744522095,0.6213837265968323,0.37232059240341187,0.8247336745262146,0.6399136781692505,0.6306430697441101,0.4093101918697357,0.8244909644126892,0.6263275742530823,0.6346973180770874,0.4204936623573303,0.8520557284355164,0.6317263841629028,0.6370290517807007,0.43137311935424805,0.8243014216423035,0.6169278621673584,0.6155772805213928,0.22666826844215393,0.9998522400856018,0.6653884649276733,0.6593559384346008,0.3472720980644226,0.9973058104515076,0.5851565003395081,0.6686905026435852,0.14672881364822388,0.15758034586906433,0.6799718141555786,0.7095032334327698,0.2717030942440033,0.036437343806028366,0.5756968855857849,0.6996258497238159,0.11773543059825897,0.05823533609509468,0.6595293879508972,0.7522920966148376,0.20927143096923828,0.024593375623226166,0.5665141344070435,0.7183530926704407,0.10372456163167953,0.07087025791406631,0.6592576503753662,0.7586427330970764,0.20411932468414307,0.03635728359222412,0.5772347450256348,0.7197090983390808,0.11499092727899551,0.07381413131952286,0.646728515625,0.7572532296180725,0.2074238359928131,0.03409454971551895,0.582314133644104,0.718235194683075,0.12138301134109497,0.0748153030872345,0.6452544331550598,0.7531055808067322,0.20863094925880432,0.03454618528485298,0.6205931901931763,0.7126739025115967,-0.07050347328186035,0.9999817609786987,0.6522794961929321,0.7466490864753723,0.06999562680721283,0.9999100565910339,0.5498632192611694,0.7291107773780823,-0.08604002743959427,0.9891920685768127,0.5653468370437622,0.7540014982223511,0.07700005173683167,0.6861203908920288,0.5480581521987915,0.853618860244751,-0.25800055265426636,0.9900407195091248,0.5476686358451843,0.8604285717010498,-0.08469914644956589,0.8727013468742371,0.573177695274353,0.9028409123420715,-0.2771781384944916,0.9932995438575745,0.5381098985671997,0.8811932802200317,-0.10597653687000275,0.9647698402404785,0.5237109065055847,0.8947307467460632,-0.2867770791053772,0.9681127667427063,0.5024226903915405,0.8754528760910034,-0.12356046587228775,0.757864236831665
229,0.6289520859718323,0.6317368745803833,0.45289164781570435,0.9137628674507141,0.6277962327003479,0.6251854300498962,0.4447411596775055,0.9045851826667786,0.6262860894203186,0.6236647367477417,0.4448244571685791,0.8955989480018616,0.6244693398475647,0.6223546862602234,0.44488638639450073,0.9010788202285767,0.6326110363006592,0.6281209588050842,0.4527556002140045,0.8997253179550171,0.6343148946762085,0.6288918852806091,0.4528675675392151,0.8885622620582581,0.6362578272819519,0.6295039057731628,0.4528144299983978,0.884097695350647,0.6226938962936401,0.6213297247886658,0.3751334547996521,0.8270617723464966,0.640339195728302,0.6307020783424377,0.41086792945861816,0.8271602392196655,0.6265153884887695,0.6346870064735413,0.4236583113670349,0.8550652861595154,0.632020890712738,0.6370348334312439,0.43418556451797485,0.8270654678344727,0.616858959197998,0.6155778169631958,0.2285628318786621,0.999856173992157,0.6653896570205688,0.6588650941848755,0.34699875116348267,0.9973815679550171,0.585163950920105,0.6686010956764221,0.15261557698249817,0.16019846498966217,0.6807164549827576,0.709559440612793,0.27184993028640747,0.04009304195642471,0.5757518410682678,0.6997883915901184,0.1270083487033844,0.05781294032931328,0.6610462665557861,0.7535670399665833,0.21217286586761475,0.027173638343811035,0.5668380856513977,0.7181695699691772,0.11382025480270386,0.06994064152240753,0.6609188318252563,0.7602744698524475,0.20763644576072693,0.03944684937596321,0.5777138471603394,0.7195693254470825,0.12464950978755951,0.07281540334224701,0.6482735276222229,0.7589175701141357,0.21137437224388123,0.036778517067432404,0.582751989364624,0.7180961966514587,0.13061323761940002,0.07377810031175613,0.6467429399490356,0.7546533942222595,0.21183839440345764,0.03680024296045303,0.6205686330795288,0.7121147513389587,-0.07014811038970947,0.9999812841415405,0.652274489402771,0.7461950182914734,0.06965114921331406,0.9999061226844788,0.5498482584953308,0.7291595339775085,-0.08610251545906067,0.9894140362739563,0.5656901597976685,0.7540864944458008,0.0714016780257225,0.6982529759407043,0.5471676588058472,0.8523693680763245,-0.2621079981327057,0.9901471734046936,0.5494959354400635,0.8605490326881409,-0.08812864124774933,0.8749434351921082,0.5730308294296265,0.902574896812439,-0.2818005084991455,0.9932441711425781,0.5386795401573181,0.882328450679779,-0.11079342663288116,0.9653801918029785,0.5232539176940918,0.8933629989624023,-0.29148176312446594,0.9678452014923096,0.5031823515892029,0.8763795495033264,-0.12913274765014648,0.757989764213562
230,0.6302711367607117,0.6318144202232361,0.4506698548793793,0.9151875376701355,0.6286018490791321,0.6252061128616333,0.4425618052482605,0.9046353697776794,0.6271454095840454,0.6237574815750122,0.44264453649520874,0.8952614665031433,0.6253347396850586,0.6224486231803894,0.4427017271518707,0.9014537930488586,0.6338066458702087,0.6281585097312927,0.45013028383255005,0.9004111886024475,0.6354813575744629,0.6289356350898743,0.4502406716346741,0.8890790343284607,0.6376404166221619,0.6295762658119202,0.45018553733825684,0.8850842118263245,0.6231297254562378,0.6213731169700623,0.3733263313770294,0.8252902626991272,0.6428524851799011,0.6293641924858093,0.41023072600364685,0.8261847496032715,0.6272009015083313,0.6347452402114868,0.42169642448425293,0.8539146780967712,0.6330061554908752,0.6371281147003174,0.4316807687282562,0.8249212503433228,0.6168212890625,0.6155920028686523,0.22724561393260956,0.9998566508293152,0.6653940081596375,0.6584972739219666,0.3426670730113983,0.9974105358123779,0.5851803421974182,0.6686356067657471,0.1564895659685135,0.16100162267684937,0.681230366230011,0.7095839381217957,0.26901906728744507,0.04399506747722626,0.5758061408996582,0.7004136443138123,0.13559246063232422,0.056745752692222595,0.6629054546356201,0.7547110319137573,0.21197259426116943,0.02977655827999115,0.5674450993537903,0.7181247472763062,0.12316827476024628,0.06830278784036636,0.6629379987716675,0.7616477608680725,0.20762979984283447,0.04261152818799019,0.5783063769340515,0.7195530533790588,0.13379687070846558,0.07108019292354584,0.6503721475601196,0.7603309750556946,0.21136584877967834,0.03963015601038933,0.5832372903823853,0.7180557250976562,0.13924148678779602,0.0721111074090004,0.6487717032432556,0.756004273891449,0.21170611679553986,0.03926519304513931,0.6205664873123169,0.7114675045013428,-0.06938384473323822,0.9999802708625793,0.6522771716117859,0.7457077503204346,0.06889253854751587,0.9999006390571594,0.5498523712158203,0.7291730046272278,-0.08621630072593689,0.9895938634872437,0.5658629536628723,0.7540966868400574,0.06688649952411652,0.7069142460823059,0.5470551252365112,0.8524371981620789,-0.25846362113952637,0.9901746511459351,0.5405925512313843,0.8606107234954834,-0.09024348109960556,0.8763055205345154,0.5729323029518127,0.9023783206939697,-0.27730581164360046,0.9930997490882874,0.5387471914291382,0.8821042776107788,-0.11223626136779785,0.9655742645263672,0.5232531428337097,0.8970705270767212,-0.28510749340057373,0.9670171141624451,0.5024077892303467,0.8765857219696045,-0.12909245491027832,0.7560157179832458
231,0.6300077438354492,0.6266991496086121,0.44557875394821167,0.9176214933395386,0.6281476616859436,0.6207197308540344,0.43523532152175903,0.9071727395057678,0.6267991065979004,0.6198378801345825,0.4353104531764984,0.8977629542350769,0.6251882314682007,0.6175029873847961,0.43536558747291565,0.9042990803718567,0.633345901966095,0.6231769323348999,0.44506359100341797,0.9030200242996216,0.6351863145828247,0.6240103840827942,0.4451836943626404,0.8918743133544922,0.6372488141059875,0.6245318651199341,0.4451438784599304,0.8883377313613892,0.6231244206428528,0.6177193522453308,0.3623984456062317,0.828682005405426,0.641997754573822,0.6276001334190369,0.40752658247947693,0.8299856185913086,0.6270561218261719,0.6302720904350281,0.415510356426239,0.8570818305015564,0.6327252388000488,0.6339702606201172,0.428475946187973,0.8282328248023987,0.6167280077934265,0.6155942678451538,0.21715807914733887,0.9998610615730286,0.6653258800506592,0.6580179929733276,0.34267860651016235,0.9975364804267883,0.5854871273040771,0.6671180129051208,0.12469358742237091,0.15979672968387604,0.6812768578529358,0.7096081376075745,0.2693398594856262,0.04751443862915039,0.5757880806922913,0.7004161477088928,0.07913848012685776,0.056139301508665085,0.6636983156204224,0.7579299211502075,0.21070393919944763,0.03343471884727478,0.5672147870063782,0.7181073427200317,0.06145033985376358,0.06777781248092651,0.6640137434005737,0.7655632495880127,0.20570190250873566,0.04755941405892372,0.5778982043266296,0.7195422053337097,0.07131647318601608,0.07050613313913345,0.651558518409729,0.7642911076545715,0.2074059247970581,0.04380599036812782,0.5828193426132202,0.7180354595184326,0.0818394273519516,0.0714440792798996,0.6497215032577515,0.7599329352378845,0.20958995819091797,0.04270358383655548,0.62041175365448,0.7115232944488525,-0.06987406313419342,0.9999797344207764,0.6522742509841919,0.7453501224517822,0.06940480321645737,0.999894917011261,0.5498074293136597,0.7291833758354187,-0.08578690141439438,0.9893351197242737,0.5659441947937012,0.7541343569755554,0.07548435032367706,0.712631344795227,0.5470367074012756,0.8525307178497314,-0.2619553506374359,0.9900872707366943,0.5479516386985779,0.8610081076622009,-0.08926334232091904,0.8765102624893188,0.5728031396865845,0.902357816696167,-0.281288743019104,0.9930350184440613,0.5391167998313904,0.8823191523551941,-0.11147309839725494,0.9656801819801331,0.5232232809066772,0.8941821455955505,-0.2897406220436096,0.9670144319534302,0.5031501054763794,0.8780811429023743,-0.13029451668262482,0.7561752200126648
232,0.6299327611923218,0.6271136999130249,0.4456497132778168,0.9157476425170898,0.6281396746635437,0.6214285492897034,0.43783038854599,0.9057960510253906,0.6266371011734009,0.6208314895629883,0.43792271614074707,0.8960282206535339,0.6251102089881897,0.6176115274429321,0.4379733204841614,0.9027360081672668,0.6332563161849976,0.6236717700958252,0.44612351059913635,0.90184485912323,0.6351761817932129,0.6246526837348938,0.44622963666915894,0.8908354640007019,0.6372007727622986,0.6252129077911377,0.4461711049079895,0.8869667053222656,0.6230238676071167,0.6179421544075012,0.3726864457130432,0.8269832730293274,0.6418524384498596,0.6279186010360718,0.40846213698387146,0.828122615814209,0.6270184516906738,0.6306807398796082,0.41714364290237427,0.8553693890571594,0.6327071189880371,0.6341238617897034,0.4282864034175873,0.8268395066261292,0.6167047023773193,0.6155856847763062,0.22643668949604034,0.9998637437820435,0.6653019189834595,0.6577807664871216,0.3478606343269348,0.997471272945404,0.5853656530380249,0.6674721837043762,0.15226960182189941,0.1567990779876709,0.679638683795929,0.705077052116394,0.26961198449134827,0.04485812410712242,0.5764830112457275,0.7003043293952942,0.1375989317893982,0.05477006360888481,0.6631627082824707,0.7380005717277527,0.20881541073322296,0.031174026429653168,0.5691748857498169,0.7188403606414795,0.12440282106399536,0.06661497801542282,0.6636789441108704,0.7431449890136719,0.20450644195079803,0.04467245563864708,0.5800589323043823,0.7199307084083557,0.1355319321155548,0.0693066418170929,0.6510065793991089,0.7410395741462708,0.20751681923866272,0.041202060878276825,0.5848730802536011,0.7182378172874451,0.14173246920108795,0.07013598829507828,0.649224579334259,0.7371026277542114,0.20838642120361328,0.040291767567396164,0.6205215454101562,0.7113906145095825,-0.06984516978263855,0.9999804496765137,0.6524332761764526,0.7446523308753967,0.06936715543270111,0.9998974800109863,0.54998779296875,0.7291663289070129,-0.09587008506059647,0.9898108243942261,0.5658026933670044,0.7528439164161682,0.07358138263225555,0.7060459852218628,0.5505556464195251,0.8654995560646057,-0.2988537847995758,0.9904310703277588,0.5358783006668091,0.8562244176864624,-0.10866238921880722,0.872776210308075,0.5733012557029724,0.9024055600166321,-0.3208328187465668,0.9931110143661499,0.5359121561050415,0.8762902617454529,-0.1329834759235382,0.964590847492218,0.5237129926681519,0.8978307843208313,-0.3327957093715668,0.9677427411079407,0.49783024191856384,0.8729993104934692,-0.15237554907798767,0.7510480284690857
233,0.6298955678939819,0.6287151575088501,0.440938800573349,0.9117475152015686,0.6281509399414062,0.6238383650779724,0.43521538376808167,0.9015449285507202,0.6266365051269531,0.6233438849449158,0.43531590700149536,0.8911353349685669,0.6250429749488831,0.621090829372406,0.43536344170570374,0.8983157873153687,0.6333115100860596,0.626032829284668,0.4423716068267822,0.8976806998252869,0.6351820230484009,0.6267852783203125,0.4424721300601959,0.8864529728889465,0.6371511816978455,0.6272656321525574,0.44239598512649536,0.8823043704032898,0.6230199337005615,0.6189673542976379,0.3713650107383728,0.8193265795707703,0.6417981386184692,0.6311531066894531,0.4053889214992523,0.8208619356155396,0.6270083785057068,0.6318361759185791,0.41398459672927856,0.8488120436668396,0.6327146291732788,0.6347754001617432,0.4233904480934143,0.8196541666984558,0.616734504699707,0.6155773401260376,0.22594328224658966,0.9998615980148315,0.6653474569320679,0.6578311920166016,0.3462691307067871,0.9973404407501221,0.58530592918396,0.667914092540741,0.1536177098751068,0.15356634557247162,0.6790444850921631,0.7042903304100037,0.2654932737350464,0.04231473058462143,0.5770910382270813,0.6999326348304749,0.13829924166202545,0.05343659594655037,0.6625124216079712,0.7368039488792419,0.20084694027900696,0.029231885448098183,0.5704715847969055,0.7187991738319397,0.1253928691148758,0.06538223475217819,0.6633156538009644,0.7417333126068115,0.19644619524478912,0.04215289652347565,0.5814098119735718,0.7198976874351501,0.13669291138648987,0.06801645457744598,0.6508014798164368,0.739791750907898,0.2005629539489746,0.03893197327852249,0.586250901222229,0.7182265520095825,0.14245975017547607,0.06885974109172821,0.649105429649353,0.7358755469322205,0.2006514072418213,0.03820691630244255,0.6207591891288757,0.711050271987915,-0.06941534578800201,0.9999805688858032,0.6527878642082214,0.7445510029792786,0.06890354305505753,0.9998982548713684,0.5499213933944702,0.7291654348373413,-0.09421425312757492,0.9900951385498047,0.5657817721366882,0.7527593970298767,0.06911423057317734,0.7009353041648865,0.5502604246139526,0.8613322377204895,-0.29002681374549866,0.9905567765235901,0.5357049703598022,0.8562951683998108,-0.10743013769388199,0.8695273399353027,0.5735923647880554,0.9023060202598572,-0.31198301911354065,0.9930189847946167,0.5366581678390503,0.8762743473052979,-0.13089966773986816,0.9633674025535583,0.5241121053695679,0.8988224267959595,-0.325867235660553,0.9675431847572327,0.49869784712791443,0.8732480406761169,-0.15009170770645142,0.7446523904800415
234,0.629216730594635,0.6290791630744934,0.4310306906700134,0.9125434756278992,0.6275392770767212,0.623570442199707,0.424560546875,0.9025396704673767,0.6261470913887024,0.6229788661003113,0.4246448874473572,0.8919059634208679,0.6246069073677063,0.6210477948188782,0.42469272017478943,0.8992002606391907,0.6327047944068909,0.6257079839706421,0.43284863233566284,0.8987702131271362,0.6347272396087646,0.6264299154281616,0.43295201659202576,0.8876793384552002,0.636608362197876,0.6268247365951538,0.43288367986679077,0.8836209774017334,0.6228246092796326,0.6192023158073425,0.3618157207965851,0.8197678923606873,0.6412087082862854,0.6306799650192261,0.3989737331867218,0.8217304348945618,0.6266336441040039,0.6321380734443665,0.4040237367153168,0.8492211103439331,0.6322606801986694,0.6350511908531189,0.4148697257041931,0.8202973008155823,0.6167346239089966,0.615477979183197,0.2215663492679596,0.9998616576194763,0.6653956174850464,0.65789794921875,0.3409985601902008,0.99736088514328,0.5853079557418823,0.6680316925048828,0.14605140686035156,0.1511087864637375,0.6790064573287964,0.7055299878120422,0.26395854353904724,0.04142502695322037,0.5766581296920776,0.699823796749115,0.12843608856201172,0.052791062742471695,0.6622167229652405,0.738947331905365,0.20002970099449158,0.0285880658775568,0.5696448087692261,0.7187668681144714,0.11538471281528473,0.06483960896730423,0.6628435850143433,0.7441908717155457,0.1951805055141449,0.04143676534295082,0.5804274082183838,0.7198655605316162,0.12566474080085754,0.06740929931402206,0.6503838896751404,0.7422558665275574,0.19765907526016235,0.03826744854450226,0.5854283571243286,0.7181978821754456,0.13221529126167297,0.06821771711111069,0.6487480998039246,0.7382409572601318,0.1991235613822937,0.03762969747185707,0.6207576990127563,0.7111343741416931,-0.06896449625492096,0.9999804496765137,0.6528413891792297,0.7446040511131287,0.06844453513622284,0.999897301197052,0.5498568415641785,0.7291437983512878,-0.0920763909816742,0.99013352394104,0.5657892227172852,0.7531546950340271,0.06986865401268005,0.7027315497398376,0.5501953959465027,0.8588629961013794,-0.2770785689353943,0.9905876517295837,0.536530613899231,0.8577017188072205,-0.10713736712932587,0.8701274991035461,0.5738958120346069,0.902359664440155,-0.29740360379219055,0.9929700493812561,0.5372604131698608,0.877760648727417,-0.13030700385570526,0.963263213634491,0.5240811109542847,0.8960520029067993,-0.3108444809913635,0.9675559401512146,0.4989924430847168,0.8740796446800232,-0.1479894518852234,0.7445483803749084
235,0.6289110779762268,0.6293450593948364,0.4234289526939392,0.9119976758956909,0.627201497554779,0.6231943964958191,0.4157683253288269,0.9018235206604004,0.6258518695831299,0.6225473284721375,0.41584548354148865,0.8909191489219666,0.6243178844451904,0.6208717226982117,0.4158961772918701,0.8980616927146912,0.6324371099472046,0.6253332495689392,0.42423462867736816,0.8981829285621643,0.6345693469047546,0.6260860562324524,0.42433738708496094,0.8870930075645447,0.6364250183105469,0.6264768838882446,0.4242757260799408,0.8829171061515808,0.622670590877533,0.6193651556968689,0.3519974648952484,0.8175095319747925,0.6409531235694885,0.6303685903549194,0.38967207074165344,0.8208332657814026,0.626468300819397,0.6323423385620117,0.39645931124687195,0.8481283187866211,0.632138729095459,0.6352453827857971,0.40755170583724976,0.8201240301132202,0.6166948080062866,0.6154707670211792,0.2123624086380005,0.9998608231544495,0.6654051542282104,0.6579376459121704,0.33362483978271484,0.9973679780960083,0.585307240486145,0.6681572198867798,0.13344508409500122,0.15120439231395721,0.6793322563171387,0.7054910063743591,0.26333150267601013,0.04111189395189285,0.576356053352356,0.6998006105422974,0.11383452266454697,0.052622612565755844,0.6620383262634277,0.738103985786438,0.20144136250019073,0.027951397001743317,0.5694298148155212,0.7189117670059204,0.099174365401268,0.06452696025371552,0.6626216769218445,0.7425680756568909,0.19662553071975708,0.04052295908331871,0.5800317525863647,0.7200066447257996,0.10980673134326935,0.06703150272369385,0.6503174901008606,0.7406097650527954,0.19823679327964783,0.03742733970284462,0.5850125551223755,0.7183277606964111,0.11755994707345963,0.06774430721998215,0.6485903859138489,0.7370431423187256,0.20026341080665588,0.036926012486219406,0.6207157969474792,0.7113450765609741,-0.06860867887735367,0.9999797344207764,0.6528860330581665,0.7446461915969849,0.06808613240718842,0.9998944401741028,0.5496931076049805,0.729158341884613,-0.079878069460392,0.9902235269546509,0.5658627152442932,0.7533734440803528,0.07358131557703018,0.7087610363960266,0.5500746965408325,0.8574612736701965,-0.2462429255247116,0.9906776547431946,0.5367024540901184,0.859143078327179,-0.08203426003456116,0.8727442622184753,0.5741509795188904,0.9024080038070679,-0.2645486295223236,0.9929870367050171,0.5373555421829224,0.8797870874404907,-0.10291507095098495,0.9636661410331726,0.5240574479103088,0.8945354223251343,-0.27323731780052185,0.9674972295761108,0.49911731481552124,0.8741304874420166,-0.12171051651239395,0.7467074394226074
236,0.6287620663642883,0.6293172836303711,0.4163272976875305,0.9113461971282959,0.6270272135734558,0.6223284006118774,0.40922752022743225,0.9017241597175598,0.625729501247406,0.6216174364089966,0.40929991006851196,0.8905163407325745,0.6242233514785767,0.6201505064964294,0.40934640169143677,0.8976630568504333,0.6322252750396729,0.6245556473731995,0.4180908799171448,0.8981204032897949,0.6341000199317932,0.6252148151397705,0.4181906282901764,0.8868279457092285,0.6362019181251526,0.6257368326187134,0.4181227684020996,0.8828355073928833,0.6226649880409241,0.6192667484283447,0.34661194682121277,0.8157413601875305,0.6406868100166321,0.6296011805534363,0.38591107726097107,0.8194234371185303,0.626438319683075,0.632430911064148,0.3895135223865509,0.846200168132782,0.6317703723907471,0.6351529359817505,0.4011245667934418,0.8193204998970032,0.6167343258857727,0.6153616309165955,0.20869362354278564,0.9998573064804077,0.6654124855995178,0.6579630374908447,0.33157870173454285,0.9972895979881287,0.585331380367279,0.668225109577179,0.13536939024925232,0.15007619559764862,0.6789625287055969,0.7052614092826843,0.26571598649024963,0.03978048264980316,0.5760759115219116,0.6992928981781006,0.12803277373313904,0.05256589874625206,0.6616090536117554,0.7380082607269287,0.21566827595233917,0.02692876197397709,0.5688890814781189,0.7188546657562256,0.11587855964899063,0.06461064517498016,0.6621206402778625,0.7424060702323914,0.21249882876873016,0.039126161485910416,0.5792601108551025,0.7198981046676636,0.12487640231847763,0.06707163900136948,0.650155782699585,0.7406988143920898,0.2125721275806427,0.03616989403963089,0.5843110680580139,0.7182455658912659,0.13158531486988068,0.06769872456789017,0.6484652757644653,0.7371971607208252,0.21410956978797913,0.03584883362054825,0.6209381818771362,0.7113810777664185,-0.06789816915988922,0.9999794960021973,0.6529883146286011,0.7446752786636353,0.06737461686134338,0.9998937249183655,0.5496967434883118,0.7291967868804932,-0.0800696462392807,0.9902570247650146,0.5661588907241821,0.7538005709648132,0.06919518113136292,0.7138535976409912,0.5403631925582886,0.8472502827644348,-0.25591349601745605,0.9907379150390625,0.5485740900039673,0.8613241910934448,-0.08837498724460602,0.8758343458175659,0.5607684850692749,0.8955196738243103,-0.27513954043388367,0.9929278492927551,0.5395709872245789,0.8845707774162292,-0.10863141715526581,0.9640639424324036,0.521859347820282,0.8918560743331909,-0.28482553362846375,0.9676138758659363,0.5104442834854126,0.8790083527565002,-0.13109178841114044,0.7502426505088806
237,0.6286189556121826,0.6287834644317627,0.41359907388687134,0.9120547771453857,0.6268693804740906,0.6210631132125854,0.40623465180397034,0.9028369784355164,0.6256189942359924,0.6202760338783264,0.40631037950515747,0.8915464878082275,0.6241465210914612,0.6189162731170654,0.4063498377799988,0.8986836075782776,0.632009744644165,0.623469889163971,0.41555851697921753,0.8996084332466125,0.6337153315544128,0.6241368055343628,0.4156518578529358,0.8883755207061768,0.6359587907791138,0.6247941851615906,0.4155746400356293,0.8846223950386047,0.6226620674133301,0.6185001730918884,0.34303441643714905,0.8169969916343689,0.6403064131736755,0.6287609338760376,0.38428252935409546,0.8209825754165649,0.6263871788978577,0.6321223974227905,0.3866598308086395,0.8463148474693298,0.6314494013786316,0.6347014307975769,0.3988061547279358,0.8206886053085327,0.6168993711471558,0.6149717569351196,0.20562401413917542,0.9998569488525391,0.6653732061386108,0.6578701734542847,0.33229556679725647,0.9972380995750427,0.5853789448738098,0.6682477593421936,0.14317874610424042,0.14847050607204437,0.678742527961731,0.7046533226966858,0.2707466185092926,0.0381803959608078,0.5757051706314087,0.6993008255958557,0.1534854918718338,0.05258640646934509,0.6608015298843384,0.737061083316803,0.22285768389701843,0.025662222877144814,0.5684648752212524,0.7193679213523865,0.14376117289066315,0.06489963084459305,0.6611578464508057,0.7416384816169739,0.22060975432395935,0.03748844191431999,0.5786952972412109,0.7202626466751099,0.15255773067474365,0.06734240800142288,0.6495629549026489,0.7399708032608032,0.22032515704631805,0.03472626954317093,0.5838149785995483,0.7184714078903198,0.15745322406291962,0.06787751615047455,0.6479600071907043,0.736372709274292,0.22115285694599152,0.034616872668266296,0.6213992238044739,0.7114046812057495,-0.06790187209844589,0.9999794363975525,0.653023362159729,0.7445626854896545,0.06737840175628662,0.9998936057090759,0.5497242212295532,0.7292770743370056,-0.08878274261951447,0.9904492497444153,0.5662853717803955,0.7541817426681519,0.0636984184384346,0.7137543559074402,0.5420442223548889,0.8476576209068298,-0.2590922713279724,0.9909198880195618,0.5423789620399475,0.8620166182518005,-0.0912744477391243,0.876775860786438,0.5593301057815552,0.8950529098510742,-0.2790195345878601,0.9928764700889587,0.5396178960800171,0.8844954967498779,-0.11042867600917816,0.9637170433998108,0.52076256275177,0.8910414576530457,-0.287043958902359,0.9681418538093567,0.5137039422988892,0.8818145394325256,-0.1343017816543579,0.751628041267395
238,0.6283519268035889,0.6283759474754333,0.41013723611831665,0.9133368134498596,0.626619279384613,0.620417058467865,0.40248480439186096,0.9046565294265747,0.6254100203514099,0.6195943355560303,0.402554988861084,0.8934670686721802,0.6239717602729797,0.6182895302772522,0.40258628129959106,0.9006116986274719,0.6316487193107605,0.6228566765785217,0.41242194175720215,0.9014252424240112,0.6332274079322815,0.6235302686691284,0.41252708435058594,0.8903841972351074,0.6355360746383667,0.6242313385009766,0.41245636343955994,0.886822521686554,0.6226304173469543,0.6180859208106995,0.33868128061294556,0.8195636868476868,0.6392922401428223,0.6280631422996521,0.3828924298286438,0.8231921195983887,0.625895619392395,0.6317834258079529,0.38298946619033813,0.846869707107544,0.6311200857162476,0.6343128085136414,0.39601588249206543,0.8215394616127014,0.6170979142189026,0.6145866513252258,0.20205597579479218,0.9998581409454346,0.6653949022293091,0.6578627824783325,0.33036646246910095,0.9972658157348633,0.5854357481002808,0.6682878732681274,0.13222278654575348,0.14710089564323425,0.6785418391227722,0.706263542175293,0.2627350687980652,0.037488605827093124,0.5753670334815979,0.6992401480674744,0.12247885763645172,0.052690524607896805,0.6607581377029419,0.7463005185127258,0.20334374904632568,0.02568688802421093,0.56756991147995,0.7194499969482422,0.11080355942249298,0.06544669717550278,0.6612143516540527,0.752513587474823,0.19899491965770721,0.03774354234337807,0.5776921510696411,0.7203707098960876,0.11857302486896515,0.06788511574268341,0.6495118141174316,0.7514158487319946,0.19836369156837463,0.034965481609106064,0.5828699469566345,0.7185818552970886,0.12555110454559326,0.06849400699138641,0.6478413343429565,0.7474583983421326,0.20104482769966125,0.03494850918650627,0.6218498945236206,0.7113568186759949,-0.06791795790195465,0.9999796748161316,0.653116762638092,0.7444913983345032,0.06739892065525055,0.9998937845230103,0.5497471690177917,0.729335606098175,-0.09154407680034637,0.9905575513839722,0.5663163065910339,0.754375696182251,0.06416745483875275,0.7151256203651428,0.5436372756958008,0.8478497862815857,-0.25936388969421387,0.9909891486167908,0.5413168668746948,0.8636608719825745,-0.09161396324634552,0.8787074089050293,0.5591247081756592,0.8952253460884094,-0.27809926867485046,0.9927558302879333,0.5403236746788025,0.8853660225868225,-0.11181557178497314,0.9637017250061035,0.5204645395278931,0.8909094929695129,-0.2891855835914612,0.9683947563171387,0.5147963762283325,0.8830453157424927,-0.1344028115272522,0.7542375922203064
239,0.6282814741134644,0.6284856200218201,0.4157809317111969,0.9116171002388,0.6265355944633484,0.6205979585647583,0.40808358788490295,0.9025981426239014,0.625334620475769,0.6197328567504883,0.4081586003303528,0.8909556269645691,0.6239047050476074,0.618423342704773,0.4081982672214508,0.8984048962593079,0.6315688490867615,0.6230489015579224,0.41749104857444763,0.8993642926216125,0.6331119537353516,0.6237221360206604,0.4175960421562195,0.8881677389144897,0.6354633569717407,0.6244194507598877,0.41752997040748596,0.884646475315094,0.6226084232330322,0.6181705594062805,0.34351179003715515,0.8146925568580627,0.6392828822135925,0.6281097531318665,0.3856629431247711,0.8185085654258728,0.6258875727653503,0.6318698525428772,0.3884284198284149,0.8420267701148987,0.6310030817985535,0.6343586444854736,0.40072140097618103,0.8165367245674133,0.6171078681945801,0.6145637631416321,0.20353154838085175,0.9998542666435242,0.6654130220413208,0.6578341722488403,0.33158355951309204,0.9971942901611328,0.5856323838233948,0.6682952046394348,0.13850215077400208,0.14453962445259094,0.6785327792167664,0.7070296406745911,0.2626953125,0.03633929044008255,0.5752966403961182,0.6992290616035461,0.13253605365753174,0.052212201058864594,0.6602617502212524,0.7458824515342712,0.20301131904125214,0.025011872872710228,0.5675631761550903,0.7194348573684692,0.12116432189941406,0.06503728032112122,0.6606773734092712,0.751944899559021,0.1986643373966217,0.036941077560186386,0.5777038335800171,0.7203587889671326,0.1303350329399109,0.06741645187139511,0.6489325165748596,0.7508947253227234,0.19911476969718933,0.03422531485557556,0.5828732252120972,0.7185722589492798,0.13611763715744019,0.06806696951389313,0.6472538709640503,0.7469740509986877,0.20118871331214905,0.03430313244462013,0.6218799352645874,0.7110798954963684,-0.0677228793501854,0.9999794363975525,0.6531885862350464,0.7443613409996033,0.06720256060361862,0.9998926520347595,0.5497795343399048,0.7293459177017212,-0.09119804203510284,0.9906246066093445,0.5663245916366577,0.7543913722038269,0.06359392404556274,0.7146638035774231,0.5447946786880493,0.8480847477912903,-0.2589115500450134,0.9909175038337708,0.5403236150741577,0.8636432886123657,-0.09202522039413452,0.8782603144645691,0.5587151646614075,0.8942230343818665,-0.27745339274406433,0.9926014542579651,0.5404468774795532,0.8851199746131897,-0.11286912113428116,0.9632084369659424,0.5211941599845886,0.8909807205200195,-0.2881423830986023,0.9678362607955933,0.5153118371963501,0.8838102221488953,-0.134581059217453,0.7517165541648865
240,0.6282630562782288,0.6284244656562805,0.4180055260658264,0.9094448089599609,0.6264962553977966,0.6205136775970459,0.41054338216781616,0.899658203125,0.6252920627593994,0.6196291446685791,0.4106195569038391,0.8874837756156921,0.623859703540802,0.6183229088783264,0.4106596112251282,0.8954768776893616,0.6315442323684692,0.6229931116104126,0.4197271466255188,0.8963847160339355,0.6330758333206177,0.6236571669578552,0.4198325574398041,0.8850019574165344,0.6354497075080872,0.624376118183136,0.4197636544704437,0.8816260695457458,0.622581958770752,0.6180639863014221,0.3459942638874054,0.8080562949180603,0.6392856240272522,0.6280920505523682,0.3870474100112915,0.8128568530082703,0.625888466835022,0.6318401098251343,0.3905217945575714,0.8365153074264526,0.6309767961502075,0.6342430710792542,0.4025496542453766,0.810742974281311,0.6171079277992249,0.6145530343055725,0.20533359050750732,0.9998512864112854,0.6654360890388489,0.6577609777450562,0.3311673402786255,0.9971778392791748,0.5856554508209229,0.6684561967849731,0.13877815008163452,0.14180095493793488,0.678567111492157,0.7075504660606384,0.2597070634365082,0.03579886630177498,0.5752431154251099,0.6993118524551392,0.13031259179115295,0.05200370028614998,0.6601714491844177,0.7474591135978699,0.1972077339887619,0.025136277079582214,0.5672832131385803,0.7194038033485413,0.11940102279186249,0.06488589197397232,0.660597026348114,0.7536868453025818,0.1917439103126526,0.03730349242687225,0.5776036381721497,0.7203235030174255,0.12808756530284882,0.06716754287481308,0.648845911026001,0.752546489238739,0.19304847717285156,0.0344860702753067,0.5828050374984741,0.7185520529747009,0.13369348645210266,0.06780338287353516,0.6471103429794312,0.7485812902450562,0.19557717442512512,0.034554604440927505,0.6218321919441223,0.711003303527832,-0.06746083498001099,0.9999790787696838,0.6532670259475708,0.7440615892410278,0.06693638861179352,0.9998902678489685,0.5497632026672363,0.7293424010276794,-0.08630441129207611,0.9906194806098938,0.5664817094802856,0.7538806200027466,0.06420436501502991,0.7131449580192566,0.545958936214447,0.848280131816864,-0.2514021098613739,0.9907327890396118,0.5390530824661255,0.8628997802734375,-0.09018407016992569,0.8768966794013977,0.5589190721511841,0.8934791088104248,-0.2695123553276062,0.9924106597900391,0.5404065251350403,0.8839487433433533,-0.11107446998357773,0.9625623822212219,0.521751344203949,0.8910725116729736,-0.2795409858226776,0.9669899344444275,0.5156673192977905,0.8842282891273499,-0.13294677436351776,0.7483070492744446
241,0.6284012198448181,0.62870854139328,0.4192398488521576,0.9044418334960938,0.6268613338470459,0.6208522915840149,0.41176533699035645,0.8928471803665161,0.6253631711006165,0.6198815107345581,0.41184180974960327,0.8800886869430542,0.6239089369773865,0.6185886263847351,0.4118807315826416,0.8884930610656738,0.6316919326782227,0.6242188811302185,0.420971155166626,0.8887924551963806,0.6335581541061401,0.6251742243766785,0.4210757315158844,0.8766431212425232,0.6356391310691833,0.6259081959724426,0.4210066795349121,0.8731293082237244,0.6226119995117188,0.6182491779327393,0.34724465012550354,0.7960100173950195,0.6395090222358704,0.6283758878707886,0.3870430290699005,0.8001683950424194,0.6260547041893005,0.6320326328277588,0.3917692303657532,0.8268656730651855,0.6314881443977356,0.6344643235206604,0.4036756455898285,0.8000678420066833,0.6170400977134705,0.6146479845046997,0.2062757909297943,0.9998433589935303,0.6654582023620605,0.6576674580574036,0.3279520869255066,0.9970594048500061,0.5856205821037292,0.6688404679298401,0.1393902748823166,0.14131195843219757,0.6785683631896973,0.7081495523452759,0.2557092607021332,0.035830527544021606,0.5752642154693604,0.6993364095687866,0.1299113929271698,0.05185005068778992,0.6595960855484009,0.7471384406089783,0.19293205440044403,0.02522905170917511,0.5677036046981812,0.7189075350761414,0.11840903759002686,0.06431214511394501,0.6595190763473511,0.7534161806106567,0.18718834221363068,0.03718002140522003,0.5784884691238403,0.7197850942611694,0.1277855485677719,0.06652164459228516,0.6474491357803345,0.7522879838943481,0.1887909173965454,0.03432955965399742,0.5836545825004578,0.7181288003921509,0.13344262540340424,0.06719571352005005,0.6458868980407715,0.7483020424842834,0.19137351214885712,0.03437895327806473,0.6212688684463501,0.7106531262397766,-0.06666822731494904,0.9999770522117615,0.6566041707992554,0.7397653460502625,0.06614921241998672,0.9998822212219238,0.5494566559791565,0.7281991839408875,-0.0825982391834259,0.9904229044914246,0.5671654343605042,0.7540504336357117,0.06450629979372025,0.7199043035507202,0.5375864505767822,0.8378477096557617,-0.22806310653686523,0.9903852343559265,0.5535558462142944,0.8676660060882568,-0.07323428243398666,0.8774964213371277,0.5547884702682495,0.8905243277549744,-0.24408593773841858,0.9922049045562744,0.5459917783737183,0.8878173828125,-0.09210295230150223,0.9624539017677307,0.5205603241920471,0.8901010751724243,-0.25080233812332153,0.964777410030365,0.5230128765106201,0.8946971893310547,-0.11243969202041626,0.7439941763877869
242,0.6284510493278503,0.6289452314376831,0.4241090416908264,0.8975068926811218,0.6268703937530518,0.6210857033729553,0.4176313877105713,0.8849628567695618,0.6253961324691772,0.6201697587966919,0.4177151620388031,0.8714926838874817,0.623934805393219,0.6189015507698059,0.4177693724632263,0.8801433444023132,0.6317416429519653,0.6249905228614807,0.42580074071884155,0.8803972005844116,0.6337598562240601,0.6260426640510559,0.42590251564979553,0.8674150109291077,0.6356927156448364,0.6267772316932678,0.42582935094833374,0.8634786605834961,0.6226336359977722,0.6185309290885925,0.35515111684799194,0.7827906608581543,0.639592707157135,0.6286026835441589,0.3906322419643402,0.7869019508361816,0.6261323094367981,0.6321572065353394,0.39705926179885864,0.8158743977546692,0.6316655278205872,0.6346011757850647,0.407616525888443,0.7889354228973389,0.6170400381088257,0.6146973371505737,0.2130546271800995,0.9998318552970886,0.6655029058456421,0.65763258934021,0.3301810026168823,0.9968793392181396,0.585493266582489,0.6688949465751648,0.14040689170360565,0.13914257287979126,0.6785606145858765,0.706610918045044,0.2575937807559967,0.03433645889163017,0.5760430693626404,0.6991280913352966,0.1295885145664215,0.05167115479707718,0.6586865186691284,0.7385791540145874,0.19454431533813477,0.02413162775337696,0.5683943629264832,0.7179706692695618,0.1183144599199295,0.06390301883220673,0.6582056283950806,0.7424217462539673,0.1890169084072113,0.035679254680871964,0.5793651342391968,0.718701958656311,0.1274084448814392,0.06606575846672058,0.6463894248008728,0.7401702404022217,0.1908191591501236,0.03294233977794647,0.5845109224319458,0.717202365398407,0.13323912024497986,0.06665269285440445,0.6450404524803162,0.736678957939148,0.1931411176919937,0.03307827189564705,0.6211115717887878,0.7103440761566162,-0.0663236454129219,0.9999753832817078,0.656504213809967,0.7402706146240234,0.0657966136932373,0.9998786449432373,0.5492125153541565,0.727344810962677,-0.08278296887874603,0.990343451499939,0.5673407316207886,0.7540604472160339,0.06338342279195786,0.7258906364440918,0.5355868339538574,0.8358860015869141,-0.23262450098991394,0.9901111721992493,0.5565348863601685,0.869989275932312,-0.07637891918420792,0.8771740794181824,0.5536597371101379,0.8866585493087769,-0.24935130774974823,0.9920527935028076,0.5486302375793457,0.8900762796401978,-0.09603459388017654,0.9621884822845459,0.5137007832527161,0.8756927847862244,-0.25498083233833313,0.9629215002059937,0.5245519876480103,0.8974574208259583,-0.116554856300354,0.7387006878852844
243,0.6287175416946411,0.628943145275116,0.4153512120246887,0.8925807476043701,0.6274029612541199,0.6211117506027222,0.4077463746070862,0.8793550729751587,0.6255954504013062,0.6201293468475342,0.4078272879123688,0.8653427958488464,0.624134361743927,0.6188566088676453,0.4078790545463562,0.8742815256118774,0.6319935321807861,0.624643862247467,0.41652625799179077,0.8748388886451721,0.6341958045959473,0.62572181224823,0.41662660241127014,0.8613565564155579,0.6359134912490845,0.6263280510902405,0.4165533483028412,0.8572341799736023,0.6228445768356323,0.6185272336006165,0.3430902659893036,0.772483766078949,0.639782726764679,0.6285813450813293,0.3817901015281677,0.7767490148544312,0.6264609098434448,0.6321141123771667,0.3878072202205658,0.80743807554245,0.6320759057998657,0.6345793008804321,0.39921462535858154,0.7809621691703796,0.6171469688415527,0.6146924495697021,0.20438718795776367,0.999823808670044,0.6655415892601013,0.6576281189918518,0.3261049687862396,0.9967780709266663,0.5854930877685547,0.6689336895942688,0.1364647001028061,0.13678832352161407,0.6785178184509277,0.7072868347167969,0.25840187072753906,0.03335150331258774,0.5758723020553589,0.6985992193222046,0.12942764163017273,0.05170256271958351,0.6586358547210693,0.7391348481178284,0.19614091515541077,0.023616697639226913,0.5683647394180298,0.7166728377342224,0.11793854087591171,0.0639028325676918,0.6580926179885864,0.7432268857955933,0.19090536236763,0.03495170548558235,0.5793424844741821,0.7172654271125793,0.12714621424674988,0.0660376250743866,0.6462792158126831,0.7411097884178162,0.1928423047065735,0.03232243284583092,0.5844898819923401,0.7158504128456116,0.13305523991584778,0.06657662987709045,0.644953191280365,0.7375519275665283,0.1949235498905182,0.0325421467423439,0.6211334466934204,0.7105224132537842,-0.06628914922475815,0.9999745488166809,0.6562285423278809,0.7411887049674988,0.06576380133628845,0.9998767971992493,0.5490961670875549,0.7273578643798828,-0.0811668336391449,0.9902587532997131,0.5674008131027222,0.7540485858917236,0.06379206478595734,0.7274364233016968,0.5370908975601196,0.8389244079589844,-0.2304794043302536,0.9900283217430115,0.554581344127655,0.8695405125617981,-0.0734369307756424,0.8782378435134888,0.5541835427284241,0.8877469897270203,-0.24688267707824707,0.9919546842575073,0.5476555228233337,0.8896270394325256,-0.09281305968761444,0.9619765281677246,0.513382077217102,0.877403199672699,-0.2541483938694,0.9623289704322815,0.524387001991272,0.8981478810310364,-0.1139344796538353,0.7382886409759521
244,0.6286047697067261,0.6284835934638977,0.402169793844223,0.8923062682151794,0.6273537874221802,0.6202353835105896,0.39175164699554443,0.8804163336753845,0.6255990266799927,0.6192905902862549,0.3918091654777527,0.8665061593055725,0.6241521239280701,0.6180673241615295,0.3918522000312805,0.8749740123748779,0.6319690346717834,0.6231801509857178,0.4031069278717041,0.8759377598762512,0.6340402364730835,0.6239221692085266,0.4032115340232849,0.8626734614372253,0.6358880996704102,0.6245911717414856,0.40315499901771545,0.8587135672569275,0.6229504346847534,0.6179224252700806,0.322435587644577,0.7749879360198975,0.6397749781608582,0.6278784275054932,0.37370747327804565,0.7801937460899353,0.6264187097549438,0.6318126916885376,0.3738201856613159,0.807279646396637,0.6316667795181274,0.634132444858551,0.38880860805511475,0.7809645533561707,0.6171771287918091,0.6147581338882446,0.18393246829509735,0.9998219013214111,0.6655129194259644,0.6576298475265503,0.3241273760795593,0.9969241619110107,0.5862126350402832,0.6664180755615234,0.08366595208644867,0.13801908493041992,0.6785237789154053,0.7076053023338318,0.2559294104576111,0.03390255197882652,0.5733842849731445,0.7077133655548096,0.04067858308553696,0.05372830107808113,0.6586390137672424,0.7395558953285217,0.18508286774158478,0.024905063211917877,0.5654200315475464,0.7180389165878296,0.02053890749812126,0.06579466909170151,0.6579848527908325,0.7435110211372375,0.17805561423301697,0.03672029823064804,0.5739836096763611,0.7193784117698669,0.03146003931760788,0.06799660623073578,0.6462738513946533,0.7415746450424194,0.17576967179775238,0.03386066108942032,0.5793372392654419,0.7176348567008972,0.04374179616570473,0.06811301410198212,0.644957959651947,0.7382380962371826,0.18183854222297668,0.03399643301963806,0.6211084127426147,0.7113568186759949,-0.06770853698253632,0.999973475933075,0.6556087732315063,0.7445365786552429,0.06721937656402588,0.9998758435249329,0.5488259196281433,0.7266265749931335,-0.07314542680978775,0.9890853762626648,0.5698119401931763,0.7556215524673462,0.09195636212825775,0.7296871542930603,0.5284234285354614,0.8292996883392334,-0.21846115589141846,0.9893984794616699,0.5631681084632874,0.8760241866111755,-0.04851987212896347,0.8796359896659851,0.5437914133071899,0.8607214689254761,-0.23510996997356415,0.9918156266212463,0.5522586107254028,0.8979727029800415,-0.06838814914226532,0.9623644351959229,0.5116086006164551,0.8684197664260864,-0.2466696798801422,0.9619221687316895,0.5280482172966003,0.9038928747177124,-0.09354865550994873,0.7415827512741089
245,0.629095733165741,0.6285751461982727,0.4252871572971344,0.8828839063644409,0.6281663179397583,0.6202813386917114,0.4162924289703369,0.870353639125824,0.6261171698570251,0.6193051934242249,0.4163665771484375,0.8558642268180847,0.6246141791343689,0.6181185245513916,0.4164038300514221,0.8642746806144714,0.6331919431686401,0.6232300400733948,0.4251967966556549,0.8659225702285767,0.6351039409637451,0.6239923238754272,0.4252936840057373,0.8523661494255066,0.6367683410644531,0.6246610283851624,0.42521658539772034,0.8477461338043213,0.623258650302887,0.6180253624916077,0.34543007612228394,0.7612245082855225,0.6405867338180542,0.6279808282852173,0.38631966710090637,0.7670514583587646,0.6267575025558472,0.6319926381111145,0.3961285948753357,0.792382538318634,0.632238507270813,0.6343361139297485,0.407950222492218,0.7651994228363037,0.6171771287918091,0.6148303151130676,0.19845376908779144,0.9998098015785217,0.6656047701835632,0.6576436161994934,0.32955923676490784,0.996847927570343,0.5865323543548584,0.6656103730201721,0.1055443063378334,0.13817143440246582,0.6785227060317993,0.7057210206985474,0.2560918927192688,0.0329916849732399,0.5736004114151001,0.7055070996284485,0.0849945992231369,0.05322769284248352,0.6582983732223511,0.7340880632400513,0.18963323533535004,0.024045241996645927,0.5655764937400818,0.7174068093299866,0.06912951171398163,0.06487434357404709,0.6573144197463989,0.7378434538841248,0.18341627717018127,0.03563854470849037,0.5745255351066589,0.7188951969146729,0.0800502598285675,0.0670434832572937,0.6458960771560669,0.7357178926467896,0.18295696377754211,0.032878365367650986,0.5798290371894836,0.717132568359375,0.0885784700512886,0.06715895980596542,0.6447102427482605,0.7322794198989868,0.18720418214797974,0.03306185081601143,0.6209902763366699,0.7109380960464478,-0.06789444386959076,0.9999725818634033,0.6555335521697998,0.7443668842315674,0.067395880818367,0.999875545501709,0.5492889881134033,0.7269611358642578,-0.07578780502080917,0.9888834953308105,0.5712410807609558,0.7558013200759888,0.08536412566900253,0.7263521552085876,0.5319050550460815,0.8327057957649231,-0.22798344492912292,0.988933801651001,0.5592378377914429,0.8740234375,-0.06023845076560974,0.8762076497077942,0.5503910779953003,0.8707901835441589,-0.24505428969860077,0.9916778206825256,0.5507335662841797,0.8965371251106262,-0.08063678443431854,0.9617229700088501,0.5126315355300903,0.8719527721405029,-0.2523164451122284,0.9600241780281067,0.5170713663101196,0.8978606462478638,-0.10264669358730316,0.7331608533859253
246,0.629435122013092,0.6285638809204102,0.42649659514427185,0.8754162192344666,0.6286488771438599,0.6203162670135498,0.41752099990844727,0.8611260056495667,0.6264499425888062,0.6193050742149353,0.4175952076911926,0.8463417887687683,0.624920129776001,0.6181243062019348,0.41763630509376526,0.8543128967285156,0.6338734030723572,0.6231619119644165,0.42587709426879883,0.8570373058319092,0.6357190608978271,0.623892605304718,0.4259703755378723,0.8432426452636719,0.6373212337493896,0.6245065927505493,0.4258928894996643,0.837825357913971,0.6234603524208069,0.6180328726768494,0.3467916250228882,0.748595118522644,0.6410333514213562,0.6279987692832947,0.38604527711868286,0.7555273175239563,0.6269744634628296,0.6320152878761292,0.39762988686561584,0.7796560525894165,0.6325712203979492,0.6343615055084229,0.4086624085903168,0.7520245313644409,0.6169706583023071,0.6149877309799194,0.20059378445148468,0.9997958540916443,0.6656000018119812,0.6575338244438171,0.32793325185775757,0.9967392086982727,0.5862820744514465,0.6659823656082153,0.11322426795959473,0.1398850828409195,0.6785029172897339,0.7046831250190735,0.2562190890312195,0.03328271582722664,0.5735539197921753,0.7090796828269958,0.0964740663766861,0.052907705307006836,0.6581628918647766,0.7314435839653015,0.197161465883255,0.02347610332071781,0.5656387805938721,0.7175686955451965,0.07903151214122772,0.06402911990880966,0.6569242477416992,0.7349548935890198,0.1920391321182251,0.034816544502973557,0.5748398303985596,0.7190709710121155,0.0927944928407669,0.0661519318819046,0.645679771900177,0.7326685786247253,0.19248567521572113,0.032140009105205536,0.580081582069397,0.7172373533248901,0.10075969994068146,0.06627200543880463,0.6446069478988647,0.7292422652244568,0.19555363059043884,0.032381076365709305,0.62041175365448,0.71095210313797,-0.06755352020263672,0.9999706149101257,0.654930830001831,0.7443719506263733,0.0670560747385025,0.999871015548706,0.5496628284454346,0.7272260189056396,-0.07449983060359955,0.9886525869369507,0.5710423588752747,0.7557929754257202,0.08189160376787186,0.7279585003852844,0.5339877605438232,0.8375744223594666,-0.21991093456745148,0.9885931015014648,0.5577873587608337,0.8729537725448608,-0.05725184828042984,0.8750368356704712,0.5506693124771118,0.8721961975097656,-0.23617079854011536,0.991606593132019,0.5500165224075317,0.896186113357544,-0.0765116959810257,0.9616110920906067,0.5161310434341431,0.8811382055282593,-0.24106140434741974,0.9582377672195435,0.5138497948646545,0.8913939595222473,-0.09612904489040375,0.7276945114135742
247,0.6295922994613647,0.6265705823898315,0.4238337576389313,0.8744329214096069,0.6286231279373169,0.6190394163131714,0.4140652120113373,0.859496533870697,0.6265721917152405,0.6180998682975769,0.4141317903995514,0.8443393111228943,0.6250402927398682,0.6169324517250061,0.4141755700111389,0.8521339297294617,0.6338708996772766,0.6216387152671814,0.42226457595825195,0.8556783199310303,0.6358397603034973,0.6224809288978577,0.42235034704208374,0.8414336442947388,0.6374370455741882,0.6230399012565613,0.4222756028175354,0.8361433148384094,0.6235788464546204,0.6170560121536255,0.34338808059692383,0.7450228333473206,0.6410900354385376,0.6273067593574524,0.38120782375335693,0.7531746029853821,0.6269910931587219,0.6314438581466675,0.39493662118911743,0.7764348387718201,0.6326042413711548,0.6337800621986389,0.40571266412734985,0.7496039271354675,0.6167964339256287,0.6150634288787842,0.2014462649822235,0.9997914433479309,0.6655233502388,0.6574814915657043,0.3246065676212311,0.996690034866333,0.5862376093864441,0.6662730574607849,0.11547160148620605,0.14322474598884583,0.6785517334938049,0.7044439911842346,0.2584388554096222,0.03373253345489502,0.5736262798309326,0.7086226344108582,0.10677365958690643,0.053419213742017746,0.6581733226776123,0.7328535318374634,0.20716790854930878,0.023144623264670372,0.5642228722572327,0.719280481338501,0.09089620411396027,0.06396419554948807,0.6569494009017944,0.7366681694984436,0.20273034274578094,0.0342148095369339,0.5735065340995789,0.7208502292633057,0.10287244617938995,0.0660003274679184,0.6456893682479858,0.7344796657562256,0.2025032937526703,0.03158329427242279,0.5787389874458313,0.7189324498176575,0.1107257828116417,0.06600471585988998,0.6446331739425659,0.7310036420822144,0.20539085566997528,0.031871479004621506,0.6203814744949341,0.7113579511642456,-0.06694860011339188,0.9999693036079407,0.6543449759483337,0.744553804397583,0.06645485013723373,0.9998670816421509,0.5498797297477722,0.7275060415267944,-0.07290133833885193,0.9884284734725952,0.5707299113273621,0.7557356357574463,0.0801808089017868,0.7301390767097473,0.5439556241035461,0.8557170033454895,-0.2172921597957611,0.9884262681007385,0.5565862655639648,0.8699230551719666,-0.057270485907793045,0.8752138614654541,0.5531961917877197,0.8787114024162292,-0.23340752720832825,0.9915539622306824,0.5480095744132996,0.8948956727981567,-0.07599513232707977,0.9616640210151672,0.5169300436973572,0.8794876933097839,-0.24004097282886505,0.9573302865028381,0.5099868774414062,0.8858501315116882,-0.09535396844148636,0.7260798215866089
248,0.6296135187149048,0.6266956329345703,0.4242098927497864,0.8740823268890381,0.6286898851394653,0.6191290616989136,0.41497689485549927,0.8581432104110718,0.6266013383865356,0.618148922920227,0.4150463938713074,0.8429283499717712,0.6250573396682739,0.616976797580719,0.4150965213775635,0.8504300117492676,0.6338547468185425,0.621718168258667,0.4229278564453125,0.854124903678894,0.6358896493911743,0.6225482821464539,0.423015296459198,0.8395829796791077,0.6374750733375549,0.6231289505958557,0.4229433536529541,0.8340527415275574,0.6235878467559814,0.6170691847801208,0.34499087929725647,0.7425984144210815,0.6410918235778809,0.6274013519287109,0.3820098042488098,0.750708818435669,0.626989483833313,0.6314904093742371,0.3955727815628052,0.7738507986068726,0.6326102018356323,0.6337905526161194,0.4060867726802826,0.7466590404510498,0.6167225241661072,0.6151454448699951,0.20409581065177917,0.9997859001159668,0.6655015349388123,0.6574433445930481,0.3245367705821991,0.9966697692871094,0.5861660242080688,0.6664820313453674,0.12333410978317261,0.14626647531986237,0.6785550713539124,0.7043346166610718,0.2579558491706848,0.0346294604241848,0.5730996131896973,0.7110419869422913,0.1117309182882309,0.053916748613119125,0.6581757664680481,0.7334640026092529,0.20590057969093323,0.023201311007142067,0.5642909407615662,0.7193213105201721,0.09645058214664459,0.06393133848905563,0.6569479703903198,0.7373210787773132,0.20126748085021973,0.034100260585546494,0.573783278465271,0.7208789587020874,0.10854582488536835,0.06593643873929977,0.6456794738769531,0.7351476550102234,0.20180121064186096,0.03146688640117645,0.5789874792098999,0.7189863920211792,0.11573334783315659,0.06591440737247467,0.644631028175354,0.7316816449165344,0.20456096529960632,0.03175416216254234,0.6199942231178284,0.7113762497901917,-0.06640439480543137,0.9999682307243347,0.6538740396499634,0.7447046637535095,0.06590942293405533,0.9998653531074524,0.5494560599327087,0.727692723274231,-0.07253998517990112,0.9881560206413269,0.5706810355186462,0.7557268738746643,0.07951638102531433,0.7331789135932922,0.5402393341064453,0.8423181176185608,-0.21635639667510986,0.9880701303482056,0.5571906566619873,0.8708731532096863,-0.058414626866579056,0.8748680949211121,0.5534633994102478,0.8797383904457092,-0.23245084285736084,0.9914359450340271,0.5478522777557373,0.8938348889350891,-0.07732583582401276,0.9616867899894714,0.5169402360916138,0.8772698044776917,-0.2367723435163498,0.9558890461921692,0.5212489366531372,0.8943228125572205,-0.09642278403043747,0.7231495976448059
249,0.629228413105011,0.6268397569656372,0.4223787188529968,0.8770718574523926,0.6281504034996033,0.6191702485084534,0.41315799951553345,0.8612099289894104,0.6263384819030762,0.6181755065917969,0.41322892904281616,0.846237301826477,0.6248010993003845,0.6169977784156799,0.4132835865020752,0.8533568978309631,0.6334231495857239,0.6217911243438721,0.4213106632232666,0.8569645285606384,0.6355582475662231,0.6226134896278381,0.4214027523994446,0.8425533175468445,0.6371226906776428,0.6232052445411682,0.4213395118713379,0.8369134664535522,0.6233927011489868,0.6171063780784607,0.34418243169784546,0.747718095779419,0.6406673192977905,0.6274157166481018,0.3815675675868988,0.7554447650909424,0.6266313195228577,0.631511390209198,0.3940476179122925,0.7781723141670227,0.63227379322052,0.6338227987289429,0.4047284722328186,0.7512145042419434,0.6165505051612854,0.6152049899101257,0.20403175055980682,0.9997887015342712,0.6653608679771423,0.6573058366775513,0.32430794835090637,0.9967615604400635,0.5860651731491089,0.6668861508369446,0.12222250550985336,0.14859889447689056,0.6785333156585693,0.7041590809822083,0.2552747130393982,0.035183824598789215,0.5728074908256531,0.7123787999153137,0.10177606344223022,0.05463091656565666,0.6581871509552002,0.7336379289627075,0.19525128602981567,0.023295652121305466,0.5643048286437988,0.7194977402687073,0.08576658368110657,0.06432252377271652,0.6569532752037048,0.737407922744751,0.1895049512386322,0.03410828486084938,0.5739336013793945,0.7210250496864319,0.09785158932209015,0.06632569432258606,0.6456893086433411,0.7352212071418762,0.1902385801076889,0.031466998159885406,0.5791118144989014,0.7191879749298096,0.10573437064886093,0.06625620275735855,0.6446369886398315,0.7318575382232666,0.19363979995250702,0.031760331243276596,0.6191515326499939,0.7115105986595154,-0.06635775417089462,0.9999682903289795,0.6534518003463745,0.744709849357605,0.06586223840713501,0.99986732006073,0.54930180311203,0.7277746200561523,-0.07043913751840591,0.9877455830574036,0.5704563856124878,0.7562716007232666,0.0810047835111618,0.733336329460144,0.5392975211143494,0.8390934467315674,-0.2174910306930542,0.9877226948738098,0.5573042035102844,0.8712167143821716,-0.05811530351638794,0.8749356269836426,0.5540662407875061,0.8807754516601562,-0.2339780330657959,0.9913157820701599,0.5478898286819458,0.8940543532371521,-0.07752124965190887,0.9617703557014465,0.516905665397644,0.876448392868042,-0.2386443316936493,0.9551329016685486,0.5241128206253052,0.8971035480499268,-0.09708743542432785,0.7226628065109253
250,0.6291509866714478,0.6285670399665833,0.41911405324935913,0.8769362568855286,0.6279864311218262,0.620743453502655,0.4103887677192688,0.8600655198097229,0.6262764930725098,0.6197474598884583,0.4104633927345276,0.8452834486961365,0.624728798866272,0.6184895634651184,0.41050833463668823,0.8521813750267029,0.633319079875946,0.6231998801231384,0.4180404245853424,0.8557105660438538,0.6354847550392151,0.6239539980888367,0.41813892126083374,0.8413994312286377,0.6370173692703247,0.6244071125984192,0.41807159781455994,0.8350850343704224,0.6233147382736206,0.6180240511894226,0.3427867293357849,0.7468116879463196,0.6405361294746399,0.628117024898529,0.3774828612804413,0.7541950941085815,0.626542329788208,0.6324108242988586,0.3913182020187378,0.7759279012680054,0.6322008371353149,0.6346756219863892,0.4012957513332367,0.7479121685028076,0.616450846195221,0.6152810454368591,0.20345087349414825,0.9997895359992981,0.6653422713279724,0.6573044061660767,0.3194473683834076,0.9967896342277527,0.5858613848686218,0.6673060059547424,0.12366209924221039,0.15008792281150818,0.6785339713096619,0.7060442566871643,0.2457110583782196,0.035626623779535294,0.572860836982727,0.7133329510688782,0.10321028530597687,0.054497130215168,0.6579752564430237,0.7358229756355286,0.181386798620224,0.023237384855747223,0.5643978118896484,0.7198041677474976,0.08781245350837708,0.06389308720827103,0.6567388772964478,0.740077555179596,0.1754576712846756,0.03397093340754509,0.574198305606842,0.7213116884231567,0.0997275784611702,0.06585527956485748,0.6454294919967651,0.7382370233535767,0.17739863693714142,0.03131983429193497,0.5792269706726074,0.7195051908493042,0.10718021541833878,0.06591378152370453,0.6443688273429871,0.7347305417060852,0.1801469326019287,0.031621549278497696,0.6188542246818542,0.7115123271942139,-0.06630468368530273,0.9999679923057556,0.6530632376670837,0.7447121143341064,0.06580684334039688,0.9998664855957031,0.5495697855949402,0.7277846932411194,-0.07172556221485138,0.9876807332038879,0.5704115629196167,0.7562440633773804,0.08047854900360107,0.7270463109016418,0.5463201999664307,0.8577415347099304,-0.21633858978748322,0.9874169826507568,0.5568737983703613,0.8698092699050903,-0.054990243166685104,0.8714538812637329,0.5567833185195923,0.8843443989753723,-0.23204675316810608,0.9911436438560486,0.5464282035827637,0.8894969820976257,-0.07378274947404861,0.9606700539588928,0.5212587118148804,0.8860120177268982,-0.23462840914726257,0.9533974528312683,0.5231921076774597,0.8965150117874146,-0.09128004312515259,0.7153447866439819
251,0.6289858818054199,0.6289888620376587,0.422249972820282,0.8797585368156433,0.6278058290481567,0.6211124658584595,0.4131210744380951,0.8634201288223267,0.6262037754058838,0.6201131939888,0.41319718956947327,0.8489890098571777,0.6246670484542847,0.6188159584999084,0.413236141204834,0.8556894659996033,0.6331137418746948,0.6235423684120178,0.4215641915798187,0.8587433695793152,0.6353070735931396,0.6243001222610474,0.4216691553592682,0.8449773788452148,0.6368168592453003,0.6247128248214722,0.42160564661026,0.8384698033332825,0.6232757568359375,0.6182035803794861,0.3430299162864685,0.7529780864715576,0.6403293609619141,0.6283614039421082,0.38075190782546997,0.7593340277671814,0.6264081597328186,0.6325915455818176,0.393405020236969,0.7797254920005798,0.6320237517356873,0.6348702907562256,0.4044429659843445,0.7508747577667236,0.6164273619651794,0.6152961850166321,0.20352450013160706,0.9997946619987488,0.66531902551651,0.6573329567909241,0.32125455141067505,0.9969128966331482,0.5858579277992249,0.6673634052276611,0.11321611702442169,0.1499491035938263,0.6785233020782471,0.7069409489631653,0.2471100389957428,0.036145828664302826,0.5728724598884583,0.7079063653945923,0.07405994832515717,0.0547194667160511,0.6579788327217102,0.7414401173591614,0.17962715029716492,0.02394293062388897,0.5642277598381042,0.7206323742866516,0.056843966245651245,0.0643007829785347,0.6568082571029663,0.7468066811561584,0.17362317442893982,0.03521003946661949,0.5739909410476685,0.7222508192062378,0.06870050728321075,0.06625567376613617,0.6454736590385437,0.7450739741325378,0.175700843334198,0.03237074986100197,0.578991711139679,0.7204273343086243,0.07765839993953705,0.06636039912700653,0.6443728804588318,0.7413796782493591,0.1783715784549713,0.03254050388932228,0.6187785267829895,0.7115312814712524,-0.06709224730730057,0.9999688863754272,0.652955174446106,0.7447283267974854,0.06659841537475586,0.9998691082000732,0.5497003793716431,0.7278420329093933,-0.07406041026115417,0.9876022338867188,0.570339024066925,0.7562269568443298,0.08933205902576447,0.7182035446166992,0.549089252948761,0.8622063398361206,-0.2379295527935028,0.9872460961341858,0.5435767769813538,0.8672278523445129,-0.062337834388017654,0.8680891990661621,0.5681759119033813,0.8897867202758789,-0.2558668851852417,0.9911339282989502,0.5442798137664795,0.8858659267425537,-0.08412757515907288,0.9600986242294312,0.5230610370635986,0.8959614634513855,-0.26137667894363403,0.9533402919769287,0.5101931691169739,0.8879085779190063,-0.10365426540374756,0.7117270231246948
252,0.62895268201828,0.6289947628974915,0.434072881937027,0.8835989832878113,0.627737820148468,0.6211095452308655,0.4250175356864929,0.868586540222168,0.6261904835700989,0.6201111674308777,0.4250974655151367,0.8545109033584595,0.6246606111526489,0.6188128590583801,0.42513400316238403,0.8612167239189148,0.6330434083938599,0.6235336065292358,0.4345598816871643,0.8638234734535217,0.635259747505188,0.6242976784706116,0.43466681241989136,0.8507896065711975,0.636752724647522,0.6247069239616394,0.43460971117019653,0.8445501327514648,0.6232787370681763,0.6182155609130859,0.3538040518760681,0.7630228400230408,0.6402629613876343,0.628365159034729,0.39699026942253113,0.7685294151306152,0.6263929009437561,0.6325905323028564,0.4045792520046234,0.7872971296310425,0.6319976449012756,0.6348733901977539,0.4171563982963562,0.7579432725906372,0.6164268851280212,0.6153086423873901,0.20933306217193604,0.9998023509979248,0.6653033494949341,0.6573957800865173,0.33787450194358826,0.9970791935920715,0.5858620405197144,0.6675351858139038,0.1096191555261612,0.14788031578063965,0.6784749627113342,0.7078789472579956,0.24897365272045135,0.036558620631694794,0.572363555431366,0.7127281427383423,0.05819035694003105,0.05439256876707077,0.6583298444747925,0.7468347549438477,0.17520903050899506,0.025047123432159424,0.563899040222168,0.7217886447906494,0.03938869386911392,0.0644010528922081,0.6576935052871704,0.7533073425292969,0.16832157969474792,0.03758750855922699,0.5735718011856079,0.7233614325523376,0.051622916013002396,0.06634514033794403,0.6463744640350342,0.751499354839325,0.17112919688224792,0.034358758479356766,0.578651487827301,0.7216092944145203,0.06175241619348526,0.06642788648605347,0.6448971629142761,0.747610330581665,0.17402976751327515,0.034199535846710205,0.6187970042228699,0.7117888927459717,-0.06922423094511032,0.9999698996543884,0.6528887152671814,0.7447379231452942,0.06874140352010727,0.999870777130127,0.5497595071792603,0.7292961478233337,-0.08894439786672592,0.9875062704086304,0.5699653029441833,0.7562286853790283,0.08759139478206635,0.7053202986717224,0.5524434447288513,0.8674544095993042,-0.2788161337375641,0.9870472550392151,0.5371731519699097,0.8619658946990967,-0.09374605119228363,0.8613181710243225,0.5726497173309326,0.8968008160591125,-0.29977157711982727,0.9911455512046814,0.539710521697998,0.8799799084663391,-0.11823557317256927,0.9591955542564392,0.5237868428230286,0.8984508514404297,-0.3111054301261902,0.9537411332130432,0.5032951831817627,0.8801313042640686,-0.14099891483783722,0.7074007987976074
253,0.6290629506111145,0.6298211216926575,0.4381568431854248,0.8747803568840027,0.628017246723175,0.6220712661743164,0.4307212233543396,0.8589979410171509,0.6262709498405457,0.6209813952445984,0.4308079183101654,0.8441417813301086,0.6247406601905823,0.6196711659431458,0.43085113167762756,0.8515228033065796,0.6332358121871948,0.6251243352890015,0.43864840269088745,0.8539028763771057,0.6353113055229187,0.625765860080719,0.43874430656433105,0.8402392864227295,0.636787474155426,0.6262508034706116,0.43866944313049316,0.8334881663322449,0.6233524084091187,0.6187577843666077,0.3635808825492859,0.7492659687995911,0.6403121948242188,0.6288209557533264,0.3991009593009949,0.7536634206771851,0.6264814138412476,0.6332293152809143,0.40988215804100037,0.7735345959663391,0.6321149468421936,0.6354588866233826,0.42033082246780396,0.7428674101829529,0.6164268255233765,0.6152982115745544,0.2210126370191574,0.9997950196266174,0.6653183698654175,0.6574971675872803,0.33968231081962585,0.9968969821929932,0.5858597755432129,0.6675770282745361,0.13747459650039673,0.1449725478887558,0.6781389117240906,0.7080707550048828,0.2605665326118469,0.0350489541888237,0.5730260610580444,0.7063929438591003,0.11029636859893799,0.05324527621269226,0.6562725305557251,0.7428439855575562,0.1972421109676361,0.02384696900844574,0.5643731355667114,0.7217076420783997,0.09539466351270676,0.06333526223897934,0.655717670917511,0.7485745549201965,0.19288551807403564,0.03607465699315071,0.5742467641830444,0.7232482433319092,0.10829879343509674,0.0652196854352951,0.6444705724716187,0.746484100818634,0.1964249312877655,0.03299301117658615,0.5793005228042603,0.7215040326118469,0.1146906241774559,0.0653826892375946,0.6430785059928894,0.7424765825271606,0.1969217211008072,0.032904475927352905,0.6188826560974121,0.7117800116539001,-0.0690901130437851,0.9999698400497437,0.6528016328811646,0.7449943423271179,0.06859926879405975,0.999868631362915,0.5497453808784485,0.7299632430076599,-0.08718374371528625,0.9876366853713989,0.569462239742279,0.7562277913093567,0.08723841607570648,0.6919819712638855,0.5515373945236206,0.8673136234283447,-0.2624966502189636,0.9869118332862854,0.5376681685447693,0.8607102036476135,-0.08758671581745148,0.8522314429283142,0.5734184980392456,0.8984673023223877,-0.28148895502090454,0.9910847544670105,0.5398703813552856,0.8791212439537048,-0.11027257144451141,0.9571753740310669,0.5239293575286865,0.8989033102989197,-0.2877894341945648,0.9528936743736267,0.5033618211746216,0.8776332139968872,-0.13056644797325134,0.695985734462738
254,0.6290786266326904,0.6303987503051758,0.43459710478782654,0.8734962940216064,0.6281226277351379,0.6227778792381287,0.4267391562461853,0.8590501546859741,0.6262944936752319,0.6216546297073364,0.4268214702606201,0.8442099690437317,0.624768853187561,0.620341956615448,0.42686519026756287,0.8514928221702576,0.6332689523696899,0.6261852979660034,0.434948593378067,0.8531326651573181,0.6353040933609009,0.6267820000648499,0.4350462555885315,0.8397215604782104,0.6367837190628052,0.6273288726806641,0.4349745213985443,0.8325956463813782,0.6233807802200317,0.6193130016326904,0.35929423570632935,0.7505921125411987,0.6403130292892456,0.629250705242157,0.39599937200546265,0.753676176071167,0.6265066266059875,0.6336271166801453,0.4063102602958679,0.7741715908050537,0.6321415901184082,0.6358564496040344,0.41709446907043457,0.7423136830329895,0.6164244413375854,0.6153482794761658,0.2176300287246704,0.9997961521148682,0.6654693484306335,0.6604089736938477,0.3372110426425934,0.9969474077224731,0.5858252644538879,0.6676208972930908,0.12094198167324066,0.14333783090114594,0.6779688000679016,0.7086170315742493,0.25734978914260864,0.03443335369229317,0.573487401008606,0.7037677764892578,0.07508284598588943,0.05258357524871826,0.6549130082130432,0.7425878047943115,0.1906851828098297,0.023527849465608597,0.5648089051246643,0.7218586802482605,0.05760714411735535,0.062876857817173,0.6542829871177673,0.7480888366699219,0.18612265586853027,0.035776011645793915,0.5745568871498108,0.7234171032905579,0.07025457173585892,0.06474509090185165,0.6429286599159241,0.746070146560669,0.19032283127307892,0.032708603888750076,0.5795444250106812,0.7216960787773132,0.07894764095544815,0.06507259607315063,0.6414755582809448,0.7421799898147583,0.19056440889835358,0.03262495622038841,0.6188996434211731,0.7118109464645386,-0.06898989528417587,0.9999706745147705,0.6527442336082458,0.7452896237373352,0.0684964507818222,0.9998705387115479,0.5497351884841919,0.72975093126297,-0.08937233686447144,0.9877435564994812,0.5693146586418152,0.7562538385391235,0.08903569728136063,0.6813433766365051,0.551237940788269,0.8662711977958679,-0.27484798431396484,0.9869682192802429,0.537594735622406,0.8587168455123901,-0.09279981255531311,0.8478101491928101,0.5689811706542969,0.8971362709999084,-0.29496151208877563,0.9911861419677734,0.5396900177001953,0.8772199153900146,-0.11686839163303375,0.956381618976593,0.5244571566581726,0.8995428681373596,-0.30150026082992554,0.9532536268234253,0.5035354495048523,0.8757361173629761,-0.13689833879470825,0.6918412446975708
255,0.6294930577278137,0.6318225264549255,0.4422059655189514,0.863999605178833,0.6282744407653809,0.6257681250572205,0.435744047164917,0.8500584363937378,0.6265816688537598,0.6236915588378906,0.4358382225036621,0.8348553776741028,0.6248244047164917,0.6224216222763062,0.4358786642551422,0.8423656821250916,0.6334900259971619,0.6283138394355774,0.44177237153053284,0.8434855341911316,0.6354097127914429,0.6288283467292786,0.44186678528785706,0.8297467827796936,0.6369823217391968,0.629479706287384,0.44179829955101013,0.8214408159255981,0.623369038105011,0.6215292811393738,0.3709925413131714,0.7410172820091248,0.6403195858001709,0.6323217749595642,0.3982051610946655,0.7427911758422852,0.6265612840652466,0.6345990896224976,0.4146967828273773,0.7643206715583801,0.6322320699691772,0.6367030739784241,0.42268553376197815,0.7300531268119812,0.615587592124939,0.6172618865966797,0.22684542834758759,0.9997819066047668,0.6656299829483032,0.6611879467964172,0.33620864152908325,0.9966990351676941,0.5856969356536865,0.6678210496902466,0.13831211626529694,0.14180737733840942,0.6779638528823853,0.7074273228645325,0.25727424025535583,0.0337594598531723,0.5745757222175598,0.7027126550674438,0.10752604156732559,0.05059172585606575,0.6549761891365051,0.7349689602851868,0.19166728854179382,0.022474488243460655,0.5675364136695862,0.720878541469574,0.09142287075519562,0.06047521531581879,0.6539918184280396,0.739166259765625,0.18691642582416534,0.034312207251787186,0.5775867104530334,0.7223322987556458,0.10655448585748672,0.06225774064660072,0.6428333520889282,0.7372025847434998,0.19170939922332764,0.03138897940516472,0.5822577476501465,0.7208409905433655,0.11249085515737534,0.06277893483638763,0.6415334343910217,0.7336606979370117,0.1919756829738617,0.031346097588539124,0.6179581880569458,0.7118387222290039,-0.06817121058702469,0.999968945980072,0.6527144908905029,0.7451463937759399,0.06765630096197128,0.9998615384101868,0.5496879816055298,0.7296971082687378,-0.0872267633676529,0.9879125952720642,0.5691536664962769,0.7551289796829224,0.08778981864452362,0.6800059080123901,0.55051589012146,0.8643137812614441,-0.26294589042663574,0.9870309233665466,0.5373583436012268,0.8557302951812744,-0.08939618617296219,0.8426001667976379,0.5631033182144165,0.8934412598609924,-0.2817392945289612,0.9912749528884888,0.539657711982727,0.8738855719566345,-0.11373045295476913,0.9552745819091797,0.520577073097229,0.8893613815307617,-0.2931671738624573,0.951902449131012,0.5034329891204834,0.8737457990646362,-0.12346271425485611,0.6797528266906738
256,0.6298373937606812,0.6324806809425354,0.4375998377799988,0.8489857316017151,0.6288141012191772,0.626717209815979,0.43087443709373474,0.8346023559570312,0.6271754503250122,0.6251380443572998,0.43097347021102905,0.8190820813179016,0.625085711479187,0.6238985061645508,0.4309917092323303,0.8261463046073914,0.6340283155441284,0.6290644407272339,0.43578869104385376,0.8271229863166809,0.635794460773468,0.6295319199562073,0.4358889162540436,0.8130474090576172,0.6375497579574585,0.6302306056022644,0.43582016229629517,0.8027700185775757,0.6235984563827515,0.6221082210540771,0.36485934257507324,0.7228221893310547,0.6407996416091919,0.6334267854690552,0.3899971842765808,0.7237654328346252,0.6270517706871033,0.6352233290672302,0.40990203619003296,0.7464455962181091,0.6325403451919556,0.6384961605072021,0.41692376136779785,0.7109636664390564,0.6155750155448914,0.6174176335334778,0.2231280356645584,0.9997673630714417,0.6659701466560364,0.6624142527580261,0.32716041803359985,0.9965503811836243,0.585574746131897,0.6680638194084167,0.13279591500759125,0.140130877494812,0.677318274974823,0.7086175084114075,0.2514365315437317,0.03348720446228981,0.5747677683830261,0.7018060684204102,0.09872572869062424,0.04926449432969093,0.6540537476539612,0.735273003578186,0.18502013385295868,0.02205354906618595,0.5675221681594849,0.7206898331642151,0.08154463022947311,0.05879571661353111,0.6526991128921509,0.7394878268241882,0.17872276902198792,0.03370809555053711,0.577578067779541,0.7222172021865845,0.09583200514316559,0.06051649898290634,0.6418496370315552,0.7378330230712891,0.18288838863372803,0.03083554469048977,0.5823097825050354,0.7207696437835693,0.10330744087696075,0.06118311733007431,0.6407155990600586,0.7342085242271423,0.184920996427536,0.030786465853452682,0.6183503866195679,0.7120943665504456,-0.06696594506502151,0.9999684691429138,0.6527344584465027,0.7454553842544556,0.066434845328331,0.9998593330383301,0.5496259927749634,0.7294543385505676,-0.07696709036827087,0.9879719614982605,0.5690402984619141,0.7551945447921753,0.09302838146686554,0.6761634945869446,0.5500554442405701,0.8638454675674438,-0.23802129924297333,0.9870049953460693,0.5357533097267151,0.8556503057479858,-0.06671233475208282,0.8413535952568054,0.5613548159599304,0.8923951387405396,-0.255047082901001,0.9913837909698486,0.5380674600601196,0.8740946650505066,-0.08811153471469879,0.9551734328269958,0.5220789313316345,0.8946518301963806,-0.25637441873550415,0.9506021738052368,0.501607358455658,0.8716177344322205,-0.10221099853515625,0.674668550491333
257,0.6307615637779236,0.6325461268424988,0.4511331617832184,0.8366819024085999,0.6292272806167603,0.6267821192741394,0.4446088373661041,0.8218498826026917,0.6276666522026062,0.6250596642494202,0.44471001625061035,0.8056930303573608,0.6253700852394104,0.623796820640564,0.4447453022003174,0.8133015632629395,0.6344794631004333,0.6291071176528931,0.4502940773963928,0.8136794567108154,0.6361397504806519,0.629607617855072,0.4503929615020752,0.7989489436149597,0.6379926800727844,0.6303490400314331,0.4503258168697357,0.7872084975242615,0.6236737370491028,0.6223422884941101,0.3783910572528839,0.7080587148666382,0.6410610675811768,0.6338457465171814,0.4042164385318756,0.7057764530181885,0.6274920701980591,0.6353543400764465,0.42322415113449097,0.7304534912109375,0.633079469203949,0.6384226083755493,0.4308425784111023,0.692742645740509,0.6155381202697754,0.6174190044403076,0.2332760989665985,0.999758780002594,0.6660863161087036,0.6623846888542175,0.33923718333244324,0.9962964653968811,0.5853922963142395,0.6680896878242493,0.1524428427219391,0.13755793869495392,0.6771937608718872,0.7063050866127014,0.2594713270664215,0.032899171113967896,0.5752012133598328,0.701624870300293,0.12956365942955017,0.047363389283418655,0.6540195941925049,0.7356193661689758,0.19257858395576477,0.021330302581191063,0.5687950849533081,0.7206804156303406,0.11452561616897583,0.05659668147563934,0.6527318358421326,0.7399787306785583,0.1874491274356842,0.032884564250707626,0.5791876316070557,0.7222052812576294,0.1284823715686798,0.05823559686541557,0.641912579536438,0.7382673025131226,0.1929740607738495,0.030077848583459854,0.5838032960891724,0.7207451462745667,0.13429445028305054,0.05904189869761467,0.6408176422119141,0.7346538305282593,0.1931425780057907,0.029980048537254333,0.6184364557266235,0.7119842171669006,-0.06691841781139374,0.9999685883522034,0.6527293920516968,0.7454363107681274,0.06638316810131073,0.9998564720153809,0.5495418906211853,0.7294167876243591,-0.08002321422100067,0.988288164138794,0.5674379467964172,0.7544134259223938,0.09132407605648041,0.6692055463790894,0.5515092611312866,0.8674913644790649,-0.26313817501068115,0.9872069954872131,0.5307493209838867,0.8512604236602783,-0.08220095932483673,0.8360966444015503,0.5615835785865784,0.8931199908256531,-0.2826828360557556,0.9915450215339661,0.5328280329704285,0.8695189952850342,-0.1052626520395279,0.9544293880462646,0.5234403014183044,0.8971790075302124,-0.2849099934101105,0.9501600861549377,0.4953881800174713,0.8662969470024109,-0.11882736533880234,0.6660138964653015
258,0.6313886642456055,0.6335497498512268,0.443014532327652,0.8365820646286011,0.6295717358589172,0.6282475590705872,0.4353545308113098,0.8208210468292236,0.6279915571212769,0.6268945336341858,0.43545228242874146,0.804643988609314,0.6255437135696411,0.6256043910980225,0.43549519777297974,0.8122511506080627,0.6348723769187927,0.6306318640708923,0.43935880064964294,0.8130711913108826,0.6364722847938538,0.631177544593811,0.43946319818496704,0.7980688810348511,0.6384345889091492,0.6320351958274841,0.4393966794013977,0.7859407067298889,0.6238052845001221,0.6229992508888245,0.36792460083961487,0.7060446739196777,0.641781210899353,0.6336528658866882,0.3894498348236084,0.7041484117507935,0.6278713345527649,0.6360555291175842,0.4152924418449402,0.7284770607948303,0.633560061454773,0.6388953924179077,0.4207167625427246,0.6902039051055908,0.6155420541763306,0.6173978447914124,0.22373482584953308,0.9997578263282776,0.6662571430206299,0.6627882719039917,0.3261564373970032,0.9962413907051086,0.5851393342018127,0.6682032942771912,0.14399747550487518,0.14183947443962097,0.6772328615188599,0.7072317004203796,0.25282081961631775,0.0341002531349659,0.5751962065696716,0.7014026045799255,0.1199290007352829,0.046990182250738144,0.6546649932861328,0.7380186319351196,0.19159506261348724,0.021412229165434837,0.5687641501426697,0.7199122905731201,0.10494683682918549,0.055759042501449585,0.6531102657318115,0.742730975151062,0.18683749437332153,0.03280024603009224,0.5791659355163574,0.7215070724487305,0.11804650723934174,0.05737501010298729,0.642244279384613,0.7416275143623352,0.19203470647335052,0.030003201216459274,0.5837423205375671,0.720047116279602,0.12436618655920029,0.05827710032463074,0.6413646936416626,0.7378119826316833,0.19204537570476532,0.02988606132566929,0.6186971068382263,0.7121468782424927,-0.06656020879745483,0.9999682903289795,0.6527697443962097,0.7455310821533203,0.06602039188146591,0.9998546242713928,0.5494681596755981,0.7293691635131836,-0.0785033255815506,0.9886109828948975,0.5677975416183472,0.7542034387588501,0.09003667533397675,0.6723597049713135,0.5510455369949341,0.8670742511749268,-0.2395634651184082,0.9874034523963928,0.5331230163574219,0.8525671362876892,-0.06939990818500519,0.8368446826934814,0.5611759424209595,0.8931713700294495,-0.2564232051372528,0.9916393756866455,0.5342517495155334,0.8706188797950745,-0.08976156264543533,0.9544093608856201,0.5235567688941956,0.8982114195823669,-0.256477415561676,0.9498374462127686,0.49803751707077026,0.8692664504051208,-0.10325102508068085,0.6644064784049988
259,0.6317161321640015,0.6338117718696594,0.4273795485496521,0.8345124125480652,0.6297168135643005,0.6284787058830261,0.419534832239151,0.817766010761261,0.6280988454818726,0.6272895336151123,0.4196246266365051,0.8012344837188721,0.6256004571914673,0.6260480284690857,0.4196588397026062,0.8091822266578674,0.6351083517074585,0.630806565284729,0.4244519770145416,0.8105521202087402,0.6367118954658508,0.6313667297363281,0.42455679178237915,0.7947326302528381,0.6387398838996887,0.6322488188743591,0.4244883060455322,0.7821367979049683,0.6238099336624146,0.6232271194458008,0.35438209772109985,0.7006653547286987,0.641821026802063,0.6332122683525085,0.37760409712791443,0.6990861296653748,0.6280781626701355,0.6363790035247803,0.4006563127040863,0.723208487033844,0.6338926553726196,0.6390337347984314,0.4071246087551117,0.6848620176315308,0.6154422163963318,0.617526650428772,0.21342284977436066,0.9997560977935791,0.6663144826889038,0.6629007458686829,0.3176449239253998,0.9961062073707581,0.5846707224845886,0.6684004068374634,0.1411074846982956,0.14541330933570862,0.6772361993789673,0.7083476185798645,0.24907103180885315,0.034505847841501236,0.5752761960029602,0.701214075088501,0.1261594593524933,0.04619229957461357,0.6547044515609741,0.739489734172821,0.19156421720981598,0.020950838923454285,0.5687459111213684,0.7195460796356201,0.11236977577209473,0.054447274655103683,0.6532102227210999,0.7443589568138123,0.18696390092372894,0.031971275806427,0.5791081786155701,0.721150815486908,0.12525777518749237,0.05599374696612358,0.6423324942588806,0.7434645891189575,0.1915283501148224,0.029262838885188103,0.5836851596832275,0.7197019457817078,0.13072127103805542,0.057028330862522125,0.6413798332214355,0.7395752668380737,0.19190438091754913,0.02918543852865696,0.6187993288040161,0.7122337818145752,-0.06552770733833313,0.9999678134918213,0.6562848091125488,0.7407562136650085,0.06497420370578766,0.9998511672019958,0.5493515133857727,0.7292695641517639,-0.0737215131521225,0.9888924956321716,0.5668079257011414,0.7536658644676208,0.08993508666753769,0.6725614666938782,0.5512383580207825,0.8668496012687683,-0.22383920848369598,0.9875369071960449,0.5320468544960022,0.8524219989776611,-0.05914298817515373,0.8367916345596313,0.5612072944641113,0.8931122422218323,-0.23941835761070251,0.9916560649871826,0.5339334011077881,0.8711785078048706,-0.0780048593878746,0.9538106918334961,0.5235586166381836,0.8986517190933228,-0.237269788980484,0.9489492177963257,0.4967901110649109,0.8673945665359497,-0.08998116105794907,0.66141277551651
260,0.6317641735076904,0.6339905858039856,0.4307686686515808,0.8355390429496765,0.6297611594200134,0.6286889910697937,0.4236961007118225,0.8194328546524048,0.6281603574752808,0.6275640726089478,0.4237883985042572,0.8026279807090759,0.6256394386291504,0.6263294816017151,0.4238288998603821,0.8109725117683411,0.6351193785667419,0.6310219168663025,0.429013192653656,0.812433123588562,0.6367154717445374,0.6315887570381165,0.4291200637817383,0.7964426279067993,0.6387430429458618,0.6324785351753235,0.4290514886379242,0.7839459776878357,0.6238800883293152,0.6233108639717102,0.3591758608818054,0.7019655704498291,0.6419802308082581,0.6331903338432312,0.38371410965919495,0.7004868984222412,0.6281387209892273,0.6364977359771729,0.4038084149360657,0.7250540256500244,0.6339194774627686,0.6390572786331177,0.4107847809791565,0.6863625645637512,0.6155110001564026,0.6175136566162109,0.21770639717578888,0.9997596740722656,0.6663411855697632,0.6629839539527893,0.3228355050086975,0.9960954785346985,0.5846118927001953,0.6684228777885437,0.14261451363563538,0.1438649594783783,0.6772330403327942,0.7089786529541016,0.25238144397735596,0.03407241404056549,0.5753302574157715,0.7008379697799683,0.12112171947956085,0.04523100331425667,0.6547740697860718,0.7405537962913513,0.19507355988025665,0.02062385156750679,0.5686455368995667,0.7191120982170105,0.10668786615133286,0.05345186963677406,0.6533036828041077,0.7456684708595276,0.19106116890907288,0.031666625291109085,0.5789728164672852,0.7207136750221252,0.11924554407596588,0.05493888631463051,0.6424041986465454,0.7448413968086243,0.19464397430419922,0.028974754735827446,0.583591878414154,0.719341516494751,0.12547172605991364,0.05604391172528267,0.6414393782615662,0.7409539818763733,0.19504843652248383,0.028884826228022575,0.6192620992660522,0.7124005556106567,-0.0655006617307663,0.9999690055847168,0.6556501984596252,0.7422370910644531,0.06494275480508804,0.9998542070388794,0.5493525266647339,0.7291678786277771,-0.08005370199680328,0.9892382621765137,0.5668209791183472,0.7534534335136414,0.08920734375715256,0.6684646606445312,0.5524687170982361,0.8680899739265442,-0.2632918655872345,0.987764298915863,0.5315814018249512,0.8515943884849548,-0.08632201701402664,0.8345032334327698,0.5706027746200562,0.8985594511032104,-0.28272220492362976,0.9917682409286499,0.5335299968719482,0.8707941174507141,-0.10933257639408112,0.9532262682914734,0.5244215130805969,0.8992451429367065,-0.28603097796440125,0.9497008919715881,0.4962043762207031,0.8664434552192688,-0.1245792955160141,0.6600765585899353
261,0.631787121295929,0.6339444518089294,0.42729097604751587,0.8364290595054626,0.6298003196716309,0.6285455226898193,0.419752836227417,0.8201359510421753,0.6282048225402832,0.6274281144142151,0.4198381006717682,0.8033704161643982,0.6257449984550476,0.6262332201004028,0.41987672448158264,0.8117355704307556,0.6351253390312195,0.6308926343917847,0.42567259073257446,0.8130086660385132,0.6367194056510925,0.6314709782600403,0.4257802963256836,0.7966695427894592,0.6387395858764648,0.6323521137237549,0.42571577429771423,0.7839272022247314,0.6239198446273804,0.623310923576355,0.3542047142982483,0.7024783492088318,0.6419691443443298,0.6342871785163879,0.3811624348163605,0.7001562118530273,0.6281806230545044,0.6364916563034058,0.3999886214733124,0.7249704599380493,0.6339428424835205,0.6390212178230286,0.4078320562839508,0.6857962608337402,0.6155174970626831,0.6175022125244141,0.21294644474983215,0.9997628927230835,0.6663843989372253,0.6629384160041809,0.32044529914855957,0.9960867166519165,0.5845667123794556,0.6684364080429077,0.13756756484508514,0.14796386659145355,0.6772368550300598,0.7091307044029236,0.24795731902122498,0.03503799811005592,0.5753298997879028,0.700729489326477,0.1156323105096817,0.045309167355298996,0.6552178859710693,0.7432670593261719,0.18965360522270203,0.020893488079309464,0.5685814023017883,0.7185388803482056,0.10131244361400604,0.05327349901199341,0.6538954973220825,0.7486814856529236,0.18509648740291595,0.03183375298976898,0.5788511633872986,0.7202573418617249,0.11335273832082748,0.05473951995372772,0.6428563594818115,0.7479771375656128,0.18863680958747864,0.029100501909852028,0.5834329724311829,0.7189013957977295,0.11971678584814072,0.05591510236263275,0.6418887376785278,0.7439932227134705,0.18943293392658234,0.029005806893110275,0.6193376779556274,0.7121587991714478,-0.06535719335079193,0.9999693632125854,0.6550568342208862,0.742881178855896,0.06480252742767334,0.9998546838760376,0.5492902994155884,0.7291074991226196,-0.0776844173669815,0.9894395470619202,0.5672726035118103,0.7534626722335815,0.08878825604915619,0.6706525683403015,0.5523342490196228,0.8674853444099426,-0.23877529799938202,0.9878653883934021,0.532230019569397,0.8522077202796936,-0.07152755558490753,0.8357236981391907,0.5660974383354187,0.8975152969360352,-0.2555396854877472,0.9917678236961365,0.5340577363967896,0.8712900876998901,-0.09187562018632889,0.9532784223556519,0.5243645906448364,0.8996439576148987,-0.2567577660083771,0.9493423104286194,0.4968695044517517,0.8677911162376404,-0.1063726395368576,0.660088300704956
262,0.6317405104637146,0.6344177722930908,0.4271920621395111,0.8378400206565857,0.629751980304718,0.6293919682502747,0.4195631444454193,0.8221703171730042,0.6281717419624329,0.6283940076828003,0.41964778304100037,0.8054410219192505,0.6257154941558838,0.627315878868103,0.41968831419944763,0.8136977553367615,0.6349835395812988,0.6316275000572205,0.4259806275367737,0.8146016597747803,0.6365388631820679,0.6322005987167358,0.42608946561813354,0.7980380654335022,0.6385188102722168,0.6330376267433167,0.42602768540382385,0.7853068709373474,0.623911440372467,0.6242474913597107,0.3533531427383423,0.704662561416626,0.64177006483078,0.6356379389762878,0.3824029862880707,0.7026442885398865,0.6281388998031616,0.6368647813796997,0.39951327443122864,0.7275843620300293,0.6338713765144348,0.6392839550971985,0.4080551266670227,0.688676655292511,0.6155215501785278,0.6175000667572021,0.2115260809659958,0.999765932559967,0.6664035320281982,0.6629659533500671,0.3217182755470276,0.9961153864860535,0.5844903588294983,0.6684454679489136,0.13224293291568756,0.1510482281446457,0.6771478652954102,0.7092711925506592,0.24881398677825928,0.03545771539211273,0.5753270983695984,0.70050448179245,0.10432442277669907,0.045435767620801926,0.6552301645278931,0.7434490323066711,0.18972578644752502,0.02102741226553917,0.5685234069824219,0.7157977819442749,0.08870735764503479,0.053243473172187805,0.6539695262908936,0.7487761974334717,0.18520508706569672,0.031837932765483856,0.5787961483001709,0.7197306156158447,0.10060124099254608,0.05471665784716606,0.6428939700126648,0.7480522990226746,0.18865743279457092,0.029093990102410316,0.5804306864738464,0.7118799686431885,0.10821796953678131,0.055956922471523285,0.6419129967689514,0.7441367506980896,0.18950721621513367,0.02899647317826748,0.6193599700927734,0.7119380831718445,-0.06537212431430817,0.9999699592590332,0.654704749584198,0.7432214021682739,0.0648183822631836,0.9998569488525391,0.5487267374992371,0.728859543800354,-0.07769672572612762,0.9895851612091064,0.5674313306808472,0.7533557415008545,0.08881164342164993,0.6727768182754517,0.5519031286239624,0.8669310212135315,-0.2420300990343094,0.9879071116447449,0.5333130955696106,0.8526582717895508,-0.073330819606781,0.8367395401000977,0.5634164214134216,0.8948071599006653,-0.2595656216144562,0.9918397068977356,0.5363149642944336,0.8721925020217896,-0.09453602135181427,0.953590989112854,0.524304211139679,0.8963958024978638,-0.2597333788871765,0.9492931365966797,0.4987393021583557,0.8682838082313538,-0.10942333936691284,0.66062992811203
263,0.6311992406845093,0.6347948312759399,0.427377313375473,0.8439838290214539,0.6296168565750122,0.6301257014274597,0.4204626977443695,0.8298408389091492,0.6280741095542908,0.6292029619216919,0.42055386304855347,0.8133561015129089,0.6256182789802551,0.6281784772872925,0.4205988943576813,0.8215152621269226,0.6347624063491821,0.6323355436325073,0.4274964928627014,0.8223762512207031,0.6362947821617126,0.6329271793365479,0.42760762572288513,0.8064014315605164,0.6379760503768921,0.6336439847946167,0.4275454878807068,0.7941265106201172,0.6238874197006226,0.6248813271522522,0.35544317960739136,0.7152795791625977,0.6417504549026489,0.6352764368057251,0.387753427028656,0.7139396071434021,0.6280301213264465,0.6372165679931641,0.39960575103759766,0.7383177876472473,0.6336082220077515,0.6409525275230408,0.4087812006473541,0.7002356052398682,0.6157167553901672,0.6174930334091187,0.2126247137784958,0.9997761845588684,0.6664072275161743,0.6629431843757629,0.32858261466026306,0.9962359070777893,0.5845829844474792,0.6692476868629456,0.1322898119688034,0.15078265964984894,0.6769284009933472,0.7092719674110413,0.24829721450805664,0.03427082672715187,0.5753222703933716,0.7001612186431885,0.10457795858383179,0.04569767042994499,0.6554185152053833,0.7433645725250244,0.1771836131811142,0.020612554624676704,0.5684847831726074,0.715861976146698,0.08927714079618454,0.05377490445971489,0.6545315980911255,0.7487130761146545,0.1717587560415268,0.031424932181835175,0.5788060426712036,0.7190297842025757,0.1012595146894455,0.05529778450727463,0.6433752179145813,0.7479187250137329,0.17579582333564758,0.028763459995388985,0.5815743207931519,0.7124767899513245,0.10860960185527802,0.056524503976106644,0.6422534584999084,0.744007408618927,0.17687061429023743,0.02870173007249832,0.6199214458465576,0.7121110558509827,-0.06587826460599899,0.9999716281890869,0.6546536684036255,0.7435494065284729,0.06529419124126434,0.9998640418052673,0.5488170385360718,0.7287046909332275,-0.08669961243867874,0.9898205995559692,0.5674358606338501,0.7533677816390991,0.08605153113603592,0.6626352071762085,0.5518966913223267,0.8668522238731384,-0.2866506576538086,0.9881222248077393,0.5324459671974182,0.8523522019386292,-0.10767851769924164,0.8344568014144897,0.5633053183555603,0.8946661353111267,-0.30798688530921936,0.9919466376304626,0.5351474285125732,0.8717693090438843,-0.132940873503685,0.9531850218772888,0.5245730876922607,0.8983265161514282,-0.3142278492450714,0.9506136178970337,0.49715861678123474,0.8686949014663696,-0.151865154504776,0.6616614460945129
264,0.6308683156967163,0.6346927881240845,0.4308411478996277,0.8471303582191467,0.6295348405838013,0.6300304532051086,0.4236348569393158,0.8327153921127319,0.6280423402786255,0.6284498572349548,0.42372220754623413,0.8162121772766113,0.6256049275398254,0.6274039149284363,0.4237721860408783,0.8245692849159241,0.6346606612205505,0.6321665048599243,0.4307762682437897,0.8251931071281433,0.6362072229385376,0.6327378749847412,0.43088769912719727,0.8091117739677429,0.6377888321876526,0.633393406867981,0.43083125352859497,0.796992838382721,0.6238694190979004,0.6248098015785217,0.3574261963367462,0.7179101705551147,0.6415850520133972,0.635199248790741,0.38980361819267273,0.7159721255302429,0.6278950572013855,0.6371453404426575,0.4026969373226166,0.7415159344673157,0.633495569229126,0.6404980421066284,0.41212430596351624,0.703589141368866,0.6157352924346924,0.6174748539924622,0.2149781733751297,0.9997814297676086,0.6664133667945862,0.662919819355011,0.32902902364730835,0.9962774515151978,0.5845787525177002,0.6690024733543396,0.13564161956310272,0.1549103856086731,0.6769545674324036,0.7093191146850586,0.252127081155777,0.03497253730893135,0.5752846002578735,0.6998203992843628,0.11115636676549911,0.04652930423617363,0.6558946371078491,0.7448742985725403,0.1888159066438675,0.021101683378219604,0.5675989389419556,0.715854287147522,0.09647665917873383,0.054487813264131546,0.6549833416938782,0.7502689957618713,0.18384075164794922,0.03200479969382286,0.5779880881309509,0.7185531258583069,0.10885173082351685,0.056003302335739136,0.6435952186584473,0.7494170665740967,0.18698282539844513,0.029247989878058434,0.5792457461357117,0.7094008922576904,0.11533454805612564,0.057194508612155914,0.6424660086631775,0.7454935312271118,0.18820466101169586,0.029122551903128624,0.6199228763580322,0.7121315598487854,-0.06583859026432037,0.999971866607666,0.6544018387794495,0.7440250515937805,0.06525859236717224,0.9998635649681091,0.5488347411155701,0.7286372780799866,-0.07760925590991974,0.9898702502250671,0.5675584077835083,0.7533894181251526,0.0860719233751297,0.665741503238678,0.5507723689079285,0.8667623400688171,-0.2518176734447479,0.988204836845398,0.5326831340789795,0.854469358921051,-0.08907867223024368,0.8363295197486877,0.561010479927063,0.894037663936615,-0.270344614982605,0.9919910430908203,0.53542560338974,0.8742803931236267,-0.11146412789821625,0.9538608193397522,0.5247703790664673,0.8990824818611145,-0.2743268609046936,0.9508815407752991,0.4979983866214752,0.8705728054046631,-0.13149750232696533,0.6641239523887634
265,0.6307367086410522,0.6340027451515198,0.44200220704078674,0.8493162393569946,0.6295135617256165,0.6289022564888,0.4357878267765045,0.8353699445724487,0.6279056072235107,0.6268447637557983,0.43587803840637207,0.8190105557441711,0.6256038546562195,0.6257770657539368,0.43592095375061035,0.8276553750038147,0.6346228718757629,0.6311122179031372,0.4428727626800537,0.8277057409286499,0.6361722946166992,0.6316969990730286,0.4429742395877838,0.811874508857727,0.6376978158950806,0.6323026418685913,0.44290947914123535,0.7998307943344116,0.623869776725769,0.6240852475166321,0.37054237723350525,0.7218281626701355,0.6414576768875122,0.6351594924926758,0.40240177512168884,0.7178666591644287,0.6278561949729919,0.6366214156150818,0.41404229402542114,0.7444204092025757,0.6334453821182251,0.639544665813446,0.4234309196472168,0.7055402398109436,0.6157656908035278,0.6174700260162354,0.22684736549854279,0.9997864961624146,0.6664064526557922,0.6629037261009216,0.3401888310909271,0.9962561130523682,0.584600567817688,0.6689332127571106,0.14841781556606293,0.15459510684013367,0.6768969893455505,0.7093692421913147,0.2619311213493347,0.03431970253586769,0.5752660036087036,0.6998593211174011,0.12570974230766296,0.046212468296289444,0.65582674741745,0.7447007894515991,0.19937953352928162,0.02066574990749359,0.5675491094589233,0.7166513204574585,0.11196674406528473,0.05431494489312172,0.6549810171127319,0.7499956488609314,0.1952848732471466,0.03165528550744057,0.5779788494110107,0.71897292137146,0.12460286915302277,0.05575510486960411,0.6435717940330505,0.749128520488739,0.1992807537317276,0.02889489009976387,0.5800277590751648,0.7135568261146545,0.13016200065612793,0.05690407007932663,0.642437756061554,0.7452216744422913,0.199165940284729,0.02874729596078396,0.6202680468559265,0.7120475769042969,-0.06587202847003937,0.9999728798866272,0.6541749238967896,0.7443016767501831,0.06529279798269272,0.9998651742935181,0.549316942691803,0.7287830710411072,-0.08403725922107697,0.9900890588760376,0.5661522746086121,0.7533705234527588,0.08409952372312546,0.6615109443664551,0.5528897047042847,0.868675172328949,-0.2872063219547272,0.9884912371635437,0.5284002423286438,0.8510971665382385,-0.1116398349404335,0.8354060649871826,0.572153627872467,0.8999037146568298,-0.30907633900642395,0.9921402335166931,0.5302658677101135,0.8700883388519287,-0.13668851554393768,0.9541923999786377,0.5258951783180237,0.899757444858551,-0.3175475597381592,0.9521973729133606,0.49243229627609253,0.8663663268089294,-0.15584243834018707,0.6666550040245056
