4,0.7248336672782898,0.4700997769832611,-0.4997704029083252,0.9987313151359558,0.7345513105392456,0.4572109580039978,-0.5055270791053772,0.9990840554237366,0.738009512424469,0.4551580548286438,-0.5055379867553711,0.998803973197937,0.7413797974586487,0.4544358551502228,-0.5055989623069763,0.9990723729133606,0.7254739999771118,0.4559456706047058,-0.5043213367462158,0.9990614652633667,0.7226093411445618,0.45514366030693054,-0.5043826103210449,0.9983463287353516,0.7195402979850769,0.45457005500793457,-0.5044140219688416,0.9985204339027405,0.7458471655845642,0.44792285561561584,-0.44507843255996704,0.9990018606185913,0.7130697965621948,0.44515952467918396,-0.4414750039577484,0.9983085989952087,0.7374895811080933,0.4744451642036438,-0.4671066403388977,0.9991716742515564,0.7199245095252991,0.4701699912548065,-0.4663585126399994,0.998257577419281,0.7638652324676514,0.46635711193084717,-0.3448066711425781,0.9994708895683289,0.6872270703315735,0.4479130506515503,-0.3402867913246155,0.9997542500495911,0.7913181185722351,0.5447133779525757,-0.3693270683288574,0.6435930728912354,0.6569796800613403,0.5147747993469238,-0.3696369230747223,0.28680890798568726,0.776641309261322,0.6049841046333313,-0.44299498200416565,0.5056354999542236,0.7022979855537415,0.555387020111084,-0.47179096937179565,0.32220253348350525,0.7753400802612305,0.6202155947685242,-0.47912082076072693,0.49256688356399536,0.7105635404586792,0.5722920894622803,-0.5131205916404724,0.34413406252861023,0.7682574987411499,0.6082737445831299,-0.4805869460105896,0.489628404378891,0.7170087695121765,0.5574714541435242,-0.5179620385169983,0.3429039418697357,0.7664909958839417,0.602973461151123,-0.4462788999080658,0.4350183606147766,0.7164114713668823,0.5526082515716553,-0.47661715745925903,0.3265143036842346,0.7562379837036133,0.40518897771835327,-1.4199722500052303e-05,0.9995751976966858,0.7163968086242676,0.4030400216579437,-8.577675180276856e-05,0.9995867013931274,0.7552280426025391,0.46853840351104736,0.2002861201763153,0.8128096461296082,0.7252631783485413,0.44883570075035095,0.19366173446178436,0.8902289867401123,0.7460338473320007,0.4568173289299011,0.49461454153060913,0.716867983341217,0.7218431234359741,0.45885881781578064,0.4939376413822174,0.8639748096466064,0.7447324991226196,0.4479122459888458,0.525892972946167,0.6611905694007874,0.7223438620567322,0.4565485119819641,0.5261322855949402,0.842288076877594,0.7450358271598816,0.4755924940109253,0.532163143157959,0.8206447958946228,0.7214674949645996,0.47683286666870117,0.5329242944717407,0.8693532943725586
5,0.7274519205093384,0.47097620368003845,-0.49398836493492126,0.9988575577735901,0.7339522838592529,0.4572640657424927,-0.49888157844543457,0.9991744160652161,0.7374469637870789,0.45519906282424927,-0.49888285994529724,0.9989222288131714,0.7408982515335083,0.45455870032310486,-0.4989303648471832,0.9991629719734192,0.7251261472702026,0.45618149638175964,-0.4980330467224121,0.9991544485092163,0.7223107814788818,0.45547616481781006,-0.4980931878089905,0.9985109567642212,0.7190510034561157,0.4550057649612427,-0.49812522530555725,0.9986675381660461,0.7445340156555176,0.4480134844779968,-0.43595218658447266,0.999096691608429,0.7122713327407837,0.4473961591720581,-0.43350905179977417,0.9984768033027649,0.7372487783432007,0.47847557067871094,-0.46074995398521423,0.9992519617080688,0.7198442816734314,0.4750064015388489,-0.46033304929733276,0.9984297156333923,0.7670925855636597,0.4682411551475525,-0.33634620904922485,0.9993286728858948,0.6901630163192749,0.4651039242744446,-0.3255324363708496,0.9997201561927795,0.7912827134132385,0.5565394759178162,-0.3589717745780945,0.6791834831237793,0.6639529466629028,0.5230286717414856,-0.3431008458137512,0.35802072286605835,0.7812478542327881,0.6127249598503113,-0.43160271644592285,0.5547184348106384,0.7114444375038147,0.5711495280265808,-0.43481892347335815,0.38905325531959534,0.7815750241279602,0.6310672760009766,-0.4667697548866272,0.539817750453949,0.7191454172134399,0.5905500054359436,-0.47075963020324707,0.4051372706890106,0.7748133540153503,0.6171475648880005,-0.46561479568481445,0.5358293056488037,0.7267487645149231,0.5740907192230225,-0.4790104329586029,0.40252968668937683,0.7727954983711243,0.6120903491973877,-0.4338343143463135,0.48276156187057495,0.7266167402267456,0.5687326788902283,-0.44030681252479553,0.3854849338531494,0.7560775876045227,0.4149197041988373,-0.004289384000003338,0.9994490742683411,0.7172966599464417,0.41201508045196533,0.004148161970078945,0.9994786381721497,0.7535434365272522,0.47604894638061523,0.17861518263816833,0.7397235035896301,0.7228070497512817,0.45588433742523193,0.18333296477794647,0.8070356845855713,0.7460203766822815,0.46585512161254883,0.45522934198379517,0.6491881608963013,0.7250620126724243,0.46070462465286255,0.4660082459449768,0.7788398265838623,0.7448652386665344,0.4558354318141937,0.484374463558197,0.600841760635376,0.7272273898124695,0.45756423473358154,0.4961826205253601,0.7598273158073425,0.7433978915214539,0.49137556552886963,0.4966661334037781,0.7482280731201172,0.7233503460884094,0.480908066034317,0.5060394406318665,0.7855389714241028
6,0.7261103391647339,0.46882691979408264,-0.49973541498184204,0.9989681243896484,0.7335067987442017,0.4546532928943634,-0.5040177702903748,0.9992491602897644,0.7371545433998108,0.4539650082588196,-0.5040274858474731,0.9990211725234985,0.7407220602035522,0.45380017161369324,-0.5040881633758545,0.9992340803146362,0.7242099642753601,0.45474302768707275,-0.5043981075286865,0.9992341995239258,0.7212540507316589,0.45374688506126404,-0.50446617603302,0.9986559152603149,0.7182227373123169,0.45305877923965454,-0.5045278072357178,0.998796820640564,0.7438638210296631,0.44411933422088623,-0.4373084008693695,0.9991599321365356,0.7122456431388855,0.4470602571964264,-0.4410359859466553,0.9986246824264526,0.7364645004272461,0.4782353341579437,-0.46597450971603394,0.9993157982826233,0.7197465300559998,0.4732276201248169,-0.46689996123313904,0.9985765218734741,0.7683508396148682,0.4661663770675659,-0.3417057693004608,0.9985864758491516,0.6898821592330933,0.4610925316810608,-0.33168983459472656,0.9995892643928528,0.7931848764419556,0.5557962656021118,-0.37740033864974976,0.7112114429473877,0.6580734252929688,0.5229688286781311,-0.3483355939388275,0.42216023802757263,0.7921111583709717,0.5991454720497131,-0.45741233229637146,0.5985451340675354,0.703384518623352,0.5712881088256836,-0.4480021893978119,0.4495926797389984,0.794407844543457,0.6143670678138733,-0.49277812242507935,0.578907310962677,0.7109724879264832,0.591217041015625,-0.4845851957798004,0.46162793040275574,0.7896402478218079,0.6009560823440552,-0.48765262961387634,0.5726072788238525,0.7191407680511475,0.5746278762817383,-0.4913627505302429,0.45816943049430847,0.7868077754974365,0.5972777605056763,-0.4582493305206299,0.5167639255523682,0.7191433310508728,0.5690802335739136,-0.4528757929801941,0.44030094146728516,0.7560535669326782,0.4197441041469574,-0.006132699549198151,0.9991181492805481,0.7180766463279724,0.41956573724746704,0.005966602824628353,0.9991855621337891,0.7550303936004639,0.48171618580818176,0.17201200127601624,0.676645040512085,0.7241415977478027,0.4673152565956116,0.18304583430290222,0.7360463738441467,0.7539216876029968,0.4665943682193756,0.4431472420692444,0.5918413996696472,0.7325245141983032,0.45883458852767944,0.4526785910129547,0.7037891745567322,0.7542668581008911,0.45545047521591187,0.4717617630958557,0.5510718822479248,0.7350207567214966,0.4529820382595062,0.48117774724960327,0.6868614554405212,0.7522164583206177,0.4920580983161926,0.48332181572914124,0.68912273645401,0.7315117120742798,0.4747202694416046,0.48757100105285645,0.7130511999130249
7,0.7294917106628418,0.46983346343040466,-0.5061771273612976,0.9990592002868652,0.7338578701019287,0.45473992824554443,-0.5096278786659241,0.9993001818656921,0.7375419735908508,0.4543708264827728,-0.5096243023872375,0.9990981221199036,0.7413341999053955,0.453667014837265,-0.5096637010574341,0.9992714524269104,0.7245201468467712,0.454653799533844,-0.5111817121505737,0.9992942214012146,0.7215883135795593,0.4535795748233795,-0.5112600326538086,0.9987788796424866,0.7183495759963989,0.4527658224105835,-0.5113003253936768,0.9989024996757507,0.7437348365783691,0.4442439079284668,-0.4426231384277344,0.9991418719291687,0.712908148765564,0.4470538794994354,-0.45099979639053345,0.9987474083900452,0.7338248491287231,0.47812309861183167,-0.47221827507019043,0.9993529915809631,0.7197439670562744,0.47632166743278503,-0.4745294153690338,0.9986888766288757,0.7688592672348022,0.46495798230171204,-0.3418722152709961,0.9966396689414978,0.68970787525177,0.46848466992378235,-0.3431243300437927,0.9992234110832214,0.795068621635437,0.5545418858528137,-0.3820633292198181,0.7399940490722656,0.6667811274528503,0.5547799468040466,-0.3546600937843323,0.4799177646636963,0.7903541326522827,0.5649950504302979,-0.4711270332336426,0.6377912759780884,0.726399302482605,0.5910413861274719,-0.42744845151901245,0.5041934847831726,0.7901116013526917,0.571902871131897,-0.504277229309082,0.609946608543396,0.7382986545562744,0.6126741766929626,-0.45849475264549255,0.5119800567626953,0.7868108153343201,0.5585097074508667,-0.4986421465873718,0.5989067554473877,0.7451261281967163,0.5888693332672119,-0.46450939774513245,0.5072444677352905,0.7851929068565369,0.5587137937545776,-0.4714663624763489,0.5382535457611084,0.7434715032577515,0.582074761390686,-0.43036597967147827,0.488981157541275,0.7569283246994019,0.42069312930107117,-0.009619009681046009,0.9988871216773987,0.7180272340774536,0.4216931164264679,0.009451587684452534,0.9988531470298767,0.7634251713752747,0.48436036705970764,0.17943401634693146,0.6259346008300781,0.7317994236946106,0.47263413667678833,0.19770044088363647,0.6707383990287781,0.7781659364700317,0.46997660398483276,0.4629240036010742,0.5557601451873779,0.7398475408554077,0.45871108770370483,0.4706614017486572,0.6361097097396851,0.7817039489746094,0.4576587975025177,0.492546945810318,0.5257046818733215,0.7423084378242493,0.4512486755847931,0.4988740086555481,0.6214736104011536,0.7787911295890808,0.49326545000076294,0.5009084939956665,0.6603273153305054,0.741271436214447,0.4715423882007599,0.5201668739318848,0.6513644456863403
8,0.7308721542358398,0.4698467552661896,-0.5101422667503357,0.9991517066955566,0.7338643670082092,0.4550791382789612,-0.5112318992614746,0.999367892742157,0.7374829053878784,0.4541654884815216,-0.5112247467041016,0.9991852641105652,0.7361809611320496,0.4536721408367157,-0.511274516582489,0.9993400573730469,0.7255305051803589,0.4558125436306,-0.5121774673461914,0.999363124370575,0.7227524518966675,0.4549771249294281,-0.5122448205947876,0.9988991618156433,0.720070481300354,0.45434683561325073,-0.5122663378715515,0.9990103244781494,0.7417232394218445,0.4444694519042969,-0.4419981837272644,0.9992122650146484,0.7154050469398499,0.4518080949783325,-0.44985300302505493,0.9988706111907959,0.7335205674171448,0.4752289652824402,-0.4752918779850006,0.9994096159934998,0.7216893434524536,0.4757997393608093,-0.4765705466270447,0.9988136887550354,0.7685729265213013,0.4581262767314911,-0.33969223499298096,0.9956939816474915,0.6980446577072144,0.47420117259025574,-0.3377014696598053,0.9991190433502197,0.7943827509880066,0.5500596761703491,-0.37848201394081116,0.7655767798423767,0.6857247948646545,0.557542085647583,-0.34977489709854126,0.5318418741226196,0.7892882227897644,0.5694641470909119,-0.4710398316383362,0.6730642914772034,0.7340337634086609,0.5995962619781494,-0.4377884268760681,0.5535655617713928,0.78857421875,0.578406035900116,-0.5133375525474548,0.6435338854789734,0.7432753443717957,0.6189355254173279,-0.47496962547302246,0.5597897171974182,0.7832048535346985,0.5792652368545532,-0.5159834027290344,0.6326337456703186,0.7481447458267212,0.5993647575378418,-0.48449110984802246,0.5552905201911926,0.7812274694442749,0.5767934322357178,-0.4762711524963379,0.5737044811248779,0.7471425533294678,0.5918776988983154,-0.44393405318260193,0.5382757186889648,0.7569044828414917,0.4109252989292145,-0.013448392041027546,0.9987560510635376,0.7226349711418152,0.4192526042461395,0.013284954242408276,0.9987838864326477,0.7689768075942993,0.4842698276042938,0.13486847281455994,0.597859799861908,0.7357097864151001,0.4900766611099243,0.17841163277626038,0.6179617643356323,0.7865355014801025,0.48723119497299194,0.3868124783039093,0.5357492566108704,0.7492350339889526,0.47916027903556824,0.44586166739463806,0.5778688192367554,0.7910531759262085,0.48146387934684753,0.4115651547908783,0.5060276389122009,0.7531226277351379,0.473715215921402,0.4734627306461334,0.5655813813209534,0.7865270376205444,0.5108585357666016,0.39569514989852905,0.6515818238258362,0.749295175075531,0.48868680000305176,0.4645625054836273,0.6013667583465576
9,0.7304400205612183,0.47002744674682617,-0.49831002950668335,0.9992125034332275,0.7340786457061768,0.45511066913604736,-0.5011448860168457,0.9993588924407959,0.73747718334198,0.4545459747314453,-0.5011459589004517,0.999208390712738,0.7369019389152527,0.4513470232486725,-0.5011920928955078,0.9992896914482117,0.7263705134391785,0.45377758145332336,-0.501675009727478,0.9993817806243896,0.7237853407859802,0.45225006341934204,-0.5017431974411011,0.9989805221557617,0.7209939360618591,0.45089367032051086,-0.5017852187156677,0.9990703463554382,0.7430978417396545,0.44205692410469055,-0.43747276067733765,0.9990595579147339,0.7162582874298096,0.44618529081344604,-0.4426841139793396,0.9989314675331116,0.7336052656173706,0.4746168255805969,-0.46548667550086975,0.999354898929596,0.7223201394081116,0.47544151544570923,-0.4669575095176697,0.9988318085670471,0.7707377076148987,0.4589103162288666,-0.3394383490085602,0.9937206506729126,0.6959898471832275,0.4731852114200592,-0.33739691972732544,0.9985573887825012,0.794319748878479,0.564974844455719,-0.3527306616306305,0.7890060544013977,0.6661763787269592,0.5470359325408936,-0.3397288918495178,0.578639030456543,0.788153886795044,0.5786879062652588,-0.4083123207092285,0.7050914764404297,0.7270491719245911,0.5890276432037354,-0.39351487159729004,0.597095251083374,0.7879000306129456,0.5934174060821533,-0.4366581439971924,0.6686440706253052,0.7327091693878174,0.609898030757904,-0.4221319556236267,0.5960277318954468,0.7812789678573608,0.5848352909088135,-0.433521568775177,0.6541063785552979,0.7386166453361511,0.5905709266662598,-0.4284578263759613,0.5892170071601868,0.7793635129928589,0.5827993750572205,-0.40816420316696167,0.5901640057563782,0.73796546459198,0.5901919007301331,-0.39618319272994995,0.5695980787277222,0.7582345008850098,0.4183405935764313,-0.012100227177143097,0.9974074959754944,0.7226427793502808,0.4212263822555542,0.011866116896271706,0.997577965259552,0.7608579397201538,0.4827080965042114,0.18417872488498688,0.5450791716575623,0.7335535883903503,0.4799303412437439,0.20278878509998322,0.5631565451622009,0.7571764588356018,0.47053608298301697,0.463527113199234,0.4865422546863556,0.7421973943710327,0.46494415402412415,0.4745141863822937,0.5218970775604248,0.7586320042610168,0.4567049741744995,0.4928680956363678,0.4641401171684265,0.7447495460510254,0.45701029896736145,0.5031362771987915,0.5118916630744934,0.7515732049942017,0.4977404773235321,0.5151465535163879,0.5975220203399658,0.743224561214447,0.4795517027378082,0.5230218768119812,0.5457151532173157
10,0.7325681447982788,0.47098058462142944,-0.5390775799751282,0.9992894530296326,0.7354593276977539,0.455411434173584,-0.5416114926338196,0.9994189143180847,0.7377306222915649,0.45515692234039307,-0.5416262149810791,0.9992842674255371,0.7371186017990112,0.4502292573451996,-0.5417038202285767,0.9993541240692139,0.7286579608917236,0.4546767771244049,-0.5418415069580078,0.9994399547576904,0.7259804606437683,0.4534541368484497,-0.5418995022773743,0.9990798830986023,0.7242377400398254,0.4522043764591217,-0.541887104511261,0.9991593360900879,0.7431648373603821,0.4398420453071594,-0.47252359986305237,0.9991388320922852,0.7195656299591064,0.44621795415878296,-0.47309964895248413,0.9990349411964417,0.7341763377189636,0.47078201174736023,-0.5039145350456238,0.9994131922721863,0.7247800827026367,0.4728474020957947,-0.504208505153656,0.9989413022994995,0.7697324156761169,0.4505668580532074,-0.3673606514930725,0.9935140609741211,0.7024573683738708,0.4704585671424866,-0.36752086877822876,0.9985166192054749,0.794209361076355,0.5616118907928467,-0.41459232568740845,0.810045599937439,0.6762975454330444,0.5571200847625732,-0.3817514181137085,0.6207655668258667,0.7876445055007935,0.5841811895370483,-0.5126382112503052,0.7342133522033691,0.7313894033432007,0.6011589765548706,-0.44095379114151,0.6371490359306335,0.7863572239875793,0.5979266166687012,-0.5524753928184509,0.6981256008148193,0.7407749891281128,0.6239420175552368,-0.47209277749061584,0.6346654891967773,0.7825750708580017,0.5868626832962036,-0.5489722490310669,0.6835556030273438,0.7462711334228516,0.6012303829193115,-0.4815704822540283,0.6277593374252319,0.7818928360939026,0.5840127468109131,-0.5143088102340698,0.6219666004180908,0.7445908784866333,0.5955661535263062,-0.44352903962135315,0.6088678240776062,0.7582438588142395,0.3976534903049469,-0.010655302554368973,0.9973646402359009,0.7258046865463257,0.403864324092865,0.010509268380701542,0.9974406957626343,0.769074559211731,0.4721871614456177,0.18173852562904358,0.5199450850486755,0.7428409457206726,0.4682818651199341,0.19519490003585815,0.5291990637779236,0.7766085863113403,0.4938749670982361,0.4564669132232666,0.4659891128540039,0.7554113864898682,0.48382699489593506,0.47549599409103394,0.4749946892261505,0.7812349200248718,0.488402783870697,0.4836840033531189,0.458852082490921,0.7605336308479309,0.4807630181312561,0.5050626993179321,0.47037047147750854,0.7707902193069458,0.5248642563819885,0.48155611753463745,0.6004597544670105,0.7536645531654358,0.5093212723731995,0.5175505876541138,0.5136845111846924
11,0.7283084392547607,0.47098350524902344,-0.5225101709365845,0.9993597269058228,0.7353895306587219,0.4588874280452728,-0.5259899497032166,0.9994753003120422,0.7378247976303101,0.4597354829311371,-0.5259982943534851,0.9993540048599243,0.7403157949447632,0.4549677073955536,-0.5260623693466187,0.9994156956672668,0.7282049655914307,0.4558497965335846,-0.525959849357605,0.9994946718215942,0.7250624895095825,0.45418837666511536,-0.5260207056999207,0.99917072057724,0.7237471342086792,0.4527220129966736,-0.5260352492332458,0.999241828918457,0.7431927919387817,0.44053778052330017,-0.46051788330078125,0.99921715259552,0.7194099426269531,0.44634827971458435,-0.46022868156433105,0.999129593372345,0.7347634434700012,0.47538724541664124,-0.48841172456741333,0.9994679093360901,0.7241680026054382,0.4729566276073456,-0.48871439695358276,0.9990426898002625,0.7720077633857727,0.4546630084514618,-0.3577989935874939,0.9939432144165039,0.7010981440544128,0.46030548214912415,-0.3553987145423889,0.9985739588737488,0.7952170372009277,0.5627018809318542,-0.3937093913555145,0.8290202617645264,0.6570270657539368,0.5388663411140442,-0.37339186668395996,0.6586762070655823,0.7796111106872559,0.605976939201355,-0.47907400131225586,0.7605522871017456,0.6866620779037476,0.5934863686561584,-0.44177189469337463,0.6731685400009155,0.7775880694389343,0.6221086978912354,-0.5171701312065125,0.7260888814926147,0.6914815902709961,0.6065197587013245,-0.47258996963500977,0.6698493361473083,0.7724060416221619,0.6070369482040405,-0.5165948271751404,0.7121404409408569,0.6970872282981873,0.5936561822891235,-0.48330020904541016,0.6630750298500061,0.771369993686676,0.6018327474594116,-0.48168620467185974,0.6538629531860352,0.6979826092720032,0.5949021577835083,-0.4450708031654358,0.6447943449020386,0.7586629986763,0.4011712074279785,-0.010154088959097862,0.9973173141479492,0.7247479557991028,0.40528807044029236,0.009996064938604832,0.9974602460861206,0.7666466236114502,0.4747541546821594,0.1890164166688919,0.49183183908462524,0.7386823892593384,0.4655860960483551,0.2001725733280182,0.4983222484588623,0.7755247950553894,0.4917082190513611,0.4770793318748474,0.4347898066043854,0.7473530769348145,0.47238677740097046,0.48903903365135193,0.43385231494903564,0.7796466946601868,0.4843323230743408,0.5067318677902222,0.43074560165405273,0.7507741451263428,0.46810874342918396,0.5193861722946167,0.42927998304367065,0.7661118507385254,0.5124190449714661,0.5061601400375366,0.5743421316146851,0.7458046674728394,0.5059137344360352,0.5206394791603088,0.4771678149700165
12,0.7268218994140625,0.4776025116443634,-0.5192743539810181,0.9994232058525085,0.7347175478935242,0.46728023886680603,-0.5231033563613892,0.9995267391204834,0.7374879717826843,0.4683215618133545,-0.52312171459198,0.9994176030158997,0.7379348278045654,0.457171767950058,-0.5231448411941528,0.9994722604751587,0.7210831642150879,0.45889022946357727,-0.5215687155723572,0.9995443224906921,0.7176953554153442,0.4575931429862976,-0.5216127634048462,0.9992529153823853,0.7147606015205383,0.45630407333374023,-0.5215786695480347,0.9993165731430054,0.743237316608429,0.44233423471450806,-0.450578510761261,0.999290943145752,0.7193516492843628,0.4482963979244232,-0.4481193423271179,0.9992156028747559,0.7348170280456543,0.48405349254608154,-0.4863896369934082,0.9995189905166626,0.7239524126052856,0.47841882705688477,-0.4883854389190674,0.9991362690925598,0.7715078592300415,0.4559363126754761,-0.35291045904159546,0.9942743182182312,0.6987413167953491,0.4564714729785919,-0.34554314613342285,0.9985702037811279,0.795365571975708,0.5614985227584839,-0.3902750313282013,0.8460924029350281,0.6636835336685181,0.5394726395606995,-0.3702492415904999,0.6927931904792786,0.778910219669342,0.6055155992507935,-0.47979623079299927,0.7843365669250488,0.7047477960586548,0.5907792448997498,-0.44963937997817993,0.7055324912071228,0.7715569734573364,0.6257214546203613,-0.5185993909835815,0.7517671585083008,0.7115098237991333,0.6084367036819458,-0.48558154702186584,0.7009568810462952,0.7660542726516724,0.6115250587463379,-0.5190171003341675,0.738411545753479,0.7163445949554443,0.5917934775352478,-0.49292874336242676,0.6940612196922302,0.7656499743461609,0.6065369248390198,-0.4830130934715271,0.6836646199226379,0.7164201736450195,0.5884726047515869,-0.45377498865127563,0.6764882206916809,0.7586091160774231,0.39989182353019714,-0.009925947524607182,0.9973099231719971,0.7240298986434937,0.3980388939380646,0.009710760787129402,0.9974600672721863,0.7656280398368835,0.4724734127521515,0.1872050017118454,0.4612153470516205,0.7380503416061401,0.4572109580039978,0.1940458118915558,0.4642506539821625,0.7702968120574951,0.47907495498657227,0.47402650117874146,0.40441763401031494,0.748581051826477,0.46337980031967163,0.4853258728981018,0.3942296802997589,0.7730304598808289,0.46970731019973755,0.5033594369888306,0.40367835760116577,0.7518822550773621,0.4584352374076843,0.5156235694885254,0.3913710415363312,0.7645317912101746,0.5018156170845032,0.5050143003463745,0.5540338158607483,0.7503849864006042,0.4920640289783478,0.5187417268753052,0.4440695643424988
13,0.7268334627151489,0.48141711950302124,-0.4879886209964752,0.9994801878929138,0.7332807779312134,0.46747568249702454,-0.4883653521537781,0.9995735287666321,0.7352540493011475,0.46824267506599426,-0.48838621377944946,0.9994750022888184,0.7329174280166626,0.4614242613315582,-0.488427072763443,0.9995241761207581,0.7218927145004272,0.46413880586624146,-0.4888684153556824,0.9995895028114319,0.7186495661735535,0.46250098943710327,-0.48892444372177124,0.9993271827697754,0.7157217264175415,0.46134233474731445,-0.48895588517189026,0.9993844032287598,0.7397526502609253,0.4505147337913513,-0.42333823442459106,0.9993597865104675,0.7175438404083252,0.45300233364105225,-0.42556363344192505,0.9992933869361877,0.7332593202590942,0.4856581687927246,-0.4571112096309662,0.999565601348877,0.7237114310264587,0.4812639057636261,-0.4582875669002533,0.9992208480834961,0.7647167444229126,0.4598940908908844,-0.3360022008419037,0.994591236114502,0.7003072500228882,0.46083226799964905,-0.31553763151168823,0.9985714554786682,0.7805264592170715,0.5587100982666016,-0.38841745257377625,0.8604722619056702,0.6778427362442017,0.5401609539985657,-0.3466828167438507,0.7232906222343445,0.7680498361587524,0.6051037311553955,-0.4971643090248108,0.8041673898696899,0.713651716709137,0.588302493095398,-0.44186028838157654,0.7343047261238098,0.7673317790031433,0.6247128248214722,-0.541405200958252,0.7718992829322815,0.7188891172409058,0.6065309047698975,-0.47688502073287964,0.7287918925285339,0.7619103789329529,0.6096153855323792,-0.5453503727912903,0.7593715786933899,0.7243658304214478,0.5896655321121216,-0.49110108613967896,0.7221415638923645,0.7607064843177795,0.6055201888084412,-0.5033612847328186,0.7068424224853516,0.7245274782180786,0.5852550864219666,-0.44991326332092285,0.7052603363990784,0.756130576133728,0.39558061957359314,-0.01786058023571968,0.9975650906562805,0.7245267629623413,0.4004347026348114,0.01772889867424965,0.9976998567581177,0.7756533026695251,0.45254379510879517,0.007281921803951263,0.4850021302700043,0.7438908815383911,0.45414260029792786,0.11703425645828247,0.4524707496166229,0.8080418705940247,0.4517032504081726,0.1584058254957199,0.437824547290802,0.7794996500015259,0.4420948028564453,0.2973368763923645,0.3729850947856903,0.814102828502655,0.44695836305618286,0.17125003039836884,0.4299166202545166,0.7870904207229614,0.4357824921607971,0.31391406059265137,0.3696136474609375,0.8119258880615234,0.4734349250793457,0.12520959973335266,0.587169885635376,0.7859886884689331,0.45536553859710693,0.2868080735206604,0.4379173517227173
14,0.726804256439209,0.48015573620796204,-0.5261935591697693,0.9995316863059998,0.73374342918396,0.4673866629600525,-0.5261426568031311,0.9996154308319092,0.7361323833465576,0.4664035737514496,-0.5261578559875488,0.9995267391204834,0.7338439226150513,0.46088749170303345,-0.526225209236145,0.9995704889297485,0.7239157557487488,0.46228599548339844,-0.5263150930404663,0.9996299147605896,0.7210957407951355,0.46003422141075134,-0.526369035243988,0.999393880367279,0.7178903818130493,0.45846766233444214,-0.5263820886611938,0.9994451999664307,0.7428039908409119,0.4500957429409027,-0.44988900423049927,0.9994198083877563,0.7171498537063599,0.45068198442459106,-0.45179033279418945,0.9993631839752197,0.7355241179466248,0.4842503070831299,-0.489910364151001,0.999606728553772,0.7235278487205505,0.4804113507270813,-0.4906442165374756,0.9992965459823608,0.7685604691505432,0.458712100982666,-0.34832465648651123,0.9948148131370544,0.6992501616477966,0.45933234691619873,-0.3419806659221649,0.998537540435791,0.7878895998001099,0.5580555200576782,-0.3937172591686249,0.8743946552276611,0.6748164892196655,0.5408484935760498,-0.3710483908653259,0.7509418725967407,0.7712791562080383,0.6062658429145813,-0.4886614680290222,0.8234813213348389,0.7136391401290894,0.588875949382782,-0.46057581901550293,0.7604278922080994,0.7690384387969971,0.6250306963920593,-0.5289028286933899,0.7923166155815125,0.7195000648498535,0.6070259809494019,-0.4977418780326843,0.7536019086837769,0.7635931968688965,0.6114994287490845,-0.5304394364356995,0.7802088260650635,0.7248915433883667,0.5897400975227356,-0.5057734251022339,0.7467986345291138,0.7624983787536621,0.6073303818702698,-0.4928918480873108,0.7302919626235962,0.7250188589096069,0.5849847793579102,-0.4657197594642639,0.7301576733589172,0.7578924894332886,0.39714866876602173,-0.015064813196659088,0.9975934624671936,0.7241645455360413,0.4016534686088562,0.014957544393837452,0.9977517127990723,0.7726780772209167,0.45867428183555603,0.14298349618911743,0.47032055258750916,0.7412751913070679,0.455161452293396,0.1294323354959488,0.43199485540390015,0.7876409888267517,0.46403053402900696,0.40163859724998474,0.42406368255615234,0.7627950310707092,0.452131062746048,0.3228934705257416,0.34532779455184937,0.7911826968193054,0.4595978558063507,0.4263583719730377,0.41842663288116455,0.7675651907920837,0.44711795449256897,0.32704490423202515,0.343114972114563,0.7882121205329895,0.4932909309864044,0.403580904006958,0.5883650779724121,0.7676985263824463,0.47449320554733276,0.41280120611190796,0.4207654297351837
15,0.7263706922531128,0.4795835614204407,-0.5267547369003296,0.9995779991149902,0.7311767339706421,0.462334007024765,-0.5272088050842285,0.9996528029441833,0.7342163920402527,0.4608692526817322,-0.5272113680839539,0.9995730519294739,0.7346564531326294,0.4585093557834625,-0.5272644758224487,0.9996116161346436,0.7208727598190308,0.46098700165748596,-0.5280488729476929,0.9996660947799683,0.7178261876106262,0.45943310856819153,-0.5280975699424744,0.9994537830352783,0.7146410942077637,0.4581508934497833,-0.5280932188034058,0.9994997382164001,0.7428445816040039,0.4467901885509491,-0.4509866237640381,0.9994731545448303,0.7170231938362122,0.4505297839641571,-0.45542216300964355,0.9994258880615234,0.7355709075927734,0.48346295952796936,-0.489732563495636,0.9996433854103088,0.7247854471206665,0.481222927570343,-0.49122947454452515,0.9993644952774048,0.768610954284668,0.4557874798774719,-0.35025760531425476,0.9948785901069641,0.69853675365448,0.4574344754219055,-0.3487474024295807,0.9985483288764954,0.7895928621292114,0.5577818155288696,-0.39619821310043335,0.8869243264198303,0.6738733053207397,0.5434045195579529,-0.36902520060539246,0.7758360505104065,0.7725266218185425,0.6047784686088562,-0.49479860067367554,0.8407789468765259,0.7201160192489624,0.5891520380973816,-0.45105043053627014,0.784061074256897,0.7693387269973755,0.6222186088562012,-0.5344292521476746,0.8095278739929199,0.7303190231323242,0.6081629395484924,-0.4864486753940582,0.7760475277900696,0.7649163007736206,0.6077155470848083,-0.533913254737854,0.7972561120986938,0.7358201742172241,0.5889716744422913,-0.4936284124851227,0.7690577507019043,0.7641257047653198,0.6042062044143677,-0.4979225993156433,0.7488438487052917,0.7343572378158569,0.5838593244552612,-0.45481428503990173,0.7526184916496277,0.7578744888305664,0.3984500467777252,-0.013483986258506775,0.9974471926689148,0.723944902420044,0.4017108976840973,0.01337280124425888,0.9976791739463806,0.7713940739631653,0.46142736077308655,0.18554235994815826,0.45196810364723206,0.7402400374412537,0.45207273960113525,0.19206461310386658,0.4093450605869293,0.7829408645629883,0.46431678533554077,0.47132524847984314,0.4072696268558502,0.7579818964004517,0.45151370763778687,0.4756733477115631,0.31841564178466797,0.7885450124740601,0.4578441083431244,0.49991339445114136,0.40722358226776123,0.7627308964729309,0.44638997316360474,0.5045363306999207,0.31753891706466675,0.7766506671905518,0.4924941062927246,0.5001369714736938,0.5832445621490479,0.759661078453064,0.47161686420440674,0.5101994276046753,0.4015573263168335
16,0.7257914543151855,0.47996222972869873,-0.5210380554199219,0.9996198415756226,0.7315868139266968,0.4628385901451111,-0.522727370262146,0.9996868371963501,0.7347418069839478,0.4621938467025757,-0.5227382779121399,0.9996150732040405,0.7374324202537537,0.46198785305023193,-0.5227925181388855,0.9996493458747864,0.7196189165115356,0.46170133352279663,-0.5228444337844849,0.9996989369392395,0.7204738855361938,0.45930010080337524,-0.5228978395462036,0.9995079040527344,0.7170507907867432,0.4580478370189667,-0.5229119062423706,0.9995492100715637,0.743014931678772,0.44783371686935425,-0.45036810636520386,0.9995230436325073,0.7169046998023987,0.45041877031326294,-0.45308223366737366,0.9994827508926392,0.7357178926467896,0.4838300943374634,-0.48541387915611267,0.9996775984764099,0.7253717184066772,0.4812524616718292,-0.4863622784614563,0.9994267225265503,0.7687358260154724,0.45977523922920227,-0.3497498035430908,0.9950240254402161,0.6987737417221069,0.45864999294281006,-0.34878823161125183,0.9986159205436707,0.789562463760376,0.5659038424491882,-0.40362969040870667,0.8981572389602661,0.6741176843643188,0.5488625764846802,-0.371998131275177,0.7982358932495117,0.7715861797332764,0.6044084429740906,-0.5081237554550171,0.8561561703681946,0.7258715629577637,0.5911532044410706,-0.44840702414512634,0.8053581118583679,0.7678199410438538,0.6214931011199951,-0.5460349321365356,0.8238727450370789,0.7363739609718323,0.6111946105957031,-0.48126187920570374,0.7962994575500488,0.7645615935325623,0.6064176559448242,-0.5434017777442932,0.8110904097557068,0.7421230673789978,0.5902905464172363,-0.48830246925354004,0.7891951203346252,0.7643059492111206,0.6032525300979614,-0.5105017423629761,0.7634567618370056,0.7404289245605469,0.584581196308136,-0.45182809233665466,0.7731842398643494,0.7582063674926758,0.39991432428359985,-0.012444083578884602,0.9974582195281982,0.724227786064148,0.40210363268852234,0.012332877144217491,0.9977443218231201,0.7684298753738403,0.4679589867591858,0.18463441729545593,0.43502628803253174,0.7395485043525696,0.4523170590400696,0.18028958141803741,0.38671037554740906,0.7812486290931702,0.47731509804725647,0.4322291314601898,0.39482247829437256,0.7564392685890198,0.4577654004096985,0.443904310464859,0.2930210828781128,0.7849301099777222,0.47027045488357544,0.45682841539382935,0.39925649762153625,0.7612263560295105,0.45343372225761414,0.47108083963394165,0.29367557168006897,0.7732981443405151,0.5037524104118347,0.48341402411460876,0.5831835269927979,0.7573443651199341,0.4756636619567871,0.4771740436553955,0.3823202848434448
17,0.7258074879646301,0.47981345653533936,-0.49193745851516724,0.9996569156646729,0.7335607409477234,0.46334266662597656,-0.4936732351779938,0.9997169375419617,0.7363399267196655,0.4631446897983551,-0.4936761260032654,0.9996519684791565,0.7400711178779602,0.4636901021003723,-0.49372729659080505,0.9996823668479919,0.7241178750991821,0.46169036626815796,-0.4944298267364502,0.9997280836105347,0.7187475562095642,0.4595946967601776,-0.4944802224636078,0.9995560646057129,0.7188769578933716,0.4584670960903168,-0.4944979250431061,0.999593198299408,0.7436760663986206,0.44878536462783813,-0.42689579725265503,0.9995630979537964,0.716738224029541,0.45061594247817993,-0.430694043636322,0.9995331764221191,0.7366386651992798,0.48381492495536804,-0.4587286114692688,0.9997072815895081,0.7252820730209351,0.48118892312049866,-0.4601161479949951,0.9994819164276123,0.7702533006668091,0.46262386441230774,-0.32517001032829285,0.9951659440994263,0.6986361742019653,0.45880597829818726,-0.322712242603302,0.9985953569412231,0.7877840399742126,0.5646701455116272,-0.35254770517349243,0.9081165194511414,0.6774004101753235,0.5405162572860718,-0.3282499313354492,0.8183243870735168,0.7720339298248291,0.6091142296791077,-0.442338764667511,0.869823157787323,0.7228916883468628,0.5907760858535767,-0.41084012389183044,0.8244332671165466,0.769051194190979,0.6269200444221497,-0.48281389474868774,0.8371649980545044,0.7329806089401245,0.6108289361000061,-0.44868215918540955,0.814839243888855,0.7653309106826782,0.6145085692405701,-0.48865780234336853,0.8248143792152405,0.738298237323761,0.5897305011749268,-0.46179333329200745,0.8080851435661316,0.7644021511077881,0.6089432835578918,-0.44890254735946655,0.7787505984306335,0.7370699048042297,0.5838884711265564,-0.4184454083442688,0.7929773926734924,0.7590466737747192,0.40597426891326904,-0.010533916763961315,0.9974929094314575,0.7240868806838989,0.40670207142829895,0.01040137279778719,0.9978097677230835,0.768173336982727,0.4922562837600708,0.1264978051185608,0.41788774728775024,0.7364946007728577,0.4809090495109558,0.14191293716430664,0.36660248041152954,0.7795467376708984,0.4936079978942871,0.36848464608192444,0.37493810057640076,0.7538821697235107,0.475294828414917,0.39132246375083923,0.2694428563117981,0.7845305800437927,0.4870404601097107,0.39233148097991943,0.3768255114555359,0.7576819658279419,0.4710899293422699,0.4165590703487396,0.27075254917144775,0.77300626039505,0.5196825861930847,0.37718331813812256,0.5667968988418579,0.7562433481216431,0.4902311861515045,0.4031462073326111,0.3599744737148285
18,0.7257927656173706,0.47926774621009827,-0.5159252882003784,0.9996908903121948,0.7343435287475586,0.4638466238975525,-0.5182411670684814,0.9997448325157166,0.7352097630500793,0.4621436297893524,-0.5182636380195618,0.9996863007545471,0.7393340468406677,0.4632358253002167,-0.5183244347572327,0.9997134804725647,0.725764811038971,0.46148020029067993,-0.5194389820098877,0.9997549653053284,0.7225710153579712,0.459461510181427,-0.519485592842102,0.9996001124382019,0.7201652526855469,0.4583563506603241,-0.5194936990737915,0.9996334314346313,0.7443032264709473,0.44898876547813416,-0.449429988861084,0.9996048808097839,0.7165894508361816,0.45059531927108765,-0.4551660418510437,0.9995793700218201,0.7372043132781982,0.4842149019241333,-0.4810486435890198,0.9997354745864868,0.7267577648162842,0.4811364412307739,-0.48303717374801636,0.9995325803756714,0.7712751030921936,0.4637974500656128,-0.3487948179244995,0.9954910278320312,0.6989708542823792,0.4588124454021454,-0.3450056314468384,0.9986574053764343,0.7936643362045288,0.5633096694946289,-0.3995554745197296,0.9172341227531433,0.6737818717956543,0.5354239344596863,-0.376360684633255,0.836463987827301,0.7742034792900085,0.6080334782600403,-0.5126866102218628,0.8825352787971497,0.7191216945648193,0.5857585668563843,-0.48249515891075134,0.8417933583259583,0.7693288326263428,0.62578284740448,-0.5568007230758667,0.8515179753303528,0.7285385131835938,0.6051577925682068,-0.5231510996818542,0.8321924209594727,0.7646632790565491,0.6132621765136719,-0.5596741437911987,0.8397982716560364,0.7342319488525391,0.5877625942230225,-0.5321058034896851,0.8256961703300476,0.7642573714256287,0.6079997420310974,-0.5181207060813904,0.7962832450866699,0.733132004737854,0.5820882320404053,-0.4883984923362732,0.8114041090011597,0.7603036761283875,0.4059118628501892,-0.01075500063598156,0.997729480266571,0.725813090801239,0.40774106979370117,0.010649931617081165,0.9980108737945557,0.7770666480064392,0.46218788623809814,0.13894733786582947,0.44305258989334106,0.7405681014060974,0.4768363833427429,0.1845863163471222,0.3534398674964905,0.799425482749939,0.4539230465888977,0.39318233728408813,0.39752453565597534,0.7572628855705261,0.444571852684021,0.4676971435546875,0.25579833984375,0.8050912618637085,0.4457460939884186,0.4185343384742737,0.40205878019332886,0.7611202001571655,0.43663233518600464,0.49648961424827576,0.2551735043525696,0.7993104457855225,0.47510209679603577,0.4077240824699402,0.5852528214454651,0.7579721808433533,0.45314711332321167,0.48615965247154236,0.3511132597923279
19,0.7257736921310425,0.47843924164772034,-0.5163799524307251,0.9997212886810303,0.7316259741783142,0.4596967101097107,-0.517946720123291,0.9997693300247192,0.734154999256134,0.458346426486969,-0.5179575085639954,0.9997168183326721,0.7382097244262695,0.45852744579315186,-0.5180083513259888,0.999740481376648,0.7217386960983276,0.4592347741127014,-0.5190330147743225,0.999778687953949,0.7234652042388916,0.4595540463924408,-0.5190905332565308,0.9996395707130432,0.7202659845352173,0.4585219919681549,-0.5190955996513367,0.9996692538261414,0.7442206144332886,0.446493923664093,-0.44887080788612366,0.9996404647827148,0.7165284156799316,0.45103323459625244,-0.4528469443321228,0.9996206760406494,0.7373162508010864,0.48221561312675476,-0.4807625710964203,0.9997599720954895,0.7254710793495178,0.4799221456050873,-0.48260563611984253,0.9995777010917664,0.7704780697822571,0.46230730414390564,-0.3482744097709656,0.9954836964607239,0.6987534761428833,0.4583822786808014,-0.34422361850738525,0.9986810088157654,0.7936030626296997,0.5646174550056458,-0.39496439695358276,0.9254827499389648,0.6732307076454163,0.5462268590927124,-0.36277514696121216,0.8528133630752563,0.7717012166976929,0.6074327230453491,-0.4976157546043396,0.8940576910972595,0.7287107706069946,0.5920298099517822,-0.4361266493797302,0.8574462532997131,0.7657459378242493,0.6234347820281982,-0.546108067035675,0.8633431196212769,0.7414143085479736,0.6131722927093506,-0.46888238191604614,0.8473392724990845,0.7628030180931091,0.6078687310218811,-0.5470073819160461,0.851349949836731,0.7467602491378784,0.5908783674240112,-0.4755776524543762,0.8407424688339233,0.7633887529373169,0.6053651571273804,-0.5050314664840698,0.8088839054107666,0.7440366744995117,0.5853301882743835,-0.4392130970954895,0.8267073035240173,0.7600165605545044,0.4045332074165344,-0.011022143997251987,0.9977483749389648,0.7256988286972046,0.4041498899459839,0.010924605652689934,0.9980248808860779,0.7720895409584045,0.46306848526000977,0.17691919207572937,0.43497389554977417,0.7404044270515442,0.46160948276519775,0.19517381489276886,0.33380326628685,0.7928758859634399,0.4527113139629364,0.4588807225227356,0.3840889036655426,0.7563269734382629,0.4391651451587677,0.4768507480621338,0.23525923490524292,0.795086681842804,0.44169506430625916,0.48743873834609985,0.40059638023376465,0.7604244947433472,0.4308517575263977,0.506224513053894,0.2365979254245758,0.7959020137786865,0.47425952553749084,0.49808287620544434,0.5874615907669067,0.7573107481002808,0.45137226581573486,0.5146141648292542,0.33609306812286377
20,0.7302056550979614,0.4790279269218445,-0.5294922590255737,0.9997485876083374,0.7344967126846313,0.4627458453178406,-0.5311839580535889,0.9997913241386414,0.7370948195457458,0.4628758728504181,-0.5311872959136963,0.9997442960739136,0.7413181066513062,0.46178871393203735,-0.5312334299087524,0.9997648000717163,0.7261155247688293,0.4605037569999695,-0.5321285724639893,0.999799907207489,0.7248313426971436,0.45985251665115356,-0.5321794152259827,0.9996749758720398,0.7214332222938538,0.458689421415329,-0.5321601033210754,0.9997013211250305,0.7450352907180786,0.44691896438598633,-0.4580915570259094,0.9996727108955383,0.7177594900131226,0.45107582211494446,-0.4621676802635193,0.9996576309204102,0.7375370860099792,0.482675164937973,-0.49240970611572266,0.9997819066047668,0.7267292737960815,0.4798760414123535,-0.4938647747039795,0.9996177554130554,0.7704340219497681,0.4622226357460022,-0.35656648874282837,0.9956884980201721,0.6990696787834167,0.458481103181839,-0.34841543436050415,0.9987154006958008,0.7982040047645569,0.568834662437439,-0.4070448875427246,0.9329171180725098,0.6743502616882324,0.5534907579421997,-0.3709558844566345,0.8675267696380615,0.7749243974685669,0.6069974899291992,-0.5127695798873901,0.9044513702392578,0.7388772368431091,0.6034289598464966,-0.45952486991882324,0.8715024590492249,0.7668439149856567,0.6239110231399536,-0.5532203912734985,0.8741626143455505,0.7521790266036987,0.6280378699302673,-0.4936540722846985,0.8605566620826721,0.7635819315910339,0.6082349419593811,-0.5496340990066528,0.8618847131729126,0.7580441236495972,0.6047045588493347,-0.5000745058059692,0.8535282015800476,0.764093279838562,0.6058372259140015,-0.5147542953491211,0.8209976553916931,0.7548848986625671,0.5981019139289856,-0.46264147758483887,0.8396098613739014,0.7611185312271118,0.39898693561553955,-0.013238796964287758,0.9979044198989868,0.7259572744369507,0.39883530139923096,0.01319262944161892,0.9981333017349243,0.7751860618591309,0.4538142681121826,0.17618051171302795,0.44288718700408936,0.7458051443099976,0.4511835277080536,0.21853244304656982,0.31566813588142395,0.7957313656806946,0.44928333163261414,0.45604270696640015,0.38695552945137024,0.760037362575531,0.4346299171447754,0.517579197883606,0.21757055819034576,0.8012772798538208,0.4388117492198944,0.48446908593177795,0.41855883598327637,0.7642675638198853,0.4262544810771942,0.5488049983978271,0.22236201167106628,0.7932919263839722,0.4713323712348938,0.4891669750213623,0.6061574816703796,0.7598333954811096,0.44612812995910645,0.5557380318641663,0.32752788066864014
21,0.726953387260437,0.4827128052711487,-0.5126641988754272,0.999773383140564,0.7345340251922607,0.465875506401062,-0.516739010810852,0.9998112320899963,0.7379156947135925,0.4642047584056854,-0.516756534576416,0.9997693300247192,0.7422085404396057,0.4643617868423462,-0.516797661781311,0.9997867345809937,0.7259696125984192,0.46229732036590576,-0.5185555219650269,0.9998191595077515,0.724545955657959,0.4608640968799591,-0.5186144709587097,0.9997071027755737,0.7205422520637512,0.45966029167175293,-0.5185707807540894,0.9997303485870361,0.7450553178787231,0.4491647183895111,-0.45290642976760864,0.9997028112411499,0.716041624546051,0.4509034752845764,-0.45901912450790405,0.9996911883354187,0.737138032913208,0.4869574308395386,-0.47747907042503357,0.9998021125793457,0.7235642075538635,0.48270487785339355,-0.4799899458885193,0.9996546506881714,0.770413339138031,0.464208722114563,-0.35528498888015747,0.9959683418273926,0.6956469416618347,0.4589398205280304,-0.3493296205997467,0.9988042712211609,0.8017562031745911,0.585282564163208,-0.405691921710968,0.9396213293075562,0.6611813902854919,0.5646332502365112,-0.374629944562912,0.8807727694511414,0.7680354714393616,0.6084664463996887,-0.5108703374862671,0.9138957858085632,0.733608603477478,0.6086702346801758,-0.4576628804206848,0.8841292262077332,0.7564290761947632,0.6235471367835999,-0.5446788668632507,0.8835687637329102,0.7492692470550537,0.6328694820404053,-0.49187344312667847,0.8707534670829773,0.7554892897605896,0.6063138246536255,-0.5400651097297668,0.8697587847709656,0.7547555565834045,0.6057026982307434,-0.492075115442276,0.8617492914199829,0.7586411237716675,0.6055693030357361,-0.5102419257164001,0.8294171690940857,0.7500991821289062,0.6002859473228455,-0.460177481174469,0.8466281890869141,0.7610925436019897,0.396714448928833,-0.01307748258113861,0.9980493187904358,0.724479079246521,0.3932251036167145,0.012966315262019634,0.9982114434242249,0.7634475231170654,0.4446323812007904,0.2069537341594696,0.42517179250717163,0.7394460439682007,0.4316500425338745,0.2234690934419632,0.2929582893848419,0.7718100547790527,0.42732781171798706,0.5042056441307068,0.357555627822876,0.7474637627601624,0.4239215850830078,0.5278440117835999,0.1971643716096878,0.774441123008728,0.4107791781425476,0.5354318618774414,0.4066331684589386,0.750744104385376,0.413443922996521,0.5604549646377563,0.2042432278394699,0.7680354118347168,0.4473862648010254,0.5744041800498962,0.5930073857307434,0.7508372068405151,0.4400055706501007,0.598737359046936,0.30687808990478516
22,0.7259600162506104,0.4802120327949524,-0.5147096514701843,0.9997953772544861,0.7343600988388062,0.46412065625190735,-0.5190150737762451,0.9998288750648499,0.7378475666046143,0.4641021192073822,-0.5190258622169495,0.999791145324707,0.7418146729469299,0.46376147866249084,-0.5190924406051636,0.9998058080673218,0.7251139283180237,0.45812714099884033,-0.519818902015686,0.9998363852500916,0.7225513458251953,0.45574623346328735,-0.5198866128921509,0.9997356534004211,0.7186834216117859,0.45390456914901733,-0.5198706388473511,0.9997563362121582,0.7461272478103638,0.45279744267463684,-0.4546821117401123,0.9997271299362183,0.714834988117218,0.44614899158477783,-0.4574526250362396,0.9997209310531616,0.7364815473556519,0.4866705536842346,-0.4802986681461334,0.9998178482055664,0.7227298021316528,0.4786122739315033,-0.4815688133239746,0.9996849894523621,0.7704355120658875,0.46464547514915466,-0.35385507345199585,0.9958392381668091,0.6957419514656067,0.45068687200546265,-0.35343247652053833,0.9987770915031433,0.7979452013969421,0.5796766877174377,-0.39656925201416016,0.945606529712677,0.6632885336875916,0.5414551496505737,-0.37428298592567444,0.8926810026168823,0.7695947885513306,0.6108054518699646,-0.48811522126197815,0.9221904277801514,0.7187781929969788,0.5993320941925049,-0.4583677351474762,0.8954011797904968,0.7576823234558105,0.626534640789032,-0.5249963402748108,0.8922881484031677,0.7295066118240356,0.6224254369735718,-0.4955025315284729,0.881730318069458,0.7562364935874939,0.612461268901825,-0.5253969430923462,0.8786497116088867,0.7363163232803345,0.6047441363334656,-0.5014430284500122,0.8728784322738647,0.7599982023239136,0.6090222001075745,-0.49060434103012085,0.8388783931732178,0.7339440584182739,0.6001251935958862,-0.4625229835510254,0.8580913543701172,0.7608343362808228,0.39729180932044983,-0.0067971632815897465,0.9980046153068542,0.7244070172309875,0.3923473656177521,0.006709781475365162,0.9981670379638672,0.7598243355751038,0.4500868022441864,0.19536203145980835,0.39642825722694397,0.7315938472747803,0.4363884925842285,0.21172094345092773,0.2811674475669861,0.7536336779594421,0.4508248567581177,0.4857620596885681,0.3308893144130707,0.7295610904693604,0.4525810778141022,0.5002322793006897,0.17998383939266205,0.7540020942687988,0.44052979350090027,0.5158118009567261,0.3803440034389496,0.7307535409927368,0.45114076137542725,0.5316979289054871,0.1879873126745224,0.747430682182312,0.4745888113975525,0.5250095129013062,0.5624445676803589,0.7266895174980164,0.4767760932445526,0.5436080098152161,0.28586798906326294
23,0.7262803316116333,0.4780004322528839,-0.5331743955612183,0.9998157024383545,0.7353538274765015,0.4624635577201843,-0.535086452960968,0.9998458027839661,0.7386729121208191,0.4630182981491089,-0.5351027250289917,0.9998118281364441,0.7425127625465393,0.4636397063732147,-0.5351608991622925,0.9998248815536499,0.7259587645530701,0.45801421999931335,-0.5353162288665771,0.9998525977134705,0.7229315042495728,0.4557831585407257,-0.5353850722312927,0.9997619390487671,0.7193426489830017,0.453035444021225,-0.5353844165802002,0.9997804760932922,0.7460507154464722,0.4503117501735687,-0.4648903012275696,0.9997534155845642,0.715319037437439,0.44509658217430115,-0.46608224511146545,0.9997486472129822,0.7370851039886475,0.4849793314933777,-0.49769267439842224,0.9998354911804199,0.7232173085212708,0.4759003520011902,-0.4981881082057953,0.9997159242630005,0.7712330222129822,0.45542266964912415,-0.3600931763648987,0.9960378408432007,0.6975642442703247,0.44813087582588196,-0.35950547456741333,0.9988062977790833,0.7927981615066528,0.5530215501785278,-0.4089434742927551,0.9509726762771606,0.6720198392868042,0.5366741418838501,-0.38988277316093445,0.903398334980011,0.7754168510437012,0.6102403402328491,-0.516548752784729,0.9297206401824951,0.7213067412376404,0.5982243418693542,-0.49740761518478394,0.9057171940803528,0.7680609822273254,0.6262140274047852,-0.5619721412658691,0.9013552665710449,0.7301959991455078,0.6210270524024963,-0.5410336256027222,0.8928297758102417,0.7626957297325134,0.6144406795501709,-0.5651305913925171,0.8884603977203369,0.7365702390670776,0.60435551404953,-0.5516753792762756,0.8846043944358826,0.7633043527603149,0.6097359657287598,-0.5222502946853638,0.8509747385978699,0.7357031106948853,0.5981309413909912,-0.5045683979988098,0.8708884716033936,0.7612703442573547,0.39379945397377014,-0.006805045064538717,0.9981531500816345,0.7248733043670654,0.39090144634246826,0.006727605126798153,0.9982963800430298,0.7706226706504822,0.4587195813655853,0.17069095373153687,0.3963099718093872,0.7358953356742859,0.43837133049964905,0.17700167000293732,0.28351545333862305,0.783729612827301,0.478301465511322,0.45945286750793457,0.33708763122558594,0.745215654373169,0.466535359621048,0.47850894927978516,0.16944952309131622,0.7881702184677124,0.47455745935440063,0.4874712824821472,0.38178306818008423,0.7487953901290894,0.4650709927082062,0.5105177164077759,0.17932383716106415,0.7814446091651917,0.500600278377533,0.45897945761680603,0.5774157643318176,0.7437121272087097,0.4860376715660095,0.4969395101070404,0.28411152958869934
24,0.7301162481307983,0.47773051261901855,-0.5353373289108276,0.9998340606689453,0.7361099720001221,0.46187645196914673,-0.5379679203033447,0.9998611211776733,0.7397021651268005,0.46258124709129333,-0.5379782915115356,0.9998305439949036,0.7434018850326538,0.46348822116851807,-0.5380297899246216,0.9998422265052795,0.7266265153884888,0.4580640494823456,-0.5385599732398987,0.9998672604560852,0.7232450246810913,0.45593059062957764,-0.5386269092559814,0.9997857213020325,0.7194825410842896,0.45316845178604126,-0.5386136770248413,0.9998023509979248,0.7459757924079895,0.4496341645717621,-0.4648761749267578,0.9997777342796326,0.7154646515846252,0.4455462098121643,-0.4685046076774597,0.9997737407684326,0.7374628782272339,0.4838504493236542,-0.49787530303001404,0.999851644039154,0.7241886854171753,0.4761074483394623,-0.49912458658218384,0.9997440576553345,0.7715975642204285,0.4562962055206299,-0.3657715618610382,0.9963595867156982,0.6977390646934509,0.45482176542282104,-0.36363714933395386,0.9989099502563477,0.7928417921066284,0.5540385842323303,-0.4280112683773041,0.9558682441711426,0.6634812355041504,0.5366774201393127,-0.408189058303833,0.913054347038269,0.7754343748092651,0.6105864644050598,-0.5360237956047058,0.9365940093994141,0.7219341993331909,0.5929178595542908,-0.5235163569450378,0.9149574637413025,0.7681200504302979,0.6272016167640686,-0.5750247836112976,0.9088897109031677,0.7344552278518677,0.6174113154411316,-0.5635603666305542,0.9017349481582642,0.7627328634262085,0.6139986515045166,-0.572313666343689,0.8957911729812622,0.7400623559951782,0.5978663563728333,-0.566696047782898,0.89321368932724,0.7641534209251404,0.6099057197570801,-0.5379650592803955,0.8589047789573669,0.7372696995735168,0.5917290449142456,-0.5265209674835205,0.8796074390411377,0.7611454725265503,0.393353134393692,-0.006928124465048313,0.9982462525367737,0.7248345613479614,0.38963159918785095,0.0068135312758386135,0.9983660578727722,0.7661086916923523,0.4477474093437195,0.20749099552631378,0.3832426369190216,0.7363702058792114,0.42333415150642395,0.20985344052314758,0.27375903725624084,0.7663239240646362,0.434035986661911,0.5058570504188538,0.3160611093044281,0.7454231977462769,0.4271116852760315,0.5196021795272827,0.15568070113658905,0.7677528262138367,0.4199588894844055,0.537090003490448,0.3713199198246002,0.7486546635627747,0.42062097787857056,0.5529163479804993,0.16826146841049194,0.7634796500205994,0.4553198516368866,0.5596299171447754,0.5539845824241638,0.745296835899353,0.4444701671600342,0.5758825540542603,0.26790687441825867
25,0.7286607027053833,0.4785405993461609,-0.5624910593032837,0.9998505711555481,0.7363987565040588,0.46214357018470764,-0.5636342167854309,0.9998748302459717,0.740148663520813,0.4620256721973419,-0.5636423826217651,0.9998473525047302,0.7431389689445496,0.462907999753952,-0.5637041330337524,0.9998576641082764,0.7273781895637512,0.45940616726875305,-0.5637874603271484,0.9998803734779358,0.7246484160423279,0.4576593041419983,-0.56385338306427,0.9998070597648621,0.7161086797714233,0.45577484369277954,-0.5638269186019897,0.9998219609260559,0.7454344034194946,0.44808340072631836,-0.485318660736084,0.9997994899749756,0.7163699269294739,0.44879260659217834,-0.4869309961795807,0.9997962713241577,0.7377647161483765,0.4843062162399292,-0.5234919786453247,0.9998660087585449,0.7259782552719116,0.4801933169364929,-0.5240630507469177,0.9997691512107849,0.7705734372138977,0.4554354250431061,-0.3879699409008026,0.9965898990631104,0.6998896598815918,0.45784205198287964,-0.37887269258499146,0.9989906549453735,0.8009580373764038,0.5686689615249634,-0.466038316488266,0.9602764844894409,0.6673634052276611,0.5603916049003601,-0.4270296096801758,0.9217472672462463,0.7770239114761353,0.6103585958480835,-0.5791448354721069,0.9428087472915649,0.7381055951118469,0.6126171350479126,-0.5228620171546936,0.9233195185661316,0.768847644329071,0.6268997192382812,-0.6183417439460754,0.9156983494758606,0.7534599900245667,0.6389123201370239,-0.5571848154067993,0.9100168347358704,0.7666221857070923,0.6134723424911499,-0.6092309951782227,0.9019801020622253,0.75767982006073,0.6134427189826965,-0.5598210096359253,0.9010993242263794,0.7688870429992676,0.6094582080841064,-0.578277587890625,0.8652480840682983,0.7533605694770813,0.6067906022071838,-0.5245298147201538,0.8872530460357666,0.7608397006988525,0.3887418508529663,-0.012070206925272942,0.99833744764328,0.7270124554634094,0.39033448696136475,0.01208494883030653,0.9984225630760193,0.7689067721366882,0.4211352467536926,0.20006711781024933,0.38569703698158264,0.7487449049949646,0.4049726724624634,0.21633267402648926,0.262498140335083,0.7787538766860962,0.39871835708618164,0.48539304733276367,0.31078681349754333,0.7635992765426636,0.3913200795650482,0.5100169777870178,0.1437355875968933,0.7831490635871887,0.3812463879585266,0.5146003365516663,0.3812587559223175,0.768242359161377,0.38039007782936096,0.541450560092926,0.15744705498218536,0.7756941318511963,0.4239482879638672,0.5361124873161316,0.5591622591018677,0.7654886841773987,0.40879321098327637,0.5627298355102539,0.25808194279670715
26,0.7285193800926208,0.47846701741218567,-0.5493968725204468,0.9998652338981628,0.736322820186615,0.4633113741874695,-0.5508294701576233,0.9998869895935059,0.739956259727478,0.46342867612838745,-0.5508547425270081,0.9998621940612793,0.742625892162323,0.4642622172832489,-0.5509275794029236,0.9998711943626404,0.7242664098739624,0.4622148275375366,-0.5511505603790283,0.999891996383667,0.7217747569084167,0.46141305565834045,-0.5512221455574036,0.9998260736465454,0.716485857963562,0.4606729745864868,-0.5512179136276245,0.9998393654823303,0.744627058506012,0.4484296143054962,-0.47839903831481934,0.9998178482055664,0.717155396938324,0.4510979652404785,-0.4795494079589844,0.9998162984848022,0.7377459406852722,0.4842504858970642,-0.5134171843528748,0.9998783469200134,0.7280449867248535,0.4813055694103241,-0.5138455033302307,0.9997910261154175,0.768948495388031,0.4540661573410034,-0.37602049112319946,0.9964916706085205,0.7044193148612976,0.4603421986103058,-0.3730131983757019,0.9989866614341736,0.7923117280006409,0.5602465867996216,-0.4515778124332428,0.9639313220977783,0.6800103783607483,0.5589033365249634,-0.4143752455711365,0.9295411109924316,0.7756845951080322,0.6084335446357727,-0.5788518786430359,0.947813868522644,0.7350270748138428,0.6104899644851685,-0.5141149163246155,0.9307880401611328,0.7692878842353821,0.6238136887550354,-0.6262239217758179,0.9211637377738953,0.7467878460884094,0.6337176561355591,-0.5542727708816528,0.9181404113769531,0.7667578458786011,0.6134048700332642,-0.6254152059555054,0.9079341888427734,0.7519975900650024,0.6124979257583618,-0.5641685724258423,0.9098403453826904,0.7684672474861145,0.6092227697372437,-0.5835521221160889,0.8720258474349976,0.7492055296897888,0.6056563258171082,-0.5200375914573669,0.8967631459236145,0.7608091235160828,0.38279715180397034,-0.013894423842430115,0.9984764456748962,0.7284978628158569,0.38921308517456055,0.01391176600009203,0.9985410571098328,0.7779816389083862,0.4314816892147064,0.1394396424293518,0.403863787651062,0.7477628588676453,0.44225189089775085,0.19155678153038025,0.26308757066726685,0.8008495569229126,0.4691780209541321,0.39010417461395264,0.3377293348312378,0.7647935152053833,0.463459849357605,0.48876890540122986,0.1396806836128235,0.8075180053710938,0.46622326970100403,0.4140758514404297,0.4048349857330322,0.7701780200004578,0.46095818281173706,0.5192162990570068,0.15401938557624817,0.7983403205871582,0.49600473046302795,0.3932172954082489,0.5860349535942078,0.7642617225646973,0.48275402188301086,0.508507490158081,0.26365602016448975
27,0.7291184663772583,0.4789380729198456,-0.5456582307815552,0.9998786449432373,0.7382855415344238,0.4629296064376831,-0.5472491383552551,0.9998982548713684,0.7414689064025879,0.4633807837963104,-0.5472546815872192,0.9998759031295776,0.7436200976371765,0.46394768357276917,-0.5473082661628723,0.9998839497566223,0.7242823839187622,0.46218541264533997,-0.5470404624938965,0.9999027252197266,0.7217367887496948,0.4613740146160126,-0.5471057891845703,0.999843418598175,0.7166756391525269,0.4605902433395386,-0.547078013420105,0.9998553395271301,0.7452700138092041,0.4484561085700989,-0.4728721082210541,0.9998359084129333,0.7185167074203491,0.45101669430732727,-0.4735887944698334,0.9998345971107483,0.7377094626426697,0.48292258381843567,-0.5080680847167969,0.9998902082443237,0.7277392745018005,0.4811827838420868,-0.5081374645233154,0.999811589717865,0.7689862251281738,0.45465201139450073,-0.37585100531578064,0.9967443346977234,0.7033584117889404,0.46055883169174194,-0.36779361963272095,0.999061644077301,0.8032454252243042,0.5646646618843079,-0.4609421193599701,0.9675333499908447,0.6778378486633301,0.5587365031242371,-0.42949575185775757,0.9365844130516052,0.7772389650344849,0.6096450090408325,-0.5805453658103943,0.9529422521591187,0.7413670420646667,0.6124582290649414,-0.5412145853042603,0.9375765323638916,0.7676262259483337,0.6256444454193115,-0.6194804310798645,0.9277293682098389,0.7569612860679626,0.6385508179664612,-0.5760606527328491,0.9248923659324646,0.7659929990768433,0.6136406660079956,-0.6122535467147827,0.9149337410926819,0.761489748954773,0.6146623492240906,-0.5766428112983704,0.9163451194763184,0.7682614922523499,0.6103469133377075,-0.5804452896118164,0.8806190490722656,0.7569799423217773,0.6074895262718201,-0.5424249172210693,0.9033215045928955,0.7600985765457153,0.3812806308269501,-0.015279931016266346,0.998598039150238,0.7280585765838623,0.38726043701171875,0.015283703804016113,0.9986324310302734,0.770240068435669,0.4057043790817261,0.1776299625635147,0.41428127884864807,0.7461228370666504,0.3973613679409027,0.20937280356884003,0.25296658277511597,0.7823068499565125,0.3790854513645172,0.4521053433418274,0.34181463718414307,0.7567051649093628,0.3774196207523346,0.4935385286808014,0.13224978744983673,0.7853899002075195,0.3629469871520996,0.48029881715774536,0.426095575094223,0.7589419484138489,0.36653760075569153,0.5238268375396729,0.14969685673713684,0.7833269238471985,0.3979699909687042,0.5094701051712036,0.5937467217445374,0.7613534927368164,0.38829177618026733,0.5472115278244019,0.26100972294807434
28,0.7290420532226562,0.4789557456970215,-0.5368594527244568,0.9998907446861267,0.7381033897399902,0.4622764587402344,-0.5401486158370972,0.9999082684516907,0.7411566972732544,0.46298471093177795,-0.5401092171669006,0.9998881816864014,0.7434116005897522,0.46389949321746826,-0.5401269793510437,0.9998952746391296,0.7233055233955383,0.4620988667011261,-0.5399702787399292,0.9999123215675354,0.7206339836120605,0.461248517036438,-0.5400391817092896,0.9998589754104614,0.7167091965675354,0.4604085385799408,-0.5399883985519409,0.9998696446418762,0.7452601194381714,0.4477849006652832,-0.4718548655509949,0.9998519420623779,0.7188488245010376,0.44998547434806824,-0.4725157618522644,0.9998510479927063,0.7363755702972412,0.4807524085044861,-0.5009086728096008,0.9999006986618042,0.7271419763565063,0.4807921051979065,-0.5012598037719727,0.9998300075531006,0.7688676118850708,0.45298948884010315,-0.3758808970451355,0.9969473481178284,0.7022309899330139,0.45767244696617126,-0.3674701154232025,0.9991347789764404,0.8031617403030396,0.5675538182258606,-0.45997151732444763,0.9707767367362976,0.6731432676315308,0.5598919987678528,-0.43083661794662476,0.9429241418838501,0.7775132656097412,0.6066952347755432,-0.5732696056365967,0.9575182199478149,0.7405647039413452,0.6096161007881165,-0.5319353342056274,0.9436235427856445,0.7605124711990356,0.6197360157966614,-0.6091719269752502,0.9324524402618408,0.7574496269226074,0.6345528960227966,-0.5649049282073975,0.9298964142799377,0.7604764103889465,0.604444146156311,-0.6003274321556091,0.9190167188644409,0.7615365386009216,0.6120445132255554,-0.5638431310653687,0.9201698303222656,0.7636400461196899,0.603003203868866,-0.5717586874961853,0.8852542042732239,0.7564047574996948,0.6051260232925415,-0.5319494009017944,0.9061788320541382,0.7592955827713013,0.3738590180873871,-0.014615478925406933,0.9986826777458191,0.7273028492927551,0.3750315308570862,0.014606860466301441,0.9986987113952637,0.7637459635734558,0.3881899416446686,0.2026398926973343,0.4096374213695526,0.7452836036682129,0.3688133955001831,0.21633128821849823,0.24605578184127808,0.7746871113777161,0.3559403717517853,0.4802958369255066,0.3313315212726593,0.7531790733337402,0.35178112983703613,0.5028321743011475,0.123825304210186,0.7773677706718445,0.3381490409374237,0.5090717077255249,0.4298209249973297,0.75501549243927,0.3416074216365814,0.5339308977127075,0.14458660781383514,0.7751199007034302,0.3727185130119324,0.5404455661773682,0.5953602194786072,0.7591610550880432,0.36071303486824036,0.565750002861023,0.2571292817592621
29,0.7277878522872925,0.47855785489082336,-0.550527036190033,0.9999016523361206,0.7377837896347046,0.462272971868515,-0.5524865984916687,0.9999173283576965,0.7410194277763367,0.46237021684646606,-0.5524700284004211,0.9998992681503296,0.7432746291160583,0.46318402886390686,-0.5525117516517639,0.999905526638031,0.7217000722885132,0.46205320954322815,-0.5522118806838989,0.9999210238456726,0.7220658659934998,0.46102362871170044,-0.5522729754447937,0.9998730421066284,0.7189905047416687,0.46034741401672363,-0.5522351861000061,0.9998825788497925,0.7444151043891907,0.4456867575645447,-0.4759916663169861,0.9998665452003479,0.7187332510948181,0.4504089057445526,-0.4758995473384857,0.9998658895492554,0.7371529936790466,0.48079246282577515,-0.5117539167404175,0.9999100565910339,0.727004885673523,0.48118719458580017,-0.5118054151535034,0.9998465776443481,0.7690130472183228,0.4460519552230835,-0.3922111690044403,0.9971705079078674,0.7017499208450317,0.4550270438194275,-0.374392569065094,0.9992107152938843,0.8132075071334839,0.5661867260932922,-0.48504170775413513,0.9736984372138977,0.6640379428863525,0.5579466223716736,-0.4454266130924225,0.948630690574646,0.782345712184906,0.605006217956543,-0.6011737585067749,0.9616572856903076,0.7384047508239746,0.6099019646644592,-0.5536612272262573,0.949123203754425,0.7724307775497437,0.6145628094673157,-0.6372336149215698,0.9366362690925598,0.7555192708969116,0.636570155620575,-0.5842333436012268,0.935024082660675,0.7727882266044617,0.5998522043228149,-0.6220680475234985,0.9219866394996643,0.7596962451934814,0.6129521131515503,-0.5830733776092529,0.9242948293685913,0.7757955193519592,0.5988108515739441,-0.5968874096870422,0.8875797986984253,0.7543853521347046,0.6059258580207825,-0.5533024668693542,0.9093788862228394,0.7595655918121338,0.36011427640914917,-0.014325889758765697,0.9987419843673706,0.7280069589614868,0.3623284101486206,0.014310414902865887,0.9987382888793945,0.7620880007743835,0.33819451928138733,0.208260178565979,0.3980822265148163,0.7447830438613892,0.3222857713699341,0.22201819717884064,0.2382962852716446,0.7707482576370239,0.29045623540878296,0.47223490476608276,0.3174790143966675,0.7508543133735657,0.28844353556632996,0.4978967607021332,0.11617106944322586,0.7728160619735718,0.2694597840309143,0.5000143051147461,0.43642759323120117,0.7531008720397949,0.27401649951934814,0.5286909341812134,0.1442238986492157,0.7710093855857849,0.3028039336204529,0.5339866876602173,0.5736124515533447,0.7556254863739014,0.29413682222366333,0.5589588284492493,0.24491523206233978
30,0.7305500507354736,0.46858203411102295,-0.5612410306930542,0.9999052882194519,0.7376413941383362,0.44754207134246826,-0.5617548227310181,0.9999021291732788,0.7408422231674194,0.44596800208091736,-0.5617220401763916,0.999895453453064,0.7432712316513062,0.4442395865917206,-0.5617525577545166,0.999875009059906,0.7226570844650269,0.44889912009239197,-0.5598487257957458,0.9999147057533264,0.7220116853713989,0.44858628511428833,-0.5599035024642944,0.9998795986175537,0.7189342379570007,0.4482981264591217,-0.5599163174629211,0.9998829960823059,0.7472805380821228,0.4347268342971802,-0.48040422797203064,0.9998508095741272,0.7159128189086914,0.4403228461742401,-0.4749029278755188,0.9998735189437866,0.7427825927734375,0.46815788745880127,-0.5216651558876038,0.9998670816421509,0.7277167439460754,0.4730480909347534,-0.5199543237686157,0.9998253583908081,0.7673569917678833,0.4452193081378937,-0.392113596200943,0.9967629909515381,0.7015811204910278,0.4608951210975647,-0.3589531481266022,0.999218225479126,0.8018356561660767,0.5667427182197571,-0.46626394987106323,0.9763262867927551,0.6660817861557007,0.5698109865188599,-0.40505558252334595,0.9537643790245056,0.7879567742347717,0.6032170057296753,-0.5597530007362366,0.9652487635612488,0.7431505918502808,0.6102471351623535,-0.47929173707962036,0.9538204073905945,0.7820929288864136,0.614696741104126,-0.5821983814239502,0.9359870553016663,0.7608203887939453,0.6351574063301086,-0.4992312490940094,0.93569415807724,0.7821956276893616,0.5975358486175537,-0.5570715069770813,0.9155560731887817,0.7642316222190857,0.6114134192466736,-0.4963659644126892,0.9194886088371277,0.7830851674079895,0.5981152653694153,-0.5453901886940002,0.8739262223243713,0.7587273120880127,0.6053511500358582,-0.4765900671482086,0.8982256650924683,0.7567837238311768,0.3627457916736603,-0.016235796734690666,0.9983786940574646,0.7276027202606201,0.3702378273010254,0.01613524928689003,0.9983949065208435,0.7623249292373657,0.32314085960388184,0.1991729438304901,0.37243372201919556,0.7516669631004333,0.32324138283729553,0.2217359095811844,0.22041983902454376,0.7711020708084106,0.2580816447734833,0.442037433385849,0.2900632917881012,0.7624008655548096,0.2556072771549225,0.4664545953273773,0.10636264085769653,0.7750354409217834,0.23676730692386627,0.4682310223579407,0.40878772735595703,0.7653869390487671,0.23779381811618805,0.49281296133995056,0.136502206325531,0.780808687210083,0.25969627499580383,0.5309635996818542,0.5296677350997925,0.7707232236862183,0.24924525618553162,0.5221279859542847,0.2256561517715454
31,0.7359567284584045,0.46918055415153503,-0.4838640093803406,0.9998893141746521,0.7384663224220276,0.45054998993873596,-0.48717212677001953,0.9998478293418884,0.7413586378097534,0.4493717551231384,-0.48719945549964905,0.9998705983161926,0.7438908815383911,0.4477398693561554,-0.4872567653656006,0.9997695088386536,0.7278636693954468,0.4525129199028015,-0.48339754343032837,0.9998680949211121,0.7257764339447021,0.45387768745422363,-0.483499675989151,0.9998637437820435,0.7232984304428101,0.455328106880188,-0.4835805296897888,0.9998435378074646,0.7479883432388306,0.43653246760368347,-0.41900286078453064,0.999779462814331,0.7183526158332825,0.44782811403274536,-0.4042636454105377,0.9998417496681213,0.7440392971038818,0.47097575664520264,-0.4498729705810547,0.9997271299362183,0.7338773012161255,0.47389301657676697,-0.4456704258918762,0.9997355341911316,0.767531156539917,0.43461883068084717,-0.3308994174003601,0.9965903162956238,0.7054038643836975,0.4766804277896881,-0.28909602761268616,0.9991710782051086,0.8106333613395691,0.48548808693885803,-0.3094504475593567,0.9786844849586487,0.6832519173622131,0.5654309988021851,-0.2744722068309784,0.9583665728569031,0.8121370077133179,0.48620522022247314,-0.31592804193496704,0.9680059552192688,0.743588924407959,0.600014865398407,-0.3203418254852295,0.9579439759254456,0.8121352195739746,0.4849982261657715,-0.3347788453102112,0.9355893731117249,0.7565186023712158,0.6203665733337402,-0.336933434009552,0.9402204155921936,0.8092826008796692,0.47808846831321716,-0.32763367891311646,0.9145041704177856,0.7617794275283813,0.5953803658485413,-0.3415300250053406,0.9249255061149597,0.8080439567565918,0.4850232005119324,-0.31179001927375793,0.8700331449508667,0.7583471536636353,0.5893840193748474,-0.32049280405044556,0.9032825827598572,0.7570024132728577,0.35735800862312317,-0.022429607808589935,0.9979066252708435,0.7314731478691101,0.3723224997520447,0.022296058014035225,0.998064398765564,0.7661404013633728,0.3504285514354706,0.19556298851966858,0.36396998167037964,0.7534331679344177,0.34977614879608154,0.21977372467517853,0.21738241612911224,0.7724931240081787,0.30531537532806396,0.43495625257492065,0.2867419421672821,0.7640182375907898,0.3012394309043884,0.4629395008087158,0.10988949984312057,0.772896409034729,0.28899478912353516,0.4617829918861389,0.42508554458618164,0.7652398943901062,0.2885030210018158,0.49035272002220154,0.14810064435005188,0.7835415601730347,0.31325581669807434,0.4949805736541748,0.5200517773628235,0.7759226560592651,0.30109935998916626,0.5103070735931396,0.22310633957386017
32,0.7345488667488098,0.4670723080635071,-0.5249688625335693,0.9998986124992371,0.7382956147193909,0.44790923595428467,-0.5230677127838135,0.9998571872711182,0.74122554063797,0.4464578330516815,-0.5230618715286255,0.999880313873291,0.743825376033783,0.4447043538093567,-0.5231317281723022,0.9997830390930176,0.7276402115821838,0.4491303861141205,-0.5229005813598633,0.9998774528503418,0.7254633903503418,0.44927677512168884,-0.5229838490486145,0.9998757243156433,0.7227960824966431,0.4494338035583496,-0.5229936838150024,0.999856173992157,0.7487863302230835,0.4347667992115021,-0.43571463227272034,0.9997934699058533,0.7182939648628235,0.4413740336894989,-0.41343703866004944,0.9998558163642883,0.7436141967773438,0.46846187114715576,-0.481438010931015,0.9997406601905823,0.7324429750442505,0.4703865945339203,-0.48187488317489624,0.9997514486312866,0.7676146030426025,0.4379400908946991,-0.3420482277870178,0.9964368939399719,0.7046266794204712,0.4663313031196594,-0.3129561245441437,0.9992052912712097,0.8090928196907043,0.5076524019241333,-0.41543689370155334,0.9808118939399719,0.6702224016189575,0.563218891620636,-0.28117915987968445,0.9625285863876343,0.7993124723434448,0.5427273511886597,-0.5120207071304321,0.9707615375518799,0.7420399785041809,0.5995156764984131,-0.43038153648376465,0.9619264602661133,0.7950665354728699,0.5510920882225037,-0.5334159135818481,0.9327419400215149,0.7577785849571228,0.6212490200996399,-0.4571560323238373,0.9430155754089355,0.7924366593360901,0.5373403429985046,-0.5008717775344849,0.9067989587783813,0.7633724212646484,0.5944052934646606,-0.457308828830719,0.926616370677948,0.7926007509231567,0.5395863652229309,-0.5018010139465332,0.8565880060195923,0.758337676525116,0.5887491703033447,-0.43143755197525024,0.9023200273513794,0.7571612596511841,0.3573601543903351,-0.02133568748831749,0.9977012872695923,0.7308539152145386,0.3676567077636719,0.02104608342051506,0.9979727864265442,0.7625945806503296,0.34394627809524536,0.19901160895824432,0.3402942419052124,0.7515766620635986,0.34001365303993225,0.2240796834230423,0.21057423949241638,0.764607310295105,0.2948138117790222,0.4535067081451416,0.26560842990875244,0.7592198252677917,0.28910031914711,0.46974557638168335,0.10367099195718765,0.762661337852478,0.27645474672317505,0.4812470078468323,0.41376158595085144,0.7582496404647827,0.27612194418907166,0.4973393380641937,0.1472395360469818,0.7719014883041382,0.29795005917549133,0.5265582799911499,0.49503329396247864,0.7703010439872742,0.28174638748168945,0.5203666090965271,0.2147810310125351
33,0.7350234985351562,0.4744296669960022,-0.5143746137619019,0.9999080300331116,0.7386239767074585,0.45350807905197144,-0.5133377909660339,0.9998699426651001,0.7417077422142029,0.45135408639907837,-0.5133417844772339,0.9998911023139954,0.7420192360877991,0.44713133573532104,-0.5134016871452332,0.999801754951477,0.7285047173500061,0.46116799116134644,-0.512951135635376,0.9998883605003357,0.7260956168174744,0.46085602045059204,-0.5130083560943604,0.9998873472213745,0.7230039238929749,0.4606943428516388,-0.5129976272583008,0.9998694062232971,0.7485948801040649,0.43587827682495117,-0.4305245280265808,0.9998111724853516,0.7183154821395874,0.45069456100463867,-0.4265589714050293,0.9998695850372314,0.742882490158081,0.47259652614593506,-0.4743170738220215,0.9997602701187134,0.7318171262741089,0.48070839047431946,-0.4740360379219055,0.9997711181640625,0.7681340575218201,0.4385811388492584,-0.34446245431900024,0.9966301321983337,0.7035425305366516,0.46564868092536926,-0.318877637386322,0.99925297498703,0.8161401748657227,0.5196132063865662,-0.4213826060295105,0.9827220439910889,0.6703556776046753,0.5611388683319092,-0.3473661243915558,0.9662692546844482,0.8057492971420288,0.5420748591423035,-0.5384294390678406,0.9734552502632141,0.7416245341300964,0.5997090339660645,-0.4445401132106781,0.9655638933181763,0.801561713218689,0.5527006387710571,-0.5730036497116089,0.9362162351608276,0.7562259435653687,0.6236730217933655,-0.46586352586746216,0.9472678899765015,0.7990227341651917,0.5421863794326782,-0.554718017578125,0.9105381369590759,0.761783242225647,0.5983626246452332,-0.47048115730285645,0.9312729239463806,0.7997971773147583,0.5426939129829407,-0.533539891242981,0.8603367209434509,0.757437527179718,0.5903770923614502,-0.4427606165409088,0.9069799780845642,0.7572358846664429,0.34905627369880676,-0.02087021805346012,0.9978585839271545,0.730819582939148,0.36029937863349915,0.020672470331192017,0.9980999827384949,0.7662707567214966,0.3156336843967438,0.16102507710456848,0.3260975182056427,0.7504671812057495,0.3114733099937439,0.20494285225868225,0.19959871470928192,0.7679170966148376,0.2527247667312622,0.3870682120323181,0.2545652687549591,0.7588633298873901,0.24565620720386505,0.42527714371681213,0.09935016930103302,0.7643356919288635,0.23344402015209198,0.4108569622039795,0.41566428542137146,0.7580893039703369,0.22999808192253113,0.45020580291748047,0.1497061401605606,0.7784203290939331,0.25512632727622986,0.4406073987483978,0.47850266098976135,0.7672299146652222,0.23737987875938416,0.4732553958892822,0.20961299538612366
34,0.7330715656280518,0.47651588916778564,-0.5154119729995728,0.9999138116836548,0.7356554269790649,0.45799246430397034,-0.5166332721710205,0.9998769164085388,0.7385890483856201,0.45629990100860596,-0.5166227221488953,0.9998974204063416,0.7405832409858704,0.45394739508628845,-0.5166712403297424,0.9998130798339844,0.7268351316452026,0.4625563621520996,-0.5170131921768188,0.9998934268951416,0.7240358591079712,0.462444007396698,-0.5170792937278748,0.9998942017555237,0.7214080095291138,0.4623592495918274,-0.517065703868866,0.9998767971992493,0.7465826272964478,0.4444524645805359,-0.4401777386665344,0.9998074769973755,0.7183046340942383,0.45518356561660767,-0.43727654218673706,0.9998784065246582,0.7390085458755493,0.47523048520088196,-0.4778765141963959,0.9997727274894714,0.7313398718833923,0.4857145845890045,-0.47828832268714905,0.9997838139533997,0.764555037021637,0.449348121881485,-0.3373963236808777,0.9964436888694763,0.701422929763794,0.47237664461135864,-0.32237815856933594,0.9992501139640808,0.7889747619628906,0.5526122450828552,-0.40527623891830444,0.9842464923858643,0.6938022971153259,0.5795256495475769,-0.35405680537223816,0.9696337580680847,0.7712952494621277,0.5579150915145874,-0.5267963409423828,0.9742063283920288,0.7448458671569824,0.6056397557258606,-0.4105491638183594,0.9688195586204529,0.7641875147819519,0.5586729645729065,-0.5609250664710999,0.9278621077537537,0.7583492994308472,0.6269347071647644,-0.43757838010787964,0.9508025646209717,0.7636817693710327,0.5437802076339722,-0.5530408620834351,0.9005586504936218,0.7633100748062134,0.5986201167106628,-0.4444096088409424,0.9357480406761169,0.7653908729553223,0.5448278784751892,-0.5243152976036072,0.8475160002708435,0.7601271867752075,0.5911028981208801,-0.4125291705131531,0.9128826260566711,0.7555538415908813,0.3612895607948303,-0.02178863249719143,0.9978558421134949,0.7248328924179077,0.37155210971832275,0.021594936028122902,0.9980351328849792,0.7673658132553101,0.42628148198127747,0.1698729693889618,0.3421737551689148,0.7474434971809387,0.41598179936408997,0.2056749165058136,0.1892666220664978,0.7833340167999268,0.42257240414619446,0.4269734025001526,0.27920836210250854,0.7602667808532715,0.40716099739074707,0.48254600167274475,0.09360160678625107,0.7872453927993774,0.4109340310096741,0.45355290174484253,0.43015921115875244,0.7637413740158081,0.40006640553474426,0.5132774710655212,0.14077039062976837,0.7858730554580688,0.44628074765205383,0.4681076407432556,0.5074633359909058,0.7662864923477173,0.4183211326599121,0.5270254015922546,0.2102990299463272
35,0.732102632522583,0.47296664118766785,-0.5066065788269043,0.9999219179153442,0.7347086668014526,0.45145899057388306,-0.5084167718887329,0.9998874664306641,0.7378758788108826,0.4495571553707123,-0.508398175239563,0.999906599521637,0.7404987812042236,0.44749191403388977,-0.5084375143051147,0.9998287558555603,0.7248766422271729,0.45448747277259827,-0.5089133381843567,0.9999028444290161,0.7215741872787476,0.45462772250175476,-0.5089967846870422,0.999904215335846,0.7186545133590698,0.454740434885025,-0.5089920163154602,0.9998881816864014,0.7465871572494507,0.4392315447330475,-0.43521952629089355,0.9998235702514648,0.717753529548645,0.45291948318481445,-0.4374235272407532,0.9998900294303894,0.7387142777442932,0.47372880578041077,-0.46974706649780273,0.9997922778129578,0.7295998334884644,0.4801788330078125,-0.4708649218082428,0.9998031258583069,0.7681581974029541,0.4484715461730957,-0.34086689352989197,0.9966942667961121,0.6987775564193726,0.4711204469203949,-0.3294736444950104,0.9993115067481995,0.8085150718688965,0.5513847470283508,-0.38895195722579956,0.9858185648918152,0.668337345123291,0.5745140314102173,-0.3504042625427246,0.9726693630218506,0.7947074174880981,0.5461594462394714,-0.4639369547367096,0.9763975739479065,0.7432218790054321,0.6062087416648865,-0.4041368365287781,0.9717568755149841,0.7895715832710266,0.5512973666191101,-0.4875773787498474,0.924868643283844,0.7570440769195557,0.6294392347335815,-0.4246300160884857,0.9532294273376465,0.7882810235023499,0.5347195267677307,-0.47366341948509216,0.8934246897697449,0.7625117301940918,0.5988187193870544,-0.4247468411922455,0.938025176525116,0.7890146970748901,0.538203239440918,-0.45862117409706116,0.8351123332977295,0.758769154548645,0.5912157893180847,-0.4024307131767273,0.914432168006897,0.7568789720535278,0.36200594902038574,-0.018702328205108643,0.9979848861694336,0.72496098279953,0.3731338381767273,0.018429897725582123,0.9981424808502197,0.7650813460350037,0.4042865037918091,0.17317289113998413,0.32487964630126953,0.74422687292099,0.4025411307811737,0.2061227262020111,0.17855075001716614,0.7598316073417664,0.3607657551765442,0.4254909157752991,0.261526882648468,0.7478309869766235,0.39402949810028076,0.45086392760276794,0.08740784227848053,0.7566735744476318,0.34415656328201294,0.4526921808719635,0.42325225472450256,0.7484630346298218,0.3722960948944092,0.47761982679367065,0.1352340281009674,0.7633052468299866,0.3639417290687561,0.49981141090393066,0.49013811349868774,0.7576075196266174,0.40038999915122986,0.5210020542144775,0.20316439867019653
36,0.732275128364563,0.469264954328537,-0.5204609632492065,0.9999294281005859,0.734914243221283,0.4494457542896271,-0.5205966830253601,0.9998980760574341,0.7381500005722046,0.44783902168273926,-0.5205759406089783,0.999915361404419,0.7413123250007629,0.4461328387260437,-0.5206229090690613,0.9998448491096497,0.7251955270767212,0.4510900378227234,-0.5213323831558228,0.9999121427536011,0.7216571569442749,0.4509740173816681,-0.5214269161224365,0.9999135136604309,0.7187612056732178,0.4508257508277893,-0.5214343070983887,0.9998989701271057,0.7476221323013306,0.4368042051792145,-0.4408945143222809,0.9998391270637512,0.7167130708694458,0.4441051483154297,-0.44483208656311035,0.999900758266449,0.739004909992218,0.47007298469543457,-0.48211461305618286,0.9998116493225098,0.7295066118240356,0.47288233041763306,-0.48326754570007324,0.9998217821121216,0.7694302797317505,0.44462713599205017,-0.3440445065498352,0.9968113303184509,0.6986463665962219,0.462116539478302,-0.3329648971557617,0.9993606209754944,0.8076406717300415,0.5451282262802124,-0.4029642641544342,0.9872037172317505,0.6695407629013062,0.5691013336181641,-0.35974180698394775,0.9753994345664978,0.7932590246200562,0.5616810321807861,-0.5100939273834229,0.9782999157905579,0.7422717809677124,0.6060694456100464,-0.42900824546813965,0.9744675755500793,0.7882484197616577,0.5737549066543579,-0.5471687316894531,0.9271102547645569,0.7546126246452332,0.6294022798538208,-0.44949206709861755,0.9569072127342224,0.7861890196800232,0.5613833665847778,-0.5411726832389832,0.8961092829704285,0.7605361938476562,0.59894859790802,-0.4386010766029358,0.9426991939544678,0.7871171236038208,0.5609592199325562,-0.5108224153518677,0.8378459215164185,0.7580440640449524,0.5915728211402893,-0.428036630153656,0.9204024076461792,0.7569406628608704,0.3622954487800598,-0.018951337784528732,0.9980555176734924,0.7248294353485107,0.37338370084762573,0.018714074045419693,0.9982377886772156,0.7666646242141724,0.4080342948436737,0.1603020578622818,0.3210763931274414,0.744036078453064,0.4010078012943268,0.19109641015529633,0.17181512713432312,0.7730169296264648,0.3798385262489319,0.42059555649757385,0.2641095519065857,0.7561913728713989,0.37382999062538147,0.44768744707107544,0.08484230935573578,0.7736907601356506,0.3641461730003357,0.4472985863685608,0.42839503288269043,0.7596272230148315,0.3599148690700531,0.47481387853622437,0.130623459815979,0.7765628695487976,0.3990819752216339,0.4689174294471741,0.49691611528396606,0.7647935152053833,0.38249585032463074,0.49195796251296997,0.20240873098373413
37,0.7320243716239929,0.46940529346466064,-0.5146199464797974,0.9999363422393799,0.7350009083747864,0.4505036175251007,-0.5163316130638123,0.9999077916145325,0.7381786704063416,0.4489525556564331,-0.5163105726242065,0.9999234676361084,0.7416166067123413,0.44712334871292114,-0.5163466334342957,0.9998595118522644,0.7252039313316345,0.45187515020370483,-0.5172380805015564,0.9999206066131592,0.721785306930542,0.4516304135322571,-0.5173183679580688,0.999921977519989,0.7188540697097778,0.4513726234436035,-0.5173065662384033,0.9999088048934937,0.7482881546020508,0.43730196356773376,-0.4418145716190338,0.9998537302017212,0.7171465158462524,0.44731149077415466,-0.445401668548584,0.9999104738235474,0.7409875988960266,0.470915824174881,-0.4777279794216156,0.9998295307159424,0.729977011680603,0.4736344516277313,-0.47917208075523376,0.9998389482498169,0.7706435918807983,0.4445023834705353,-0.34725841879844666,0.9970270991325378,0.6951173543930054,0.4591609537601471,-0.3404591977596283,0.999416172504425,0.8078435659408569,0.5525203347206116,-0.4248480200767517,0.9884790778160095,0.6654637455940247,0.5692942142486572,-0.3730105757713318,0.9778585433959961,0.7921718955039978,0.5776265859603882,-0.5338022112846375,0.9802493453025818,0.7420654296875,0.609782874584198,-0.43564000725746155,0.976902961730957,0.7864015102386475,0.5915139317512512,-0.5687891244888306,0.9299535155296326,0.7574658989906311,0.6344121098518372,-0.46275490522384644,0.9596471190452576,0.7842634320259094,0.5762246251106262,-0.5580769181251526,0.8991502523422241,0.7634145617485046,0.6041703224182129,-0.4530174136161804,0.9458739757537842,0.785469651222229,0.5754980444908142,-0.5321532487869263,0.8420071601867676,0.7593646049499512,0.596680760383606,-0.4338158965110779,0.9242438077926636,0.7570630311965942,0.3635357618331909,-0.017776111140847206,0.9980542063713074,0.7227461338043213,0.37187308073043823,0.01755226030945778,0.9982832074165344,0.7652578949928284,0.40215060114860535,0.1790478527545929,0.304371178150177,0.7421998381614685,0.39390474557876587,0.20367784798145294,0.1662375032901764,0.7676372528076172,0.3711053133010864,0.45590758323669434,0.249617338180542,0.7558005452156067,0.36544862389564514,0.4693729281425476,0.08127894252538681,0.7665113210678101,0.35542306303977966,0.4848274290561676,0.41459763050079346,0.759065568447113,0.3529496192932129,0.4974290728569031,0.12703478336334229,0.7712075114250183,0.38747847080230713,0.5206361413002014,0.48541805148124695,0.7644668817520142,0.37528878450393677,0.5252494215965271,0.20118485391139984
38,0.731986403465271,0.46629035472869873,-0.5331991314888,0.9999422430992126,0.7350409626960754,0.4505179822444916,-0.5346377491950989,0.9999164342880249,0.738190770149231,0.4491935670375824,-0.5346189737319946,0.9999304413795471,0.7415540814399719,0.4475857615470886,-0.5346540212631226,0.9998725652694702,0.7252839803695679,0.45159220695495605,-0.5348455905914307,0.9999281167984009,0.7218116521835327,0.4514499604701996,-0.5349279642105103,0.9999293088912964,0.7189617156982422,0.451278418302536,-0.5349336266517639,0.9999174475669861,0.7478452920913696,0.4376819133758545,-0.4589564800262451,0.9998649954795837,0.7185883522033691,0.4480549991130829,-0.4592173099517822,0.999919056892395,0.7401777505874634,0.46727460622787476,-0.49600934982299805,0.9998452663421631,0.7296794652938843,0.46849945187568665,-0.49631890654563904,0.9998541474342346,0.768978476524353,0.4444112181663513,-0.35087406635284424,0.9968253374099731,0.6953215003013611,0.4594345986843109,-0.35064899921417236,0.9994256496429443,0.7955519556999207,0.5523932576179504,-0.4219145178794861,0.9893808364868164,0.6951140761375427,0.5733525156974792,-0.371597558259964,0.9800534248352051,0.7873295545578003,0.5990619659423828,-0.5398751497268677,0.9817435145378113,0.7442530393600464,0.6115431189537048,-0.44602522253990173,0.9790951013565063,0.786189615726471,0.6153681874275208,-0.5879417657852173,0.934101402759552,0.7568024396896362,0.6344889402389526,-0.4889008402824402,0.9629808664321899,0.7819120287895203,0.6060537099838257,-0.589937686920166,0.9057031273841858,0.7627749443054199,0.6087934970855713,-0.5005641579627991,0.950404167175293,0.7810570597648621,0.6019007563591003,-0.5458934307098389,0.8514866232872009,0.7594156861305237,0.6002746224403381,-0.4537315368652344,0.9304854869842529,0.7561086416244507,0.36935192346572876,-0.017743734642863274,0.9981489181518555,0.7223296165466309,0.37846195697784424,0.017524823546409607,0.9983692765235901,0.767407238483429,0.4479109048843384,0.15486079454421997,0.3240620493888855,0.7377203702926636,0.4528522491455078,0.18979598581790924,0.16565635800361633,0.7843746542930603,0.446641206741333,0.43850693106651306,0.26990965008735657,0.7550314664840698,0.43799182772636414,0.4821076989173889,0.07992421835660934,0.7891173362731934,0.4395920932292938,0.4664648473262787,0.4171566665172577,0.7590301632881165,0.4314926266670227,0.5128591656684875,0.1213512197136879,0.784162163734436,0.46741777658462524,0.4479502737522125,0.5042634010314941,0.7574185132980347,0.44846802949905396,0.5087958574295044,0.2019895762205124
44,0.719754159450531,0.4786229431629181,-0.41614580154418945,0.9999414682388306,0.7235965132713318,0.4622363746166229,-0.4222180247306824,0.9999094605445862,0.726894199848175,0.46159201860427856,-0.4222285747528076,0.9999226331710815,0.7335112690925598,0.4571276307106018,-0.4222707748413086,0.9998610615730286,0.713747501373291,0.46145009994506836,-0.4208125174045563,0.9999244213104248,0.7143904566764832,0.4544704854488373,-0.4208531379699707,0.9999276399612427,0.7119282484054565,0.4542495608329773,-0.42088574171066284,0.9999145865440369,0.737555980682373,0.45306599140167236,-0.37573859095573425,0.9998312592506409,0.7078412175178528,0.44870585203170776,-0.37134239077568054,0.99991375207901,0.72749924659729,0.480816513299942,-0.3898773789405823,0.9998359680175781,0.7163425087928772,0.48091503977775574,-0.3888563811779022,0.9998427629470825,0.7661266922950745,0.4765297472476959,-0.2964366674423218,0.9967808127403259,0.6927526593208313,0.45329684019088745,-0.2799268662929535,0.9993225932121277,0.7883701324462891,0.5659856796264648,-0.3060089945793152,0.9904205799102783,0.6627871990203857,0.5114395618438721,-0.2879621684551239,0.9819636344909668,0.7736526727676392,0.606917679309845,-0.36488762497901917,0.9830905199050903,0.7024237513542175,0.5538463592529297,-0.35383251309394836,0.9793920516967773,0.7735580205917358,0.6232329607009888,-0.394878625869751,0.9362418055534363,0.7096232771873474,0.5682709813117981,-0.3822767436504364,0.9576404094696045,0.7672449946403503,0.6066123247146606,-0.3932131826877594,0.9090428352355957,0.7165381908416748,0.5555270910263062,-0.3904706835746765,0.9432374835014343,0.7654567360877991,0.6015360951423645,-0.36617985367774963,0.8548459410667419,0.7160171866416931,0.5530330538749695,-0.3586055338382721,0.9215061068534851,0.7508987188339233,0.42749977111816406,-0.0038707400672137737,0.9977489709854126,0.7168369889259338,0.4215095043182373,0.0038351721595972776,0.9982032179832458,0.7397302389144897,0.4704688489437103,0.160785511136055,0.29817742109298706,0.7133262157440186,0.44951215386390686,0.16762180626392365,0.15620316565036774,0.7309916019439697,0.44680657982826233,0.40799540281295776,0.24611952900886536,0.7129112482070923,0.43571344017982483,0.41480740904808044,0.07390547543764114,0.7301467657089233,0.43648767471313477,0.43425044417381287,0.38419607281684875,0.7135860919952393,0.43086129426956177,0.4411296844482422,0.11233921349048615,0.7255117893218994,0.46403932571411133,0.44427719712257385,0.4599587023258209,0.7096830606460571,0.4487961530685425,0.44711071252822876,0.18492579460144043
45,0.7255846261978149,0.46212658286094666,-0.3503829538822174,0.9999129772186279,0.7285141944885254,0.4515933096408844,-0.36750248074531555,0.9998137950897217,0.7282028794288635,0.4559694528579712,-0.3675277531147003,0.9998541474342346,0.7332008481025696,0.455422580242157,-0.36754217743873596,0.9997074007987976,0.7211018204689026,0.4512646496295929,-0.3682098388671875,0.9998922944068909,0.7187526226043701,0.450256884098053,-0.3682808578014374,0.9999122023582458,0.7120961546897888,0.4510250389575958,-0.36837825179100037,0.9998865127563477,0.7375867962837219,0.45296818017959595,-0.3616543114185333,0.9996881484985352,0.7080299258232117,0.44634971022605896,-0.3657171130180359,0.9998886585235596,0.7315365672111511,0.46369805932044983,-0.33788153529167175,0.9997593760490417,0.7172373533248901,0.4615318179130554,-0.33944374322891235,0.9997780919075012,0.7644685506820679,0.45861101150512695,-0.29814332723617554,0.9968557357788086,0.6929170489311218,0.45223167538642883,-0.30230239033699036,0.9993520975112915,0.7879215478897095,0.4732813239097595,-0.2813887596130371,0.9913762211799622,0.6570074558258057,0.47497203946113586,-0.28809958696365356,0.9837391376495361,0.7966975569725037,0.46695762872695923,-0.29838043451309204,0.9846543073654175,0.6573840975761414,0.4852519631385803,-0.3171401619911194,0.9813623428344727,0.803554356098175,0.46752697229385376,-0.32670965790748596,0.9421434998512268,0.6559576988220215,0.4861319661140442,-0.3494684100151062,0.9615184664726257,0.8018851280212402,0.46331003308296204,-0.330335795879364,0.9175421595573425,0.6588224172592163,0.4840317964553833,-0.35437914729118347,0.948457658290863,0.796955943107605,0.4624060392379761,-0.30138856172561646,0.8675893545150757,0.6623549461364746,0.483428955078125,-0.32078760862350464,0.9286578893661499,0.7463266253471375,0.42736461758613586,-0.00180687359534204,0.9978364706039429,0.7185397744178772,0.4231080710887909,0.0018064125906676054,0.9982085824012756,0.7397302985191345,0.4589943289756775,0.19064578413963318,0.31330037117004395,0.7193277478218079,0.4487212002277374,0.19066645205020905,0.19915930926799774,0.7340539693832397,0.4353754222393036,0.4401683807373047,0.24967323243618011,0.7193922996520996,0.4333166778087616,0.43385714292526245,0.08674072474241257,0.7344738841056824,0.4245232045650482,0.4675977826118469,0.3815554082393646,0.7201915383338928,0.4276377260684967,0.46053051948547363,0.1197366788983345,0.7335936427116394,0.45622718334198,0.4621340334415436,0.41604605317115784,0.7146158218383789,0.44861921668052673,0.45049628615379333,0.16883832216262817
46,0.7246630191802979,0.46361061930656433,-0.4563215672969818,0.9999113082885742,0.7290266752243042,0.4483335614204407,-0.4617398679256439,0.9998118877410889,0.7281478643417358,0.4532482624053955,-0.4617479741573334,0.9998481869697571,0.7319591045379639,0.45324161648750305,-0.4617977738380432,0.9997110962867737,0.7212947607040405,0.4482176899909973,-0.46295365691185,0.9998917579650879,0.7186171412467957,0.4482326805591583,-0.46300363540649414,0.9999107718467712,0.7141286134719849,0.4486106336116791,-0.46304789185523987,0.9998853206634521,0.7375173568725586,0.4475776255130768,-0.41116952896118164,0.9996594190597534,0.707976222038269,0.44316861033439636,-0.41756734251976013,0.9998828172683716,0.7329100370407104,0.4640723466873169,-0.42830052971839905,0.9997419118881226,0.7181174159049988,0.46417757868766785,-0.4304468631744385,0.9997384548187256,0.7633376717567444,0.457507461309433,-0.33091771602630615,0.9965701699256897,0.6951659321784973,0.4499214291572571,-0.32651862502098083,0.9987938404083252,0.7838019132614136,0.5091685056686401,-0.3449994921684265,0.9922013878822327,0.6636971831321716,0.4977942705154419,-0.33860212564468384,0.9851771593093872,0.7883660793304443,0.47429242730140686,-0.4046298563480377,0.9852784872055054,0.6788656711578369,0.5242339968681335,-0.39217209815979004,0.9800076484680176,0.7909142971038818,0.47513288259506226,-0.44004708528518677,0.9421677589416504,0.6826080679893494,0.5336508750915527,-0.42782092094421387,0.9543757438659668,0.7865606546401978,0.502863883972168,-0.4400407373905182,0.9179795384407043,0.6877523064613342,0.5236896276473999,-0.4324755072593689,0.9375170469284058,0.7834190726280212,0.49415725469589233,-0.4075170159339905,0.8648881912231445,0.6890755295753479,0.5184637904167175,-0.39626678824424744,0.9122441411018372,0.7475801706314087,0.4147956371307373,-0.003274459857493639,0.997977077960968,0.7203664779663086,0.4188714325428009,0.003145089838653803,0.9982572793960571,0.7576287984848022,0.45169350504875183,0.18142428994178772,0.3043249547481537,0.7280677556991577,0.44812411069869995,0.1937181055545807,0.1901628077030182,0.765781044960022,0.4322654604911804,0.44815006852149963,0.24677050113677979,0.7346451282501221,0.4291347861289978,0.4588742256164551,0.08488401025533676,0.7691813111305237,0.42101889848709106,0.4761393666267395,0.3702071011066437,0.7364144921302795,0.42272377014160156,0.4867451786994934,0.11326423287391663,0.7672752737998962,0.4555056691169739,0.46552175283432007,0.39454206824302673,0.7323905229568481,0.44062483310699463,0.4742971360683441,0.15889833867549896
47,0.7276955842971802,0.448495477437973,-0.39930984377861023,0.9998689889907837,0.7285658121109009,0.43988677859306335,-0.40998125076293945,0.9997299909591675,0.7295261025428772,0.4413961172103882,-0.41000574827194214,0.9997240304946899,0.7321140766143799,0.44241392612457275,-0.41002994775772095,0.9996063709259033,0.7239097356796265,0.4405754506587982,-0.40967440605163574,0.9998596906661987,0.7212074995040894,0.4428532123565674,-0.40970802307128906,0.9998663067817688,0.7149217128753662,0.43692728877067566,-0.4098089337348938,0.9998496770858765,0.7375738620758057,0.4414379894733429,-0.3773883879184723,0.9993695020675659,0.7098287343978882,0.4333159029483795,-0.37753385305404663,0.9998047351837158,0.7325928211212158,0.4512486755847931,-0.37742412090301514,0.9996665120124817,0.7191909551620483,0.4497581124305725,-0.3775705099105835,0.9996335506439209,0.7601572275161743,0.4585302174091339,-0.317440390586853,0.9960514307022095,0.696415901184082,0.4401916563510895,-0.29774075746536255,0.9984819293022156,0.778073251247406,0.5244795680046082,-0.32487067580223083,0.9929304122924805,0.6635626554489136,0.46841222047805786,-0.2971706986427307,0.9848645329475403,0.7907915115356445,0.5376171469688416,-0.37888842821121216,0.9853870868682861,0.6748806834220886,0.4945107698440552,-0.35239413380622864,0.9748792052268982,0.799885630607605,0.5471490025520325,-0.41369885206222534,0.9437660574913025,0.6762765645980835,0.4989890158176422,-0.3990289568901062,0.944528341293335,0.7959151864051819,0.5353229641914368,-0.41507768630981445,0.9214021563529968,0.6810080409049988,0.49501872062683105,-0.41348737478256226,0.9262695908546448,0.7899202108383179,0.5359140038490295,-0.3817412257194519,0.866572916507721,0.6830820441246033,0.4934360086917877,-0.360923707485199,0.8968775868415833,0.7462047934532166,0.41736945509910583,-0.003955847583711147,0.9980646371841431,0.7213693857192993,0.41908973455429077,0.0038420925848186016,0.9982336163520813,0.7520595788955688,0.4468134641647339,0.18072853982448578,0.31117889285087585,0.7257689237594604,0.4419984221458435,0.18518254160881042,0.20504815876483917,0.7515248656272888,0.41787055134773254,0.42829132080078125,0.26189520955085754,0.7295092344284058,0.41626185178756714,0.4343578815460205,0.10448253154754639,0.7524672746658325,0.40717583894729614,0.4528154730796814,0.36577072739601135,0.7304965257644653,0.41209518909454346,0.45734602212905884,0.11515229195356369,0.7523926496505737,0.4372807741165161,0.4218539595603943,0.372404545545578,0.7264591455459595,0.42286935448646545,0.42002925276756287,0.15519677102565765
48,0.7276394963264465,0.45054253935813904,-0.41709327697753906,0.999872624874115,0.7282418012619019,0.4413549304008484,-0.4201561510562897,0.9997424483299255,0.7287949323654175,0.43809178471565247,-0.4201563000679016,0.9997348189353943,0.730731189250946,0.4378703236579895,-0.42021292448043823,0.9996256828308105,0.7244275808334351,0.44374293088912964,-0.42097610235214233,0.9998626708984375,0.7223807573318481,0.44445890188217163,-0.42100009322166443,0.9998683333396912,0.7182539701461792,0.4412895739078522,-0.42103004455566406,0.9998500347137451,0.7362414002418518,0.4368594288825989,-0.3675893545150757,0.9994008541107178,0.7086790800094604,0.43551182746887207,-0.3718952536582947,0.999807596206665,0.732024073600769,0.4547591805458069,-0.3867257535457611,0.9996664524078369,0.7191979885101318,0.4556105434894562,-0.3887008726596832,0.9996255040168762,0.7590581178665161,0.4585764706134796,-0.2922610640525818,0.9962647557258606,0.6968240141868591,0.45000505447387695,-0.27299508452415466,0.9983665943145752,0.776181697845459,0.5294910669326782,-0.3139788508415222,0.9935139417648315,0.6637037396430969,0.4850728213787079,-0.28855881094932556,0.9859316349029541,0.7647841572761536,0.547151505947113,-0.37397393584251404,0.9824531078338623,0.6812751889228821,0.5117592215538025,-0.35089170932769775,0.9709300398826599,0.7646443247795105,0.5566942691802979,-0.39734238386154175,0.9258104562759399,0.6843500137329102,0.5192822217941284,-0.3814731538295746,0.9288133382797241,0.7605863809585571,0.5420107245445251,-0.39474016427993774,0.9004296064376831,0.6899634599685669,0.5089234113693237,-0.3857828378677368,0.904542863368988,0.7587438225746155,0.5398535132408142,-0.3722561001777649,0.8367922306060791,0.6911579370498657,0.5070545077323914,-0.354997843503952,0.8668760657310486,0.7466127872467041,0.4048996865749359,-0.010609671473503113,0.998206615447998,0.7219048738479614,0.41373854875564575,0.01042468287050724,0.998318612575531,0.7556086182594299,0.3981735110282898,0.15127524733543396,0.3141617476940155,0.7291588187217712,0.40315791964530945,0.18260201811790466,0.19206470251083374,0.7553070783615112,0.35204988718032837,0.3536286950111389,0.2519812285900116,0.7335037589073181,0.36191630363464355,0.3890317976474762,0.1001485288143158,0.7551155090332031,0.33863478899002075,0.37491586804389954,0.36535629630088806,0.7349363565444946,0.3518395721912384,0.41061273217201233,0.11201973259449005,0.7595394253730774,0.36220166087150574,0.37900081276893616,0.35440993309020996,0.7374242544174194,0.36749017238616943,0.4113592207431793,0.14878861606121063
49,0.7280879020690918,0.45392554998397827,-0.4604596197605133,0.9998842477798462,0.7296785712242126,0.4435773491859436,-0.46574148535728455,0.9997656345367432,0.732234537601471,0.442247211933136,-0.4657478332519531,0.9997593760490417,0.731643795967102,0.4406803250312805,-0.46580323576927185,0.9996594786643982,0.7240282297134399,0.44549137353897095,-0.4652059078216553,0.9998745322227478,0.721947193145752,0.44536110758781433,-0.46524032950401306,0.9998800158500671,0.718549907207489,0.4423156678676605,-0.4652305245399475,0.9998626112937927,0.7376564741134644,0.4384912848472595,-0.4087086617946625,0.9994531869888306,0.7091976404190063,0.43615955114364624,-0.4070642590522766,0.999822735786438,0.7316914796829224,0.4587536156177521,-0.4291226863861084,0.999691903591156,0.7196078300476074,0.45933449268341064,-0.42893385887145996,0.9996510148048401,0.7611201405525208,0.45482727885246277,-0.3160935342311859,0.9964386820793152,0.6957896947860718,0.44323068857192993,-0.30949866771698,0.9982706308364868,0.7876499891281128,0.5402045845985413,-0.33956438302993774,0.9941466450691223,0.6600727438926697,0.5020521879196167,-0.3279210925102234,0.987281858921051,0.7689545750617981,0.5657793879508972,-0.4097287058830261,0.9837833642959595,0.6938134431838989,0.531839907169342,-0.4033861756324768,0.9714105725288391,0.7663570642471313,0.5822360515594482,-0.4391272962093353,0.9281703233718872,0.701349139213562,0.5470026731491089,-0.4359874129295349,0.9204530119895935,0.762391984462738,0.56156325340271,-0.43744248151779175,0.9028353095054626,0.7067316174507141,0.5285888910293579,-0.43795347213745117,0.8920258283615112,0.7618357539176941,0.5591605305671692,-0.4104735851287842,0.8390505313873291,0.7057709693908691,0.5251085758209229,-0.40548014640808105,0.852292001247406,0.7472156882286072,0.39214345812797546,-0.008046016097068787,0.99821537733078,0.7205711603164673,0.39075028896331787,0.007913388311862946,0.9982235431671143,0.7523190379142761,0.4226153492927551,0.1900198757648468,0.29944610595703125,0.7263911962509155,0.41148677468299866,0.19599412381649017,0.18644960224628448,0.7499796748161316,0.39312151074409485,0.46150797605514526,0.2363765835762024,0.7283507585525513,0.3901480734348297,0.4675808548927307,0.09539700299501419,0.7498607039451599,0.38160526752471924,0.4903935492038727,0.3500012457370758,0.7280464768409729,0.3799065351486206,0.4968630373477936,0.10963749140501022,0.7510650753974915,0.4082688093185425,0.503966212272644,0.3397074043750763,0.7300481796264648,0.39824625849723816,0.5065687298774719,0.14565879106521606
51,0.7299237251281738,0.4731559455394745,-0.24671006202697754,0.9998239278793335,0.7301516532897949,0.4690730571746826,-0.24899621307849884,0.9997373819351196,0.7312650680541992,0.4676322638988495,-0.24902696907520294,0.9997274875640869,0.7323476672172546,0.46615272760391235,-0.2491050660610199,0.9996362924575806,0.726207971572876,0.47169366478919983,-0.24574962258338928,0.999779224395752,0.7250385880470276,0.47210562229156494,-0.24575741589069366,0.9997652173042297,0.7238672375679016,0.47252577543258667,-0.24573394656181335,0.9997613430023193,0.7345030903816223,0.4572650194168091,-0.21970145404338837,0.9994235634803772,0.7209038138389587,0.46581318974494934,-0.20461539924144745,0.9997454285621643,0.7331488728523254,0.4687073230743408,-0.23119623959064484,0.9995548725128174,0.7293439507484436,0.47141072154045105,-0.22692804038524628,0.999416172504425,0.7466571927070618,0.44170811772346497,-0.17488427460193634,0.9959666132926941,0.715208888053894,0.4629278779029846,-0.14857910573482513,0.9962159991264343,0.7601222395896912,0.4880058765411377,-0.1880294531583786,0.99295574426651,0.7097941637039185,0.5140047669410706,-0.16382426023483276,0.9757492542266846,0.7659375667572021,0.5269235372543335,-0.23998138308525085,0.9842265844345093,0.7337795495986938,0.5562505722045898,-0.221846342086792,0.9649786353111267,0.7683570981025696,0.537984311580658,-0.26893290877342224,0.9332515001296997,0.7354856729507446,0.5738846063613892,-0.24500615894794464,0.9156132340431213,0.7652953863143921,0.5383812785148621,-0.2701205611228943,0.9104459881782532,0.7394798398017883,0.5651884078979492,-0.2538674473762512,0.8882482051849365,0.7640533447265625,0.5346466898918152,-0.2435566633939743,0.8508830666542053,0.7397400140762329,0.5582083463668823,-0.2276131808757782,0.8487915992736816,0.739963948726654,0.39001715183258057,-0.01622680388391018,0.9975706934928894,0.7254104614257812,0.40435928106307983,0.01629020832479,0.9964131712913513,0.7424150705337524,0.41392630338668823,0.07357446849346161,0.2950804829597473,0.7254862189292908,0.42116498947143555,0.11305113881826401,0.17542780935764313,0.7451660633087158,0.4028867185115814,0.21100249886512756,0.22568188607692719,0.7304617166519165,0.40633901953697205,0.2672039270401001,0.08811397105455399,0.7452089786529541,0.3967457115650177,0.22470562160015106,0.34292545914649963,0.7320004105567932,0.4024631381034851,0.2839337885379791,0.10323670506477356,0.7482590079307556,0.4142017662525177,0.21190854907035828,0.3301469385623932,0.7319647669792175,0.4091418385505676,0.2790345251560211,0.13648459315299988
52,0.7293391823768616,0.4773189425468445,-0.3287149667739868,0.9998397827148438,0.7301541566848755,0.46918216347694397,-0.33109748363494873,0.9997620582580566,0.7314651608467102,0.4677634835243225,-0.33113908767700195,0.9997521638870239,0.7329171895980835,0.4662902355194092,-0.3312252163887024,0.9996703863143921,0.7259947061538696,0.4665760397911072,-0.3299783170223236,0.9997996687889099,0.7240321636199951,0.4716097414493561,-0.32998135685920715,0.9997862577438354,0.7226445078849792,0.471430242061615,-0.32994017004966736,0.9997828006744385,0.7389880418777466,0.4572732150554657,-0.2960887551307678,0.9994785785675049,0.7211750745773315,0.4618617296218872,-0.2908656895160675,0.9997671842575073,0.7337348461151123,0.4739595949649811,-0.31012779474258423,0.9995918273925781,0.7292689085006714,0.47596240043640137,-0.3087198734283447,0.9994587302207947,0.7618467211723328,0.4474789798259735,-0.24890275299549103,0.996350884437561,0.7204972505569458,0.45892104506492615,-0.21693424880504608,0.9962679743766785,0.7865854501724243,0.5097048878669739,-0.27573543787002563,0.9936427474021912,0.6955567002296448,0.5042579770088196,-0.245535209774971,0.9777278304100037,0.7819607853889465,0.5479544997215271,-0.32888224720954895,0.9857218861579895,0.7017397284507751,0.5431047081947327,-0.3105393052101135,0.9660163521766663,0.7816354632377625,0.5607410669326782,-0.36092865467071533,0.9394105672836304,0.7020182013511658,0.5562489628791809,-0.33448326587677,0.9113082885742188,0.781189501285553,0.5567217469215393,-0.3526095151901245,0.9185670614242554,0.7028717994689941,0.5517493486404419,-0.3362113833427429,0.8763858079910278,0.7802149653434753,0.5533750653266907,-0.3273021876811981,0.8632716536521912,0.7036710977554321,0.5497346520423889,-0.3123999238014221,0.8331773281097412,0.7546852827072144,0.37893569469451904,-0.016877509653568268,0.997812807559967,0.7373734712600708,0.3927289843559265,0.016968391835689545,0.9967532753944397,0.7634571194648743,0.33024391531944275,0.08530599623918533,0.3516623079776764,0.7413212060928345,0.3701220750808716,0.20204296708106995,0.1732381135225296,0.7686173319816589,0.26480212807655334,0.2514057755470276,0.2716792821884155,0.736818790435791,0.31854814291000366,0.41553980112075806,0.08402176201343536,0.767738938331604,0.2504693269729614,0.2681160569190979,0.3743115961551666,0.7361571788787842,0.30738189816474915,0.4369432032108307,0.10448841005563736,0.7728568315505981,0.25564175844192505,0.25561970472335815,0.33415672183036804,0.7378005385398865,0.30430492758750916,0.43199968338012695,0.1304120123386383
54,0.7193402647972107,0.47458189725875854,-0.4754686951637268,0.9998554587364197,0.7252224087715149,0.4546877443790436,-0.48177069425582886,0.9997847080230713,0.7283507585525513,0.4542502164840698,-0.4817963242530823,0.9997762441635132,0.7318723201751709,0.45146071910858154,-0.48188382387161255,0.9997016191482544,0.7173890471458435,0.45239782333374023,-0.48132163286209106,0.9998188614845276,0.7145715355873108,0.45118048787117004,-0.48135095834732056,0.9998071193695068,0.7117601037025452,0.4500110149383545,-0.48132556676864624,0.9998034238815308,0.7385051250457764,0.4500848054885864,-0.42844948172569275,0.9995287656784058,0.7046306729316711,0.44185054302215576,-0.42750707268714905,0.9997891783714294,0.7259043455123901,0.47747281193733215,-0.4454115927219391,0.9996300339698792,0.7135576605796814,0.47575095295906067,-0.44537362456321716,0.9995091557502747,0.762668251991272,0.47110751271247864,-0.3340766131877899,0.9966936707496643,0.6800850033760071,0.4580267667770386,-0.34021973609924316,0.9966253638267517,0.7857574820518494,0.5806159377098083,-0.36566469073295593,0.9942774176597595,0.6272193789482117,0.5513861179351807,-0.37208279967308044,0.979954183101654,0.7428257465362549,0.5976904630661011,-0.42450228333473206,0.9870557188987732,0.6651983261108398,0.5743498206138611,-0.4294707179069519,0.9691401720046997,0.7334675788879395,0.6115614771842957,-0.445594847202301,0.942574679851532,0.674313485622406,0.5867939591407776,-0.4566420614719391,0.9150037169456482,0.7310760617256165,0.5884085893630981,-0.4386367201805115,0.9208099246025085,0.67878657579422,0.5673045516014099,-0.4512520432472229,0.8792230486869812,0.7333225011825562,0.5865687727928162,-0.4215746521949768,0.8657540082931519,0.6770409345626831,0.5663766264915466,-0.42688918113708496,0.8359163403511047,0.7438187003135681,0.40977364778518677,0.0018891111249104142,0.997988224029541,0.7069091200828552,0.40821337699890137,-0.0018909682985395193,0.9970217347145081,0.7298613786697388,0.43629392981529236,0.22134347259998322,0.31939488649368286,0.7072777152061462,0.42550671100616455,0.22003522515296936,0.1626821756362915,0.713205099105835,0.4217591881752014,0.4906410276889801,0.24546915292739868,0.6952381134033203,0.41997185349464417,0.4884708821773529,0.07686503231525421,0.711155116558075,0.40890616178512573,0.5203421711921692,0.34326377511024475,0.6949217915534973,0.41202104091644287,0.5177379250526428,0.09906938672065735,0.7046496272087097,0.43840089440345764,0.5616350173950195,0.30715325474739075,0.6903365254402161,0.4338356554508209,0.5553246736526489,0.1220659390091896
55,0.7202778458595276,0.4726066589355469,-0.4364413619041443,0.9998694658279419,0.7246705293655396,0.4566601514816284,-0.44257038831710815,0.9998047947883606,0.7277809977531433,0.4565292000770569,-0.4425978660583496,0.9997977018356323,0.7275628447532654,0.46280038356781006,-0.44265469908714294,0.9997285604476929,0.7173886895179749,0.4544103443622589,-0.4431858956813812,0.9998363256454468,0.7147513628005981,0.4533365070819855,-0.4432539939880371,0.9998261332511902,0.7121802568435669,0.4525108337402344,-0.44325271248817444,0.9998224973678589,0.7340368032455444,0.4561028778553009,-0.3969602584838867,0.9995725750923157,0.7069392204284668,0.44616830348968506,-0.40030637383461,0.9998093843460083,0.726565420627594,0.47745567560195923,-0.4101506173610687,0.9996622204780579,0.7159804105758667,0.4757426381111145,-0.411355584859848,0.9995526671409607,0.7593783736228943,0.46469390392303467,-0.31713035702705383,0.9968147277832031,0.6874956488609314,0.4580252766609192,-0.3246821165084839,0.9969170093536377,0.7856768369674683,0.5593873262405396,-0.3523850440979004,0.9948491454124451,0.6296795606613159,0.5412924885749817,-0.34730058908462524,0.9819580316543579,0.7769668102264404,0.5757381319999695,-0.4033198952674866,0.9883152842521667,0.6487416625022888,0.5743262767791748,-0.3832527697086334,0.9721542000770569,0.776913046836853,0.5869042873382568,-0.42585116624832153,0.9476392865180969,0.6517378091812134,0.5871134996414185,-0.4106854498386383,0.9225777387619019,0.776380181312561,0.571066677570343,-0.41658902168273926,0.9273466467857361,0.6548584699630737,0.5716242790222168,-0.4052574038505554,0.8895348310470581,0.7750619649887085,0.5696385502815247,-0.3996475338935852,0.8755115866661072,0.6550177931785583,0.5703050494194031,-0.3808280825614929,0.8492748141288757,0.7440577745437622,0.40145403146743774,0.001136982929892838,0.998115062713623,0.715805172920227,0.40354615449905396,-0.0011418419890105724,0.9970090985298157,0.7381681799888611,0.43214455246925354,0.1924898773431778,0.29758530855178833,0.7216149568557739,0.42427220940589905,0.20059779286384583,0.1686602234840393,0.7321696877479553,0.4218085706233978,0.436987966299057,0.22243095934391022,0.7036242485046387,0.44846126437187195,0.4458041787147522,0.07054147124290466,0.7320805191993713,0.40897178649902344,0.4637525975704193,0.3186194598674774,0.7021676301956177,0.44524043798446655,0.47291722893714905,0.09503847360610962,0.7302761673927307,0.44142863154411316,0.4895023703575134,0.27899426221847534,0.697616696357727,0.4698296785354614,0.49899977445602417,0.11223908513784409
56,0.7201820015907288,0.4773580729961395,-0.48104315996170044,0.9998818039894104,0.7234212160110474,0.462664932012558,-0.4844125807285309,0.9998223185539246,0.7265824675559998,0.4628227651119232,-0.4844636917114258,0.9998166561126709,0.728128969669342,0.4636591970920563,-0.48454713821411133,0.9997522234916687,0.7164796590805054,0.4610985517501831,-0.4858516752719879,0.9998511075973511,0.7140560150146484,0.4603632688522339,-0.4859154224395752,0.9998427033424377,0.7114627361297607,0.46024295687675476,-0.4858933389186859,0.999838650226593,0.7330711483955383,0.4581490755081177,-0.4216984212398529,0.9996115565299988,0.7067802548408508,0.45212283730506897,-0.4303250312805176,0.9998265504837036,0.7263365983963013,0.4820537865161896,-0.44878435134887695,0.9996927380561829,0.7157708406448364,0.48147323727607727,-0.45115989446640015,0.9995933175086975,0.7584548592567444,0.4653477072715759,-0.326961874961853,0.9970163106918335,0.6898802518844604,0.4657689332962036,-0.3454212248325348,0.9971864223480225,0.7856106162071228,0.5655495524406433,-0.3800881505012512,0.9953634738922119,0.6324599981307983,0.5606344938278198,-0.37941810488700867,0.983761727809906,0.7635564208030701,0.5765340328216553,-0.46446648240089417,0.9894507527351379,0.6565706729888916,0.5907294750213623,-0.43048352003097534,0.9748173356056213,0.759878396987915,0.5872393846511841,-0.48962026834487915,0.952003538608551,0.6621904969215393,0.6041427850723267,-0.4587438702583313,0.9282211065292358,0.7554848194122314,0.5694465041160583,-0.4816824495792389,0.9326585531234741,0.6556340456008911,0.5855477452278137,-0.4507507383823395,0.8959841132164001,0.755752444267273,0.5689773559570312,-0.46159592270851135,0.8828033804893494,0.6572772264480591,0.5845645666122437,-0.426462322473526,0.8568804264068604,0.7452393770217896,0.4074538052082062,0.0011446159332990646,0.9981880784034729,0.7173122763633728,0.40854907035827637,-0.0011548565234988928,0.9971144795417786,0.7347832918167114,0.4425976574420929,0.20735526084899902,0.27397793531417847,0.7228712439537048,0.43071433901786804,0.21106275916099548,0.16134901344776154,0.7274757623672485,0.4415738880634308,0.46934837102890015,0.20242629945278168,0.707260251045227,0.4485328793525696,0.4689379334449768,0.06486514210700989,0.724510133266449,0.4293166995048523,0.4963982105255127,0.30654606223106384,0.7065959572792053,0.44332125782966614,0.4971456527709961,0.09179278463125229,0.7260410785675049,0.4596751630306244,0.5084885358810425,0.25915956497192383,0.7026967406272888,0.4656996726989746,0.5071884393692017,0.10548361390829086
57,0.719751238822937,0.47550857067108154,-0.47937411069869995,0.9998936057090759,0.7222456932067871,0.4615693688392639,-0.4846886992454529,0.9998399019241333,0.72535240650177,0.4615800082683563,-0.48473629355430603,0.9998349547386169,0.7280920743942261,0.46245503425598145,-0.48480015993118286,0.9997767210006714,0.7155638933181763,0.45980674028396606,-0.4862895607948303,0.9998658895492554,0.7132470607757568,0.4600522816181183,-0.4863695502281189,0.9998584389686584,0.710703432559967,0.4601331055164337,-0.4863542914390564,0.9998546838760376,0.7337682843208313,0.45785248279571533,-0.4272838234901428,0.999650239944458,0.7064630389213562,0.4506930112838745,-0.43660885095596313,0.9998438358306885,0.7254794836044312,0.4815898835659027,-0.4480464458465576,0.9997224807739258,0.715713620185852,0.48083755373954773,-0.4504895806312561,0.9996325373649597,0.7585325837135315,0.4652971625328064,-0.34145477414131165,0.9972990155220032,0.6882857084274292,0.4645709693431854,-0.35388296842575073,0.9974590539932251,0.7906376123428345,0.5641760230064392,-0.39708107709884644,0.9958271384239197,0.6277281045913696,0.5586920380592346,-0.39844053983688354,0.985385537147522,0.7680790424346924,0.5809088945388794,-0.48582571744918823,0.9905023574829102,0.6533914804458618,0.5966789126396179,-0.46719202399253845,0.9773238301277161,0.7630571126937866,0.5934004783630371,-0.5143241286277771,0.956743061542511,0.6586565375328064,0.6130098700523376,-0.49947816133499146,0.9352284073829651,0.7615989446640015,0.581594705581665,-0.5067871809005737,0.9392548203468323,0.6607153415679932,0.5961359739303589,-0.49202385544776917,0.9059951901435852,0.7621243000030518,0.5803483128547668,-0.4836161136627197,0.8942035436630249,0.6603103876113892,0.5940719842910767,-0.4639523923397064,0.8705585598945618,0.7426225543022156,0.40679773688316345,0.00013241618580650538,0.9983682036399841,0.7155086398124695,0.40911927819252014,-7.612874469486997e-05,0.9973949790000916,0.7335642576217651,0.4097684323787689,0.20829057693481445,0.28187212347984314,0.7193574905395508,0.41431936621665955,0.21068239212036133,0.17475445568561554,0.7275122404098511,0.37827661633491516,0.4705978333950043,0.18327297270298004,0.7047768831253052,0.4244951009750366,0.46978670358657837,0.05879323184490204,0.7272251844406128,0.3596745431423187,0.4991723597049713,0.28855273127555847,0.7043286561965942,0.41802388429641724,0.5026598572731018,0.08796577900648117,0.725675642490387,0.39933454990386963,0.5314245820045471,0.23405033349990845,0.6998088359832764,0.4403780698776245,0.5371720194816589,0.09540923684835434
58,0.7179411053657532,0.47705772519111633,-0.4980606138706207,0.9999037981033325,0.720678448677063,0.4620200991630554,-0.5027821660041809,0.9998549222946167,0.7239750623703003,0.46180275082588196,-0.5027944445610046,0.9998506307601929,0.7274300456047058,0.46213680505752563,-0.5028955340385437,0.9997973442077637,0.7136126756668091,0.46071165800094604,-0.5046685338020325,0.9998786449432373,0.7110688090324402,0.46048909425735474,-0.5047261118888855,0.9998721480369568,0.7084126472473145,0.4603686034679413,-0.5047119855880737,0.9998685121536255,0.7335094213485718,0.4571910798549652,-0.4415573477745056,0.9996818900108337,0.7037022709846497,0.4528697431087494,-0.4505847990512848,0.9998580813407898,0.7240204215049744,0.48232588171958923,-0.4651121497154236,0.9997463226318359,0.7127577662467957,0.4834633767604828,-0.46779394149780273,0.9996638894081116,0.7566202878952026,0.4681856334209442,-0.34519025683403015,0.997478187084198,0.68760085105896,0.46486324071884155,-0.3637476861476898,0.9976971745491028,0.779333770275116,0.5648596286773682,-0.3919913172721863,0.996242344379425,0.6259609460830688,0.560091495513916,-0.39647501707077026,0.9868464469909668,0.7496507167816162,0.5903161764144897,-0.4824916422367096,0.9912722706794739,0.646064043045044,0.6041586399078369,-0.4601357579231262,0.9795277714729309,0.7447072267532349,0.6016592383384705,-0.512968122959137,0.9585181474685669,0.6506396532058716,0.6202685236930847,-0.49426382780075073,0.9408977031707764,0.7431822419166565,0.5884727239608765,-0.5089203119277954,0.9404899477958679,0.6502289772033691,0.6149584650993347,-0.4894747734069824,0.9137908816337585,0.7432564496994019,0.586174726486206,-0.48239627480506897,0.8945172429084778,0.6537920832633972,0.6017208099365234,-0.45849698781967163,0.8805020451545715,0.7408040761947632,0.4182933270931244,9.900795703288168e-05,0.9984678626060486,0.713591992855072,0.41715294122695923,-5.508573303814046e-05,0.9975786805152893,0.7325400114059448,0.45655009150505066,0.21017995476722717,0.26395630836486816,0.717635452747345,0.43935906887054443,0.21265801787376404,0.1675984263420105,0.724502444267273,0.45367559790611267,0.4791697859764099,0.16846711933612823,0.7072535753250122,0.4547714293003082,0.48595985770225525,0.054910432547330856,0.7241640686988831,0.44024768471717834,0.5091522932052612,0.27821099758148193,0.706986129283905,0.44882693886756897,0.5165282487869263,0.08522042632102966,0.7202118635177612,0.4787537455558777,0.5375277996063232,0.2182828187942505,0.7016048431396484,0.4752195477485657,0.5424764752388,0.08952125161886215
59,0.7156496047973633,0.48093944787979126,-0.42312508821487427,0.9999087452888489,0.7188307046890259,0.46394842863082886,-0.4298616945743561,0.9998637437820435,0.7221970558166504,0.4640711843967438,-0.42990222573280334,0.9998590350151062,0.7257080674171448,0.4647543728351593,-0.43000951409339905,0.9998102188110352,0.7112845182418823,0.46239161491394043,-0.4315780997276306,0.9998859167098999,0.7085880637168884,0.4619881212711334,-0.43162235617637634,0.9998799562454224,0.7059068083763123,0.45994776487350464,-0.43163594603538513,0.9998765587806702,0.733345627784729,0.4575467109680176,-0.38821569085121155,0.9996920824050903,0.7003577351570129,0.45320913195610046,-0.3960109353065491,0.9998626112937927,0.7221361398696899,0.4867742657661438,-0.39868611097335815,0.9997568130493164,0.7100697755813599,0.48748546838760376,-0.4011324346065521,0.9996765851974487,0.7571603655815125,0.47365015745162964,-0.3099828362464905,0.9976276159286499,0.6868532299995422,0.46198976039886475,-0.32078346610069275,0.9978860020637512,0.7792752385139465,0.5515890121459961,-0.3420155942440033,0.9965672492980957,0.6311167478561401,0.5380586981773376,-0.339725136756897,0.9881555438041687,0.7437635660171509,0.5913074612617493,-0.42346492409706116,0.991291880607605,0.6393101811408997,0.6012150049209595,-0.3936602473258972,0.9814231991767883,0.739542543888092,0.604701042175293,-0.455495685338974,0.9584450125694275,0.6390630602836609,0.6188381314277649,-0.4267809987068176,0.9456894397735596,0.7341887354850769,0.5950288772583008,-0.46183329820632935,0.9402477145195007,0.6437071561813354,0.6113504767417908,-0.4244566857814789,0.920586347579956,0.7341538071632385,0.5908858180046082,-0.4273293614387512,0.8924485445022583,0.645638108253479,0.6067094206809998,-0.39407071471214294,0.8893052339553833,0.7411097288131714,0.4182194471359253,-0.0023601744323968887,0.9985593557357788,0.7134883999824524,0.4156370759010315,0.002407486317679286,0.9977487921714783,0.7379144430160522,0.457741916179657,0.16364450752735138,0.24466821551322937,0.7193783521652222,0.44560232758522034,0.1843520998954773,0.15617986023426056,0.7308387160301208,0.4535766541957855,0.40852856636047363,0.15446175634860992,0.7144917249679565,0.4563877582550049,0.43062296509742737,0.050706733018159866,0.7302376627922058,0.4435616433620453,0.43511658906936646,0.26127928495407104,0.7146190404891968,0.45219212770462036,0.4565381109714508,0.07968557626008987,0.7268971800804138,0.47675496339797974,0.4499683380126953,0.19996556639671326,0.7109450101852417,0.4753812253475189,0.46992772817611694,0.0821438580751419
60,0.7156141996383667,0.48079821467399597,-0.43017053604125977,0.9999173879623413,0.7183030247688293,0.4670144319534302,-0.4340469241142273,0.999876856803894,0.721511721611023,0.4669437110424042,-0.4340815544128418,0.9998725056648254,0.7252682447433472,0.4659208655357361,-0.4341873526573181,0.9998283982276917,0.711216151714325,0.46527618169784546,-0.4345744550228119,0.9998968839645386,0.708743691444397,0.4637090563774109,-0.43462008237838745,0.9998915195465088,0.7061247825622559,0.46249088644981384,-0.4346214234828949,0.9998883605003357,0.7304619550704956,0.4617151618003845,-0.3825686573982239,0.9997204542160034,0.7004218101501465,0.4563392102718353,-0.38484635949134827,0.9998754262924194,0.7217703461647034,0.48702752590179443,-0.4027019441127777,0.9997782707214355,0.7105072736740112,0.48714032769203186,-0.4035765528678894,0.9997050762176514,0.7566049098968506,0.4732537269592285,-0.30216169357299805,0.9977841973304749,0.6863097548484802,0.4616921842098236,-0.30510881543159485,0.9980456829071045,0.7804552316665649,0.5431030988693237,-0.34006452560424805,0.9968751668930054,0.6365477442741394,0.5329753160476685,-0.33281588554382324,0.9893279671669006,0.7491119503974915,0.5958541631698608,-0.4213356077671051,0.9918121695518494,0.6434916257858276,0.6002265214920044,-0.39697355031967163,0.9830217361450195,0.7481021881103516,0.6128892302513123,-0.4536588788032532,0.961043119430542,0.6427097916603088,0.619169294834137,-0.43056267499923706,0.949694037437439,0.7397921085357666,0.6049927473068237,-0.4579904079437256,0.9440467953681946,0.642105221748352,0.6160159707069397,-0.4285115599632263,0.9263529181480408,0.7377052903175354,0.599507749080658,-0.42490798234939575,0.8981396555900574,0.6499492526054382,0.6064885258674622,-0.3978797197341919,0.8963536024093628,0.740716814994812,0.4164513945579529,-0.005776740610599518,0.9986468553543091,0.7131379842758179,0.4150039255619049,0.005804063286632299,0.9978798031806946,0.7422543168067932,0.45613500475883484,0.1414945125579834,0.23269997537136078,0.7219668030738831,0.44795316457748413,0.173218235373497,0.14831022918224335,0.7415542602539062,0.4479753375053406,0.3746033310890198,0.1436542272567749,0.7256805300712585,0.45872655510902405,0.41664251685142517,0.047341238707304,0.7415381669998169,0.438262939453125,0.39967378973960876,0.24857984483242035,0.727110743522644,0.4539843201637268,0.4423050880432129,0.07534229010343552,0.7411924004554749,0.47110849618911743,0.41124019026756287,0.18612301349639893,0.726169764995575,0.48190757632255554,0.4560277462005615,0.07615277171134949
61,0.7158570885658264,0.48425424098968506,-0.4406249523162842,0.9999250769615173,0.7186135053634644,0.4703742265701294,-0.44528859853744507,0.99988853931427,0.721701443195343,0.47051388025283813,-0.44532114267349243,0.9998846054077148,0.7252649664878845,0.47047126293182373,-0.4454270899295807,0.9998446702957153,0.7114957571029663,0.46739548444747925,-0.44620171189308167,0.9999067187309265,0.709046483039856,0.46588563919067383,-0.4462530016899109,0.9999018907546997,0.7064705491065979,0.4648922383785248,-0.4462560713291168,0.9998989701271057,0.72980797290802,0.4675423204898834,-0.39333707094192505,0.9997460842132568,0.7007564902305603,0.4573654234409332,-0.39762020111083984,0.9998869299888611,0.7215018272399902,0.4910310208797455,-0.4124607443809509,0.9997966289520264,0.7108178734779358,0.48985373973846436,-0.41387492418289185,0.999729335308075,0.7557233572006226,0.47407880425453186,-0.31051668524742126,0.9979413747787476,0.6849184036254883,0.46161991357803345,-0.3171740174293518,0.9982008934020996,0.7859110832214355,0.5490283966064453,-0.3384624421596527,0.9971759915351868,0.6348232626914978,0.5327005386352539,-0.3381114602088928,0.9903910756111145,0.7492818236351013,0.5993906855583191,-0.40981394052505493,0.9923098087310791,0.636745810508728,0.5973439812660217,-0.3948670029640198,0.9845396280288696,0.7476726770401001,0.6167183518409729,-0.440125048160553,0.963066577911377,0.6348339915275574,0.615034282207489,-0.42746424674987793,0.953404426574707,0.7399479746818542,0.6068787574768066,-0.44260889291763306,0.9468579292297363,0.6338366270065308,0.6108869910240173,-0.42489132285118103,0.9315699338912964,0.7386168837547302,0.6018306016921997,-0.41240835189819336,0.902148425579071,0.6424328684806824,0.601716935634613,-0.39504486322402954,0.9026797413825989,0.7394965887069702,0.4154563844203949,-0.005574361886829138,0.9987282752990723,0.7118246555328369,0.4146108329296112,0.005590998567640781,0.9979952573776245,0.7403250336647034,0.44541046023368835,0.1661500632762909,0.21986177563667297,0.7209469079971313,0.43893855810165405,0.18054625391960144,0.143036350607872,0.7348195314407349,0.43241798877716064,0.40988582372665405,0.1333061158657074,0.7190055251121521,0.453286737203598,0.43153196573257446,0.04423016309738159,0.73414146900177,0.42320501804351807,0.43626150488853455,0.23800845444202423,0.7195018529891968,0.45268940925598145,0.4585009217262268,0.07219201326370239,0.7327433824539185,0.4572555422782898,0.45234590768814087,0.17173314094543457,0.7171955704689026,0.47923150658607483,0.4767897129058838,0.07033367455005646
62,0.7134928703308105,0.4924989342689514,-0.473339706659317,0.9999324083328247,0.7164624929428101,0.4758673906326294,-0.4788253903388977,0.9998994469642639,0.7198669910430908,0.4737967252731323,-0.4788666367530823,0.9998959302902222,0.723457396030426,0.4741869270801544,-0.47898536920547485,0.9998599290847778,0.7090566754341125,0.47040194272994995,-0.48037296533584595,0.9999158382415771,0.7067105770111084,0.46901705861091614,-0.4804219603538513,0.9999114871025085,0.7043260335922241,0.4681966006755829,-0.48041582107543945,0.9999088048934937,0.7289924025535583,0.47376149892807007,-0.4279005527496338,0.9997707605361938,0.6994584798812866,0.45900416374206543,-0.4350854754447937,0.9998977184295654,0.7184450030326843,0.49577659368515015,-0.44517427682876587,0.9998160004615784,0.7080625295639038,0.49477821588516235,-0.44748520851135254,0.9997552037239075,0.7557103037834167,0.476460725069046,-0.3458152413368225,0.9981419444084167,0.6814215183258057,0.4584213197231293,-0.3532596528530121,0.9983779191970825,0.7899055480957031,0.5510888695716858,-0.370164692401886,0.9974564909934998,0.6264383792877197,0.5235629677772522,-0.36635148525238037,0.9913511276245117,0.7476910948753357,0.6014702320098877,-0.4473167061805725,0.9929473996162415,0.6316429376602173,0.59110426902771,-0.42102041840553284,0.9860327839851379,0.7434035539627075,0.6185423731803894,-0.47940197587013245,0.9656647443771362,0.6313382387161255,0.6045113801956177,-0.4551590383052826,0.9575430750846863,0.7369807362556458,0.6061961054801941,-0.48123079538345337,0.9502801299095154,0.6302698850631714,0.6055847406387329,-0.4548454284667969,0.9374973773956299,0.7370743751525879,0.6016080379486084,-0.4495285153388977,0.9078441262245178,0.634470522403717,0.5982832908630371,-0.4219283163547516,0.9107003211975098,0.738070011138916,0.4121255576610565,-0.005075392313301563,0.9988431930541992,0.7085591554641724,0.40664976835250854,0.005116748157888651,0.9981823563575745,0.721637487411499,0.4181166887283325,0.17087408900260925,0.21396303176879883,0.6995452046394348,0.4069608449935913,0.1960684359073639,0.13997028768062592,0.6940501928329468,0.42506831884384155,0.4220540523529053,0.12737397849559784,0.6819552779197693,0.4208633303642273,0.45681628584861755,0.04431986063718796,0.6913827657699585,0.4172033965587616,0.4497671127319336,0.24947352707386017,0.6808463335037231,0.41928231716156006,0.4854421019554138,0.0762624740600586,0.6810166835784912,0.4521191418170929,0.48161372542381287,0.16299375891685486,0.6729544997215271,0.4387613534927368,0.4964756369590759,0.0686701089143753
63,0.7141040563583374,0.49193209409713745,-0.47250327467918396,0.9999372959136963,0.7172450423240662,0.47745996713638306,-0.47856730222702026,0.9999067783355713,0.7203240990638733,0.477342426776886,-0.47860950231552124,0.9999027848243713,0.7235508561134338,0.47813111543655396,-0.47872573137283325,0.9998703002929688,0.7097638845443726,0.47323498129844666,-0.4803081452846527,0.9999222755432129,0.7073754072189331,0.4717464745044708,-0.48035725951194763,0.9999178647994995,0.7049745321273804,0.4692680835723877,-0.48037290573120117,0.9999157786369324,0.7293275594711304,0.47540220618247986,-0.4291836619377136,0.9997832775115967,0.6997998356819153,0.4617248475551605,-0.4378238618373871,0.9999036192893982,0.7193478345870972,0.49756118655204773,-0.44499102234840393,0.999826967716217,0.7086948752403259,0.4956311881542206,-0.4476325511932373,0.9997692704200745,0.7556213736534119,0.48106908798217773,-0.3447309136390686,0.9982800483703613,0.6826024055480957,0.45908698439598083,-0.35539814829826355,0.9985165596008301,0.7889031171798706,0.5525839924812317,-0.36997726559638977,0.9976949095726013,0.6296535730361938,0.5223835706710815,-0.3746485114097595,0.9922090172767639,0.7570706009864807,0.6005328893661499,-0.44620758295059204,0.9933936595916748,0.6302889585494995,0.5860365629196167,-0.42446208000183105,0.9873014688491821,0.756809651851654,0.6167140603065491,-0.48058241605758667,0.9676807522773743,0.6251870393753052,0.5992275476455688,-0.46210798621177673,0.960997998714447,0.7529011964797974,0.6042579412460327,-0.48272275924682617,0.9531063437461853,0.6292852163314819,0.5992000102996826,-0.4624907374382019,0.9424386620521545,0.7513378858566284,0.5995079874992371,-0.4492286145687103,0.911717414855957,0.6309124827384949,0.5969469547271729,-0.42669248580932617,0.9172429442405701,0.7386409044265747,0.41722267866134644,3.8187557947821915e-05,0.9988519549369812,0.7106560468673706,0.40988582372665405,-2.6819465347216465e-05,0.9982149004936218,0.7249139547348022,0.43782153725624084,0.18007095158100128,0.19716636836528778,0.7032045722007751,0.42294174432754517,0.19247612357139587,0.13672028481960297,0.699806272983551,0.4424319863319397,0.4338272511959076,0.11725820600986481,0.6930273771286011,0.4379904568195343,0.44824108481407166,0.04193469136953354,0.6968458294868469,0.43401023745536804,0.46152132749557495,0.23564459383487701,0.6921994686126709,0.4383367896080017,0.4757828712463379,0.07317081838846207,0.6903194189071655,0.46625930070877075,0.4676993787288666,0.15011674165725708,0.6863836050033569,0.4513838589191437,0.4748876094818115,0.06435626745223999
64,0.7144796848297119,0.4936411678791046,-0.4638497233390808,0.9999434947967529,0.7174769043922424,0.478193998336792,-0.46718353033065796,0.9999160170555115,0.7209170460700989,0.478664368391037,-0.46720582246780396,0.999912440776825,0.7243503332138062,0.47967004776000977,-0.4672652781009674,0.9998830556869507,0.7101313471794128,0.4750805199146271,-0.466331422328949,0.9999299645423889,0.7075856328010559,0.47376662492752075,-0.46637168526649475,0.9999260306358337,0.7050062417984009,0.47252947092056274,-0.4663591980934143,0.9999241232872009,0.7297988533973694,0.47203779220581055,-0.40750378370285034,0.999804675579071,0.7000775337219238,0.46322253346443176,-0.4058142602443695,0.9999131560325623,0.7195212841033936,0.4992959797382355,-0.4323458671569824,0.9998440146446228,0.7091436386108398,0.4976060688495636,-0.4319683909416199,0.9997920393943787,0.7569676637649536,0.47975167632102966,-0.3311105966567993,0.9984092712402344,0.6820926666259766,0.4628831148147583,-0.3287839889526367,0.9986535906791687,0.7946584224700928,0.556045413017273,-0.40350666642189026,0.9979252219200134,0.6293750405311584,0.5506141185760498,-0.39456814527511597,0.9929877519607544,0.7557955384254456,0.6009746789932251,-0.49565863609313965,0.9939656853675842,0.674177885055542,0.5896241664886475,-0.4789985716342926,0.9882199764251709,0.7482087016105652,0.6161391139030457,-0.5208433866500854,0.9679333567619324,0.6864370107650757,0.6069949865341187,-0.505840539932251,0.9582651257514954,0.7447762489318848,0.6017284393310547,-0.5078892707824707,0.9520602822303772,0.6904245018959045,0.5950162410736084,-0.4971906244754791,0.9365705251693726,0.7493695616722107,0.599181592464447,-0.4914739727973938,0.9098450541496277,0.6867889165878296,0.5936175584793091,-0.47599926590919495,0.9084421992301941,0.7430366277694702,0.42225879430770874,0.0011088027385994792,0.9988619685173035,0.7109643220901489,0.416096568107605,-0.001163432258181274,0.9982812404632568,0.725225031375885,0.46768221259117126,0.20083396136760712,0.17975327372550964,0.7150020599365234,0.44976508617401123,0.20246048271656036,0.12924271821975708,0.7060340642929077,0.46538180112838745,0.45949244499206543,0.10642997175455093,0.7096871733665466,0.45862114429473877,0.4575979709625244,0.03854801505804062,0.7015111446380615,0.455748587846756,0.48865213990211487,0.21721185743808746,0.7108103036880493,0.454767107963562,0.486030638217926,0.0686815083026886,0.6997002363204956,0.4796222746372223,0.5393513441085815,0.13988028466701508,0.7062230110168457,0.4685620069503784,0.5330776572227478,0.06170010194182396
65,0.7126947641372681,0.4983811378479004,-0.4967575967311859,0.9999491572380066,0.7158239483833313,0.48148399591445923,-0.500764012336731,0.9999244213104248,0.7192265391349792,0.48156043887138367,-0.5007697939872742,0.9999212026596069,0.7228818535804749,0.4820407032966614,-0.5008522272109985,0.9998946785926819,0.7080029249191284,0.4788745939731598,-0.49918246269226074,0.9999369382858276,0.7056509852409363,0.47732222080230713,-0.4992274343967438,0.9999334216117859,0.7033209800720215,0.47619539499282837,-0.4991861879825592,0.9999316930770874,0.7294272780418396,0.4725376069545746,-0.4398767948150635,0.9998241066932678,0.6997101306915283,0.4672645032405853,-0.43274030089378357,0.9999217987060547,0.717978835105896,0.5022377371788025,-0.46433311700820923,0.9998594522476196,0.7077435851097107,0.5004397630691528,-0.46260157227516174,0.999812662601471,0.7575211524963379,0.479337215423584,-0.35735487937927246,0.9985472559928894,0.6784358024597168,0.46736860275268555,-0.35391107201576233,0.9987843632698059,0.7955809235572815,0.5590020418167114,-0.43660107254981995,0.9981325268745422,0.6292153596878052,0.5579317212104797,-0.4350300431251526,0.9936886429786682,0.749086856842041,0.6036030650138855,-0.5330525636672974,0.9945018291473389,0.6848980188369751,0.5937350988388062,-0.5392647385597229,0.9892030954360962,0.7361900806427002,0.6181191205978394,-0.5592892169952393,0.9690533876419067,0.6998332142829895,0.6126576066017151,-0.569179892539978,0.9586350917816162,0.734634518623352,0.6016523838043213,-0.5488932728767395,0.9527504444122314,0.7035864591598511,0.5952429175376892,-0.5621010065078735,0.9357870817184448,0.7388321161270142,0.5991430282592773,-0.5294217467308044,0.9108757376670837,0.6991396546363831,0.5932892560958862,-0.5370011329650879,0.9082008600234985,0.7432929277420044,0.42055192589759827,-0.0008014222839847207,0.998818039894104,0.7076467871665955,0.4160380959510803,0.0007210706826299429,0.9982922077178955,0.7175342440605164,0.461317241191864,0.2137286365032196,0.1671781837940216,0.7003962397575378,0.4236885607242584,0.21618691086769104,0.12685063481330872,0.6891614198684692,0.45485278964042664,0.47407737374305725,0.09873572736978531,0.676864504814148,0.45529377460479736,0.47779664397239685,0.03710034489631653,0.6851769089698792,0.44411903619766235,0.5022628903388977,0.21383355557918549,0.6749560832977295,0.45256587862968445,0.506685197353363,0.0730375424027443,0.6784531474113464,0.474704772233963,0.544324517250061,0.13557957112789154,0.6703851222991943,0.46437180042266846,0.547474205493927,0.06281572580337524
66,0.713094174861908,0.49693310260772705,-0.49140945076942444,0.9999542236328125,0.7163633704185486,0.4841853678226471,-0.4894752502441406,0.9999319314956665,0.7198045253753662,0.4846130311489105,-0.48954182863235474,0.9999290704727173,0.7233920097351074,0.4852311313152313,-0.48968306183815,0.9999051094055176,0.7067746520042419,0.4798288941383362,-0.4898079037666321,0.999943196773529,0.7061864733695984,0.47890451550483704,-0.48982492089271545,0.999940037727356,0.7038286328315735,0.47727733850479126,-0.48982977867126465,0.9999384880065918,0.7290202379226685,0.4714062213897705,-0.4304385185241699,0.999841570854187,0.7003171443939209,0.46728914976119995,-0.42899733781814575,0.9999295473098755,0.7185705900192261,0.5013614892959595,-0.46066808700561523,0.9998733997344971,0.7081171870231628,0.4987971782684326,-0.4622572064399719,0.9998312592506409,0.7575489282608032,0.4788874387741089,-0.34884533286094666,0.9986709952354431,0.6787804365158081,0.46544769406318665,-0.3517456650733948,0.998898983001709,0.7977743148803711,0.5619255900382996,-0.4259868562221527,0.9983192086219788,0.6293497681617737,0.553526759147644,-0.42783862352371216,0.9943196177482605,0.7513462901115417,0.6031924486160278,-0.5216068625450134,0.9950070977210999,0.6803130507469177,0.5921559929847717,-0.523391842842102,0.9901020526885986,0.7389159202575684,0.6175535321235657,-0.5496507287025452,0.9704793691635132,0.6924906969070435,0.6119478344917297,-0.5543667674064636,0.9587925672531128,0.7366749048233032,0.5974758863449097,-0.5385868549346924,0.9543229341506958,0.6966464519500732,0.5907674431800842,-0.5462772846221924,0.935099720954895,0.7402373552322388,0.5961944460868835,-0.5183173418045044,0.9139136672019958,0.693051815032959,0.5884435772895813,-0.5207621455192566,0.9065638184547424,0.7457275986671448,0.42105284333229065,0.0030503785237669945,0.9988595843315125,0.7100737690925598,0.4159731864929199,-0.0030656238086521626,0.9983549118041992,0.7289403676986694,0.4654575288295746,0.22526784241199493,0.15519554913043976,0.7160692811012268,0.43994781374931335,0.2207837849855423,0.1323632448911667,0.7154817581176758,0.45584991574287415,0.506187379360199,0.09002512693405151,0.7065969705581665,0.45801788568496704,0.5055238008499146,0.03498655930161476,0.7153350114822388,0.44483745098114014,0.5375257730484009,0.1977309137582779,0.7080322504043579,0.45387667417526245,0.5376467108726501,0.07124606519937515,0.7068800330162048,0.4707401394844055,0.5867968797683716,0.12852077186107635,0.7031724452972412,0.4705047905445099,0.5873565077781677,0.0637257993221283
67,0.7125684022903442,0.5012289881706238,-0.45653051137924194,0.9999587535858154,0.7162591218948364,0.49177491664886475,-0.46002715826034546,0.9999386668205261,0.7198264002799988,0.49252182245254517,-0.46001797914505005,0.9999361038208008,0.7234885692596436,0.4930915832519531,-0.4600537419319153,0.9999144673347473,0.707198977470398,0.4863317608833313,-0.4597718119621277,0.9999488592147827,0.7057706117630005,0.48409852385520935,-0.45981183648109436,0.9999459981918335,0.7035403251647949,0.481267511844635,-0.4597897529602051,0.9999445676803589,0.7277684211730957,0.47501835227012634,-0.40520328283309937,0.9998571276664734,0.7004503011703491,0.47329360246658325,-0.40419381856918335,0.9999365210533142,0.7178927063941956,0.5061423182487488,-0.42705005407333374,0.9998858571052551,0.7080084681510925,0.5019761323928833,-0.42711883783340454,0.999847948551178,0.7552623748779297,0.4844891130924225,-0.32721078395843506,0.998759388923645,0.6785141825675964,0.4671805799007416,-0.3253374695777893,0.9989888072013855,0.7958678007125854,0.5638828873634338,-0.40592771768569946,0.9984869956970215,0.6399520635604858,0.5560328364372253,-0.3966500759124756,0.9948873519897461,0.7514384388923645,0.6002228856086731,-0.491644948720932,0.9954350590705872,0.6911866664886475,0.5928093791007996,-0.48310190439224243,0.990836501121521,0.7395791411399841,0.6132718920707703,-0.5221073627471924,0.9711536765098572,0.7027073502540588,0.6132062077522278,-0.49999839067459106,0.9574347138404846,0.7371362447738647,0.593022882938385,-0.5305253863334656,0.9548959732055664,0.7075238227844238,0.5910741090774536,-0.4920000433921814,0.9324091076850891,0.7406405210494995,0.5918977856636047,-0.49059152603149414,0.9157388210296631,0.7044724225997925,0.5884761214256287,-0.4782834053039551,0.903421938419342,0.7445377111434937,0.4325059652328491,0.002543622860684991,0.998752236366272,0.7086915969848633,0.4212430417537689,-0.0025665953289717436,0.9982535243034363,0.7289935350418091,0.4911070466041565,0.19598904252052307,0.1437944918870926,0.7199724316596985,0.46479085087776184,0.18832047283649445,0.13062390685081482,0.7202516794204712,0.4834567904472351,0.45820945501327515,0.08251386880874634,0.7217694520950317,0.4819397032260895,0.45344114303588867,0.0326048769056797,0.7206886410713196,0.4737900495529175,0.4870179295539856,0.1822735220193863,0.724263608455658,0.47824305295944214,0.4827576279640198,0.06705306470394135,0.7123883962631226,0.4940156638622284,0.5726193189620972,0.12580740451812744,0.7223773002624512,0.4957965314388275,0.5402913093566895,0.06479151546955109
68,0.7126568555831909,0.5106073021888733,-0.4489177167415619,0.9999628663063049,0.7165550589561462,0.5003467798233032,-0.4540131688117981,0.999944806098938,0.7201187610626221,0.5005066394805908,-0.45398983359336853,0.9999424815177917,0.7236571311950684,0.4988943636417389,-0.4540185034275055,0.9999229907989502,0.7075861692428589,0.4968447685241699,-0.453125,0.9999539852142334,0.7056035995483398,0.494832307100296,-0.4531843066215515,0.9999513626098633,0.7032163143157959,0.4917106628417969,-0.45316392183303833,0.999950110912323,0.7276440858840942,0.4821486175060272,-0.40014299750328064,0.9998713731765747,0.6998516917228699,0.4836951494216919,-0.3975420594215393,0.9999428391456604,0.7177566885948181,0.5125405788421631,-0.41949185729026794,0.9998972415924072,0.7080289125442505,0.5110086798667908,-0.41883721947669983,0.9998630881309509,0.754672110080719,0.48611852526664734,-0.32436898350715637,0.9988698959350586,0.6772471070289612,0.4680427014827728,-0.3217160105705261,0.9990864396095276,0.7956204414367676,0.5899600982666016,-0.40143007040023804,0.9986382722854614,0.6395695209503174,0.5564452409744263,-0.39377331733703613,0.9953984618186951,0.7514677047729492,0.6019957661628723,-0.48516494035720825,0.9958414435386658,0.6834703683853149,0.59201979637146,-0.47325509786605835,0.9914901256561279,0.7398096323013306,0.6157274842262268,-0.5133671164512634,0.9719055891036987,0.6945534944534302,0.6122347116470337,-0.4988020360469818,0.9550082683563232,0.7373360395431519,0.5935103893280029,-0.5064337849617004,0.9551642537117004,0.6994249820709229,0.5896334052085876,-0.48813748359680176,0.9268519282341003,0.7408455014228821,0.5925271511077881,-0.4828341603279114,0.9165880084037781,0.6965029835700989,0.5864977240562439,-0.47070756554603577,0.8961107730865479,0.7440067529678345,0.4302431643009186,0.0026423705276101828,0.9987673163414001,0.7064725160598755,0.41962823271751404,-0.0026638878043740988,0.9983041286468506,0.7322497367858887,0.48104700446128845,0.20444297790527344,0.13273493945598602,0.7196916937828064,0.45364081859588623,0.19168303906917572,0.13049456477165222,0.730898916721344,0.47584694623947144,0.45937690138816833,0.0757548063993454,0.7223690748214722,0.4699878990650177,0.4585022032260895,0.03038301318883896,0.7318483591079712,0.464885413646698,0.48795223236083984,0.17057597637176514,0.7250735759735107,0.46583858132362366,0.48779621720314026,0.06450239568948746,0.7241557240486145,0.49039149284362793,0.5455324053764343,0.12042603641748428,0.721809446811676,0.4848457872867584,0.5440124869346619,0.06339690089225769
69,0.7119084596633911,0.5282929539680481,-0.39663293957710266,0.9999650716781616,0.7153649926185608,0.5102262496948242,-0.40174174308776855,0.9999451637268066,0.7202586531639099,0.511963963508606,-0.4017602801322937,0.9999452233314514,0.7220590114593506,0.5088081955909729,-0.4018024802207947,0.9999226927757263,0.7055105566978455,0.5078386664390564,-0.40098080039024353,0.9999557733535767,0.705518901348114,0.5089632868766785,-0.40103524923324585,0.9999546408653259,0.7030671238899231,0.5072430968284607,-0.4010498523712158,0.999951958656311,0.7278698086738586,0.49552619457244873,-0.351052463054657,0.9998725652694702,0.6995200514793396,0.49408793449401855,-0.34947139024734497,0.9999443292617798,0.7174152135848999,0.5275603532791138,-0.36881953477859497,0.9998980164527893,0.7074545621871948,0.528523325920105,-0.3684445023536682,0.9998671412467957,0.7548229694366455,0.5011942982673645,-0.2745535969734192,0.9988868832588196,0.6778931021690369,0.4770549237728119,-0.27310842275619507,0.9991135001182556,0.7964845299720764,0.5826475024223328,-0.29056674242019653,0.9987742900848389,0.6381798982620239,0.5555896759033203,-0.29864373803138733,0.9958578944206238,0.7528849244117737,0.5959281325340271,-0.31732791662216187,0.9961454272270203,0.6820840239524841,0.5884749293327332,-0.3407599627971649,0.9913718700408936,0.7411421537399292,0.6077175736427307,-0.3292582631111145,0.9713846445083618,0.6910749673843384,0.6069153547286987,-0.35831618309020996,0.9469137191772461,0.7375359535217285,0.5869091153144836,-0.3198395371437073,0.9536212086677551,0.6967428922653198,0.5861263871192932,-0.34915927052497864,0.914723813533783,0.741309642791748,0.5862525701522827,-0.31223204731941223,0.9151020050048828,0.6947329044342041,0.5837336778640747,-0.33643943071365356,0.8801407814025879,0.7440282106399536,0.43880173563957214,0.0038477573543787003,0.9985700845718384,0.7086735963821411,0.42279544472694397,-0.0038481210358440876,0.9980700016021729,0.7319029569625854,0.493852823972702,0.19442115724086761,0.12350811809301376,0.7195705771446228,0.46542972326278687,0.18531540036201477,0.1289728730916977,0.72813880443573,0.4866950213909149,0.4383503794670105,0.07073517143726349,0.7170504331588745,0.48404383659362793,0.4322674870491028,0.029763882979750633,0.728721022605896,0.47569745779037476,0.4662103056907654,0.16266734898090363,0.7182911038398743,0.48034214973449707,0.45992550253868103,0.06437336653470993,0.7222033739089966,0.5029957294464111,0.5202709436416626,0.11737122386693954,0.7151795625686646,0.5013858079910278,0.5095697641372681,0.06417504698038101
70,0.7091434597969055,0.532859742641449,-0.39797356724739075,0.9999685287475586,0.7140980362892151,0.5182704925537109,-0.40948987007141113,0.9999505877494812,0.7182896137237549,0.5186706781387329,-0.4095025956630707,0.9999507069587708,0.7208983302116394,0.5168217420578003,-0.4095838665962219,0.9999303817749023,0.7048656344413757,0.515433669090271,-0.4105026125907898,0.99996018409729,0.7027875781059265,0.5136920213699341,-0.4105618894100189,0.9999591708183289,0.7003980278968811,0.512006402015686,-0.4105347692966461,0.9999567270278931,0.7235797643661499,0.49998947978019714,-0.3816043734550476,0.9998852014541626,0.6974762678146362,0.4986388683319092,-0.3842088282108307,0.9999498128890991,0.7153101563453674,0.5326160788536072,-0.37741196155548096,0.9999080896377563,0.7047990560531616,0.5351516604423523,-0.3788359463214874,0.9998802542686462,0.755795419216156,0.49858802556991577,-0.29080361127853394,0.9989935755729675,0.6782588362693787,0.4812251925468445,-0.3214346766471863,0.999200701713562,0.7988258004188538,0.5773138999938965,-0.3770803213119507,0.9988968372344971,0.6255618333816528,0.5585581660270691,-0.40190553665161133,0.9962720274925232,0.7524815797805786,0.589191198348999,-0.45512041449546814,0.9964297413825989,0.6785664558410645,0.5895904302597046,-0.48946577310562134,0.9920694828033447,0.7350334525108337,0.598512589931488,-0.47254180908203125,0.9689755439758301,0.6866653561592102,0.6102301478385925,-0.5172199606895447,0.9447689056396484,0.7348895072937012,0.5799112319946289,-0.46015018224716187,0.9472532868385315,0.691345751285553,0.5868887305259705,-0.5033661723136902,0.9073019623756409,0.7404716610908508,0.5806441903114319,-0.44925299286842346,0.9060174226760864,0.6890627145767212,0.584361732006073,-0.4833551049232483,0.8723989725112915,0.7509642839431763,0.4351860582828522,0.003653224091976881,0.9987115859985352,0.7117997407913208,0.4215516746044159,-0.003634506370872259,0.9982578754425049,0.7581233382225037,0.45313507318496704,0.22670772671699524,0.11438615620136261,0.7189271450042725,0.4333861172199249,0.21350856125354767,0.12055978178977966,0.7695187330245972,0.4305950999259949,0.4923307001590729,0.06521902978420258,0.7145016193389893,0.4394508898258209,0.5013874173164368,0.027396822348237038,0.7714287042617798,0.41039979457855225,0.5235586166381836,0.16132056713104248,0.7155213356018066,0.4285396933555603,0.534316897392273,0.0626891627907753,0.7725156545639038,0.44997769594192505,0.5987339615821838,0.11003310978412628,0.7129040360450745,0.4531249701976776,0.612808883190155,0.060644302517175674
71,0.7093222141265869,0.5412986278533936,-0.3925691843032837,0.9999716281890869,0.714460551738739,0.5304124355316162,-0.40499186515808105,0.9999554753303528,0.7185346484184265,0.5306342840194702,-0.4050326943397522,0.9999555945396423,0.7214418649673462,0.5308278203010559,-0.40517133474349976,0.9999372959136963,0.7054740190505981,0.5283095240592957,-0.4077654778957367,0.9999641180038452,0.7033480405807495,0.5266244411468506,-0.4078052043914795,0.9999632239341736,0.7008879780769348,0.5251420140266418,-0.4077909588813782,0.9999610185623169,0.7246131300926208,0.5186383724212646,-0.3865339756011963,0.9998965859413147,0.6979283094406128,0.5088984370231628,-0.3904346823692322,0.9999547600746155,0.7150946259498596,0.5429562330245972,-0.37527090311050415,0.999917209148407,0.7048615217208862,0.5429670214653015,-0.37880492210388184,0.9998920559883118,0.7570087909698486,0.5062664151191711,-0.31732815504074097,0.9990929365158081,0.6850849390029907,0.47888442873954773,-0.3394501507282257,0.9992779493331909,0.799138605594635,0.5721511244773865,-0.40089282393455505,0.999006986618042,0.6258865594863892,0.5291385054588318,-0.4274553656578064,0.9966422915458679,0.7523447871208191,0.5841130614280701,-0.4946434497833252,0.9965925812721252,0.6759214997291565,0.5789695382118225,-0.5409058332443237,0.9924024343490601,0.736070990562439,0.5972176194190979,-0.5220823287963867,0.9675874710083008,0.6838188767433167,0.606488823890686,-0.5756856203079224,0.9407747387886047,0.7354000806808472,0.5824124813079834,-0.512560248374939,0.9443825483322144,0.689801812171936,0.5871782898902893,-0.5634171366691589,0.8983265161514282,0.7406445741653442,0.5800197720527649,-0.49193716049194336,0.9018118381500244,0.6865681409835815,0.5831552147865295,-0.5372980237007141,0.8651922345161438,0.7567857503890991,0.43267929553985596,0.005321010947227478,0.9988403916358948,0.7176283597946167,0.41610369086265564,-0.005392484832555056,0.9984317421913147,0.7774305939674377,0.4356190860271454,0.22968438267707825,0.11901376396417618,0.7166261076927185,0.425102561712265,0.23024897277355194,0.11563233286142349,0.7991203665733337,0.4102270007133484,0.5111971497535706,0.06706809252500534,0.7098291516304016,0.42900776863098145,0.5320509076118469,0.02638128213584423,0.8012598156929016,0.3938758075237274,0.5445199012756348,0.18651023507118225,0.7088205218315125,0.41852399706840515,0.5657256841659546,0.06490340083837509,0.8068704605102539,0.41727617383003235,0.5985758304595947,0.10514570027589798,0.7112351059913635,0.4421963691711426,0.6216180324554443,0.057517897337675095
72,0.7078958749771118,0.5412881374359131,-0.35256022214889526,0.9999743700027466,0.7122480869293213,0.5287256240844727,-0.3669970631599426,0.9999596476554871,0.7159177660942078,0.5287506580352783,-0.3670352101325989,0.9999598264694214,0.7192632555961609,0.5287031531333923,-0.36712542176246643,0.9999432563781738,0.7048495411872864,0.5263358354568481,-0.3682885766029358,0.9999675750732422,0.7022411227226257,0.5242744088172913,-0.36833009123802185,0.9999668002128601,0.7000191807746887,0.5226137638092041,-0.36830946803092957,0.9999647736549377,0.72504723072052,0.5167142152786255,-0.362403005361557,0.9999065399169922,0.697982907295227,0.5082134008407593,-0.3673561215400696,0.9999590516090393,0.7135907411575317,0.5429568290710449,-0.34043198823928833,0.9999253153800964,0.7039889097213745,0.5412053465843201,-0.34181299805641174,0.9999025464057922,0.7604178190231323,0.5126382112503052,-0.31886231899261475,0.9991829991340637,0.6844190359115601,0.4779081642627716,-0.32329076528549194,0.9993496537208557,0.8019680976867676,0.5975398421287537,-0.4044346213340759,0.999106228351593,0.621859073638916,0.5303781032562256,-0.40482693910598755,0.9969779849052429,0.7510401010513306,0.5854950547218323,-0.48358607292175293,0.9965763092041016,0.656808614730835,0.5809329748153687,-0.489035040140152,0.99303138256073,0.7337039113044739,0.5959640145301819,-0.5070412755012512,0.959908127784729,0.6648551225662231,0.6066901087760925,-0.5185951590538025,0.9412319660186768,0.733799159526825,0.5784292221069336,-0.4929378032684326,0.9279306530952454,0.6702272891998291,0.5892583131790161,-0.5284868478775024,0.8959128260612488,0.7394154667854309,0.5777006149291992,-0.47785264253616333,0.8781560063362122,0.6665065884590149,0.5852271318435669,-0.48565101623535156,0.8619890213012695,0.7598111033439636,0.4314705431461334,-0.00023102867999114096,0.9989563226699829,0.7185717821121216,0.4155882000923157,0.0002864307607524097,0.9985883831977844,0.7867523431777954,0.4040376543998718,0.19179870188236237,0.1313113123178482,0.7307894229888916,0.4206590950489044,0.24473294615745544,0.11039135605096817,0.8265835046768188,0.36321181058883667,0.388069212436676,0.08588957786560059,0.7404399514198303,0.3936203718185425,0.496579110622406,0.027911024168133736,0.8319090008735657,0.34391090273857117,0.41296321153640747,0.24703696370124817,0.743786633014679,0.37706252932548523,0.5276987552642822,0.08168310672044754,0.8410657644271851,0.3777216672897339,0.47730809450149536,0.1129666417837143,0.7439607381820679,0.4003508687019348,0.586381196975708,0.05808580294251442
73,0.7062617540359497,0.5555106997489929,-0.38665321469306946,0.999970018863678,0.7127078771591187,0.5434414148330688,-0.39250218868255615,0.9999533891677856,0.7165169715881348,0.5438300967216492,-0.3925216794013977,0.9999539256095886,0.7198998332023621,0.544108510017395,-0.3925839066505432,0.9999337196350098,0.7036190032958984,0.5387252569198608,-0.39398497343063354,0.9999653697013855,0.7009180784225464,0.5358493328094482,-0.39403170347213745,0.9999660849571228,0.6983699202537537,0.5328352451324463,-0.39405539631843567,0.9999634027481079,0.7254103422164917,0.5332054495811462,-0.34565603733062744,0.9998878836631775,0.6966217756271362,0.5154605507850647,-0.35406583547592163,0.9999508261680603,0.7118023633956909,0.5591002702713013,-0.36173298954963684,0.9998960494995117,0.7006559371948242,0.5562781691551208,-0.36399033665657043,0.9998853802680969,0.7597135305404663,0.5331748127937317,-0.2693885266780853,0.9992362260818481,0.6797139048576355,0.4898638129234314,-0.2848701775074005,0.999398410320282,0.7808786630630493,0.5898401737213135,-0.254926472902298,0.9991917610168457,0.6241140961647034,0.5257149934768677,-0.2805017828941345,0.9972434639930725,0.7456726431846619,0.5927712321281433,-0.28173625469207764,0.9949542880058289,0.6389147043228149,0.5849366784095764,-0.2988252639770508,0.9906958937644958,0.7341803312301636,0.5995270013809204,-0.30029189586639404,0.951995313167572,0.6380611658096313,0.6060941219329834,-0.31866586208343506,0.9325186014175415,0.7335958480834961,0.5930528044700623,-0.29867348074913025,0.9170141816139221,0.6437453627586365,0.5994262099266052,-0.31713682413101196,0.8851531744003296,0.735568642616272,0.5837029218673706,-0.28111058473587036,0.8611156344413757,0.6527872681617737,0.5912587642669678,-0.2976129651069641,0.8469712138175964,0.7479047179222107,0.47351834177970886,0.003752661868929863,0.999051034450531,0.7120584845542908,0.4496857821941376,-0.0037245452404022217,0.9987194538116455,0.7324064373970032,0.48776277899742126,0.19362808763980865,0.12333305925130844,0.7043396234512329,0.4670146405696869,0.20347003638744354,0.11435781419277191,0.7265656590461731,0.46318623423576355,0.4012165665626526,0.08540527522563934,0.7146776914596558,0.44715046882629395,0.43663525581359863,0.04128139466047287,0.728155255317688,0.4500362277030945,0.43480902910232544,0.2381976991891861,0.7194703817367554,0.433889776468277,0.46222370862960815,0.09799084067344666,0.7140148878097534,0.48680785298347473,0.5051244497299194,0.10485699772834778,0.7051568627357483,0.47176262736320496,0.48066383600234985,0.056709062308073044
74,0.706835925579071,0.5490368604660034,-0.3788808286190033,0.9999728798866272,0.7129972577095032,0.5376361608505249,-0.3860918879508972,0.9999577403068542,0.7158862352371216,0.5349939465522766,-0.38609281182289124,0.9999582767486572,0.7192525863647461,0.5351935625076294,-0.3861285448074341,0.9999399185180664,0.7039939165115356,0.534788191318512,-0.38601580262184143,0.9999686479568481,0.7013788223266602,0.5328482985496521,-0.3860611319541931,0.9999693632125854,0.6987140774726868,0.5307031273841858,-0.3860638737678528,0.9999668598175049,0.7256971001625061,0.5246000289916992,-0.34917303919792175,0.9998981952667236,0.6965225338935852,0.5155903100967407,-0.3505971133708954,0.9999554753303528,0.712396502494812,0.5512693524360657,-0.3566708564758301,0.9999060034751892,0.7016635537147522,0.5501110553741455,-0.35713645815849304,0.9998963475227356,0.7597845792770386,0.5295407772064209,-0.2828361392021179,0.9992963671684265,0.6798351407051086,0.4862859547138214,-0.2869701087474823,0.999448835849762,0.781584620475769,0.5810405015945435,-0.32610446214675903,0.9992721676826477,0.6265003085136414,0.5250096917152405,-0.3318651020526886,0.9975160360336304,0.7478023171424866,0.5873270034790039,-0.38766002655029297,0.9952821135520935,0.6507774591445923,0.5706193447113037,-0.39078009128570557,0.9903460144996643,0.7379227876663208,0.5944315195083618,-0.4078437387943268,0.9535390734672546,0.6544252038002014,0.5894542932510376,-0.41400018334388733,0.9262192845344543,0.7351158857345581,0.5798139572143555,-0.4010184705257416,0.9193008542060852,0.6603091955184937,0.5785201191902161,-0.40655335783958435,0.8752425909042358,0.7371172308921814,0.5777499675750732,-0.3851584494113922,0.8638614416122437,0.6623443365097046,0.5753525495529175,-0.38800758123397827,0.8342803120613098,0.7500849962234497,0.4603838622570038,0.0038048657588660717,0.9989928603172302,0.7139897346496582,0.43705710768699646,-0.003788317320868373,0.998658299446106,0.7315941452980042,0.5061502456665039,0.17497366666793823,0.11381001025438309,0.7093373537063599,0.46867066621780396,0.16648302972316742,0.11176390945911407,0.7261015176773071,0.5027205348014832,0.41086602210998535,0.07796649634838104,0.711760401725769,0.4931209981441498,0.40651553869247437,0.03840257599949837,0.7273421287536621,0.49152132868766785,0.4378294348716736,0.21856556832790375,0.7146431803703308,0.48718470335006714,0.4329521059989929,0.09196121245622635,0.7182866930961609,0.5271437168121338,0.4821169972419739,0.0967692881822586,0.7058907747268677,0.5254826545715332,0.47285494208335876,0.054245468229055405
75,0.7068471908569336,0.553325891494751,-0.38560694456100464,0.999965488910675,0.7131386995315552,0.5413663387298584,-0.38895586133003235,0.9999513626098633,0.7163046002388,0.5414363145828247,-0.3889414668083191,0.9999483227729797,0.7196349501609802,0.5420389771461487,-0.3889796733856201,0.9999188780784607,0.703940749168396,0.5396709442138672,-0.38937824964523315,0.9999657869338989,0.7010199427604675,0.5376792550086975,-0.38943737745285034,0.9999670386314392,0.6982206702232361,0.5354878306388855,-0.38946813344955444,0.9999637007713318,0.725873589515686,0.5373108386993408,-0.3327341675758362,0.9998617768287659,0.6953437924385071,0.5237094163894653,-0.3359202742576599,0.9999486207962036,0.712405264377594,0.5573228001594543,-0.35784274339675903,0.9998672604560852,0.7015191912651062,0.5553963780403137,-0.3589167594909668,0.9998723864555359,0.7569741010665894,0.5402914881706238,-0.24674399197101593,0.9993034601211548,0.6756512522697449,0.5035988688468933,-0.2503657639026642,0.9994432330131531,0.7702292203903198,0.5708644390106201,-0.20141561329364777,0.9992948174476624,0.6408027410507202,0.5278233289718628,-0.20818141102790833,0.9970322251319885,0.7478771209716797,0.5797325968742371,-0.18142864108085632,0.9920303225517273,0.6544111967086792,0.5764634609222412,-0.17669685184955597,0.982568085193634,0.7484294772148132,0.5859909653663635,-0.19138477742671967,0.944365918636322,0.6549500823020935,0.5899388790130615,-0.18562084436416626,0.9107754826545715,0.7432720065116882,0.5748485326766968,-0.19471949338912964,0.9098613262176514,0.6634986400604248,0.5871346592903137,-0.1883908361196518,0.8595900535583496,0.7410925626754761,0.5718851089477539,-0.18176904320716858,0.8496516346931458,0.6654900908470154,0.5820537209510803,-0.17645373940467834,0.8154110908508301,0.7440841794013977,0.48320698738098145,0.0014258339069783688,0.9990139603614807,0.7095023989677429,0.4596254229545593,-0.0015154770808294415,0.9987223148345947,0.7286233305931091,0.5382099151611328,0.15032969415187836,0.11232083290815353,0.7005690336227417,0.5029313564300537,0.15525615215301514,0.12398537248373032,0.7158677577972412,0.5122302770614624,0.3651542365550995,0.08238139748573303,0.7030529975891113,0.4969654977321625,0.36032894253730774,0.05908573791384697,0.7151406407356262,0.501838207244873,0.3892146050930023,0.21141937375068665,0.704590916633606,0.49149954319000244,0.3829379677772522,0.10285017639398575,0.7086981534957886,0.5316677689552307,0.40500491857528687,0.09075342118740082,0.6990002989768982,0.5181882381439209,0.3907553553581238,0.0545162633061409
76,0.7061561942100525,0.558559238910675,-0.3442181348800659,0.9999569058418274,0.7116572260856628,0.5493049025535583,-0.34802573919296265,0.9999474883079529,0.7160260081291199,0.5440918207168579,-0.34798166155815125,0.999940812587738,0.7191035747528076,0.5443889498710632,-0.3479776978492737,0.9999030828475952,0.7024080157279968,0.5468094944953918,-0.3484977185726166,0.9999634623527527,0.6997789740562439,0.5447996854782104,-0.34855154156684875,0.9999645948410034,0.6969363689422607,0.542454719543457,-0.3485773503780365,0.9999606013298035,0.7258220911026001,0.5384489893913269,-0.2975977957248688,0.999833345413208,0.6939421892166138,0.5311629176139832,-0.30118459463119507,0.9999434351921082,0.711963415145874,0.5626648664474487,-0.31875619292259216,0.9998245239257812,0.7010852098464966,0.559778094291687,-0.32007622718811035,0.9998564124107361,0.7546270489692688,0.5431684851646423,-0.21431203186511993,0.999260425567627,0.6760693788528442,0.5100410580635071,-0.2174336463212967,0.9993990063667297,0.7660814523696899,0.5598897933959961,-0.1479412317276001,0.9984577298164368,0.6499544978141785,0.5288262367248535,-0.14698049426078796,0.9890506267547607,0.7459179759025574,0.5779786109924316,-0.12432603538036346,0.9839492440223694,0.6635358929634094,0.5767531991004944,-0.09706848114728928,0.9697137475013733,0.7465494275093079,0.5852210521697998,-0.1329108476638794,0.9343752861022949,0.6583923697471619,0.5944490432739258,-0.10049211978912354,0.8965659737586975,0.7424119710922241,0.5755500197410583,-0.13940899074077606,0.9023234844207764,0.6718953251838684,0.5878079533576965,-0.10751070827245712,0.8483636975288391,0.7391984462738037,0.5722614526748657,-0.12591180205345154,0.8403923511505127,0.6751053333282471,0.5825276970863342,-0.09789649397134781,0.8041191101074219,0.7395706176757812,0.4874325096607208,-0.0022892493288964033,0.9990115165710449,0.706843912601471,0.4642965495586395,0.00216240668669343,0.9987452030181885,0.7239692211151123,0.5312855839729309,0.1407637894153595,0.11043090373277664,0.6949840784072876,0.505531907081604,0.1483841985464096,0.12272577732801437,0.7144730091094971,0.515296995639801,0.34220415353775024,0.08677950501441956,0.7008386850357056,0.49922752380371094,0.34081047773361206,0.07183074206113815,0.7136681079864502,0.5084335803985596,0.3646339178085327,0.20390985906124115,0.7026582360267639,0.4951809346675873,0.3624032139778137,0.10767598450183868,0.7086942791938782,0.5324106812477112,0.37371453642845154,0.08531053364276886,0.6983998417854309,0.5171507596969604,0.36661645770072937,0.05281979963183403
77,0.7056264281272888,0.5662565231323242,-0.3213045001029968,0.999935507774353,0.71073979139328,0.5566533207893372,-0.3257507085800171,0.9999372363090515,0.7148402333259583,0.5502309799194336,-0.3256845772266388,0.999925971031189,0.717589259147644,0.5506677031517029,-0.32568359375,0.9998794794082642,0.7019201517105103,0.5541407465934753,-0.326646089553833,0.9999561905860901,0.6990062594413757,0.5519152283668518,-0.326703816652298,0.9999576210975647,0.6967157125473022,0.5496904850006104,-0.3267168402671814,0.9999536871910095,0.7246590256690979,0.544646143913269,-0.2801574170589447,0.9997913241386414,0.6941183805465698,0.5360421538352966,-0.2856922745704651,0.9999352097511292,0.7119485139846802,0.5666486620903015,-0.29786795377731323,0.9997711777687073,0.7007929682731628,0.5647730231285095,-0.29975003004074097,0.9998364448547363,0.751410961151123,0.5509184002876282,-0.19615647196769714,0.9990694522857666,0.6773102879524231,0.5141566395759583,-0.20156502723693848,0.9993284344673157,0.7593168616294861,0.5632583498954773,-0.11521001160144806,0.9857183694839478,0.6620376706123352,0.5300067663192749,-0.11954833567142487,0.9792317748069763,0.7408052682876587,0.5805579423904419,-0.08118144422769547,0.9418557286262512,0.6711219549179077,0.5778988599777222,-0.06124304607510567,0.9523305296897888,0.7431578040122986,0.5863725543022156,-0.08740662038326263,0.8876935839653015,0.6658636927604675,0.5899616479873657,-0.06352604925632477,0.8792497515678406,0.7372201681137085,0.5792492628097534,-0.09622261673212051,0.8581985831260681,0.6772720813751221,0.5849849581718445,-0.07299647480249405,0.8338388800621033,0.7344177961349487,0.5756461024284363,-0.08348323404788971,0.7971339821815491,0.6808570623397827,0.5812370181083679,-0.06263246387243271,0.7882491946220398,0.7382914423942566,0.48874595761299133,-0.0017050749156624079,0.9986888766288757,0.7070480585098267,0.46591269969940186,0.0016081666108220816,0.9986083507537842,0.7245675921440125,0.5412213206291199,0.11379392445087433,0.11212200671434402,0.696791410446167,0.5123999714851379,0.11143270879983902,0.12573949992656708,0.7174646854400635,0.5206067562103271,0.29046833515167236,0.0851653590798378,0.7024188041687012,0.5034520626068115,0.28007835149765015,0.08342147618532181,0.7167567610740662,0.5132883787155151,0.3100407123565674,0.19168394804000854,0.7044606804847717,0.4994863271713257,0.29911187291145325,0.11014038324356079,0.7128189206123352,0.5341504812240601,0.3149309754371643,0.08077999949455261,0.6984801888465881,0.5185290575027466,0.2987598776817322,0.054020997136831284
78,0.7029374241828918,0.5736503601074219,-0.32447245717048645,0.9999247789382935,0.7070811986923218,0.5646703243255615,-0.3299638628959656,0.9999348521232605,0.7113567590713501,0.5634597539901733,-0.3299265503883362,0.9999231100082397,0.7159444093704224,0.557780385017395,-0.3299456536769867,0.9998735189437866,0.697486937046051,0.5630794167518616,-0.3303869366645813,0.9999530911445618,0.6953291296958923,0.56123286485672,-0.3304517865180969,0.9999549388885498,0.6923182010650635,0.5587904453277588,-0.33047550916671753,0.999951183795929,0.722938597202301,0.5493646264076233,-0.285511314868927,0.999788224697113,0.6924232244491577,0.5428844690322876,-0.2886870503425598,0.999933660030365,0.7090924978256226,0.5740068554878235,-0.30112987756729126,0.9997561573982239,0.69831383228302,0.5721050500869751,-0.30225321650505066,0.9998294711112976,0.7472092509269714,0.5440934896469116,-0.20551292598247528,0.9990524649620056,0.6714340448379517,0.5177116990089417,-0.21016958355903625,0.9993199706077576,0.7606568336486816,0.5589175820350647,-0.13140927255153656,0.984375536441803,0.6519723534584045,0.5360885262489319,-0.1372213214635849,0.9732081294059753,0.7401350140571594,0.5854485630989075,-0.11004304885864258,0.9222411513328552,0.669522225856781,0.5957249402999878,-0.09379341453313828,0.9376725554466248,0.7424310445785522,0.5928918123245239,-0.11976175010204315,0.8691707253456116,0.6635135412216187,0.6089277267456055,-0.10082761198282242,0.8656767010688782,0.7344683408737183,0.5880680680274963,-0.12896153330802917,0.8417853713035583,0.6756373643875122,0.6042067408561707,-0.10740307718515396,0.8227222561836243,0.7317689061164856,0.5840592980384827,-0.11316192150115967,0.7787717580795288,0.6795488595962524,0.5991712212562561,-0.0947469100356102,0.776151180267334,0.7314839959144592,0.4928193688392639,-0.004275191575288773,0.9987024068832397,0.6997771263122559,0.47573554515838623,0.004256744869053364,0.9986317753791809,0.725236713886261,0.5475232601165771,0.13068151473999023,0.11673233658075333,0.6982688903808594,0.5162497758865356,0.13690558075904846,0.1349850744009018,0.718838632106781,0.5209655165672302,0.32119303941726685,0.09653808921575546,0.7042747139930725,0.49879324436187744,0.3230792284011841,0.10450714081525803,0.7178859114646912,0.5100811123847961,0.3426738679409027,0.1925954669713974,0.7060115933418274,0.4937480092048645,0.34443166851997375,0.12077485769987106,0.714678943157196,0.5414223670959473,0.353759229183197,0.07722524553537369,0.7002437114715576,0.5137400031089783,0.35036203265190125,0.05311005935072899
79,0.7000258564949036,0.5754463076591492,-0.3195914924144745,0.9999228715896606,0.7061177492141724,0.5666571855545044,-0.3238897919654846,0.9999364018440247,0.7099632024765015,0.5584906935691833,-0.3238498866558075,0.9999250173568726,0.7145633697509766,0.5654922723770142,-0.3238793909549713,0.9998740553855896,0.6957606077194214,0.5637606978416443,-0.32474103569984436,0.9999533295631409,0.6925854086875916,0.5607886910438538,-0.32480373978614807,0.9999551773071289,0.6905661821365356,0.5579714775085449,-0.3248210549354553,0.9999513626098633,0.7226573824882507,0.5543285608291626,-0.27541860938072205,0.999793529510498,0.6869697570800781,0.542457103729248,-0.27968305349349976,0.9999356269836426,0.7061481475830078,0.576346218585968,-0.29472845792770386,0.9997520446777344,0.6947490572929382,0.574043333530426,-0.296145498752594,0.9998309016227722,0.7458902597427368,0.5403779149055481,-0.1912255436182022,0.9989486336708069,0.6700630784034729,0.5180013179779053,-0.20214326679706573,0.999266505241394,0.7649660110473633,0.550474226474762,-0.12231602519750595,0.9789062142372131,0.6483654975891113,0.5507055521011353,-0.13292758166790009,0.9700790643692017,0.7407795786857605,0.5858497023582458,-0.11176685988903046,0.9039673209190369,0.6435636878013611,0.6433982849121094,-0.09556932002305984,0.9366287589073181,0.7418476343154907,0.5937818884849548,-0.12289335578680038,0.8539248704910278,0.6479060649871826,0.6524837017059326,-0.10441327095031738,0.869446337223053,0.7343517541885376,0.593880295753479,-0.13395431637763977,0.8289991617202759,0.6591788530349731,0.646446168422699,-0.10930897295475006,0.8300145268440247,0.7304517030715942,0.5868332982063293,-0.11584727466106415,0.764501690864563,0.6632839441299438,0.6388048529624939,-0.09598137438297272,0.7834111452102661,0.7294982671737671,0.49339795112609863,-0.00511288782581687,0.9985384345054626,0.6994274258613586,0.4733871817588806,0.005134754814207554,0.9985601305961609,0.7196222543716431,0.5514090061187744,0.12258030474185944,0.11869184672832489,0.6975501775741577,0.5136911869049072,0.11695697158575058,0.13848567008972168,0.7188144326210022,0.5326452255249023,0.3066762387752533,0.09976744651794434,0.7050233483314514,0.510093629360199,0.30084773898124695,0.10631034523248672,0.718765139579773,0.5239691138267517,0.32794228196144104,0.18886244297027588,0.7067463994026184,0.5069312453269958,0.3221437931060791,0.1188863217830658,0.7146313190460205,0.5504618287086487,0.3391656279563904,0.07384777814149857,0.7016680836677551,0.5267097353935242,0.32753103971481323,0.05053269490599632
80,0.6971189975738525,0.577735185623169,-0.32235413789749146,0.9999213218688965,0.7034741044044495,0.5681601166725159,-0.3284687399864197,0.9999378323554993,0.7076436877250671,0.5602236390113831,-0.32841214537620544,0.9999271631240845,0.7123274803161621,0.5647056102752686,-0.32842713594436646,0.9998746514320374,0.6930198669433594,0.5661218166351318,-0.32966625690460205,0.999954342842102,0.6896435022354126,0.5633008480072021,-0.32974398136138916,0.9999566674232483,0.6868475675582886,0.5603499412536621,-0.32976919412612915,0.9999524354934692,0.720260500907898,0.5532194375991821,-0.2850014567375183,0.9998007416725159,0.6836367249488831,0.5456100702285767,-0.2914586067199707,0.9999388456344604,0.7034890651702881,0.5786980390548706,-0.2988952100276947,0.9997562170028687,0.6923660635948181,0.5774344801902771,-0.30099448561668396,0.9998390078544617,0.7433786988258362,0.5423128604888916,-0.2051667720079422,0.9989886283874512,0.6644442677497864,0.5268805027008057,-0.21274152398109436,0.9993041753768921,0.7656214237213135,0.5470917820930481,-0.13012075424194336,0.9798049926757812,0.6487508416175842,0.5505220293998718,-0.12448640912771225,0.9653228521347046,0.7418686747550964,0.5826321244239807,-0.10087831318378448,0.8986437916755676,0.6593450307846069,0.6199039816856384,-0.05616741627454758,0.9152153134346008,0.7422808408737183,0.5913529992103577,-0.10696844011545181,0.8495421409606934,0.6545461416244507,0.6335633993148804,-0.05518405884504318,0.8509587049484253,0.7344495058059692,0.5894721746444702,-0.1146598607301712,0.8263019919395447,0.6681432723999023,0.6257521510124207,-0.05940675735473633,0.8127045631408691,0.7317663431167603,0.5840269327163696,-0.10286872088909149,0.759801983833313,0.6720012426376343,0.6198175549507141,-0.054820042103528976,0.7629125714302063,0.7253415584564209,0.5032621622085571,-0.0050930455327034,0.9985844492912292,0.6929898858070374,0.48837441205978394,0.005082021467387676,0.9986119270324707,0.7167145013809204,0.5568466782569885,0.13199101388454437,0.12719963490962982,0.6916110515594482,0.5351602435112,0.13361261785030365,0.14849378168582916,0.7192723751068115,0.5337405204772949,0.3250003159046173,0.11800145357847214,0.7049820423126221,0.5193485617637634,0.3221392035484314,0.12849855422973633,0.7194722890853882,0.526175320148468,0.34732702374458313,0.20254835486412048,0.7070742845535278,0.5146714448928833,0.34399017691612244,0.1297256201505661,0.7163552045822144,0.5479761958122253,0.3618963956832886,0.07264840602874756,0.7031055092811584,0.5347492694854736,0.3535185158252716,0.04999027028679848
81,0.6979340314865112,0.5819486379623413,-0.3264789283275604,0.9999047517776489,0.7030414342880249,0.5711477994918823,-0.33370596170425415,0.9999304413795471,0.7062444686889648,0.5699328780174255,-0.3336787819862366,0.9999200105667114,0.7129205465316772,0.572709321975708,-0.33371347188949585,0.9998560547828674,0.6939584016799927,0.5711215734481812,-0.334211528301239,0.9999476075172424,0.6908159255981445,0.5688572525978088,-0.33428817987442017,0.9999517798423767,0.6880042552947998,0.5678358674049377,-0.33432549238204956,0.999944269657135,0.7161683440208435,0.561636209487915,-0.2937749922275543,0.999779999256134,0.6835939884185791,0.55655837059021,-0.29683762788772583,0.9999319911003113,0.7038797736167908,0.5797523260116577,-0.3037588894367218,0.99970942735672,0.6923654079437256,0.5814865827560425,-0.3048769235610962,0.9998211860656738,0.7388423085212708,0.5490403771400452,-0.21591994166374207,0.9989962577819824,0.6636136770248413,0.5346963405609131,-0.2185109406709671,0.9992953538894653,0.7637177109718323,0.5471236109733582,-0.13738957047462463,0.9798192381858826,0.6472254395484924,0.5487459301948547,-0.1286987066268921,0.958412230014801,0.7408403158187866,0.5827964544296265,-0.09731265902519226,0.8819628357887268,0.6594270467758179,0.6138493418693542,-0.06019265204668045,0.8971434831619263,0.741543173789978,0.591849684715271,-0.10387680679559708,0.8376493453979492,0.6567431092262268,0.6286290287971497,-0.06023017317056656,0.835455596446991,0.7327166199684143,0.5893663167953491,-0.11182770878076553,0.8154987692832947,0.6680876016616821,0.6220887303352356,-0.0650615394115448,0.7976040840148926,0.7303912043571472,0.5839444398880005,-0.0992562547326088,0.745532214641571,0.6716790795326233,0.6165598630905151,-0.05916772410273552,0.7461563348770142,0.7232910990715027,0.49781420826911926,-0.0075492532923817635,0.9986743927001953,0.6935284733772278,0.48588234186172485,0.0075627886690199375,0.9986724257469177,0.7184191942214966,0.5386548638343811,0.13957113027572632,0.13980606198310852,0.6949672698974609,0.5222207903862,0.13779887557029724,0.14285121858119965,0.723576009273529,0.5203253626823425,0.3450451195240021,0.1396564394235611,0.713744580745697,0.5151563286781311,0.34740012884140015,0.13956713676452637,0.7261582016944885,0.5130965113639832,0.36875513195991516,0.2217637151479721,0.717208743095398,0.5104424357414246,0.37042468786239624,0.1366303563117981,0.7231170535087585,0.5363299250602722,0.3853691816329956,0.0695628672838211,0.7166317701339722,0.5348963141441345,0.3871753513813019,0.04738606885075569
82,0.6952918171882629,0.5825021266937256,-0.32773277163505554,0.9999046921730042,0.7006855607032776,0.572845995426178,-0.33251339197158813,0.9999313950538635,0.7038547992706299,0.572184145450592,-0.3325064778327942,0.9999212026596069,0.710347592830658,0.5741328597068787,-0.3325381875038147,0.9998546838760376,0.6905878186225891,0.5714320540428162,-0.33421802520751953,0.9999491572380066,0.6880930662155151,0.5696766972541809,-0.3342873454093933,0.99995356798172,0.6848145723342896,0.5675586462020874,-0.33432328701019287,0.999945342540741,0.7144631147384644,0.5635155439376831,-0.2828185260295868,0.9997808933258057,0.6826689839363098,0.5555965900421143,-0.2913508713245392,0.9999348521232605,0.7015639543533325,0.5819919109344482,-0.3017576336860657,0.9997023344039917,0.68986976146698,0.5823678970336914,-0.3043866753578186,0.999823272228241,0.7421954870223999,0.553091287612915,-0.19901031255722046,0.9990518689155579,0.6611539125442505,0.5259519219398499,-0.21209871768951416,0.9993191957473755,0.7655172944068909,0.5505322813987732,-0.12930114567279816,0.9804920554161072,0.6353328227996826,0.5328545570373535,-0.12236104905605316,0.9547368884086609,0.7405199408531189,0.5831189751625061,-0.11123067140579224,0.8795545101165771,0.6592006087303162,0.5905776619911194,-0.05649566650390625,0.8892679214477539,0.740477979183197,0.592909038066864,-0.12077367305755615,0.8382183909416199,0.6576899886131287,0.6047279834747314,-0.05868937447667122,0.8283981084823608,0.7313495874404907,0.589613139629364,-0.12935826182365417,0.8168662786483765,0.668368399143219,0.6007179617881775,-0.06607428938150406,0.7906732559204102,0.7296430468559265,0.5845633745193481,-0.11423142999410629,0.7448245286941528,0.6716811060905457,0.595598578453064,-0.05677284672856331,0.7399105429649353,0.7272376418113708,0.4918369650840759,-0.006578830536454916,0.9987690448760986,0.6950592398643494,0.47634848952293396,0.006584263406693935,0.9987427592277527,0.7202161550521851,0.5331655144691467,0.14299461245536804,0.15439429879188538,0.6943582892417908,0.5135796070098877,0.1457671821117401,0.14431272447109222,0.7235977053642273,0.5141878128051758,0.34976229071617126,0.1701255589723587,0.7126595377922058,0.5062656402587891,0.3529850244522095,0.16054163873195648,0.7245310544967651,0.5055073499679565,0.3735602796077728,0.2561621367931366,0.7156068086624146,0.5014623403549194,0.37636834383010864,0.155130997300148,0.7219928503036499,0.5303735733032227,0.3895438313484192,0.06822853535413742,0.7142839431762695,0.525284469127655,0.38798004388809204,0.046306855976581573
83,0.6936901807785034,0.5800068974494934,-0.2856128513813019,0.9999004602432251,0.7000370025634766,0.5712027549743652,-0.2913934588432312,0.999930202960968,0.7042738199234009,0.5709195733070374,-0.29137641191482544,0.9999202489852905,0.7080858945846558,0.570827841758728,-0.29140740633010864,0.999849796295166,0.6895047426223755,0.5693191289901733,-0.2930681109428406,0.9999494552612305,0.6873223185539246,0.5676203370094299,-0.29313138127326965,0.9999542236328125,0.6835367679595947,0.5668866634368896,-0.29318493604660034,0.9999451041221619,0.7122683525085449,0.5583605170249939,-0.24968171119689941,0.9997803568840027,0.6810101866722107,0.5508191585540771,-0.2577170133590698,0.9999369382858276,0.6995714902877808,0.5790830254554749,-0.2626186013221741,0.9996934533119202,0.6888994574546814,0.5786675214767456,-0.26517993211746216,0.9998249411582947,0.7391976118087769,0.548192024230957,-0.17977812886238098,0.9990769624710083,0.6597436666488647,0.523192286491394,-0.18861469626426697,0.9993447065353394,0.7668377757072449,0.5418822169303894,-0.11195482313632965,0.9812987446784973,0.627008318901062,0.5284431576728821,-0.10328539460897446,0.9540795683860779,0.7406839728355408,0.5834969878196716,-0.08992170542478561,0.8717062473297119,0.652047336101532,0.5867795348167419,-0.0407087579369545,0.8838275074958801,0.7401686906814575,0.5933213829994202,-0.09743940085172653,0.8333871364593506,0.650513768196106,0.6002755165100098,-0.04155047982931137,0.82599276304245,0.7307360768318176,0.5905873775482178,-0.10469768196344376,0.813765287399292,0.6610259413719177,0.5973947048187256,-0.046373553574085236,0.7898090481758118,0.7292037606239319,0.5857932567596436,-0.09213954955339432,0.7396717071533203,0.6640989780426025,0.5926328301429749,-0.03986711427569389,0.7373343110084534,0.7237517833709717,0.4892784655094147,-0.006002034991979599,0.9988585710525513,0.6931177973747253,0.47434353828430176,0.0059957001358270645,0.9988221526145935,0.7155481576919556,0.5241323113441467,0.132475346326828,0.17172673344612122,0.6908870339393616,0.5094716548919678,0.13129638135433197,0.14761513471603394,0.7206447124481201,0.49749433994293213,0.31643372774124146,0.194206103682518,0.7086548209190369,0.49226778745651245,0.3159911036491394,0.1764606386423111,0.7206708788871765,0.48889032006263733,0.3385899066925049,0.28048720955848694,0.7114818692207336,0.48598992824554443,0.3379325866699219,0.16644921898841858,0.7201845645904541,0.5111541152000427,0.36170822381973267,0.06759610027074814,0.7133671045303345,0.5065186023712158,0.35648614168167114,0.04531456157565117
84,0.6930641531944275,0.5822088122367859,-0.28224921226501465,0.9998921155929565,0.6986452341079712,0.5740178823471069,-0.28807443380355835,0.9999281167984009,0.7031165361404419,0.573732852935791,-0.2880578637123108,0.9999188184738159,0.7075653076171875,0.5721744298934937,-0.2881026864051819,0.999845564365387,0.6878052949905396,0.5720678567886353,-0.2902100682258606,0.9999485611915588,0.6855396032333374,0.5701866745948792,-0.29026907682418823,0.9999536871910095,0.6819354295730591,0.5677476525306702,-0.29031503200531006,0.9999434947967529,0.7124682664871216,0.5586296319961548,-0.24740341305732727,0.9997799396514893,0.6795828938484192,0.5510225296020508,-0.257504940032959,0.9999377131462097,0.6993716359138489,0.5772196054458618,-0.25968480110168457,0.9996751546859741,0.6878336668014526,0.5806100368499756,-0.26282331347465515,0.9998195767402649,0.7399696707725525,0.5460900068283081,-0.17896488308906555,0.9990743398666382,0.6586294174194336,0.5217845439910889,-0.1893455535173416,0.9993208050727844,0.7675792574882507,0.5379481315612793,-0.11138256639242172,0.982189953327179,0.6252159476280212,0.5253198146820068,-0.10339442640542984,0.9522193670272827,0.7422749996185303,0.5826674699783325,-0.08792604506015778,0.8650323748588562,0.6477497816085815,0.5826019048690796,-0.037722669541835785,0.8725412487983704,0.7375593185424805,0.5941336154937744,-0.09363682568073273,0.8301923274993896,0.6457352042198181,0.5969476699829102,-0.03728460520505905,0.8196271657943726,0.7270137071609497,0.5916374921798706,-0.10128624737262726,0.811587393283844,0.6564061641693115,0.5947487950325012,-0.04012485221028328,0.7839070558547974,0.7256337404251099,0.586660623550415,-0.09009385854005814,0.7357367873191833,0.6594359278678894,0.5898050665855408,-0.03588087856769562,0.7285791039466858,0.723522961139679,0.4910764992237091,-0.006087764166295528,0.9989225268363953,0.6913028955459595,0.4779638648033142,0.00607603695243597,0.9988558292388916,0.718553364276886,0.5145267248153687,0.12941423058509827,0.19672882556915283,0.6915425658226013,0.5058354139328003,0.1298275589942932,0.1536388099193573,0.720521092414856,0.48198607563972473,0.30600228905677795,0.22353462874889374,0.7038137912750244,0.4828258454799652,0.3086528778076172,0.1893356889486313,0.7190423011779785,0.4716344475746155,0.32773253321647644,0.3132214844226837,0.705248236656189,0.4764946699142456,0.330121248960495,0.17611812055110931,0.7203344106674194,0.4964603781700134,0.3514156937599182,0.06727953255176544,0.7081671953201294,0.49739164113998413,0.34876957535743713,0.043480388820171356
85,0.6923437714576721,0.5838690996170044,-0.2942715585231781,0.9998936653137207,0.6983703374862671,0.5747069716453552,-0.29816457629203796,0.9999313354492188,0.7014952898025513,0.5736121535301208,-0.29816126823425293,0.9999222159385681,0.7059167623519897,0.5727033615112305,-0.298210471868515,0.9998514652252197,0.6883435249328613,0.5745446681976318,-0.2999376654624939,0.9999513030052185,0.6851113438606262,0.5721458792686462,-0.30000248551368713,0.9999561309814453,0.6814241409301758,0.5692715644836426,-0.3000606894493103,0.9999462366104126,0.7115660905838013,0.5561723709106445,-0.2512926459312439,0.9997899532318115,0.6790238618850708,0.5489931106567383,-0.25979000329971313,0.9999418258666992,0.6987860798835754,0.5794833302497864,-0.26988485455513,0.9996882677078247,0.6880642175674438,0.5804657936096191,-0.27251461148262024,0.9998290538787842,0.739027202129364,0.5454064011573792,-0.17130440473556519,0.99910569190979,0.6561552286148071,0.5203768610954285,-0.18956056237220764,0.9993529915809631,0.7663335800170898,0.5359079837799072,-0.11078356206417084,0.9824179410934448,0.6250837445259094,0.5267326831817627,-0.10304836928844452,0.9516454339027405,0.7435148358345032,0.5817281603813171,-0.10528258234262466,0.8637226819992065,0.6473819613456726,0.5841577649116516,-0.04433990269899368,0.8712928295135498,0.7361313104629517,0.5951387882232666,-0.11531086266040802,0.8297520875930786,0.644503116607666,0.599014937877655,-0.04744672030210495,0.8206961154937744,0.7250788807868958,0.5926536321640015,-0.12463559955358505,0.8123428225517273,0.6555794477462769,0.5963667631149292,-0.05405045300722122,0.7871914505958557,0.7240524888038635,0.587706446647644,-0.10903751850128174,0.7372158765792847,0.6589915752410889,0.5912628769874573,-0.04442919045686722,0.731056809425354,0.7229593992233276,0.4896014332771301,-0.001879737712442875,0.9990119338035583,0.6901788115501404,0.47510719299316406,0.0018841649871319532,0.9989431500434875,0.7177876234054565,0.5126972794532776,0.12388791143894196,0.2108961045742035,0.6803734302520752,0.5046755075454712,0.10144957154989243,0.1694086194038391,0.7184849977493286,0.4780862629413605,0.30040445923805237,0.2210560292005539,0.6934165954589844,0.48119989037513733,0.29351648688316345,0.1871495395898819,0.7174526453018188,0.467447966337204,0.32165592908859253,0.3073902130126953,0.696005642414093,0.4742218554019928,0.3162902593612671,0.17432142794132233,0.7169976830482483,0.4938195049762726,0.3441906273365021,0.06553038954734802,0.6928097009658813,0.49787724018096924,0.338680237531662,0.04179387539625168
86,0.6926157474517822,0.5810587406158447,-0.2881792187690735,0.9998986124992371,0.6991055607795715,0.5726071000099182,-0.2944163680076599,0.9999356269836426,0.7029937505722046,0.572144091129303,-0.29439669847488403,0.9999271631240845,0.7068610787391663,0.571459174156189,-0.2944457530975342,0.9998601078987122,0.6886991858482361,0.5718331336975098,-0.2954716384410858,0.9999544024467468,0.6860894560813904,0.5703256130218506,-0.29552286863327026,0.9999588131904602,0.6823714971542358,0.568145215511322,-0.29555538296699524,0.9999491572380066,0.7119148969650269,0.5555217266082764,-0.25467008352279663,0.9998049736022949,0.679718017578125,0.5486945509910583,-0.259309321641922,0.999946117401123,0.6995227932929993,0.5784843564033508,-0.26555782556533813,0.9997022151947021,0.6873799562454224,0.5793960094451904,-0.26716750860214233,0.9998388886451721,0.7372661828994751,0.5443606376647949,-0.18149836361408234,0.9991340637207031,0.6561846137046814,0.5237756371498108,-0.1897493451833725,0.999371349811554,0.7671077847480774,0.5326195359230042,-0.10936333239078522,0.9831045866012573,0.626245379447937,0.5246171355247498,-0.09866593033075333,0.9504764676094055,0.7435653209686279,0.5814259052276611,-0.07350678741931915,0.8579919338226318,0.6492018103599548,0.5836924910545349,-0.02734498120844364,0.8621513843536377,0.7354546785354614,0.5952345728874207,-0.07688558101654053,0.8266431093215942,0.6471590399742126,0.5983530879020691,-0.02531702257692814,0.8137978911399841,0.724469780921936,0.5923925042152405,-0.08495767414569855,0.8106017112731934,0.6575838327407837,0.5957916378974915,-0.02717028185725212,0.7807530760765076,0.7234618067741394,0.5875297784805298,-0.07553789764642715,0.7348741292953491,0.6606277227401733,0.5904443264007568,-0.024888185784220695,0.7217391729354858,0.7202624678611755,0.48894909024238586,-0.004066694527864456,0.9990853667259216,0.6891922950744629,0.47756484150886536,0.00405461061745882,0.9990113973617554,0.7158108949661255,0.5046061277389526,0.12246584892272949,0.2502278685569763,0.6811764240264893,0.5009006857872009,0.11979153007268906,0.1824394315481186,0.7127769589424133,0.4684984087944031,0.30186566710472107,0.24158449470996857,0.6906107664108276,0.47294408082962036,0.30588024854660034,0.19786091148853302,0.7104910612106323,0.4594796895980835,0.3241574168205261,0.32942089438438416,0.6926035284996033,0.4659864604473114,0.32824504375457764,0.18086658418178558,0.7121322154998779,0.4769720435142517,0.35273271799087524,0.06551473587751389,0.6910200119018555,0.48640716075897217,0.35289162397384644,0.04054919630289078
87,0.6920731663703918,0.580686628818512,-0.279884397983551,0.9998877644538879,0.6974375247955322,0.5712023377418518,-0.28717106580734253,0.9999325275421143,0.7007046341896057,0.5696669220924377,-0.2871507406234741,0.9999240040779114,0.7038892507553101,0.5693991780281067,-0.28720608353614807,0.9998517036437988,0.6879996061325073,0.5725019574165344,-0.2878725230693817,0.9999524354934692,0.6845391392707825,0.5707954168319702,-0.28792279958724976,0.9999572038650513,0.6807841658592224,0.5688936114311218,-0.2879621386528015,0.9999462366104126,0.7105520367622375,0.5556004643440247,-0.25242871046066284,0.999801754951477,0.676876425743103,0.5485624670982361,-0.2553386986255646,0.9999462366104126,0.6978483200073242,0.5768439173698425,-0.259080708026886,0.9996761083602905,0.6874476075172424,0.5780173540115356,-0.2601872384548187,0.9998312592506409,0.7363516688346863,0.5442689061164856,-0.18381384015083313,0.9990398287773132,0.6539087891578674,0.5239006280899048,-0.1883716732263565,0.9993305802345276,0.7673576474189758,0.5339997410774231,-0.10690593719482422,0.9833188652992249,0.6265908479690552,0.5262401103973389,-0.09563985466957092,0.9492948651313782,0.7454171776771545,0.5823330283164978,-0.06467334926128387,0.8445314168930054,0.6453847289085388,0.5840920805931091,-0.025601621717214584,0.8547719717025757,0.7366663217544556,0.5999818444252014,-0.06830748170614243,0.817308247089386,0.6432024836540222,0.5995692014694214,-0.02421640045940876,0.8105567693710327,0.7257677316665649,0.5970690250396729,-0.07546328008174896,0.8023273348808289,0.6537308692932129,0.5972148180007935,-0.027363572269678116,0.7785685062408447,0.7249488234519958,0.5922993421554565,-0.06616752594709396,0.7244945764541626,0.6569778919219971,0.5922793745994568,-0.023638928309082985,0.717364490032196,0.7189300060272217,0.48976439237594604,-0.005608752835541964,0.9991264343261719,0.6871997117996216,0.48014768958091736,0.005598857998847961,0.9990377426147461,0.7170764207839966,0.5070748925209045,0.11928106844425201,0.27777165174484253,0.6838704347610474,0.5007942914962769,0.12188999354839325,0.19056470692157745,0.7158107161521912,0.47249916195869446,0.2976230978965759,0.2574666142463684,0.6944100260734558,0.4761420786380768,0.30466628074645996,0.20718100666999817,0.7143897414207458,0.46356871724128723,0.32008007168769836,0.3449215590953827,0.6965562105178833,0.4694240689277649,0.3270590603351593,0.18673570454120636,0.7141309380531311,0.48181992769241333,0.35068589448928833,0.06398293375968933,0.6951219439506531,0.4910585284233093,0.3530445694923401,0.038974884897470474
88,0.6903260946273804,0.5795660018920898,-0.29460978507995605,0.9997219443321228,0.6954034566879272,0.5699539184570312,-0.30222344398498535,0.9998464584350586,0.6985200643539429,0.5691677927970886,-0.3022041916847229,0.9998411536216736,0.701594889163971,0.5692421197891235,-0.3022528886795044,0.9996858835220337,0.6862950325012207,0.5711784958839417,-0.30271661281585693,0.9998915791511536,0.6824399828910828,0.5694235563278198,-0.3027738630771637,0.9999087452888489,0.678615927696228,0.5675187706947327,-0.3028160631656647,0.9998788237571716,0.7084982395172119,0.5548964738845825,-0.261758416891098,0.9996137619018555,0.6738402247428894,0.5477928519248962,-0.2675885558128357,0.9998998045921326,0.6959720849990845,0.5758950114250183,-0.27323687076568604,0.9993939399719238,0.6857845783233643,0.5773382186889648,-0.27389541268348694,0.9997155070304871,0.7333746552467346,0.5449886918067932,-0.19043812155723572,0.9987902641296387,0.6517035961151123,0.523328423500061,-0.19202624261379242,0.9991707801818848,0.7611831426620483,0.53651362657547,-0.10391734540462494,0.9753935933113098,0.6303337812423706,0.5228898525238037,-0.08359388262033463,0.9272743463516235,0.739669919013977,0.5877320170402527,-0.057132281363010406,0.8084554672241211,0.6470069289207458,0.5829505324363708,-0.0139243733137846,0.8238514065742493,0.736936628818512,0.6014905571937561,-0.06122647970914841,0.790516197681427,0.6459187269210815,0.5953664779663086,-0.012619388289749622,0.7901892066001892,0.7266690135002136,0.5973271727561951,-0.06985702365636826,0.7754835486412048,0.656144917011261,0.592544436454773,-0.020013000816106796,0.7586661577224731,0.7255130410194397,0.5929231643676758,-0.058851491659879684,0.6954242587089539,0.6590119004249573,0.5887453556060791,-0.013635014183819294,0.6955142021179199,0.7171205878257751,0.49130553007125854,-0.005035321228206158,0.9990693926811218,0.6852576732635498,0.4790400266647339,0.005060413386672735,0.998944103717804,0.7120503783226013,0.5316221714019775,0.12432274967432022,0.2644784450531006,0.6807081699371338,0.5207117199897766,0.1257512867450714,0.18198999762535095,0.7144083380699158,0.5142259001731873,0.30931103229522705,0.24528859555721283,0.6922008991241455,0.5145941376686096,0.31592804193496704,0.20045854151248932,0.7140504121780396,0.5062969923019409,0.3314003646373749,0.3277539014816284,0.6946393847465515,0.5104737877845764,0.33858370780944824,0.1804109662771225,0.7125450372695923,0.5337753891944885,0.3592204451560974,0.05953127518296242,0.6922498941421509,0.5357555747032166,0.3565261960029602,0.036503542214632034
89,0.6855834722518921,0.5787573456764221,-0.293264240026474,0.99974524974823,0.6894206404685974,0.5653151273727417,-0.3012145161628723,0.9998594522476196,0.6923837661743164,0.5654542446136475,-0.30118682980537415,0.9998549222946167,0.6953050494194031,0.5652610063552856,-0.3012244999408722,0.999711811542511,0.6801446676254272,0.5706900954246521,-0.3019940257072449,0.9999008178710938,0.6761107444763184,0.5689876079559326,-0.30205589532852173,0.9999166131019592,0.6724151372909546,0.567314088344574,-0.3021048903465271,0.9998888373374939,0.7024068832397461,0.5535481572151184,-0.2633133828639984,0.9996474981307983,0.6677083373069763,0.5488253831863403,-0.26771801710128784,0.9999086856842041,0.6906362771987915,0.5725080966949463,-0.2712993621826172,0.9994446635246277,0.6813448071479797,0.5705792903900146,-0.2725403308868408,0.9997393488883972,0.7309540510177612,0.5399296283721924,-0.18885794281959534,0.9988706707954407,0.646752119064331,0.520645260810852,-0.19380372762680054,0.9992223381996155,0.7828582525253296,0.5306138396263123,-0.11537463963031769,0.97733473777771,0.6297157406806946,0.5186758041381836,-0.09641080349683762,0.9289470911026001,0.7414519190788269,0.588800311088562,-0.07899157702922821,0.8174455165863037,0.6456963419914246,0.5840721726417542,-0.02125895768404007,0.8173595666885376,0.7402802109718323,0.6031346321105957,-0.08349362015724182,0.7994090914726257,0.6424146294593811,0.5972476005554199,-0.017747649922966957,0.783880889415741,0.7287552356719971,0.5987005233764648,-0.09016452729701996,0.7852692604064941,0.6533873081207275,0.593902587890625,-0.022529173642396927,0.752768874168396,0.7278445959091187,0.5941701531410217,-0.08043913543224335,0.7071361541748047,0.6569603681564331,0.5897061824798584,-0.019711516797542572,0.6890839338302612,0.7138587236404419,0.4890705943107605,-0.0034133531153202057,0.9991466403007507,0.6814123392105103,0.47718068957328796,0.003411252750083804,0.9990206956863403,0.714191734790802,0.521256148815155,0.12240626662969589,0.2867128252983093,0.6806555986404419,0.5080511569976807,0.10755674540996552,0.2072269171476364,0.7151659727096558,0.4822903871536255,0.30047109723091125,0.2555481791496277,0.6942617893218994,0.48826247453689575,0.3016830086708069,0.2064327895641327,0.715422511100769,0.4723197817802429,0.3226131200790405,0.3377785384654999,0.696707546710968,0.48217523097991943,0.32544904947280884,0.18456842005252838,0.7152652740478516,0.4923623502254486,0.35198408365249634,0.06045487895607948,0.6946674585342407,0.5031728148460388,0.3533247709274292,0.03606143966317177
90,0.6879138350486755,0.5721253752708435,-0.31955474615097046,0.9997642040252686,0.6924461126327515,0.5619782209396362,-0.32654690742492676,0.9998692870140076,0.6956609487533569,0.5623705387115479,-0.3265122175216675,0.9998654723167419,0.6988494396209717,0.5621433854103088,-0.3265499770641327,0.999731183052063,0.6823750734329224,0.567421555519104,-0.32726091146469116,0.9999081492424011,0.6790618300437927,0.5686215758323669,-0.3273334801197052,0.9999229907989502,0.6754124760627747,0.5664302706718445,-0.32738399505615234,0.9998968243598938,0.7053706049919128,0.5517599582672119,-0.282035768032074,0.9996688365936279,0.6716431379318237,0.5465907454490662,-0.2853696942329407,0.9999155402183533,0.6933612823486328,0.5694913864135742,-0.29467350244522095,0.999481737613678,0.6833373308181763,0.5706798434257507,-0.2957702577114105,0.9997577667236328,0.733243465423584,0.5355355143547058,-0.19471678137779236,0.9989250302314758,0.6467698812484741,0.5188515782356262,-0.20580971240997314,0.9992645382881165,0.7866123914718628,0.5283806920051575,-0.12147967517375946,0.9787970781326294,0.6278895139694214,0.5185452103614807,-0.1046961322426796,0.9319099187850952,0.7467092275619507,0.589236319065094,-0.08894078433513641,0.8201457858085632,0.6469327807426453,0.5847017765045166,-0.029161345213651657,0.819145143032074,0.7462551593780518,0.603736937046051,-0.09528408944606781,0.8007785677909851,0.6442105770111084,0.598268985748291,-0.028370210900902748,0.7854037880897522,0.7355926632881165,0.5987259149551392,-0.1031835526227951,0.7865133285522461,0.6550741195678711,0.594145655632019,-0.035001300275325775,0.7549489736557007,0.7342613339424133,0.5941483378410339,-0.0912180095911026,0.7086182236671448,0.6583849787712097,0.5892587304115295,-0.028310617431998253,0.6910973191261292,0.7152860760688782,0.48242396116256714,-0.0028078239411115646,0.9991647601127625,0.6809138655662537,0.4712921977043152,0.0028077077586203814,0.9990035891532898,0.713373064994812,0.5298734903335571,0.12173449993133545,0.28228867053985596,0.6785134077072144,0.519203245639801,0.11506136506795883,0.2092939168214798,0.7162478566169739,0.5037317276000977,0.30857378244400024,0.24923956394195557,0.6947638392448425,0.5044299364089966,0.31101053953170776,0.20527434349060059,0.716282844543457,0.4928058981895447,0.3299769461154938,0.3296114206314087,0.6973369717597961,0.4969636797904968,0.33437687158584595,0.1847917139530182,0.7158807516098022,0.5263031721115112,0.35216909646987915,0.05756595730781555,0.6957446336746216,0.5260806679725647,0.3581971526145935,0.03481847047805786
91,0.6851874589920044,0.573182225227356,-0.2878226935863495,0.999776303768158,0.6894204616546631,0.562802255153656,-0.29580068588256836,0.9998763799667358,0.6933358907699585,0.5628746747970581,-0.29577919840812683,0.9998728632926941,0.6973427534103394,0.5623736381530762,-0.2958276867866516,0.9997437596321106,0.6787775754928589,0.5671156644821167,-0.296293705701828,0.9999132752418518,0.6760400533676147,0.5678629875183105,-0.2963537871837616,0.9999273419380188,0.6722265481948853,0.5657824873924255,-0.29640716314315796,0.9999022483825684,0.7040659785270691,0.54829341173172,-0.2597375810146332,0.9996865391731262,0.6663698554039001,0.5462302565574646,-0.26197224855422974,0.9999216198921204,0.6908842325210571,0.5670163631439209,-0.26629865169525146,0.9995141625404358,0.6807901263237,0.5651628971099854,-0.2671550214290619,0.9997733235359192,0.7325279116630554,0.5320837497711182,-0.18112656474113464,0.9989534020423889,0.6420694589614868,0.5118622779846191,-0.18906472623348236,0.999301552772522,0.773121178150177,0.5282782912254333,-0.10621049255132675,0.9799814224243164,0.6251298785209656,0.5118042826652527,-0.08742550760507584,0.9345340728759766,0.7471807599067688,0.5850309133529663,-0.072519451379776,0.8262673616409302,0.6437143087387085,0.581417977809906,-0.01734200492501259,0.8244768381118774,0.7419006824493408,0.6033217310905457,-0.07861803472042084,0.8079309463500977,0.6409586668014526,0.5950775742530823,-0.016946319490671158,0.791436493396759,0.735763669013977,0.5988749265670776,-0.0870654508471489,0.7944504022598267,0.6521705389022827,0.5918422937393188,-0.024213530123233795,0.7623153328895569,0.7283217906951904,0.5935930609703064,-0.07503234595060349,0.7183544039726257,0.6558797955513,0.5869373679161072,-0.017047066241502762,0.7002610564231873,0.7151747345924377,0.4777359366416931,-0.0028442402835935354,0.9992060661315918,0.6785156726837158,0.46143102645874023,0.0028444244526326656,0.9990466237068176,0.7142298817634583,0.5193973779678345,0.11212120950222015,0.2988314628601074,0.6793476343154907,0.4993596374988556,0.10737118870019913,0.22042323648929596,0.7149637937545776,0.47781169414520264,0.2955799996852875,0.2541913092136383,0.6906310319900513,0.4779059886932373,0.29794609546661377,0.20913708209991455,0.713418185710907,0.4662887454032898,0.3183741569519043,0.33915746212005615,0.6924241185188293,0.470364511013031,0.3211858868598938,0.1895574927330017,0.7138744592666626,0.49168890714645386,0.34954267740249634,0.05581633001565933,0.6908868551254272,0.4965612590312958,0.3466945290565491,0.03359486535191536
92,0.6826289296150208,0.5649784207344055,-0.2947837710380554,0.9997959733009338,0.6867973804473877,0.5552796125411987,-0.30229419469833374,0.9998871684074402,0.6921457052230835,0.56035315990448,-0.30227014422416687,0.9998840689659119,0.6961107850074768,0.5594083666801453,-0.302314817905426,0.9997657537460327,0.6772321462631226,0.5553551912307739,-0.3021448254585266,0.9999207854270935,0.6744660139083862,0.5553077459335327,-0.3022087514400482,0.999933660030365,0.6707599759101868,0.5641469359397888,-0.30226030945777893,0.9999104738235474,0.7007070183753967,0.5435701012611389,-0.263860285282135,0.9997142553329468,0.6656572818756104,0.5463783144950867,-0.2641158699989319,0.9999287128448486,0.6912022829055786,0.5671361088752747,-0.27288341522216797,0.9995549321174622,0.6794167757034302,0.5612322092056274,-0.2736161947250366,0.9997922778129578,0.7313793301582336,0.5253287553787231,-0.18640103936195374,0.9990211725234985,0.6449294090270996,0.5111017823219299,-0.19272246956825256,0.9993330836296082,0.7849507927894592,0.5210369825363159,-0.11469509452581406,0.9816634654998779,0.625917375087738,0.5031366348266602,-0.09785146266222,0.9373387098312378,0.7484906315803528,0.5816529393196106,-0.08176563680171967,0.8385817408561707,0.6448050737380981,0.5763835310935974,-0.02277306839823723,0.8289473056793213,0.7417449355125427,0.6030552983283997,-0.08714025467634201,0.8213767409324646,0.6421717405319214,0.5921550393104553,-0.01989307813346386,0.7969434261322021,0.7371087670326233,0.5984880924224854,-0.09440931677818298,0.8088182210922241,0.652938723564148,0.5891286730766296,-0.024273650720715523,0.7677828669548035,0.7282596826553345,0.5932164788246155,-0.0837704986333847,0.7366659045219421,0.6564265489578247,0.5834617018699646,-0.021013639867305756,0.7063958644866943,0.7144659161567688,0.4637019634246826,-0.005338369868695736,0.9992704391479492,0.6807984113693237,0.45706304907798767,0.005355260334908962,0.999107301235199,0.7186463475227356,0.4711560606956482,0.11672177165746689,0.3450847566127777,0.6799157857894897,0.4702526032924652,0.11476138979196548,0.2395167052745819,0.7152762413024902,0.42628759145736694,0.2967604994773865,0.2900252640247345,0.692125678062439,0.43680182099342346,0.30626380443573,0.22728244960308075,0.7144697904586792,0.4152355492115021,0.31916502118110657,0.3803785741329193,0.6943853497505188,0.4278658628463745,0.32916563749313354,0.2057110220193863,0.7162392139434814,0.4328097999095917,0.34870412945747375,0.06160709634423256,0.6934229731559753,0.4471253752708435,0.35252124071121216,0.03486369177699089
93,0.6845181584358215,0.5607818365097046,-0.3242506682872772,0.9998152852058411,0.6886876821517944,0.5509272217750549,-0.33143341541290283,0.9998977184295654,0.6923987865447998,0.552128255367279,-0.33139023184776306,0.999894917011261,0.6954376697540283,0.5515487790107727,-0.3314306139945984,0.9997875690460205,0.6794863939285278,0.5502290725708008,-0.3322311043739319,0.9999281764030457,0.6766477227210999,0.5499123334884644,-0.33230915665626526,0.9999397993087769,0.6729065179824829,0.5519012212753296,-0.3323526978492737,0.9999186396598816,0.7003134489059448,0.5405764579772949,-0.2875770032405853,0.9997406005859375,0.667220950126648,0.5467485785484314,-0.2915818989276886,0.9999353289604187,0.6906005144119263,0.5610438585281372,-0.2993275821208954,0.9995959997177124,0.6807793378829956,0.558493435382843,-0.30084580183029175,0.9998111128807068,0.7277080416679382,0.5232740044593811,-0.20482006669044495,0.9990854859352112,0.6436298489570618,0.5123805403709412,-0.20922060310840607,0.9993829727172852,0.786375105381012,0.5196505784988403,-0.12188468873500824,0.9821617603302002,0.626557469367981,0.5088282823562622,-0.10330547392368317,0.9390493035316467,0.7480789422988892,0.5858474969863892,-0.08583759516477585,0.8432576060295105,0.6454636454582214,0.5781406164169312,-0.030324503779411316,0.8311059474945068,0.7433150410652161,0.6050748825073242,-0.09181294590234756,0.824689507484436,0.6428779363632202,0.5933342576026917,-0.028874004259705544,0.7989020347595215,0.7369154095649719,0.6004804372787476,-0.1003890261054039,0.8128716945648193,0.6535874605178833,0.5890977382659912,-0.03498005494475365,0.7706789970397949,0.7299693822860718,0.59525465965271,-0.08841229230165482,0.7424509525299072,0.6570725440979004,0.5834662318229675,-0.029316484928131104,0.7098236680030823,0.7101131677627563,0.46453750133514404,-0.0055750529281795025,0.9992777705192566,0.6792417764663696,0.45850512385368347,0.0055836462415754795,0.9990912675857544,0.7120708227157593,0.5142800211906433,0.11842195689678192,0.35539641976356506,0.6818680167198181,0.4948490560054779,0.11718814074993134,0.24352173507213593,0.7165361642837524,0.48037847876548767,0.30402493476867676,0.29781362414360046,0.698594868183136,0.46631142497062683,0.3110632300376892,0.23074227571487427,0.7180547118186951,0.46390923857688904,0.3283612132072449,0.38266146183013916,0.70107501745224,0.4551739990711212,0.3351387083530426,0.20405922830104828,0.7199522256851196,0.5090779066085815,0.3594855070114136,0.0634065717458725,0.7020422220230103,0.48821741342544556,0.3595133423805237,0.03585522994399071
94,0.6834198236465454,0.5642344951629639,-0.32946303486824036,0.9998323917388916,0.6881524324417114,0.5515520572662354,-0.33627817034721375,0.9999070167541504,0.691220223903656,0.5522693991661072,-0.3362481892108917,0.999904453754425,0.6940610408782959,0.5521506667137146,-0.33627408742904663,0.999806821346283,0.6785120368003845,0.5523436069488525,-0.337761789560318,0.999934732913971,0.6748210191726685,0.5516108274459839,-0.3378418982028961,0.9999452829360962,0.6720098257064819,0.5522468090057373,-0.3379012942314148,0.9999259114265442,0.6995595693588257,0.5416945219039917,-0.2891957759857178,0.9997636079788208,0.6646434664726257,0.5466631650924683,-0.29636436700820923,0.999941349029541,0.6881810426712036,0.5639204382896423,-0.30306246876716614,0.9996334910392761,0.6781248450279236,0.5627298951148987,-0.30540037155151367,0.9998286366462708,0.7271297574043274,0.525633692741394,-0.20269587635993958,0.9991582632064819,0.638785719871521,0.5090941190719604,-0.20871572196483612,0.999434769153595,0.7842413187026978,0.518387496471405,-0.12141293287277222,0.982136070728302,0.6269338130950928,0.5029855966567993,-0.098133884370327,0.9379495978355408,0.7477859258651733,0.5829287171363831,-0.08951202034950256,0.8501352071762085,0.6527896523475647,0.5776273608207703,-0.0265802089124918,0.8321002721786499,0.740885853767395,0.6058715581893921,-0.098185695707798,0.8336847424507141,0.6507536768913269,0.5936980247497559,-0.025637030601501465,0.8013356924057007,0.7361800074577332,0.6003425121307373,-0.10988299548625946,0.822473406791687,0.6620364189147949,0.5894896388053894,-0.03454345092177391,0.7735931277275085,0.7272216081619263,0.5957143902778625,-0.09423227608203888,0.7548077702522278,0.6655145883560181,0.5836735367774963,-0.026804357767105103,0.7145168781280518,0.707536518573761,0.4673616588115692,-0.0054851314052939415,0.9993219971656799,0.6730759739875793,0.45445582270622253,0.005498997867107391,0.9991509914398193,0.7102436423301697,0.5159014463424683,0.12703219056129456,0.3570978045463562,0.6767464876174927,0.4919949471950531,0.11869321018457413,0.24777629971504211,0.7168592214584351,0.48540738224983215,0.33575913310050964,0.2983115315437317,0.7009024024009705,0.4665459394454956,0.33103147149086,0.2362423837184906,0.7191166877746582,0.46887195110321045,0.3607024550437927,0.3865663409233093,0.705079972743988,0.4569704234600067,0.3568911552429199,0.214392751455307,0.7199316024780273,0.5143727660179138,0.39127999544143677,0.060979872941970825,0.7063235640525818,0.48795461654663086,0.3827245831489563,0.035505808889865875
95,0.6830167174339294,0.550851047039032,-0.3160823881626129,0.9998467564582825,0.6872014403343201,0.5405802130699158,-0.3264605402946472,0.9999145865440369,0.6899051666259766,0.5404743552207947,-0.32636839151382446,0.9999122619628906,0.6925355195999146,0.5402198433876038,-0.32634809613227844,0.9998229146003723,0.6784669756889343,0.5397940278053284,-0.3272498548030853,0.9999399185180664,0.6753672361373901,0.5393284559249878,-0.32734471559524536,0.9999495148658752,0.6725939512252808,0.5389931201934814,-0.3273974359035492,0.9999315738677979,0.6974669694900513,0.5316759347915649,-0.28505370020866394,0.9997814297676086,0.6653692722320557,0.5437244176864624,-0.29078373312950134,0.9999459385871887,0.6873725056648254,0.5510100722312927,-0.29777809977531433,0.9996647238731384,0.6783525943756104,0.5500033497810364,-0.2993212044239044,0.9998428821563721,0.7227689027786255,0.5223268866539001,-0.20158901810646057,0.9992191791534424,0.6405712962150574,0.5087429285049438,-0.20919468998908997,0.9994794130325317,0.7600466012954712,0.5212064981460571,-0.12141479551792145,0.9763362407684326,0.6315957307815552,0.506705641746521,-0.10128547251224518,0.9368653297424316,0.7327959537506104,0.5829780697822571,-0.09130366146564484,0.8455860018730164,0.65239417552948,0.5740066766738892,-0.03220580145716667,0.8343373537063599,0.7293263077735901,0.6047013401985168,-0.100658118724823,0.8293768763542175,0.6490869522094727,0.5889453291893005,-0.03185122460126877,0.8026854991912842,0.7183952331542969,0.5989003777503967,-0.11284518241882324,0.8199949860572815,0.6602901220321655,0.5847836136817932,-0.039007168263196945,0.7773485779762268,0.7173820734024048,0.5938776135444641,-0.097090944647789,0.754152774810791,0.6644120812416077,0.5790948867797852,-0.03200749680399895,0.7200050354003906,0.7054675817489624,0.46826329827308655,-0.002533922903239727,0.9993496537208557,0.6727135181427002,0.45615246891975403,0.002592383651062846,0.9991874694824219,0.7045276165008545,0.5313595533370972,0.10883746296167374,0.33832216262817383,0.6728726625442505,0.5134172439575195,0.09119649231433868,0.238972470164299,0.7076511383056641,0.5208851099014282,0.29006657004356384,0.27839168906211853,0.6952089071273804,0.513187825679779,0.2852519154548645,0.22175173461437225,0.7075498104095459,0.5112830400466919,0.3113692104816437,0.36183640360832214,0.6994589567184448,0.5085524916648865,0.3080894351005554,0.20148947834968567,0.7069903612136841,0.5478261709213257,0.332794725894928,0.06002932786941528,0.6987080574035645,0.5375275015830994,0.32767248153686523,0.03548869863152504
96,0.6804302930831909,0.5482743382453918,-0.3501506447792053,0.9998558163642883,0.6844462156295776,0.5390375256538391,-0.3529568612575531,0.9999197125434875,0.6869274377822876,0.5391581058502197,-0.3529641032218933,0.9999164342880249,0.6893883943557739,0.5392134785652161,-0.3529968857765198,0.9998340010643005,0.6768249869346619,0.5371515154838562,-0.3546621799468994,0.9999434947967529,0.6742716431617737,0.5362622737884521,-0.35475262999534607,0.9999516606330872,0.6718067526817322,0.5353595018386841,-0.35482266545295715,0.9999350309371948,0.6946343779563904,0.530694305896759,-0.29672205448150635,0.9997902512550354,0.6662537455558777,0.5279815196990967,-0.30494755506515503,0.9999491572380066,0.6846655011177063,0.5485772490501404,-0.3217964768409729,0.9996863603591919,0.6767573952674866,0.5465920567512512,-0.3243789076805115,0.9998512864112854,0.7202762365341187,0.5228368639945984,-0.2059495896100998,0.9992504119873047,0.6424371004104614,0.503974974155426,-0.21087738871574402,0.9994730353355408,0.7522644996643066,0.5277212262153625,-0.15423783659934998,0.9732052683830261,0.6386661529541016,0.5081711411476135,-0.1260640174150467,0.9379417896270752,0.7273609042167664,0.5852638483047485,-0.17623206973075867,0.8530417680740356,0.6637713313102722,0.5749292373657227,-0.10332904011011124,0.8442462086677551,0.7282223105430603,0.6064521074295044,-0.19808711111545563,0.8360416889190674,0.662682831287384,0.5903425216674805,-0.11638317257165909,0.8111279606819153,0.7188535928726196,0.6019498705863953,-0.2124757021665573,0.828014075756073,0.672409176826477,0.5861601829528809,-0.12991787493228912,0.7884374260902405,0.71202152967453,0.5942986011505127,-0.18395519256591797,0.7652097940444946,0.6755192875862122,0.5806569457054138,-0.1078546792268753,0.7345568537712097,0.7043331861495972,0.4473588168621063,-0.0060950578190386295,0.9993816018104553,0.6734967231750488,0.4354528784751892,0.006168433930724859,0.9992279410362244,0.707382082939148,0.5064239501953125,0.1013544425368309,0.3464762568473816,0.675603449344635,0.4843031167984009,0.09802396595478058,0.24140851199626923,0.7143949866294861,0.4631960093975067,0.3006860315799713,0.2692175805568695,0.6964386701583862,0.45820286870002747,0.30919596552848816,0.20970043540000916,0.7140694260597229,0.44871851801872253,0.3226907551288605,0.35046252608299255,0.7008037567138672,0.4505699574947357,0.3357026278972626,0.1919533908367157,0.7205964922904968,0.48485925793647766,0.3446880578994751,0.06542707979679108,0.7030631303787231,0.4724811017513275,0.32803115248680115,0.03771691024303436
97,0.6755865216255188,0.5509418845176697,-0.31104162335395813,0.9998301267623901,0.6803690791130066,0.54261714220047,-0.3140571117401123,0.9999021291732788,0.6825675964355469,0.5429797172546387,-0.3141038715839386,0.999894917011261,0.6847541332244873,0.5431296229362488,-0.31414955854415894,0.9998131394386292,0.6737945079803467,0.5403319597244263,-0.31734874844551086,0.9999310970306396,0.6717160940170288,0.5390377044677734,-0.317444384098053,0.9999348521232605,0.669642984867096,0.5377697348594666,-0.31753480434417725,0.9999183416366577,0.6899125576019287,0.5320413112640381,-0.2675135135650635,0.9997548460960388,0.6658340692520142,0.5285654664039612,-0.28210705518722534,0.9999407529830933,0.6786545515060425,0.5513966083526611,-0.2859192490577698,0.9996462464332581,0.6719685196876526,0.5483308434486389,-0.2905963063240051,0.9998141527175903,0.7108167409896851,0.5261446833610535,-0.19223584234714508,0.9992493987083435,0.6433939337730408,0.5041051506996155,-0.19585755467414856,0.999426543712616,0.7462216019630432,0.5272963047027588,-0.14263948798179626,0.9645553827285767,0.6406838297843933,0.4977177381515503,-0.12523862719535828,0.9318109750747681,0.7243784070014954,0.5915517210960388,-0.15677665174007416,0.8504314422607422,0.6614609956741333,0.5643996596336365,-0.1067609041929245,0.8433651328086853,0.7195741534233093,0.6095172166824341,-0.1751933991909027,0.8372874855995178,0.6602755784988403,0.5798901319503784,-0.12016955763101578,0.8098528385162354,0.7108172178268433,0.6028004288673401,-0.18976990878582,0.8309925198554993,0.6693529486656189,0.5811230540275574,-0.12759719789028168,0.7887807488441467,0.7050176858901978,0.5941401720046997,-0.16391727328300476,0.7699858546257019,0.6719621419906616,0.576008141040802,-0.1091989278793335,0.7352643609046936,0.7003532648086548,0.43558233976364136,-0.007003810256719589,0.999410092830658,0.6738511919975281,0.42517247796058655,0.007112074643373489,0.9992657899856567,0.7092121839523315,0.4779087007045746,0.10379812866449356,0.3510400950908661,0.6764455437660217,0.46262097358703613,0.1050025001168251,0.24136407673358917,0.7112104296684265,0.4197818636894226,0.2964574694633484,0.2640356719493866,0.6932082772254944,0.411052405834198,0.3022327721118927,0.19822371006011963,0.7086459398269653,0.4027603268623352,0.318329781293869,0.345201313495636,0.6948310136795044,0.39992329478263855,0.32472485303878784,0.1806195229291916,0.7180095911026001,0.43831491470336914,0.3375667929649353,0.06802845001220703,0.7010137438774109,0.4161011278629303,0.3362429738044739,0.037523191422224045
98,0.6706646084785461,0.5492764115333557,-0.35542210936546326,0.9998326897621155,0.6736867427825928,0.5390950441360474,-0.36039161682128906,0.9999023675918579,0.676204264163971,0.5385017991065979,-0.3603724241256714,0.9998937845230103,0.6787280440330505,0.5378249287605286,-0.36040619015693665,0.9998170733451843,0.6662630438804626,0.5387171506881714,-0.36101579666137695,0.9999281167984009,0.6640433073043823,0.5382034778594971,-0.361131876707077,0.9999301433563232,0.6618313193321228,0.537634551525116,-0.3611997961997986,0.9999158978462219,0.6852327585220337,0.5260836482048035,-0.3126503825187683,0.9997453093528748,0.6582871079444885,0.5266765356063843,-0.3160984218120575,0.9999396800994873,0.6763284206390381,0.5475916266441345,-0.3297213017940521,0.9996606707572937,0.6687317490577698,0.547370970249176,-0.3308950364589691,0.9998229146003723,0.7128840684890747,0.5167637467384338,-0.21657010912895203,0.9992660284042358,0.6419049501419067,0.5035303235054016,-0.21516600251197815,0.9994502067565918,0.7561584711074829,0.5348368883132935,-0.14547859132289886,0.9556055068969727,0.6533713340759277,0.5144405364990234,-0.12822484970092773,0.925108790397644,0.7179511785507202,0.5995483994483948,-0.14517854154109955,0.8511865735054016,0.6687800288200378,0.5759465098381042,-0.10194478929042816,0.8496654033660889,0.7143434882164001,0.617256224155426,-0.16326875984668732,0.8405107855796814,0.6656914949417114,0.5913859605789185,-0.1135517805814743,0.8166401982307434,0.7052568197250366,0.6084076762199402,-0.1805257499217987,0.8359929323196411,0.6727320551872253,0.5903015732765198,-0.12553592026233673,0.7979252338409424,0.703309953212738,0.6009145975112915,-0.15292824804782867,0.7778862714767456,0.6760286092758179,0.5840134024620056,-0.10526374727487564,0.7473664879798889,0.6971985101699829,0.43476057052612305,-0.006793490145355463,0.9994194507598877,0.6653985381126404,0.42902839183807373,0.006887382362037897,0.9992989301681519,0.7041879296302795,0.4936821460723877,0.06640145182609558,0.3361576795578003,0.6644088625907898,0.5006887912750244,0.0842270627617836,0.2318546324968338,0.7043513059616089,0.4713119566440582,0.28579890727996826,0.24639570713043213,0.6916139125823975,0.4770558774471283,0.29743462800979614,0.1861550658941269,0.70182865858078,0.4602113366127014,0.3092588782310486,0.3246864080429077,0.6946975588798523,0.4685252606868744,0.32120418548583984,0.1700015366077423,0.7064477205276489,0.49709469079971313,0.3217329680919647,0.06981207430362701,0.7007879018783569,0.4923991858959198,0.333454430103302,0.040129464119672775
99,0.672116219997406,0.5519343018531799,-0.3846561908721924,0.999843418598175,0.67503821849823,0.5434632897377014,-0.3874312937259674,0.9999073147773743,0.6774936318397522,0.5419527292251587,-0.3874232769012451,0.9998977184295654,0.6799384355545044,0.5403981804847717,-0.3874582350254059,0.9998276233673096,0.6679576635360718,0.5433014631271362,-0.3873741924762726,0.9999299049377441,0.6658088564872742,0.5439574122428894,-0.3874863386154175,0.9999301433563232,0.6580368876457214,0.5493611693382263,-0.38754183053970337,0.9999183416366577,0.6857496500015259,0.5272972583770752,-0.33264419436454773,0.9997528195381165,0.6600462198257446,0.5333540439605713,-0.3330294191837311,0.9999412894248962,0.6772991418838501,0.548037052154541,-0.3567593991756439,0.9996773600578308,0.6701093912124634,0.5500508546829224,-0.3570406436920166,0.9998313188552856,0.7137147784233093,0.5192494988441467,-0.24496889114379883,0.9992992877960205,0.6352270245552063,0.5220969915390015,-0.23938512802124023,0.9994876980781555,0.7590766549110413,0.54494708776474,-0.201926589012146,0.9526844620704651,0.6495279669761658,0.5429217219352722,-0.21318216621875763,0.9221219420433044,0.7160054445266724,0.604864776134491,-0.22307352721691132,0.8514053821563721,0.6721738576889038,0.5920302271842957,-0.24782566726207733,0.8578222990036011,0.7118455171585083,0.6233418583869934,-0.2499980479478836,0.8429968357086182,0.6730844378471375,0.6051210761070251,-0.27168703079223633,0.8252183198928833,0.7015534043312073,0.6121035218238831,-0.26820552349090576,0.8407023549079895,0.6786115765571594,0.6015205383300781,-0.2836657762527466,0.8082852363586426,0.7012922167778015,0.6026092171669006,-0.2325602024793625,0.7853686213493347,0.6828383207321167,0.5897136926651001,-0.2536495327949524,0.7610881328582764,0.6957517266273499,0.43005403876304626,-0.011154350824654102,0.9994257688522339,0.6645995378494263,0.43180784583091736,0.011247934773564339,0.9993343353271484,0.7038794755935669,0.4858589470386505,0.08510778844356537,0.31864163279533386,0.6637457013130188,0.4928687512874603,0.10893436521291733,0.2204267978668213,0.695716381072998,0.4698256254196167,0.3042425215244293,0.22829467058181763,0.6861998438835144,0.47508111596107483,0.3421695828437805,0.17298537492752075,0.691888689994812,0.4590109884738922,0.3284231126308441,0.3049343228340149,0.6896929144859314,0.46698659658432007,0.36782974004745483,0.15990769863128662,0.6963955760002136,0.49691855907440186,0.32328853011131287,0.06827547401189804,0.6952084898948669,0.48948290944099426,0.38637691736221313,0.040499381721019745
100,0.6646199226379395,0.5767405033111572,-0.3659498393535614,0.9998477697372437,0.6683765053749084,0.5684531331062317,-0.36866241693496704,0.9999079704284668,0.6709953546524048,0.5672493577003479,-0.3686617910861969,0.9998968839645386,0.6736202836036682,0.5660197138786316,-0.36870259046554565,0.9998307228088379,0.6608670353889465,0.5682637095451355,-0.36881476640701294,0.9999287128448486,0.6587806940078735,0.5679271221160889,-0.3689294159412384,0.9999279379844666,0.6557329297065735,0.5682799220085144,-0.3689829707145691,0.9999176263809204,0.6810773611068726,0.5481767654418945,-0.3165646195411682,0.9997430443763733,0.65373694896698,0.5501944422721863,-0.3182894289493561,0.9999399185180664,0.6701354384422302,0.5692770481109619,-0.33961522579193115,0.999690055847168,0.6630300283432007,0.5700891017913818,-0.3401910662651062,0.9998384714126587,0.712090790271759,0.5198447108268738,-0.22842414677143097,0.9993010759353638,0.6288442015647888,0.5231203436851501,-0.22762838006019592,0.9994978904724121,0.7577399015426636,0.5434979796409607,-0.16899967193603516,0.9500076770782471,0.6467140913009644,0.5371972322463989,-0.1690618395805359,0.9145672917366028,0.7160722017288208,0.6069850325584412,-0.17228221893310547,0.8456729054450989,0.6677097082138062,0.5937402844429016,-0.17023900151252747,0.8554474711418152,0.7123156785964966,0.6241304874420166,-0.18527361750602722,0.8391854166984558,0.6680831909179688,0.6070622205734253,-0.18891924619674683,0.8237194418907166,0.7004128098487854,0.6157853603363037,-0.20032425224781036,0.8388293981552124,0.6746482253074646,0.6042953729629517,-0.20109450817108154,0.8085317611694336,0.6982336044311523,0.6078707575798035,-0.17483995854854584,0.7863292694091797,0.6781240701675415,0.595845639705658,-0.17490838468074799,0.7647087574005127,0.6935445070266724,0.4343187212944031,-0.008724633604288101,0.9993691444396973,0.6589455604553223,0.43379804491996765,0.008995652198791504,0.9993261694908142,0.7046684622764587,0.4928949177265167,0.06783406436443329,0.30659016966819763,0.6594440937042236,0.5120851993560791,0.08718706667423248,0.22017326951026917,0.6959438323974609,0.49106788635253906,0.2964062988758087,0.21365629136562347,0.6819645166397095,0.4974910318851471,0.3133719563484192,0.16802813112735748,0.6918213963508606,0.48184165358543396,0.32087862491607666,0.28928008675575256,0.6851392984390259,0.49010786414146423,0.3380054533481598,0.15736141800880432,0.6970263719558716,0.5171762108802795,0.3250468075275421,0.06886833906173706,0.6909888982772827,0.5116428136825562,0.34268051385879517,0.04531445726752281
101,0.6654678583145142,0.5814550518989563,-0.372053861618042,0.9998542070388794,0.6685231924057007,0.5720891952514648,-0.3743695020675659,0.9999104142189026,0.6710540056228638,0.5707199573516846,-0.3743721842765808,0.9998980760574341,0.6735879182815552,0.5693245530128479,-0.3744147717952728,0.9998369812965393,0.660566508769989,0.5764495134353638,-0.3742239773273468,0.9999291300773621,0.6556050181388855,0.5750986337661743,-0.3743407130241394,0.9999272227287292,0.6534035801887512,0.5746098160743713,-0.37440839409828186,0.9999186992645264,0.6798306703567505,0.5517491102218628,-0.32016775012016296,0.9997372627258301,0.652184784412384,0.5570135712623596,-0.3206898868083954,0.9999395608901978,0.6705342531204224,0.5738865733146667,-0.3450397551059723,0.999699592590332,0.6634162664413452,0.575635552406311,-0.34526365995407104,0.9998433589935303,0.7110629677772522,0.5201404690742493,-0.2341519147157669,0.9993114471435547,0.6280237436294556,0.5244756937026978,-0.23400017619132996,0.9995164275169373,0.7595916986465454,0.5423042178153992,-0.18749335408210754,0.9522843956947327,0.6395854949951172,0.5443530678749084,-0.19805991649627686,0.9131723642349243,0.7163943648338318,0.6081799268722534,-0.1967185139656067,0.8510069251060486,0.665770947933197,0.600490391254425,-0.22266438603401184,0.8580143451690674,0.712687075138092,0.6238929033279419,-0.21970224380493164,0.8442142605781555,0.6653894186019897,0.6149720549583435,-0.24511411786079407,0.8259083032608032,0.7008336186408997,0.6173950433731079,-0.23808813095092773,0.8448154926300049,0.6760779619216919,0.6071556806564331,-0.2546599209308624,0.8119760155677795,0.6998895406723022,0.6102967858314514,-0.20555374026298523,0.7952192425727844,0.6770786046981812,0.6000446081161499,-0.22716116905212402,0.7708970308303833,0.6908286809921265,0.43651852011680603,-0.008508534170687199,0.9993813633918762,0.6549965739250183,0.43509945273399353,0.008735214360058308,0.9993550777435303,0.705514669418335,0.4865760803222656,0.0842905193567276,0.29933783411979675,0.661781907081604,0.5069582462310791,0.10918547958135605,0.21385221183300018,0.7001338005065918,0.48886919021606445,0.30736249685287476,0.20323875546455383,0.6851547956466675,0.4924354553222656,0.32387667894363403,0.16374489665031433,0.6966248750686646,0.477865606546402,0.3310275673866272,0.2786216735839844,0.6882970929145813,0.4846845269203186,0.34742826223373413,0.15445266664028168,0.7012614011764526,0.5128335356712341,0.3352631628513336,0.06952571123838425,0.6934807300567627,0.511322557926178,0.3474293053150177,0.049036234617233276
102,0.6588262915611267,0.5815949440002441,-0.3632698655128479,0.9998436570167542,0.6634150147438049,0.5736204385757446,-0.3672417104244232,0.9999019503593445,0.6664687991142273,0.5695850253105164,-0.3672500252723694,0.9998859167098999,0.6707690954208374,0.5679279565811157,-0.3672906160354614,0.9998267292976379,0.6513564586639404,0.5772533416748047,-0.3681349456310272,0.99991774559021,0.6478198766708374,0.5770902633666992,-0.36824315786361694,0.9999143481254578,0.6453653573989868,0.5768412947654724,-0.36831140518188477,0.9999096989631653,0.6780039668083191,0.5512049198150635,-0.3164064586162567,0.9997000098228455,0.6407407522201538,0.5589287281036377,-0.32187420129776,0.9999294281005859,0.6655792593955994,0.5748522281646729,-0.3369639813899994,0.9996791481971741,0.6568808555603027,0.5769034624099731,-0.33864638209342957,0.9998340010643005,0.7095764875411987,0.520807683467865,-0.22912028431892395,0.9992717504501343,0.6200311183929443,0.5233932733535767,-0.2342313528060913,0.9995101690292358,0.7581897974014282,0.5415713787078857,-0.17290127277374268,0.9516952633857727,0.6307138800621033,0.5431749224662781,-0.19057220220565796,0.9099805355072021,0.7147117853164673,0.6090003252029419,-0.18713527917861938,0.8558064699172974,0.661218523979187,0.6024318933486938,-0.21469244360923767,0.8628018498420715,0.7109334468841553,0.6246731877326965,-0.21162709593772888,0.8501126766204834,0.6627088785171509,0.6179812550544739,-0.23884359002113342,0.8311654329299927,0.6986305713653564,0.6181989908218384,-0.2294115275144577,0.8514932990074158,0.6702474355697632,0.6130361557006836,-0.24878628551959991,0.818642795085907,0.6977682709693909,0.610758900642395,-0.19600871205329895,0.8037846684455872,0.675187885761261,0.6003777384757996,-0.21933655440807343,0.7797950506210327,0.6861708164215088,0.4393346607685089,-0.007505219429731369,0.9993918538093567,0.6492894887924194,0.4369865953922272,0.007724094204604626,0.9993826150894165,0.6963300108909607,0.4889945983886719,0.11636517941951752,0.2822878658771515,0.6540305614471436,0.5038918256759644,0.13382093608379364,0.20060096681118011,0.6931313872337341,0.4861217141151428,0.3539557456970215,0.19365422427654266,0.6754026412963867,0.4893510043621063,0.36446279287338257,0.15684884786605835,0.6906697750091553,0.47598978877067566,0.37893447279930115,0.267739862203598,0.6790454983711243,0.4829663932323456,0.390066921710968,0.14939801394939423,0.6935774087905884,0.5143048763275146,0.381570041179657,0.06800002604722977,0.681878924369812,0.508234977722168,0.39447593688964844,0.04872734844684601
103,0.6541688442230225,0.5915775299072266,-0.3620975613594055,0.9998497366905212,0.6588061451911926,0.5819679498672485,-0.3658778667449951,0.9999043941497803,0.6615567803382874,0.5774680376052856,-0.365899920463562,0.9998881816864014,0.6659002900123596,0.5758492946624756,-0.3659403622150421,0.9998329877853394,0.6470047831535339,0.584027886390686,-0.36747613549232483,0.9999186992645264,0.6440103650093079,0.5836601853370667,-0.3675770163536072,0.9999150633811951,0.6396758556365967,0.5826326608657837,-0.36763548851013184,0.999911367893219,0.6728538274765015,0.5595762133598328,-0.31541895866394043,0.9997046589851379,0.6407238245010376,0.5639587640762329,-0.32432740926742554,0.9999291896820068,0.6633878350257874,0.5843010544776917,-0.3358655273914337,0.9996872544288635,0.6527430415153503,0.5855274200439453,-0.3385505974292755,0.9998382925987244,0.7114311456680298,0.5208409428596497,-0.23384638130664825,0.999294102191925,0.620517373085022,0.5232785940170288,-0.23894667625427246,0.9995241165161133,0.7559000253677368,0.5411245226860046,-0.18255038559436798,0.9531999230384827,0.6259667277336121,0.5404939651489258,-0.2065660059452057,0.8962870240211487,0.7134881019592285,0.6093645095825195,-0.20302946865558624,0.8609307408332825,0.6570577621459961,0.5996314287185669,-0.24337247014045715,0.8557032346725464,0.7103046178817749,0.6264868378639221,-0.22977814078330994,0.8560724258422852,0.6588137149810791,0.6146283745765686,-0.2692435085773468,0.8247171640396118,0.6974430680274963,0.6194201111793518,-0.24787762761116028,0.8579654693603516,0.6651227474212646,0.6103257536888123,-0.2791106700897217,0.8124866485595703,0.6952690482139587,0.6146838068962097,-0.21234986186027527,0.8120573163032532,0.6683468222618103,0.6009331941604614,-0.2483813762664795,0.7752328515052795,0.6859384775161743,0.4360113739967346,-0.006536486092954874,0.9994136095046997,0.6489988565444946,0.4364551603794098,0.006733024958521128,0.9994154572486877,0.693932831287384,0.4852505028247833,0.13042713701725006,0.2617841362953186,0.6505438685417175,0.5011000037193298,0.14432036876678467,0.18737319111824036,0.6889837980270386,0.48376351594924927,0.3718055486679077,0.18182161450386047,0.6727708578109741,0.4880645275115967,0.3856731355190277,0.14926302433013916,0.6863245368003845,0.4750487506389618,0.3974664807319641,0.25582295656204224,0.6760967969894409,0.4813891053199768,0.4120660722255707,0.1462639570236206,0.6883451342582703,0.5114874243736267,0.40135663747787476,0.06421702355146408,0.6797782182693481,0.5073838233947754,0.41853952407836914,0.047115229070186615
104,0.6533874273300171,0.5990850329399109,-0.3347460627555847,0.9998524188995361,0.6554164290428162,0.5861483812332153,-0.3401948809623718,0.9999058842658997,0.657453715801239,0.5831401944160461,-0.34022247791290283,0.9998900294303894,0.6612749099731445,0.5816221237182617,-0.3402654826641083,0.9998372197151184,0.6450099349021912,0.5902424454689026,-0.340686559677124,0.9999183416366577,0.6425063610076904,0.5922171473503113,-0.3407864272594452,0.9999149441719055,0.6380378007888794,0.5916767716407776,-0.3408486247062683,0.9999116659164429,0.6673819422721863,0.563535213470459,-0.30050957202911377,0.999703049659729,0.637637734413147,0.5724270939826965,-0.30467209219932556,0.9999276399612427,0.662661075592041,0.5888369083404541,-0.3127158284187317,0.9996859431266785,0.6520465016365051,0.5926511883735657,-0.3140614628791809,0.9998395442962646,0.7081628441810608,0.5184182524681091,-0.22911135852336884,0.9992780685424805,0.6176933646202087,0.5300650000572205,-0.22947163879871368,0.9995200037956238,0.7555362582206726,0.539736807346344,-0.17697285115718842,0.9561343789100647,0.6239304542541504,0.5428566932678223,-0.16852524876594543,0.8686029314994812,0.71430903673172,0.6093555688858032,-0.16021965444087982,0.8664203882217407,0.6562252044677734,0.5988010168075562,-0.16187189519405365,0.8274954557418823,0.7102099657058716,0.6258238554000854,-0.18192961812019348,0.8620641231536865,0.6583598256111145,0.6134587526321411,-0.17713774740695953,0.7990466952323914,0.6976680159568787,0.6191751956939697,-0.19900068640708923,0.8643099665641785,0.6642698049545288,0.6087055802345276,-0.1867687702178955,0.7865314483642578,0.6954329609870911,0.6161514520645142,-0.1682257205247879,0.820003092288971,0.6668003797531128,0.6001189947128296,-0.1649971306324005,0.7524136900901794,0.6855984330177307,0.43619388341903687,-0.008357624523341656,0.9994203448295593,0.646274209022522,0.4374341666698456,0.008529969491064548,0.9994202852249146,0.6925774216651917,0.473580926656723,0.13703742623329163,0.25107190012931824,0.6502599716186523,0.4924408793449402,0.16290214657783508,0.17415690422058105,0.6891895532608032,0.47472694516181946,0.3620588183403015,0.17828598618507385,0.6709867715835571,0.48703575134277344,0.3851384222507477,0.14456313848495483,0.6864248514175415,0.4671059846878052,0.38658392429351807,0.25769340991973877,0.6739575862884521,0.4804137647151947,0.40991172194480896,0.14592455327510834,0.6895619630813599,0.5070536732673645,0.39467188715934753,0.06151636317372322,0.6789003014564514,0.5085345506668091,0.4201265275478363,0.045400939881801605
105,0.6530309915542603,0.5972656011581421,-0.4057123064994812,0.9998612999916077,0.6540529131889343,0.583280622959137,-0.4070647358894348,0.9999117255210876,0.6556432247161865,0.5805279016494751,-0.4070691466331482,0.9998968839645386,0.6575055122375488,0.5785036683082581,-0.40712419152259827,0.999847412109375,0.6438726186752319,0.5883783102035522,-0.4058525562286377,0.999922513961792,0.6426745057106018,0.5887306928634644,-0.4059547483921051,0.9999191761016846,0.6367996335029602,0.5888339281082153,-0.40598803758621216,0.999915599822998,0.6644774079322815,0.5625106692314148,-0.3465176224708557,0.9997190237045288,0.6364006996154785,0.5709430575370789,-0.3425648808479309,0.9999303817749023,0.6601449847221375,0.5882208943367004,-0.37646663188934326,0.9997037053108215,0.6508648991584778,0.5917162299156189,-0.3754895329475403,0.9998489618301392,0.7037365436553955,0.5173172354698181,-0.2535976469516754,0.9992914199829102,0.6182257533073425,0.5330125093460083,-0.23848183453083038,0.9995149374008179,0.7523511648178101,0.5364174246788025,-0.17854100465774536,0.9570285677909851,0.6262481212615967,0.5421307682991028,-0.16788002848625183,0.8343678116798401,0.7129492163658142,0.6092634201049805,-0.1535654067993164,0.8660956621170044,0.6617676615715027,0.6007125377655029,-0.16460581123828888,0.8028824925422668,0.7094517350196838,0.6254484057426453,-0.17459675669670105,0.8628954291343689,0.659077525138855,0.6128939986228943,-0.1800859272480011,0.777230978012085,0.6968569755554199,0.6195732355117798,-0.19419701397418976,0.865744948387146,0.6646362543106079,0.6079827547073364,-0.19383075833320618,0.7645574808120728,0.6927639842033386,0.6153902411460876,-0.16202837228775024,0.8227675557136536,0.6673462986946106,0.6010369062423706,-0.16927650570869446,0.733526349067688,0.6799825429916382,0.4337177276611328,-0.010334360413253307,0.9994191527366638,0.6432792544364929,0.43795886635780334,0.010583914816379547,0.9994201064109802,0.6897684335708618,0.4797819256782532,0.10666781663894653,0.24318377673625946,0.6475363969802856,0.5026721954345703,0.143741637468338,0.16614539921283722,0.687134325504303,0.48350563645362854,0.34576183557510376,0.17528025805950165,0.6713331937789917,0.49664920568466187,0.37230291962623596,0.14077451825141907,0.6844448447227478,0.47556835412979126,0.3701714873313904,0.26129746437072754,0.6742628216743469,0.4887322187423706,0.39805054664611816,0.1439274251461029,0.6882590055465698,0.5170373916625977,0.3833812475204468,0.06399956345558167,0.6809092164039612,0.5180023908615112,0.4026513695716858,0.04653036966919899
106,0.6501295566558838,0.5933445692062378,-0.40048789978027344,0.9998716115951538,0.6489720940589905,0.5807151794433594,-0.40235012769699097,0.9999182820320129,0.6505094170570374,0.5781922340393066,-0.40235692262649536,0.9999043941497803,0.6531795859336853,0.575724720954895,-0.4024249017238617,0.9998583793640137,0.6413971185684204,0.5860843658447266,-0.40148019790649414,0.999927818775177,0.6375642418861389,0.5863503813743591,-0.40159177780151367,0.9999247789382935,0.6351429224014282,0.5867106318473816,-0.4016268253326416,0.9999210834503174,0.6615597009658813,0.5602620244026184,-0.345650315284729,0.9997379779815674,0.6322453618049622,0.5708257555961609,-0.34302496910095215,0.9999347925186157,0.6569150686264038,0.5872576832771301,-0.3727060556411743,0.9997228980064392,0.646813154220581,0.5916124582290649,-0.3721465766429901,0.9998586773872375,0.701701283454895,0.5171806216239929,-0.24965009093284607,0.9992946982383728,0.6156594753265381,0.5389900803565979,-0.23655912280082703,0.9995083808898926,0.7459475994110107,0.5363001227378845,-0.17373330891132355,0.9552015066146851,0.627415120601654,0.5503024458885193,-0.15822556614875793,0.7990642189979553,0.7113081216812134,0.6084014773368835,-0.1389162242412567,0.8629391193389893,0.6629394292831421,0.6001706719398499,-0.14152969419956207,0.7821238040924072,0.7090298533439636,0.6248408555984497,-0.15742310881614685,0.8581058979034424,0.6607077121734619,0.6126154065132141,-0.15213222801685333,0.7557007670402527,0.6939979791641235,0.6187276840209961,-0.17579449713230133,0.8618721961975098,0.6656756401062012,0.6073653101921082,-0.16860374808311462,0.7435027956962585,0.6928324699401855,0.6143144965171814,-0.14670366048812866,0.8190106153488159,0.6697035431861877,0.6006518006324768,-0.1466822773218155,0.71841961145401,0.6765329241752625,0.4266168773174286,-0.010070281103253365,0.9994122982025146,0.6395168900489807,0.438130259513855,0.0103039825335145,0.9994294047355652,0.6904021501541138,0.4806421995162964,0.06805148720741272,0.23509825766086578,0.6420642733573914,0.514237105846405,0.11095346510410309,0.16221073269844055,0.6833175420761108,0.4918093681335449,0.3028359115123749,0.16951552033424377,0.6657848358154297,0.5073322057723999,0.33638516068458557,0.14020366966724396,0.6799097061157227,0.4854467511177063,0.3272555470466614,0.2559088170528412,0.668803334236145,0.49965548515319824,0.3604027032852173,0.14628955721855164,0.6847288012504578,0.5272873044013977,0.3300624191761017,0.0651673674583435,0.675202488899231,0.5274539589881897,0.3612667918205261,0.049665048718452454
107,0.6483474373817444,0.5935258269309998,-0.4097580313682556,0.9998829364776611,0.6484852433204651,0.5799287557601929,-0.409294992685318,0.9999255537986755,0.6507920026779175,0.5771650671958923,-0.4092963635921478,0.9999126195907593,0.6533254384994507,0.5745894312858582,-0.4093569219112396,0.9998708963394165,0.6413110494613647,0.5855829119682312,-0.40883058309555054,0.9999341368675232,0.6388508081436157,0.5865156650543213,-0.4089387357234955,0.9999313354492188,0.6366370916366577,0.5874899625778198,-0.40897417068481445,0.9999279975891113,0.6601341962814331,0.5601545572280884,-0.34494447708129883,0.9997597336769104,0.6332226991653442,0.572526216506958,-0.34425875544548035,0.9999403357505798,0.6554189920425415,0.5858061909675598,-0.37932953238487244,0.9997451305389404,0.6476850509643555,0.5913902521133423,-0.3792845606803894,0.9998701214790344,0.7015354037284851,0.5166419148445129,-0.24989521503448486,0.9992772340774536,0.6169418096542358,0.5490325093269348,-0.23823800683021545,0.9995015263557434,0.7434405088424683,0.53546142578125,-0.19600287079811096,0.9544673562049866,0.6282810568809509,0.5707311630249023,-0.18575826287269592,0.7665826082229614,0.7130113840103149,0.6094074845314026,-0.20274145901203156,0.8652677536010742,0.6645773649215698,0.6037271022796631,-0.2125147581100464,0.7682968378067017,0.7100828886032104,0.6253880262374878,-0.23137597739696503,0.8572809100151062,0.6660648584365845,0.6143819093704224,-0.23296907544136047,0.7413276433944702,0.6958401799201965,0.6203473210334778,-0.2500506043434143,0.8620381951332092,0.6705828905105591,0.607772171497345,-0.24979254603385925,0.7309287786483765,0.6944208741188049,0.6150690913200378,-0.2126466929912567,0.8198904991149902,0.671762228012085,0.6030302047729492,-0.21967653930187225,0.7078879475593567,0.6709789037704468,0.42508837580680847,-0.009839129634201527,0.999407172203064,0.6376280784606934,0.43973714113235474,0.010048272088170052,0.9994414448738098,0.6896498203277588,0.48244428634643555,0.06021827459335327,0.2312120646238327,0.6395765542984009,0.5256970524787903,0.09690724313259125,0.1621570736169815,0.6842702627182007,0.4904343783855438,0.2962503433227539,0.15918280184268951,0.6638208031654358,0.5106650590896606,0.3250799775123596,0.13426758348941803,0.6814116835594177,0.4829394817352295,0.3205527365207672,0.23894555866718292,0.6672006249427795,0.5024071335792542,0.3497769236564636,0.1410282999277115,0.6878860592842102,0.5247406363487244,0.32553592324256897,0.06580431759357452,0.673187792301178,0.5287691950798035,0.3578636050224304,0.05211467295885086
108,0.6453702449798584,0.5922739505767822,-0.4014451503753662,0.9998924136161804,0.6460143327713013,0.5799609422683716,-0.400296151638031,0.9999316334724426,0.6480621695518494,0.5773949027061462,-0.40030917525291443,0.9999194741249084,0.6501199007034302,0.5748834609985352,-0.40036192536354065,0.9998813271522522,0.6399051547050476,0.5850526094436646,-0.4000268578529358,0.999939501285553,0.6369181275367737,0.5850979685783386,-0.40013471245765686,0.9999366998672485,0.6356571912765503,0.5856180191040039,-0.40017613768577576,0.9999335408210754,0.6561712622642517,0.558713972568512,-0.33500728011131287,0.9997770190238953,0.6332222819328308,0.5724664330482483,-0.3356105089187622,0.9999449849128723,0.6511780023574829,0.5843560695648193,-0.3700582683086395,0.9997631907463074,0.6453566551208496,0.5893265008926392,-0.37028416991233826,0.9998793601989746,0.6895537972450256,0.5163133144378662,-0.2436266839504242,0.9992650151252747,0.6178301572799683,0.543637752532959,-0.23458445072174072,0.9994688034057617,0.7399241328239441,0.5345001816749573,-0.20944790542125702,0.9526156187057495,0.6337918043136597,0.5600916147232056,-0.18561983108520508,0.7261984944343567,0.7126608490943909,0.6091957688331604,-0.24821439385414124,0.8699842691421509,0.6650878190994263,0.5989546179771423,-0.21980664134025574,0.7444087266921997,0.710164487361908,0.6258626580238342,-0.2794798016548157,0.8626935482025146,0.6657928228378296,0.608870267868042,-0.2397468090057373,0.721612274646759,0.6970740556716919,0.6203861236572266,-0.29620689153671265,0.8680648803710938,0.6710233092308044,0.6060304641723633,-0.25495368242263794,0.712914228439331,0.6911667585372925,0.6160732507705688,-0.25779610872268677,0.8269069194793701,0.6730741858482361,0.6007772088050842,-0.22658655047416687,0.690937340259552,0.6645951271057129,0.4187122881412506,-0.008974834345281124,0.9993963837623596,0.6356862187385559,0.4320203959941864,0.009141976945102215,0.9994332790374756,0.6860250234603882,0.48096704483032227,0.06768880039453506,0.22945401072502136,0.6399613618850708,0.5202388167381287,0.08357472717761993,0.16450241208076477,0.6797997951507568,0.47601187229156494,0.29930901527404785,0.15259099006652832,0.6571168303489685,0.5052059292793274,0.32769492268562317,0.12692132592201233,0.6760578155517578,0.4677753448486328,0.3233388662338257,0.2277502864599228,0.658943772315979,0.49688461422920227,0.35405388474464417,0.13499736785888672,0.6835411787033081,0.5035852193832397,0.32837778329849243,0.06781816482543945,0.665488600730896,0.5274230241775513,0.3647541403770447,0.052263643592596054
109,0.6488574743270874,0.5922361016273499,-0.3966766595840454,0.9998974800109863,0.6475369334220886,0.5831567049026489,-0.39228555560112,0.9999345541000366,0.6494184732437134,0.5806621313095093,-0.39228543639183044,0.9999222755432129,0.6506160497665405,0.5747964382171631,-0.39232319593429565,0.9998866319656372,0.6416877508163452,0.5880576372146606,-0.3883156180381775,0.9999419450759888,0.6395460367202759,0.588798463344574,-0.38845759630203247,0.9999384880065918,0.6378763914108276,0.5896552801132202,-0.3885020315647125,0.9999354481697083,0.6564000844955444,0.5590960383415222,-0.3238432705402374,0.9997766017913818,0.6348248720169067,0.5747535824775696,-0.31747156381607056,0.9999450445175171,0.6523292064666748,0.5836754441261292,-0.3690984547138214,0.999758780002594,0.6464675664901733,0.5890336632728577,-0.36274248361587524,0.9998773336410522,0.6870768666267395,0.5131717920303345,-0.2411254197359085,0.9991567730903625,0.6166729927062988,0.5423684120178223,-0.2165725976228714,0.9994024038314819,0.7299362421035767,0.5273266434669495,-0.20400568842887878,0.9485429525375366,0.6364256143569946,0.557475209236145,-0.1748654842376709,0.6869403719902039,0.7110604047775269,0.609014093875885,-0.22166593372821808,0.8718785047531128,0.6659085154533386,0.597779393196106,-0.19773390889167786,0.7292189002037048,0.708282470703125,0.6263027191162109,-0.24995794892311096,0.8660346865653992,0.6667103171348572,0.6069237589836121,-0.21541854739189148,0.7111456990242004,0.695401668548584,0.6209582686424255,-0.2661758065223694,0.8721756339073181,0.6719142198562622,0.604708731174469,-0.2304316759109497,0.7036046981811523,0.690798282623291,0.6156647801399231,-0.23031207919120789,0.8322489857673645,0.6742561459541321,0.5990305542945862,-0.20396926999092102,0.6823587417602539,0.6597975492477417,0.4099321663379669,-0.012921072542667389,0.9993072152137756,0.6304553151130676,0.42419251799583435,0.013038026168942451,0.9993735551834106,0.6786767244338989,0.4745536744594574,0.058768272399902344,0.22023530304431915,0.6333454847335815,0.4951736330986023,0.09144116193056107,0.15503577888011932,0.6743694543838501,0.4607040286064148,0.27149608731269836,0.15032494068145752,0.6553821563720703,0.4854327440261841,0.33069533109664917,0.11994613707065582,0.6698146462440491,0.4501430094242096,0.29335784912109375,0.22596324980258942,0.6577741503715515,0.4766460061073303,0.3566669821739197,0.13006757199764252,0.6800503134727478,0.487901896238327,0.2924443185329437,0.07184580713510513,0.6659978628158569,0.5055509209632874,0.36445578932762146,0.05181412398815155
110,0.6435903310775757,0.5918290615081787,-0.4293927550315857,0.9999069571495056,0.6390279531478882,0.5769766569137573,-0.424422025680542,0.9999405741691589,0.6400920748710632,0.5732928514480591,-0.42444348335266113,0.9999293684959412,0.6410934925079346,0.5687005519866943,-0.42454439401626587,0.9998970031738281,0.6343657970428467,0.5868677496910095,-0.4248206615447998,0.9999472498893738,0.6311673521995544,0.5885623693466187,-0.42494964599609375,0.9999440908432007,0.6301453113555908,0.5890786647796631,-0.42498451471328735,0.9999412298202515,0.6517829298973083,0.5551453828811646,-0.35045740008354187,0.999796986579895,0.6301518678665161,0.5744345188140869,-0.3543822169303894,0.9999500513076782,0.6489853858947754,0.5819450616836548,-0.39687007665634155,0.9997797012329102,0.643678605556488,0.5889242887496948,-0.3981349468231201,0.999888002872467,0.6857484579086304,0.5120697617530823,-0.2758132517337799,0.999192476272583,0.6171859502792358,0.544147253036499,-0.2342410385608673,0.9993501901626587,0.7323113083839417,0.5297707319259644,-0.24923233687877655,0.9510601758956909,0.6377356648445129,0.5671639442443848,-0.21688604354858398,0.6790457963943481,0.7101772427558899,0.6076748967170715,-0.26975786685943604,0.8772602081298828,0.665492057800293,0.6004219055175781,-0.26500868797302246,0.72501140832901,0.7057726979255676,0.625842809677124,-0.30160701274871826,0.8682783246040344,0.6667783260345459,0.6073113083839417,-0.2830130457878113,0.70838463306427,0.6890169382095337,0.6203731298446655,-0.315055787563324,0.8750724196434021,0.6715706586837769,0.6046891212463379,-0.2994346022605896,0.7019365429878235,0.6873546838760376,0.6147215366363525,-0.2774905562400818,0.8358604907989502,0.6741694808006287,0.5996267795562744,-0.2722247242927551,0.6795804500579834,0.6603318452835083,0.4036027193069458,-0.020664390176534653,0.9993550181388855,0.6321170330047607,0.42539674043655396,0.020738746970891953,0.9994177222251892,0.6815022230148315,0.4469863474369049,-0.019389916211366653,0.2648959457874298,0.6259176135063171,0.4759189188480377,0.07060050964355469,0.1625211238861084,0.6567968130111694,0.4332290589809418,0.22009146213531494,0.15991948544979095,0.6447452306747437,0.46715864539146423,0.3174359202384949,0.12331203371286392,0.6498072743415833,0.4285314679145813,0.24610145390033722,0.23393915593624115,0.6481374502182007,0.46320903301239014,0.3442213535308838,0.1350545436143875,0.6571024656295776,0.4488508999347687,0.2608867287635803,0.08594377338886261,0.6527669429779053,0.47524794936180115,0.3540160059928894,0.05866251885890961
111,0.6418814063072205,0.5912686586380005,-0.43756169080734253,0.9999140501022339,0.6380844116210938,0.5766224265098572,-0.43378567695617676,0.9999451041221619,0.6391299962997437,0.5729706883430481,-0.43380793929100037,0.9999344348907471,0.6401548385620117,0.568702757358551,-0.4338766038417816,0.9999046325683594,0.6319133639335632,0.5853738784790039,-0.43422597646713257,0.999951183795929,0.6276925802230835,0.5866225957870483,-0.4343399107456207,0.9999480247497559,0.6264352202415466,0.5867399573326111,-0.4343815743923187,0.9999454617500305,0.6493263840675354,0.5547705888748169,-0.36052659153938293,0.9998109340667725,0.6273122429847717,0.5724605321884155,-0.36392343044281006,0.9999538660049438,0.6486505270004272,0.5826587677001953,-0.4042147994041443,0.9997909665107727,0.6420174837112427,0.5885933637619019,-0.40547698736190796,0.9998937249183655,0.6846176981925964,0.5125458836555481,-0.27887579798698425,0.9991850256919861,0.6173948645591736,0.5450679063796997,-0.25100427865982056,0.9993103742599487,0.7350186109542847,0.5304169654846191,-0.2612561881542206,0.9522022008895874,0.6374877691268921,0.5681196451187134,-0.23468467593193054,0.6808519959449768,0.7090572714805603,0.6075636744499207,-0.3083229959011078,0.8828543424606323,0.6654560565948486,0.5999920964241028,-0.2897593677043915,0.7328586578369141,0.7037872076034546,0.625610888004303,-0.34358417987823486,0.8729783892631531,0.6669610738754272,0.6072351932525635,-0.31180769205093384,0.7144352793693542,0.6902621984481812,0.6209409832954407,-0.35850971937179565,0.8802476525306702,0.6714661717414856,0.6046345829963684,-0.32789742946624756,0.7087958455085754,0.6872853636741638,0.6143739223480225,-0.3175349831581116,0.8421939611434937,0.6739842295646667,0.599497377872467,-0.29726916551589966,0.6857346892356873,0.6583245992660522,0.40341323614120483,-0.018485238775610924,0.9993574023246765,0.6305595636367798,0.42409786581993103,0.018551865592598915,0.9994297623634338,0.6820124387741089,0.44420483708381653,0.034528717398643494,0.2769654095172882,0.6281775236129761,0.45767274498939514,0.08599250018596649,0.16931161284446716,0.6587417125701904,0.42155253887176514,0.2634134888648987,0.15444135665893555,0.6443084478378296,0.45344772934913635,0.3425670564174652,0.11791637539863586,0.6516729593276978,0.41524365544319153,0.2827605605125427,0.22627536952495575,0.64693284034729,0.4513321816921234,0.37221723794937134,0.1313067525625229,0.6600619554519653,0.4364241361618042,0.3119414150714874,0.08715099841356277,0.6523574590682983,0.45973625779151917,0.39613181352615356,0.05969453603029251
112,0.6403947472572327,0.5906975865364075,-0.43488407135009766,0.9999057650566101,0.6402486562728882,0.5768805146217346,-0.43654751777648926,0.9999383091926575,0.6420679092407227,0.5739742517471313,-0.4365103244781494,0.9999258518218994,0.6438699960708618,0.5709564685821533,-0.43655481934547424,0.9998950362205505,0.634017288684845,0.5847141146659851,-0.4377507269382477,0.9999468326568604,0.6313544511795044,0.5857243537902832,-0.4378531575202942,0.9999418258666992,0.6296411752700806,0.5858750939369202,-0.4378911554813385,0.9999380707740784,0.6502670645713806,0.5572269558906555,-0.3738667368888855,0.9997955560684204,0.6282616853713989,0.5715464949607849,-0.38005924224853516,0.9999479055404663,0.6462172269821167,0.5832620859146118,-0.403726726770401,0.9997563362121582,0.6397228240966797,0.5883459448814392,-0.40583181381225586,0.9998767375946045,0.682107150554657,0.5305113196372986,-0.2679772973060608,0.9990170001983643,0.6172707080841064,0.5519179701805115,-0.2652568519115448,0.9991042613983154,0.7291297316551208,0.5461248755455017,-0.19406500458717346,0.9249822497367859,0.6407939195632935,0.5818328261375427,-0.20998647809028625,0.666583240032196,0.6924470663070679,0.6075279712677002,-0.13576164841651917,0.8506820201873779,0.6653649210929871,0.5998350977897644,-0.22230258584022522,0.7201258540153503,0.6852481961250305,0.6255295872688293,-0.14849776029586792,0.8379526138305664,0.6667975783348083,0.6054521203041077,-0.2287427932024002,0.6969575881958008,0.6763043999671936,0.6195613145828247,-0.16680799424648285,0.8480082750320435,0.6688612103462219,0.5995738506317139,-0.23909561336040497,0.6929405927658081,0.675609827041626,0.6137362718582153,-0.142152339220047,0.81097412109375,0.6710885763168335,0.5957507491111755,-0.22342589497566223,0.6724460124969482,0.6563893556594849,0.40901434421539307,-0.007044107653200626,0.9992936849594116,0.6257011890411377,0.42401424050331116,0.007127740420401096,0.9994027018547058,0.6784952282905579,0.47594162821769714,0.04250296205282211,0.27072373032569885,0.6249778270721436,0.5046070218086243,0.10051289945840836,0.17035309970378876,0.6642807722091675,0.4735913872718811,0.27885332703590393,0.14662067592144012,0.6456201076507568,0.5045231580734253,0.35352474451065063,0.11445930600166321,0.6592385768890381,0.46881312131881714,0.3017996549606323,0.21056078374385834,0.6482024192810059,0.5005285143852234,0.38124871253967285,0.1268947571516037,0.6690476536750793,0.4951666593551636,0.3075348734855652,0.0937574952840805,0.656589150428772,0.5204290747642517,0.392321914434433,0.06811108440160751
113,0.6387587189674377,0.587178647518158,-0.449983686208725,0.9998864531517029,0.6372774243354797,0.57418292760849,-0.45160502195358276,0.9999333024024963,0.6383846998214722,0.5713446736335754,-0.45158830285072327,0.9999215006828308,0.6394268274307251,0.5687177777290344,-0.4516870379447937,0.9998880624771118,0.6311044096946716,0.5826717615127563,-0.44967928528785706,0.9999384880065918,0.6296113729476929,0.5832476019859314,-0.4497828483581543,0.9999306797981262,0.6275785565376282,0.5815691351890564,-0.44982457160949707,0.9999226331710815,0.6449285745620728,0.5559021234512329,-0.3868933320045471,0.9997913837432861,0.6259182095527649,0.5694522857666016,-0.37970930337905884,0.9999391436576843,0.644541323184967,0.5811932682991028,-0.4184647500514984,0.9996862411499023,0.6385242342948914,0.586234986782074,-0.4168833792209625,0.9998289346694946,0.6747479438781738,0.5282686352729797,-0.29529309272766113,0.9989709258079529,0.6187693476676941,0.5510356426239014,-0.2577233910560608,0.9987417459487915,0.7268327474594116,0.5504930019378662,-0.2142914980649948,0.9191820621490479,0.6449775099754333,0.576891303062439,-0.20569710433483124,0.6301494240760803,0.6820630431175232,0.6189106702804565,-0.15990278124809265,0.834972083568573,0.6628326773643494,0.6029625535011292,-0.17930260300636292,0.6819522380828857,0.675566554069519,0.638944149017334,-0.1755712628364563,0.8198880553245544,0.6642206311225891,0.6075671315193176,-0.1832621544599533,0.6596221923828125,0.6670602560043335,0.6318715810775757,-0.19297656416893005,0.8325990438461304,0.6631700396537781,0.6003684997558594,-0.1960214376449585,0.6557230949401855,0.6673457026481628,0.6223557591438293,-0.1659637689590454,0.7957924604415894,0.6646931171417236,0.5978369116783142,-0.18196210265159607,0.6381433010101318,0.6506255865097046,0.4087540805339813,-0.018353911116719246,0.9993495345115662,0.627730667591095,0.42517608404159546,0.018450705334544182,0.9994420409202576,0.6727611422538757,0.4354884624481201,0.04885308817028999,0.2936534881591797,0.62926185131073,0.45342472195625305,0.14379599690437317,0.1696821004152298,0.6439000964164734,0.4146592915058136,0.3061314821243286,0.1507645547389984,0.6368561387062073,0.4542925953865051,0.41506725549697876,0.10965058952569962,0.636275589466095,0.41190826892852783,0.3335038423538208,0.2164885699748993,0.6365057229995728,0.4546394646167755,0.4462870955467224,0.12146065384149551,0.6429938077926636,0.4161299467086792,0.3551325500011444,0.10061373561620712,0.6429066061973572,0.4558442533016205,0.47331172227859497,0.06686114519834518
116,0.6111198663711548,0.5878213047981262,-0.31942135095596313,0.9998916983604431,0.6122023463249207,0.5811169147491455,-0.33885622024536133,0.9999372959136963,0.6155211925506592,0.5789707899093628,-0.3388637602329254,0.9999266862869263,0.6178703308105469,0.5778583288192749,-0.3389427065849304,0.9998965859413147,0.6036461591720581,0.5794718265533447,-0.325178325176239,0.9999390244483948,0.6012299656867981,0.5780735015869141,-0.32526031136512756,0.9999308586120605,0.6009672284126282,0.5783913731575012,-0.32531261444091797,0.9999228119850159,0.6225138902664185,0.5640819072723389,-0.3501313626766205,0.9998071193695068,0.6007385849952698,0.5557995438575745,-0.29072850942611694,0.9999364018440247,0.6198676228523254,0.5784663558006287,-0.3154776990413666,0.9997124075889587,0.6149376630783081,0.5783529281616211,-0.29846256971359253,0.9998404383659363,0.663987934589386,0.5280181169509888,-0.31564828753471375,0.9990667700767517,0.610323965549469,0.5113884806632996,-0.19513389468193054,0.9988124370574951,0.709967315196991,0.5942809581756592,-0.27138420939445496,0.925957977771759,0.6310608983039856,0.5344884395599365,-0.06968417763710022,0.5863918662071228,0.6477906703948975,0.6568015813827515,-0.2409728318452835,0.8470349311828613,0.620596170425415,0.6108523011207581,0.00023354585573542863,0.6222842931747437,0.6378256678581238,0.677706241607666,-0.27100899815559387,0.8304184675216675,0.6154269576072693,0.6237727403640747,-0.0030035621020942926,0.603905200958252,0.6284008026123047,0.6533011198043823,-0.288576602935791,0.8422214388847351,0.6197586059570312,0.625476062297821,-0.019993897527456284,0.601526141166687,0.631483793258667,0.646227240562439,-0.24892695248126984,0.8063761591911316,0.6228610277175903,0.6219953298568726,-0.0048860968090593815,0.5873267650604248,0.6982986927032471,0.42901110649108887,-0.03130384534597397,0.999411940574646,0.6719820499420166,0.441432923078537,0.03140270709991455,0.9994838833808899,0.7228303551673889,0.4360591471195221,0.12532082200050354,0.3134727478027344,0.6651673316955566,0.5125898122787476,0.20960941910743713,0.1661640703678131,0.7425677180290222,0.4008278250694275,0.38848406076431274,0.1702498346567154,0.6757031679153442,0.5275393128395081,0.4199962019920349,0.10616020113229752,0.7447250485420227,0.3876378834247589,0.41712746024131775,0.22190453112125397,0.6793481707572937,0.5182618498802185,0.4427470564842224,0.11830444633960724,0.7538241147994995,0.43101832270622253,0.40721291303634644,0.11508646607398987,0.6780365109443665,0.5733374357223511,0.4483802318572998,0.06800922006368637
117,0.6117783784866333,0.5874669551849365,-0.26908838748931885,0.9998278021812439,0.6121373772621155,0.581767201423645,-0.2896227538585663,0.9999076724052429,0.614568829536438,0.5804792046546936,-0.28961867094039917,0.9999010562896729,0.6166647672653198,0.577909529209137,-0.289696604013443,0.9998720288276672,0.6048595309257507,0.5796405673027039,-0.2756916880607605,0.9998872876167297,0.6027899384498596,0.5781087279319763,-0.2757204473018646,0.9998713731765747,0.6014900803565979,0.5779610276222229,-0.2757755219936371,0.9998475909233093,0.6200189590454102,0.5643121004104614,-0.3062272071838379,0.9997779130935669,0.6007446646690369,0.555790901184082,-0.24596428871154785,0.9998639822006226,0.6198018193244934,0.5783427953720093,-0.2666286826133728,0.9996277689933777,0.6148937344551086,0.5776274800300598,-0.24952033162117004,0.9997624158859253,0.6588506102561951,0.5393261313438416,-0.2833511233329773,0.9991295337677002,0.6074568629264832,0.5065557360649109,-0.14888106286525726,0.9987220168113708,0.7081208229064941,0.5943601131439209,-0.200484037399292,0.9255282878875732,0.6343809962272644,0.4952486753463745,-0.0044666556641459465,0.5309404134750366,0.651177167892456,0.6543852686882019,-0.10681220144033432,0.8337938189506531,0.6324583292007446,0.5563125610351562,0.08999477326869965,0.5614224672317505,0.6495318412780762,0.6614415049552917,-0.1234789714217186,0.8156608939170837,0.631052553653717,0.563875675201416,0.0965157076716423,0.546253502368927,0.6388086080551147,0.6477587223052979,-0.1341666877269745,0.827067494392395,0.6325258612632751,0.5678464770317078,0.07948321849107742,0.5441821217536926,0.6411432027816772,0.6397526860237122,-0.10934919118881226,0.7908573150634766,0.6342464685440063,0.5674805045127869,0.085633784532547,0.5317403674125671,0.6982622742652893,0.4384547472000122,-0.03640923649072647,0.999453067779541,0.6734722256660461,0.44107821583747864,0.036428164690732956,0.9994684457778931,0.7171376943588257,0.44512173533439636,0.12420260906219482,0.3159332573413849,0.6736717224121094,0.47519823908805847,0.23919937014579773,0.15508590638637543,0.7459112405776978,0.43862536549568176,0.36682555079460144,0.1772771030664444,0.7017446160316467,0.47255101799964905,0.4518802762031555,0.10717089474201202,0.7517434358596802,0.4282493591308594,0.39366912841796875,0.23086270689964294,0.7075819969177246,0.46336737275123596,0.4751538634300232,0.11938048899173737,0.7538506388664246,0.4738326072692871,0.3878314793109894,0.11250422149896622,0.7088243365287781,0.5061100721359253,0.47395414113998413,0.0662682056427002
118,0.6041490435600281,0.5885098576545715,-0.2374071180820465,0.9996961355209351,0.6053064465522766,0.5865964889526367,-0.26002052426338196,0.9998275637626648,0.6034837961196899,0.5834076404571533,-0.2600165605545044,0.9998335242271423,0.606775164604187,0.5835396647453308,-0.26008328795433044,0.999790608882904,0.5988674163818359,0.5813632607460022,-0.2493056058883667,0.9997606873512268,0.5967169404029846,0.5789340138435364,-0.2493029534816742,0.9997453689575195,0.5943773984909058,0.577954888343811,-0.24936914443969727,0.9996662735939026,0.6148435473442078,0.5712689757347107,-0.28459757566452026,0.9996919631958008,0.593683660030365,0.5558728575706482,-0.23777885735034943,0.999700129032135,0.6109850406646729,0.578883945941925,-0.23719505965709686,0.999420702457428,0.6049580574035645,0.5780729055404663,-0.22403939068317413,0.9996005296707153,0.6541768312454224,0.5571893453598022,-0.255353182554245,0.9991794228553772,0.5972722768783569,0.5026506185531616,-0.1540662795305252,0.9985866546630859,0.7039515376091003,0.5945447683334351,-0.15863332152366638,0.9266478419303894,0.6253159642219543,0.48978865146636963,-0.006118549033999443,0.48230382800102234,0.6486250758171082,0.6547449827194214,-0.06526196748018265,0.8265220522880554,0.625343918800354,0.5626763105392456,0.08389465510845184,0.5073652267456055,0.6449604034423828,0.6661911010742188,-0.08056627959012985,0.8080108165740967,0.6252126693725586,0.5716352462768555,0.08733931183815002,0.4960375726222992,0.6374666690826416,0.6657529473304749,-0.089870385825634,0.817223310470581,0.6268158555030823,0.5762909054756165,0.06757676601409912,0.494017630815506,0.6403370499610901,0.6403411626815796,-0.06724338233470917,0.7807344794273376,0.6287838816642761,0.5756726861000061,0.07841368764638901,0.4833678901195526,0.6943973302841187,0.4535941183567047,-0.029902806505560875,0.9994964003562927,0.6709709763526917,0.43935394287109375,0.029871229082345963,0.999478280544281,0.7141839265823364,0.43508827686309814,0.15168644487857819,0.3124089241027832,0.6797458529472351,0.43387219309806824,0.23548296093940735,0.14689315855503082,0.7543448209762573,0.4228147268295288,0.3803977966308594,0.18854935467243195,0.7190006375312805,0.41540956497192383,0.4482244849205017,0.11524645984172821,0.7633455991744995,0.4131932258605957,0.4052765965461731,0.24334993958473206,0.7273473739624023,0.4053240418434143,0.4715450704097748,0.13142505288124084,0.7571930289268494,0.4385015368461609,0.4012027382850647,0.10793165862560272,0.7226036787033081,0.4370315968990326,0.4655117988586426,0.06407224386930466
120,0.5977744460105896,0.5994535088539124,-0.30950814485549927,0.9997068643569946,0.5958171486854553,0.5962148904800415,-0.3322901129722595,0.9998366236686707,0.5973135232925415,0.595022439956665,-0.3322993516921997,0.9998416304588318,0.5951012969017029,0.5893574953079224,-0.33241748809814453,0.9998029470443726,0.5905515551567078,0.5956998467445374,-0.31710919737815857,0.9997650384902954,0.5885281562805176,0.594395637512207,-0.3171134889125824,0.9997457265853882,0.5864840149879456,0.5930289030075073,-0.3171355426311493,0.9996683597564697,0.6016419529914856,0.5770421624183655,-0.35505419969558716,0.9997124075889587,0.5845262408256531,0.5738956928253174,-0.28781211376190186,0.9996923804283142,0.6015722155570984,0.5839248299598694,-0.30912500619888306,0.9994699954986572,0.5978344678878784,0.5849676728248596,-0.28996413946151733,0.9996309280395508,0.6398550271987915,0.5407885909080505,-0.3206435441970825,0.9992560744285583,0.5919774174690247,0.5295461416244507,-0.1812802255153656,0.9986757040023804,0.6957504153251648,0.595984697341919,-0.2470140904188156,0.9289990067481995,0.6350468397140503,0.5464641451835632,-0.04756186529994011,0.4419349730014801,0.6395831108093262,0.6642997860908508,-0.16851752996444702,0.8373983502388,0.6265695095062256,0.6220939755439758,0.025711942464113235,0.46258920431137085,0.6317123174667358,0.6827325820922852,-0.1905592679977417,0.8181214332580566,0.6245079636573792,0.6594778895378113,0.02641606703400612,0.45449593663215637,0.6256650686264038,0.6753966808319092,-0.20315904915332794,0.826735258102417,0.6249231100082397,0.6614296436309814,0.006855573505163193,0.45305949449539185,0.6271670460700989,0.6680588722229004,-0.1723603904247284,0.7906713485717773,0.6266131401062012,0.6464129090309143,0.019419994205236435,0.44511663913726807,0.6909342408180237,0.45826220512390137,-0.03743572160601616,0.9995417594909668,0.6679048538208008,0.4735478162765503,0.037536438554525375,0.9994921684265137,0.7154752612113953,0.4316358268260956,0.07108146697282791,0.3610972464084625,0.6655995845794678,0.531696081161499,0.20066876709461212,0.148696169257164,0.7398211359977722,0.46060073375701904,0.3526082932949066,0.21232819557189941,0.6746158599853516,0.5707727670669556,0.4255395829677582,0.11616136878728867,0.7435125708580017,0.46551209688186646,0.3836979568004608,0.2546081244945526,0.6806294918060303,0.5692186951637268,0.45040684938430786,0.13386300206184387,0.7464696764945984,0.49088531732559204,0.3773960769176483,0.12180919945240021,0.6686198711395264,0.6202145218849182,0.45133310556411743,0.0658009797334671
122,0.5719857811927795,0.5934750437736511,-0.270016074180603,0.9997280836105347,0.5704829096794128,0.5918831825256348,-0.29238489270210266,0.9998489618301392,0.5732287168502808,0.591782808303833,-0.292362779378891,0.9998542666435242,0.5761239528656006,0.5917470455169678,-0.29245713353157043,0.9998190999031067,0.5647734999656677,0.5904580354690552,-0.27789291739463806,0.999779462814331,0.5639250874519348,0.5890288949012756,-0.27788683772087097,0.9997625350952148,0.5628315210342407,0.5869247317314148,-0.27791765332221985,0.9996911287307739,0.5839939117431641,0.5799604654312134,-0.3149474859237671,0.9997385740280151,0.5667256116867065,0.5716665387153625,-0.25124722719192505,0.9997151494026184,0.5831186175346375,0.5840402245521545,-0.2695145308971405,0.9995152950286865,0.5791640877723694,0.5913205146789551,-0.25152161717414856,0.9996596574783325,0.623508095741272,0.5529822707176208,-0.28766947984695435,0.9993255734443665,0.5764433741569519,0.5214295983314514,-0.15902599692344666,0.9987884759902954,0.6890029907226562,0.5888422727584839,-0.21723023056983948,0.9324941635131836,0.6128162741661072,0.5345093607902527,-0.010427774861454964,0.40432992577552795,0.6380070447921753,0.66533362865448,-0.14496049284934998,0.8450132012367249,0.6040655970573425,0.6293143033981323,0.07406482845544815,0.4270618259906769,0.6318748593330383,0.6860880851745605,-0.16185835003852844,0.8258432745933533,0.598944902420044,0.6472156047821045,0.07599934190511703,0.427748441696167,0.6255086660385132,0.6801409125328064,-0.16875211894512177,0.8328928351402283,0.6120029091835022,0.6629043817520142,0.05448374152183533,0.4260563254356384,0.6269168257713318,0.6719347238540649,-0.14598581194877625,0.796149492263794,0.6150295734405518,0.65597003698349,0.0671025738120079,0.41911017894744873,0.6827586889266968,0.47422611713409424,-0.03256307169795036,0.9995774626731873,0.6663949489593506,0.46963930130004883,0.03243062645196915,0.9995073080062866,0.7154165506362915,0.4124000668525696,0.11016903072595596,0.3594666123390198,0.6998997926712036,0.43820270895957947,0.21948900818824768,0.15289077162742615,0.7625557780265808,0.3853609263896942,0.3536001145839691,0.22418127954006195,0.7462380528450012,0.3835054934024811,0.42471083998680115,0.13829252123832703,0.7730190753936768,0.3760577440261841,0.3809216320514679,0.2725910246372223,0.756566047668457,0.371065616607666,0.44734662771224976,0.16449950635433197,0.7674960494041443,0.40240365266799927,0.3707066774368286,0.12205932289361954,0.7510104775428772,0.38796624541282654,0.4338577687740326,0.06826412677764893
128,0.5425831079483032,0.591533899307251,-0.3185085952281952,0.9997250437736511,0.5387758016586304,0.58563631772995,-0.3374877870082855,0.9998443126678467,0.5399788022041321,0.5844345688819885,-0.3374587595462799,0.9998477697372437,0.5412059426307678,0.5831104516983032,-0.33757466077804565,0.9998192191123962,0.5352398157119751,0.5864349007606506,-0.31894004344940186,0.9997658133506775,0.5339065194129944,0.5858058333396912,-0.31906798481941223,0.9997471570968628,0.5325790047645569,0.5853444337844849,-0.3191480040550232,0.9996932148933411,0.5451713800430298,0.5681310892105103,-0.36228829622268677,0.9997301697731018,0.5342175364494324,0.5702309012413025,-0.2789897620677948,0.9997146129608154,0.5503661036491394,0.5839102864265442,-0.3214080035686493,0.9995421767234802,0.5472173690795898,0.5864601731300354,-0.2971700429916382,0.9996699690818787,0.5938347578048706,0.515932559967041,-0.33276697993278503,0.9993228316307068,0.53764408826828,0.5452063083648682,-0.21134109795093536,0.9988883137702942,0.6589371562004089,0.555556058883667,-0.31205421686172485,0.9368868470191956,0.569869875907898,0.6206758618354797,-0.16068120300769806,0.4255312979221344,0.6411897540092468,0.6550691723823547,-0.25679755210876465,0.8525275588035583,0.5812221765518188,0.6849091053009033,-0.1625160425901413,0.4257262647151947,0.639845073223114,0.672844409942627,-0.2841368317604065,0.8297828435897827,0.5782372951507568,0.7000199556350708,-0.17521914839744568,0.42565345764160156,0.6295070648193359,0.6766211986541748,-0.29244083166122437,0.8372135758399963,0.5810361504554749,0.6978999376296997,-0.19595016539096832,0.42969903349876404,0.6288646459579468,0.6702176332473755,-0.26116105914115906,0.8000634908676147,0.5856603980064392,0.6921344995498657,-0.17127694189548492,0.4254721999168396,0.6435397267341614,0.5069382786750793,-0.04045559838414192,0.9994997978210449,0.6091278195381165,0.5186601877212524,0.04046131297945976,0.9994008541107178,0.6361527442932129,0.6021021008491516,-0.03604699298739433,0.3671202063560486,0.5809776782989502,0.623266875743866,0.08608634769916534,0.159629687666893,0.6423717737197876,0.5857309103012085,0.2200908660888672,0.2143753170967102,0.6162470579147339,0.6035342216491699,0.2616955637931824,0.13424471020698547,0.6441982388496399,0.5764809846878052,0.24801722168922424,0.2564091086387634,0.6221055388450623,0.592247724533081,0.2811833322048187,0.15674716234207153,0.6371920108795166,0.6188570857048035,0.2717752456665039,0.12426508218050003,0.6179820895195007,0.6384362578392029,0.2979545295238495,0.0715542733669281
129,0.5355278849601746,0.5987141132354736,-0.35454386472702026,0.9996359348297119,0.5308923125267029,0.5921022891998291,-0.37168678641319275,0.9998061656951904,0.5321721434593201,0.5908774733543396,-0.3717057704925537,0.9997930526733398,0.5331748127937317,0.5901755690574646,-0.37184157967567444,0.9997886419296265,0.5275365710258484,0.5917028784751892,-0.35299158096313477,0.9996639490127563,0.5257709622383118,0.5909034013748169,-0.3530891239643097,0.9995798468589783,0.5245527625083923,0.5903161764144897,-0.35318657755851746,0.9995684027671814,0.5364040732383728,0.57743239402771,-0.38493335247039795,0.9996601343154907,0.5280806422233582,0.5752757787704468,-0.30237022042274475,0.999516487121582,0.5430301427841187,0.5932666063308716,-0.3528977930545807,0.9995348453521729,0.5431764125823975,0.5961999893188477,-0.32891982793807983,0.9996485710144043,0.5926832556724548,0.5246108770370483,-0.35080137848854065,0.9993780255317688,0.5322020053863525,0.5476081371307373,-0.21109919250011444,0.9989761710166931,0.6582213640213013,0.5518922209739685,-0.3580200970172882,0.9416775107383728,0.5548017621040344,0.6111490726470947,-0.11958593130111694,0.406263142824173,0.6406370401382446,0.6518974900245667,-0.3495945334434509,0.8660227656364441,0.5608837604522705,0.6588191390037537,-0.07982897013425827,0.3948124647140503,0.6407115459442139,0.66892409324646,-0.3877648711204529,0.8436899781227112,0.5547374486923218,0.6666125655174255,-0.08454733341932297,0.3929055333137512,0.6296803951263428,0.6759396195411682,-0.3891339600086212,0.8504257798194885,0.559400200843811,0.6676461100578308,-0.10606808960437775,0.3978065848350525,0.628777801990509,0.6692726016044617,-0.3522873520851135,0.8144362568855286,0.5644172430038452,0.664621114730835,-0.08794896304607391,0.3965359032154083,0.6386139392852783,0.5072453618049622,-0.04019211605191231,0.9995383024215698,0.6062700152397156,0.5283849239349365,0.04021463170647621,0.9994415640830994,0.6425721049308777,0.5925347208976746,0.11565385013818741,0.36616161465644836,0.5843708515167236,0.6282236576080322,0.16668857634067535,0.17892298102378845,0.6480995416641235,0.5824821591377258,0.38269394636154175,0.22273537516593933,0.6195604205131531,0.6828764081001282,0.33220937848091125,0.14079123735427856,0.6500464081764221,0.5759109258651733,0.4113306999206543,0.25750932097435,0.628473162651062,0.6811805367469788,0.3496388792991638,0.1584925651550293,0.6449987888336182,0.6122523546218872,0.40370625257492065,0.14540812373161316,0.6179393529891968,0.7375800013542175,0.331790030002594,0.08444152772426605
130,0.5180509090423584,0.6235129833221436,-0.3031119704246521,0.9996346831321716,0.5127676725387573,0.6130356192588806,-0.32217541337013245,0.9998054504394531,0.5141783952713013,0.6118670105934143,-0.3221657872200012,0.9997873902320862,0.5153790712356567,0.61060631275177,-0.32225677371025085,0.9997912645339966,0.5088406801223755,0.6115103960037231,-0.30181702971458435,0.999656617641449,0.5071849822998047,0.6096656322479248,-0.3019309937953949,0.9995665550231934,0.5061091184616089,0.6081028580665588,-0.30201300978660583,0.9995720386505127,0.5213155150413513,0.5943968296051025,-0.3531254529953003,0.9996622800827026,0.5108222961425781,0.58853679895401,-0.2630596160888672,0.9995062947273254,0.5262844562530518,0.6153199672698975,-0.3087931275367737,0.9995580911636353,0.523497462272644,0.6145419478416443,-0.28267374634742737,0.9996612668037415,0.5787895321846008,0.5404452085494995,-0.3327593207359314,0.9994178414344788,0.5180131196975708,0.5579967498779297,-0.18323832750320435,0.9990627765655518,0.6468324065208435,0.5533671975135803,-0.313585102558136,0.945181131362915,0.5417970418930054,0.6218287348747253,-0.09144017100334167,0.3966701924800873,0.6368402242660522,0.6520252823829651,-0.26058056950569153,0.8770085573196411,0.5513519644737244,0.6787463426589966,-0.044402483850717545,0.3749246597290039,0.6393882632255554,0.6695748567581177,-0.290327787399292,0.853972315788269,0.5447300672531128,0.6857932806015015,-0.04622592031955719,0.3679565489292145,0.6277827024459839,0.6782681941986084,-0.28856590390205383,0.8601377606391907,0.5492063760757446,0.6913005709648132,-0.06681142747402191,0.3747168481349945,0.6263516545295715,0.6705583930015564,-0.26064151525497437,0.8249280452728271,0.5548642873764038,0.6888071894645691,-0.05209566280245781,0.3770701289176941,0.6294661164283752,0.5177640318870544,-0.04048745706677437,0.999557614326477,0.5959053635597229,0.5361239314079285,0.0405011922121048,0.9994611144065857,0.6292799711227417,0.6087942719459534,0.11216866970062256,0.3843534290790558,0.5794094800949097,0.640745222568512,0.1792207658290863,0.19965127110481262,0.6413245797157288,0.612532913684845,0.3595113456249237,0.24249862134456635,0.6151565313339233,0.7247479557991028,0.3458617329597473,0.15631233155727386,0.6458631753921509,0.608268141746521,0.38627323508262634,0.2616811692714691,0.6274543404579163,0.7263596653938293,0.3637022376060486,0.16443321108818054,0.6353413462638855,0.6486898064613342,0.3862205147743225,0.17476560175418854,0.6065687537193298,0.7885847091674805,0.3548417389392853,0.10386279970407486
131,0.5089195966720581,0.6233280897140503,-0.2732979655265808,0.999668300151825,0.5026109218597412,0.6173335909843445,-0.2920324206352234,0.9998235106468201,0.5034134387969971,0.6166019439697266,-0.2920028269290924,0.9998067021369934,0.5043104887008667,0.615929365158081,-0.2920917868614197,0.9998108744621277,0.4995937943458557,0.6160169243812561,-0.27162373065948486,0.999687671661377,0.49844980239868164,0.6143541932106018,-0.27172142267227173,0.9996051788330078,0.4975888729095459,0.6129425764083862,-0.27177295088768005,0.9996113777160645,0.5093233585357666,0.6016831994056702,-0.323467493057251,0.9996939897537231,0.5006259679794312,0.5966553688049316,-0.23313017189502716,0.9995526075363159,0.5170861482620239,0.6161660552024841,-0.27901989221572876,0.9996016025543213,0.5144879221916199,0.6164478063583374,-0.2527996897697449,0.9996943473815918,0.5706151723861694,0.5535153746604919,-0.30932921171188354,0.9994750618934631,0.5117709636688232,0.556961715221405,-0.13433055579662323,0.9991531372070312,0.6334763765335083,0.5523986220359802,-0.29435402154922485,0.9486029744148254,0.5315288305282593,0.597270667552948,0.026480818167328835,0.36468973755836487,0.6337600946426392,0.6488092541694641,-0.2614911198616028,0.8871918320655823,0.5435894727706909,0.6536386013031006,0.13788112998008728,0.34336015582084656,0.6375454664230347,0.6678078770637512,-0.29124513268470764,0.8649419546127319,0.5406166315078735,0.6614459753036499,0.15648803114891052,0.33796390891075134,0.6316999197006226,0.6736297607421875,-0.2917044460773468,0.8706120848655701,0.5437299013137817,0.667048454284668,0.1288612186908722,0.34522873163223267,0.6288434863090515,0.6674760580062866,-0.2624334692955017,0.837149441242218,0.5479849576950073,0.6653813123703003,0.13072937726974487,0.3499273359775543,0.6271549463272095,0.529462993144989,-0.05173800140619278,0.9995994567871094,0.5906978845596313,0.5420713424682617,0.0518147349357605,0.9995094537734985,0.6274666786193848,0.6630452275276184,0.05853087455034256,0.436259388923645,0.5796386003494263,0.6792963147163391,0.17344892024993896,0.23739710450172424,0.6445501446723938,0.6765751242637634,0.25705158710479736,0.297760009765625,0.6244513988494873,0.7797777652740479,0.26107439398765564,0.19589008390903473,0.6490162014961243,0.6756131649017334,0.28180935978889465,0.3029210567474365,0.6337522268295288,0.7822160720825195,0.2745603621006012,0.1886032074689865,0.6377135515213013,0.7083197832107544,0.28199321031570435,0.23728519678115845,0.6067049503326416,0.8383082747459412,0.25846433639526367,0.15095986425876617
132,0.4992247223854065,0.649919867515564,-0.3101500868797302,0.999691367149353,0.4946426749229431,0.6395561695098877,-0.33143237233161926,0.9998359680175781,0.49532222747802734,0.6371224522590637,-0.3314034938812256,0.9998194575309753,0.49612927436828613,0.6350119113922119,-0.3314889073371887,0.9998248219490051,0.49199944734573364,0.6410214900970459,-0.3065837323665619,0.9997063279151917,0.4909488260746002,0.6397190093994141,-0.3066692054271698,0.9996291399002075,0.4898717403411865,0.6387012600898743,-0.30669909715652466,0.9996395111083984,0.4997379183769226,0.6171935200691223,-0.3641917109489441,0.9997181296348572,0.49170011281967163,0.6220064163208008,-0.2541200518608093,0.9995834827423096,0.5075417757034302,0.6373357772827148,-0.3163300156593323,0.9996365308761597,0.5038105249404907,0.6412275433540344,-0.2853526473045349,0.999719500541687,0.5588890910148621,0.5576174259185791,-0.33921724557876587,0.9995192289352417,0.49439874291419983,0.5779947638511658,-0.17060145735740662,0.999234139919281,0.6202436089515686,0.552297055721283,-0.30067723989486694,0.9525314569473267,0.5076788067817688,0.6382490992546082,-0.05007151886820793,0.37935417890548706,0.6286472678184509,0.647429883480072,-0.2415851652622223,0.893667995929718,0.517261266708374,0.7228556871414185,0.0018750699236989021,0.34592634439468384,0.6335496306419373,0.6672050952911377,-0.26644641160964966,0.8663728833198547,0.5035606026649475,0.7655836939811707,0.001789082190953195,0.33526530861854553,0.6225079298019409,0.673615038394928,-0.2716156542301178,0.8716155290603638,0.5034406185150146,0.7675046324729919,-0.02561040222644806,0.3465255796909332,0.61937415599823,0.6673147082328796,-0.2431693822145462,0.8367661833763123,0.5060462355613708,0.7633960247039795,-0.008177699521183968,0.35550838708877563,0.6122564077377319,0.5393099784851074,-0.04947810247540474,0.9996292591094971,0.5727009177207947,0.5671428442001343,0.04953429847955704,0.9995501637458801,0.6217684745788574,0.6506136059761047,0.11219213902950287,0.44546544551849365,0.578353226184845,0.6922149062156677,0.17404423654079437,0.2728746235370636,0.6439304351806641,0.6370891332626343,0.39215949177742004,0.2977021634578705,0.6232239007949829,0.7703244686126709,0.32899150252342224,0.21362045407295227,0.6479116082191467,0.6318380832672119,0.4235059320926666,0.30194953083992004,0.6319217681884766,0.7694821953773499,0.34628528356552124,0.2007818967103958,0.6435558199882507,0.6776427030563354,0.43230876326560974,0.25260335206985474,0.608768105506897,0.8096641302108765,0.3371521830558777,0.17655903100967407
133,0.48477858304977417,0.6643279790878296,-0.3495011031627655,0.9997174143791199,0.4810541570186615,0.6570624709129333,-0.3695683181285858,0.9998470544815063,0.4820147156715393,0.6550386548042297,-0.36950981616973877,0.9998319149017334,0.4830256998538971,0.6530307531356812,-0.3695872128009796,0.9998376965522766,0.47777238488197327,0.6575626134872437,-0.3472328186035156,0.9997244477272034,0.47651785612106323,0.6558201909065247,-0.34735816717147827,0.9996563196182251,0.47531580924987793,0.653910219669342,-0.34742891788482666,0.9996691346168518,0.4872314929962158,0.6351016759872437,-0.4031613767147064,0.9997352361679077,0.478055477142334,0.6356728672981262,-0.303002268075943,0.9996138215065002,0.4921654164791107,0.6520302891731262,-0.3563274145126343,0.9996683597564697,0.48890963196754456,0.6537860035896301,-0.3272770941257477,0.9997405409812927,0.545587420463562,0.565294086933136,-0.36725714802742004,0.9995140433311462,0.48221033811569214,0.5862481594085693,-0.241362527012825,0.9993014931678772,0.601542592048645,0.5583332777023315,-0.3402758240699768,0.9553916454315186,0.4785229563713074,0.6886017918586731,-0.21297338604927063,0.4390757381916046,0.6206270456314087,0.6419917345046997,-0.3011031746864319,0.8970197439193726,0.4843584895133972,0.7965371012687683,-0.2622823417186737,0.4076407253742218,0.6281723976135254,0.664921760559082,-0.3354465365409851,0.8608797192573547,0.4770686626434326,0.8270939588546753,-0.29030081629753113,0.3931145966053009,0.6217648983001709,0.6671183109283447,-0.3434104025363922,0.8660828471183777,0.4800853729248047,0.8319061398506165,-0.3195779621601105,0.40474194288253784,0.6180782318115234,0.6636616587638855,-0.3069475293159485,0.832381546497345,0.4828161299228668,0.8190898299217224,-0.2773425281047821,0.41319340467453003,0.6032577157020569,0.5451785326004028,-0.04971589893102646,0.9996516704559326,0.565432608127594,0.5662683844566345,0.04971606656908989,0.9995846748352051,0.6148927807807922,0.6663459539413452,0.08206339180469513,0.47425714135169983,0.5686902403831482,0.6936795711517334,0.1775677353143692,0.30135029554367065,0.634638249874115,0.6661065816879272,0.40949898958206177,0.31755638122558594,0.6159223318099976,0.7251066565513611,0.40992921590805054,0.2274736911058426,0.6389561891555786,0.6577756404876709,0.4440019726753235,0.3096391558647156,0.631625771522522,0.7371848225593567,0.4341556131839752,0.20895501971244812,0.6351290941238403,0.7086225748062134,0.4449912905693054,0.2896972894668579,0.6120728254318237,0.7888069152832031,0.4230663776397705,0.20982228219509125
134,0.4775005877017975,0.6696317791938782,-0.28182530403137207,0.9997403025627136,0.47229471802711487,0.6650765538215637,-0.30241215229034424,0.9998588562011719,0.4726645052433014,0.6628895998001099,-0.30237215757369995,0.999843955039978,0.4731595516204834,0.6608250141143799,-0.3024559020996094,0.9998503923416138,0.46963173151016235,0.6661229133605957,-0.2813403308391571,0.9997459650039673,0.4680299758911133,0.6647931933403015,-0.28147032856941223,0.9996827840805054,0.46650785207748413,0.6635204553604126,-0.28153377771377563,0.9996961951255798,0.47468987107276917,0.64275723695755,-0.34380629658699036,0.9997561573982239,0.46636396646499634,0.6467990279197693,-0.2492377758026123,0.9996470808982849,0.4836907386779785,0.6565315127372742,-0.2911493182182312,0.9996995329856873,0.48101454973220825,0.6589078903198242,-0.2637661099433899,0.9997644424438477,0.5355979204177856,0.5780622959136963,-0.3376261591911316,0.9995480179786682,0.4734772741794586,0.5960109233856201,-0.16576267778873444,0.9993600249290466,0.582723081111908,0.5749127864837646,-0.30715376138687134,0.9550285339355469,0.4804954528808594,0.6782203316688538,-0.026692667976021767,0.4305512011051178,0.600974440574646,0.6367624402046204,-0.23491708934307098,0.8853028416633606,0.48968544602394104,0.7015749216079712,0.05932723358273506,0.38504132628440857,0.6091926097869873,0.6491319537162781,-0.2578696608543396,0.8426007032394409,0.48922544717788696,0.7058865427970886,0.06957750022411346,0.37210792303085327,0.6011515855789185,0.6525128483772278,-0.2636342942714691,0.8495702743530273,0.49105924367904663,0.7033078670501709,0.04508209228515625,0.38528433442115784,0.5968949794769287,0.6487719416618347,-0.23721101880073547,0.8142985701560974,0.49444812536239624,0.7016515135765076,0.05222964286804199,0.3968783915042877,0.5952691435813904,0.5414842367172241,-0.06059085205197334,0.9996639490127563,0.5636781454086304,0.5693849325180054,0.06075365096330643,0.9996028542518616,0.6143466234207153,0.691984236240387,-0.04201197996735573,0.5173508524894714,0.5659947395324707,0.7092061638832092,0.09420377016067505,0.34975239634513855,0.6353744864463806,0.7055776715278625,0.2391388714313507,0.3558902442455292,0.6162837147712708,0.7324816584587097,0.2854085862636566,0.2653690576553345,0.6395496726036072,0.697417676448822,0.2693306505680084,0.3343920409679413,0.6310931444168091,0.7288474440574646,0.30546751618385315,0.23683087527751923,0.6353118419647217,0.7554305791854858,0.28415557742118835,0.33657461404800415,0.6252400875091553,0.8123944401741028,0.30511948466300964,0.255074679851532
135,0.46766749024391174,0.6912339329719543,-0.3890435993671417,0.9997588992118835,0.46281248331069946,0.6859461665153503,-0.40746837854385376,0.9998647570610046,0.4633779525756836,0.6828970313072205,-0.4074476659297943,0.9998494982719421,0.4639364778995514,0.6799919009208679,-0.4076082110404968,0.9998594522476196,0.4598572254180908,0.6896407008171082,-0.3826570510864258,0.999752938747406,0.4583114981651306,0.6890780925750732,-0.38279926776885986,0.9996919631958008,0.45677512884140015,0.6884059309959412,-0.3828684389591217,0.9997113347053528,0.4645533561706543,0.6616001129150391,-0.43216079473495483,0.9997670650482178,0.4557870924472809,0.6701801419258118,-0.3208063840866089,0.9996629357337952,0.47460833191871643,0.6754509210586548,-0.3921586573123932,0.999725341796875,0.47077569365501404,0.6807257533073425,-0.3595340847969055,0.9997790455818176,0.5206292867660522,0.5745570659637451,-0.41025716066360474,0.9995773434638977,0.4603233337402344,0.6406491994857788,-0.23731644451618195,0.9994125962257385,0.573060929775238,0.5706013441085815,-0.4482242166996002,0.958907425403595,0.45507869124412537,0.7455517053604126,-0.20695814490318298,0.4840485155582428,0.6116294860839844,0.6476114392280579,-0.4553895592689514,0.8938475251197815,0.4509708285331726,0.8498993515968323,-0.24709980189800262,0.44052159786224365,0.6178768873214722,0.6684457659721375,-0.5006589293479919,0.8490445017814636,0.4418864846229553,0.877461314201355,-0.2671082019805908,0.42222627997398376,0.6052338480949402,0.6855586767196655,-0.5016780495643616,0.85542231798172,0.4500490725040436,0.8773431777954102,-0.29865410923957825,0.43573737144470215,0.6066767573356628,0.6762421727180481,-0.459540456533432,0.8204078078269958,0.4583081305027008,0.8664770126342773,-0.2628673315048218,0.4475831687450409,0.5805891752243042,0.5487194657325745,-0.06075097993016243,0.9996852874755859,0.5437363982200623,0.599805474281311,0.06088564917445183,0.9996354579925537,0.6090895533561707,0.6999064683914185,-0.06608235090970993,0.5268503427505493,0.5546852350234985,0.7319966554641724,0.03339133411645889,0.3850867748260498,0.6278415322303772,0.7278472781181335,0.24696841835975647,0.3614634871482849,0.6111990213394165,0.740934431552887,0.2501138746738434,0.28322282433509827,0.6309589147567749,0.7215818762779236,0.27928033471107483,0.3344341516494751,0.6239374876022339,0.7307512164115906,0.2729387581348419,0.2544446289539337,0.6303094625473022,0.7792876362800598,0.28139740228652954,0.3530427813529968,0.6249607801437378,0.7964444756507874,0.26401442289352417,0.28991445899009705
136,0.4581757187843323,0.7119949460029602,-0.4992370009422302,0.9997665882110596,0.45208853483200073,0.7047306895256042,-0.5159503817558289,0.9998603463172913,0.45245322585105896,0.701020359992981,-0.5159395933151245,0.9998423457145691,0.4528316557407379,0.697272002696991,-0.516168475151062,0.999860942363739,0.44972214102745056,0.7098807692527771,-0.489213764667511,0.9997174739837646,0.4484287202358246,0.7095306515693665,-0.48935404419898987,0.9996399283409119,0.4470071792602539,0.7089585661888123,-0.4894075393676758,0.9996862411499023,0.45225387811660767,0.6796468496322632,-0.5185550451278687,0.9997760057449341,0.4443572461605072,0.6922138929367065,-0.3992249369621277,0.9996532797813416,0.46510443091392517,0.6970641613006592,-0.49320998787879944,0.9997485280036926,0.46228861808776855,0.7043796181678772,-0.4583445191383362,0.9997893571853638,0.5025171637535095,0.5819995403289795,-0.48736056685447693,0.9996172785758972,0.45330506563186646,0.6782679557800293,-0.27018555998802185,0.9994605183601379,0.5576691627502441,0.5683715343475342,-0.546675980091095,0.9627701640129089,0.4596051573753357,0.7618357539176941,-0.1902216523885727,0.5277457237243652,0.6125718951225281,0.64802086353302,-0.5759057402610779,0.9030469655990601,0.46909528970718384,0.8621270060539246,-0.21619448065757751,0.4839838445186615,0.6208710074424744,0.6705624461174011,-0.6266618967056274,0.8597733378410339,0.4689265191555023,0.8884069919586182,-0.22885186970233917,0.462322473526001,0.6094181537628174,0.688749372959137,-0.6296995878219604,0.865483283996582,0.47187525033950806,0.886336624622345,-0.2672707438468933,0.4767739772796631,0.6106453537940979,0.682982861995697,-0.579893946647644,0.8315643072128296,0.47411665320396423,0.8784675598144531,-0.23356810212135315,0.48967650532722473,0.5687347054481506,0.5598258376121521,-0.06772115081548691,0.9997043013572693,0.5395146608352661,0.6309103965759277,0.06798387318849564,0.9996505975723267,0.6178083419799805,0.7039411067962646,-0.2183615267276764,0.5265871286392212,0.557092010974884,0.7504101395606995,-0.05298193171620369,0.3842379152774811,0.6569941639900208,0.7090430855751038,0.09036409109830856,0.352395236492157,0.6197525262832642,0.7577572464942932,0.17245635390281677,0.27967938780784607,0.6584566831588745,0.6991511583328247,0.1212238296866417,0.3383888006210327,0.6329399347305298,0.746636688709259,0.1949288547039032,0.2654546797275543,0.6768289804458618,0.7407093644142151,0.10528097301721573,0.34955108165740967,0.6415238380432129,0.8109171390533447,0.1637399047613144,0.2966005206108093
137,0.44383907318115234,0.7355680465698242,-0.4468904137611389,0.9997643232345581,0.43719130754470825,0.7288713455200195,-0.4629179835319519,0.999845564365387,0.43752631545066833,0.7244836688041687,-0.4629027247428894,0.9998249411582947,0.43791085481643677,0.7201751470565796,-0.46307986974716187,0.9998573660850525,0.43495282530784607,0.7358918786048889,-0.43666020035743713,0.99966961145401,0.43378204107284546,0.7360237836837769,-0.4368077218532562,0.9995784163475037,0.43257761001586914,0.7359141111373901,-0.43686842918395996,0.9996519088745117,0.4373069703578949,0.703467845916748,-0.47029271721839905,0.9997747540473938,0.430083692073822,0.7189082503318787,-0.35412412881851196,0.9996173977851868,0.4502827227115631,0.7202250361442566,-0.4433438181877136,0.9997637271881104,0.44815605878829956,0.7290175557136536,-0.4093201756477356,0.9997825026512146,0.4795183539390564,0.6174373030662537,-0.4452482759952545,0.9996525049209595,0.4388915002346039,0.6991205811500549,-0.23944683372974396,0.9995042681694031,0.5422154068946838,0.5845587849617004,-0.49954110383987427,0.9661698341369629,0.45158910751342773,0.7684077620506287,-0.14830619096755981,0.5648133158683777,0.6013318300247192,0.6481245756149292,-0.5282853841781616,0.9116889834403992,0.46707433462142944,0.8599239587783813,-0.17403240501880646,0.5246463418006897,0.6196868419647217,0.6652445197105408,-0.5729286670684814,0.8712472915649414,0.470428466796875,0.8878249526023865,-0.19200874865055084,0.5009669065475464,0.6133503913879395,0.6877790689468384,-0.5783483982086182,0.8764644861221313,0.47186917066574097,0.8852899074554443,-0.20123426616191864,0.5160929560661316,0.6087365746498108,0.6802047491073608,-0.5319825410842896,0.8437783122062683,0.4716188311576843,0.8745415806770325,-0.17694897949695587,0.5292134881019592,0.5529333353042603,0.5798278450965881,-0.06569986790418625,0.9997072219848633,0.5301908850669861,0.6488609910011292,0.06593772768974304,0.9996476173400879,0.6048384308815002,0.7024139165878296,-0.20281903445720673,0.522667646408081,0.5558118224143982,0.764603316783905,-0.07342858612537384,0.39242905378341675,0.6528831720352173,0.7137778401374817,0.035939522087574005,0.358053982257843,0.625596821308136,0.7684090733528137,0.13347873091697693,0.28216174244880676,0.6541823148727417,0.7052879929542542,0.05793027952313423,0.344793438911438,0.6320902705192566,0.7492325901985168,0.153895303606987,0.28065547347068787,0.6624555587768555,0.7520229816436768,0.017900949344038963,0.35822585225105286,0.6406869888305664,0.8097407221794128,0.11878331005573273,0.3091447651386261
138,0.4344276487827301,0.7567595839500427,-0.4315621852874756,0.9996906518936157,0.42803263664245605,0.7510223388671875,-0.4466093182563782,0.9997892379760742,0.42777499556541443,0.7467058897018433,-0.4465896189212799,0.9997391104698181,0.4275093972682953,0.7422738671302795,-0.446758508682251,0.999817430973053,0.4266737103462219,0.7579569220542908,-0.4222783148288727,0.9995290637016296,0.42555490136146545,0.7584007978439331,-0.4224301278591156,0.9993703961372375,0.42430585622787476,0.7586310505867004,-0.4225115180015564,0.9995155930519104,0.4240565299987793,0.7238579392433167,-0.45113667845726013,0.9997467398643494,0.4192250370979309,0.7427300214767456,-0.3417315185070038,0.9993771314620972,0.4389154314994812,0.7407249212265015,-0.4268321096897125,0.9997609853744507,0.4379790723323822,0.7494401931762695,-0.3950360417366028,0.9997438192367554,0.4620544910430908,0.6406936645507812,-0.4228788912296295,0.9996798038482666,0.42982712388038635,0.7331216335296631,-0.22266247868537903,0.9995312094688416,0.5295673608779907,0.6095899939537048,-0.4621238708496094,0.9681318402290344,0.4514673352241516,0.7816609144210815,-0.09413392841815948,0.5788813829421997,0.594514787197113,0.6532914638519287,-0.49455276131629944,0.9153493642807007,0.46698838472366333,0.8655791282653809,-0.06484069675207138,0.5356060862541199,0.6123534440994263,0.6647719740867615,-0.5347909331321716,0.874905526638031,0.4685501158237457,0.8874502182006836,-0.05986253544688225,0.5097886323928833,0.6074060201644897,0.6854640245437622,-0.5428310036659241,0.8797664046287537,0.46812838315963745,0.8847596645355225,-0.09450726211071014,0.526563823223114,0.5995664596557617,0.6799710988998413,-0.4990752339363098,0.8456559777259827,0.4690326750278473,0.8744048476219177,-0.07803701609373093,0.5425688028335571,0.5380269885063171,0.6087738275527954,-0.06505510956048965,0.9997260570526123,0.5120521783828735,0.6753005981445312,0.0653066337108612,0.9996640086174011,0.5950392484664917,0.7172293663024902,-0.1929091364145279,0.559332013130188,0.5165144801139832,0.7809538245201111,-0.042578257620334625,0.41708672046661377,0.6252747178077698,0.7803483605384827,0.013440397568047047,0.3904738128185272,0.5579450130462646,0.843199610710144,0.07780317217111588,0.31550341844558716,0.627487063407898,0.7848113179206848,0.031856469810009,0.37475934624671936,0.5706363916397095,0.8446205258369446,0.08816682547330856,0.32160085439682007,0.6338614225387573,0.8158103227615356,-0.015816710889339447,0.38788118958473206,0.5547201037406921,0.9048411250114441,0.040356069803237915,0.3485455811023712
139,0.4184454083442688,0.7962393760681152,-0.4293762147426605,0.9996155500411987,0.4101412892341614,0.7909373641014099,-0.4452212452888489,0.9997392296791077,0.4098239839076996,0.7872443199157715,-0.44520315527915955,0.9996963143348694,0.40953168272972107,0.7833821773529053,-0.44539737701416016,0.9997943639755249,0.4088759422302246,0.7944021224975586,-0.4208783209323883,0.999302864074707,0.40761008858680725,0.7931298017501831,-0.42101138830184937,0.9990847110748291,0.4063396453857422,0.7916103601455688,-0.4210616946220398,0.9992987513542175,0.407297283411026,0.7607533931732178,-0.4488092064857483,0.9997212886810303,0.403047651052475,0.771028995513916,-0.34001654386520386,0.9990913271903992,0.4238298833370209,0.7803760766983032,-0.4243009686470032,0.999744176864624,0.4233579635620117,0.784655749797821,-0.3926038146018982,0.9995996356010437,0.4463985860347748,0.6714346408843994,-0.4161425530910492,0.9997040629386902,0.4160894453525543,0.7583359479904175,-0.21612529456615448,0.9994711875915527,0.512410581111908,0.6283233165740967,-0.4376150965690613,0.9704331159591675,0.45411616563796997,0.7903386354446411,-0.08142384141683578,0.5867628455162048,0.5779443979263306,0.6574598550796509,-0.45431986451148987,0.9186823964118958,0.46436476707458496,0.8732994794845581,-0.05248654633760452,0.5488199591636658,0.5967754125595093,0.6621652245521545,-0.4916048049926758,0.8772187829017639,0.47213688492774963,0.8824341893196106,-0.048502467572689056,0.5234894752502441,0.5944340825080872,0.6848576068878174,-0.5024996399879456,0.8825818300247192,0.46770912408828735,0.895844578742981,-0.08137466013431549,0.542755663394928,0.587318480014801,0.6800472140312195,-0.4598209261894226,0.8484487533569336,0.4672703742980957,0.8844847679138184,-0.06461890786886215,0.5593652129173279,0.522234320640564,0.6488479375839233,-0.07127520442008972,0.999735414981842,0.49940934777259827,0.7054688930511475,0.07153383642435074,0.9996102452278137,0.563018262386322,0.7994840145111084,-0.21580183506011963,0.5801299214363098,0.5280805826187134,0.8200870752334595,-0.0032618262339383364,0.40748491883277893,0.6281136274337769,0.7673253417015076,0.023190176114439964,0.4152930974960327,0.5844711661338806,0.8019446730613708,0.14949271082878113,0.3054135739803314,0.6307307481765747,0.7505766153335571,0.04808972775936127,0.40375372767448425,0.5946741104125977,0.7896552085876465,0.17337001860141754,0.31518056988716125,0.6511537432670593,0.8050642013549805,0.04105541855096817,0.41266340017318726,0.5630863308906555,0.8479501605033875,0.17682577669620514,0.3383515179157257
140,0.41138285398483276,0.8045650124549866,-0.32178205251693726,0.9996173977851868,0.4046894609928131,0.8006015419960022,-0.33535706996917725,0.9997049570083618,0.4042205810546875,0.7971404790878296,-0.33528199791908264,0.9996657967567444,0.40356454253196716,0.7934286594390869,-0.33536043763160706,0.9997715950012207,0.40379342436790466,0.806412398815155,-0.31623518466949463,0.9992357492446899,0.402815580368042,0.8069445490837097,-0.3163232207298279,0.9990183115005493,0.40166741609573364,0.8073822855949402,-0.31639209389686584,0.9992550015449524,0.3978646397590637,0.7761824727058411,-0.3357609808444977,0.9996975064277649,0.39571326971054077,0.7953541278839111,-0.2506186068058014,0.9989687204360962,0.41493815183639526,0.7916940450668335,-0.31589868664741516,0.9997348189353943,0.41416797041893005,0.798877477645874,-0.29126685857772827,0.9995288848876953,0.4225143492221832,0.686933696269989,-0.30006009340286255,0.9997254610061646,0.40934664011001587,0.7927249670028687,-0.15708008408546448,0.9995052218437195,0.48230424523353577,0.6446945071220398,-0.2831306457519531,0.9729412198066711,0.45749029517173767,0.8130120038986206,-0.09406378865242004,0.6088751554489136,0.5407152771949768,0.6636314392089844,-0.2907794117927551,0.9246284365653992,0.47045913338661194,0.8749777674674988,-0.13083866238594055,0.5836384296417236,0.5589457154273987,0.6621559262275696,-0.31111472845077515,0.8845654129981995,0.4737699627876282,0.8916859030723572,-0.1363380402326584,0.5569974184036255,0.5577357411384583,0.6836265325546265,-0.3213431239128113,0.8899250030517578,0.4702606797218323,0.8916270732879639,-0.15661273896694183,0.5758820176124573,0.5501096844673157,0.6824692487716675,-0.2934875190258026,0.8577907085418701,0.46936511993408203,0.8828904032707214,-0.13983075320720673,0.5898504257202148,0.49722304940223694,0.6681171655654907,-0.05186410993337631,0.9995945692062378,0.48922085762023926,0.7339543700218201,0.051901720464229584,0.9995206594467163,0.5718876123428345,0.7577575445175171,-0.16682934761047363,0.5957187414169312,0.5383831262588501,0.8221202492713928,-0.07946853339672089,0.4240865707397461,0.6222836375236511,0.7481458783149719,0.03290465846657753,0.4297706186771393,0.6177481412887573,0.7803784012794495,0.0700296089053154,0.32128608226776123,0.6297310590744019,0.7382328510284424,0.05268297344446182,0.4187341332435608,0.625389575958252,0.7720673680305481,0.0845242589712143,0.3236079514026642,0.6506303548812866,0.7810299396514893,0.03202446550130844,0.42096415162086487,0.6403824090957642,0.8119724988937378,0.049556832760572433,0.34159955382347107
141,0.3961905241012573,0.8264622092247009,-0.31355005502700806,0.9996435046195984,0.3872354328632355,0.8261497616767883,-0.32226917147636414,0.9997131824493408,0.38585367798805237,0.8226897120475769,-0.322185754776001,0.9996768236160278,0.38429099321365356,0.8189948797225952,-0.3222392201423645,0.9997720122337341,0.3887108564376831,0.8328788876533508,-0.3074752688407898,0.9992804527282715,0.3884466588497162,0.834260106086731,-0.3075542449951172,0.9990880489349365,0.3880292773246765,0.8355138897895813,-0.30760645866394043,0.9993037581443787,0.378389835357666,0.8011928796768188,-0.29706165194511414,0.9997122883796692,0.38188987970352173,0.8215028643608093,-0.2306205779314041,0.9990264773368835,0.398927241563797,0.8109212517738342,-0.2985392212867737,0.9997512698173523,0.4000928997993469,0.8199892044067383,-0.27920445799827576,0.9995460510253906,0.39580661058425903,0.7068250179290771,-0.22753266990184784,0.9997457265853882,0.4066688120365143,0.8298264145851135,-0.14759643375873566,0.9995455741882324,0.444394052028656,0.651216983795166,-0.17874065041542053,0.9744395017623901,0.4600619375705719,0.8241058588027954,-0.13034747540950775,0.6347524523735046,0.49324050545692444,0.6676820516586304,-0.1690729558467865,0.9285915493965149,0.4738062918186188,0.8754656314849854,-0.24496109783649445,0.6223655343055725,0.5116016864776611,0.6632954478263855,-0.1770787537097931,0.8883073329925537,0.4768994450569153,0.8925948143005371,-0.2631513774394989,0.5971100926399231,0.5100835561752319,0.6846824288368225,-0.1915845274925232,0.8937545418739319,0.4704887866973877,0.8939039707183838,-0.2815448045730591,0.614494264125824,0.5043352842330933,0.6863803863525391,-0.17153887450695038,0.8635963201522827,0.4692400395870209,0.8854565024375916,-0.2545381188392639,0.6261023879051208,0.47449713945388794,0.6848260760307312,-0.02430717460811138,0.9995231628417969,0.4800434708595276,0.7570882439613342,0.024166520684957504,0.9994533061981201,0.5363813638687134,0.7033324241638184,-0.18041643500328064,0.613007664680481,0.5424650311470032,0.810023844242096,-0.12394938617944717,0.4518568515777588,0.6131607294082642,0.7456096410751343,-0.030567821115255356,0.45953628420829773,0.6230167150497437,0.7766942977905273,0.007736482657492161,0.3604753315448761,0.6249014139175415,0.7266321182250977,-0.019291380420327187,0.4318615198135376,0.6325116753578186,0.7668728232383728,0.018010301515460014,0.3462732434272766,0.6429142951965332,0.7335438132286072,-0.09619541466236115,0.4472435414791107,0.6517170667648315,0.8108171820640564,-0.06009538099169731,0.37508857250213623
142,0.38707977533340454,0.823537290096283,-0.39784225821495056,0.9996633529663086,0.37642887234687805,0.8304085731506348,-0.39163967967033386,0.9997185468673706,0.3735387921333313,0.8272205591201782,-0.3916262686252594,0.9996839761734009,0.370506227016449,0.8236472010612488,-0.39167290925979614,0.9997701644897461,0.3817707896232605,0.838661789894104,-0.38520973920822144,0.9993221759796143,0.38263729214668274,0.8414011001586914,-0.38530832529067993,0.9991497993469238,0.38341858983039856,0.8440364599227905,-0.38537800312042236,0.999343752861023,0.3634820580482483,0.8112865686416626,-0.33072805404663086,0.9997269511222839,0.3792004883289337,0.8406592607498169,-0.2706454396247864,0.9990818500518799,0.38688939809799194,0.807692289352417,-0.35061103105545044,0.9997704029083252,0.39197447896003723,0.8183385133743286,-0.34845566749572754,0.9995726346969604,0.375554621219635,0.7223504185676575,-0.23644717037677765,0.9997692704200745,0.40839964151382446,0.8388224244117737,-0.17187422513961792,0.9995736479759216,0.4127512574195862,0.6549364924430847,-0.20005150139331818,0.9758905172348022,0.4584433138370514,0.8250579833984375,-0.1921362578868866,0.6541851758956909,0.4606916010379791,0.6655717492103577,-0.23214273154735565,0.9332244396209717,0.47129026055336,0.8718723654747009,-0.3517491817474365,0.6545711755752563,0.47679466009140015,0.6633471846580505,-0.24841371178627014,0.8940175771713257,0.4747319221496582,0.8900034427642822,-0.38279372453689575,0.6297030448913574,0.47279152274131775,0.6842733025550842,-0.26694029569625854,0.8991909027099609,0.46763554215431213,0.8925450444221497,-0.40363869071006775,0.6455757021903992,0.4676944315433502,0.685084879398346,-0.23740077018737793,0.8699716329574585,0.46636515855789185,0.8853103518486023,-0.3640097379684448,0.6537512540817261,0.4715706706047058,0.6883543729782104,-0.020060453563928604,0.9995241761207581,0.4790738523006439,0.7649931311607361,0.020066631957888603,0.9994481205940247,0.542285680770874,0.6966075301170349,-0.1569865643978119,0.6479306221008301,0.5443423390388489,0.7985951900482178,-0.12267380952835083,0.5027334094047546,0.6081081628799438,0.7332116961479187,0.04847181588411331,0.5067043304443359,0.6222907900810242,0.7797137498855591,0.04110431671142578,0.42044907808303833,0.6194219589233398,0.7248095273971558,0.06386571377515793,0.46677353978157043,0.63245689868927,0.7688748836517334,0.05349281430244446,0.39469900727272034,0.6355443596839905,0.7271032333374023,-0.03338833898305893,0.49425560235977173,0.6457374691963196,0.8093029260635376,-0.052217207849025726,0.43284276127815247
143,0.3703889846801758,0.8158412575721741,-0.36124444007873535,0.999691903591156,0.3597314655780792,0.8225057125091553,-0.35377615690231323,0.9997400045394897,0.3556365668773651,0.8197264671325684,-0.3537254333496094,0.9997071027755737,0.3514249324798584,0.8167877197265625,-0.3537757992744446,0.9997841715812683,0.36885708570480347,0.8315305113792419,-0.3471868634223938,0.9993834495544434,0.3710215985774994,0.83484947681427,-0.34730100631713867,0.9992289543151855,0.372795969247818,0.8378990292549133,-0.3473769426345825,0.9994040131568909,0.3455377221107483,0.8071321845054626,-0.27190154790878296,0.9997486472129822,0.3720989525318146,0.8390699625015259,-0.2328687161207199,0.9991626739501953,0.3680099844932556,0.797605037689209,-0.3228781819343567,0.9997901320457458,0.3770501911640167,0.8105824589729309,-0.3136700987815857,0.9996045827865601,0.3622860014438629,0.7167751789093018,-0.16610239446163177,0.9997887015342712,0.401746928691864,0.8370500206947327,-0.15192726254463196,0.9996011853218079,0.38984590768814087,0.6596711277961731,-0.06891284137964249,0.9707502722740173,0.44695138931274414,0.8276859521865845,-0.18659082055091858,0.6808295249938965,0.42738017439842224,0.6689096093177795,-0.022498521953821182,0.9276842474937439,0.4661900997161865,0.8563834428787231,-0.3167063295841217,0.684025764465332,0.43679118156433105,0.6692708134651184,-0.016912484541535378,0.8850715160369873,0.47406354546546936,0.8744364380836487,-0.33957111835479736,0.6589326858520508,0.43450087308883667,0.6841849684715271,-0.030903557315468788,0.8907152414321899,0.4682847857475281,0.8769242763519287,-0.35593801736831665,0.6734506487846375,0.4313371777534485,0.6850873231887817,-0.023593297228217125,0.8607845306396484,0.4649876654148102,0.8687631487846375,-0.32575660943984985,0.6782077550888062,0.46347576379776,0.6796059012413025,-0.015083621256053448,0.9995540976524353,0.4734954833984375,0.7586959600448608,0.014997350051999092,0.9994462132453918,0.5069249272346497,0.6922920346260071,-0.26951903104782104,0.6796990633010864,0.5402966737747192,0.7907206416130066,-0.09868724644184113,0.5390757322311401,0.5793595910072327,0.7269605994224548,-0.13058005273342133,0.5457756519317627,0.6173020601272583,0.7903493046760559,0.029492173343896866,0.4655147194862366,0.5852934718132019,0.7204750180244446,-0.1201075091958046,0.4997749626636505,0.6253836750984192,0.7804380655288696,0.0384010411798954,0.41602233052253723,0.6148132085800171,0.7202180027961731,-0.22463004291057587,0.5387327075004578,0.6417034864425659,0.8082177639007568,-0.06442836672067642,0.4778840243816376
144,0.3557210862636566,0.8073872923851013,-0.45222750306129456,0.9996958374977112,0.3460906445980072,0.8144439458847046,-0.44272756576538086,0.999732255935669,0.34241148829460144,0.8114852905273438,-0.4426845908164978,0.9996885061264038,0.33886343240737915,0.8085260987281799,-0.44275134801864624,0.9997535347938538,0.3551313877105713,0.8235775232315063,-0.4425835609436035,0.9994144439697266,0.35779252648353577,0.8271359205245972,-0.4427050054073334,0.999279260635376,0.360241174697876,0.8303925395011902,-0.4427699148654938,0.9994398951530457,0.334669291973114,0.8012820482254028,-0.3330112099647522,0.9997261762619019,0.3622114956378937,0.8330100774765015,-0.33368968963623047,0.9992088675498962,0.3537892699241638,0.7889789938926697,-0.4082685112953186,0.9997957944869995,0.36493009328842163,0.8034788966178894,-0.4080020487308502,0.9996070861816406,0.34551700949668884,0.7132403254508972,-0.21576973795890808,0.9998003840446472,0.39716726541519165,0.8261853456497192,-0.22956609725952148,0.9995768070220947,0.36465591192245483,0.6651211380958557,-0.07945216447114944,0.9522122144699097,0.4440597593784332,0.8275585770606995,-0.18756073713302612,0.6807117462158203,0.3990655839443207,0.6676914691925049,-0.006805347744375467,0.8762056231498718,0.45236390829086304,0.8336541652679443,-0.24065740406513214,0.6603301167488098,0.4093380868434906,0.6666349768638611,0.006807649973779917,0.828357458114624,0.45702147483825684,0.8307623267173767,-0.2946862578392029,0.6343970894813538,0.4099982678890228,0.6756677031517029,-0.011075381189584732,0.8346022963523865,0.4527648389339447,0.8386728763580322,-0.2655063271522522,0.6468217372894287,0.4081268906593323,0.680602490901947,-0.009320812299847603,0.8078903555870056,0.4491199553012848,0.8305599689483643,-0.31117767095565796,0.6463677883148193,0.45331496000289917,0.6692298054695129,-0.010983454063534737,0.999569833278656,0.46418729424476624,0.7488258481025696,0.010832849889993668,0.9994246959686279,0.5174078345298767,0.670825183391571,-0.1514151394367218,0.7072194814682007,0.535081148147583,0.7850565314292908,-0.06703342497348785,0.5781039595603943,0.5630934834480286,0.7160977721214294,0.1355142593383789,0.5730054974555969,0.6039090156555176,0.7906253337860107,0.09172307699918747,0.5097339153289795,0.5668895840644836,0.7170935869216919,0.1615484654903412,0.5085710287094116,0.6119845509529114,0.7912194728851318,0.10544774681329727,0.44301730394363403,0.5990210175514221,0.715479850769043,0.07465915381908417,0.5709413290023804,0.6378544569015503,0.799403727054596,0.019276531413197517,0.5221326351165771
145,0.3480324149131775,0.7999937534332275,-0.41622185707092285,0.9996755719184875,0.3392135500907898,0.8090969324111938,-0.42130571603775024,0.9996559023857117,0.33539673686027527,0.806430995464325,-0.421309232711792,0.9996086359024048,0.3316345810890198,0.8038774132728577,-0.4214232861995697,0.9996512532234192,0.348158061504364,0.8179274797439575,-0.4069729745388031,0.9993735551834106,0.35076409578323364,0.8209912776947021,-0.4070661664009094,0.9992555379867554,0.35315531492233276,0.8237390518188477,-0.40711545944213867,0.9993830919265747,0.32746490836143494,0.798587441444397,-0.306704044342041,0.9996680617332458,0.35638266801834106,0.8261228799819946,-0.32248654961586,0.9991112351417542,0.34624341130256653,0.7831613421440125,-0.397854745388031,0.9997542500495911,0.35631975531578064,0.7958614826202393,-0.37590140104293823,0.9994577765464783,0.3348938226699829,0.7232840657234192,-0.17829833924770355,0.9997918605804443,0.389570415019989,0.8176814317703247,-0.2218559980392456,0.9993716478347778,0.346289724111557,0.6834710836410522,-0.018204960972070694,0.9440029263496399,0.4307098388671875,0.8211836814880371,-0.1042073592543602,0.6903648376464844,0.3723643124103546,0.6514485478401184,0.08793378621339798,0.8665858507156372,0.44416576623916626,0.8263877630233765,-0.02423619106411934,0.6635109782218933,0.38179928064346313,0.6377448439598083,0.1139848604798317,0.8156041502952576,0.45021963119506836,0.8264069557189941,-0.010017260909080505,0.6320430040359497,0.38488131761550903,0.6392278671264648,0.09379267692565918,0.8239473700523376,0.45000872015953064,0.8275608420372009,-0.029314547777175903,0.644196629524231,0.3816578984260559,0.6467146277427673,0.08499962836503983,0.8009094595909119,0.4445582926273346,0.8243764042854309,-0.030016114935278893,0.6407769322395325,0.44054970145225525,0.6663711667060852,-0.00981147401034832,0.9995750188827515,0.45249074697494507,0.7434433698654175,0.009786618873476982,0.9993472099304199,0.46425551176071167,0.6443501114845276,-0.27793198823928833,0.7352030277252197,0.519783616065979,0.762762188911438,-0.08714425563812256,0.615257978439331,0.531711220741272,0.6959995627403259,-0.06690102815628052,0.6089754104614258,0.5979398488998413,0.7490295171737671,0.022485772147774696,0.5557843446731567,0.5322852730751038,0.7117286920547485,-0.04811261594295502,0.5455657243728638,0.6069289445877075,0.7429319024085999,0.02886895462870598,0.48686763644218445,0.5667759776115417,0.6978970766067505,-0.12536123394966125,0.6090760231018066,0.6305087804794312,0.7590042948722839,-0.07078387588262558,0.566563606262207
146,0.3390388488769531,0.7977309226989746,-0.34090113639831543,0.9996917247772217,0.3309113383293152,0.8082329630851746,-0.32950955629348755,0.9996532201766968,0.3272774815559387,0.8058443665504456,-0.32946276664733887,0.9996070265769958,0.32366785407066345,0.8034607172012329,-0.3295244872570038,0.9996394515037537,0.3407624363899231,0.8162733912467957,-0.33010587096214294,0.9994001388549805,0.3438500463962555,0.8191606402397156,-0.3301412761211395,0.9992994666099548,0.34660637378692627,0.8216145038604736,-0.3301551043987274,0.9994127750396729,0.3211017847061157,0.7983583807945251,-0.23242995142936707,0.9996767044067383,0.35180455446243286,0.824488639831543,-0.23404864966869354,0.9991137385368347,0.337294340133667,0.7818346619606018,-0.3031204342842102,0.9997494220733643,0.3478364646434784,0.7927433252334595,-0.30286481976509094,0.9994357228279114,0.33046790957450867,0.7256614565849304,-0.11616705358028412,0.9997926950454712,0.38459938764572144,0.8134917616844177,-0.16959527134895325,0.999285876750946,0.3469632565975189,0.6820703148841858,0.037132300436496735,0.9424826502799988,0.43112701177597046,0.815575897693634,-0.22882886230945587,0.7163473963737488,0.3712921142578125,0.6370418667793274,0.12759250402450562,0.8732019662857056,0.42223602533340454,0.8055562973022461,-0.35534560680389404,0.6933264136314392,0.37858861684799194,0.6200265884399414,0.15116152167320251,0.8234110474586487,0.4222192168235779,0.7985308170318604,-0.37615054845809937,0.6620268821716309,0.3806360363960266,0.6203580498695374,0.13312456011772156,0.8322922587394714,0.417109876871109,0.8027989864349365,-0.3813328146934509,0.6729481816291809,0.37861019372940063,0.6281712651252747,0.12552398443222046,0.8113716840744019,0.4161997437477112,0.8016124963760376,-0.3592603802680969,0.6669448018074036,0.4341088831424713,0.6691507697105408,-0.0026735502760857344,0.9995860457420349,0.4477114677429199,0.7393449544906616,0.002510829595848918,0.9993373155593872,0.4448689818382263,0.6287453174591064,-0.26654893159866333,0.7607422471046448,0.5131685733795166,0.7309726476669312,-0.11000007390975952,0.6499559283256531,0.5143017172813416,0.680404543876648,-0.08690283447504044,0.6420966386795044,0.5875066518783569,0.7254809737205505,-0.012672120705246925,0.5974064469337463,0.5163577198982239,0.6990836262702942,-0.0714862272143364,0.577394962310791,0.5964251160621643,0.7137707471847534,-0.0064581469632685184,0.5252355337142944,0.5494681596755981,0.6808708906173706,-0.14913800358772278,0.6443983912467957,0.6135400533676147,0.728314220905304,-0.10180433839559555,0.6073526740074158
147,0.33023566007614136,0.7940370440483093,-0.3340737223625183,0.999715268611908,0.32192590832710266,0.8050642013549805,-0.3223040699958801,0.9996708035469055,0.3179332911968231,0.8032194972038269,-0.32224565744400024,0.9996278882026672,0.31440114974975586,0.8014875650405884,-0.32227835059165955,0.9996522068977356,0.33279114961624146,0.812185525894165,-0.32316821813583374,0.999443769454956,0.33630338311195374,0.8149968385696411,-0.3232138752937317,0.9993556141853333,0.3394024670124054,0.8174400329589844,-0.32323017716407776,0.9994564652442932,0.31284621357917786,0.7979019284248352,-0.22867600619792938,0.9996954798698425,0.3454630374908447,0.8205443620681763,-0.22968831658363342,0.9991647005081177,0.3280138671398163,0.7786122560501099,-0.29673948884010315,0.9997559189796448,0.33950501680374146,0.7882927060127258,-0.2971590459346771,0.9994539618492126,0.3250022530555725,0.7234563231468201,-0.12002627551555634,0.9997963309288025,0.37835103273391724,0.8076289892196655,-0.1656787395477295,0.9992427825927734,0.34995630383491516,0.6743756532669067,0.003243443788960576,0.9413315653800964,0.42857593297958374,0.8169320821762085,-0.2489018738269806,0.7414717674255371,0.37489891052246094,0.623400866985321,0.05623752623796463,0.8803946375846863,0.4059112071990967,0.7950830459594727,-0.391328364610672,0.7214723825454712,0.38142916560173035,0.606753945350647,0.07249917834997177,0.8319073915481567,0.3993355631828308,0.7893443703651428,-0.4143074154853821,0.6907252669334412,0.38389238715171814,0.6056860685348511,0.055811524391174316,0.8408095240592957,0.3918938636779785,0.7912569642066956,-0.4144318103790283,0.7002642154693604,0.38209715485572815,0.6137621998786926,0.05345068499445915,0.8217788934707642,0.39359956979751587,0.7904987931251526,-0.39354807138442993,0.6923136711120605,0.4243066906929016,0.6671023368835449,-0.0007782159373164177,0.9995874762535095,0.4394461512565613,0.733439028263092,0.0006108115776441991,0.9993296265602112,0.4303264617919922,0.6182879209518433,-0.2308853566646576,0.783843457698822,0.5050608515739441,0.7228847742080688,-0.10367385298013687,0.6830862164497375,0.4968809187412262,0.6632614135742188,-0.035807013511657715,0.6745560169219971,0.5745199918746948,0.702210545539856,0.007566665764898062,0.6364891529083252,0.4985737204551697,0.6813675165176392,-0.01909320056438446,0.6091048121452332,0.5827951431274414,0.6933936476707458,0.015637442469596863,0.5642117261886597,0.5336645841598511,0.662872314453125,-0.08698966354131699,0.6771908402442932,0.6022142171859741,0.7010974287986755,-0.07184825837612152,0.6451998353004456
148,0.3254750669002533,0.7922563552856445,-0.264504611492157,0.9996322989463806,0.3160519003868103,0.8038580417633057,-0.25386300683021545,0.9994572997093201,0.3119463324546814,0.8022242784500122,-0.2538455128669739,0.9993959069252014,0.3085028827190399,0.8007194399833679,-0.2539103031158447,0.9993516802787781,0.3275567889213562,0.81040358543396,-0.2544030249118805,0.9993194937705994,0.33101409673690796,0.8129585385322571,-0.2544409930706024,0.9992574453353882,0.33400028944015503,0.8151134848594666,-0.25447726249694824,0.9993562698364258,0.3067849278450012,0.7970456480979919,-0.17010685801506042,0.9995342493057251,0.3394162058830261,0.8173205256462097,-0.16842687129974365,0.9989206790924072,0.3224819600582123,0.7773030400276184,-0.23083384335041046,0.9995824694633484,0.33459165692329407,0.7866905927658081,-0.230508953332901,0.9992537498474121,0.31792065501213074,0.7223985195159912,-0.07284240424633026,0.9996525645256042,0.3719503581523895,0.8038968443870544,-0.12221541255712509,0.9990962147712708,0.3461674451828003,0.6770034432411194,0.024232739582657814,0.9152007102966309,0.42156702280044556,0.8122819066047668,-0.2036113440990448,0.7633213996887207,0.3734457492828369,0.6297534704208374,0.053027767688035965,0.8477896451950073,0.39703819155693054,0.7878775000572205,-0.32416239380836487,0.7446041703224182,0.37716060876846313,0.6190686821937561,0.06399510055780411,0.7964497804641724,0.38843220472335815,0.7781112790107727,-0.34351497888565063,0.7124229669570923,0.37597087025642395,0.6172394156455994,0.05075589939951897,0.8066200017929077,0.3806582987308502,0.7816450595855713,-0.34211140871047974,0.7206553220748901,0.3752245306968689,0.6226599216461182,0.050099194049835205,0.7905842065811157,0.382965087890625,0.7824415564537048,-0.3253123164176941,0.709301769733429,0.4162959158420563,0.6633673906326294,0.0050924355164170265,0.9995028376579285,0.43270477652549744,0.7292542457580566,-0.005162770859897137,0.9992000460624695,0.4147513806819916,0.6040660738945007,-0.22984948754310608,0.8044126629829407,0.4932420253753662,0.7066241502761841,-0.08989738672971725,0.7117170095443726,0.4888899326324463,0.6497348546981812,-0.07058890908956528,0.7023916840553284,0.5579820871353149,0.6833389401435852,0.03320460766553879,0.6704921722412109,0.49007683992385864,0.6643761992454529,-0.056780874729156494,0.6362144947052002,0.5645735859870911,0.677449643611908,0.04178095608949661,0.5935568809509277,0.5233901739120483,0.6397539973258972,-0.1248747929930687,0.7052737474441528,0.5830920934677124,0.6808291673660278,-0.041737280786037445,0.6773061752319336
149,0.31972160935401917,0.7912614345550537,-0.23741912841796875,0.9989175796508789,0.31023043394088745,0.803774356842041,-0.22620682418346405,0.9984278678894043,0.3060615658760071,0.8025807738304138,-0.22620174288749695,0.9979753494262695,0.302529901266098,0.8014642596244812,-0.22628161311149597,0.9976972341537476,0.3212370276451111,0.809454083442688,-0.22681446373462677,0.9987961649894714,0.32454636693000793,0.8118507266044617,-0.22685456275939941,0.9987545609474182,0.3274255096912384,0.8138843774795532,-0.2269359529018402,0.9990735054016113,0.30090874433517456,0.7980395555496216,-0.14548912644386292,0.9982415437698364,0.3325783908367157,0.8158532977104187,-0.14325249195098877,0.9984985589981079,0.3168903887271881,0.7767061591148376,-0.20503075420856476,0.998488187789917,0.3285020589828491,0.7857276201248169,-0.20448902249336243,0.9986352324485779,0.30834782123565674,0.7262962460517883,-0.04690384864807129,0.9984447360038757,0.3653786778450012,0.8023080825805664,-0.11484803259372711,0.9989533424377441,0.31483733654022217,0.689949631690979,0.03727385401725769,0.8454778790473938,0.4195513129234314,0.8137463927268982,-0.1913500428199768,0.7859432101249695,0.33673936128616333,0.6833834648132324,0.08601348102092743,0.7747724056243896,0.38660091161727905,0.7840217351913452,-0.28558629751205444,0.7682796716690063,0.34185147285461426,0.6804526448249817,0.09749153256416321,0.7265207171440125,0.37900564074516296,0.7689021825790405,-0.30314451456069946,0.7362104058265686,0.34213322401046753,0.6790551543235779,0.09190711379051208,0.7357959747314453,0.3704054653644562,0.772839367389679,-0.30108898878097534,0.7432870268821716,0.34170153737068176,0.6790579557418823,0.08521457016468048,0.7223186492919922,0.37277355790138245,0.7752392292022705,-0.2850174903869629,0.7297402620315552,0.4087291359901428,0.6619144082069397,0.012571962550282478,0.999470591545105,0.4266607165336609,0.7270097732543945,-0.01257479190826416,0.9991607666015625,0.4039190411567688,0.5910102128982544,-0.22254326939582825,0.8233264088630676,0.48468247056007385,0.6946755051612854,-0.06367786228656769,0.7373518943786621,0.47863903641700745,0.6334500312805176,-0.07154006510972977,0.7286674380302429,0.5412330031394958,0.6667823195457458,0.034139662981033325,0.7009451389312744,0.4813201427459717,0.6484395861625671,-0.057751379907131195,0.6639811396598816,0.5469980835914612,0.6608542799949646,0.046337492763996124,0.6193259358406067,0.5129797458648682,0.6178334951400757,-0.12155590951442719,0.731182873249054,0.5649755001068115,0.65530925989151,-0.02405637875199318,0.7057919502258301
150,0.3137263059616089,0.7906826734542847,-0.21938982605934143,0.9988594055175781,0.3048628866672516,0.8016019463539124,-0.2097320854663849,0.9983493089675903,0.30093127489089966,0.8003861904144287,-0.20971107482910156,0.9978533387184143,0.2974974513053894,0.7991945743560791,-0.20977485179901123,0.9975813031196594,0.31527456641197205,0.8072293400764465,-0.2090875804424286,0.9987711310386658,0.3184056580066681,0.8095343112945557,-0.20911987125873566,0.9987351298332214,0.32115548849105835,0.8115056157112122,-0.20917776226997375,0.9990845918655396,0.2950495183467865,0.794955849647522,-0.13295122981071472,0.9981549382209778,0.32556048035621643,0.8123447895050049,-0.12530845403671265,0.9985653162002563,0.3111308515071869,0.7755795121192932,-0.18828555941581726,0.998430073261261,0.32196807861328125,0.7854384779930115,-0.18616707623004913,0.9986453652381897,0.29824596643447876,0.726819634437561,-0.03872482478618622,0.9982338547706604,0.357232004404068,0.7992162108421326,-0.09658461809158325,0.9989190697669983,0.28504812717437744,0.7085528373718262,0.027315113693475723,0.8091845512390137,0.40890222787857056,0.8134719133377075,-0.16673696041107178,0.8051746487617493,0.30808937549591064,0.7120332717895508,0.10273320972919464,0.7170807123184204,0.37952110171318054,0.7762525677680969,-0.261404424905777,0.7875073552131653,0.3130922317504883,0.7125235795974731,0.11551283299922943,0.6665560603141785,0.37280023097991943,0.7602382898330688,-0.278931200504303,0.753141462802887,0.3149845004081726,0.7099793553352356,0.11518841981887817,0.675378680229187,0.36509349942207336,0.7630311846733093,-0.2631274461746216,0.7593575119972229,0.31487804651260376,0.7080351114273071,0.103545643389225,0.6647359728813171,0.3663721978664398,0.7661777138710022,-0.2537705898284912,0.742979884147644,0.4012458920478821,0.6590138673782349,0.010117795318365097,0.9994300007820129,0.4175519347190857,0.7226613163948059,-0.01010478101670742,0.9991675019264221,0.39648255705833435,0.5757914781570435,-0.21682973206043243,0.8404002785682678,0.460218608379364,0.6992297768592834,-0.1848313957452774,0.7628222703933716,0.47082582116127014,0.616066038608551,-0.06670214235782623,0.7537962198257446,0.5285264253616333,0.6516174077987671,-0.0954466164112091,0.7299274206161499,0.47601133584976196,0.63382887840271,-0.05342310667037964,0.691059410572052,0.5338512659072876,0.6456721425056458,-0.0867549255490303,0.6521782279014587,0.506493330001831,0.6037548780441284,-0.11304827034473419,0.7551378011703491,0.5515844821929932,0.6320481896400452,-0.16874860227108002,0.7338229417800903
151,0.30715152621269226,0.7815195918083191,-0.27938228845596313,0.998809814453125,0.29835739731788635,0.7967180013656616,-0.2696486711502075,0.9981805682182312,0.294732928276062,0.7965889573097229,-0.2696295380592346,0.997639000415802,0.29165032505989075,0.7967330813407898,-0.26969248056411743,0.9973258376121521,0.309451162815094,0.8012704849243164,-0.27020272612571716,0.9987009167671204,0.31305545568466187,0.8039896488189697,-0.27024906873703003,0.998675525188446,0.316175252199173,0.8064024448394775,-0.2702949643135071,0.9990448355674744,0.2895964980125427,0.7920050024986267,-0.18204036355018616,0.997657835483551,0.32083621621131897,0.8110437393188477,-0.18326374888420105,0.9985665678977966,0.3034719228744507,0.7692440748214722,-0.24422785639762878,0.9981359839439392,0.31581100821495056,0.775943398475647,-0.24399761855602264,0.9985615611076355,0.2893010377883911,0.7265645265579224,-0.06771685183048248,0.9979070425033569,0.3522692322731018,0.7901679873466492,-0.1297440379858017,0.9986596703529358,0.29442882537841797,0.7067136764526367,0.009801039472222328,0.754037082195282,0.4065684378147125,0.789546012878418,-0.1689319908618927,0.81978839635849,0.3149292469024658,0.699812650680542,0.059423547238111496,0.6568314433097839,0.3801424503326416,0.761365532875061,-0.2176564633846283,0.8008290529251099,0.3180910646915436,0.6954580545425415,0.07049436122179031,0.6089536547660828,0.37382110953330994,0.7484718561172485,-0.226703479886055,0.7622108459472656,0.32041817903518677,0.6920933127403259,0.06582461297512054,0.6172940135002136,0.3649112582206726,0.7539995908737183,-0.22011248767375946,0.7675795555114746,0.3209800124168396,0.6934118866920471,0.05850332975387573,0.609125554561615,0.3674815595149994,0.7568837404251099,-0.21331527829170227,0.7470476031303406,0.39493033289909363,0.6576409935951233,0.01690254732966423,0.9993653297424316,0.4110395312309265,0.7159103155136108,-0.016904082149267197,0.9991093277931213,0.38925015926361084,0.5653948783874512,-0.21439895033836365,0.8559755086898804,0.4399684965610504,0.6909825205802917,-0.24404466152191162,0.7861341834068298,0.4626857340335846,0.6016900539398193,-0.042399946600198746,0.7774596214294434,0.5107284784317017,0.6391592025756836,-0.12284334748983383,0.7565895318984985,0.4685853123664856,0.6186540126800537,-0.026648428291082382,0.7176914811134338,0.5152890086174011,0.6324585676193237,-0.11052415519952774,0.6843452453613281,0.4979480803012848,0.5871538519859314,-0.08927582204341888,0.778199315071106,0.5339690446853638,0.6131643652915955,-0.19124646484851837,0.7599916458129883
152,0.30343034863471985,0.7742162346839905,-0.2715529799461365,0.9987559914588928,0.29480329155921936,0.785828173160553,-0.26114752888679504,0.9979801177978516,0.2912757992744446,0.7848769426345825,-0.26112401485443115,0.9973546266555786,0.28812330961227417,0.7843189835548401,-0.2611686587333679,0.9969897866249084,0.3050292432308197,0.79148268699646,-0.2618720829486847,0.9986196756362915,0.3083975911140442,0.7942580580711365,-0.26190486550331116,0.9985948801040649,0.3114534020423889,0.7967091202735901,-0.2619583308696747,0.9990115761756897,0.28554797172546387,0.7842033505439758,-0.17652980983257294,0.997080385684967,0.31591862440109253,0.8029152154922485,-0.17513422667980194,0.9985461235046387,0.30108028650283813,0.7624581456184387,-0.2370864599943161,0.997727632522583,0.31178635358810425,0.7687291502952576,-0.2365485429763794,0.9984045624732971,0.28862449526786804,0.7255687117576599,-0.06473314762115479,0.9976324439048767,0.34647175669670105,0.7834611535072327,-0.1323557198047638,0.9984776973724365,0.2819002866744995,0.7151029706001282,0.014610993675887585,0.7121617794036865,0.402025043964386,0.7844017744064331,-0.15087653696537018,0.8354541659355164,0.31285107135772705,0.710124135017395,0.08388976007699966,0.60126793384552,0.37657254934310913,0.7538994550704956,-0.17468276619911194,0.816196858882904,0.31853872537612915,0.7068480849266052,0.096364825963974,0.554442822933197,0.37256094813346863,0.7396164536476135,-0.1803530752658844,0.7751100659370422,0.3229207396507263,0.7014977335929871,0.09662123024463654,0.5623137354850769,0.3649173676967621,0.7436082363128662,-0.17512227594852448,0.7801231145858765,0.3230546712875366,0.7018305659294128,0.08505327254533768,0.556121289730072,0.36584874987602234,0.746805727481842,-0.1703788936138153,0.7573761343955994,0.3938159942626953,0.6570463180541992,0.01836945302784443,0.9992701411247253,0.4094325602054596,0.711841344833374,-0.01844395138323307,0.9989948272705078,0.3837827742099762,0.5628659129142761,-0.184573233127594,0.8692630529403687,0.4406762719154358,0.6748533248901367,-0.19276651740074158,0.8065903782844543,0.45788830518722534,0.5955731868743896,-0.02983139082789421,0.7978052496910095,0.5035871267318726,0.6221713423728943,-0.06702695041894913,0.7799187302589417,0.4639572203159332,0.6143465638160706,-0.016534928232431412,0.7380377054214478,0.5075107216835022,0.6187967658042908,-0.053320277482271194,0.7102094292640686,0.49137839674949646,0.5775389671325684,-0.05654686689376831,0.797413170337677,0.5262271761894226,0.5982142090797424,-0.11552007496356964,0.7827827334403992
153,0.29559212923049927,0.7709864377975464,-0.2692534923553467,0.99836665391922,0.28817281126976013,0.780515193939209,-0.256985604763031,0.9969648718833923,0.2852688729763031,0.7792448401451111,-0.256971538066864,0.99614417552948,0.28243133425712585,0.7782963514328003,-0.2570236325263977,0.9956410527229309,0.29682236909866333,0.7874498963356018,-0.2592735290527344,0.9980909824371338,0.2998439371585846,0.7905669212341309,-0.2593214511871338,0.9981637597084045,0.3025801181793213,0.7931762933731079,-0.2593781054019928,0.9987691044807434,0.2801888585090637,0.7777631878852844,-0.16794756054878235,0.9950876832008362,0.3075217008590698,0.7976742386817932,-0.17377276718616486,0.9982891082763672,0.2943357825279236,0.7594154477119446,-0.2335258275270462,0.9965631365776062,0.3041129410266876,0.7661413550376892,-0.23515839874744415,0.9980376958847046,0.2858889400959015,0.7236096858978271,-0.055223189294338226,0.9970645904541016,0.3403271436691284,0.7819980978965759,-0.13427862524986267,0.9982102513313293,0.2849254906177521,0.7100193500518799,0.02566760778427124,0.6701313853263855,0.39012494683265686,0.7951138019561768,-0.15900731086730957,0.8502616286277771,0.3169867992401123,0.7092882394790649,0.09230683743953705,0.5516349077224731,0.3759283423423767,0.7511708736419678,-0.200281023979187,0.8301472663879395,0.32349827885627747,0.7061969637870789,0.10311845690011978,0.506713330745697,0.37301141023635864,0.7358852624893188,-0.2125106155872345,0.7869319915771484,0.32745102047920227,0.7025465369224548,0.10102710872888565,0.5139144659042358,0.3665316700935364,0.7394968867301941,-0.2084944248199463,0.7914407253265381,0.3268904387950897,0.7029643058776855,0.09248112142086029,0.5089625716209412,0.3666955828666687,0.7426958680152893,-0.19727036356925964,0.7656947374343872,0.3877353072166443,0.6564106345176697,0.021510634571313858,0.9992000460624695,0.4031394422054291,0.7083890438079834,-0.021504579111933708,0.9989312887191772,0.38113993406295776,0.5578936338424683,-0.19283221662044525,0.8816078901290894,0.42463380098342896,0.6667004823684692,-0.24808616936206818,0.8252966403961182,0.4563275873661041,0.5917103290557861,-0.03065166436135769,0.8163557648658752,0.49544888734817505,0.6138047575950623,-0.12179674953222275,0.8011860251426697,0.46229496598243713,0.6088902950286865,-0.016182998195290565,0.7568857669830322,0.494953453540802,0.6155217885971069,-0.10857498645782471,0.7341854572296143,0.49123865365982056,0.5734705328941345,-0.07098753750324249,0.8152415156364441,0.5187965035438538,0.5840944647789001,-0.18698163330554962,0.8035910129547119
154,0.2898481488227844,0.7656942009925842,-0.28150996565818787,0.9975674152374268,0.28269755840301514,0.7751228213310242,-0.2708790898323059,0.9954195022583008,0.27989476919174194,0.7737786769866943,-0.2708759009838104,0.9943282008171082,0.2770646810531616,0.7726420760154724,-0.27093714475631714,0.993925154209137,0.2915770411491394,0.7821897864341736,-0.27302679419517517,0.9970433712005615,0.2948807179927826,0.7853808999061584,-0.2730836272239685,0.9971929788589478,0.29786476492881775,0.7879884243011475,-0.27314290404319763,0.9981484413146973,0.2741253674030304,0.77168208360672,-0.18085497617721558,0.9925643801689148,0.3028312623500824,0.7916078567504883,-0.18716202676296234,0.9974806308746338,0.28843560814857483,0.7532872557640076,-0.24492044746875763,0.9949299693107605,0.29925626516342163,0.7600255608558655,-0.24696406722068787,0.9971678256988525,0.2783835828304291,0.7218355536460876,-0.057559072971343994,0.9968852400779724,0.33348795771598816,0.775361955165863,-0.1378261148929596,0.9977401494979858,0.29509714245796204,0.7066105604171753,0.03472203388810158,0.6231787204742432,0.3839474618434906,0.7952661514282227,-0.14264824986457825,0.8564204573631287,0.3296768367290497,0.7040598392486572,0.080799400806427,0.5013997554779053,0.37876713275909424,0.7501901388168335,-0.1643025279045105,0.8255570530891418,0.3375139534473419,0.7001760601997375,0.08862969279289246,0.46055665612220764,0.3776775896549225,0.7351900935173035,-0.1747307926416397,0.7779126763343811,0.3399884104728699,0.69722580909729,0.08196417987346649,0.46710553765296936,0.3704075813293457,0.739298939704895,-0.17899517714977264,0.7834987044334412,0.3388137221336365,0.6986192464828491,0.07902968674898148,0.46309879422187805,0.36941176652908325,0.7426382899284363,-0.1646287739276886,0.7549119591712952,0.38269099593162537,0.6569141745567322,0.029424846172332764,0.9990394711494446,0.39837443828582764,0.706851601600647,-0.029411818832159042,0.9986836910247803,0.37978023290634155,0.5573969483375549,-0.1553170084953308,0.8912591934204102,0.4080685079097748,0.6449652910232544,-0.2268943041563034,0.8417656421661377,0.45826220512390137,0.5918455123901367,-0.007456444203853607,0.831783652305603,0.4820558428764343,0.5985512137413025,-0.11110832542181015,0.8198698163032532,0.46374091506004333,0.6093271374702454,0.0056428853422403336,0.7700889110565186,0.48648881912231445,0.6068602204322815,-0.09832041710615158,0.7552120089530945,0.4970293939113617,0.5736939907073975,-0.0503343865275383,0.8295580744743347,0.509395956993103,0.5731670260429382,-0.16525183618068695,0.8219425678253174
155,0.28758248686790466,0.7626292705535889,-0.3709801435470581,0.9974859952926636,0.2797587811946869,0.7717248797416687,-0.3584250509738922,0.9953005313873291,0.27684545516967773,0.7702502012252808,-0.35843950510025024,0.9939997792243958,0.2740761935710907,0.7688072323799133,-0.35849761962890625,0.9936218857765198,0.2888639569282532,0.7785316705703735,-0.3648809790611267,0.9971261620521545,0.2920492887496948,0.7814937233924866,-0.36499422788619995,0.9972614645957947,0.29495885968208313,0.7839428186416626,-0.36510372161865234,0.9982171654701233,0.27094393968582153,0.7669744491577148,-0.2485085427761078,0.9914829134941101,0.29858821630477905,0.7873995304107666,-0.27525195479393005,0.9976328015327454,0.2858511507511139,0.7500186562538147,-0.32577258348464966,0.9947361350059509,0.2960718274116516,0.7562822103500366,-0.33331581950187683,0.9972526431083679,0.27583232522010803,0.721606969833374,-0.08091716468334198,0.9970348477363586,0.3307301700115204,0.7709617018699646,-0.21589212119579315,0.9979180693626404,0.2950984835624695,0.7053643465042114,0.008644959889352322,0.5896696448326111,0.3826468288898468,0.7964722514152527,-0.21238604187965393,0.8680106401443481,0.3328234553337097,0.7052568197250366,0.08027827739715576,0.46028345823287964,0.3806491494178772,0.7450284361839294,-0.239059180021286,0.833021342754364,0.34134817123413086,0.7037736773490906,0.05761703848838806,0.4217468798160553,0.38144171237945557,0.7306922078132629,-0.25963079929351807,0.7819474935531616,0.34318575263023376,0.7013142704963684,0.046190954744815826,0.4278309643268585,0.3736279606819153,0.7299063801765442,-0.2659856677055359,0.7879562377929688,0.34178251028060913,0.7011432647705078,0.0641130805015564,0.42476141452789307,0.37313714623451233,0.7357437014579773,-0.2401091754436493,0.7567015886306763,0.38158854842185974,0.6566678285598755,0.04350866749882698,0.9990513324737549,0.39556530117988586,0.6991720795631409,-0.04357822239398956,0.9987701773643494,0.41104254126548767,0.5722573399543762,0.08386844396591187,0.8877918720245361,0.391305148601532,0.6073206663131714,-0.13438227772712708,0.8553791642189026,0.471761554479599,0.5970320701599121,0.2657162845134735,0.8409989476203918,0.450416624546051,0.578065037727356,0.02753547951579094,0.8340652585029602,0.47606053948402405,0.6131883859634399,0.2827069163322449,0.7765536904335022,0.45689839124679565,0.6056655645370483,0.04662790149450302,0.7680831551551819,0.49769216775894165,0.576100766658783,0.2447059154510498,0.8380980491638184,0.4706774652004242,0.5249515771865845,0.005647394806146622,0.8365788459777832
156,0.28036823868751526,0.7563651204109192,-0.34094148874282837,0.9977125525474548,0.2739148736000061,0.7663190960884094,-0.3279314935207367,0.9957348704338074,0.27180367708206177,0.7649214267730713,-0.327926903963089,0.9945396780967712,0.26964646577835083,0.7634559869766235,-0.3279620409011841,0.9941940903663635,0.2810822129249573,0.7733272314071655,-0.33532974123954773,0.9974014163017273,0.2843087315559387,0.7771248817443848,-0.3354378938674927,0.9975226521492004,0.2875126302242279,0.7804617881774902,-0.33552423119544983,0.9983880519866943,0.2683735489845276,0.7622985243797302,-0.23016858100891113,0.992214560508728,0.294631689786911,0.784706175327301,-0.2537543475627899,0.997864842414856,0.28080934286117554,0.7434315085411072,-0.29828065633773804,0.9951866865158081,0.29021501541137695,0.7508501410484314,-0.30650296807289124,0.9975119233131409,0.2779802083969116,0.7205124497413635,-0.06779852509498596,0.9972931742668152,0.32665300369262695,0.771980881690979,-0.20189698040485382,0.9981211423873901,0.3040047883987427,0.71148681640625,0.04410267621278763,0.5508661866188049,0.378606379032135,0.8006353378295898,-0.18088915944099426,0.8805943131446838,0.34089580178260803,0.7003302574157715,0.05786212161183357,0.4274359941482544,0.3840319514274597,0.7383933067321777,-0.1384427696466446,0.8464139103889465,0.34886103868484497,0.7003952264785767,0.0544627383351326,0.39233148097991943,0.3850967288017273,0.7235031127929688,-0.14702436327934265,0.7956042885780334,0.3505317270755768,0.700844407081604,0.04248158633708954,0.39803454279899597,0.3779504597187042,0.7219299077987671,-0.15214893221855164,0.801263689994812,0.34932103753089905,0.6991051435470581,0.050865162163972855,0.3956890404224396,0.37782758474349976,0.7271350622177124,-0.13679292798042297,0.7706467509269714,0.38256141543388367,0.6556968688964844,0.0539327971637249,0.9991064071655273,0.39457035064697266,0.6907987594604492,-0.05405937880277634,0.9988728761672974,0.42004114389419556,0.573510468006134,0.10052766650915146,0.8850610256195068,0.37992340326309204,0.5693215131759644,-0.08832728117704391,0.8687300682067871,0.46737855672836304,0.597741961479187,0.2628178000450134,0.8484082221984863,0.4491182863712311,0.5807056427001953,0.06854298710823059,0.8484349250793457,0.4740927219390869,0.6131399869918823,0.27819228172302246,0.7841930389404297,0.457761287689209,0.6068546772003174,0.0869501456618309,0.7833499312400818,0.49032917618751526,0.5745436549186707,0.25344836711883545,0.846786379814148,0.46760398149490356,0.5294588804244995,0.06207357719540596,0.850737988948822
157,0.27902454137802124,0.7536839842796326,-0.32918673753738403,0.9978315234184265,0.27225202322006226,0.7635729312896729,-0.31850486993789673,0.9959346055984497,0.2700529992580414,0.7622082829475403,-0.3184909522533417,0.9947837591171265,0.2678156793117523,0.7606938481330872,-0.31855523586273193,0.9944135546684265,0.27954405546188354,0.7705186009407043,-0.32242193818092346,0.9975579380989075,0.2826533913612366,0.7742430567741394,-0.3225072920322418,0.9976673126220703,0.28568464517593384,0.7776330709457397,-0.3225822150707245,0.9984737038612366,0.26640525460243225,0.7595126032829285,-0.21865125000476837,0.9924283027648926,0.29239439964294434,0.7821807265281677,-0.2454667091369629,0.998005747795105,0.27946147322654724,0.7411385178565979,-0.29369455575942993,0.9952753782272339,0.2882419228553772,0.7486670017242432,-0.2943806052207947,0.9976592659950256,0.27627986669540405,0.7177378535270691,-0.07900300621986389,0.9974396228790283,0.32286569476127625,0.7720996141433716,-0.19484934210777283,0.9982855916023254,0.3070640563964844,0.7075379490852356,0.017747754231095314,0.5146022439002991,0.3739641010761261,0.8005942702293396,-0.17998114228248596,0.8921747207641602,0.3443470895290375,0.6863661408424377,-0.00949337799102068,0.400436669588089,0.3869701027870178,0.7315137982368469,-0.1718776822090149,0.8591868281364441,0.35204026103019714,0.6768049597740173,-0.014728352427482605,0.3692195415496826,0.39211976528167725,0.7161979675292969,-0.1817924678325653,0.8094376921653748,0.3535899221897125,0.6768531203269958,-0.02777157723903656,0.37469255924224854,0.3857143521308899,0.7119791507720947,-0.18635371327400208,0.8145480751991272,0.3523094058036804,0.6803885102272034,-0.015504138544201851,0.37266987562179565,0.3815634846687317,0.717100203037262,-0.17106544971466064,0.7844017744064331,0.37935060262680054,0.6550827622413635,0.04684341698884964,0.9989148378372192,0.3915957510471344,0.691279411315918,-0.04696081206202507,0.9987549185752869,0.3848687410354614,0.5533268451690674,0.011316625401377678,0.8854659795761108,0.4073793292045593,0.5959692001342773,-0.044963471591472626,0.8791855573654175,0.4523957371711731,0.5916227698326111,0.1502583920955658,0.851021945476532,0.4656306207180023,0.5908563137054443,0.08900969475507736,0.8598446846008301,0.46115222573280334,0.6118407845497131,0.16363033652305603,0.7877393364906311,0.47937923669815063,0.5939195156097412,0.10340498387813568,0.7922984957695007,0.47967156767845154,0.5688220262527466,0.13758544623851776,0.8514271974563599,0.49083462357521057,0.5551786422729492,0.0709112361073494,0.8611002564430237
158,0.27407965064048767,0.7502027750015259,-0.3035915493965149,0.997891366481781,0.2678287923336029,0.7613621354103088,-0.2879665493965149,0.9959461688995361,0.2658999562263489,0.7602073550224304,-0.2879709005355835,0.9947856664657593,0.26390179991722107,0.7589215636253357,-0.28800106048583984,0.9943335056304932,0.2746472656726837,0.7674953937530518,-0.29985588788986206,0.9976362586021423,0.2778773307800293,0.7711584568023682,-0.29995375871658325,0.9977555871009827,0.28115731477737427,0.7746841311454773,-0.3000534176826477,0.9985160827636719,0.2638482451438904,0.758124053478241,-0.17973417043685913,0.9920430183410645,0.2889123857021332,0.780224621295929,-0.23790057003498077,0.9981113076210022,0.27488580346107483,0.7377581000328064,-0.2602587342262268,0.9951600432395935,0.2840498089790344,0.745275616645813,-0.2743853032588959,0.9977721571922302,0.275839626789093,0.7121702432632446,-0.04800983518362045,0.9974596500396729,0.32105398178100586,0.7717682123184204,-0.1866760402917862,0.9984296560287476,0.31000959873199463,0.6959145665168762,0.0386531725525856,0.4783009886741638,0.37250396609306335,0.7999246120452881,-0.1792254000902176,0.9024971723556519,0.35127049684524536,0.6699806451797485,0.008502103388309479,0.37004315853118896,0.3891451358795166,0.7328094244003296,-0.1739371120929718,0.8692958354949951,0.3597721457481384,0.6586306095123291,0.006641612853854895,0.34298059344291687,0.39987245202064514,0.7184209823608398,-0.18379564583301544,0.8193949460983276,0.3627604842185974,0.6579593420028687,-0.007265894673764706,0.3480047881603241,0.393807590007782,0.7122148871421814,-0.1881362497806549,0.8240219354629517,0.36160069704055786,0.6637344360351562,0.0026109092868864536,0.34671488404273987,0.3891119658946991,0.7164903283119202,-0.17307473719120026,0.7941418290138245,0.3773816227912903,0.6531343460083008,0.05357714742422104,0.9985702633857727,0.3900303542613983,0.6925866603851318,-0.05360746383666992,0.9985604882240295,0.38169315457344055,0.5450493693351746,-0.048495158553123474,0.8913560509681702,0.4022591710090637,0.5991630554199219,-0.18068140745162964,0.8903923034667969,0.4448917508125305,0.5922824740409851,0.07987500727176666,0.8582837581634521,0.46267834305763245,0.6003479361534119,-0.050678838044404984,0.871949315071106,0.45105844736099243,0.6155099868774414,0.09076284617185593,0.7954117655754089,0.47548288106918335,0.608115553855896,-0.03635944426059723,0.8054461479187012,0.46841517090797424,0.5709897875785828,0.08878891170024872,0.8581455945968628,0.4933704435825348,0.5654797554016113,-0.07166454941034317,0.8725478649139404
159,0.26810961961746216,0.7485305070877075,-0.2638546824455261,0.9979889988899231,0.263582319021225,0.7605612277984619,-0.2489071637392044,0.9961283802986145,0.2620694935321808,0.7599300146102905,-0.2489100694656372,0.9950066804885864,0.26050132513046265,0.759154736995697,-0.24894383549690247,0.9945902824401855,0.2693212926387787,0.7654005289077759,-0.26388460397720337,0.9977831840515137,0.2723839282989502,0.7688300013542175,-0.2639722228050232,0.9978960752487183,0.2757004201412201,0.7723181247711182,-0.2640692889690399,0.9986015558242798,0.26243990659713745,0.7595154643058777,-0.1502370983362198,0.9922679662704468,0.2847636938095093,0.7788437008857727,-0.2170497626066208,0.9982417225837708,0.2701626420021057,0.7370416522026062,-0.2238558828830719,0.9953094720840454,0.27859967947006226,0.7436740398406982,-0.24239833652973175,0.9979149103164673,0.27512815594673157,0.7119163274765015,-0.029135053977370262,0.9975958466529846,0.320354163646698,0.7704650163650513,-0.18304358422756195,0.9985471963882446,0.3115452826023102,0.695156991481781,0.06856569647789001,0.44898566603660583,0.37334492802619934,0.7977223992347717,-0.1696169078350067,0.9115777015686035,0.3496391177177429,0.6636019945144653,0.047803156077861786,0.3527202606201172,0.39602309465408325,0.7318348288536072,-0.13775616884231567,0.8773282766342163,0.35659947991371155,0.6514682769775391,0.04706300050020218,0.3308311998844147,0.4086546003818512,0.7184129357337952,-0.14425548911094666,0.8267497420310974,0.3596689701080322,0.6514237523078918,0.029681283980607986,0.3364652395248413,0.4034675657749176,0.7100535035133362,-0.14945223927497864,0.8310301899909973,0.3593760132789612,0.6575717926025391,0.04029456898570061,0.33509641885757446,0.3984408974647522,0.7137157917022705,-0.1366390883922577,0.8009947538375854,0.37637344002723694,0.6520020961761475,0.05585756152868271,0.9985273480415344,0.38879379630088806,0.6912386417388916,-0.05589038133621216,0.9985486268997192,0.3837367594242096,0.5420374274253845,-0.0509491041302681,0.8959437608718872,0.39558306336402893,0.5963062047958374,-0.19066815078258514,0.9003773331642151,0.4445227086544037,0.5924843549728394,0.08015464246273041,0.8633954524993896,0.45483332872390747,0.6056263446807861,-0.04098645597696304,0.8809314370155334,0.44926953315734863,0.6156187653541565,0.09220566600561142,0.7986252307891846,0.4591671824455261,0.6143249273300171,-0.023998692631721497,0.8116077184677124,0.4668009281158447,0.5722967386245728,0.07891867309808731,0.8626476526260376,0.486640602350235,0.5712985396385193,-0.06883242726325989,0.8807361125946045
160,0.2652532160282135,0.7493925094604492,-0.2385370284318924,0.9979364275932312,0.26117175817489624,0.7614747881889343,-0.22415883839130402,0.9959869980812073,0.25995832681655884,0.7610029578208923,-0.22417238354682922,0.9948865175247192,0.2586774230003357,0.7603782415390015,-0.22421598434448242,0.9944815635681152,0.2663043141365051,0.7658309936523438,-0.2402050942182541,0.997769832611084,0.2691574990749359,0.7690953612327576,-0.24029438197612762,0.9978987574577332,0.27231019735336304,0.7724920511245728,-0.24039189517498016,0.9985691905021667,0.261783242225647,0.7608660459518433,-0.1300840675830841,0.9920320510864258,0.2825329899787903,0.7794924378395081,-0.2002619504928589,0.9982742071151733,0.26826614141464233,0.7382551431655884,-0.20040778815746307,0.9951849579811096,0.27536556124687195,0.7445162534713745,-0.22035618126392365,0.9979580640792847,0.27448493242263794,0.7119114398956299,-0.01816375181078911,0.997706413269043,0.3205912411212921,0.7710739970207214,-0.18250945210456848,0.9986291527748108,0.31239041686058044,0.6937886476516724,0.07049696892499924,0.4204963445663452,0.3727383613586426,0.7954187393188477,-0.16234101355075836,0.9191485643386841,0.3497866988182068,0.6631850600242615,0.053881071507930756,0.3308280110359192,0.4027068614959717,0.7334968447685242,-0.12692604959011078,0.8802492022514343,0.3567681908607483,0.6519821286201477,0.05428085848689079,0.3128666579723358,0.4153671860694885,0.7216523289680481,-0.1330452859401703,0.827295184135437,0.35972219705581665,0.6506543755531311,0.038531165570020676,0.3187207281589508,0.4117121696472168,0.7112303972244263,-0.13841678202152252,0.8313968181610107,0.3593829572200775,0.6567835211753845,0.046778298914432526,0.3175549805164337,0.4063669741153717,0.7134808897972107,-0.12614935636520386,0.8002855777740479,0.3781815767288208,0.6483298540115356,0.05660591274499893,0.9985381364822388,0.38999372720718384,0.6916396617889404,-0.0566316656768322,0.9985626935958862,0.3868948519229889,0.5364711880683899,-0.05397075414657593,0.9022883772850037,0.39257675409317017,0.5972676277160645,-0.2291993349790573,0.9094860553741455,0.442944198846817,0.5902795195579529,0.0783543661236763,0.8697668313980103,0.4512573182582855,0.6091180443763733,-0.05052294209599495,0.8886843323707581,0.4472338557243347,0.6147670745849609,0.0920407772064209,0.8038020133972168,0.4547871947288513,0.6231107711791992,-0.03050384856760502,0.815524697303772,0.46840786933898926,0.5736619830131531,0.0743807703256607,0.8680725693702698,0.4842599034309387,0.5773178339004517,-0.05677638575434685,0.8877472281455994
161,0.2631250023841858,0.7486514449119568,-0.21711976826190948,0.9979535937309265,0.25936487317085266,0.7612676620483398,-0.20314964652061462,0.9959850907325745,0.25833579897880554,0.7609250545501709,-0.20315921306610107,0.9949535131454468,0.257239431142807,0.7604600787162781,-0.20320424437522888,0.9945927858352661,0.264045774936676,0.7653717994689941,-0.22099260985851288,0.9978103041648865,0.26684755086898804,0.768583357334137,-0.22107967734336853,0.9979540109634399,0.2700116038322449,0.7720475196838379,-0.22117535769939423,0.9985817074775696,0.261670857667923,0.7616310119628906,-0.11444330215454102,0.9922020435333252,0.2811584174633026,0.7796441912651062,-0.19265225529670715,0.998333752155304,0.2667188346385956,0.7375831604003906,-0.18134760856628418,0.99528568983078,0.2735118269920349,0.743900716304779,-0.2038191556930542,0.9980430603027344,0.2760591208934784,0.7114968299865723,-0.011005399748682976,0.9978566765785217,0.3202257454395294,0.7715170979499817,-0.1816798597574234,0.9987280964851379,0.3129012882709503,0.6932300329208374,0.08382447063922882,0.39224404096603394,0.3717864155769348,0.7935683131217957,-0.1619495451450348,0.9260272979736328,0.3498578369617462,0.6624965667724609,0.08410432189702988,0.3085021376609802,0.4089471399784088,0.7371444702148438,-0.1262633204460144,0.8824621438980103,0.3567100763320923,0.6518034338951111,0.08822523057460785,0.2938918173313141,0.4216473698616028,0.7249847650527954,-0.13141706585884094,0.827644944190979,0.3597044348716736,0.6496819257736206,0.07356100529432297,0.29999062418937683,0.41940316557884216,0.7159126400947571,-0.13770650327205658,0.8317002058029175,0.35937395691871643,0.6555220484733582,0.07782499492168427,0.2990489602088928,0.4142979085445404,0.7185339331626892,-0.1259220540523529,0.7993589043617249,0.3794984817504883,0.645553708076477,0.05918309837579727,0.9986070990562439,0.3917343020439148,0.6910902857780457,-0.05921272560954094,0.9986237287521362,0.3902473747730255,0.5327911972999573,-0.06192360445857048,0.906908392906189,0.3940921723842621,0.5921261310577393,-0.2295992374420166,0.9176244139671326,0.43824902176856995,0.5818651914596558,0.08776219934225082,0.8742602467536926,0.4524860978126526,0.6101840734481812,-0.037880104035139084,0.8942571878433228,0.4457167685031891,0.6156270503997803,0.10351523011922836,0.8062930107116699,0.45579832792282104,0.6302777528762817,-0.017310215160250664,0.8151551485061646,0.4670714735984802,0.5763468146324158,0.09226136654615402,0.8720458745956421,0.4817279279232025,0.5783892273902893,-0.032568156719207764,0.8926979899406433
162,0.26663559675216675,0.7479521036148071,-0.2425270825624466,0.9980155229568481,0.26175984740257263,0.7601249814033508,-0.2281455099582672,0.9960745573043823,0.2603951096534729,0.7596967220306396,-0.2281630039215088,0.9950957894325256,0.2589924931526184,0.7591623663902283,-0.22821374237537384,0.9947113394737244,0.2672901451587677,0.7650479674339294,-0.24231788516044617,0.9978607296943665,0.27022793889045715,0.7686592936515808,-0.24240653216838837,0.9980148673057556,0.2733219265937805,0.7723496556282043,-0.24249616265296936,0.9986006021499634,0.26177147030830383,0.7609963417053223,-0.1322852075099945,0.9923614263534546,0.2823043763637543,0.7803246974945068,-0.19479554891586304,0.9984041452407837,0.26935309171676636,0.7370795607566833,-0.20392179489135742,0.9954091906547546,0.2769460678100586,0.7439637184143066,-0.22162234783172607,0.9981233477592468,0.2765379846096039,0.7108167409896851,-0.020801778882741928,0.997998058795929,0.3200426995754242,0.7718961834907532,-0.17599445581436157,0.9988170862197876,0.3132586181163788,0.6920053362846375,0.0714053362607956,0.3654453158378601,0.37312984466552734,0.7937435507774353,-0.154108464717865,0.9320915341377258,0.35002046823501587,0.6619298458099365,0.06677090376615524,0.2874586582183838,0.4137028753757477,0.7401038408279419,-0.12140709161758423,0.8825543522834778,0.3567299246788025,0.6509020328521729,0.06990835070610046,0.2761251926422119,0.4275731146335602,0.7321736812591553,-0.12629443407058716,0.8249965310096741,0.3597988486289978,0.6480191349983215,0.0551811158657074,0.282120019197464,0.42607641220092773,0.7188256978988647,-0.1342536360025406,0.8289762735366821,0.3595465123653412,0.6544245481491089,0.06052811071276665,0.2814323604106903,0.42033833265304565,0.7216345071792603,-0.12195950746536255,0.7962056994438171,0.37994956970214844,0.6442908644676208,0.05585762858390808,0.9986616969108582,0.393555223941803,0.6918141841888428,-0.05589009076356888,0.9986498355865479,0.3932500183582306,0.5301770567893982,-0.0807160809636116,0.9122927784919739,0.4015396237373352,0.5985912680625916,-0.229623481631279,0.9249845743179321,0.44112473726272583,0.587022066116333,0.08953400701284409,0.8783568739891052,0.4568512439727783,0.6157172918319702,-0.03762512654066086,0.899161159992218,0.44553661346435547,0.6150235533714294,0.10686410963535309,0.8091745376586914,0.46006497740745544,0.6457922458648682,-0.0035484391264617443,0.8141457438468933,0.468588650226593,0.5770022869110107,0.0916936993598938,0.8757767677307129,0.4844338297843933,0.5847340226173401,-0.01607299968600273,0.8971033692359924
163,0.2661225497722626,0.7485570311546326,-0.2542474865913391,0.9980937242507935,0.26127108931541443,0.7608124017715454,-0.24265804886817932,0.9961950182914734,0.25987938046455383,0.7603151202201843,-0.24265620112419128,0.99526447057724,0.25845789909362793,0.7597333192825317,-0.24268555641174316,0.9948906898498535,0.2671571969985962,0.7659481763839722,-0.24817416071891785,0.9979398250579834,0.27031195163726807,0.7695895433425903,-0.24822747707366943,0.9980906248092651,0.27356088161468506,0.7732244729995728,-0.2482837736606598,0.9986374378204346,0.2611866593360901,0.7613565921783447,-0.14736220240592957,0.9925320148468018,0.28229525685310364,0.7807888388633728,-0.2119111269712448,0.9984778761863708,0.2689148485660553,0.7377551794052124,-0.2143164426088333,0.9956068992614746,0.2767764925956726,0.7445199489593506,-0.22977562248706818,0.9982045292854309,0.2763509452342987,0.7104436159133911,-0.037456851452589035,0.9981451630592346,0.3210647404193878,0.7719411849975586,-0.18310299515724182,0.9988927245140076,0.3107885420322418,0.6934604048728943,0.06174159049987793,0.3452153205871582,0.37514811754226685,0.791948676109314,-0.15382161736488342,0.9378196001052856,0.34737199544906616,0.6616315245628357,0.07437498867511749,0.2758166491985321,0.42202550172805786,0.7429021000862122,-0.11678868532180786,0.8849246501922607,0.3527458608150482,0.649855375289917,0.0818728655576706,0.26801490783691406,0.4355749487876892,0.7408468723297119,-0.11903101205825806,0.8244003653526306,0.35599786043167114,0.647194504737854,0.06447123736143112,0.27463844418525696,0.43555331230163574,0.7238813042640686,-0.13092143833637238,0.8282389640808105,0.35636967420578003,0.6538223028182983,0.0683390349149704,0.2737215757369995,0.42924174666404724,0.7245724201202393,-0.11882118880748749,0.7960315942764282,0.3781302571296692,0.6442468166351318,0.05240967124700546,0.9987536072731018,0.3946880102157593,0.6922524571418762,-0.052413277328014374,0.998725414276123,0.39980626106262207,0.5320037007331848,-0.06852726638317108,0.916866660118103,0.42264524102211,0.6021484136581421,-0.20405538380146027,0.9313251972198486,0.44389182329177856,0.5895712375640869,0.13187550008296967,0.8777905106544495,0.4596130847930908,0.6240419149398804,0.049347713589668274,0.8996933698654175,0.447445809841156,0.6148586869239807,0.15177419781684875,0.7963917255401611,0.45867568254470825,0.6494857668876648,0.07688327878713608,0.8004403710365295,0.46958962082862854,0.5773947834968567,0.1377609670162201,0.8748199343681335,0.4845607280731201,0.5951784253120422,0.06696262955665588,0.8977702260017395
164,0.26736095547676086,0.748455286026001,-0.2600981593132019,0.9982026219367981,0.2620101571083069,0.7604724168777466,-0.24725015461444855,0.9963809847831726,0.2605764865875244,0.7598906755447388,-0.24725773930549622,0.9955194592475891,0.25912001729011536,0.759261429309845,-0.24731846153736115,0.9951515197753906,0.2678980231285095,0.7661629319190979,-0.2574705183506012,0.9980610013008118,0.27095624804496765,0.769987165927887,-0.2575419843196869,0.9982030391693115,0.27405524253845215,0.7736889123916626,-0.257617712020874,0.9986982345581055,0.2615061402320862,0.7611242532730103,-0.1539432406425476,0.9928581118583679,0.28258809447288513,0.7811122536659241,-0.20987792313098907,0.998568594455719,0.2701476216316223,0.7378999590873718,-0.2219742089509964,0.9958376288414001,0.27814817428588867,0.7449163794517517,-0.23665210604667664,0.9982848763465881,0.2763645350933075,0.7098506689071655,-0.0421379953622818,0.9982697367668152,0.32191556692123413,0.7738420963287354,-0.17190338671207428,0.9989414215087891,0.30159783363342285,0.6917802095413208,0.08499784767627716,0.32961004972457886,0.3764441907405853,0.7905385494232178,-0.12632320821285248,0.9416823387145996,0.32119041681289673,0.6583942174911499,0.13073842227458954,0.26757779717445374,0.4267103672027588,0.7534864544868469,-0.08507014065980911,0.8780936598777771,0.32266706228256226,0.6466251015663147,0.14533710479736328,0.2614109218120575,0.4411235451698303,0.7521203756332397,-0.08122570067644119,0.8121683597564697,0.3246077001094818,0.6449235081672668,0.12668712437152863,0.2690691351890564,0.44122186303138733,0.7391242980957031,-0.09815546125173569,0.8157837986946106,0.3260769248008728,0.6510945558547974,0.12543867528438568,0.26779916882514954,0.4345809519290924,0.7385571002960205,-0.0886388048529625,0.7828952074050903,0.3798134922981262,0.6441512703895569,0.042948734015226364,0.9988498091697693,0.39516565203666687,0.6925868391990662,-0.04308359697461128,0.9987941384315491,0.4091130197048187,0.5351647138595581,-0.07867345958948135,0.9225852489471436,0.44378432631492615,0.6166263818740845,-0.11532415449619293,0.9362146258354187,0.44685834646224976,0.5987176895141602,0.12019652128219604,0.8756040930747986,0.4579191207885742,0.6428976655006409,0.1504112184047699,0.8908877968788147,0.4504771828651428,0.6228991746902466,0.1404157131910324,0.7832109928131104,0.45671147108078003,0.660272479057312,0.17866262793540955,0.7798128128051758,0.47303277254104614,0.5927075147628784,0.12238223850727081,0.8748149275779724,0.4825108051300049,0.6127566695213318,0.17128299176692963,0.8927000164985657
165,0.26831111311912537,0.7480068802833557,-0.27910083532333374,0.998293399810791,0.2629336714744568,0.7598362565040588,-0.26579397916793823,0.9965682029724121,0.26156455278396606,0.759243369102478,-0.265794575214386,0.9957451224327087,0.2601344883441925,0.7586300373077393,-0.26587435603141785,0.9953869581222534,0.26840683817863464,0.7657711505889893,-0.28159621357917786,0.998190701007843,0.2712370753288269,0.7697126865386963,-0.28168243169784546,0.9983246326446533,0.27411237359046936,0.7735059261322021,-0.2817802131175995,0.9987762570381165,0.2624700367450714,0.7610570192337036,-0.1691533625125885,0.9931238889694214,0.2824685871601105,0.7812827229499817,-0.23902003467082977,0.9986758232116699,0.2712717354297638,0.7380414605140686,-0.23964306712150574,0.9960207939147949,0.27904418110847473,0.7451860308647156,-0.2600673735141754,0.998374342918396,0.2772238254547119,0.7098827958106995,-0.04885755851864815,0.9983338713645935,0.32216089963912964,0.7750097513198853,-0.20312781631946564,0.9989911317825317,0.2963102459907532,0.6926501989364624,0.09840944409370422,0.3135298192501068,0.3772919774055481,0.7898299098014832,-0.16000941395759583,0.9453655481338501,0.30254513025283813,0.659540593624115,0.1668940782546997,0.2652796804904938,0.4283061623573303,0.7675235271453857,-0.11442454159259796,0.8797556161880493,0.3005153238773346,0.6481576561927795,0.18516521155834198,0.2604852318763733,0.44349759817123413,0.7695179581642151,-0.11963137239217758,0.8128411173820496,0.3018190562725067,0.6462536454200745,0.1642843782901764,0.2696402668952942,0.44342780113220215,0.7610386610031128,-0.11391184478998184,0.8163140416145325,0.30417877435684204,0.6517930030822754,0.1606360673904419,0.2693080008029938,0.43716326355934143,0.7588212490081787,-0.10697925090789795,0.78360515832901,0.38150790333747864,0.6443246006965637,0.044881273061037064,0.9989400506019592,0.3987342417240143,0.6928591728210449,-0.045088768005371094,0.9988698363304138,0.4177660346031189,0.5368430614471436,-0.015826396644115448,0.9240087270736694,0.4529600739479065,0.6177505254745483,-0.07960236072540283,0.9386308789253235,0.45010805130004883,0.6134511828422546,0.2111860066652298,0.8563966751098633,0.46230846643447876,0.6543647050857544,0.18509088456630707,0.8746678233146667,0.45062869787216187,0.6380710005760193,0.23483169078826904,0.7647449970245361,0.4619278907775879,0.669765055179596,0.21390140056610107,0.758821964263916,0.47462931275367737,0.611576497554779,0.22595131397247314,0.8625081181526184,0.4861021935939789,0.6214277148246765,0.20405283570289612,0.8820899724960327
166,0.26794591546058655,0.7464354634284973,-0.24899037182331085,0.9984238147735596,0.2628592848777771,0.7582273483276367,-0.23506908118724823,0.9968228340148926,0.2616942524909973,0.757904589176178,-0.23507285118103027,0.9960612058639526,0.26043182611465454,0.7575380802154541,-0.23514917492866516,0.995725691318512,0.2674795985221863,0.7634342908859253,-0.25216346979141235,0.998335063457489,0.2699841260910034,0.7672117352485657,-0.25224769115448,0.9984614253044128,0.2727126479148865,0.7711053490638733,-0.2523398995399475,0.9988702535629272,0.2632235884666443,0.7611263990402222,-0.1424947828054428,0.9936355352401733,0.28180986642837524,0.7806780338287354,-0.22200755774974823,0.9987918734550476,0.27165424823760986,0.7375197410583496,-0.21171343326568604,0.9963300824165344,0.278886616230011,0.744412899017334,-0.23360177874565125,0.9985000491142273,0.2778962254524231,0.709901750087738,-0.034184448421001434,0.99846351146698,0.32290932536125183,0.7755786180496216,-0.19682708382606506,0.999053955078125,0.29378542304039,0.6951581239700317,0.1246466264128685,0.30169376730918884,0.37737905979156494,0.7880473732948303,-0.15535004436969757,0.948403537273407,0.3048139214515686,0.6721252202987671,0.22041790187358856,0.2622357904911041,0.4306948781013489,0.776706337928772,-0.12371350824832916,0.8801405429840088,0.3058585822582245,0.6650226712226868,0.241744726896286,0.2557278871536255,0.4469013810157776,0.7826967835426331,-0.12564316391944885,0.8130839467048645,0.30647653341293335,0.6638921499252319,0.22383621335029602,0.2655402719974518,0.44784602522850037,0.7748644351959229,-0.13252875208854675,0.8163710832595825,0.30738791823387146,0.6667880415916443,0.21573618054389954,0.265671968460083,0.44199490547180176,0.7716887593269348,-0.12339873611927032,0.7830214500427246,0.386465847492218,0.6435792446136475,0.04381386190652847,0.9990403056144714,0.40273118019104004,0.6937098503112793,-0.04405386745929718,0.9989688992500305,0.4282895028591156,0.5386701226234436,-0.04030482470989227,0.9291481971740723,0.4563024938106537,0.6401457190513611,-0.10250119864940643,0.9425504207611084,0.46419984102249146,0.624268651008606,0.17331188917160034,0.8588436841964722,0.47372204065322876,0.6629961729049683,0.15967056155204773,0.8772558569908142,0.4664687216281891,0.64671790599823,0.19607391953468323,0.7653926610946655,0.4699399471282959,0.6757065057754517,0.18721334636211395,0.7570204138755798,0.49361085891723633,0.6197662353515625,0.1707635372877121,0.8673297762870789,0.4962404668331146,0.630053699016571,0.16044999659061432,0.8866469860076904
167,0.26940470933914185,0.7456585168838501,-0.3131267726421356,0.9985694289207458,0.2642784118652344,0.7563052773475647,-0.2997785806655884,0.997107744216919,0.2629517614841461,0.7557039856910706,-0.29975128173828125,0.9964083433151245,0.2615585923194885,0.7551138997077942,-0.29982203245162964,0.9960996508598328,0.2694058120250702,0.7625583410263062,-0.31347793340682983,0.9984904527664185,0.27204829454421997,0.766706109046936,-0.31356585025787354,0.9986051321029663,0.2748318314552307,0.7708640098571777,-0.31365787982940674,0.998974621295929,0.2638418674468994,0.7586489319801331,-0.19628256559371948,0.9941819310188293,0.2830868363380432,0.7806314826011658,-0.2555484175682068,0.9989076852798462,0.2723211944103241,0.7368068099021912,-0.2707670331001282,0.9966610074043274,0.2800229489803314,0.7442964911460876,-0.2878778576850891,0.9986358880996704,0.2776572108268738,0.7097518444061279,-0.0633707121014595,0.9985880255699158,0.32347384095191956,0.7758938074111938,-0.21131494641304016,0.9991214871406555,0.27872151136398315,0.6914623379707336,0.10373210906982422,0.30869820713996887,0.378298819065094,0.7870224714279175,-0.17399561405181885,0.9518507719039917,0.28876498341560364,0.6618614196777344,0.20036688446998596,0.28001970052719116,0.43256717920303345,0.7775677442550659,-0.1436602622270584,0.8859022259712219,0.28817278146743774,0.6521738767623901,0.22216856479644775,0.26843416690826416,0.44870081543922424,0.7823289632797241,-0.14099055528640747,0.8196535706520081,0.2911323308944702,0.649427056312561,0.20182816684246063,0.2806287407875061,0.4489986300468445,0.7735069394111633,-0.16633424162864685,0.8230265974998474,0.2932531535625458,0.6524789929389954,0.19479414820671082,0.28187698125839233,0.44336968660354614,0.7710637450218201,-0.15009348094463348,0.7906752824783325,0.38736122846603394,0.6436972618103027,0.042802996933460236,0.9991328716278076,0.4040703773498535,0.6953413486480713,-0.04310597851872444,0.9990630745887756,0.4367613196372986,0.5391644239425659,-0.021398965269327164,0.9343748688697815,0.4601883292198181,0.6526452898979187,-0.03936053067445755,0.9464207291603088,0.4742252230644226,0.6398782730102539,0.22998356819152832,0.8651252388954163,0.4820755422115326,0.6643070578575134,0.23564299941062927,0.8835875391960144,0.4774380326271057,0.6588152050971985,0.2548937201499939,0.7729353308677673,0.4803094267845154,0.6752032041549683,0.2639862895011902,0.7652106881141663,0.5044494867324829,0.6218390464782715,0.2187596559524536,0.874746561050415,0.5039893388748169,0.627984344959259,0.2268446385860443,0.8938416838645935
168,0.2703552842140198,0.7453389763832092,-0.29152289032936096,0.9986720681190491,0.265055775642395,0.7560768127441406,-0.278414785861969,0.9972973465919495,0.2636663317680359,0.7555158138275146,-0.2783498764038086,0.9966347813606262,0.26220807433128357,0.7549554705619812,-0.27841395139694214,0.9963456392288208,0.27029234170913696,0.7621765732765198,-0.30605560541152954,0.9986082911491394,0.2729310393333435,0.7662925720214844,-0.3060972988605499,0.9987157583236694,0.2756692171096802,0.7704241275787354,-0.306283563375473,0.9990531206130981,0.2643185555934906,0.7587422728538513,-0.17629215121269226,0.9945530891418457,0.2836213707923889,0.7804049253463745,-0.2404877245426178,0.9990008473396301,0.2726188004016876,0.7368115782737732,-0.24894709885120392,0.9969009757041931,0.280885249376297,0.7441900372505188,-0.2823112905025482,0.9987332224845886,0.27789902687072754,0.7097696661949158,-0.04750999063253403,0.9986770749092102,0.3252893388271332,0.7759953737258911,-0.20239584147930145,0.9991680979728699,0.2859959602355957,0.6929768323898315,0.13410653173923492,0.3043765723705292,0.37975552678108215,0.7862653732299805,-0.17717257142066956,0.9551990628242493,0.3021776080131531,0.6713970303535461,0.24819989502429962,0.2809322774410248,0.43263521790504456,0.7738937139511108,-0.1639648675918579,0.8917554020881653,0.3041483461856842,0.6647874712944031,0.2716895043849945,0.2656191885471344,0.44874224066734314,0.7755022048950195,-0.16593670845031738,0.8268297910690308,0.30627360939979553,0.6618402004241943,0.25392672419548035,0.2783952057361603,0.4492824077606201,0.7673674821853638,-0.1895136684179306,0.8299437761306763,0.3070667088031769,0.6633910536766052,0.24393177032470703,0.28030848503112793,0.4432547092437744,0.765533983707428,-0.17052598297595978,0.7974573373794556,0.3898578882217407,0.6434152126312256,0.042329587042331696,0.9992137551307678,0.4075106084346771,0.6954296827316284,-0.04262968897819519,0.9991432428359985,0.4423374533653259,0.5436571836471558,-0.03663736209273338,0.9392403364181519,0.4659823775291443,0.6478939652442932,-0.040104903280735016,0.9489710927009583,0.481137216091156,0.6399319767951965,0.19353848695755005,0.8704124689102173,0.48911795020103455,0.6634105443954468,0.22786708176136017,0.8871259689331055,0.48236823081970215,0.6585826873779297,0.21623976528644562,0.7789745330810547,0.48776906728744507,0.6718384027481079,0.2550256550312042,0.7673590183258057,0.5092090964317322,0.6211305260658264,0.17817355692386627,0.8811854124069214,0.5112098455429077,0.6280356049537659,0.21487049758434296,0.8988680839538574
169,0.2724011540412903,0.7447572350502014,-0.32948556542396545,0.9987779259681702,0.2660652995109558,0.7543599605560303,-0.31448525190353394,0.9975043535232544,0.26478034257888794,0.7534016370773315,-0.31446343660354614,0.9968799352645874,0.2634086012840271,0.7524228692054749,-0.3145303428173065,0.9965925812721252,0.2706669867038727,0.7614874243736267,-0.3267916738986969,0.9987223744392395,0.27313247323036194,0.7658029198646545,-0.3268727660179138,0.9988225102424622,0.2761940360069275,0.7700544595718384,-0.326965868473053,0.9991310834884644,0.2648088335990906,0.7561963200569153,-0.20523151755332947,0.994945228099823,0.2842705249786377,0.7801856398582458,-0.2539364695549011,0.9990881681442261,0.2758564352989197,0.7362762689590454,-0.28519943356513977,0.997144341468811,0.282585471868515,0.744215726852417,-0.300615131855011,0.9988309144973755,0.2781064212322235,0.7094213962554932,-0.07566235959529877,0.9987369179725647,0.3259330689907074,0.7775052189826965,-0.19957099854946136,0.9992087483406067,0.27999797463417053,0.6925903558731079,0.1076604351401329,0.30816158652305603,0.38149064779281616,0.7866572737693787,-0.14907680451869965,0.9579253792762756,0.29936814308166504,0.6737251877784729,0.20700880885124207,0.2804267704486847,0.4336218237876892,0.7711479067802429,-0.11166121065616608,0.8950954079627991,0.3024062514305115,0.6686474084854126,0.22933419048786163,0.2593752145767212,0.4485169053077698,0.7712851762771606,-0.1111442819237709,0.8292633295059204,0.30489984154701233,0.663892924785614,0.2100405991077423,0.27163198590278625,0.4490848481655121,0.7640402913093567,-0.1335582435131073,0.8322772979736328,0.30571404099464417,0.6651322245597839,0.20186059176921844,0.27452418208122253,0.44352835416793823,0.762676477432251,-0.11768043041229248,0.7996572852134705,0.39348098635673523,0.6431052088737488,0.030278176069259644,0.9992809295654297,0.410668283700943,0.6966286301612854,-0.030468467622995377,0.9992135167121887,0.4494354724884033,0.5502827763557434,-0.001383311813697219,0.9439449906349182,0.4811195731163025,0.6639703512191772,-0.0026916181668639183,0.9516127109527588,0.4840489327907562,0.6357345581054688,0.29284000396728516,0.8675398230552673,0.5128766298294067,0.6416445374488831,0.22429139912128448,0.8936103582382202,0.48549675941467285,0.6546571254730225,0.3230040967464447,0.777786135673523,0.5182105898857117,0.6334641575813293,0.24690547585487366,0.7737657427787781,0.513105034828186,0.6194563508033752,0.28844839334487915,0.8802345395088196,0.5347856283187866,0.6021925806999207,0.18268902599811554,0.9037331938743591
170,0.2731798589229584,0.7443114519119263,-0.31229764223098755,0.9988577365875244,0.26644155383110046,0.753410279750824,-0.29814159870147705,0.9976429343223572,0.2653811573982239,0.7525133490562439,-0.2981257736682892,0.9970310926437378,0.2642063796520233,0.7516072392463684,-0.2981768846511841,0.996717095375061,0.2710832953453064,0.7606637477874756,-0.3116214871406555,0.998810887336731,0.27372056245803833,0.7651947736740112,-0.31170570850372314,0.9989088177680969,0.27671754360198975,0.7697121500968933,-0.3118026852607727,0.999194324016571,0.2660443186759949,0.7561713457107544,-0.1932046115398407,0.9952149391174316,0.2845315933227539,0.7802539467811584,-0.25028643012046814,0.9991598129272461,0.278192937374115,0.7362655401229858,-0.26927798986434937,0.9973112344741821,0.2837700843811035,0.7443400025367737,-0.2861554026603699,0.9989104866981506,0.2798754870891571,0.709855854511261,-0.06961267441511154,0.9987344145774841,0.3259926438331604,0.7801204323768616,-0.2036314755678177,0.9992625713348389,0.2854008376598358,0.6953185200691223,0.11676546186208725,0.29881179332733154,0.3818722367286682,0.786865770816803,-0.1753096878528595,0.9612877368927002,0.30578476190567017,0.679017186164856,0.23089440166950226,0.2777228057384491,0.4338476061820984,0.769742488861084,-0.16031578183174133,0.9020323753356934,0.3089526891708374,0.6735333204269409,0.25397545099258423,0.25430265069007874,0.4482780396938324,0.769457995891571,-0.16597212851047516,0.8384103178977966,0.31124189496040344,0.6695065498352051,0.23472782969474792,0.2658585011959076,0.4486635625362396,0.7626119256019592,-0.18543566763401031,0.8412274122238159,0.3119785487651825,0.6712819933891296,0.22586241364479065,0.2699883282184601,0.44288524985313416,0.7609829306602478,-0.16574408113956451,0.8093588948249817,0.39555567502975464,0.6431773900985718,0.032688893377780914,0.9993102550506592,0.41182008385658264,0.6987257599830627,-0.03285295516252518,0.9992631077766418,0.45444241166114807,0.5625612735748291,0.019433164969086647,0.9455978870391846,0.4837191104888916,0.6647269129753113,-0.013544388115406036,0.9524906277656555,0.4859471917152405,0.6383807063102722,0.3026309907436371,0.8540666699409485,0.529516875743866,0.618254542350769,0.1689371019601822,0.901484489440918,0.4864887297153473,0.6598273515701294,0.3311333656311035,0.7694694399833679,0.5359218716621399,0.6133626103401184,0.1953316628932953,0.7828322052955627,0.5141228437423706,0.6231667995452881,0.2979504466056824,0.8751367330551147,0.5538073778152466,0.5790072679519653,0.10027626901865005,0.9099438786506653
171,0.27410945296287537,0.7431949973106384,-0.3132564425468445,0.9989332556724548,0.26708608865737915,0.7517847418785095,-0.2998449206352234,0.9977632761001587,0.2661994993686676,0.7509909868240356,-0.2998296618461609,0.9971552491188049,0.26515844464302063,0.7501543760299683,-0.2998710870742798,0.9968265891075134,0.27128028869628906,0.7586981058120728,-0.31164029240608215,0.9988866448402405,0.2740784287452698,0.76324063539505,-0.3117237985134125,0.9989817142486572,0.277055948972702,0.7679762840270996,-0.31182631850242615,0.9992517828941345,0.26684826612472534,0.7551546692848206,-0.19622310996055603,0.9954318404197693,0.28477516770362854,0.7800824642181396,-0.2473822385072708,0.9992220997810364,0.279405802488327,0.7358407974243164,-0.27066394686698914,0.9974849820137024,0.28478696942329407,0.7442494034767151,-0.2855513095855713,0.9989861845970154,0.2800964415073395,0.7096423506736755,-0.07574589550495148,0.9987597465515137,0.32599684596061707,0.7826783061027527,-0.20105299353599548,0.9992982745170593,0.27805042266845703,0.6964288949966431,0.08496618270874023,0.3027346730232239,0.3826961815357208,0.7883756756782532,-0.16396145522594452,0.96428382396698,0.3012717366218567,0.6870348453521729,0.18907670676708221,0.2723771333694458,0.43402737379074097,0.7691306471824646,-0.1531866043806076,0.907706618309021,0.30556055903434753,0.6845098733901978,0.20698121190071106,0.24369218945503235,0.44885414838790894,0.76808100938797,-0.1551319658756256,0.8451785445213318,0.30889227986335754,0.6801947951316833,0.18903741240501404,0.2543642520904541,0.44930052757263184,0.7611658573150635,-0.17288419604301453,0.8480632901191711,0.3094915747642517,0.6807861924171448,0.183927983045578,0.2593878507614136,0.44366806745529175,0.7597687840461731,-0.15688374638557434,0.8164056539535522,0.39643362164497375,0.6432300209999084,0.027947399765253067,0.9993380308151245,0.4125165045261383,0.7002153992652893,-0.028056874871253967,0.9992979764938354,0.4602084159851074,0.5734902620315552,0.013969598338007927,0.9468996524810791,0.4847767949104309,0.66131991147995,-0.0003691394522320479,0.9520393013954163,0.493725061416626,0.6344544887542725,0.30495065450668335,0.8457430005073547,0.5305559039115906,0.6158285737037659,0.18567539751529694,0.9073380827903748,0.4937995374202728,0.6555520296096802,0.3343449831008911,0.7602177858352661,0.535847544670105,0.6132388114929199,0.20411738753318787,0.7888310551643372,0.5217423439025879,0.6198546886444092,0.2928064465522766,0.8716996312141418,0.5575803518295288,0.5819877982139587,0.1036045104265213,0.9139904379844666
172,0.2741730809211731,0.7433589696884155,-0.286115825176239,0.9990062117576599,0.26718392968177795,0.7518573999404907,-0.27233973145484924,0.9978705644607544,0.2664702832698822,0.7511095404624939,-0.27232465147972107,0.9972702860832214,0.2655436098575592,0.7503105998039246,-0.272341787815094,0.9969203472137451,0.27164608240127563,0.758506715297699,-0.2846064865589142,0.9989590048789978,0.27431759238243103,0.7629628777503967,-0.2846803367137909,0.9990521669387817,0.2770504951477051,0.7676531672477722,-0.28479593992233276,0.9993067979812622,0.26756659150123596,0.7552875876426697,-0.17212742567062378,0.9956090450286865,0.2844894528388977,0.7801111936569214,-0.22571997344493866,0.9992802143096924,0.27964383363723755,0.7358869910240173,-0.2452024668455124,0.9976343512535095,0.2848992645740509,0.7444203495979309,-0.2608494758605957,0.9990577697753906,0.2824951112270355,0.7095297574996948,-0.06097981333732605,0.99873948097229,0.3257844150066376,0.7842980027198792,-0.18148282170295715,0.9993460178375244,0.2806660532951355,0.6952102184295654,0.0923692137002945,0.3052038252353668,0.3827671408653259,0.7891139388084412,-0.15723535418510437,0.9671909213066101,0.30070415139198303,0.6899926662445068,0.19066588580608368,0.2693405747413635,0.43358340859413147,0.7687315344810486,-0.1559050977230072,0.9142159223556519,0.30441218614578247,0.6888785362243652,0.2067820131778717,0.2359374612569809,0.44946831464767456,0.7673417925834656,-0.16459669172763824,0.8540337085723877,0.3071163296699524,0.68576979637146,0.19127823412418365,0.24597792327404022,0.44968611001968384,0.7606635093688965,-0.18186895549297333,0.8568337559700012,0.30773836374282837,0.6855885982513428,0.1860114485025406,0.252113938331604,0.4437527656555176,0.7592265009880066,-0.16061611473560333,0.8260992169380188,0.3983014225959778,0.6433238983154297,0.02808181382715702,0.9993544220924377,0.4139414429664612,0.7004712224006653,-0.028194328770041466,0.9993441700935364,0.46525245904922485,0.5818281769752502,0.03344135731458664,0.9474277496337891,0.4804568290710449,0.6604648232460022,-0.014288181439042091,0.95228511095047,0.49944719672203064,0.6362190246582031,0.31494593620300293,0.8413581252098083,0.5349616408348083,0.6137402653694153,0.17125098407268524,0.9138400554656982,0.5001855492591858,0.6559916734695435,0.3431481719017029,0.7553824782371521,0.5396623015403748,0.611062228679657,0.18850451707839966,0.7954972982406616,0.5285540819168091,0.6192919611930847,0.30003389716148376,0.8716129660606384,0.5647394061088562,0.5820671916007996,0.08198414742946625,0.9189872741699219
173,0.2744681239128113,0.7434987425804138,-0.28744077682495117,0.9990462064743042,0.26741161942481995,0.7522909641265869,-0.27399343252182007,0.9978911876678467,0.26671987771987915,0.7515381574630737,-0.2739792764186859,0.9972643256187439,0.2657802700996399,0.750737190246582,-0.2740057110786438,0.9968359470367432,0.271742045879364,0.7588912844657898,-0.28634628653526306,0.9989985823631287,0.27449899911880493,0.7632996439933777,-0.28642356395721436,0.999098539352417,0.27720075845718384,0.7679131627082825,-0.28653615713119507,0.9993438720703125,0.2678154706954956,0.755473256111145,-0.173826664686203,0.9955563545227051,0.2842060923576355,0.78014075756073,-0.22763514518737793,0.9993210434913635,0.27983054518699646,0.7363309264183044,-0.2464267760515213,0.9976871013641357,0.28509825468063354,0.7451618909835815,-0.2621782422065735,0.9991035461425781,0.28326326608657837,0.709157407283783,-0.05973841995000839,0.9986814856529236,0.32547855377197266,0.7852160334587097,-0.18194203078746796,0.9993954300880432,0.28507402539253235,0.6921133995056152,0.10279339551925659,0.29164940118789673,0.3829190135002136,0.7902802228927612,-0.17148752510547638,0.969759464263916,0.30308955907821655,0.6870771646499634,0.20261426270008087,0.2576752007007599,0.43363094329833984,0.76934814453125,-0.18375656008720398,0.9193075895309448,0.3079821765422821,0.6843671798706055,0.2204950600862503,0.22450068593025208,0.45023149251937866,0.7680953145027161,-0.19571247696876526,0.8605717420578003,0.3089357614517212,0.6813444495201111,0.20271095633506775,0.23394781351089478,0.4504624307155609,0.7609066367149353,-0.21333114802837372,0.8632570505142212,0.3089386224746704,0.6820801496505737,0.19750374555587769,0.2404274195432663,0.444326251745224,0.7591161131858826,-0.18919694423675537,0.8328677415847778,0.4002423882484436,0.6433696150779724,0.029745031148195267,0.9993139505386353,0.4154917299747467,0.7006853818893433,-0.029865941032767296,0.9993706345558167,0.46808403730392456,0.5887883305549622,0.07047219574451447,0.9421470761299133,0.4845300614833832,0.6573507785797119,-0.004642619285732508,0.9515292048454285,0.5024390816688538,0.625473141670227,0.35339370369911194,0.8228123784065247,0.5402581691741943,0.6144100427627563,0.16200456023216248,0.9186732769012451,0.5027107000350952,0.6374170184135437,0.3812284767627716,0.7370408773422241,0.5447248816490173,0.6135783791542053,0.1871115267276764,0.7955568432807922,0.5317977666854858,0.6120505928993225,0.3402518332004547,0.8627297878265381,0.5702767968177795,0.5831587910652161,0.0825721025466919,0.9219641089439392
174,0.2748686373233795,0.743898868560791,-0.2901882827281952,0.9990971684455872,0.2678186297416687,0.7525002360343933,-0.2780584394931793,0.9979580640792847,0.2670719027519226,0.7517783045768738,-0.2780226469039917,0.9973329901695251,0.2660727798938751,0.7509915828704834,-0.27801546454429626,0.9968518018722534,0.2720281779766083,0.7589348554611206,-0.2891277074813843,0.9990501403808594,0.2746019959449768,0.7633622288703918,-0.28920072317123413,0.9991514086723328,0.2772642970085144,0.7679780125617981,-0.2893170714378357,0.9993839263916016,0.26792070269584656,0.7555927038192749,-0.18035444617271423,0.9955577850341797,0.28424137830734253,0.7802828550338745,-0.22986236214637756,0.9993618130683899,0.2800648510456085,0.7369533777236938,-0.2502625584602356,0.9977318048477173,0.28545019030570984,0.7457972764968872,-0.26463907957077026,0.9991412162780762,0.2845972180366516,0.7091748714447021,-0.06622100621461868,0.9985931515693665,0.3255026638507843,0.7856758832931519,-0.18289817869663239,0.9994379878044128,0.28604352474212646,0.6935237646102905,0.09785765409469604,0.28000515699386597,0.383161336183548,0.7906745672225952,-0.16984477639198303,0.9718841910362244,0.3048308491706848,0.689541220664978,0.1940692514181137,0.2464318424463272,0.4342806935310364,0.7702885866165161,-0.16747048497200012,0.9229519367218018,0.3090321123600006,0.6875319480895996,0.2120668888092041,0.21288321912288666,0.4503929615020752,0.770924985408783,-0.17477849125862122,0.864733874797821,0.30997544527053833,0.6836766004562378,0.19463883340358734,0.22168031334877014,0.45122116804122925,0.7648168206214905,-0.19196520745754242,0.8674166798591614,0.3103724718093872,0.6843847036361694,0.1891171932220459,0.22862595319747925,0.44509315490722656,0.761712372303009,-0.1720696985721588,0.8372169137001038,0.40083613991737366,0.6434112191200256,0.029700517654418945,0.9992638230323792,0.4163662791252136,0.7006335258483887,-0.02983301505446434,0.9994038939476013,0.4682047963142395,0.5954012274742126,0.10796717554330826,0.9361282587051392,0.48575884103775024,0.6555736064910889,0.011423977091908455,0.951553463935852,0.5038540363311768,0.6208523511886597,0.3757273554801941,0.8127390742301941,0.5439039468765259,0.6170979142189026,0.15940752625465393,0.922914981842041,0.5091990232467651,0.6302489638328552,0.4019906520843506,0.726148247718811,0.5474556684494019,0.6170389652252197,0.18483158946037292,0.7955787777900696,0.5323535203933716,0.6053199768066406,0.3621435761451721,0.8585173487663269,0.5747803449630737,0.583558201789856,0.08532007038593292,0.9242944121360779
175,0.27309712767601013,0.7440487146377563,-0.2935355305671692,0.9991291165351868,0.26715508103370667,0.7527586817741394,-0.2817854583263397,0.9979588985443115,0.2664632797241211,0.752000093460083,-0.28174135088920593,0.9973281025886536,0.2655698359012604,0.7511387467384338,-0.28172871470451355,0.996790885925293,0.2706078886985779,0.7590808272361755,-0.2940671741962433,0.9990746974945068,0.27264314889907837,0.7634038329124451,-0.29414620995521545,0.999182403087616,0.27485573291778564,0.7679502964019775,-0.2942487597465515,0.9994066953659058,0.2678700089454651,0.7562265992164612,-0.18725965917110443,0.9954298138618469,0.28290992975234985,0.7803393602371216,-0.24320802092552185,0.9993725419044495,0.278982937335968,0.7370545268058777,-0.2550716698169708,0.9977017641067505,0.2845084071159363,0.7458171248435974,-0.2711499333381653,0.9991464614868164,0.2851009964942932,0.7091572284698486,-0.08111001551151276,0.99845290184021,0.32552289962768555,0.7863191962242126,-0.19035889208316803,0.9994632005691528,0.29541298747062683,0.6935295462608337,0.08076322823762894,0.2721492350101471,0.3832094967365265,0.791508674621582,-0.16666214168071747,0.9736860394477844,0.31400299072265625,0.6869416236877441,0.17510148882865906,0.2410440742969513,0.4350230097770691,0.7734049558639526,-0.15027830004692078,0.9260975122451782,0.3183663487434387,0.6841915845870972,0.19338306784629822,0.2069578468799591,0.45109987258911133,0.7749424576759338,-0.15662893652915955,0.8685815930366516,0.3194042444229126,0.6805531978607178,0.1730920672416687,0.21541057527065277,0.4523060917854309,0.7695183753967285,-0.17415818572044373,0.8711518049240112,0.3197597861289978,0.6818310618400574,0.16935023665428162,0.2233523428440094,0.44616180658340454,0.7657709717750549,-0.15526583790779114,0.8413028120994568,0.40111833810806274,0.6434453129768372,0.02568625472486019,0.999138593673706,0.41687798500061035,0.7007479667663574,-0.02582639828324318,0.9994104504585266,0.46746477484703064,0.5985449552536011,0.10415273904800415,0.9334669709205627,0.48614436388015747,0.6549806594848633,0.021669579669833183,0.9522926807403564,0.5015698671340942,0.6172106862068176,0.36199596524238586,0.8135412335395813,0.5457372665405273,0.6187397241592407,0.17903690040111542,0.9274822473526001,0.5050703287124634,0.6261882185935974,0.3868430256843567,0.7175059914588928,0.5491849184036255,0.619318962097168,0.19418081641197205,0.7981100678443909,0.5325426459312439,0.6036176085472107,0.3406206965446472,0.8611034154891968,0.5759088397026062,0.589253842830658,0.09927365928888321,0.9277363419532776
176,0.2733551263809204,0.7462876439094543,-0.2935665547847748,0.9991737604141235,0.2672402262687683,0.754155158996582,-0.2818031907081604,0.9980117678642273,0.2665242850780487,0.7530580163002014,-0.2817598581314087,0.9973931908607483,0.26557648181915283,0.7519489526748657,-0.28174933791160583,0.9968045353889465,0.27066871523857117,0.7615569233894348,-0.29372039437294006,0.9991147518157959,0.27273982763290405,0.7660843729972839,-0.29379743337631226,0.999225378036499,0.27500858902931213,0.7706146240234375,-0.2939041554927826,0.9994381070137024,0.2676885724067688,0.7562817931175232,-0.18619124591350555,0.9954277873039246,0.2830926775932312,0.7818381190299988,-0.23449952900409698,0.9994016289710999,0.27907678484916687,0.7385216355323792,-0.2549417316913605,0.9977105855941772,0.284833163022995,0.747636079788208,-0.269801527261734,0.9991695880889893,0.2855251133441925,0.7091050744056702,-0.07617770880460739,0.9983813762664795,0.3253229260444641,0.7865759134292603,-0.18396908044815063,0.99950110912323,0.2956889271736145,0.69353187084198,0.08914545178413391,0.26230788230895996,0.3829973340034485,0.7928344011306763,-0.15639638900756836,0.9754996299743652,0.3146299421787262,0.685938835144043,0.18782338500022888,0.23604150116443634,0.43457168340682983,0.7785648703575134,-0.14959178864955902,0.9305040240287781,0.31893235445022583,0.682690441608429,0.20636971294879913,0.20272447168827057,0.45088863372802734,0.7802864909172058,-0.15652480721473694,0.8748025894165039,0.320247620344162,0.6793401837348938,0.1867934912443161,0.21109288930892944,0.45200371742248535,0.7748817205429077,-0.17401443421840668,0.8773330450057983,0.32053321599960327,0.6807313561439514,0.1823943853378296,0.21931760013103485,0.4457884728908539,0.7715786695480347,-0.1549232006072998,0.8486093282699585,0.40117454528808594,0.6434664130210876,0.0266951322555542,0.999075174331665,0.4169859290122986,0.7007203698158264,-0.02684224583208561,0.9994391202926636,0.4671214520931244,0.5965245366096497,0.10344403982162476,0.9282084703445435,0.48726320266723633,0.6547947525978088,0.009725870564579964,0.952244222164154,0.49940651655197144,0.6149049997329712,0.3684224486351013,0.8042546510696411,0.5483264923095703,0.6194270253181458,0.16824132204055786,0.9315094351768494,0.5029020309448242,0.6231299042701721,0.3946188986301422,0.7052287459373474,0.5528220534324646,0.6192770004272461,0.17591306567192078,0.7959035038948059,0.5304831266403198,0.6012013554573059,0.3532222807407379,0.8580969572067261,0.57624351978302,0.5901232957839966,0.08282782137393951,0.9300454258918762
177,0.2744233012199402,0.7494050860404968,-0.31713759899139404,0.9991793036460876,0.2673931419849396,0.7564312219619751,-0.3053048253059387,0.9979480504989624,0.2665468752384186,0.7547122240066528,-0.305274099111557,0.9972884058952332,0.26558220386505127,0.7530784606933594,-0.3052772879600525,0.9965850710868835,0.27142536640167236,0.7654629945755005,-0.31388792395591736,0.9991061687469482,0.2735573947429657,0.7701897621154785,-0.31395867466926575,0.9992274641990662,0.27581512928009033,0.7747084498405457,-0.31406182050704956,0.9994397759437561,0.26726534962654114,0.7563393712043762,-0.20258009433746338,0.9950740337371826,0.283127099275589,0.7845590114593506,-0.23966343700885773,0.999387264251709,0.2794431746006012,0.7401410341262817,-0.27492550015449524,0.9975900650024414,0.28570324182510376,0.7498753070831299,-0.2857229709625244,0.9991422295570374,0.2846152186393738,0.7090005874633789,-0.08149714022874832,0.9983189105987549,0.3251613974571228,0.7866271138191223,-0.18416395783424377,0.999530017375946,0.3009575605392456,0.6926644444465637,0.0831790417432785,0.24921847879886627,0.3831048011779785,0.7928352952003479,-0.15425202250480652,0.976447582244873,0.32441848516464233,0.674778938293457,0.1657353788614273,0.22760611772537231,0.4354649484157562,0.7793719172477722,-0.15292474627494812,0.9318236112594604,0.33011478185653687,0.6697142124176025,0.1828787624835968,0.19725976884365082,0.45146122574806213,0.7812390923500061,-0.1608387976884842,0.8760545253753662,0.3315054774284363,0.6667174696922302,0.16197429597377777,0.20528092980384827,0.4527725279331207,0.7764390110969543,-0.1806514859199524,0.8785941004753113,0.33146369457244873,0.6696428060531616,0.15999288856983185,0.2133798897266388,0.4468304216861725,0.7740288376808167,-0.15928255021572113,0.8505364060401917,0.40065351128578186,0.6432328820228577,0.025637418031692505,0.9989407062530518,0.4166545867919922,0.7005733847618103,-0.025790508836507797,0.9994415640830994,0.46647271513938904,0.5932807326316833,0.10241568088531494,0.9255023002624512,0.48771366477012634,0.6547454595565796,0.015322539024055004,0.9524398446083069,0.4975769519805908,0.61308753490448,0.3709478974342346,0.7977989315986633,0.5488271117210388,0.6199299097061157,0.16519677639007568,0.9350495338439941,0.5006985068321228,0.6221288442611694,0.39731526374816895,0.691971480846405,0.5535739660263062,0.6203331351280212,0.17596352100372314,0.7939216494560242,0.5285950899124146,0.6012418270111084,0.35372260212898254,0.8557900786399841,0.5793594121932983,0.5916665196418762,0.08668689429759979,0.9322049617767334
178,0.2748674750328064,0.7517575025558472,-0.32662710547447205,0.9992208480834961,0.2674361765384674,0.7584202885627747,-0.31369954347610474,0.9980220794677734,0.26659005880355835,0.7564318180084229,-0.3136618733406067,0.9973739385604858,0.26552829146385193,0.7545269727706909,-0.3136647045612335,0.9966460466384888,0.2717851996421814,0.7679677605628967,-0.3227849006652832,0.9991475939750671,0.2740018963813782,0.7727152705192566,-0.32285580039024353,0.9992672801017761,0.27630963921546936,0.7772282958030701,-0.3229459524154663,0.999468207359314,0.26696938276290894,0.7563705444335938,-0.20716318488121033,0.9951521754264832,0.28322720527648926,0.7861151099205017,-0.24615173041820526,0.9994141459465027,0.27955180406570435,0.7417333722114563,-0.2831011414527893,0.9976181387901306,0.28608304262161255,0.7516652345657349,-0.2945363223552704,0.9991640448570251,0.2844972014427185,0.7091716527938843,-0.08129176497459412,0.9982931613922119,0.32498642802238464,0.7864986062049866,-0.18890288472175598,0.9995600581169128,0.30075615644454956,0.692145824432373,0.08265148103237152,0.23885603249073029,0.3828165829181671,0.7931932806968689,-0.15853044390678406,0.9776913523674011,0.32456016540527344,0.6750796437263489,0.1631787121295929,0.22341392934322357,0.4351986348628998,0.7796856164932251,-0.1584177017211914,0.9339191317558289,0.3297925889492035,0.6699522733688354,0.18011873960494995,0.1944832056760788,0.45125260949134827,0.7812430262565613,-0.16655080020427704,0.8783774375915527,0.33139556646347046,0.6669076681137085,0.1597577929496765,0.20192189514636993,0.4526807367801666,0.7760340571403503,-0.18608523905277252,0.8807753920555115,0.3314487636089325,0.6697719693183899,0.15737782418727875,0.21019966900348663,0.4464886784553528,0.7733692526817322,-0.16464033722877502,0.8533509373664856,0.40027913451194763,0.6433883309364319,0.026424890384078026,0.998896598815918,0.41644272208213806,0.7006359100341797,-0.02657475136220455,0.9994610548019409,0.4644031524658203,0.5905596613883972,0.10673347860574722,0.9256418347358704,0.4881412982940674,0.6557918787002563,0.017010781913995743,0.9543389081954956,0.496325820684433,0.6123038530349731,0.3733134865760803,0.7997094392776489,0.5511155724525452,0.6224164366722107,0.16336514055728912,0.9393083453178406,0.49936729669570923,0.6241708397865295,0.3993437588214874,0.6881728172302246,0.5570572018623352,0.6221484541893005,0.17584608495235443,0.7985907196998596,0.5272945761680603,0.6014158725738525,0.35864925384521484,0.8580145835876465,0.5826706886291504,0.5990729331970215,0.08768919855356216,0.9356951713562012
179,0.2754381000995636,0.7531555891036987,-0.3263404369354248,0.9992541074752808,0.267610639333725,0.7601863145828247,-0.3135133385658264,0.9980910420417786,0.2666085660457611,0.758092999458313,-0.3134763240814209,0.9974422454833984,0.26550182700157166,0.7560838460922241,-0.31348085403442383,0.9966917634010315,0.27272456884384155,0.7699189782142639,-0.3232209086418152,0.999189555644989,0.27510783076286316,0.7745610475540161,-0.3232913315296173,0.9993069171905518,0.2774946093559265,0.7788696885108948,-0.3233869969844818,0.9994972348213196,0.2666645646095276,0.7565877437591553,-0.20760981738567352,0.9951814413070679,0.2835392653942108,0.786686360836029,-0.24957939982414246,0.9994423389434814,0.2796434760093689,0.7424719333648682,-0.2830989956855774,0.9976166486740112,0.28654882311820984,0.7523650527000427,-0.2953888475894928,0.9991865754127502,0.28351181745529175,0.7098725438117981,-0.07980845868587494,0.9982059001922607,0.3246915936470032,0.786128580570221,-0.1976431906223297,0.9995889663696289,0.30241450667381287,0.6920122504234314,0.08306638896465302,0.2262781858444214,0.3827778697013855,0.7932219505310059,-0.1792430430650711,0.9788365364074707,0.32631945610046387,0.6752676367759705,0.1659407913684845,0.21894006431102753,0.435161292552948,0.7792073488235474,-0.18525680899620056,0.9363835453987122,0.33121737837791443,0.6700074672698975,0.18292346596717834,0.1923573762178421,0.4511245787143707,0.7810032963752747,-0.19464752078056335,0.8817539215087891,0.3329983353614807,0.6670350432395935,0.16338425874710083,0.19922135770320892,0.4525870382785797,0.775666356086731,-0.21382388472557068,0.8838956356048584,0.333163321018219,0.6698737740516663,0.16033759713172913,0.207461416721344,0.44631505012512207,0.7727305889129639,-0.19129854440689087,0.8571141958236694,0.40007513761520386,0.6434034705162048,0.028128093108534813,0.998842716217041,0.416369765996933,0.7006198167800903,-0.028306424617767334,0.9994787573814392,0.462901771068573,0.5894535183906555,0.11114414781332016,0.9243075847625732,0.48849281668663025,0.656578004360199,0.010688349604606628,0.9559486508369446,0.49567168951034546,0.6117339134216309,0.3718032240867615,0.7996717691421509,0.5524054169654846,0.6246011257171631,0.14380072057247162,0.943153440952301,0.49863165616989136,0.6253630518913269,0.3970547020435333,0.6839770078659058,0.5596923232078552,0.6280986070632935,0.15473830699920654,0.8028354048728943,0.5270243883132935,0.6009786128997803,0.35930734872817993,0.8586936593055725,0.583098292350769,0.6053671836853027,0.06892973184585571,0.9389009475708008
180,0.27544283866882324,0.7533099055290222,-0.323676735162735,0.9992841482162476,0.2676834762096405,0.76069176197052,-0.311532586812973,0.9981475472450256,0.2666030824184418,0.758632481098175,-0.3114837408065796,0.997514009475708,0.2654007375240326,0.7566443681716919,-0.3114836513996124,0.9967465996742249,0.27277833223342896,0.7703219652175903,-0.3215545415878296,0.9992243051528931,0.2751447260379791,0.774949312210083,-0.3216305077075958,0.9993410110473633,0.2775246798992157,0.7792436480522156,-0.3217238485813141,0.9995209574699402,0.2665417194366455,0.7568662166595459,-0.21000531315803528,0.9952499866485596,0.2836160957813263,0.7870726585388184,-0.2533465325832367,0.999463677406311,0.2796321511268616,0.7428114414215088,-0.28212130069732666,0.9976192116737366,0.2865515947341919,0.75263512134552,-0.29474133253097534,0.9991957545280457,0.28334495425224304,0.710091233253479,-0.08654244244098663,0.9981108903884888,0.32476264238357544,0.7855859398841858,-0.19970263540744781,0.999609112739563,0.3012937605381012,0.6931872367858887,0.08024536073207855,0.21951453387737274,0.38268226385116577,0.7932377457618713,-0.17754869163036346,0.9797152876853943,0.3255959451198578,0.6777030229568481,0.16950200498104095,0.21520258486270905,0.43495574593544006,0.7789870500564575,-0.1555168479681015,0.9379303455352783,0.3306348919868469,0.6728214621543884,0.18979905545711517,0.18949398398399353,0.4508190155029297,0.7805474996566772,-0.1581195741891861,0.8835269808769226,0.33264225721359253,0.6695574522018433,0.17156553268432617,0.19596970081329346,0.4521423280239105,0.7752940058708191,-0.17674323916435242,0.8854366540908813,0.33263975381851196,0.6720700860023499,0.1649852693080902,0.2045777291059494,0.44592970609664917,0.772276759147644,-0.1605079174041748,0.859018862247467,0.399901807308197,0.6434147953987122,0.028247972950339317,0.9987778663635254,0.4161774218082428,0.7006099224090576,-0.028432458639144897,0.9994942545890808,0.46215492486953735,0.5886967182159424,0.10245231539011002,0.9235431551933289,0.4874955713748932,0.6576021909713745,0.0071680741384625435,0.9576576352119446,0.49525728821754456,0.6108561158180237,0.3573507070541382,0.8039307594299316,0.5527451038360596,0.6261975765228271,0.13607367873191833,0.9469924569129944,0.4983817934989929,0.626001238822937,0.38219714164733887,0.6840869188308716,0.5602679252624512,0.6305023431777954,0.14697939157485962,0.8083332777023315,0.5272615551948547,0.6002247929573059,0.34441250562667847,0.8618438839912415,0.5820724964141846,0.6087698340415955,0.06349850445985794,0.9422334432601929
181,0.27426859736442566,0.7526342868804932,-0.3331826627254486,0.9993023872375488,0.2674477994441986,0.7606261968612671,-0.3214767575263977,0.9981611371040344,0.26634353399276733,0.7586180567741394,-0.3214171528816223,0.9975321888923645,0.2651369571685791,0.7567884922027588,-0.3214159905910492,0.9967384338378906,0.27238819003105164,0.7698041200637817,-0.33279454708099365,0.999250054359436,0.27473923563957214,0.7742421627044678,-0.33287668228149414,0.9993678331375122,0.2771192193031311,0.7783887386322021,-0.33297961950302124,0.9995399713516235,0.2665208876132965,0.7577885985374451,-0.22200195491313934,0.9952205419540405,0.2835914194583893,0.7868088483810425,-0.27179619669914246,0.9994802474975586,0.2783987522125244,0.7426209449768066,-0.2925114035606384,0.9976016283035278,0.2853791117668152,0.7518527507781982,-0.3069217801094055,0.9991984963417053,0.2827257513999939,0.7100884914398193,-0.1027616634964943,0.9979644417762756,0.3249272108078003,0.7854287028312683,-0.21610137820243835,0.9996258020401001,0.3000956177711487,0.6941103935241699,0.06867338716983795,0.2145015150308609,0.3829618990421295,0.7930369973182678,-0.17681469023227692,0.9805254936218262,0.32453808188438416,0.6797895431518555,0.1698712855577469,0.20863093435764313,0.43535304069519043,0.7786242365837097,-0.14892753958702087,0.9389674067497253,0.32895007729530334,0.675959587097168,0.19033029675483704,0.18321305513381958,0.45088762044906616,0.7802004218101501,-0.150777205824852,0.8843584060668945,0.33125340938568115,0.6714900732040405,0.17234286665916443,0.18928004801273346,0.4521619379520416,0.77513587474823,-0.16885176301002502,0.8859681487083435,0.33110126852989197,0.6735252141952515,0.16527685523033142,0.1980963796377182,0.44607147574424744,0.772067666053772,-0.1535940170288086,0.8590145111083984,0.39970579743385315,0.6433666348457336,0.027442801743745804,0.9987339377403259,0.41603946685791016,0.7005985379219055,-0.027652373537421227,0.9995145797729492,0.46167153120040894,0.5861387252807617,0.12191512435674667,0.9247136116027832,0.48788508772850037,0.6595328450202942,0.020283158868551254,0.9599987268447876,0.4950721859931946,0.6107786893844604,0.39312878251075745,0.8107858896255493,0.5532225370407104,0.6305609941482544,0.15501052141189575,0.9507978558540344,0.4980476498603821,0.6264791488647461,0.41948920488357544,0.686683714389801,0.5600799322128296,0.6369298696517944,0.16576075553894043,0.8159470558166504,0.5272225141525269,0.6003190875053406,0.3798268437385559,0.8665915131568909,0.5815247297286987,0.6137050986289978,0.07143282145261765,0.9458754658699036
182,0.27293676137924194,0.7519890666007996,-0.33019787073135376,0.9993090033531189,0.2667264938354492,0.7605542540550232,-0.3182046413421631,0.998153567314148,0.26565688848495483,0.7586553692817688,-0.31814950704574585,0.9975305199623108,0.2644997239112854,0.7570266127586365,-0.31815364956855774,0.996715247631073,0.271421879529953,0.7693920731544495,-0.33084478974342346,0.9992617964744568,0.27380064129829407,0.7738044857978821,-0.33092764019966125,0.9993836283683777,0.276258647441864,0.7779780626296997,-0.33103153109550476,0.9995478391647339,0.26646310091018677,0.7586830258369446,-0.21965627372264862,0.9951893091201782,0.28330257534980774,0.786634087562561,-0.27617302536964417,0.9994781613349915,0.2774645984172821,0.7425784468650818,-0.28992825746536255,0.9975575804710388,0.2844080924987793,0.7512041926383972,-0.30616116523742676,0.9991791248321533,0.28222963213920593,0.7101902365684509,-0.10466398298740387,0.9978888630867004,0.3251838684082031,0.7847810387611389,-0.21947112679481506,0.9996345043182373,0.30038169026374817,0.6946731805801392,0.0658235177397728,0.21068385243415833,0.382560133934021,0.792736828327179,-0.17409399151802063,0.9804191589355469,0.3245646059513092,0.6801533699035645,0.16475644707679749,0.20492646098136902,0.43486031889915466,0.778516411781311,-0.1345910280942917,0.9376355409622192,0.3290773034095764,0.6762977838516235,0.1855761557817459,0.18006163835525513,0.45064815878868103,0.7798763513565063,-0.13476261496543884,0.8824141025543213,0.3312029540538788,0.6720585227012634,0.16761235892772675,0.18580135703086853,0.4520009160041809,0.7752201557159424,-0.15348263084888458,0.8835801482200623,0.33103278279304504,0.6740692853927612,0.160269096493721,0.19449415802955627,0.44572901725769043,0.7721666693687439,-0.1393136978149414,0.8554956912994385,0.3990058898925781,0.6433195471763611,0.02672954834997654,0.9986956715583801,0.4159419536590576,0.7005617022514343,-0.026956548914313316,0.9995338916778564,0.4609721601009369,0.5828319787979126,0.11387479305267334,0.9269034266471863,0.4875386655330658,0.6596362590789795,0.015194647014141083,0.9622843861579895,0.4926603436470032,0.6106244325637817,0.3869735300540924,0.8173835873603821,0.5546349287033081,0.6330341696739197,0.15223906934261322,0.9545450210571289,0.49542322754859924,0.6268070936203003,0.41345277428627014,0.6885144710540771,0.5618309378623962,0.6425753831863403,0.16265486180782318,0.8227192163467407,0.5257933735847473,0.600456178188324,0.3750618100166321,0.8713549375534058,0.582840085029602,0.6179583668708801,0.07327864319086075,0.949565589427948
183,0.2725972831249237,0.751963198184967,-0.32891711592674255,0.9993448257446289,0.266568124294281,0.7605062127113342,-0.3164825737476349,0.9982264041900635,0.2654680609703064,0.7587298154830933,-0.31642597913742065,0.9976261258125305,0.26429423689842224,0.7572087645530701,-0.316425621509552,0.9968221187591553,0.2712819278240204,0.7692855000495911,-0.3295155167579651,0.9993016123771667,0.2736468017101288,0.7737510800361633,-0.3296011686325073,0.9994199275970459,0.2760639488697052,0.7778595685958862,-0.32970741391181946,0.9995737075805664,0.2664557695388794,0.7590092420578003,-0.2169812023639679,0.9953542947769165,0.28308242559432983,0.7863532900810242,-0.27493807673454285,0.9995058178901672,0.27721962332725525,0.7425327897071838,-0.28849029541015625,0.9976367950439453,0.2841213345527649,0.7511605024337769,-0.3052600622177124,0.999212384223938,0.28209078311920166,0.7103057503700256,-0.10143458843231201,0.9978551864624023,0.32528507709503174,0.7846357822418213,-0.22171810269355774,0.9996498823165894,0.2968848645687103,0.6965972185134888,0.06758385896682739,0.21124988794326782,0.38257622718811035,0.7926651239395142,-0.18172945082187653,0.9812488555908203,0.31962841749191284,0.6825682520866394,0.16740064322948456,0.20501498878002167,0.4348433017730713,0.778820276260376,-0.13903498649597168,0.9397648572921753,0.32352015376091003,0.6787195205688477,0.18953837454319,0.1783389449119568,0.4506594240665436,0.780397355556488,-0.13802002370357513,0.8855109214782715,0.32636454701423645,0.6744515299797058,0.17176997661590576,0.18374711275100708,0.45208725333213806,0.7756294012069702,-0.15526463091373444,0.8864549398422241,0.3263930082321167,0.6760493516921997,0.16298696398735046,0.1930028200149536,0.4456966817378998,0.7724800109863281,-0.14342981576919556,0.8583477139472961,0.39898186922073364,0.6427311301231384,0.026928361505270004,0.9987031817436218,0.41589927673339844,0.700179398059845,-0.02714681252837181,0.9995566606521606,0.4604949355125427,0.5797153115272522,0.11299797147512436,0.9290621876716614,0.48895925283432007,0.6595128178596497,0.01439216174185276,0.9643809795379639,0.4925321936607361,0.6107075214385986,0.385626882314682,0.823130190372467,0.5578757524490356,0.6344338655471802,0.15205127000808716,0.9578853249549866,0.4950523376464844,0.627069890499115,0.41195207834243774,0.6911981105804443,0.5635599493980408,0.6434119939804077,0.16280707716941833,0.8302451968193054,0.5255355834960938,0.6005482077598572,0.37424349784851074,0.8753302097320557,0.5845760107040405,0.6181222200393677,0.07547904551029205,0.9528643488883972
184,0.271483451128006,0.7508824467658997,-0.3186724781990051,0.9993495941162109,0.2659643292427063,0.7602162957191467,-0.30800625681877136,0.9982190728187561,0.2648775577545166,0.7586604356765747,-0.3079414665699005,0.9976192712783813,0.26370424032211304,0.7572071552276611,-0.3079327344894409,0.9967833757400513,0.2706243395805359,0.768047571182251,-0.32196322083473206,0.9993136525154114,0.2731023132801056,0.7724619507789612,-0.3220484256744385,0.9994351863861084,0.2757026255130768,0.7767446041107178,-0.3221554458141327,0.9995837211608887,0.2663033902645111,0.7592960000038147,-0.21641035377979279,0.995348334312439,0.28310564160346985,0.7860147953033447,-0.2680439352989197,0.999515950679779,0.27618446946144104,0.7419110536575317,-0.2803555428981781,0.9976014494895935,0.2834964692592621,0.7498408555984497,-0.29852133989334106,0.9992092847824097,0.2813500761985779,0.7103332281112671,-0.0966024175286293,0.9977845549583435,0.32530897855758667,0.7845137715339661,-0.2175757884979248,0.9996659755706787,0.2972481846809387,0.6966418623924255,0.06817996501922607,0.20392607152462006,0.382219135761261,0.7932201027870178,-0.17867599427700043,0.9819039106369019,0.3206804394721985,0.6833420395851135,0.17548172175884247,0.19921383261680603,0.43459367752075195,0.7794363498687744,-0.1385323703289032,0.9409047961235046,0.3246438503265381,0.6796273589134216,0.19764138758182526,0.17319461703300476,0.45057564973831177,0.7810325026512146,-0.13964536786079407,0.8867294192314148,0.3274187445640564,0.6754189729690552,0.1808147430419922,0.17806850373744965,0.45196443796157837,0.7759847044944763,-0.15690764784812927,0.8873944282531738,0.327459454536438,0.6770778894424438,0.17145338654518127,0.1871640831232071,0.44568124413490295,0.7729551792144775,-0.14283815026283264,0.859031081199646,0.3989057242870331,0.6424323320388794,0.027613217011094093,0.9986618161201477,0.41584211587905884,0.7001173496246338,-0.02783309482038021,0.9995703101158142,0.45922723412513733,0.5780306458473206,0.12529078125953674,0.9307934045791626,0.48884281516075134,0.6593679189682007,0.02096102014183998,0.9662659764289856,0.4907453954219818,0.610560417175293,0.3906981647014618,0.829175591468811,0.5577853918075562,0.635718047618866,0.1575123369693756,0.9608957171440125,0.4928584098815918,0.6272413730621338,0.4165268540382385,0.694689154624939,0.5624958276748657,0.6463324427604675,0.16886155307292938,0.8371862769126892,0.5240487456321716,0.600570797920227,0.3821813464164734,0.8792813420295715,0.5845543146133423,0.61858069896698,0.08439361304044724,0.9557777047157288
185,0.27023670077323914,0.750314474105835,-0.31048572063446045,0.999343752861023,0.26510900259017944,0.7601795792579651,-0.2999236583709717,0.9981696009635925,0.26409071683883667,0.7587722539901733,-0.29986119270324707,0.9975718855857849,0.262983500957489,0.7575525045394897,-0.29985734820365906,0.9967049956321716,0.26948651671409607,0.7676986455917358,-0.31418853998184204,0.9993110299110413,0.27187734842300415,0.7719615697860718,-0.3142760694026947,0.9994406700134277,0.2744484841823578,0.7761455178260803,-0.3143881559371948,0.9995858073234558,0.26608365774154663,0.7601383924484253,-0.21416261792182922,0.9952726364135742,0.28240883350372314,0.7856464982032776,-0.2660374045372009,0.9995108246803284,0.27496451139450073,0.7417317032814026,-0.27376365661621094,0.9975441098213196,0.2821889817714691,0.7493322491645813,-0.2924639582633972,0.9991918802261353,0.280720055103302,0.7103434801101685,-0.09745542705059052,0.9976881146430969,0.3256111741065979,0.7841198444366455,-0.21656599640846252,0.9996790885925293,0.2984210252761841,0.6966016888618469,0.07017187774181366,0.20143823325634003,0.3822212517261505,0.7932490706443787,-0.17714044451713562,0.9825330376625061,0.3219529092311859,0.6833943724632263,0.17515212297439575,0.19629158079624176,0.43453899025917053,0.7801802158355713,-0.13953229784965515,0.942497193813324,0.32601287961006165,0.6797235012054443,0.19663678109645844,0.17040905356407166,0.45051321387290955,0.7818482518196106,-0.14107933640480042,0.8890441656112671,0.3284890055656433,0.6756583452224731,0.17945829033851624,0.17500828206539154,0.45188021659851074,0.7766404151916504,-0.15865430235862732,0.8894253373146057,0.328399121761322,0.6772685050964355,0.17094197869300842,0.18414326012134552,0.44559246301651,0.7736005783081055,-0.1439722329378128,0.8609015345573425,0.39827460050582886,0.6424015760421753,0.02741440199315548,0.9986310601234436,0.4155208468437195,0.7001263499259949,-0.027646789327263832,0.99958735704422,0.4576304852962494,0.5768397450447083,0.11755671352148056,0.932614266872406,0.488377183675766,0.6592284440994263,0.01733573153614998,0.968097448348999,0.48995018005371094,0.61015784740448,0.3849219083786011,0.8351469039916992,0.5573780536651611,0.6365137100219727,0.153428852558136,0.9637315273284912,0.49167054891586304,0.6271653175354004,0.4107535481452942,0.6954444646835327,0.5637890100479126,0.6447677612304688,0.16412602365016937,0.8430758118629456,0.521889328956604,0.6011205911636353,0.3738601803779602,0.8831432461738586,0.5848619937896729,0.6195499300956726,0.07845629751682281,0.958628237247467
186,0.26905158162117004,0.7492736577987671,-0.30338653922080994,0.999356210231781,0.26446449756622314,0.759813666343689,-0.2920788824558258,0.9981813430786133,0.26361823081970215,0.7586894631385803,-0.29201817512512207,0.9975889325141907,0.262646347284317,0.7575508952140808,-0.29202112555503845,0.9967336058616638,0.2680290639400482,0.7660840153694153,-0.30793482065200806,0.9993284940719604,0.2699950337409973,0.7699312567710876,-0.3080277442932129,0.9994586706161499,0.2721754014492035,0.7738407850265503,-0.30813801288604736,0.999599039554596,0.26606661081314087,0.7607932090759277,-0.20405590534210205,0.9953317046165466,0.2806077003479004,0.7845113277435303,-0.2673017978668213,0.9995189905166626,0.27422451972961426,0.74152672290802,-0.2665560245513916,0.9975457787513733,0.2806612253189087,0.7484875321388245,-0.2873661518096924,0.9991984367370605,0.28074541687965393,0.7104347944259644,-0.09622730314731598,0.9975602030754089,0.325624942779541,0.7840967774391174,-0.2205841839313507,0.9996873140335083,0.2988924980163574,0.6965821385383606,0.07143369317054749,0.19963029026985168,0.38223209977149963,0.7932464480400085,-0.17962923645973206,0.9830166101455688,0.3217943012714386,0.6828157305717468,0.1765979379415512,0.19368918240070343,0.4344905912876129,0.7802001237869263,-0.13808277249336243,0.9433927536010742,0.3255975842475891,0.6790879368782043,0.1982654333114624,0.1674509346485138,0.45047444105148315,0.7818933129310608,-0.13920339941978455,0.8901877403259277,0.32793107628822327,0.6753597855567932,0.1807464361190796,0.17184890806674957,0.45180875062942505,0.776635468006134,-0.15640731155872345,0.8903288245201111,0.3278954327106476,0.6768553853034973,0.17215771973133087,0.18123403191566467,0.4455220103263855,0.7736170291900635,-0.14227353036403656,0.861389696598053,0.3980800211429596,0.6423308253288269,0.027442583814263344,0.9985674619674683,0.4154985547065735,0.7001192569732666,-0.02767336741089821,0.9995967149734497,0.45632797479629517,0.5762224197387695,0.11281563341617584,0.9348124265670776,0.4884505271911621,0.659076988697052,0.015278351493179798,0.9696050882339478,0.4888375401496887,0.6101233959197998,0.37928617000579834,0.840435266494751,0.5575686693191528,0.6363385319709778,0.15341892838478088,0.9663177728652954,0.49015626311302185,0.6272629499435425,0.4050157964229584,0.6963456869125366,0.5642382502555847,0.644336462020874,0.16424334049224854,0.8487063050270081,0.5201979279518127,0.601599395275116,0.36751753091812134,0.8867645859718323,0.5857582092285156,0.618626594543457,0.07879535108804703,0.961231529712677
187,0.2673456370830536,0.7491651773452759,-0.2890264689922333,0.9993560314178467,0.26323166489601135,0.759836733341217,-0.27842259407043457,0.9981405735015869,0.26251503825187683,0.7588886618614197,-0.27836018800735474,0.9975477457046509,0.26167842745780945,0.7579681277275085,-0.2783549726009369,0.996685266494751,0.26643192768096924,0.7659507989883423,-0.29463374614715576,0.9993299841880798,0.2682388424873352,0.7696603536605835,-0.29472389817237854,0.9994651675224304,0.2702527642250061,0.7734487652778625,-0.29483872652053833,0.999603271484375,0.2658969759941101,0.7617998719215393,-0.1938822716474533,0.9952647686004639,0.2791784107685089,0.7841891646385193,-0.266379714012146,0.9995125532150269,0.27280503511428833,0.741513729095459,-0.25410449504852295,0.9974918365478516,0.27880337834358215,0.7483654618263245,-0.2752065658569336,0.9991880059242249,0.2806940972805023,0.7106865644454956,-0.0952836200594902,0.9974022507667542,0.32560545206069946,0.7840160727500916,-0.22034034132957458,0.9996957182884216,0.29894688725471497,0.6980578303337097,0.0723954290151596,0.19822950661182404,0.38196447491645813,0.7933506369590759,-0.18407520651817322,0.9834445118904114,0.32114464044570923,0.6831135153770447,0.18131551146507263,0.19186285138130188,0.4340801239013672,0.7801550030708313,-0.13825979828834534,0.9449641704559326,0.3245716094970703,0.6792358160018921,0.20364435017108917,0.16523176431655884,0.45036381483078003,0.7818354964256287,-0.14139226078987122,0.8925791382789612,0.3269195556640625,0.6756192445755005,0.18662826716899872,0.16950997710227966,0.45179423689842224,0.7767307758331299,-0.15926340222358704,0.8925096988677979,0.32698047161102295,0.6770428419113159,0.1770746409893036,0.17923705279827118,0.4453974664211273,0.7737579941749573,-0.14325934648513794,0.863396942615509,0.3975774645805359,0.6423328518867493,0.027591247111558914,0.9985252618789673,0.41536960005760193,0.7000662684440613,-0.02784305438399315,0.9996106028556824,0.45519644021987915,0.5756373405456543,0.11775275319814682,0.9364339113235474,0.4882271885871887,0.6585408449172974,0.014554435387253761,0.9709753394126892,0.4877534806728363,0.6099147796630859,0.37995433807373047,0.8460259437561035,0.5569443702697754,0.6360697150230408,0.15049587190151215,0.9687193036079407,0.48897162079811096,0.6271896958351135,0.4051643908023834,0.6976731419563293,0.5633708238601685,0.6428390741348267,0.1611311286687851,0.8542300462722778,0.5189824104309082,0.6019302010536194,0.36800599098205566,0.8904604315757751,0.5852897763252258,0.6183860301971436,0.07599462568759918,0.963715136051178
188,0.26662081480026245,0.7486671209335327,-0.27964648604393005,0.999332070350647,0.26263099908828735,0.7597837448120117,-0.26894399523735046,0.9980490803718567,0.2619868814945221,0.7588910460472107,-0.2688850462436676,0.9974491596221924,0.26123130321502686,0.7580969333648682,-0.26888734102249146,0.9965828061103821,0.2655809223651886,0.7652786374092102,-0.28561607003211975,0.9993102550506592,0.26729846000671387,0.7688350081443787,-0.28570374846458435,0.9994558691978455,0.26925957202911377,0.7725647687911987,-0.285810261964798,0.9995952248573303,0.2658662796020508,0.762959361076355,-0.18649092316627502,0.9951385259628296,0.2785932421684265,0.783915102481842,-0.26337528228759766,0.999483048915863,0.27224647998809814,0.7414998412132263,-0.24589546024799347,0.9973860383033752,0.2779611647129059,0.7479860186576843,-0.2674586772918701,0.9991497993469238,0.2808082401752472,0.7108765244483948,-0.0948081910610199,0.9972269535064697,0.32586970925331116,0.7839969992637634,-0.21881946921348572,0.9996926784515381,0.300211638212204,0.6979916095733643,0.07288231700658798,0.1976291388273239,0.38216692209243774,0.7932259440422058,-0.1818941831588745,0.983534574508667,0.32183435559272766,0.6828520894050598,0.18134739995002747,0.1893616020679474,0.4340663552284241,0.7801304459571838,-0.1341603547334671,0.9451388716697693,0.325396865606308,0.6790538430213928,0.20349104702472687,0.1626845747232437,0.45034441351890564,0.7818784713745117,-0.13464801013469696,0.8929257988929749,0.32763221859931946,0.6755576133728027,0.18702161312103271,0.1668761521577835,0.45175743103027344,0.7770926356315613,-0.15124686062335968,0.8926937580108643,0.3276459574699402,0.6770297288894653,0.17734019458293915,0.1768675297498703,0.4453781247138977,0.7740088701248169,-0.13818812370300293,0.863041341304779,0.3973322808742523,0.6422755122184753,0.027618777006864548,0.99847012758255,0.4153357446193695,0.699963390827179,-0.027871176600456238,0.9996192455291748,0.45451754331588745,0.5751736760139465,0.11488670110702515,0.9383824467658997,0.48782044649124146,0.6576811075210571,0.012008734047412872,0.9721283912658691,0.4871908724308014,0.6097767353057861,0.3736100494861603,0.8521591424942017,0.5563784837722778,0.6358763575553894,0.14457173645496368,0.9708698987960815,0.4881468415260315,0.6270695328712463,0.39795607328414917,0.699485182762146,0.562970757484436,0.6415665745735168,0.15523910522460938,0.8585196137428284,0.518364429473877,0.6020744442939758,0.3621435761451721,0.8944631218910217,0.5848259329795837,0.6181895732879639,0.07201085239648819,0.9659373760223389
189,0.2669762372970581,0.7474090456962585,-0.29931914806365967,0.9993351101875305,0.2627328336238861,0.7589675784111023,-0.28897589445114136,0.9980280995368958,0.26203903555870056,0.7583790421485901,-0.28890591859817505,0.9974203109741211,0.2612486183643341,0.7577812075614929,-0.2889067232608795,0.9965460300445557,0.2658328413963318,0.7638866901397705,-0.3062574565410614,0.9993162155151367,0.26762205362319946,0.767431378364563,-0.30635780096054077,0.9994641542434692,0.2696551978588104,0.7712234258651733,-0.3064732849597931,0.9996011853218079,0.2658405303955078,0.7629465460777283,-0.2022211104631424,0.9950852990150452,0.2786867618560791,0.7830969095230103,-0.2753693163394928,0.9994832277297974,0.2725275158882141,0.7406563758850098,-0.2636485993862152,0.997342050075531,0.2783835232257843,0.746967077255249,-0.28570327162742615,0.9991429448127747,0.2804904580116272,0.7109231948852539,-0.10133490711450577,0.9971485137939453,0.325774222612381,0.7839831113815308,-0.22565269470214844,0.9996993541717529,0.2993178069591522,0.6979163885116577,0.0693703442811966,0.19739682972431183,0.3823044002056122,0.793003261089325,-0.18396033346652985,0.9838903546333313,0.32128089666366577,0.6828300952911377,0.17808020114898682,0.18806438148021698,0.4340495467185974,0.7801142334938049,-0.13662661612033844,0.9464144110679626,0.32500821352005005,0.6790089011192322,0.20173390209674835,0.1609921008348465,0.45032745599746704,0.7818672060966492,-0.13761015236377716,0.8949642777442932,0.327331006526947,0.6755338311195374,0.1848115622997284,0.16505488753318787,0.4517139792442322,0.7771525979042053,-0.15477235615253448,0.8946417570114136,0.32732826471328735,0.676980197429657,0.17401957511901855,0.17543916404247284,0.4453454911708832,0.7741019129753113,-0.14083048701286316,0.8649516701698303,0.3970208764076233,0.6422354578971863,0.02746543288230896,0.9984422922134399,0.4151425361633301,0.6999368071556091,-0.02772017940878868,0.9996302723884583,0.4541437029838562,0.5749487280845642,0.1129363626241684,0.9399281740188599,0.4875558912754059,0.6574701070785522,0.010679616592824459,0.9731460809707642,0.4873426854610443,0.6096458435058594,0.37324821949005127,0.8565577864646912,0.5559567213058472,0.6357690095901489,0.14200648665428162,0.9727762937545776,0.488457590341568,0.626998782157898,0.39782536029815674,0.7003638744354248,0.5626181364059448,0.6400668621063232,0.15271855890750885,0.8632036447525024,0.5184968709945679,0.6021703481674194,0.36207741498947144,0.8970844745635986,0.5845627784729004,0.6177065968513489,0.06722300499677658,0.9678698778152466
190,0.26727399230003357,0.7470434308052063,-0.3036762773990631,0.9993464350700378,0.2628619968891144,0.7585736513137817,-0.2934456467628479,0.9980465769767761,0.2621326446533203,0.7580953240394592,-0.2933710515499115,0.9974427223205566,0.26131004095077515,0.7575816512107849,-0.2933700680732727,0.9965805411338806,0.26607686281204224,0.7633610367774963,-0.3105464577674866,0.9993336796760559,0.26791542768478394,0.7669436931610107,-0.31064319610595703,0.9994801878929138,0.2699940502643585,0.7708058953285217,-0.31075429916381836,0.9996128678321838,0.26583701372146606,0.7629044651985168,-0.2056206464767456,0.9951319098472595,0.2788560390472412,0.7828890681266785,-0.2774602174758911,0.9994934797286987,0.27267199754714966,0.7404423952102661,-0.2676750123500824,0.9973379969596863,0.27863261103630066,0.7467647790908813,-0.2894802391529083,0.9991483092308044,0.2805003523826599,0.711338460445404,-0.10196793079376221,0.9970741271972656,0.32581207156181335,0.7839685082435608,-0.22887179255485535,0.9997072815895081,0.2980386018753052,0.6982988119125366,0.07020532339811325,0.198293074965477,0.3822646141052246,0.7930207848548889,-0.18645289540290833,0.9843155145645142,0.3206600546836853,0.6828791499137878,0.18229088187217712,0.1874094158411026,0.43402576446533203,0.7800799608230591,-0.1378432810306549,0.9475910663604736,0.3244439959526062,0.6790190935134888,0.20622844994068146,0.1594083607196808,0.4503023624420166,0.7818015217781067,-0.13837817311286926,0.8966171741485596,0.327053427696228,0.675509512424469,0.18950200080871582,0.16337507963180542,0.4516749978065491,0.7770958542823792,-0.15551413595676422,0.8962088823318481,0.3270764946937561,0.6769508719444275,0.1784324198961258,0.17417682707309723,0.44531068205833435,0.7741311192512512,-0.14198926091194153,0.86643385887146,0.39677438139915466,0.642238199710846,0.02769259735941887,0.9984269142150879,0.4149499535560608,0.6999279260635376,-0.027957085520029068,0.9996431469917297,0.45403069257736206,0.5742932558059692,0.11815053224563599,0.9406208992004395,0.487501323223114,0.6574349999427795,0.010983734391629696,0.9740361571311951,0.4872066080570221,0.6095471382141113,0.3803864121437073,0.8593184351921082,0.5557850003242493,0.6356398463249207,0.14096617698669434,0.97442227602005,0.4885438084602356,0.6270179152488708,0.4056679606437683,0.7010273337364197,0.5624520778656006,0.6397356986999512,0.15161187946796417,0.8670012354850769,0.518293023109436,0.6021920442581177,0.3713994324207306,0.8987722396850586,0.584457278251648,0.617526113986969,0.06707802414894104,0.9694932699203491
191,0.26878759264945984,0.7471126914024353,-0.3168657720088959,0.9993726015090942,0.2637782692909241,0.7585077881813049,-0.3047856092453003,0.9981172680854797,0.2628988027572632,0.7579823136329651,-0.3047218918800354,0.9975262880325317,0.2619396150112152,0.7574127316474915,-0.3047213852405548,0.9966757297515869,0.2675427198410034,0.7634100317955017,-0.31884413957595825,0.9993630647659302,0.2696074843406677,0.767116367816925,-0.3189365565776825,0.9995047450065613,0.27186575531959534,0.7711372375488281,-0.31904280185699463,0.9996307492256165,0.26596540212631226,0.7621355056762695,-0.20913267135620117,0.9952676296234131,0.27979153394699097,0.783007800579071,-0.2739793658256531,0.9995152354240417,0.2740040421485901,0.7404387593269348,-0.2778194844722748,0.9974032044410706,0.2805825471878052,0.7469679713249207,-0.2959463596343994,0.9991762638092041,0.28061920404434204,0.7109959125518799,-0.10048221051692963,0.9970673322677612,0.3257996737957001,0.7839626669883728,-0.22715303301811218,0.9997206330299377,0.2984447181224823,0.6974453330039978,0.07074339687824249,0.1980261504650116,0.382210910320282,0.7930195331573486,-0.18499040603637695,0.9847334623336792,0.3209679126739502,0.6828566789627075,0.17855921387672424,0.1876155585050583,0.43396273255348206,0.7800527215003967,-0.14911964535713196,0.948735773563385,0.3249289095401764,0.6790463328361511,0.20107118785381317,0.1594819575548172,0.4502486288547516,0.7817636132240295,-0.15157859027385712,0.8984344601631165,0.3273043930530548,0.675542414188385,0.18352064490318298,0.16320748627185822,0.4515835642814636,0.7771176695823669,-0.16961345076560974,0.8979209065437317,0.3272605538368225,0.6769496202468872,0.1742839366197586,0.1741432547569275,0.44524240493774414,0.7741203308105469,-0.15385064482688904,0.8683871030807495,0.3967409133911133,0.6422258019447327,0.027700278908014297,0.9984704256057739,0.41487210988998413,0.699799656867981,-0.02796204760670662,0.9996623396873474,0.4540671408176422,0.5740888714790344,0.1165485829114914,0.9420695304870605,0.4874500632286072,0.6573442816734314,0.010014304891228676,0.9752683639526367,0.48672613501548767,0.6095643639564514,0.38248884677886963,0.8619571328163147,0.5556819438934326,0.6357149481773376,0.13639262318611145,0.9760735034942627,0.4880247116088867,0.6270912289619446,0.40859729051589966,0.7021925449371338,0.5622193813323975,0.6395174860954285,0.14689716696739197,0.8711732029914856,0.5177263021469116,0.6022152304649353,0.3735882341861725,0.9004353284835815,0.5845984220504761,0.6171862483024597,0.06139101833105087,0.9711791276931763
192,0.27056875824928284,0.7461640238761902,-0.3204572796821594,0.9993842840194702,0.26494985818862915,0.7571449279785156,-0.30900830030441284,0.9981505274772644,0.26389846205711365,0.7566187381744385,-0.3089451789855957,0.9975568652153015,0.2627629339694977,0.7560548782348633,-0.30893880128860474,0.996690034866333,0.2692435383796692,0.7625894546508789,-0.32340008020401,0.9993810653686523,0.27154961228370667,0.7665455341339111,-0.32348573207855225,0.9995204210281372,0.2739904522895813,0.7707341313362122,-0.32359200716018677,0.9996411800384521,0.26623621582984924,0.7608838677406311,-0.21263165771961212,0.9952747225761414,0.2812400460243225,0.7826484441757202,-0.27730971574783325,0.9995271563529968,0.2755224108695984,0.7392085790634155,-0.2808240056037903,0.9973886609077454,0.2823701500892639,0.7463704347610474,-0.29935723543167114,0.999183714389801,0.2806278467178345,0.7109948396682739,-0.1001402884721756,0.9971095323562622,0.3260446786880493,0.7834234237670898,-0.2281544953584671,0.9997352361679077,0.3008188009262085,0.697135865688324,0.07090196758508682,0.19136497378349304,0.3822246789932251,0.7923322916030884,-0.18640582263469696,0.9847486615180969,0.3246760368347168,0.6830366849899292,0.17085124552249908,0.18549226224422455,0.43390172719955444,0.780031144618988,-0.14896062016487122,0.9492053389549255,0.3292861580848694,0.6794111728668213,0.19193604588508606,0.15898354351520538,0.45010480284690857,0.7817367315292358,-0.15104612708091736,0.8995894193649292,0.3313620388507843,0.6759716272354126,0.17408576607704163,0.16227377951145172,0.45141229033470154,0.7771354913711548,-0.16911572217941284,0.8989097476005554,0.33112266659736633,0.6775375604629517,0.16633734107017517,0.1726057082414627,0.4451272487640381,0.7741075158119202,-0.15372633934020996,0.869348406791687,0.3967391848564148,0.6419364809989929,0.028499942272901535,0.9984833598136902,0.41485387086868286,0.6995114684104919,-0.028759852051734924,0.9996792674064636,0.4540880620479584,0.5740388035774231,0.13770316541194916,0.9431372880935669,0.4873923361301422,0.6571678519248962,0.01211617887020111,0.9763725399971008,0.4864412248134613,0.6091810464859009,0.4062859117984772,0.8646886944770813,0.5560718774795532,0.6356543898582458,0.13576772809028625,0.9776276350021362,0.4876174032688141,0.626914918422699,0.43235355615615845,0.7056835293769836,0.5624171495437622,0.6392315626144409,0.14579907059669495,0.8754586577415466,0.5174856781959534,0.6021552681922913,0.39846476912498474,0.9025815725326538,0.585084080696106,0.6168386936187744,0.06028192117810249,0.9727586507797241
