2,0.4164389669895172,0.3326624631881714,-0.252900630235672,0.9996973872184753,0.41691699624061584,0.32353734970092773,-0.23954959213733673,0.9992297291755676,0.4178064465522766,0.3232894539833069,-0.23955965042114258,0.9992164373397827,0.4185956120491028,0.3229942321777344,-0.2396470606327057,0.999304473400116,0.4122200012207031,0.32278019189834595,-0.25315263867378235,0.9989942908287048,0.40957707166671753,0.3222234845161438,-0.2532261610031128,0.9988017082214355,0.4067752957344055,0.3217594027519226,-0.2532610297203064,0.9988424777984619,0.41530531644821167,0.3221570551395416,-0.1525023728609085,0.9987320303916931,0.3973301947116852,0.32204028964042664,-0.21446725726127625,0.9977863430976868,0.41618674993515015,0.3413510024547577,-0.21752500534057617,0.9996843338012695,0.41065531969070435,0.3401716351509094,-0.23554369807243347,0.9995384812355042,0.43148273229599,0.35985076427459717,-0.10798950493335724,0.9999697804450989,0.3644707202911377,0.3609687387943268,-0.17078548669815063,0.9997506737709045,0.4454105496406555,0.4268878102302551,-0.10323647409677505,0.955413281917572,0.3538729250431061,0.4280243217945099,-0.1909411996603012,0.9497320652008057,0.4250475764274597,0.4635915160179138,-0.19419994950294495,0.9318984746932983,0.3853733539581299,0.46771878004074097,-0.25099843740463257,0.9373317360877991,0.4205257296562195,0.48490920662879944,-0.22563597559928894,0.8895963430404663,0.39098817110061646,0.4859234690666199,-0.2800198495388031,0.9033951163291931,0.41275572776794434,0.4775751531124115,-0.23454496264457703,0.8988369703292847,0.39603883028030396,0.48059022426605225,-0.28830763697624207,0.9105623960494995,0.4129788875579834,0.47055503726005554,-0.19967947900295258,0.8886685371398926,0.39551764726638794,0.47417134046554565,-0.25449246168136597,0.8935051560401917,0.41986408829689026,0.48240751028060913,0.007880399003624916,0.9992320537567139,0.37701916694641113,0.48212260007858276,-0.0077142296358942986,0.9984850287437439,0.4356723427772522,0.4812971353530884,-0.28613197803497314,0.25837501883506775,0.3621376156806946,0.48352882266044617,-0.3227566182613373,0.2531956732273102,0.41920289397239685,0.5602561235427856,-0.04946193844079971,0.14146150648593903,0.38216233253479004,0.5579626560211182,-0.09008002281188965,0.1808045655488968,0.4136829972267151,0.5669296979904175,-0.027803819626569748,0.1812233179807663,0.38560745120048523,0.5643976926803589,-0.06859083473682404,0.17375032603740692,0.4220915734767914,0.6043727397918701,-0.10266043990850449,0.18008039891719818,0.3840297758579254,0.6037588715553284,-0.1541157215833664,0.19362500309944153
3,0.4173610210418701,0.33270931243896484,-0.24296990036964417,0.9997206330299377,0.4179867208003998,0.3233070373535156,-0.2292206585407257,0.9992840886116028,0.41884344816207886,0.32307353615760803,-0.2292221337556839,0.9992766976356506,0.41964784264564514,0.32279083132743835,-0.22928020358085632,0.9993561506271362,0.41330140829086304,0.3226776719093323,-0.2416675090789795,0.999068021774292,0.4106365740299225,0.3221622109413147,-0.24172210693359375,0.9988971948623657,0.4078544080257416,0.3216937482357025,-0.24172966182231903,0.9989319443702698,0.41550761461257935,0.32200655341148376,-0.14631809294223785,0.998816967010498,0.39876601099967957,0.32141047716140747,-0.20360331237316132,0.9979713559150696,0.4165689945220947,0.34134992957115173,-0.21000874042510986,0.9997080564498901,0.4109385013580322,0.3402506709098816,-0.22667217254638672,0.9995781779289246,0.4312969744205475,0.35983267426490784,-0.10043742507696152,0.9999706745147705,0.36472147703170776,0.36034801602363586,-0.15686291456222534,0.9997445940971375,0.44500869512557983,0.4237056076526642,-0.09050659090280533,0.9588159322738647,0.35416051745414734,0.42774277925491333,-0.16269037127494812,0.9539966583251953,0.42753544449806213,0.4597875475883484,-0.17212237417697906,0.937194287776947,0.3853735625743866,0.4686456620693207,-0.20823626220226288,0.9401141405105591,0.4252271056175232,0.4781992733478546,-0.19948872923851013,0.8969893455505371,0.3910474181175232,0.48716413974761963,-0.233841210603714,0.905593752861023,0.4170437455177307,0.47170692682266235,-0.2074686586856842,0.9054097533226013,0.3967704474925995,0.4815240800380707,-0.2391975373029709,0.9115434288978577,0.41595524549484253,0.4665815234184265,-0.17694391310214996,0.8942382335662842,0.39648252725601196,0.4750138521194458,-0.2103220671415329,0.8918665051460266,0.41847532987594604,0.46962469816207886,0.007892915979027748,0.9992494583129883,0.3769069314002991,0.47132763266563416,-0.007726934738457203,0.9985739588737488,0.44237151741981506,0.4803817868232727,-0.22074909508228302,0.3305639326572418,0.36127015948295593,0.4845931828022003,-0.3086685240268707,0.3252856433391571,0.4220500886440277,0.5630971193313599,-0.05372587591409683,0.22211940586566925,0.38094639778137207,0.5591594576835632,-0.12179919332265854,0.2575003504753113,0.41586369276046753,0.5699452757835388,-0.0396910235285759,0.24001310765743256,0.3851766288280487,0.5644549131393433,-0.10637283325195312,0.23477821052074432,0.4248308539390564,0.6039804816246033,-0.11478699743747711,0.25624528527259827,0.38373202085494995,0.6046394109725952,-0.18943239748477936,0.2686253786087036
4,0.41813772916793823,0.33276259899139404,-0.23393705487251282,0.9997451305389404,0.41869330406188965,0.3232485353946686,-0.21990032494068146,0.9993449449539185,0.4194304347038269,0.3230241537094116,-0.21990284323692322,0.999339759349823,0.4201359748840332,0.3227523863315582,-0.21995659172534943,0.9994118809700012,0.4144381582736969,0.3226347267627716,-0.23253846168518066,0.999148964881897,0.4119219183921814,0.32211387157440186,-0.23258788883686066,0.9989959001541138,0.4092874526977539,0.3216172754764557,-0.23259083926677704,0.9990270733833313,0.4155067801475525,0.3219473958015442,-0.1366976946592331,0.998913586139679,0.40004247426986694,0.32085785269737244,-0.19493290781974792,0.9981582164764404,0.4168807864189148,0.3412509262561798,-0.20106303691864014,0.9997336268424988,0.4115065038204193,0.34021034836769104,-0.2179616391658783,0.9996175765991211,0.4308234751224518,0.35960206389427185,-0.08947281539440155,0.9999722242355347,0.36484503746032715,0.3600894808769226,-0.14788492023944855,0.9997504353523254,0.4447568953037262,0.4220263659954071,-0.07742346078157425,0.9619144201278687,0.3545885980129242,0.4277482032775879,-0.15353618562221527,0.9580730199813843,0.4316183030605316,0.4571040868759155,-0.16451582312583923,0.9422174096107483,0.38537368178367615,0.46893933415412903,-0.20462174713611603,0.9439187049865723,0.43006840348243713,0.4729140102863312,-0.1934228241443634,0.9042194485664368,0.3908969759941101,0.48714226484298706,-0.23132994771003723,0.9101763367652893,0.4226621091365814,0.4655713737010956,-0.2025488168001175,0.9119189381599426,0.39676204323768616,0.481656938791275,-0.2377718985080719,0.9151824712753296,0.4210331439971924,0.4615577161312103,-0.17012450098991394,0.900124728679657,0.39649471640586853,0.47521865367889404,-0.20713603496551514,0.8941507935523987,0.4180985391139984,0.46720269322395325,0.007865836843848228,0.9992815852165222,0.3770555853843689,0.46612802147865295,-0.007701715920120478,0.9986656308174133,0.4446430206298828,0.48462122678756714,-0.22571364045143127,0.39607131481170654,0.360954225063324,0.4867350161075592,-0.3003879487514496,0.3907875716686249,0.42185959219932556,0.5706520080566406,-0.057516664266586304,0.2960323989391327,0.3802596926689148,0.5640447735786438,-0.11420788615942001,0.3275871276855469,0.4157630503177643,0.5776125192642212,-0.04419273883104324,0.2973690927028656,0.3850138783454895,0.5694808959960938,-0.098126620054245,0.2924831807613373,0.4256121516227722,0.607336163520813,-0.1216452568769455,0.3259457051753998,0.38251709938049316,0.6088315844535828,-0.18153411149978638,0.33678382635116577
5,0.41822320222854614,0.33283576369285583,-0.22769427299499512,0.9997673034667969,0.4187648296356201,0.323234498500824,-0.21376219391822815,0.9994003772735596,0.4194706082344055,0.32301628589630127,-0.21377401053905487,0.9993969202041626,0.42015108466148376,0.322750449180603,-0.21383075416088104,0.9994624853134155,0.4146120548248291,0.3226322829723358,-0.2262994796037674,0.9992218017578125,0.41214728355407715,0.32211294770240784,-0.22634613513946533,0.9990845322608948,0.40954679250717163,0.32161515951156616,-0.22634673118591309,0.9991129636764526,0.41532039642333984,0.32195910811424255,-0.13046543300151825,0.9990012049674988,0.40030670166015625,0.32076969742774963,-0.18790128827095032,0.9983252286911011,0.41688665747642517,0.3412202000617981,-0.19489602744579315,0.9997574687004089,0.4115513265132904,0.3402099311351776,-0.21154192090034485,0.9996535181999207,0.43017643690109253,0.3595065474510193,-0.08511172235012054,0.999973714351654,0.36494797468185425,0.3601279556751251,-0.143825501203537,0.9997568130493164,0.44454383850097656,0.41962745785713196,-0.084320068359375,0.9643273949623108,0.35490626096725464,0.4284796416759491,-0.15594829618930817,0.9616618156433105,0.43651753664016724,0.453858345746994,-0.1860809326171875,0.9461290240287781,0.38559356331825256,0.469107985496521,-0.21276672184467316,0.9469302296638489,0.4365277886390686,0.46829238533973694,-0.21901853382587433,0.9097399711608887,0.39093276858329773,0.48699790239334106,-0.2410060614347458,0.9137089252471924,0.43016690015792847,0.46144232153892517,-0.22920063138008118,0.9168895483016968,0.3971717953681946,0.4816863238811493,-0.24813024699687958,0.917858362197876,0.42812609672546387,0.4576064646244049,-0.19326350092887878,0.9042081236839294,0.39699405431747437,0.47539201378822327,-0.21568623185157776,0.8950654864311218,0.4170283377170563,0.4665243327617645,0.007718917913734913,0.9993192553520203,0.3770819902420044,0.4650703966617584,-0.0075600966811180115,0.9987466335296631,0.4436820149421692,0.48609864711761475,-0.24138674139976501,0.4553755521774292,0.36095863580703735,0.4883153736591339,-0.3011840283870697,0.4499921500682831,0.421700656414032,0.571236789226532,-0.06470144540071487,0.36344772577285767,0.3802313804626465,0.5648686289787292,-0.10893584787845612,0.391024112701416,0.415580689907074,0.5783171057701111,-0.05036003515124321,0.3510104715824127,0.3850333094596863,0.5701069235801697,-0.0907697081565857,0.34561973810195923,0.4254521429538727,0.6078996658325195,-0.13172368705272675,0.3894619345664978,0.3824407458305359,0.6089630722999573,-0.17503923177719116,0.39832475781440735
6,0.4185447096824646,0.3326205611228943,-0.24889495968818665,0.9997878074645996,0.4188973903656006,0.3227062225341797,-0.2336597889661789,0.9994527101516724,0.41955575346946716,0.3224767744541168,-0.23367539048194885,0.9994506239891052,0.42019811272621155,0.3222047686576843,-0.23372523486614227,0.999509871006012,0.4148833155632019,0.3223540186882019,-0.24497470259666443,0.9992900490760803,0.4125511646270752,0.32191741466522217,-0.2450229823589325,0.9991670250892639,0.4100056290626526,0.32148274779319763,-0.24502024054527283,0.9991925954818726,0.4151853621006012,0.3218933641910553,-0.1458149552345276,0.9990854263305664,0.400625616312027,0.32074376940727234,-0.19497790932655334,0.9984801411628723,0.4170319437980652,0.3410070240497589,-0.21511907875537872,0.9997797608375549,0.4119250774383545,0.3401925265789032,-0.23021960258483887,0.9996866583824158,0.43019065260887146,0.3596702516078949,-0.09737545251846313,0.9999751448631287,0.3653380870819092,0.3603874146938324,-0.14600403606891632,0.9997650384902954,0.4442264139652252,0.419065922498703,-0.11443667113780975,0.966693639755249,0.3551517128944397,0.4284871518611908,-0.16391371190547943,0.9650643467903137,0.4411559998989105,0.4519195258617401,-0.23489680886268616,0.9499369263648987,0.3858362138271332,0.46910110116004944,-0.2285347729921341,0.9501029849052429,0.44307541847229004,0.46406516432762146,-0.269905149936676,0.915427565574646,0.39111796021461487,0.4869200587272644,-0.25836867094039917,0.917588472366333,0.43780073523521423,0.4564555287361145,-0.28028297424316406,0.9220122694969177,0.3980744779109955,0.4819945991039276,-0.26522237062454224,0.9209503531455994,0.43509411811828613,0.45268714427948,-0.24223414063453674,0.9088195562362671,0.39788565039634705,0.4761027693748474,-0.23145714402198792,0.896793007850647,0.41681990027427673,0.46505287289619446,0.0077093737199902534,0.9993606805801392,0.37757375836372375,0.4636017680168152,-0.00755284121260047,0.9988267421722412,0.44477424025535583,0.4876069724559784,-0.24580112099647522,0.5090089440345764,0.3613477647304535,0.48932304978370667,-0.294871985912323,0.5036376118659973,0.42159968614578247,0.5707040429115295,-0.06208343431353569,0.4246445298194885,0.37994128465652466,0.5643453598022461,-0.09095235168933868,0.44860199093818665,0.4155603349208832,0.5778430700302124,-0.046441223472356796,0.4012908339500427,0.38489264249801636,0.5699129700660706,-0.07348059117794037,0.3939075767993927,0.4255220890045166,0.607736349105835,-0.12804225087165833,0.447069376707077,0.3824102282524109,0.608672022819519,-0.1591109037399292,0.4540828764438629
7,0.41917961835861206,0.33261701464653015,-0.23380811512470245,0.9998055696487427,0.41928139328956604,0.3226128816604614,-0.21925599873065948,0.999498188495636,0.41980117559432983,0.3223534822463989,-0.21928413212299347,0.9994974136352539,0.42033204436302185,0.32204675674438477,-0.21934160590171814,0.9995511174201965,0.41564664244651794,0.3223477005958557,-0.23196342587471008,0.9993504285812378,0.4134562015533447,0.3219166696071625,-0.23201283812522888,0.9992403388023376,0.41103753447532654,0.32148677110671997,-0.23201818764209747,0.999263346195221,0.4150233864784241,0.3217852711677551,-0.1343456506729126,0.9991571307182312,0.4009252190589905,0.32074615359306335,-0.19179147481918335,0.9986193776130676,0.41739097237586975,0.3409932255744934,-0.200792595744133,0.9997991323471069,0.4126962125301361,0.34025487303733826,-0.21762052178382874,0.9997162818908691,0.4299456477165222,0.3592621386051178,-0.08606326580047607,0.9999760389328003,0.3653758466243744,0.36138781905174255,-0.1451117992401123,0.9997696876525879,0.4433630406856537,0.41436585783958435,-0.09544778615236282,0.9683023691177368,0.3551574647426605,0.4292668104171753,-0.15625768899917603,0.9680938720703125,0.4437105655670166,0.4465198218822479,-0.21378862857818604,0.9531397223472595,0.3861297369003296,0.46909528970718384,-0.21605953574180603,0.9533575177192688,0.44753265380859375,0.4559420645236969,-0.24646668136119843,0.9203006625175476,0.3913155198097229,0.48629507422447205,-0.24408778548240662,0.9220201373100281,0.44274163246154785,0.44978728890419006,-0.25753211975097656,0.9264706969261169,0.39886781573295593,0.4818071126937866,-0.25168898701667786,0.9248110055923462,0.43920397758483887,0.4459213614463806,-0.22091147303581238,0.913091242313385,0.39881011843681335,0.4760917127132416,-0.21899202466011047,0.9000465273857117,0.41561660170555115,0.4628788232803345,0.007918281480669975,0.9993953704833984,0.3773132860660553,0.46218907833099365,-0.007761884480714798,0.9988959431648254,0.4453561305999756,0.4897647202014923,-0.23032888770103455,0.5575957894325256,0.36163216829299927,0.4892619848251343,-0.2879948616027832,0.5524891018867493,0.4215208888053894,0.5713741779327393,-0.05677184462547302,0.48052480816841125,0.37965044379234314,0.5644480586051941,-0.09186868369579315,0.5017521977424622,0.4147915244102478,0.5788716673851013,-0.04435661807656288,0.45076942443847656,0.3847981095314026,0.5699747800827026,-0.07637188583612442,0.44147324562072754,0.4261306822299957,0.6076197028160095,-0.12629880011081696,0.49983593821525574,0.38242554664611816,0.608476459980011,-0.16260278224945068,0.5057451725006104
8,0.41975870728492737,0.33180946111679077,-0.20370765030384064,0.9998227953910828,0.41952329874038696,0.32167646288871765,-0.18908479809761047,0.999542772769928,0.41994380950927734,0.32141372561454773,-0.18911412358283997,0.9995426535606384,0.420393168926239,0.3211294710636139,-0.18916389346122742,0.9995911121368408,0.4161847233772278,0.321603924036026,-0.20239129662513733,0.999409019947052,0.4140642583370209,0.32126912474632263,-0.2024356573820114,0.999310314655304,0.41174131631851196,0.32092514634132385,-0.2024426907300949,0.9993308782577515,0.414734423160553,0.3214549422264099,-0.1078898161649704,0.9992302656173706,0.4013787806034088,0.3206174671649933,-0.16868732869625092,0.9987504482269287,0.4178975224494934,0.3405378460884094,-0.17237906157970428,0.9998176693916321,0.41352424025535583,0.34011438488960266,-0.18998488783836365,0.999743640422821,0.4297354221343994,0.35926294326782227,-0.06538386642932892,0.9999770522117615,0.3654385209083557,0.36225762963294983,-0.128991037607193,0.99977707862854,0.44275379180908203,0.4122205674648285,-0.07219436764717102,0.969455897808075,0.35514897108078003,0.42981526255607605,-0.14288529753684998,0.9708645343780518,0.4491659998893738,0.44300413131713867,-0.19423262774944305,0.9562122225761414,0.38630443811416626,0.46910518407821655,-0.20076027512550354,0.9567184448242188,0.4557121694087982,0.4516626000404358,-0.22549474239349365,0.9252150058746338,0.39213794469833374,0.48626968264579773,-0.227025106549263,0.926884651184082,0.45096510648727417,0.4470745027065277,-0.2414749413728714,0.9310318827629089,0.39985400438308716,0.4818948209285736,-0.23436133563518524,0.9292177557945251,0.44711819291114807,0.44297757744789124,-0.20412223041057587,0.9178615808486938,0.39957496523857117,0.4764266312122345,-0.20340952277183533,0.9046080708503723,0.41528216004371643,0.4630861282348633,0.008252153173089027,0.9994327425956726,0.3771969676017761,0.46257445216178894,-0.008095499128103256,0.9989644885063171,0.4453515410423279,0.4929730296134949,-0.22276978194713593,0.6014631986618042,0.36211836338043213,0.48902055621147156,-0.26932814717292786,0.5966627597808838,0.4211151599884033,0.5747074484825134,-0.05671633407473564,0.5313869118690491,0.3796841502189636,0.5663379430770874,-0.08972512185573578,0.55029296875,0.41293877363204956,0.5821558833122253,-0.04316464811563492,0.4985930919647217,0.38492387533187866,0.5729086399078369,-0.07503732293844223,0.4879343807697296,0.4263562262058258,0.6078497171401978,-0.1236662045121193,0.5481141805648804,0.38240596652030945,0.6086257100105286,-0.16113817691802979,0.5531945824623108
9,0.4202057421207428,0.3318054974079132,-0.19640055298805237,0.999834418296814,0.4197758138179779,0.3216272294521332,-0.18306311964988708,0.9995705485343933,0.42009979486465454,0.3213540017604828,-0.18308936059474945,0.9995715618133545,0.4204619824886322,0.32105350494384766,-0.18315182626247406,0.9996152520179749,0.41665348410606384,0.32157865166664124,-0.19744917750358582,0.9994519948959351,0.4145280420780182,0.3212505578994751,-0.19749756157398224,0.9993650317192078,0.41222625970840454,0.32090628147125244,-0.19751714169979095,0.9993845224380493,0.4145415723323822,0.32138878107070923,-0.10781075805425644,0.9992709159851074,0.40177488327026367,0.32062622904777527,-0.17285023629665375,0.9988617897033691,0.4182668626308441,0.340545117855072,-0.1669727861881256,0.9998303651809692,0.4140341281890869,0.3402501344680786,-0.1858740597963333,0.9997664093971252,0.4294663071632385,0.358907014131546,-0.06271534413099289,0.9999759793281555,0.365438312292099,0.3624313771724701,-0.137306347489357,0.9997813105583191,0.4435247778892517,0.40845781564712524,-0.05630078911781311,0.9688720107078552,0.3550843596458435,0.42980852723121643,-0.15061941742897034,0.9733796715736389,0.4558030664920807,0.43607601523399353,-0.1582449972629547,0.956710159778595,0.3863314986228943,0.46906474232673645,-0.1970980316400528,0.9597635865211487,0.4646230638027191,0.44510772824287415,-0.18424080312252045,0.9254468679428101,0.3924957513809204,0.4861780107021332,-0.22030320763587952,0.931108832359314,0.45939311385154724,0.44212761521339417,-0.19930198788642883,0.9314649105072021,0.4000210165977478,0.4818601906299591,-0.22716839611530304,0.9330049157142639,0.4550565183162689,0.438791960477829,-0.16771957278251648,0.917864203453064,0.39958226680755615,0.4764159023761749,-0.19918683171272278,0.9081946015357971,0.41496291756629944,0.46168985962867737,0.009080423042178154,0.999457597732544,0.3771631121635437,0.46141013503074646,-0.008947266265749931,0.9990145564079285,0.4452962875366211,0.4955662488937378,-0.21181631088256836,0.6408761143684387,0.36258041858673096,0.4918838143348694,-0.2498975545167923,0.6363738179206848,0.4210764765739441,0.5753685235977173,-0.047004394233226776,0.5770926475524902,0.37969276309013367,0.5664405226707458,-0.07522394508123398,0.59410560131073,0.41243577003479004,0.5821241140365601,-0.03407014161348343,0.5412557125091553,0.38524875044822693,0.57274329662323,-0.06078571081161499,0.5303291082382202,0.4268427789211273,0.6080013513565063,-0.1107315644621849,0.5914924740791321,0.3823933005332947,0.6092293858528137,-0.14242413640022278,0.5960294008255005
10,0.4207797944545746,0.33092784881591797,-0.1989043653011322,0.999842643737793,0.4200843274593353,0.3209945559501648,-0.18610933423042297,0.9995890855789185,0.420319139957428,0.32070493698120117,-0.1861344277858734,0.9995905160903931,0.42058563232421875,0.32038506865501404,-0.18619534373283386,0.9996300339698792,0.4171007573604584,0.32106465101242065,-0.1996736228466034,0.9994863867759705,0.4148999750614166,0.32084187865257263,-0.1997220814228058,0.9994102120399475,0.4125291407108307,0.32060959935188293,-0.19975124299526215,0.9994298815727234,0.41443729400634766,0.32123756408691406,-0.11195623874664307,0.9992924928665161,0.40200209617614746,0.3206721544265747,-0.17369802296161652,0.998958170413971,0.4187701344490051,0.34023743867874146,-0.1697797179222107,0.9998408555984497,0.4145766794681549,0.34019842743873596,-0.18759319186210632,0.9997866153717041,0.42948395013809204,0.35890913009643555,-0.06598581373691559,0.9999738335609436,0.3655306100845337,0.3625248968601227,-0.13830602169036865,0.9997872710227966,0.4477968215942383,0.4094195067882538,-0.062134750187397,0.9676518440246582,0.3548271358013153,0.42973095178604126,-0.1545863151550293,0.975464940071106,0.4622134566307068,0.4363226890563965,-0.16562893986701965,0.9554280638694763,0.38625654578208923,0.4683067202568054,-0.2044205367565155,0.9619556665420532,0.471385657787323,0.44561874866485596,-0.19164437055587769,0.9229193329811096,0.39248019456863403,0.4851783514022827,-0.228069469332695,0.9337784051895142,0.4665185809135437,0.44182297587394714,-0.2064741849899292,0.9295686483383179,0.39993351697921753,0.4807954728603363,-0.23495563864707947,0.9352331161499023,0.4613238275051117,0.4386793076992035,-0.17511200904846191,0.9152162671089172,0.3994798958301544,0.47543948888778687,-0.20668964087963104,0.9093649983406067,0.4150131642818451,0.461028128862381,0.009042385034263134,0.9994590878486633,0.37725427746772766,0.4596691429615021,-0.008912998251616955,0.9990341663360596,0.4445001184940338,0.49498265981674194,-0.21809212863445282,0.6760655641555786,0.3626561164855957,0.4914747178554535,-0.2561282515525818,0.6719471216201782,0.4210568368434906,0.5775479674339294,-0.05432705208659172,0.6180523633956909,0.37965404987335205,0.5674964189529419,-0.0820036306977272,0.633502185344696,0.4124391973018646,0.5839304327964783,-0.042917270213365555,0.5788053870201111,0.3854683041572571,0.5735105872154236,-0.06620053201913834,0.569326639175415,0.42680755257606506,0.6097029447555542,-0.124922975897789,0.6302953362464905,0.3823598623275757,0.6099690794944763,-0.1477689892053604,0.6345760226249695
11,0.42079800367355347,0.3309779465198517,-0.19033586978912354,0.9998554587364197,0.420187771320343,0.3210454285144806,-0.17771929502487183,0.9996212124824524,0.4204133450984955,0.3207383155822754,-0.1777421534061432,0.9996221661567688,0.42065954208374023,0.32039719820022583,-0.17780336737632751,0.9996582865715027,0.4171757102012634,0.3211606442928314,-0.1913035809993744,0.9995295405387878,0.4149171710014343,0.3209647238254547,-0.19134344160556793,0.9994616508483887,0.41248607635498047,0.32075753808021545,-0.19135844707489014,0.9994800686836243,0.414436012506485,0.321255087852478,-0.10272601991891861,0.9993460178375244,0.4019637703895569,0.32101842761039734,-0.16439518332481384,0.9990563988685608,0.4188593029975891,0.34032386541366577,-0.16059395670890808,0.9998543858528137,0.41456761956214905,0.3404920697212219,-0.17843368649482727,0.9998066425323486,0.42948952317237854,0.357063889503479,-0.05346601456403732,0.9999753832817078,0.3655199408531189,0.362620085477829,-0.12688207626342773,0.9997978806495667,0.449817955493927,0.4035034477710724,-0.0407695546746254,0.9691200852394104,0.35394519567489624,0.4291462004184723,-0.14138101041316986,0.9775981307029724,0.4643523693084717,0.43213561177253723,-0.1395612359046936,0.9584744572639465,0.3860120177268982,0.46728965640068054,-0.19061586260795593,0.9648692011833191,0.47251421213150024,0.4396584630012512,-0.16466301679611206,0.927631139755249,0.3923724293708801,0.4843306839466095,-0.21278412640094757,0.938184380531311,0.4682430624961853,0.4370752274990082,-0.18051329255104065,0.9340155720710754,0.39983850717544556,0.47979891300201416,-0.22083738446235657,0.9393811821937561,0.46380218863487244,0.4344944357872009,-0.14914867281913757,0.9202136397361755,0.39936691522598267,0.47450578212738037,-0.19322212040424347,0.9141960144042969,0.4151056408882141,0.4604839086532593,0.008820988237857819,0.9994903802871704,0.3775857388973236,0.45908644795417786,-0.008704771287739277,0.9990824460983276,0.4440334439277649,0.4955325126647949,-0.20386452972888947,0.7080181837081909,0.36259695887565613,0.4941200315952301,-0.22513079643249512,0.7042072415351868,0.4210551381111145,0.5776383876800537,-0.05149834603071213,0.6551986336708069,0.3795788288116455,0.567261278629303,-0.06513633579015732,0.6691570281982422,0.41237473487854004,0.5842636227607727,-0.041252899914979935,0.6144747138023376,0.38618797063827515,0.5731776356697083,-0.051952917128801346,0.6056385636329651,0.42680230736732483,0.6100412607192993,-0.11838934570550919,0.6656038761138916,0.38213521242141724,0.6099597811698914,-0.12917107343673706,0.6695475578308105
12,0.42078742384910583,0.33132296800613403,-0.19924364984035492,0.9998663067817688,0.42021995782852173,0.3214965760707855,-0.18693861365318298,0.9996476173400879,0.42044153809547424,0.3211507499217987,-0.18695642054080963,0.9996476173400879,0.4206790030002594,0.32074517011642456,-0.18702349066734314,0.999681293964386,0.41718608140945435,0.32169201970100403,-0.20070597529411316,0.9995676279067993,0.41489019989967346,0.3215537667274475,-0.20075228810310364,0.9995071291923523,0.4124244749546051,0.3213842511177063,-0.2007683515548706,0.9995246529579163,0.4144321084022522,0.3214327096939087,-0.11151929944753647,0.9993920922279358,0.4019365906715393,0.3216376006603241,-0.1732364445924759,0.999144434928894,0.41887402534484863,0.34051766991615295,-0.1693129986524582,0.9998655319213867,0.41450491547584534,0.3409724831581116,-0.1874426305294037,0.9998241066932678,0.4293804168701172,0.3548643887042999,-0.059085261076688766,0.9999769330024719,0.36552175879478455,0.3626159429550171,-0.13338661193847656,0.9998040199279785,0.45313841104507446,0.3976864814758301,-0.022649666294455528,0.9710916876792908,0.3528647720813751,0.42717352509498596,-0.14510105550289154,0.9795268177986145,0.46551841497421265,0.4292917847633362,-0.08808188140392303,0.9614384770393372,0.38479599356651306,0.4652132987976074,-0.19997276365756989,0.9673414826393127,0.4728925824165344,0.43838560581207275,-0.10654276609420776,0.9318192005157471,0.3914308547973633,0.4827102720737457,-0.2229071408510208,0.9416292905807495,0.4679863452911377,0.4364059865474701,-0.12214890867471695,0.9379456639289856,0.3985005021095276,0.4778063893318176,-0.23018863797187805,0.9425491690635681,0.4637146592140198,0.4334395229816437,-0.09634516388177872,0.924653947353363,0.3978999853134155,0.47241291403770447,-0.20247523486614227,0.9175464510917664,0.4151119291782379,0.4590149521827698,0.008902286179363728,0.9995185136795044,0.37768614292144775,0.4570527672767639,-0.008795480243861675,0.9991216659545898,0.4437134265899658,0.496266633272171,-0.19189238548278809,0.7366111874580383,0.36246591806411743,0.4953363239765167,-0.21680669486522675,0.7329767346382141,0.42103976011276245,0.5775818228721619,-0.045333921909332275,0.6883152723312378,0.37959152460098267,0.5670821070671082,-0.06053272634744644,0.7010572552680969,0.4121297299861908,0.5846660137176514,-0.034816160798072815,0.6458514928817749,0.3872450292110443,0.5731374025344849,-0.047723643481731415,0.6374347805976868,0.42766785621643066,0.6099370121955872,-0.10795267671346664,0.696979820728302,0.38200435042381287,0.6098754405975342,-0.12218725681304932,0.7007198333740234
13,0.4209510385990143,0.33236438035964966,-0.2076534777879715,0.999875545501709,0.4205245077610016,0.32268673181533813,-0.19728289544582367,0.9996694922447205,0.42075100541114807,0.3223299980163574,-0.1972920000553131,0.9996678829193115,0.4209827780723572,0.3218899965286255,-0.19736699759960175,0.9996995329856873,0.4173817038536072,0.32301726937294006,-0.21127259731292725,0.9996016025543213,0.4149799942970276,0.322994589805603,-0.2113237828016281,0.9995477795600891,0.41240572929382324,0.32288601994514465,-0.21133391559123993,0.9995647072792053,0.41478800773620605,0.3222399950027466,-0.12538745999336243,0.9994294047355652,0.40199294686317444,0.32257768511772156,-0.18793731927871704,0.9992234110832214,0.41900143027305603,0.3413218557834625,-0.1795167326927185,0.999875545501709,0.4144827425479889,0.34215933084487915,-0.1979268193244934,0.9998399019241333,0.42921796441078186,0.35313740372657776,-0.06292150914669037,0.9999781847000122,0.3656023144721985,0.3625144064426422,-0.15078534185886383,0.9998118281364441,0.4571945071220398,0.39454546570777893,-0.03713105246424675,0.9732136726379395,0.35078275203704834,0.42462602257728577,-0.16734431684017181,0.9812830090522766,0.466595321893692,0.430707186460495,-0.10033943504095078,0.9638497233390808,0.38226649165153503,0.46303752064704895,-0.21417562663555145,0.9694031476974487,0.47165822982788086,0.4410880506038666,-0.11845728009939194,0.9347897171974182,0.3885611593723297,0.4805380702018738,-0.23547260463237762,0.9442599415779114,0.46589726209640503,0.43908068537712097,-0.13297337293624878,0.940707802772522,0.3952062129974365,0.4758509397506714,-0.2426987588405609,0.9448810815811157,0.46238335967063904,0.43554753065109253,-0.10789346694946289,0.9276715517044067,0.39436763525009155,0.47058364748954773,-0.2164773941040039,0.919531524181366,0.4148513674736023,0.4585224986076355,0.009623084217309952,0.9995452761650085,0.37769150733947754,0.45685875415802,-0.009537573903799057,0.9991602897644043,0.44355863332748413,0.49733927845954895,-0.1868559867143631,0.762380063533783,0.3624691367149353,0.4965439438819885,-0.22693391144275665,0.7589027285575867,0.42102885246276855,0.5782133340835571,-0.0375908799469471,0.7181712985038757,0.37960347533226013,0.566489577293396,-0.056980766355991364,0.7295217514038086,0.41196680068969727,0.5854836702346802,-0.026173019781708717,0.6742509603500366,0.38770371675491333,0.5727523565292358,-0.04271341487765312,0.664751410484314,0.42819470167160034,0.6105489730834961,-0.0973937064409256,0.725125789642334,0.3820255994796753,0.6098043322563171,-0.11442141234874725,0.7283183336257935
14,0.42125052213668823,0.33289527893066406,-0.199661523103714,0.999886691570282,0.4209178388118744,0.32325175404548645,-0.1879211664199829,0.9996985793113708,0.42116713523864746,0.3228732943534851,-0.18792252242565155,0.9996969103813171,0.4214096963405609,0.3224027752876282,-0.18798001110553741,0.9997256398200989,0.4176671504974365,0.32367172837257385,-0.20158854126930237,0.9996383786201477,0.4152098596096039,0.32370978593826294,-0.20163603127002716,0.999590277671814,0.4125269949436188,0.32365962862968445,-0.20163488388061523,0.999605655670166,0.41527479887008667,0.32264745235443115,-0.1146293506026268,0.9994798898696899,0.402303546667099,0.32323741912841797,-0.17715290188789368,0.9992985129356384,0.4193754196166992,0.3415476977825165,-0.17046745121479034,0.9998871088027954,0.41472822427749634,0.34251129627227783,-0.18864363431930542,0.9998553395271301,0.4292215406894684,0.352822482585907,-0.06156929209828377,0.999980092048645,0.3660731315612793,0.36245062947273254,-0.14149072766304016,0.9998228549957275,0.4610447883605957,0.39295902848243713,-0.025748360902071,0.9755687713623047,0.3474971055984497,0.4220791459083557,-0.15867182612419128,0.9828994870185852,0.46703091263771057,0.4330480992794037,-0.08254477381706238,0.966917097568512,0.37831249833106995,0.46152013540267944,-0.20402570068836212,0.9712902903556824,0.4700603485107422,0.44404691457748413,-0.09942521899938583,0.9396485090255737,0.3843482434749603,0.4791412949562073,-0.22536197304725647,0.946757435798645,0.4641062617301941,0.4410097301006317,-0.1138104796409607,0.945154070854187,0.39024585485458374,0.47485625743865967,-0.2329343855381012,0.9471760392189026,0.4611152708530426,0.437153160572052,-0.08944476395845413,0.9329050183296204,0.38930922746658325,0.4693247973918915,-0.2063688337802887,0.9218520522117615,0.4148727357387543,0.45911410450935364,0.009634855203330517,0.9995783567428589,0.37806302309036255,0.4578050673007965,-0.009547785855829716,0.9992116093635559,0.4435177445411682,0.49666255712509155,-0.18944993615150452,0.7857967019081116,0.36261358857154846,0.49529460072517395,-0.23329010605812073,0.7823886871337891,0.4211685061454773,0.5778970122337341,-0.041536081582307816,0.7454401254653931,0.3795607388019562,0.5640357136726379,-0.06494823843240738,0.7553697824478149,0.41190415620803833,0.5850867033004761,-0.029080193489789963,0.701029360294342,0.3876616358757019,0.5709713697433472,-0.047675903886556625,0.6899343729019165,0.4283255934715271,0.6106142401695251,-0.10169301927089691,0.751152753829956,0.38207048177719116,0.6096824407577515,-0.12789106369018555,0.7536576986312866
15,0.42160138487815857,0.33369752764701843,-0.19590416550636292,0.9998968243598938,0.4214724004268646,0.32408615946769714,-0.1843971312046051,0.9997252821922302,0.4217187464237213,0.32370859384536743,-0.18439513444900513,0.9997238516807556,0.4219432473182678,0.32324501872062683,-0.18444883823394775,0.9997497200965881,0.41819652915000916,0.3245137631893158,-0.19762493669986725,0.9996716380119324,0.4157717227935791,0.3245495855808258,-0.19767318665981293,0.9996287226676941,0.41298192739486694,0.32450640201568604,-0.1976684182882309,0.999642550945282,0.41586875915527344,0.3233257830142975,-0.11174440383911133,0.9995265007019043,0.40277376770973206,0.3239094614982605,-0.17277386784553528,0.9993661046028137,0.41962170600891113,0.34191492199897766,-0.16678813099861145,0.9998977184295654,0.41500839591026306,0.3428942859172821,-0.18449892103672028,0.9998693466186523,0.42923101782798767,0.3532024323940277,-0.06314025074243546,0.9999818801879883,0.3664575219154358,0.36129727959632874,-0.1352999061346054,0.9998359084129333,0.4635958671569824,0.3926841616630554,-0.03156404569745064,0.9777857065200806,0.3432844579219818,0.41811129450798035,-0.14480096101760864,0.9843711256980896,0.465349018573761,0.43359166383743286,-0.08929203450679779,0.9697474837303162,0.3724820017814636,0.4585660398006439,-0.18482628464698792,0.9729552865028381,0.46787190437316895,0.4453297555446625,-0.10690285265445709,0.9441108107566833,0.37850382924079895,0.4766443073749542,-0.20521576702594757,0.9489483833312988,0.46151867508888245,0.443484365940094,-0.12020991742610931,0.9492176175117493,0.38434743881225586,0.47302982211112976,-0.2138090580701828,0.9492245316505432,0.4586358964443207,0.43965157866477966,-0.09558213502168655,0.9376980662345886,0.3834652006626129,0.4665709435939789,-0.18739691376686096,0.9240204095840454,0.4148392677307129,0.45953890681266785,0.009863226674497128,0.9996108412742615,0.3779059648513794,0.45838305354118347,-0.009776138700544834,0.9992679953575134,0.44385045766830444,0.4964928925037384,-0.18268701434135437,0.8068382740020752,0.363970011472702,0.49399563670158386,-0.24221546947956085,0.8035212159156799,0.4213389456272125,0.5782127380371094,-0.041198525577783585,0.7698789834976196,0.37944990396499634,0.5626604557037354,-0.08437339216470718,0.7781465649604797,0.4119168221950531,0.5851295590400696,-0.029250824823975563,0.7244227528572083,0.387631356716156,0.5695422887802124,-0.07022364437580109,0.7093546986579895,0.42835330963134766,0.6112046837806702,-0.09867508709430695,0.7743613719940186,0.3821200728416443,0.6096042394638062,-0.13879993557929993,0.7759751081466675
16,0.4222618639469147,0.33486631512641907,-0.2148318737745285,0.9999053478240967,0.4221816956996918,0.3252456486225128,-0.204594686627388,0.9997481107711792,0.42249250411987305,0.3248290717601776,-0.20457807183265686,0.9997467398643494,0.422755628824234,0.3243355453014374,-0.2046256810426712,0.9997701048851013,0.41873282194137573,0.3256669342517853,-0.21655359864234924,0.9997004270553589,0.4162387251853943,0.3256676495075226,-0.21661321818828583,0.9996622800827026,0.4133264124393463,0.32562828063964844,-0.2166101634502411,0.9996747970581055,0.41701430082321167,0.3240421414375305,-0.13101749122142792,0.9995667338371277,0.40326255559921265,0.3247988820075989,-0.18705661594867706,0.9994257092475891,0.42050161957740784,0.3426918089389801,-0.1849052608013153,0.9999070763587952,0.41569486260414124,0.34372732043266296,-0.20109422504901886,0.9998818635940552,0.42967110872268677,0.35341569781303406,-0.08003941923379898,0.9999834299087524,0.3666154444217682,0.36011961102485657,-0.1398524045944214,0.9998478293418884,0.4674855172634125,0.3940715789794922,-0.04391523078083992,0.9797389507293701,0.33988770842552185,0.4128994941711426,-0.14748910069465637,0.9856656789779663,0.4639742374420166,0.4372241795063019,-0.10886190831661224,0.9720423817634583,0.368177592754364,0.45496276021003723,-0.18627795577049255,0.9740628004074097,0.4663473069667816,0.45122966170310974,-0.12733358144760132,0.947389543056488,0.3740684390068054,0.47338584065437317,-0.2059466391801834,0.9499285221099854,0.4610975682735443,0.4485369622707367,-0.14010629057884216,0.9521818161010742,0.3795158267021179,0.46927329897880554,-0.2148011177778244,0.9501222968101501,0.4570998549461365,0.444140762090683,-0.11489702761173248,0.9411441087722778,0.3787952661514282,0.462423712015152,-0.18881508708000183,0.9246997833251953,0.41486406326293945,0.459724098443985,0.00987100787460804,0.9996380805969238,0.3776249289512634,0.4585801064968109,-0.009785561822354794,0.9993152022361755,0.44383400678634644,0.4962735176086426,-0.1876523494720459,0.8256183862686157,0.3661387860774994,0.4931028485298157,-0.24657182395458221,0.8223425149917603,0.42130717635154724,0.5780705213546753,-0.0419369637966156,0.7914224863052368,0.37934303283691406,0.5627346038818359,-0.08765606582164764,0.7975422143936157,0.4118790030479431,0.5848187208175659,-0.029787510633468628,0.7427904009819031,0.38653331995010376,0.5685312747955322,-0.07297135889530182,0.7218822836875916,0.4283188283443451,0.612193763256073,-0.09980185329914093,0.7945416569709778,0.3822005093097687,0.6096329092979431,-0.141246035695076,0.7946597933769226
17,0.42272883653640747,0.33716627955436707,-0.2597360908985138,0.9999129176139832,0.4228737950325012,0.32751601934432983,-0.24931839108467102,0.9997677206993103,0.4232795834541321,0.32701942324638367,-0.2493022233247757,0.9997660517692566,0.42361512780189514,0.326445609331131,-0.2493526041507721,0.9997872710227966,0.4192601144313812,0.3279024064540863,-0.26098525524139404,0.9997255206108093,0.41673097014427185,0.327798455953598,-0.26105251908302307,0.9996916055679321,0.41375184059143066,0.3276682496070862,-0.2610633075237274,0.9997032284736633,0.418292760848999,0.3252502679824829,-0.17016658186912537,0.9996013045310974,0.4037661552429199,0.3261472284793854,-0.22451917827129364,0.9994789361953735,0.42128461599349976,0.3442545235157013,-0.2272695004940033,0.9999155402183533,0.4162333011627197,0.3452834188938141,-0.2430582344532013,0.9998931288719177,0.43084096908569336,0.3543815314769745,-0.11220663785934448,0.999984860420227,0.3671037554740906,0.35900765657424927,-0.16876891255378723,0.9998598098754883,0.4690086245536804,0.3957192301750183,-0.08742105960845947,0.9815436005592346,0.33571943640708923,0.4072890877723694,-0.17716088891029358,0.9869441390037537,0.4637905955314636,0.4431914985179901,-0.15047284960746765,0.9741210341453552,0.36446624994277954,0.45240074396133423,-0.2199113368988037,0.9753547310829163,0.46035975217819214,0.45856973528862,-0.17074009776115417,0.9502984285354614,0.37056079506874084,0.4710291624069214,-0.24063213169574738,0.9511847496032715,0.45453038811683655,0.4541599452495575,-0.18149855732917786,0.9547783732414246,0.3758314251899719,0.46670499444007874,-0.24979165196418762,0.9512673020362854,0.45353880524635315,0.44909900426864624,-0.1554802507162094,0.9439851641654968,0.37519001960754395,0.4601612985134125,-0.22260911762714386,0.9257166385650635,0.4154973030090332,0.45990508794784546,0.00979913305491209,0.9996635913848877,0.37759658694267273,0.4587976038455963,-0.009717745706439018,0.9993600845336914,0.44375738501548767,0.49591973423957825,-0.19365903735160828,0.84248948097229,0.3676546812057495,0.4930129051208496,-0.25889334082603455,0.839231014251709,0.4212685525417328,0.5778558254241943,-0.04263361170887947,0.8108680248260498,0.37934911251068115,0.5628365874290466,-0.08741487562656403,0.8144634962081909,0.41188710927963257,0.584612250328064,-0.030123498290777206,0.7592008113861084,0.38607659935951233,0.5685877203941345,-0.07063381373882294,0.7311577796936035,0.4277046322822571,0.6124307513237,-0.1010318249464035,0.812834620475769,0.3822399973869324,0.6096065044403076,-0.13942234218120575,0.8106755614280701
18,0.42310523986816406,0.3389332890510559,-0.2559536099433899,0.9999192953109741,0.42329102754592896,0.32949209213256836,-0.24628189206123352,0.9997842907905579,0.4236833453178406,0.32895782589912415,-0.2462526261806488,0.9997826218605042,0.42401495575904846,0.32832998037338257,-0.24629303812980652,0.9998018145561218,0.4198022484779358,0.32986047863960266,-0.25830867886543274,0.9997466802597046,0.4173355996608734,0.32973533868789673,-0.2583797574043274,0.9997168183326721,0.414388507604599,0.3295426666736603,-0.2583940029144287,0.9997273087501526,0.4185931086540222,0.32681941986083984,-0.17065782845020294,0.9996317625045776,0.4041193425655365,0.3277612328529358,-0.22700712084770203,0.9995251893997192,0.4216633439064026,0.3456447720527649,-0.224690243601799,0.9999229907989502,0.4165898263454437,0.3466391861438751,-0.24108679592609406,0.9999030828475952,0.4313894212245941,0.355821430683136,-0.11670360714197159,0.9999861717224121,0.36744117736816406,0.35831955075263977,-0.17252309620380402,0.9998700618743896,0.4695475697517395,0.39600417017936707,-0.09342366456985474,0.9831699728965759,0.3326297700405121,0.40296322107315063,-0.18091191351413727,0.9880735278129578,0.45761197805404663,0.44888049364089966,-0.15130004286766052,0.9760547280311584,0.3602777123451233,0.4508013427257538,-0.21723702549934387,0.9762330651283264,0.45203152298927307,0.46447667479515076,-0.17036716639995575,0.952949583530426,0.36702629923820496,0.46969038248062134,-0.23701360821723938,0.9514714479446411,0.4462951719760895,0.45914459228515625,-0.18012766540050507,0.9571471214294434,0.37208589911460876,0.4648933410644531,-0.2455468624830246,0.9514672756195068,0.44672471284866333,0.4539887011051178,-0.155633345246315,0.946624755859375,0.3708970844745636,0.4583013355731964,-0.21957656741142273,0.9256480932235718,0.41650286316871643,0.4594818651676178,0.009675630368292332,0.9996856451034546,0.37762317061424255,0.4588955342769623,-0.009603486396372318,0.9993962645530701,0.4418945908546448,0.49492838978767395,-0.1948438286781311,0.8575270771980286,0.36767542362213135,0.49254512786865234,-0.25745221972465515,0.8541232943534851,0.42134347558021545,0.5777164101600647,-0.05354754999279976,0.8282261490821838,0.37955909967422485,0.5628681778907776,-0.08308733999729156,0.8292396068572998,0.41247597336769104,0.5845315456390381,-0.04179346188902855,0.7735027074813843,0.3861510157585144,0.5683742165565491,-0.06657155603170395,0.7393690347671509,0.4272798001766205,0.612513542175293,-0.11687803268432617,0.8292949795722961,0.38224875926971436,0.6095693707466125,-0.13522715866565704,0.8246983885765076
19,0.42337459325790405,0.3401162922382355,-0.26373258233070374,0.9999244213104248,0.4234936833381653,0.3310345709323883,-0.2545376420021057,0.9997963309288025,0.4238748550415039,0.3305361568927765,-0.2545029819011688,0.9997947216033936,0.4242080748081207,0.3299250304698944,-0.2545390725135803,0.9998118877410889,0.4200713634490967,0.33123159408569336,-0.26625382900238037,0.9997633099555969,0.41763678193092346,0.3310520052909851,-0.26632997393608093,0.9997376203536987,0.41473978757858276,0.3308001458644867,-0.2663533091545105,0.999747097492218,0.41877222061157227,0.32830893993377686,-0.17864203453063965,0.9996554255485535,0.4044322967529297,0.32912832498550415,-0.23406127095222473,0.9995647668838501,0.4218429923057556,0.3466230034828186,-0.2321815937757492,0.9999294281005859,0.416766494512558,0.347479909658432,-0.24830618500709534,0.999911904335022,0.4324856698513031,0.3584354817867279,-0.12221597135066986,0.9999873042106628,0.3678240180015564,0.3578324317932129,-0.1750447005033493,0.9998795986175537,0.4697237014770508,0.39936012029647827,-0.09476763755083084,0.9846293330192566,0.3307338058948517,0.40069806575775146,-0.1814069300889969,0.9891090989112854,0.4534018933773041,0.45294249057769775,-0.14879396557807922,0.9777497053146362,0.3575986325740814,0.4510730803012848,-0.21600350737571716,0.9771289825439453,0.4484431743621826,0.4680401384830475,-0.16789522767066956,0.955213725566864,0.36473044753074646,0.4693460762500763,-0.23536017537117004,0.9519561529159546,0.44184908270835876,0.4628071188926697,-0.17761638760566711,0.9591653943061829,0.3697143793106079,0.4644568860530853,-0.24378356337547302,0.9519087076187134,0.4420866072177887,0.4578458368778229,-0.15302328765392303,0.9488570690155029,0.36840739846229553,0.4580721855163574,-0.2182702124118805,0.9261779189109802,0.4173392355442047,0.4595229923725128,0.009309672750532627,0.9997022151947021,0.3776685893535614,0.4590372145175934,-0.009234046563506126,0.9994248151779175,0.4418441355228424,0.4942439794540405,-0.20307593047618866,0.8707578778266907,0.36738312244415283,0.49141108989715576,-0.2595905661582947,0.8670710325241089,0.42133909463882446,0.5776017904281616,-0.05652819946408272,0.8431697487831116,0.37950432300567627,0.5629058480262756,-0.09011651575565338,0.8415932059288025,0.41254955530166626,0.5844494104385376,-0.04447255656123161,0.7843924760818481,0.38572317361831665,0.5685462951660156,-0.07514777779579163,0.7454260587692261,0.4267144799232483,0.6124153137207031,-0.12232474237680435,0.8431511521339417,0.38216501474380493,0.6095549464225769,-0.15089568495750427,0.8361518979072571
20,0.42344778776168823,0.3427051901817322,-0.26976102590560913,0.9999294877052307,0.423563152551651,0.3339325189590454,-0.2608943581581116,0.9998090267181396,0.42394179105758667,0.3334212303161621,-0.26086288690567017,0.9998072981834412,0.42428237199783325,0.33276331424713135,-0.26090213656425476,0.9998230934143066,0.42017602920532227,0.33396148681640625,-0.27312248945236206,0.9997795820236206,0.41776585578918457,0.33363282680511475,-0.27319449186325073,0.9997569918632507,0.41491109132766724,0.33322998881340027,-0.2732177674770355,0.9997657537460327,0.4188079833984375,0.33051297068595886,-0.18552729487419128,0.9996801018714905,0.40470394492149353,0.3310968279838562,-0.2429395467042923,0.9996013045310974,0.421888530254364,0.348993182182312,-0.23821499943733215,0.9999356269836426,0.41678398847579956,0.3496733009815216,-0.25489842891693115,0.9999200701713562,0.43289169669151306,0.3599901795387268,-0.1308378428220749,0.9999883770942688,0.36814063787460327,0.35792431235313416,-0.18409289419651031,0.9998882412910461,0.4696817994117737,0.4026651084423065,-0.11050629615783691,0.9859721064567566,0.3297843039035797,0.40057456493377686,-0.19711491465568542,0.9900349378585815,0.4514954686164856,0.45602020621299744,-0.17122533917427063,0.9794164896011353,0.35507887601852417,0.452068954706192,-0.23743167519569397,0.9778714179992676,0.44712090492248535,0.4706517457962036,-0.19266334176063538,0.9577793478965759,0.36355146765708923,0.4697488844394684,-0.2582654058933258,0.9523468017578125,0.43993625044822693,0.46562114357948303,-0.20237943530082703,0.9614942073822021,0.36857515573501587,0.4647569954395294,-0.26703861355781555,0.9522585272789001,0.4400739073753357,0.46067148447036743,-0.17575591802597046,0.9514698386192322,0.3671218156814575,0.4586353302001953,-0.24013975262641907,0.9264229536056519,0.41852957010269165,0.4604412615299225,0.009079547598958015,0.9997196793556213,0.37798696756362915,0.4608945846557617,-0.008996738120913506,0.9994542002677917,0.442068487405777,0.49172699451446533,-0.21114949882030487,0.8829861879348755,0.3671613335609436,0.4913276731967926,-0.26107653975486755,0.8790097236633301,0.42130357027053833,0.5774539709091187,-0.057240329682826996,0.8573043346405029,0.3795321583747864,0.5629627108573914,-0.08769863098859787,0.8538150191307068,0.41256147623062134,0.5844089388847351,-0.04485532268881798,0.7963998913764954,0.3857101798057556,0.5686647295951843,-0.07269075512886047,0.7543483972549438,0.42632192373275757,0.6123545169830322,-0.1248278021812439,0.856583297252655,0.38209909200668335,0.6095378398895264,-0.14866116642951965,0.8477697372436523
21,0.4234284460544586,0.3452657461166382,-0.25688961148262024,0.9999334812164307,0.42352181673049927,0.3367549479007721,-0.2480228692293167,0.9998183250427246,0.4238806664943695,0.33629029989242554,-0.24798938632011414,0.9998167753219604,0.4242118000984192,0.3356579542160034,-0.2480258047580719,0.9998311996459961,0.4202290177345276,0.3365451693534851,-0.26042425632476807,0.9997923970222473,0.4178636968135834,0.3360496759414673,-0.26049619913101196,0.9997731447219849,0.41508346796035767,0.33545204997062683,-0.2605235278606415,0.9997811317443848,0.41870546340942383,0.3332591652870178,-0.17510978877544403,0.9996997714042664,0.4049336314201355,0.3331385850906372,-0.23344647884368896,0.9996321201324463,0.421821266412735,0.351468950510025,-0.22630064189434052,0.9999409317970276,0.4167459011077881,0.351946622133255,-0.24324826896190643,0.9999271631240845,0.4331001341342926,0.3629494905471802,-0.12314512580633163,0.9999892115592957,0.3682267963886261,0.3579918444156647,-0.17740441858768463,0.9998950958251953,0.4686809480190277,0.40520527958869934,-0.10111524164676666,0.9870601892471313,0.32987910509109497,0.4008173644542694,-0.1885300725698471,0.9908053874969482,0.4498516917228699,0.45959901809692383,-0.15849915146827698,0.9805291891098022,0.35464635491371155,0.45279207825660706,-0.22666184604167938,0.9781273007392883,0.44473129510879517,0.47410666942596436,-0.1791350543498993,0.9588966965675354,0.3632282614707947,0.4702538251876831,-0.2480749636888504,0.9518387913703918,0.43802133202552795,0.46816152334213257,-0.1899491846561432,0.9624735116958618,0.3680657744407654,0.46528851985931396,-0.2565540671348572,0.9516713619232178,0.4384225308895111,0.46302735805511475,-0.16331951320171356,0.9523859620094299,0.36670202016830444,0.4592127501964569,-0.22923049330711365,0.9253736734390259,0.4193296432495117,0.4611954092979431,0.008637925609946251,0.9997304081916809,0.37827691435813904,0.46186164021492004,-0.008552211336791515,0.9994741082191467,0.442218154668808,0.4899408519268036,-0.21660833060741425,0.8937860131263733,0.3659816384315491,0.4898332357406616,-0.26291242241859436,0.8896387815475464,0.42129436135292053,0.576880156993866,-0.06241171434521675,0.8697261810302734,0.3795340657234192,0.5627372860908508,-0.09333957731723785,0.8650830984115601,0.41258493065834045,0.5840484499931335,-0.049877431243658066,0.806912899017334,0.385662704706192,0.5686258673667908,-0.0787227526307106,0.7649460434913635,0.42614150047302246,0.6123365163803101,-0.12923315167427063,0.8683881163597107,0.38201242685317993,0.6094589829444885,-0.15556775033473969,0.8585770726203918
22,0.42344680428504944,0.3488576114177704,-0.2787320613861084,0.9999375939369202,0.42354196310043335,0.3406907618045807,-0.27069565653800964,0.9998281598091125,0.4239031672477722,0.340264230966568,-0.27065324783325195,0.9998266696929932,0.4242440164089203,0.3397151231765747,-0.2706884443759918,0.9998399615287781,0.4202292561531067,0.34039220213890076,-0.282579630613327,0.9998048543930054,0.4178520143032074,0.33983591198921204,-0.28265759348869324,0.9997883439064026,0.4150715470314026,0.33920079469680786,-0.2826908230781555,0.99979567527771,0.41895586252212524,0.33734360337257385,-0.196160688996315,0.9997192025184631,0.40505561232566833,0.33664780855178833,-0.2524321675300598,0.9996603727340698,0.4218170642852783,0.35481539368629456,-0.24717669188976288,0.9999459385871887,0.416715145111084,0.35536620020866394,-0.2635584771633148,0.999933660030365,0.43314799666404724,0.36476436257362366,-0.13893818855285645,0.9999899864196777,0.3685702383518219,0.35818222165107727,-0.19011522829532623,0.9999015927314758,0.46847501397132874,0.40769514441490173,-0.11793418228626251,0.9881109595298767,0.3296721577644348,0.40127116441726685,-0.20143568515777588,0.9915224313735962,0.44925418496131897,0.4622942805290222,-0.17342236638069153,0.9817603230476379,0.35411518812179565,0.4529384970664978,-0.23756735026836395,0.9784595966339111,0.44405969977378845,0.47735774517059326,-0.19381031394004822,0.9605388641357422,0.3624541461467743,0.47050145268440247,-0.2576884925365448,0.9514897465705872,0.4370355010032654,0.4707185626029968,-0.2023683488368988,0.9639281630516052,0.3676932752132416,0.4654296636581421,-0.2661641240119934,0.9512474536895752,0.43725138902664185,0.46542173624038696,-0.17721787095069885,0.9538779854774475,0.36667877435684204,0.4592691659927368,-0.2400682419538498,0.924583375453949,0.4194570481777191,0.46136805415153503,0.008180319331586361,0.9997419118881226,0.3784087896347046,0.46217697858810425,-0.008090773597359657,0.9994939565658569,0.44209998846054077,0.48811566829681396,-0.22554108500480652,0.9035078287124634,0.36508482694625854,0.4886847138404846,-0.2674816846847534,0.8991727828979492,0.4212014079093933,0.575188934803009,-0.065371572971344,0.8809435963630676,0.3794553875923157,0.562359094619751,-0.09424760937690735,0.8752505779266357,0.4126895070075989,0.5829952955245972,-0.05234508961439133,0.8166201114654541,0.3853369653224945,0.5684199929237366,-0.07936592400074005,0.7745450735092163,0.4258267879486084,0.6119163036346436,-0.13342271745204926,0.87911057472229,0.38199418783187866,0.6092305779457092,-0.1582694947719574,0.8682434558868408
23,0.4237476885318756,0.35150834918022156,-0.3251616060733795,0.999941349029541,0.42382949590682983,0.34337756037712097,-0.3166421055793762,0.99983811378479,0.4241791367530823,0.34296098351478577,-0.31660163402557373,0.9998359680175781,0.4245121479034424,0.3424515426158905,-0.3166460394859314,0.9998486042022705,0.4205561578273773,0.34317487478256226,-0.3285202383995056,0.9998170137405396,0.41821494698524475,0.3426724374294281,-0.32860100269317627,0.9998021125793457,0.4154197573661804,0.3421134352684021,-0.3286328613758087,0.999809205532074,0.4194219708442688,0.34054288268089294,-0.2361120730638504,0.9997377991676331,0.40531644225120544,0.3396003544330597,-0.29240745306015015,0.9996864795684814,0.42213988304138184,0.3575367331504822,-0.2912011742591858,0.9999507069587708,0.4169878363609314,0.35827118158340454,-0.30754536390304565,0.9999397993087769,0.4332331717014313,0.36639437079429626,-0.1723320335149765,0.9999907612800598,0.3689841330051422,0.3596833050251007,-0.22263328731060028,0.9999075531959534,0.4693997800350189,0.4106326401233673,-0.15828152000904083,0.9891411662101746,0.32923150062561035,0.40268105268478394,-0.23868227005004883,0.9921988844871521,0.4498567581176758,0.46411219239234924,-0.2247622311115265,0.9831160306930542,0.35563328862190247,0.4559991657733917,-0.28409144282341003,0.979004979133606,0.4448758065700531,0.4792570471763611,-0.24918854236602783,0.962825357913971,0.36302345991134644,0.47313541173934937,-0.30779242515563965,0.9518234133720398,0.4380119740962982,0.4724169671535492,-0.2582648992538452,0.9659692645072937,0.3688514828681946,0.4686935544013977,-0.3167756199836731,0.9514191150665283,0.4381144642829895,0.46719828248023987,-0.2290966808795929,0.9560948610305786,0.3681630492210388,0.4628959596157074,-0.2871457040309906,0.9243190884590149,0.41939201951026917,0.46138355135917664,0.00811329297721386,0.9997513890266418,0.37845784425735474,0.46293121576309204,-0.008022135123610497,0.9995068311691284,0.442106157541275,0.4857867360115051,-0.23798510432243347,0.9121322631835938,0.3636729121208191,0.48875701427459717,-0.2805477976799011,0.9072782397270203,0.420991986989975,0.574695348739624,-0.06506004184484482,0.8905405402183533,0.3794194161891937,0.5615690350532532,-0.09027709066867828,0.8826901912689209,0.4126547873020172,0.5824030637741089,-0.0511484332382679,0.8239784240722656,0.3851442039012909,0.5664107799530029,-0.07238832861185074,0.7796334624290466,0.42573070526123047,0.6118789315223694,-0.13448677957057953,0.8879795670509338,0.3819975256919861,0.6089255213737488,-0.15672412514686584,0.8744469881057739
24,0.42469796538352966,0.3549676835536957,-0.34015631675720215,0.9999427795410156,0.42457184195518494,0.3460579216480255,-0.3314126133918762,0.9998417496681213,0.42482900619506836,0.34559574723243713,-0.3313780128955841,0.9998382329940796,0.4250658452510834,0.3450557291507721,-0.3314298689365387,0.9998506903648376,0.42155179381370544,0.3458259403705597,-0.34290212392807007,0.9998229742050171,0.41922464966773987,0.3453301191329956,-0.3429862856864929,0.9998092651367188,0.4163857102394104,0.34485045075416565,-0.34301868081092834,0.9998162388801575,0.41970664262771606,0.34358131885528564,-0.24983474612236023,0.9997469782829285,0.4055529534816742,0.3432091474533081,-0.30438750982284546,0.9997042417526245,0.4231456220149994,0.3611709177494049,-0.30588653683662415,0.9999545216560364,0.418229877948761,0.3617798388004303,-0.3217422664165497,0.9999449849128723,0.43358635902404785,0.3690471649169922,-0.1846483051776886,0.9999912977218628,0.36931076645851135,0.3627707064151764,-0.23350782692432404,0.9999113082885742,0.47051411867141724,0.41234350204467773,-0.16972574591636658,0.9900714159011841,0.3294888734817505,0.4031597971916199,-0.24716317653656006,0.9927748441696167,0.45193344354629517,0.4658220410346985,-0.23248383402824402,0.9842674136161804,0.35662704706192017,0.4599135220050812,-0.2912619709968567,0.9790164232254028,0.4455641806125641,0.48139485716819763,-0.25588616728782654,0.964605450630188,0.3638812005519867,0.4773038923740387,-0.31457263231277466,0.9505922198295593,0.4381135106086731,0.4742017090320587,-0.26519209146499634,0.9675455689430237,0.3697319030761719,0.47284093499183655,-0.32367590069770813,0.9499894976615906,0.43939146399497986,0.46889933943748474,-0.23673181235790253,0.9577380418777466,0.3690609335899353,0.46736252307891846,-0.29429247975349426,0.9217157363891602,0.4190921187400818,0.4616599678993225,0.0081702321767807,0.9997581839561462,0.3779791593551636,0.46414312720298767,-0.00808122381567955,0.999515950679779,0.4420931339263916,0.48613327741622925,-0.23015674948692322,0.9198184013366699,0.36342787742614746,0.48991429805755615,-0.2860618829727173,0.9146337509155273,0.42099007964134216,0.574594259262085,-0.04974135011434555,0.8989085555076599,0.37927526235580444,0.5612257719039917,-0.0782846137881279,0.8887808918952942,0.4126807749271393,0.5821911096572876,-0.034461840987205505,0.8288167715072632,0.38491955399513245,0.5663431882858276,-0.05919574573636055,0.7805349230766296,0.4258178174495697,0.6118497252464294,-0.1176096573472023,0.8952046632766724,0.3820071816444397,0.6085595488548279,-0.14102335274219513,0.8788302540779114
25,0.4250876307487488,0.36084067821502686,-0.36469632387161255,0.999944806098938,0.4250120222568512,0.35149478912353516,-0.35676711797714233,0.9998480081558228,0.4252498745918274,0.3507680296897888,-0.3567407727241516,0.9998430013656616,0.42545413970947266,0.3499735891819,-0.3568073809146881,0.9998553991317749,0.42203813791275024,0.35184144973754883,-0.3675175607204437,0.999832034111023,0.4196692407131195,0.351522833108902,-0.3676084578037262,0.9998189806938171,0.41669708490371704,0.3512391149997711,-0.36764276027679443,0.9998261332511902,0.420107364654541,0.3477182388305664,-0.27688321471214294,0.9997578263282776,0.4055207371711731,0.34888744354248047,-0.32774466276168823,0.9997249841690063,0.42368918657302856,0.36639076471328735,-0.33073827624320984,0.999957799911499,0.4188070297241211,0.36780908703804016,-0.34550318121910095,0.9999496936798096,0.4340849816799164,0.370757520198822,-0.20893004536628723,0.9999917149543762,0.3697119355201721,0.36578285694122314,-0.25908249616622925,0.9999166131019592,0.4709916114807129,0.4140688478946686,-0.1987326294183731,0.9909000396728516,0.3301185071468353,0.40892598032951355,-0.2765890955924988,0.9933263063430786,0.4567694067955017,0.4685060679912567,-0.2662197947502136,0.9851652979850769,0.3576194643974304,0.466837614774704,-0.32337671518325806,0.9795591831207275,0.45517152547836304,0.4834226071834564,-0.29015570878982544,0.9658834338188171,0.36485421657562256,0.48433196544647217,-0.3480098843574524,0.9508447051048279,0.4480912685394287,0.47786447405815125,-0.30173903703689575,0.9686640501022339,0.3706480860710144,0.4794400632381439,-0.35642826557159424,0.9501303434371948,0.4469379484653473,0.4729762375354767,-0.27168282866477966,0.9589020609855652,0.3698500990867615,0.4737299978733063,-0.3262639343738556,0.9212061166763306,0.4178471565246582,0.4616011083126068,0.010365073569118977,0.9997698068618774,0.3775363564491272,0.4640592336654663,-0.010304094292223454,0.9995383024215698,0.4421396255493164,0.49621137976646423,-0.2170073539018631,0.9263858199119568,0.36438602209091187,0.49327927827835083,-0.2783137261867523,0.9209945797920227,0.4209733009338379,0.5749505162239075,-0.02268604002892971,0.905483067035675,0.37922409176826477,0.5612508654594421,-0.06096624210476875,0.8943752646446228,0.4123881757259369,0.582230806350708,-0.006914772093296051,0.8316329717636108,0.3849143385887146,0.5664342045783997,-0.04202483594417572,0.7776047587394714,0.42638134956359863,0.6116810441017151,-0.08453383296728134,0.9001594185829163,0.38200849294662476,0.6083346605300903,-0.12156988680362701,0.8822812438011169
26,0.42500272393226624,0.36898237466812134,-0.37592047452926636,0.9999458193778992,0.4251171946525574,0.35844120383262634,-0.36987024545669556,0.9998535513877869,0.42543163895606995,0.35736653208732605,-0.36984747648239136,0.999846875667572,0.4256874620914459,0.35624951124191284,-0.36993205547332764,0.9998594522476196,0.42192667722702026,0.35966747999191284,-0.37767109274864197,0.9998382329940796,0.41955557465553284,0.3595659136772156,-0.3777610957622528,0.9998251795768738,0.41667118668556213,0.35937345027923584,-0.3777814209461212,0.9998329877853394,0.42058101296424866,0.3527827858924866,-0.2907974123954773,0.9997683763504028,0.40550145506858826,0.35573238134384155,-0.3274316191673279,0.999740481376648,0.4237879812717438,0.3732244372367859,-0.3414722979068756,0.9999604821205139,0.41868600249290466,0.37552157044410706,-0.3521742820739746,0.9999534487724304,0.4345393776893616,0.3735782206058502,-0.21669140458106995,0.9999922513961792,0.36972731351852417,0.37168070673942566,-0.25107961893081665,0.9999212622642517,0.4720999598503113,0.41507455706596375,-0.20052310824394226,0.9916781187057495,0.3306457996368408,0.4181912839412689,-0.2555597722530365,0.9938607811927795,0.46744829416275024,0.47156283259391785,-0.2669157385826111,0.9860193729400635,0.3580097556114197,0.4721011817455292,-0.30260735750198364,0.9802490472793579,0.468869686126709,0.4871005713939667,-0.2893589735031128,0.9672001004219055,0.36528143286705017,0.48954933881759644,-0.32426968216896057,0.9512206315994263,0.4601266384124756,0.4846791625022888,-0.3030959665775299,0.9699239134788513,0.3711816370487213,0.4847157597541809,-0.33550965785980225,0.9507039189338684,0.45737776160240173,0.4799478352069855,-0.2728046178817749,0.9603162407875061,0.3701758086681366,0.4792730212211609,-0.30625051259994507,0.9218493700027466,0.41735559701919556,0.46172380447387695,0.010162058286368847,0.999787449836731,0.37723508477211,0.465732216835022,-0.010123375803232193,0.9995670914649963,0.4418954849243164,0.49759435653686523,-0.22298531234264374,0.932489275932312,0.3652460277080536,0.5121365189552307,-0.22825948894023895,0.9261215329170227,0.4206700921058655,0.5752280950546265,-0.03489459306001663,0.9117587208747864,0.37917906045913696,0.5624258518218994,-0.002439070027321577,0.896028459072113,0.41202062368392944,0.5823708176612854,-0.021132659167051315,0.8342316746711731,0.38444334268569946,0.5668630003929138,0.01777813956141472,0.7667949795722961,0.42642784118652344,0.6116739511489868,-0.09983397275209427,0.9054100513458252,0.3820275664329529,0.6082402467727661,-0.04951862618327141,0.8809690475463867
27,0.4251118302345276,0.3731268346309662,-0.4274257719516754,0.9999451041221619,0.4253743588924408,0.3627074062824249,-0.42114338278770447,0.9998596906661987,0.42569154500961304,0.36150312423706055,-0.4211263656616211,0.9998472332954407,0.42593249678611755,0.3602069020271301,-0.421237051486969,0.9998632073402405,0.4220763146877289,0.3642795979976654,-0.42869171500205994,0.999844491481781,0.41967588663101196,0.36431875824928284,-0.428779661655426,0.9998257756233215,0.416787713766098,0.36424365639686584,-0.42878594994544983,0.9998360276222229,0.420633465051651,0.35665902495384216,-0.3373793959617615,0.9997760057449341,0.40571460127830505,0.3609391450881958,-0.37150338292121887,0.9997292757034302,0.42391619086265564,0.3774382770061493,-0.39063727855682373,0.9999618530273438,0.41869083046913147,0.37988871335983276,-0.4006941318511963,0.9999547004699707,0.4346582889556885,0.37568405270576477,-0.24949446320533752,0.9999927878379822,0.36975786089897156,0.3767118453979492,-0.285005658864975,0.9999228715896606,0.47206011414527893,0.41636648774147034,-0.230636328458786,0.9923613667488098,0.3309045135974884,0.42625102400779724,-0.2916032671928406,0.9943972229957581,0.4762280583381653,0.4722939729690552,-0.3021746277809143,0.9867604970932007,0.35857611894607544,0.4778561294078827,-0.3423423171043396,0.9815553426742554,0.48340311646461487,0.4880327880382538,-0.32810962200164795,0.9681506156921387,0.36556366086006165,0.4944814145565033,-0.3649933934211731,0.9537304639816284,0.47366008162498474,0.48783254623413086,-0.34483712911605835,0.9709499478340149,0.3712536096572876,0.48944181203842163,-0.3786415755748749,0.9533874988555908,0.46998053789138794,0.48290327191352844,-0.30977290868759155,0.9615557193756104,0.3705771565437317,0.48391667008399963,-0.3471698462963104,0.9256628751754761,0.41684389114379883,0.4618348777294159,0.007786748465150595,0.9998077154159546,0.3771502375602722,0.4667111039161682,-0.007744216825813055,0.9995898604393005,0.4417225420475006,0.4986118972301483,-0.22775575518608093,0.9380214810371399,0.376426637172699,0.5250539183616638,0.04327695816755295,0.9180609583854675,0.4206729829311371,0.5757473707199097,-0.06822220236063004,0.917966365814209,0.3793916404247284,0.5644872188568115,0.28653132915496826,0.8874748349189758,0.41208165884017944,0.5869800448417664,-0.05515439435839653,0.8412237167358398,0.3844272196292877,0.5685577988624573,0.3075176179409027,0.7434442043304443,0.426429808139801,0.6116538643836975,-0.14448420703411102,0.9123961329460144,0.38206619024276733,0.6080572605133057,0.24423940479755402,0.8680974841117859
28,0.42682942748069763,0.37439388036727905,-0.41221147775650024,0.9999340176582336,0.4264242649078369,0.36402270197868347,-0.4060925841331482,0.9998563528060913,0.4265833795070648,0.36297813057899475,-0.40608152747154236,0.999830424785614,0.4266747534275055,0.36184564232826233,-0.4061965048313141,0.9998571276664734,0.42363667488098145,0.36540281772613525,-0.41298168897628784,0.9998401403427124,0.42147812247276306,0.36558791995048523,-0.41306549310684204,0.9998042583465576,0.41883349418640137,0.3658541440963745,-0.4130672812461853,0.9998226761817932,0.420614093542099,0.3609359860420227,-0.32903093099594116,0.9997663497924805,0.40740910172462463,0.366062730550766,-0.3598499894142151,0.9996590614318848,0.4253356456756592,0.3798537254333496,-0.3784446120262146,0.9999595880508423,0.4207516312599182,0.3819033205509186,-0.3875234127044678,0.999950647354126,0.4353686273097992,0.3820810616016388,-0.2540222108364105,0.999992847442627,0.3697090744972229,0.38479989767074585,-0.27364328503608704,0.9999112486839294,0.4726904332637787,0.4215176999568939,-0.24149039387702942,0.9928368330001831,0.331173837184906,0.43251216411590576,-0.2778647840023041,0.9947602152824402,0.4822438359260559,0.4770708680152893,-0.3067537844181061,0.9868688583374023,0.36135563254356384,0.48347175121307373,-0.32079583406448364,0.9819568991661072,0.4925801753997803,0.49288123846054077,-0.33266574144363403,0.9675633907318115,0.366935670375824,0.5003774762153625,-0.34104305505752563,0.9537425637245178,0.48390206694602966,0.49384060502052307,-0.3492572605609894,0.970683753490448,0.3739164471626282,0.49524402618408203,-0.35382160544395447,0.9536927342414856,0.47762513160705566,0.48913589119911194,-0.3141557574272156,0.9612026810646057,0.3736822307109833,0.48960351943969727,-0.3251635432243347,0.9258560538291931,0.4164222776889801,0.46166619658470154,0.0020494090858846903,0.9998242259025574,0.3770902752876282,0.4674721956253052,-0.00198447797447443,0.9995883703231812,0.4406737685203552,0.49796563386917114,-0.23213978111743927,0.9416543245315552,0.3788267970085144,0.5257377624511719,0.07072056829929352,0.9005044102668762,0.4205853044986725,0.5757569670677185,-0.10105101764202118,0.9227538704872131,0.3800148367881775,0.5680121779441833,0.29393476247787476,0.8769119381904602,0.41183239221572876,0.5868818759918213,-0.09072922170162201,0.8446704149246216,0.3851304352283478,0.572510838508606,0.31320181488990784,0.7249107956886292,0.4263607859611511,0.6115623116493225,-0.18116852641105652,0.9175095558166504,0.3820595145225525,0.6084272265434265,0.25112617015838623,0.8555939793586731
29,0.42707952857017517,0.3812403082847595,-0.4289871156215668,0.9999333620071411,0.4264938235282898,0.37161552906036377,-0.4220196604728699,0.9998607635498047,0.426718533039093,0.37033650279045105,-0.4220113754272461,0.99983149766922,0.42688098549842834,0.36892423033714294,-0.4221285879611969,0.9998604655265808,0.42349115014076233,0.3737238943576813,-0.4288567006587982,0.9998446106910706,0.4212510585784912,0.37420132756233215,-0.4289361834526062,0.9998052716255188,0.4185488224029541,0.3746422231197357,-0.4289349615573883,0.9998255968093872,0.42122524976730347,0.366620272397995,-0.34066587686538696,0.9997745156288147,0.4076235890388489,0.3737507164478302,-0.3712846636772156,0.9996566772460938,0.42593520879745483,0.3860727846622467,-0.3936062455177307,0.9999597072601318,0.42120522260665894,0.38851118087768555,-0.4026032090187073,0.9999517202377319,0.43641096353530884,0.3854261636734009,-0.2581036388874054,0.999993085861206,0.36981165409088135,0.3916483521461487,-0.28012531995773315,0.9999050498008728,0.47291913628578186,0.42694658041000366,-0.24199363589286804,0.9933655858039856,0.3323327898979187,0.4377916157245636,-0.29012244939804077,0.9950226545333862,0.48708921670913696,0.48076486587524414,-0.3109910786151886,0.9876004457473755,0.36395949125289917,0.4888463020324707,-0.3434080481529236,0.9825760722160339,0.49900633096694946,0.4949827790260315,-0.3377833962440491,0.9689479470252991,0.3692990243434906,0.5069791078567505,-0.36645516753196716,0.9548405408859253,0.4906151294708252,0.49686184525489807,-0.3563360869884491,0.9721251726150513,0.3764466643333435,0.4998384714126587,-0.37940555810928345,0.9549750685691833,0.48504209518432617,0.49330613017082214,-0.31963998079299927,0.9631394147872925,0.37622207403182983,0.4940762519836426,-0.3484850525856018,0.9277700781822205,0.41636672616004944,0.4608021080493927,0.002864548470824957,0.9998388886451721,0.3774968981742859,0.46723514795303345,-0.002784654265269637,0.9996066689491272,0.4407110810279846,0.4981583058834076,-0.21151061356067657,0.9448063969612122,0.3804291784763336,0.5217024683952332,-0.01377857755869627,0.8952993750572205,0.4205867350101471,0.5757522583007812,-0.04981463402509689,0.9263443946838379,0.38035285472869873,0.5723989009857178,0.1813453733921051,0.8809618353843689,0.41184014081954956,0.5867071151733398,-0.036567043513059616,0.8508679866790771,0.38515812158584595,0.5778270363807678,0.19704900681972504,0.7192731499671936,0.42737212777137756,0.6112223863601685,-0.12288619577884674,0.9221534132957458,0.38198229670524597,0.6094484329223633,0.12373778969049454,0.8581246137619019
30,0.4278181493282318,0.3893483877182007,-0.41508227586746216,0.9999330043792725,0.42710232734680176,0.37947577238082886,-0.4090645909309387,0.9998660087585449,0.42736467719078064,0.37820860743522644,-0.4090547561645508,0.9998335838317871,0.4275657534599304,0.37683627009391785,-0.4091673493385315,0.9998642802238464,0.42391377687454224,0.38149404525756836,-0.41534772515296936,0.9998504519462585,0.42155057191848755,0.3818433880805969,-0.41543444991111755,0.9998080730438232,0.4186928868293762,0.3821350634098053,-0.4154359698295593,0.9998295903205872,0.4224778115749359,0.3735028803348541,-0.3312951624393463,0.999782919883728,0.4080340266227722,0.37998688220977783,-0.3592836558818817,0.9996559619903564,0.4269949793815613,0.3935007154941559,-0.3808400630950928,0.9999600648880005,0.42223963141441345,0.39619091153144836,-0.38910165429115295,0.9999524354934692,0.43759244680404663,0.388498991727829,-0.24871981143951416,0.999993085861206,0.3705619275569916,0.3975338637828827,-0.27209994196891785,0.9998977780342102,0.4735061526298523,0.43107491731643677,-0.22995027899742126,0.9938015341758728,0.33310672640800476,0.4448455572128296,-0.2815198302268982,0.9953413605690002,0.4909324645996094,0.48585352301597595,-0.2937861680984497,0.9882152080535889,0.3654389977455139,0.4940023720264435,-0.32967299222946167,0.9834660291671753,0.5037071108818054,0.5000201463699341,-0.3184237480163574,0.9699580073356628,0.3710256814956665,0.5125647783279419,-0.35110336542129517,0.9565223455429077,0.4963352084159851,0.5018207430839539,-0.3366355895996094,0.9732604026794434,0.37780633568763733,0.5043217539787292,-0.36356863379478455,0.9568436741828918,0.4909897446632385,0.4985369145870209,-0.30216076970100403,0.9647451043128967,0.3774688243865967,0.4988253712654114,-0.33437925577163696,0.9306160807609558,0.416388601064682,0.46065476536750793,0.0028906508814543486,0.9998525977134705,0.3778480589389801,0.4674164056777954,-0.002789407502859831,0.9996272325515747,0.4406505525112152,0.49807965755462646,-0.21217651665210724,0.9475170373916626,0.38264918327331543,0.5269830822944641,0.01841970905661583,0.887340784072876,0.4203154444694519,0.5757022500038147,-0.055883824825286865,0.9284269213676453,0.3808944821357727,0.5749181509017944,0.2097715437412262,0.8805628418922424,0.41183289885520935,0.5863282680511475,-0.04342067614197731,0.8560120463371277,0.38536128401756287,0.581517219543457,0.2253078669309616,0.70787513256073,0.4273551106452942,0.6098877787590027,-0.12545481324195862,0.925784707069397,0.38199320435523987,0.6108512878417969,0.15770818293094635,0.8553643226623535
31,0.4288478493690491,0.39661020040512085,-0.45890578627586365,0.9999266266822815,0.42814573645591736,0.3871968388557434,-0.4539715349674225,0.9998661279678345,0.4285065531730652,0.3857710063457489,-0.4539760649204254,0.9998250603675842,0.4288052022457123,0.38425466418266296,-0.4541117548942566,0.9998627305030823,0.42474666237831116,0.38933414220809937,-0.45899349451065063,0.9998486042022705,0.42237335443496704,0.3896118998527527,-0.4590672552585602,0.9997930526733398,0.41943415999412537,0.3898140788078308,-0.45905429124832153,0.9998195767402649,0.42438969016075134,0.37973323464393616,-0.3731502890586853,0.9997855424880981,0.40867939591407776,0.3862689733505249,-0.3946823477745056,0.9996234178543091,0.42823973298072815,0.40034160017967224,-0.42290884256362915,0.9999600648880005,0.42305341362953186,0.4032743573188782,-0.4292600750923157,0.9999507665634155,0.4391893744468689,0.3932313323020935,-0.2861732840538025,0.9999934434890747,0.37059053778648376,0.4013037085533142,-0.2926556468009949,0.9998903870582581,0.4749477505683899,0.434881329536438,-0.2753830850124359,0.99427330493927,0.3340985178947449,0.4479772448539734,-0.2925509810447693,0.9956128597259521,0.4937992990016937,0.4900422692298889,-0.3480997681617737,0.9888154864311218,0.3658781945705414,0.49607419967651367,-0.34838762879371643,0.983913004398346,0.5060056447982788,0.5039887428283691,-0.37794750928878784,0.9710424542427063,0.37209123373031616,0.5148822665214539,-0.37141406536102295,0.9571560621261597,0.4984959065914154,0.505659818649292,-0.3960268795490265,0.9744112491607666,0.3788655698299408,0.5059422254562378,-0.3873446583747864,0.9577034711837769,0.4931093752384186,0.50248783826828,-0.35674306750297546,0.9662007689476013,0.37842801213264465,0.5006313920021057,-0.35464999079704285,0.9317450523376465,0.4172787666320801,0.46099814772605896,-0.00021377233497332782,0.9998642206192017,0.3783378601074219,0.4681409001350403,0.0003384081064723432,0.9996286034584045,0.4403720796108246,0.49991607666015625,-0.2014678716659546,0.9495171308517456,0.3807377517223358,0.5335434675216675,0.06672503054141998,0.875062108039856,0.4200080335140228,0.5755307674407959,-0.02469741180539131,0.928741991519928,0.3808821141719818,0.5759001970291138,0.2976195216178894,0.8666993975639343,0.4118405282497406,0.5852060317993164,-0.009826422668993473,0.8525460362434387,0.3838006854057312,0.5856871008872986,0.317538857460022,0.6887491345405579,0.4272637367248535,0.6091261506080627,-0.10164525359869003,0.9264365434646606,0.38198697566986084,0.6123300790786743,0.24425537884235382,0.8424276113510132
32,0.4312719702720642,0.40103039145469666,-0.4777330458164215,0.999920666217804,0.43097352981567383,0.3920847475528717,-0.4727444648742676,0.9998665452003479,0.43134766817092896,0.39076098799705505,-0.47274288535118103,0.9998137950897217,0.43161463737487793,0.3892841339111328,-0.47286921739578247,0.9998601078987122,0.4275767207145691,0.39427104592323303,-0.47989702224731445,0.9998492002487183,0.4253200590610504,0.39481765031814575,-0.4799843728542328,0.9997828006744385,0.422637403011322,0.3952363133430481,-0.4799868166446686,0.9998149275779724,0.42670828104019165,0.38440150022506714,-0.38985541462898254,0.9997805953025818,0.4118383824825287,0.3924623429775238,-0.42127519845962524,0.9995983242988586,0.430192232131958,0.40540286898612976,-0.4406743049621582,0.99996018409729,0.42495542764663696,0.4077281057834625,-0.4498768746852875,0.9999496936798096,0.4434816241264343,0.39329302310943604,-0.30477550625801086,0.999993622303009,0.37106406688690186,0.40532562136650085,-0.3194185197353363,0.999883770942688,0.47681450843811035,0.43755844235420227,-0.2978411316871643,0.9946564435958862,0.3341449201107025,0.45037969946861267,-0.3300776183605194,0.9959325194358826,0.4955306649208069,0.49401336908340454,-0.3738476037979126,0.9892974495887756,0.3673121929168701,0.49884527921676636,-0.38444164395332336,0.9846996665000916,0.5074055194854736,0.5078838467597961,-0.4062729775905609,0.9718462824821472,0.3741748332977295,0.5177901983261108,-0.411184161901474,0.958602249622345,0.5002564191818237,0.5090936422348022,-0.42369136214256287,0.9753270149230957,0.38093864917755127,0.5085832476615906,-0.4253005087375641,0.9592433571815491,0.4945999085903168,0.5062223672866821,-0.3826102614402771,0.9673358201980591,0.38054025173187256,0.5029915571212769,-0.39043477177619934,0.9338508248329163,0.4187641143798828,0.46112269163131714,-0.00041578017408028245,0.9998719692230225,0.3785262107849121,0.4687572717666626,0.0005375760374590755,0.9996160268783569,0.4403765797615051,0.49931567907333374,-0.17534449696540833,0.9506874680519104,0.3800241947174072,0.5365301966667175,0.08098465204238892,0.8595805168151855,0.4200722277164459,0.5749135613441467,0.011888722889125347,0.9268296957015991,0.3808569312095642,0.5748195648193359,0.33120131492614746,0.8423828482627869,0.41214507818222046,0.5840449929237366,0.0281398706138134,0.839580774307251,0.38295745849609375,0.5835729837417603,0.3536734879016876,0.6587433815002441,0.4272582530975342,0.6087059378623962,-0.060921214520931244,0.9244012832641602,0.38265204429626465,0.6121550798416138,0.2843370735645294,0.8207729458808899
33,0.4313851296901703,0.40809205174446106,-0.44500571489334106,0.9999141693115234,0.4317340850830078,0.3993935286998749,-0.44187474250793457,0.9998664259910583,0.43233418464660645,0.3980255722999573,-0.44186657667160034,0.99980628490448,0.43281006813049316,0.3965267241001129,-0.44198518991470337,0.9998584985733032,0.42782288789749146,0.40149158239364624,-0.4478302001953125,0.9998487830162048,0.4254903793334961,0.40175876021385193,-0.4479127824306488,0.9997727274894714,0.4228242039680481,0.4018924832344055,-0.44790977239608765,0.9998094439506531,0.42815303802490234,0.39027079939842224,-0.3667958080768585,0.9997793436050415,0.4129941463470459,0.3981730341911316,-0.3928207457065582,0.9995850324630737,0.4305582642555237,0.411844402551651,-0.41053444147109985,0.9999598264694214,0.42512160539627075,0.4130452871322632,-0.41828298568725586,0.9999489188194275,0.44528335332870483,0.39605480432510376,-0.2827461361885071,0.9999937415122986,0.37150344252586365,0.40904203057289124,-0.2950439155101776,0.9998785853385925,0.47810807824134827,0.439471036195755,-0.26996931433677673,0.9949069619178772,0.3344202935695648,0.4523600935935974,-0.30171969532966614,0.9962030649185181,0.49590960144996643,0.4955943524837494,-0.34010589122772217,0.9898179769515991,0.36894598603248596,0.5006755590438843,-0.35266199707984924,0.9856077432632446,0.5074824094772339,0.5091342329978943,-0.3692077100276947,0.9729486703872681,0.37621361017227173,0.5189299583435059,-0.3764623701572418,0.9606008529663086,0.5009487867355347,0.5102752447128296,-0.3865596652030945,0.9764828085899353,0.3827964663505554,0.5100193619728088,-0.3899724781513214,0.9613044857978821,0.4952751696109772,0.5074661374092102,-0.348261296749115,0.9689311385154724,0.382296085357666,0.504347026348114,-0.3580128252506256,0.937270998954773,0.41981300711631775,0.4609949290752411,0.00034374717506580055,0.9998818039894104,0.3785148561000824,0.4686017632484436,-0.00022743630688637495,0.9996311664581299,0.44022712111473083,0.4990933835506439,-0.14234349131584167,0.9503864049911499,0.3794707655906677,0.5373398065567017,0.08219215273857117,0.8432160019874573,0.42006975412368774,0.5747619867324829,0.02362045645713806,0.9223917722702026,0.38108325004577637,0.5745450258255005,0.3067367672920227,0.8205051422119141,0.41228073835372925,0.5837247371673584,0.0383899100124836,0.8303869962692261,0.3829578459262848,0.5838791728019714,0.32723376154899597,0.6312649846076965,0.4272138178348541,0.6086761355400085,-0.04340236261487007,0.9226220846176147,0.3834950923919678,0.6119928359985352,0.26381710171699524,0.8037571907043457
34,0.4325334429740906,0.41303443908691406,-0.4453981816768646,0.9999005794525146,0.43275460600852966,0.4042758345603943,-0.4437132775783539,0.9998560547828674,0.4334421753883362,0.4028148353099823,-0.44370073080062866,0.9997820258140564,0.43401798605918884,0.4011727273464203,-0.4438135623931885,0.9998451471328735,0.42869821190834045,0.40642470121383667,-0.4494558870792389,0.9998384118080139,0.42650842666625977,0.4065747559070587,-0.44954004883766174,0.9997471570968628,0.42409390211105347,0.4065800607204437,-0.4495384693145752,0.9997902512550354,0.4294596314430237,0.39463040232658386,-0.3723682761192322,0.999762237071991,0.415180504322052,0.40247842669487,-0.39741063117980957,0.9995595216751099,0.43172937631607056,0.4169454276561737,-0.4119795858860016,0.9999564290046692,0.42631226778030396,0.41757407784461975,-0.41944146156311035,0.9999448657035828,0.4470070004463196,0.3964845538139343,-0.284769743680954,0.9999938607215881,0.3724227845668793,0.41055431962013245,-0.29641222953796387,0.9998726844787598,0.478416383266449,0.4392845332622528,-0.26405069231987,0.9950830340385437,0.3359074890613556,0.4535849392414093,-0.29882508516311646,0.9964565634727478,0.4946572780609131,0.49580392241477966,-0.3287493586540222,0.9903426170349121,0.3704095780849457,0.5010924935340881,-0.34595710039138794,0.986542284488678,0.5068343281745911,0.5093638300895691,-0.35651397705078125,0.9741613268852234,0.37688297033309937,0.5194277167320251,-0.36849474906921387,0.9627537727355957,0.5001157522201538,0.5104752779006958,-0.373867005109787,0.9776971936225891,0.3838503360748291,0.511407196521759,-0.38249829411506653,0.96346515417099,0.49446266889572144,0.5075345039367676,-0.33661022782325745,0.9705528020858765,0.3835929036140442,0.5056115984916687,-0.35126015543937683,0.9408591389656067,0.42079663276672363,0.4606083929538727,0.0006904060719534755,0.9998917579650879,0.3785586357116699,0.4681743383407593,-0.0005930402548983693,0.9996519088745117,0.43977659940719604,0.49967294931411743,-0.12155316770076752,0.950904369354248,0.37896960973739624,0.534598171710968,0.09313053637742996,0.8328420519828796,0.4196692407131195,0.5743876695632935,0.04646717756986618,0.9199422001838684,0.3810839056968689,0.57392817735672,0.31992650032043457,0.8080872893333435,0.4121599793434143,0.5833339095115662,0.061045657843351364,0.8246107697486877,0.38275113701820374,0.5826221704483032,0.34036317467689514,0.6145890355110168,0.4265759587287903,0.6085947155952454,-0.02131355181336403,0.9226226806640625,0.38362860679626465,0.6113921999931335,0.2766938805580139,0.796461820602417
35,0.4319396913051605,0.4187713861465454,-0.4599668085575104,0.9998834133148193,0.43250173330307007,0.41012564301490784,-0.4582531452178955,0.9998377561569214,0.43342918157577515,0.40867263078689575,-0.458235502243042,0.9997461438179016,0.43429017066955566,0.40706145763397217,-0.4583433270454407,0.999824047088623,0.42819738388061523,0.41143491864204407,-0.46359220147132874,0.999826192855835,0.4259849190711975,0.4110029637813568,-0.4636777341365814,0.9997240304946899,0.423552930355072,0.4104543924331665,-0.46368083357810974,0.9997740387916565,0.4314294755458832,0.3988439738750458,-0.385667622089386,0.9997294545173645,0.4154234528541565,0.4050898849964142,-0.40881258249282837,0.9995474219322205,0.4313838481903076,0.42186740040779114,-0.4261794090270996,0.9999464154243469,0.425821453332901,0.4216669797897339,-0.4330310821533203,0.9999387264251709,0.44656962156295776,0.4024807810783386,-0.2938058078289032,0.9999933838844299,0.3736611306667328,0.4108538031578064,-0.30538567900657654,0.9998681545257568,0.4803903102874756,0.43937766551971436,-0.26563704013824463,0.9952546954154968,0.3368552029132843,0.45459023118019104,-0.30458223819732666,0.9966781735420227,0.4945271909236908,0.49514877796173096,-0.3222712278366089,0.9907862544059753,0.3707323670387268,0.5015413761138916,-0.3478754162788391,0.9873899221420288,0.5067628622055054,0.5090101361274719,-0.35000190138816833,0.9750545024871826,0.37718430161476135,0.519362211227417,-0.3715590834617615,0.9646509885787964,0.49940037727355957,0.5102327466011047,-0.3672659993171692,0.9786402583122253,0.3843637704849243,0.512065589427948,-0.3854168653488159,0.9653090834617615,0.49380165338516235,0.5070220232009888,-0.3302730917930603,0.9718400835990906,0.384021133184433,0.5061702132225037,-0.35342690348625183,0.9439603090286255,0.42137250304222107,0.4562518000602722,0.0024666122626513243,0.999900221824646,0.3791174292564392,0.4631006419658661,-0.0023686266504228115,0.9996748566627502,0.4389305114746094,0.5031899213790894,-0.041264019906520844,0.9515355229377747,0.37881869077682495,0.5316122770309448,0.11609403789043427,0.8308160901069641,0.4191175401210785,0.574235200881958,0.14088532328605652,0.9177170991897583,0.3809923529624939,0.5738224387168884,0.33481651544570923,0.807930588722229,0.4116133153438568,0.5820455551147461,0.15700946748256683,0.8209558129310608,0.3821101486682892,0.5821091532707214,0.3542152941226959,0.6056486368179321,0.42614713311195374,0.6085121631622314,0.07888321578502655,0.9236869812011719,0.3836011290550232,0.6109615564346313,0.28745126724243164,0.7997596859931946
36,0.43161216378211975,0.422882080078125,-0.45685648918151855,0.9998781681060791,0.4325142502784729,0.414616197347641,-0.4563872218132019,0.9998380541801453,0.43388766050338745,0.4130233824253082,-0.45635589957237244,0.9997414946556091,0.43523749709129333,0.41124069690704346,-0.4564589560031891,0.9998207688331604,0.42790913581848145,0.4151996374130249,-0.4604797959327698,0.9998287558555603,0.42573413252830505,0.41425684094429016,-0.4605702757835388,0.9997259378433228,0.42320284247398376,0.4131609797477722,-0.4605657458305359,0.9997766613960266,0.43409037590026855,0.4015944302082062,-0.3878762722015381,0.9997269511222839,0.4153212904930115,0.4061899483203888,-0.4057745039463043,0.999569833278656,0.4314590096473694,0.42471063137054443,-0.42440471053123474,0.9999459981918335,0.4254539906978607,0.42408668994903564,-0.42977839708328247,0.9999395608901978,0.44923561811447144,0.4059930741786957,-0.2865953743457794,0.9999929666519165,0.37603986263275146,0.41144198179244995,-0.2989363670349121,0.9998648166656494,0.48223501443862915,0.4400441348552704,-0.256647527217865,0.995201826095581,0.3402133882045746,0.45375195145606995,-0.27725547552108765,0.9969235062599182,0.4955752491950989,0.4954797625541687,-0.29277199506759644,0.9911364912986755,0.37143975496292114,0.5022628903388977,-0.28937828540802,0.988330066204071,0.5072201490402222,0.5094944834709167,-0.31535959243774414,0.9758907556533813,0.377485454082489,0.5192620754241943,-0.3050360679626465,0.9669851660728455,0.4999712407588959,0.5104244351387024,-0.3341369032859802,0.979480504989624,0.3850652277469635,0.5133950114250183,-0.31870517134666443,0.9675948619842529,0.4944527745246887,0.5072964429855347,-0.3003579378128052,0.9730864763259888,0.3845044672489166,0.5073116421699524,-0.2932063937187195,0.9478879570960999,0.42152300477027893,0.44879379868507385,0.003696128726005554,0.9999090433120728,0.38134852051734924,0.45545607805252075,-0.003538056742399931,0.999696671962738,0.4387638568878174,0.5024102926254272,-0.12049265950918198,0.9536636471748352,0.3783038556575775,0.5300431251525879,0.07619999349117279,0.8327927589416504,0.4182359576225281,0.574240505695343,0.04935140907764435,0.9187575578689575,0.38088586926460266,0.5736286044120789,0.2857339084148407,0.8082979917526245,0.41118574142456055,0.5818902850151062,0.06647999584674835,0.8241609930992126,0.38094601035118103,0.581788182258606,0.303871214389801,0.603559136390686,0.4255622923374176,0.6083760857582092,-0.011173715814948082,0.9267140030860901,0.38292473554611206,0.6092851758003235,0.2367924004793167,0.8015347123146057
37,0.43192601203918457,0.42463716864585876,-0.4444938600063324,0.9998632073402405,0.43408021330833435,0.4164483845233917,-0.4422451853752136,0.9998084902763367,0.4358366131782532,0.4146502614021301,-0.44221410155296326,0.9996857643127441,0.4374879002571106,0.41270869970321655,-0.44230347871780396,0.9997745752334595,0.42848238348960876,0.41796109080314636,-0.44691404700279236,0.9998089075088501,0.42624014616012573,0.4171890318393707,-0.44700297713279724,0.9996944069862366,0.4237678647041321,0.41609886288642883,-0.4470139443874359,0.9997504353523254,0.43670719861984253,0.4027475416660309,-0.37065207958221436,0.9996657967567444,0.41635122895240784,0.4078402817249298,-0.392017662525177,0.999556303024292,0.4330917000770569,0.42532864212989807,-0.41130274534225464,0.9999350905418396,0.42633265256881714,0.4259238541126251,-0.4174864888191223,0.9999328851699829,0.4505302906036377,0.4073871076107025,-0.28632500767707825,0.9999901652336121,0.3773689270019531,0.41248127818107605,-0.2877422571182251,0.9998512268066406,0.4827614426612854,0.440512090921402,-0.2228432446718216,0.9948151707649231,0.3421519994735718,0.4571518301963806,-0.2754523754119873,0.9971289038658142,0.4957849383354187,0.4952249825000763,-0.26850903034210205,0.9910582900047302,0.3723877966403961,0.5047194361686707,-0.30679917335510254,0.9892141222953796,0.5073115825653076,0.5091938376426697,-0.2891049385070801,0.9757313132286072,0.3793911635875702,0.5213537812232971,-0.325471431016922,0.9691553115844727,0.4998120367527008,0.5099031925201416,-0.30803433060646057,0.9795992374420166,0.38660866022109985,0.5161390900611877,-0.3385903835296631,0.9697142243385315,0.49456414580345154,0.5070488452911377,-0.2761722207069397,0.9735882878303528,0.3857749104499817,0.5099321603775024,-0.31113630533218384,0.9515365362167358,0.42195573449134827,0.44385549426078796,0.004838862922042608,0.9999153017997742,0.38363438844680786,0.4492679834365845,-0.0046832505613565445,0.9997143149375916,0.43964868783950806,0.5002859830856323,-0.15993987023830414,0.952839732170105,0.3756342828273773,0.519321858882904,-0.011629462242126465,0.8343387842178345,0.41828837990760803,0.5746247172355652,-0.02084040455520153,0.9185072779655457,0.3805769979953766,0.5735290050506592,0.15592984855175018,0.8185752034187317,0.41116851568222046,0.5827791094779968,-0.009694972075521946,0.8300890922546387,0.3808937668800354,0.5836890339851379,0.16877423226833344,0.6157951354980469,0.42574119567871094,0.6078325510025024,-0.09467721730470657,0.9284934401512146,0.3802223801612854,0.6088274121284485,0.09388580173254013,0.809363603591919
38,0.43309885263442993,0.4269137680530548,-0.4003404974937439,0.9998446702957153,0.43523526191711426,0.41901522874832153,-0.40113306045532227,0.9997769594192505,0.4371407628059387,0.4168888032436371,-0.4010935425758362,0.9996289610862732,0.4390334188938141,0.41459015011787415,-0.4011665880680084,0.9997264742851257,0.42956215143203735,0.421041339635849,-0.4045071005821228,0.9997881650924683,0.4274352192878723,0.42041727900505066,-0.4045843482017517,0.9996629357337952,0.42514801025390625,0.4194565415382385,-0.40459680557250977,0.999724268913269,0.43938931822776794,0.4040284752845764,-0.3448645770549774,0.9996141195297241,0.41810283064842224,0.40943288803100586,-0.3584202826023102,0.9995526075363159,0.43507272005081177,0.42683282494544983,-0.37218332290649414,0.9999233484268188,0.42849797010421753,0.4278380572795868,-0.37647944688796997,0.9999263286590576,0.45183753967285156,0.4051569104194641,-0.2518092691898346,0.9999874234199524,0.38007602095603943,0.41390612721443176,-0.25994014739990234,0.9998418688774109,0.4839235842227936,0.43982869386672974,-0.20196589827537537,0.994360089302063,0.3439876437187195,0.45820721983909607,-0.24897333979606628,0.9972687363624573,0.49649494886398315,0.49488940834999084,-0.23906895518302917,0.9906549453735352,0.37350302934646606,0.5067238807678223,-0.2767353057861328,0.9899281859397888,0.5077686309814453,0.5090516805648804,-0.2564731240272522,0.974749743938446,0.38003411889076233,0.5231454968452454,-0.2922270596027374,0.9708218574523926,0.4998883306980133,0.509994626045227,-0.27352550625801086,0.9791126251220703,0.38706210255622864,0.5181877613067627,-0.30378457903862,0.9713677167892456,0.49453431367874146,0.5068563222885132,-0.2456500083208084,0.9734683632850647,0.3863452076911926,0.5131138563156128,-0.28038090467453003,0.9546229243278503,0.4223112463951111,0.4404878318309784,0.005049999803304672,0.9999201893806458,0.3863126039505005,0.4406619369983673,-0.004916406236588955,0.9997287392616272,0.4396139085292816,0.5004429221153259,-0.11461181938648224,0.9518154263496399,0.3755054473876953,0.5147448182106018,0.0019269430777058005,0.8353644013404846,0.41816410422325134,0.5746718645095825,0.00195343722589314,0.9180381894111633,0.3804141879081726,0.5729856491088867,0.1749914586544037,0.8270983099937439,0.410957396030426,0.5826416611671448,0.004668343812227249,0.8330448865890503,0.3826748728752136,0.5822442770004272,0.1872413009405136,0.6277185082435608,0.42593640089035034,0.6076610684394836,-0.06126705929636955,0.9295247197151184,0.3780558705329895,0.607036292552948,0.12309998273849487,0.8163731098175049
39,0.43415704369544983,0.427033394575119,-0.3828303813934326,0.999845564365387,0.4359651207923889,0.4191681146621704,-0.3834906220436096,0.9997754693031311,0.43789172172546387,0.4168993830680847,-0.3834647536277771,0.9996276497840881,0.43982115387916565,0.4143376052379608,-0.3835485577583313,0.9997230172157288,0.4301737844944,0.4213217496871948,-0.38693565130233765,0.9997857213020325,0.4280240535736084,0.42071405053138733,-0.38700416684150696,0.9996616244316101,0.4257599413394928,0.4197707176208496,-0.38701191544532776,0.9997224807739258,0.4401817321777344,0.4029577970504761,-0.32698243856430054,0.9996194839477539,0.4188151955604553,0.4096698760986328,-0.34127485752105713,0.9995740652084351,0.43633008003234863,0.42702463269233704,-0.3546827435493469,0.9999242424964905,0.42971086502075195,0.42807117104530334,-0.3590467572212219,0.9999279379844666,0.4538881778717041,0.40312308073043823,-0.23700547218322754,0.9999871253967285,0.3814173936843872,0.4132019877433777,-0.2473762482404709,0.9998420476913452,0.48455819487571716,0.4407093822956085,-0.20448267459869385,0.9941999316215515,0.3471105992794037,0.4592802822589874,-0.24406640231609344,0.9973087906837463,0.4976821839809418,0.49569204449653625,-0.254910409450531,0.990764319896698,0.3749828636646271,0.5086719989776611,-0.27922457456588745,0.9904333353042603,0.5085445046424866,0.5087785720825195,-0.27442842721939087,0.9751279354095459,0.38052263855934143,0.5260438919067383,-0.296963095664978,0.9720284342765808,0.5012179613113403,0.5100817084312439,-0.2919589579105377,0.9795837998390198,0.38770821690559387,0.521015465259552,-0.30896514654159546,0.9725692868232727,0.4958123564720154,0.5072527527809143,-0.2622547447681427,0.974341094493866,0.38727179169654846,0.5154397487640381,-0.28351858258247375,0.957166314125061,0.4243583679199219,0.4406251311302185,0.005194928962737322,0.9999241232872009,0.3869413733482361,0.43741416931152344,-0.005076359026134014,0.9997453689575195,0.439617395401001,0.5008496642112732,-0.129627525806427,0.9503462314605713,0.3743264079093933,0.5112931132316589,-0.07466210424900055,0.8425888419151306,0.41806507110595703,0.5746167302131653,-0.007556787226349115,0.9176973104476929,0.3794814348220825,0.5729052424430847,0.059210121631622314,0.8394047617912292,0.41035470366477966,0.5824351906776428,0.0015655278693884611,0.8317814469337463,0.38272571563720703,0.5819319486618042,0.06920555979013443,0.6445029377937317,0.4258950352668762,0.6077441573143005,-0.0722808688879013,0.9292806386947632,0.3770666718482971,0.6058034300804138,-0.0016473265131935477,0.828170657157898
40,0.43490543961524963,0.42741158604621887,-0.47254467010498047,0.9998018145561218,0.436723530292511,0.4198579788208008,-0.47024527192115784,0.9996142983436584,0.4386855661869049,0.41771820187568665,-0.47022533416748047,0.9993948936462402,0.4406638741493225,0.4152812957763672,-0.4703332483768463,0.9994627833366394,0.4309318959712982,0.42138558626174927,-0.474547803401947,0.9996554851531982,0.4287770688533783,0.4205779433250427,-0.47462552785873413,0.9995232820510864,0.4266396164894104,0.4194413721561432,-0.4746580719947815,0.9995984435081482,0.4416787624359131,0.40369272232055664,-0.3951593339443207,0.9992520809173584,0.41983023285865784,0.4088534116744995,-0.41351574659347534,0.9995434284210205,0.4372512400150299,0.4272441565990448,-0.43744128942489624,0.9998955130577087,0.4307343065738678,0.4279369115829468,-0.4428494870662689,0.9999171495437622,0.456243097782135,0.40351179242134094,-0.2828614413738251,0.9999807476997375,0.38349783420562744,0.4113895297050476,-0.308859646320343,0.9998427629470825,0.48468512296676636,0.4428064525127411,-0.27890104055404663,0.9920169115066528,0.3484644293785095,0.4598774015903473,-0.3305843472480774,0.9973729252815247,0.49850478768348694,0.4966896176338196,-0.36590903997421265,0.9873486161231995,0.3757458031177521,0.5096357464790344,-0.3833583891391754,0.9907518029212952,0.5093100666999817,0.5094298720359802,-0.393688827753067,0.970634937286377,0.3807709813117981,0.526755154132843,-0.40984582901000977,0.9729331135749817,0.5023492574691772,0.5103386640548706,-0.4114142060279846,0.9760100841522217,0.388160765171051,0.5217775702476501,-0.4205400049686432,0.973315954208374,0.49706679582595825,0.5076725482940674,-0.37509843707084656,0.9699991345405579,0.387908011674881,0.5163509845733643,-0.38792142271995544,0.9585603475570679,0.42569389939308167,0.43618473410606384,0.007653753273189068,0.9999150037765503,0.387138307094574,0.43363410234451294,-0.007518742233514786,0.9997433423995972,0.4395657479763031,0.4971159100532532,-0.20090191066265106,0.9434657096862793,0.3743155598640442,0.49616846442222595,-0.1940794736146927,0.8449700474739075,0.4180823266506195,0.5739908814430237,-0.03972380980849266,0.9099597334861755,0.37895265221595764,0.5707198977470398,-0.04285857081413269,0.8483477234840393,0.41258925199508667,0.5845522284507751,-0.028539646416902542,0.8186353445053101,0.38248389959335327,0.5813004970550537,-0.03252280503511429,0.6568422913551331,0.4247303903102875,0.6074855327606201,-0.12206200510263443,0.9199490547180176,0.37531816959381104,0.6028479933738708,-0.1276068389415741,0.8360710144042969
41,0.43702808022499084,0.4261912703514099,-0.4752733111381531,0.9997347593307495,0.43845367431640625,0.4192478060722351,-0.47267621755599976,0.9993368983268738,0.4400891363620758,0.41747739911079407,-0.47266310453414917,0.9989933371543884,0.44169431924819946,0.41533952951431274,-0.47276774048805237,0.9989839792251587,0.4330657422542572,0.42025449872016907,-0.4774548411369324,0.9994540810585022,0.43091803789138794,0.41943544149398804,-0.47752055525779724,0.9993063807487488,0.4287334084510803,0.4183150827884674,-0.47755417227745056,0.9993929266929626,0.44178614020347595,0.40339386463165283,-0.397870808839798,0.9985014200210571,0.42216426134109497,0.40847107768058777,-0.418591171503067,0.999468982219696,0.4383367896080017,0.42618995904922485,-0.4405152201652527,0.9998539090156555,0.43242746591567993,0.42657142877578735,-0.4465826153755188,0.999903678894043,0.45591244101524353,0.40272146463394165,-0.2898496687412262,0.9999738335609436,0.38544297218322754,0.4102329611778259,-0.3169202506542206,0.9998414516448975,0.48478633165359497,0.4420444667339325,-0.29532697796821594,0.9902669787406921,0.3490603566169739,0.45925065875053406,-0.3463439643383026,0.997421383857727,0.4979809820652008,0.4968409240245819,-0.38707590103149414,0.9853265285491943,0.37651652097702026,0.5112779140472412,-0.4006556570529938,0.9910799860954285,0.5087153315544128,0.5094771385192871,-0.41667160391807556,0.9683680534362793,0.38094189763069153,0.5290398001670837,-0.4285528063774109,0.9738996028900146,0.5015949010848999,0.5104671716690063,-0.43345779180526733,0.9741148352622986,0.38871365785598755,0.5236144661903381,-0.4383535385131836,0.9741309881210327,0.4963424801826477,0.5076242089271545,-0.3961096405982971,0.9674556255340576,0.38874760270118713,0.518097996711731,-0.4049864709377289,0.959934651851654,0.42683321237564087,0.43507662415504456,0.008636385202407837,0.999902069568634,0.38772860169410706,0.43217575550079346,-0.008500581607222557,0.9997332692146301,0.4406214654445648,0.49668726325035095,-0.21378596127033234,0.9417130351066589,0.3752220571041107,0.4894829988479614,-0.2083858996629715,0.8509618043899536,0.41820329427719116,0.5721338987350464,-0.0526609942317009,0.9077016115188599,0.3804101347923279,0.5702689290046692,-0.05949068069458008,0.8598699569702148,0.41252508759498596,0.5828434824943542,-0.04181569069623947,0.8128020763397217,0.383561909198761,0.5811473727226257,-0.049783140420913696,0.6757473945617676,0.42476686835289,0.6056368350982666,-0.13848596811294556,0.916474461555481,0.37607526779174805,0.6015730500221252,-0.1495678871870041,0.8474904298782349
42,0.4372503161430359,0.4273044168949127,-0.46445053815841675,0.9997183084487915,0.4391828179359436,0.42021647095680237,-0.46308237314224243,0.9992427825927734,0.4407004714012146,0.4186486601829529,-0.4630606770515442,0.998847246170044,0.4422498345375061,0.41682007908821106,-0.46314549446105957,0.9988019466400146,0.4337244927883148,0.4206848442554474,-0.4683166444301605,0.9993920922279358,0.4314836859703064,0.4197337329387665,-0.4684060513973236,0.999248206615448,0.4291726052761078,0.4183882474899292,-0.4684593677520752,0.9993323087692261,0.44248661398887634,0.40426719188690186,-0.3931799829006195,0.9981030821800232,0.4229363799095154,0.4084744155406952,-0.41604122519493103,0.9994521141052246,0.4383547306060791,0.4276021718978882,-0.4313422739505768,0.9998385310173035,0.43257132172584534,0.42745909094810486,-0.4380647540092468,0.9998974800109863,0.45584455132484436,0.40250909328460693,-0.2858583331108093,0.999960720539093,0.38592392206192017,0.4071066975593567,-0.3168533444404602,0.9998400211334229,0.48491254448890686,0.4418742060661316,-0.2825196087360382,0.9880092144012451,0.349663645029068,0.4595523774623871,-0.3412605822086334,0.9976110458374023,0.4977867603302002,0.4967803657054901,-0.3669184744358063,0.9834003448486328,0.37703362107276917,0.5121649503707886,-0.38746196031570435,0.9918399453163147,0.5081955194473267,0.5092979073524475,-0.39401406049728394,0.9663202166557312,0.3806512653827667,0.5317025184631348,-0.41390347480773926,0.9760584235191345,0.5008271932601929,0.5106614828109741,-0.4115017056465149,0.9727450013160706,0.38881585001945496,0.5249673128128052,-0.42278099060058594,0.976250171661377,0.4956626296043396,0.507699191570282,-0.3757648468017578,0.9658762812614441,0.38902971148490906,0.5195397138595581,-0.39101114869117737,0.9632201194763184,0.427170991897583,0.43165123462677,0.008688069880008698,0.9998966455459595,0.3878590166568756,0.42928561568260193,-0.00856596790254116,0.9997233152389526,0.4393351972103119,0.49594736099243164,-0.19224372506141663,0.9398873448371887,0.3750954270362854,0.49209311604499817,-0.1280956268310547,0.8546284437179565,0.41827449202537537,0.5721628665924072,-0.03364639729261398,0.9075944423675537,0.38017863035202026,0.5593627095222473,0.041791681200265884,0.8669694066047668,0.4102690815925598,0.5806163549423218,-0.022010700777173042,0.8097769021987915,0.38327234983444214,0.5667986273765564,0.05443970113992691,0.6838501691818237,0.4242449402809143,0.6031762957572937,-0.11109025776386261,0.9169000387191772,0.37595808506011963,0.5977888107299805,-0.02649674192070961,0.8535890579223633
43,0.43809494376182556,0.4262015223503113,-0.5019892454147339,0.9997323751449585,0.4400850236415863,0.4191981554031372,-0.4984164237976074,0.9992589950561523,0.441558837890625,0.4176841974258423,-0.49840348958969116,0.9988732933998108,0.443094402551651,0.41586342453956604,-0.4984951913356781,0.998820424079895,0.4346824288368225,0.4195787310600281,-0.5046340227127075,0.9994116425514221,0.43245023488998413,0.4186333119869232,-0.5047236084938049,0.9992806911468506,0.43026265501976013,0.41733112931251526,-0.5047788619995117,0.9993593692779541,0.4432581067085266,0.40298599004745483,-0.4182882308959961,0.9980760216712952,0.42375725507736206,0.4078470468521118,-0.4461767077445984,0.9994849562644958,0.43910902738571167,0.4266711473464966,-0.4653836786746979,0.9998451471328735,0.4334483742713928,0.4264421761035919,-0.4735567569732666,0.9999033808708191,0.45614415407180786,0.4013032615184784,-0.30398494005203247,0.9999571442604065,0.386706680059433,0.4033581018447876,-0.34012728929519653,0.9998450875282288,0.48647135496139526,0.4417026937007904,-0.3008107841014862,0.9874676465988159,0.352043092250824,0.4593842327594757,-0.36683130264282227,0.9977274537086487,0.4980044960975647,0.49703720211982727,-0.3863006830215454,0.9826077818870544,0.377413809299469,0.5126917958259583,-0.4224686026573181,0.9924161434173584,0.5084882974624634,0.5096708536148071,-0.41459164023399353,0.9656262397766113,0.3804927170276642,0.5332990288734436,-0.4533122181892395,0.9777174592018127,0.5006421804428101,0.5108370780944824,-0.4328426420688629,0.9722508192062378,0.3885332942008972,0.5272366404533386,-0.46292033791542053,0.9778537154197693,0.4954189658164978,0.5078413486480713,-0.39565959572792053,0.9650564193725586,0.3889574706554413,0.5212652087211609,-0.42693963646888733,0.9656394124031067,0.427746057510376,0.43034592270851135,0.009962173178792,0.9998877644538879,0.3892950415611267,0.4227950870990753,-0.009838157333433628,0.9997196793556213,0.437811940908432,0.4965671896934509,-0.1891714632511139,0.9417402148246765,0.37506526708602905,0.4855222702026367,-0.19834420084953308,0.8637247681617737,0.41792550683021545,0.5718621015548706,-0.01862124726176262,0.9117159247398376,0.38036561012268066,0.5611701607704163,-0.027777353301644325,0.8780702352523804,0.41033047437667847,0.5795071721076965,-0.005682663060724735,0.8120421767234802,0.3833436369895935,0.5697981715202332,-0.01605256088078022,0.6997159719467163,0.4240144193172455,0.6023313403129578,-0.10024821758270264,0.9200096130371094,0.37582194805145264,0.5990048050880432,-0.11556496471166611,0.8648907542228699
44,0.4376375079154968,0.42542627453804016,-0.5148213505744934,0.9997280836105347,0.4396788477897644,0.41843387484550476,-0.5109891891479492,0.9992085695266724,0.4412131905555725,0.41700777411460876,-0.5109833478927612,0.9987944960594177,0.44274386763572693,0.4151400327682495,-0.5110816359519958,0.9987089037895203,0.4341532588005066,0.4186815917491913,-0.5169726610183716,0.9993879795074463,0.43186402320861816,0.41767916083335876,-0.5170648097991943,0.9992664456367493,0.4295958876609802,0.4163973927497864,-0.5171208381652832,0.9993404746055603,0.4428287148475647,0.40216758847236633,-0.43003717064857483,0.9977715015411377,0.4230908751487732,0.4070228338241577,-0.45680004358291626,0.9994813799858093,0.4387563169002533,0.42574194073677063,-0.47792282700538635,0.9998391270637512,0.4329144060611725,0.4255269467830658,-0.48578086495399475,0.9999035000801086,0.4564376473426819,0.3988121747970581,-0.31623369455337524,0.9999513030052185,0.38622739911079407,0.40115296840667725,-0.34909066557884216,0.9998456239700317,0.4871161878108978,0.4414653480052948,-0.3169344663619995,0.9873595833778381,0.3524882197380066,0.4593764543533325,-0.377380907535553,0.9977986216545105,0.49839311838150024,0.4970979392528534,-0.39919382333755493,0.9822044968605042,0.37743622064590454,0.5124447345733643,-0.43533116579055786,0.992900550365448,0.509506106376648,0.5099436640739441,-0.4277939200401306,0.9652369022369385,0.3798863887786865,0.5330336689949036,-0.46617016196250916,0.9791358113288879,0.5008042454719543,0.5108732581138611,-0.4446484446525574,0.9719259142875671,0.3883032500743866,0.527732789516449,-0.4756762981414795,0.9792199730873108,0.49545684456825256,0.5076989531517029,-0.40796589851379395,0.964341402053833,0.3886423408985138,0.5216627717018127,-0.43972936272621155,0.9676625728607178,0.4286549687385559,0.42903292179107666,0.009581435471773148,0.9998647570610046,0.3899597227573395,0.4209543764591217,-0.009461957961320877,0.999691367149353,0.4379141330718994,0.49662289023399353,-0.21146461367607117,0.9414061903953552,0.375287264585495,0.47841066122055054,-0.21414177119731903,0.8653275966644287,0.41947826743125916,0.5719384551048279,-0.03893203288316727,0.9118209481239319,0.3813611567020416,0.5627144575119019,-0.05046366527676582,0.8862109184265137,0.41925445199012756,0.5812310576438904,-0.02701484225690365,0.8072392344474792,0.38273733854293823,0.5709963440895081,-0.039695508778095245,0.7099789381027222,0.4260653853416443,0.6023232340812683,-0.12771211564540863,0.9194557070732117,0.37428587675094604,0.5936673283576965,-0.14385491609573364,0.8725449442863464
45,0.43749499320983887,0.4246889352798462,-0.5054695010185242,0.999700665473938,0.4395793080329895,0.4173394441604614,-0.5016043186187744,0.9990916848182678,0.4411115050315857,0.4158279597759247,-0.501603364944458,0.9986047744750977,0.44260096549987793,0.4139377474784851,-0.5017039775848389,0.9984920620918274,0.4340950548648834,0.4179648458957672,-0.5081068277359009,0.999309778213501,0.4318062663078308,0.4171527028083801,-0.5081946849822998,0.9991849660873413,0.42953234910964966,0.41602230072021484,-0.5082533359527588,0.9992607831954956,0.44257646799087524,0.40192022919654846,-0.42041659355163574,0.997222900390625,0.42326706647872925,0.40680959820747375,-0.4495791494846344,0.9994145035743713,0.4384637475013733,0.4253949224948883,-0.4684276580810547,0.9998200535774231,0.43274974822998047,0.4251501262187958,-0.47700563073158264,0.9998953938484192,0.4614560008049011,0.3984244167804718,-0.3056310713291168,0.9999449253082275,0.3859461843967438,0.3995310068130493,-0.3430975675582886,0.9998382925987244,0.4865998327732086,0.44136178493499756,-0.2998742163181305,0.987101137638092,0.35349521040916443,0.459013968706131,-0.37102654576301575,0.9977923035621643,0.49845853447914124,0.4969981610774994,-0.3776637017726898,0.9816489219665527,0.3773948550224304,0.5120851993560791,-0.4288422465324402,0.9932481646537781,0.509876012802124,0.5099788308143616,-0.4050799310207367,0.9645381569862366,0.378667414188385,0.5324349999427795,-0.46005862951278687,0.9802162051200867,0.5011863112449646,0.5107789635658264,-0.42317256331443787,0.9714416265487671,0.38778698444366455,0.5277884602546692,-0.4700680673122406,0.9802658557891846,0.49585801362991333,0.5075400471687317,-0.3868153691291809,0.963642418384552,0.388421893119812,0.5217977166175842,-0.4336082935333252,0.9692448377609253,0.4287671148777008,0.4273420572280884,0.01017505768686533,0.9998314380645752,0.38960862159729004,0.41981181502342224,-0.010024928487837315,0.999634861946106,0.43771615624427795,0.49666455388069153,-0.20919272303581238,0.9395208358764648,0.378256618976593,0.48152267932891846,-0.20978645980358124,0.8627138733863831,0.4202616810798645,0.5719509124755859,-0.04438014701008797,0.9083247184753418,0.3815295100212097,0.5636633634567261,-0.05804860591888428,0.8921083807945251,0.42178982496261597,0.581440269947052,-0.033026956021785736,0.7994336485862732,0.38271254301071167,0.5713981986045837,-0.048367150127887726,0.7146172523498535,0.42694202065467834,0.6026047468185425,-0.13210293650627136,0.9158901572227478,0.37445974349975586,0.5954814553260803,-0.15371617674827576,0.8774774670600891
46,0.43756335973739624,0.42311328649520874,-0.5270997285842896,0.9996947050094604,0.4395914077758789,0.41605833172798157,-0.5229982733726501,0.9990640878677368,0.4411764144897461,0.41440120339393616,-0.5229997634887695,0.9985506534576416,0.4427014887332916,0.4123378098011017,-0.5231021642684937,0.9984279870986938,0.43417972326278687,0.4164310097694397,-0.5296998023986816,0.9992926716804504,0.4319693446159363,0.4154255986213684,-0.5297852754592896,0.9991673231124878,0.42976632714271545,0.4141828417778015,-0.5298430323600769,0.9992396831512451,0.44273895025253296,0.3985896110534668,-0.4381750226020813,0.9969800710678101,0.42361775040626526,0.4047829210758209,-0.46815961599349976,0.9993928074836731,0.4383834898471832,0.42317116260528564,-0.4885452687740326,0.9998172521591187,0.4328887462615967,0.4226277470588684,-0.4973781704902649,0.999894917011261,0.45964592695236206,0.39502716064453125,-0.31821224093437195,0.9999411106109619,0.3859306573867798,0.3970533311367035,-0.3572681248188019,0.9998305439949036,0.4863016605377197,0.4411618113517761,-0.3146747946739197,0.9870165586471558,0.35445746779441833,0.4589194655418396,-0.3851608633995056,0.9977450370788574,0.49856090545654297,0.4967060089111328,-0.3977920413017273,0.9814828634262085,0.377114474773407,0.512536883354187,-0.4459218978881836,0.9935122132301331,0.5100425481796265,0.5098837018013,-0.4270516335964203,0.9646099209785461,0.37709349393844604,0.5321820378303528,-0.4788111746311188,0.9811297059059143,0.5013270378112793,0.5106321573257446,-0.44581136107444763,0.971526563167572,0.3865785598754883,0.5283013582229614,-0.4904957711696625,0.9811414480209351,0.49618107080459595,0.5071300268173218,-0.4074070453643799,0.9635722637176514,0.38783949613571167,0.5226938128471375,-0.45143261551856995,0.970565915107727,0.42871683835983276,0.4250253736972809,0.00996360369026661,0.9997973442077637,0.3894363045692444,0.41726672649383545,-0.009806068614125252,0.99957275390625,0.4362907409667969,0.49603763222694397,-0.2126421183347702,0.9409385323524475,0.3790745437145233,0.4767037332057953,-0.21625332534313202,0.8664116263389587,0.41998735070228577,0.5734080672264099,-0.04940631613135338,0.9096683859825134,0.3814753293991089,0.5642828345298767,-0.062097661197185516,0.8991419672966003,0.42139607667922974,0.5838995575904846,-0.03861449286341667,0.7966012954711914,0.38076338171958923,0.5713133215904236,-0.052438974380493164,0.7233638167381287,0.42747074365615845,0.6028192639350891,-0.14366044104099274,0.9165831804275513,0.37367919087409973,0.5962342619895935,-0.1622014194726944,0.8840046525001526
47,0.43781623244285583,0.4190939664840698,-0.535162627696991,0.9996893405914307,0.44006285071372986,0.41029930114746094,-0.5305014848709106,0.9990360140800476,0.4416213631629944,0.40827396512031555,-0.5305057764053345,0.9984928965568542,0.4431439936161041,0.40595123171806335,-0.5306066870689392,0.9983600974082947,0.4347108006477356,0.4117811322212219,-0.5379579067230225,0.9992705583572388,0.4325141906738281,0.4110749065876007,-0.5380358695983887,0.999139130115509,0.43030500411987305,0.41012662649154663,-0.5380980372428894,0.9992067217826843,0.4428090453147888,0.393414169549942,-0.4439862370491028,0.9966126680374146,0.42430877685546875,0.4002505838871002,-0.47744327783584595,0.9993510246276855,0.43841028213500977,0.4195895493030548,-0.49616163969039917,0.9998136758804321,0.4332318902015686,0.41964834928512573,-0.5060070753097534,0.9998927116394043,0.463038831949234,0.3929644823074341,-0.32013586163520813,0.9999339580535889,0.38560396432876587,0.3954835832118988,-0.36766064167022705,0.9998186230659485,0.4853917062282562,0.441139280796051,-0.3202870786190033,0.9858889579772949,0.35477882623672485,0.45835936069488525,-0.3970580995082855,0.9975103139877319,0.4989674985408783,0.4956023097038269,-0.406806617975235,0.9801852107048035,0.3764961361885071,0.5137407779693604,-0.45597392320632935,0.9936301708221436,0.510196328163147,0.5096713900566101,-0.43614721298217773,0.9630332589149475,0.374965101480484,0.5326400995254517,-0.4902210831642151,0.9816808700561523,0.5015929341316223,0.5095638632774353,-0.4552827775478363,0.970350980758667,0.3847864270210266,0.5298588871955872,-0.5018450617790222,0.9816784262657166,0.4968568682670593,0.5055462121963501,-0.41666293144226074,0.9619701504707336,0.3863212764263153,0.5244895815849304,-0.46164947748184204,0.971427857875824,0.4290079176425934,0.4205501973628998,0.011207761242985725,0.9997350573539734,0.3892889618873596,0.41506898403167725,-0.011037003248929977,0.9994781017303467,0.43638452887535095,0.48721906542778015,-0.2129698246717453,0.9405853748321533,0.3803437054157257,0.4789007306098938,-0.22637274861335754,0.8681032657623291,0.4199402332305908,0.5730942487716675,-0.05172654241323471,0.9082452654838562,0.38324660062789917,0.56870037317276,-0.07297050952911377,0.9054167866706848,0.4232843518257141,0.582473874092102,-0.0413057878613472,0.7866860032081604,0.38210704922676086,0.577521026134491,-0.0636543408036232,0.7283746004104614,0.42788395285606384,0.6021841764450073,-0.1486312747001648,0.9148081541061401,0.37394651770591736,0.5968924164772034,-0.17821064591407776,0.8898665308952332
48,0.43812212347984314,0.4121573269367218,-0.5548326969146729,0.9996988773345947,0.44058865308761597,0.40266796946525574,-0.5486307740211487,0.9990720748901367,0.44230157136917114,0.40039512515068054,-0.548638641834259,0.9985400438308716,0.4439505636692047,0.3979296386241913,-0.5487595200538635,0.9984241724014282,0.43484586477279663,0.40486615896224976,-0.5558792948722839,0.9992923736572266,0.4324912428855896,0.40435755252838135,-0.5559495091438293,0.99916011095047,0.4301537871360779,0.4035395085811615,-0.5560019016265869,0.9992269277572632,0.44317302107810974,0.3868313133716583,-0.4575285315513611,0.996660053730011,0.42393603920936584,0.3947722613811493,-0.4900893270969391,0.9993489980697632,0.43855029344558716,0.4136935770511627,-0.5145535469055176,0.9998224377632141,0.43314266204833984,0.4142489433288574,-0.5241391062736511,0.9998962879180908,0.46223244071006775,0.3907793462276459,-0.33025723695755005,0.9999350905418396,0.3854418992996216,0.39550966024398804,-0.3738669753074646,0.9998029470443726,0.4844997525215149,0.4403496980667114,-0.3196813762187958,0.9859850406646729,0.3550998568534851,0.4566406011581421,-0.40157604217529297,0.9971402883529663,0.49912238121032715,0.4934569001197815,-0.3963014781475067,0.9799805283546448,0.37349870800971985,0.515035092830658,-0.46582865715026855,0.9934379458427429,0.5101403594017029,0.5090781450271606,-0.4252464175224304,0.962810218334198,0.37137290835380554,0.5341609120368958,-0.501833438873291,0.9816280603408813,0.502220094203949,0.508466899394989,-0.44483089447021484,0.970208466053009,0.3811531960964203,0.5316957831382751,-0.5153478980064392,0.9816380739212036,0.49753984808921814,0.5037590265274048,-0.4060961604118347,0.9618472456932068,0.3833283483982086,0.5262897610664368,-0.4727913737297058,0.9715847969055176,0.42874717712402344,0.41456788778305054,0.010893458500504494,0.9997086524963379,0.38771843910217285,0.41101163625717163,-0.010728154331445694,0.9994146823883057,0.4398590922355652,0.4791150987148285,-0.23133906722068787,0.9426454305648804,0.3788583278656006,0.4771035611629486,-0.2411465346813202,0.8711616396903992,0.4203256666660309,0.5726333260536194,-0.06972603499889374,0.9100715517997742,0.3840220272541046,0.5692055225372314,-0.08593666553497314,0.9106530547142029,0.4262394309043884,0.582387387752533,-0.059334736317396164,0.7785331010818481,0.3841113746166229,0.5788402557373047,-0.07650019228458405,0.730574369430542,0.42833906412124634,0.601852297782898,-0.1724255234003067,0.9150156378746033,0.37402039766311646,0.5975466966629028,-0.1951068937778473,0.8942615985870361
49,0.43819212913513184,0.40644246339797974,-0.5594615936279297,0.9997142553329468,0.44096216559410095,0.39678922295570374,-0.5525822043418884,0.9991336464881897,0.44286641478538513,0.3945266604423523,-0.5525962114334106,0.9986291527748108,0.4446656107902527,0.3921465575695038,-0.5527305006980896,0.9985365867614746,0.43472737073898315,0.39947742223739624,-0.5597622990608215,0.9993354678153992,0.4323337972164154,0.3992076814174652,-0.5598348379135132,0.9992043972015381,0.4299018383026123,0.39859575033187866,-0.5598869919776917,0.9992724061012268,0.4437479078769684,0.38103580474853516,-0.4596213400363922,0.9968782663345337,0.42268967628479004,0.3901492953300476,-0.491349995136261,0.9993786215782166,0.438760906457901,0.40818366408348083,-0.5185912251472473,0.9998350739479065,0.43300414085388184,0.4092399775981903,-0.5279268026351929,0.9999019503593445,0.45903047919273376,0.3823816180229187,-0.3300536572933197,0.999937117099762,0.38444218039512634,0.39365819096565247,-0.3735722303390503,0.9997791647911072,0.484738290309906,0.4359658360481262,-0.30942440032958984,0.9862450361251831,0.35443904995918274,0.45584985613822937,-0.3958995044231415,0.9966976642608643,0.49986258149147034,0.49197378754615784,-0.38312679529190063,0.9793444871902466,0.36905333399772644,0.5166095495223999,-0.46175962686538696,0.9929032921791077,0.5109500288963318,0.5079140067100525,-0.41113582253456116,0.9616706967353821,0.36699241399765015,0.5374910235404968,-0.49775609374046326,0.9807791113853455,0.5037325024604797,0.5080465078353882,-0.43022364377975464,0.9693087339401245,0.3767583966255188,0.5348394513130188,-0.5135394334793091,0.980752170085907,0.49906104803085327,0.5034915208816528,-0.3925657272338867,0.9609758257865906,0.37921541929244995,0.5289058089256287,-0.46985068917274475,0.9706256985664368,0.42838582396507263,0.41006678342819214,0.010687321424484253,0.9997082948684692,0.38565951585769653,0.4077167510986328,-0.010525424033403397,0.999407947063446,0.4380631446838379,0.47980308532714844,-0.23236532509326935,0.9443082809448242,0.3730178475379944,0.47659939527511597,-0.24513018131256104,0.8752434253692627,0.4203105568885803,0.571026623249054,-0.06383481621742249,0.9108785390853882,0.3844381868839264,0.5691671967506409,-0.084457628428936,0.9155805110931396,0.42581048607826233,0.5813852548599243,-0.052621543407440186,0.7705891132354736,0.3872201144695282,0.5814470648765564,-0.07430519908666611,0.7317655682563782,0.4282218813896179,0.6006249189376831,-0.1656753122806549,0.9148054718971252,0.37416061758995056,0.599125862121582,-0.19242030382156372,0.8985357880592346
50,0.4371461868286133,0.40189191699028015,-0.577342689037323,0.9997261762619019,0.44066357612609863,0.392630010843277,-0.569527268409729,0.9991894364356995,0.4428243637084961,0.39050349593162537,-0.5695363283157349,0.9987098574638367,0.44440752267837524,0.3882637917995453,-0.5696777105331421,0.9986386299133301,0.4332053065299988,0.39507099986076355,-0.576335608959198,0.9993748664855957,0.4299074709415436,0.39463043212890625,-0.5764076113700867,0.9992431998252869,0.4266173839569092,0.39374011754989624,-0.5764586329460144,0.9993133544921875,0.44346174597740173,0.37760674953460693,-0.47261589765548706,0.997069239616394,0.4187015891075134,0.38551533222198486,-0.5025086402893066,0.9993992447853088,0.43804842233657837,0.4033893644809723,-0.5351854562759399,0.9998440742492676,0.4312988221645355,0.40439939498901367,-0.5439721345901489,0.9999052286148071,0.4573911130428314,0.3818902373313904,-0.33687376976013184,0.9999366402626038,0.3811708092689514,0.39158475399017334,-0.3801245093345642,0.9997437000274658,0.4852173924446106,0.4335840940475464,-0.310453325510025,0.986651599407196,0.3541599214076996,0.45567482709884644,-0.39865151047706604,0.9962614178657532,0.4999322295188904,0.4896750748157501,-0.38135990500450134,0.97935950756073,0.36557820439338684,0.5196879506111145,-0.46502232551574707,0.9926493763923645,0.5106951594352722,0.5065962076187134,-0.4085790514945984,0.9615644216537476,0.3633383512496948,0.5409766435623169,-0.5007582902908325,0.9804250001907349,0.5037919282913208,0.5070321559906006,-0.4296094477176666,0.9692322015762329,0.3725886642932892,0.5400794744491577,-0.5174225568771362,0.9804093837738037,0.49903517961502075,0.5023828744888306,-0.39135387539863586,0.9610784649848938,0.3755125105381012,0.5336222052574158,-0.473235547542572,0.9704315066337585,0.4282749593257904,0.4065162241458893,0.010588793084025383,0.9996935129165649,0.38496944308280945,0.4041347801685333,-0.010427595116198063,0.9993728399276733,0.4379751682281494,0.47697877883911133,-0.227868914604187,0.9446560740470886,0.37293294072151184,0.47656285762786865,-0.2436753809452057,0.8751176595687866,0.42026662826538086,0.5704737305641174,-0.06849510222673416,0.9083006381988525,0.3865509629249573,0.570779025554657,-0.09366408735513687,0.9180480241775513,0.42370542883872986,0.5808591246604919,-0.058151789009571075,0.7537153959274292,0.39021557569503784,0.5838107466697693,-0.08451738953590393,0.7274742126464844,0.42826494574546814,0.6008190512657166,-0.17104993760585785,0.9121021628379822,0.37420305609703064,0.5999623537063599,-0.2028486281633377,0.9002726674079895
51,0.4359760284423828,0.39772936701774597,-0.5655843019485474,0.9997366070747375,0.4397614896297455,0.38854485750198364,-0.5581063032150269,0.9992350339889526,0.442070335149765,0.38657915592193604,-0.5581167936325073,0.9987724423408508,0.44392433762550354,0.3844769597053528,-0.5582526922225952,0.9987273216247559,0.431829035282135,0.39057886600494385,-0.5648615956306458,0.9994076490402222,0.42829543352127075,0.38993412256240845,-0.5649338960647583,0.9992722272872925,0.42481523752212524,0.38886508345603943,-0.5649846792221069,0.9993488192558289,0.44329315423965454,0.3741810917854309,-0.463747501373291,0.997215747833252,0.41682085394859314,0.3808777630329132,-0.49334001541137695,0.9994052648544312,0.437406063079834,0.3993445932865143,-0.5244309902191162,0.9998496770858765,0.4300549030303955,0.40025606751441956,-0.5331019163131714,0.9999067187309265,0.45731067657470703,0.38012248277664185,-0.3328171670436859,0.9999319314956665,0.3790588974952698,0.3893318474292755,-0.3772525489330292,0.9997016191482544,0.48654904961586,0.4327555298805237,-0.31652647256851196,0.9869645833969116,0.3538423776626587,0.455657958984375,-0.4024030268192291,0.9958496689796448,0.5000341534614563,0.48895490169525146,-0.3880213499069214,0.9784990549087524,0.3625255823135376,0.5225048661231995,-0.46655359864234924,0.9923473596572876,0.5105339288711548,0.5062991380691528,-0.41483187675476074,0.9597412347793579,0.3594833016395569,0.543165922164917,-0.5019550919532776,0.9798187017440796,0.5037227869033813,0.5068028569221497,-0.4360824227333069,0.9677910208702087,0.3688591718673706,0.5442332625389099,-0.5171950459480286,0.9798181653022766,0.4988459646701813,0.5022589564323425,-0.39828169345855713,0.9596798419952393,0.3717724680900574,0.5379958748817444,-0.4743724763393402,0.9699127674102783,0.42823752760887146,0.4082813560962677,0.010762827470898628,0.9996757507324219,0.3844154477119446,0.40832164883613586,-0.010594053193926811,0.9993419647216797,0.4405747056007385,0.4768308103084564,-0.2199123352766037,0.9461466670036316,0.3775283694267273,0.47876012325286865,-0.23796305060386658,0.8766677379608154,0.4193503260612488,0.5712195634841919,-0.06041592359542847,0.9077621102333069,0.38810843229293823,0.5714736580848694,-0.08725524693727493,0.9217364192008972,0.4215283989906311,0.5810258984565735,-0.04984981566667557,0.7472934722900391,0.3907896876335144,0.5848265290260315,-0.07792191952466965,0.729949951171875,0.42822590470314026,0.600963294506073,-0.15907230973243713,0.9112244248390198,0.3755749464035034,0.6003383994102478,-0.19386827945709229,0.9036434292793274
52,0.43542543053627014,0.3925376534461975,-0.5704224109649658,0.9997316002845764,0.4389239251613617,0.38310572504997253,-0.5608980059623718,0.9992355704307556,0.441037118434906,0.38134637475013733,-0.5609260201454163,0.9987577795982361,0.4428102374076843,0.3794197738170624,-0.5610741376876831,0.9987485408782959,0.43128839135169983,0.3850061297416687,-0.5684090852737427,0.9994093179702759,0.4277576804161072,0.38450196385383606,-0.5684840083122253,0.9992607831954956,0.4242417812347412,0.38364359736442566,-0.5685480833053589,0.9993495941162109,0.4428139626979828,0.36964526772499084,-0.46129855513572693,0.9970085024833679,0.4156251847743988,0.3767295479774475,-0.49453648924827576,0.9993590712547302,0.436873197555542,0.39469024538993835,-0.5278343558311462,0.9998418688774109,0.4293939173221588,0.395952045917511,-0.5376006364822388,0.9999009370803833,0.45592594146728516,0.37516888976097107,-0.32967260479927063,0.999895453453064,0.3772081434726715,0.38667553663253784,-0.38201597332954407,0.9996071457862854,0.4863968789577484,0.43188557028770447,-0.3195614814758301,0.9864777326583862,0.3536982834339142,0.4557334780693054,-0.4133305549621582,0.9954648017883301,0.5002743601799011,0.4891493618488312,-0.391749769449234,0.9735817313194275,0.3594115376472473,0.5268275737762451,-0.47872215509414673,0.9917660355567932,0.5110152363777161,0.5062816143035889,-0.4183025360107422,0.9522875547409058,0.3560304343700409,0.5483514070510864,-0.5150799751281738,0.9788427352905273,0.5047904253005981,0.5067554712295532,-0.43982964754104614,0.9616237878799438,0.36600250005722046,0.549915075302124,-0.5305837392807007,0.9788150191307068,0.49922776222229004,0.5023152232170105,-0.4024079740047455,0.9536771178245544,0.3682984709739685,0.5438392162322998,-0.48682016134262085,0.9689303040504456,0.4261825680732727,0.41022250056266785,0.01206771656870842,0.9995797276496887,0.3828532099723816,0.41095036268234253,-0.011905581690371037,0.9991762042045593,0.445241779088974,0.47186478972435,-0.22758376598358154,0.9486895799636841,0.37738531827926636,0.47665125131607056,-0.26509812474250793,0.8813331127166748,0.4189404845237732,0.5712481141090393,-0.07506614178419113,0.9089094400405884,0.38734203577041626,0.5713699460029602,-0.11919401586055756,0.9253076314926147,0.4211636185646057,0.5810348987579346,-0.06510694324970245,0.750287652015686,0.38979464769363403,0.5843742489814758,-0.11032680422067642,0.74153733253479,0.4281938076019287,0.6009580492973328,-0.170514777302742,0.9123651385307312,0.37829023599624634,0.5988791584968567,-0.22397783398628235,0.9082775712013245
53,0.43500256538391113,0.3892439305782318,-0.5744537711143494,0.9997351765632629,0.43859806656837463,0.37944504618644714,-0.5651966333389282,0.9992530345916748,0.4406287670135498,0.37782755494117737,-0.5652307271957397,0.998782217502594,0.4423191547393799,0.3761271834373474,-0.5653830170631409,0.9987938404083252,0.43086495995521545,0.3813682794570923,-0.5721292495727539,0.999420702457428,0.42711567878723145,0.38089320063591003,-0.5722076296806335,0.9992668032646179,0.4233167767524719,0.3799385726451874,-0.5722735524177551,0.999359667301178,0.44265633821487427,0.36690863966941833,-0.4666491150856018,0.9969587922096252,0.4140860438346863,0.37270137667655945,-0.49738964438438416,0.9993361830711365,0.43647894263267517,0.39165201783180237,-0.5323880910873413,0.9998396635055542,0.42863550782203674,0.3931332230567932,-0.5413706302642822,0.9998974800109863,0.45547184348106384,0.3723399341106415,-0.33492857217788696,0.9998664259910583,0.3759485185146332,0.3850608170032501,-0.38582760095596313,0.9995204210281372,0.4862920641899109,0.4322432577610016,-0.3273719251155853,0.9860024452209473,0.35431334376335144,0.45680245757102966,-0.416553795337677,0.9949896335601807,0.501056432723999,0.48918524384498596,-0.3992258310317993,0.9690101146697998,0.35897964239120483,0.5326013565063477,-0.4816306233406067,0.9909307956695557,0.5127766132354736,0.5050638318061829,-0.4256250262260437,0.9450804591178894,0.35387346148490906,0.5549514889717102,-0.5175229907035828,0.9773281216621399,0.5072063207626343,0.5066403746604919,-0.4470464587211609,0.9556657075881958,0.36433640122413635,0.5561650395393372,-0.5334585905075073,0.97724848985672,0.5000079870223999,0.5023330450057983,-0.4098128378391266,0.9477401971817017,0.3670566976070404,0.5497826933860779,-0.4899056553840637,0.9672698378562927,0.4254527986049652,0.4105929136276245,0.012347521260380745,0.9995144605636597,0.3820782005786896,0.40975481271743774,-0.012187136337161064,0.9990491271018982,0.44446611404418945,0.472458153963089,-0.23196737468242645,0.9506748914718628,0.3740580379962921,0.47654131054878235,-0.26644015312194824,0.8860509395599365,0.4180048108100891,0.5716659426689148,-0.0767427608370781,0.9101038575172424,0.3843998610973358,0.5716334581375122,-0.11496277153491974,0.9290838837623596,0.41134363412857056,0.5845825672149658,-0.06666254252195358,0.7531523108482361,0.389403373003006,0.5836145281791687,-0.10573694854974747,0.7520443201065063,0.42810338735580444,0.600983202457428,-0.17375287413597107,0.9137056469917297,0.37821561098098755,0.5977354049682617,-0.22062838077545166,0.9128311276435852
54,0.4352893829345703,0.3854394257068634,-0.5650221705436707,0.9997360110282898,0.43893417716026306,0.3747182786464691,-0.5556524395942688,0.9992626905441284,0.44091224670410156,0.37312281131744385,-0.5556955337524414,0.9988037943840027,0.44261106848716736,0.37135404348373413,-0.5558485984802246,0.998829185962677,0.4311670660972595,0.3765903115272522,-0.5623584985733032,0.9994218349456787,0.42723527550697327,0.3762231767177582,-0.5624400973320007,0.9992676377296448,0.42361077666282654,0.3754604160785675,-0.5625093579292297,0.9993594288825989,0.4429146647453308,0.36326801776885986,-0.4582057595252991,0.9969097375869751,0.4147723615169525,0.3687516748905182,-0.4879893660545349,0.9993095993995667,0.43684878945350647,0.3885004222393036,-0.5232211947441101,0.9998356699943542,0.42872247099876404,0.38992995023727417,-0.5318803191184998,0.9998928308486938,0.45561280846595764,0.3716212809085846,-0.3300701975822449,0.9998394250869751,0.37616899609565735,0.3842414915561676,-0.3793066740036011,0.9994353652000427,0.4864405691623688,0.4348200559616089,-0.32425883412361145,0.9843456149101257,0.35638245940208435,0.4594587981700897,-0.40803033113479614,0.994344174861908,0.501171886920929,0.49655601382255554,-0.39685046672821045,0.9604738354682922,0.35906463861465454,0.5398343801498413,-0.4716160297393799,0.9898519515991211,0.5126761198043823,0.5102533102035522,-0.42313647270202637,0.9322224855422974,0.35318106412887573,0.5645988583564758,-0.5067389011383057,0.9753848314285278,0.5084046125411987,0.5098122358322144,-0.4439660906791687,0.9450917840003967,0.36455151438713074,0.5654609203338623,-0.5225870609283447,0.9752895832061768,0.500792384147644,0.5072898864746094,-0.4071681499481201,0.9370887279510498,0.3671886622905731,0.5577806830406189,-0.4797546863555908,0.9650503993034363,0.4254518151283264,0.4111539125442505,0.013822841458022594,0.9994951486587524,0.381805956363678,0.4104662239551544,-0.013650785200297832,0.9989981055259705,0.4376572072505951,0.474603533744812,-0.2359967678785324,0.9503133296966553,0.374154269695282,0.4768488109111786,-0.2786381244659424,0.8898253440856934,0.415745347738266,0.5738500952720642,-0.07232127338647842,0.909608781337738,0.3843795359134674,0.5706857442855835,-0.10978807508945465,0.9321707487106323,0.40676990151405334,0.5866142511367798,-0.06128076836466789,0.7555656433105469,0.38907143473625183,0.5815695524215698,-0.09845788776874542,0.7607492804527283,0.42806634306907654,0.6018508076667786,-0.1677839607000351,0.9143978357315063,0.37904244661331177,0.5953121185302734,-0.2110615074634552,0.916630744934082
55,0.4370143413543701,0.38417357206344604,-0.5617040991783142,0.9997552037239075,0.4401772618293762,0.3736286163330078,-0.5518398284912109,0.9993202686309814,0.4419938921928406,0.37196648120880127,-0.5518745183944702,0.9988968372344971,0.44362419843673706,0.3700889050960541,-0.5520175099372864,0.9989253878593445,0.4329589307308197,0.37564799189567566,-0.5599321126937866,0.9994611740112305,0.42923635244369507,0.37536588311195374,-0.5600053071975708,0.9993149042129517,0.4253946840763092,0.3746819794178009,-0.5600520372390747,0.9993999600410461,0.44344013929367065,0.3620881736278534,-0.4540165364742279,0.9971380233764648,0.41515612602233887,0.36775022745132446,-0.48837119340896606,0.9993326663970947,0.43837958574295044,0.3873266875743866,-0.5192945599555969,0.9998481869697571,0.43057781457901,0.38927552103996277,-0.5298721790313721,0.99989914894104,0.4559558928012848,0.3713466227054596,-0.3276700973510742,0.999853253364563,0.3767087757587433,0.3853057324886322,-0.38255324959754944,0.9994363784790039,0.48578959703445435,0.4349547028541565,-0.31943896412849426,0.9852598309516907,0.35982125997543335,0.4648233652114868,-0.4118083417415619,0.9936368465423584,0.5006700754165649,0.49751725792884827,-0.392499715089798,0.9625893831253052,0.36075347661972046,0.5462560057640076,-0.4747503697872162,0.9896606802940369,0.5096718668937683,0.5164293050765991,-0.41913095116615295,0.93515545129776,0.3562958836555481,0.5718122124671936,-0.512965202331543,0.9754365682601929,0.5042197108268738,0.5172111392021179,-0.4393516480922699,0.9475126266479492,0.36699071526527405,0.573307454586029,-0.5293745398521423,0.975411057472229,0.49884742498397827,0.5130410194396973,-0.4024640917778015,0.9398820996284485,0.3694477677345276,0.5636517405509949,-0.48336949944496155,0.9651660323143005,0.4255710542201996,0.41092345118522644,0.016388891264796257,0.9995360970497131,0.3818920850753784,0.41097062826156616,-0.016226517036557198,0.9990502595901489,0.4442335069179535,0.47335976362228394,-0.23441791534423828,0.9521625638008118,0.37718623876571655,0.4774879813194275,-0.2748982608318329,0.8933068513870239,0.41594618558883667,0.5788866877555847,-0.07187426090240479,0.9127903580665588,0.3850880563259125,0.5705808997154236,-0.09983361512422562,0.9352772831916809,0.40920132398605347,0.5924577713012695,-0.06062302738428116,0.7573859691619873,0.3887125253677368,0.5800905823707581,-0.08743415772914886,0.7626745700836182,0.42872437834739685,0.6078479886054993,-0.16917367279529572,0.9170392155647278,0.380721777677536,0.5940318703651428,-0.19865337014198303,0.9198699593544006
56,0.4383107125759125,0.38631772994995117,-0.6101043820381165,0.9997730255126953,0.4411007761955261,0.37574896216392517,-0.5962157249450684,0.9993748068809509,0.44277435541152954,0.37414079904556274,-0.5962493419647217,0.9989850521087646,0.44432729482650757,0.37234771251678467,-0.5964027643203735,0.9990153908729553,0.43431201577186584,0.37796470522880554,-0.6057316660881042,0.9994974136352539,0.43067511916160583,0.377858966588974,-0.6057958602905273,0.9993584156036377,0.4266752600669861,0.3774070143699646,-0.6058474183082581,0.9994363784790039,0.4436953663825989,0.36443892121315,-0.4823080599308014,0.9973521828651428,0.415269136428833,0.3710481822490692,-0.524908721446991,0.9993528127670288,0.4392054080963135,0.38983455300331116,-0.5630590915679932,0.9998603463172913,0.43185514211654663,0.391865074634552,-0.5754835605621338,0.9999051094055176,0.45662468671798706,0.37352171540260315,-0.34574800729751587,0.9998660087585449,0.37765559554100037,0.3885864317417145,-0.41232722997665405,0.9994387030601501,0.4839266836643219,0.4419628381729126,-0.3433886170387268,0.9858797788619995,0.36421236395835876,0.4698438346385956,-0.44720259308815,0.9918749928474426,0.5006393194198608,0.5108784437179565,-0.42099371552467346,0.9641039967536926,0.3635241389274597,0.5535390973091125,-0.5195848345756531,0.9890004992485046,0.507347822189331,0.5333110094070435,-0.4507119655609131,0.9376026391983032,0.3575357496738434,0.5794274210929871,-0.5626682043075562,0.9751238822937012,0.5008876919746399,0.5326588749885559,-0.47410088777542114,0.9495542049407959,0.36828485131263733,0.5812498331069946,-0.579418420791626,0.9752002954483032,0.497016042470932,0.5271406769752502,-0.43251848220825195,0.9422623515129089,0.372433602809906,0.571831464767456,-0.5289572477340698,0.9646438360214233,0.42908430099487305,0.41160473227500916,0.01955711469054222,0.9995719194412231,0.3845585286617279,0.41107621788978577,-0.019413212314248085,0.9990898966789246,0.44905218482017517,0.4674450159072876,-0.24996168911457062,0.9512489438056946,0.38172465562820435,0.4779032766819,-0.3060236871242523,0.8899999856948853,0.4190441071987152,0.5810462236404419,-0.07108253240585327,0.9099714756011963,0.3871370851993561,0.5705500841140747,-0.10824527591466904,0.9294393062591553,0.4165807366371155,0.5956404805183411,-0.058618031442165375,0.7425400614738464,0.3888932466506958,0.5779320001602173,-0.09338057786226273,0.737970232963562,0.43300288915634155,0.6094203591346741,-0.17380979657173157,0.913125216960907,0.3833713233470917,0.5941051840782166,-0.2123003900051117,0.911558985710144
57,0.437258780002594,0.3966154456138611,-0.6367295980453491,0.9997881054878235,0.44023942947387695,0.38481807708740234,-0.6251977682113647,0.9994111061096191,0.4423484802246094,0.38227516412734985,-0.6252154111862183,0.9990506172180176,0.4442517161369324,0.3796082139015198,-0.625311553478241,0.9990793466567993,0.4326992928981781,0.38711243867874146,-0.633194625377655,0.9995100498199463,0.4291312098503113,0.386160284280777,-0.6332763433456421,0.9993817210197449,0.42532339692115784,0.3847813010215759,-0.633352518081665,0.9994457364082336,0.4436470568180084,0.3697180449962616,-0.5150125622749329,0.9974988698959351,0.4151698648929596,0.37527862191200256,-0.5505802035331726,0.9993312358856201,0.4389583170413971,0.39947187900543213,-0.5910242199897766,0.9998693466186523,0.4312511384487152,0.4005240797996521,-0.6012511253356934,0.9999057650566101,0.4585404396057129,0.38776683807373047,-0.3771526515483856,0.9998766183853149,0.3847272992134094,0.3931853175163269,-0.43633589148521423,0.9994449615478516,0.48544564843177795,0.46419641375541687,-0.3820374608039856,0.9866125583648682,0.36732685565948486,0.4783637225627899,-0.4756194055080414,0.9920764565467834,0.5004295706748962,0.5363249182701111,-0.4556473195552826,0.9647768139839172,0.3689420521259308,0.5675818920135498,-0.5403944253921509,0.9891096949577332,0.5062811374664307,0.5561206340789795,-0.48591551184654236,0.9379925727844238,0.36327043175697327,0.5923894047737122,-0.5805069804191589,0.9754447340965271,0.497194766998291,0.5580225586891174,-0.5068787932395935,0.9500255584716797,0.37481608986854553,0.59546959400177,-0.5954906344413757,0.9756188988685608,0.49407869577407837,0.5514225363731384,-0.4661861062049866,0.9428314566612244,0.3786362111568451,0.5872538685798645,-0.5484803915023804,0.9648644328117371,0.4323449730873108,0.42280828952789307,0.019492503255605698,0.9996069669723511,0.387064665555954,0.41747143864631653,-0.01926191709935665,0.9991240501403809,0.44181984663009644,0.48394495248794556,-0.30972394347190857,0.9519550800323486,0.3814922571182251,0.49969610571861267,-0.274696409702301,0.885651171207428,0.41903382539749146,0.5841232538223267,-0.1133488267660141,0.9091588258743286,0.38443049788475037,0.5744389295578003,-0.04877472668886185,0.9124715328216553,0.41514891386032104,0.5972463488578796,-0.09937494993209839,0.7321029901504517,0.3860339820384979,0.5781272053718567,-0.03149448707699776,0.7096377015113831,0.4328404366970062,0.6121531128883362,-0.22683779895305634,0.910178542137146,0.3830929398536682,0.6039609909057617,-0.150741845369339,0.8938217163085938
58,0.4371485114097595,0.41223007440567017,-0.6885080337524414,0.9998033046722412,0.4402065873146057,0.40110698342323303,-0.6727703213691711,0.9994476437568665,0.4422668516635895,0.3990563750267029,-0.6727926731109619,0.9991149306297302,0.444141685962677,0.3967060148715973,-0.6729025840759277,0.9991362690925598,0.4326910376548767,0.4035249948501587,-0.6826401352882385,0.9995307326316833,0.4291377663612366,0.40291649103164673,-0.6827281713485718,0.9994176626205444,0.4253668189048767,0.4012933075428009,-0.6828170418739319,0.9994680285453796,0.4436874985694885,0.38690513372421265,-0.547391414642334,0.9976314902305603,0.4153761863708496,0.39204180240631104,-0.5916802287101746,0.9993442296981812,0.4388725161552429,0.41430509090423584,-0.6376051306724548,0.9998793005943298,0.4312114715576172,0.41655269265174866,-0.6504100561141968,0.9999110698699951,0.4592817723751068,0.40310150384902954,-0.4034486413002014,0.9998865127563477,0.383966326713562,0.4082339406013489,-0.47255071997642517,0.9994732141494751,0.48727816343307495,0.4784320890903473,-0.4205992817878723,0.9875661134719849,0.3710150420665741,0.4952637553215027,-0.5268329977989197,0.9923408031463623,0.49932995438575745,0.5599259734153748,-0.5051336288452148,0.9666754603385925,0.3775503635406494,0.5901597142219543,-0.6015342473983765,0.9895776510238647,0.5052289366722107,0.5816022753715515,-0.5408169627189636,0.9411596655845642,0.3710167407989502,0.6123340725898743,-0.6475061178207397,0.9767257571220398,0.49485668540000916,0.5824079513549805,-0.5604537129402161,0.9525244235992432,0.38322848081588745,0.6140797734260559,-0.6618146896362305,0.9768984317779541,0.4912952482700348,0.5759674310684204,-0.5159804224967957,0.9456346035003662,0.38722413778305054,0.6037669777870178,-0.6098116636276245,0.9663619995117188,0.43287381529808044,0.43494701385498047,0.018557514995336533,0.999631941318512,0.38759148120880127,0.4270329475402832,-0.01833619736135006,0.9991425275802612,0.44304877519607544,0.4892822504043579,-0.3216300308704376,0.9530549645423889,0.38073208928108215,0.5006758570671082,-0.3266240060329437,0.885288417339325,0.41992273926734924,0.5851425528526306,-0.09929908812046051,0.9097192287445068,0.37897640466690063,0.5877465605735779,-0.11392474174499512,0.9114910960197449,0.4223988652229309,0.6016744375228882,-0.08333979547023773,0.7271761298179626,0.3771727383136749,0.5945737957954407,-0.098611019551754,0.6993899345397949,0.4327145218849182,0.6144083142280579,-0.2126341611146927,0.9094560146331787,0.38463109731674194,0.6298441290855408,-0.23790018260478973,0.8885624408721924
59,0.4373769164085388,0.4310983419418335,-0.6474304795265198,0.9998196363449097,0.4409283995628357,0.4192129075527191,-0.6338602304458618,0.9994907975196838,0.44319066405296326,0.41750001907348633,-0.6338747143745422,0.999186635017395,0.44515442848205566,0.415787011384964,-0.6339651346206665,0.9992039799690247,0.4329112470149994,0.4212605059146881,-0.6430604457855225,0.9995647072792053,0.4293745160102844,0.42075315117836,-0.6431653499603271,0.9994630813598633,0.425656259059906,0.41985851526260376,-0.6432520747184753,0.9995062351226807,0.44483694434165955,0.4072361886501312,-0.5173414945602417,0.9978126883506775,0.4164358973503113,0.411416620016098,-0.5580575466156006,0.9993837475776672,0.4393925666809082,0.4339493215084076,-0.5991882085800171,0.9998890161514282,0.4313339293003082,0.43452855944633484,-0.6110095977783203,0.9999169111251831,0.46027541160583496,0.41878238320350647,-0.37861520051956177,0.9998939633369446,0.38393527269363403,0.42471176385879517,-0.4483373761177063,0.9994987845420837,0.4872950613498688,0.4953233003616333,-0.3865809440612793,0.9883785843849182,0.3740358352661133,0.5103914737701416,-0.4956970810890198,0.9928221702575684,0.49494504928588867,0.57972651720047,-0.46502214670181274,0.9684280753135681,0.3830643892288208,0.6040651202201843,-0.5667496919631958,0.9902260303497314,0.5025656819343567,0.6008249521255493,-0.49803972244262695,0.9438480138778687,0.3789796233177185,0.6259472370147705,-0.6110178232192993,0.9781211614608765,0.4905932545661926,0.6025346517562866,-0.5181904435157776,0.9546732306480408,0.39133358001708984,0.6273972988128662,-0.6242636442184448,0.9782719016075134,0.4861524999141693,0.5954567790031433,-0.47562092542648315,0.9480639100074768,0.3921000361442566,0.6071529984474182,-0.574327826499939,0.9680604934692383,0.4329223036766052,0.4505026042461395,0.017950404435396194,0.9996494054794312,0.387393593788147,0.4496050477027893,-0.017736341804265976,0.9991775751113892,0.4441661834716797,0.5021108388900757,-0.2996302843093872,0.954642653465271,0.3775356113910675,0.521615743637085,-0.3143579065799713,0.8878633975982666,0.4207545220851898,0.586039662361145,-0.07130183279514313,0.9081828594207764,0.3712001144886017,0.594781219959259,-0.09857068210840225,0.9087469577789307,0.42373257875442505,0.6029397249221802,-0.050763893872499466,0.7247198820114136,0.3708426356315613,0.6063352823257446,-0.08406978100538254,0.6904450058937073,0.43291816115379333,0.6140937805175781,-0.166145920753479,0.9069611430168152,0.3773280084133148,0.638979971408844,-0.20749640464782715,0.880602240562439
60,0.4373575747013092,0.4577533006668091,-0.6939063668251038,0.9998337626457214,0.4412018358707428,0.44769909977912903,-0.6821926832199097,0.9995265007019043,0.44381824135780334,0.4457961916923523,-0.6822038888931274,0.999247133731842,0.44619351625442505,0.44383299350738525,-0.6822705268859863,0.9992523193359375,0.4329584240913391,0.4490884840488434,-0.6886763572692871,0.9995909929275513,0.4295071065425873,0.4479876756668091,-0.688797116279602,0.9995028376579285,0.4259245991706848,0.4465760290622711,-0.6888927221298218,0.9995352625846863,0.4473976194858551,0.43289846181869507,-0.5659303665161133,0.997952401638031,0.41804900765419006,0.43618229031562805,-0.5945178270339966,0.9994165897369385,0.43933239579200745,0.45974212884902954,-0.6456554532051086,0.9998978972434998,0.43129467964172363,0.46046769618988037,-0.6539589166641235,0.9999223947525024,0.4636971056461334,0.44401296973228455,-0.43130430579185486,0.9999004602432251,0.3840765357017517,0.4411907196044922,-0.4741339683532715,0.999526858329773,0.48665761947631836,0.5229818224906921,-0.4517042636871338,0.9891506433486938,0.3764548897743225,0.5320364236831665,-0.5199287533760071,0.9933834671974182,0.4912852346897125,0.6128607988357544,-0.5261425375938416,0.9693693518638611,0.38503971695899963,0.6224939823150635,-0.5939936637878418,0.9907103776931763,0.49783554673194885,0.6319976449012756,-0.5645601749420166,0.9451839327812195,0.378461629152298,0.6376952528953552,-0.6397278904914856,0.9791245460510254,0.4867386221885681,0.6385889053344727,-0.5811727046966553,0.9555382132530212,0.3943063020706177,0.6451355814933777,-0.6532347798347473,0.9792451858520508,0.4830988347530365,0.6288350224494934,-0.5356143116950989,0.9484634399414062,0.3929843604564667,0.6259469389915466,-0.6019760966300964,0.9690524339675903,0.4363263249397278,0.46545103192329407,0.010993385687470436,0.999661922454834,0.3878137767314911,0.46415290236473083,-0.010762782767415047,0.9991885423660278,0.4483574330806732,0.531160295009613,-0.3097890019416809,0.9539076089859009,0.3783077597618103,0.5578100085258484,-0.29658153653144836,0.8860977292060852,0.42473921179771423,0.5911012887954712,-0.02497403509914875,0.9008381366729736,0.36775919795036316,0.5975998044013977,-0.001537868520244956,0.8774058222770691,0.4332297742366791,0.6148495078086853,-0.0010498643387109041,0.6958791017532349,0.3666623830795288,0.60720294713974,0.023978089913725853,0.659085214138031,0.43383389711380005,0.6269740462303162,-0.11023493111133575,0.8853563666343689,0.3621861934661865,0.6340577006340027,-0.08315090835094452,0.8462417721748352
61,0.4371320605278015,0.4865955710411072,-0.6446340680122375,0.9998299479484558,0.44115033745765686,0.47532781958580017,-0.6642528772354126,0.9995409846305847,0.44378846883773804,0.4736490249633789,-0.6639851331710815,0.9992921352386475,0.44621363282203674,0.4719993770122528,-0.6647396087646484,0.9992889165878296,0.43309837579727173,0.4756889343261719,-0.6548887491226196,0.9995915293693542,0.43005046248435974,0.47425776720046997,-0.6550090909004211,0.9995166659355164,0.4270188808441162,0.47269681096076965,-0.6553324460983276,0.9995259046554565,0.449178546667099,0.4601871073246002,-0.5236610174179077,0.9981053471565247,0.4209827482700348,0.4606107771396637,-0.5735632181167603,0.9994252920150757,0.4393630623817444,0.487387090921402,-0.634532630443573,0.9998819828033447,0.43151968717575073,0.4876212775707245,-0.6111934185028076,0.9999066591262817,0.46710309386253357,0.4739879071712494,-0.4037435054779053,0.9998950362205505,0.3852810859680176,0.4600141942501068,-0.4406949579715729,0.9994367957115173,0.4826180040836334,0.5604340434074402,-0.414928138256073,0.9892970323562622,0.3728760778903961,0.5736562609672546,-0.48429960012435913,0.9935648441314697,0.48395276069641113,0.6502393484115601,-0.47780853509902954,0.9704126119613647,0.38474446535110474,0.6606188416481018,-0.5516659021377563,0.9907127022743225,0.4911386966705322,0.6766821146011353,-0.518357515335083,0.9447252154350281,0.375609815120697,0.6797738671302795,-0.6259416341781616,0.9783772230148315,0.48147544264793396,0.6762361526489258,-0.5346320867538452,0.9554594159126282,0.38958805799484253,0.678526759147644,-0.6195856332778931,0.9784957766532898,0.4761795997619629,0.6666006445884705,-0.48767024278640747,0.9482701420783997,0.39102351665496826,0.6723698973655701,-0.5603878498077393,0.968349039554596,0.4386085867881775,0.47930821776390076,0.011843940243124962,0.9996770620346069,0.38994497060775757,0.4778510332107544,-0.011638243682682514,0.9992173314094543,0.45530468225479126,0.5542298555374146,0.06058015674352646,0.9073392748832703,0.38241761922836304,0.5618775486946106,0.0923667922616005,0.8323878645896912,0.4420280456542969,0.5977278351783752,0.3477889895439148,0.8437042236328125,0.3707678020000458,0.5973435640335083,0.3710807263851166,0.821894645690918,0.43826356530189514,0.6092959046363831,0.37468796968460083,0.6545875668525696,0.37148088216781616,0.6014060378074646,0.3969731330871582,0.6106888055801392,0.44368138909339905,0.6265612840652466,0.30704638361930847,0.8445565700531006,0.368182510137558,0.636013925075531,0.32478854060173035,0.7986895442008972
62,0.43542248010635376,0.5144197344779968,-0.4061979651451111,0.9997967481613159,0.4394524097442627,0.5057793855667114,-0.4086855947971344,0.9995638728141785,0.4425326883792877,0.5046360492706299,-0.4087292551994324,0.9993371963500977,0.4456244111061096,0.50336092710495,-0.40882864594459534,0.9993399381637573,0.4312852919101715,0.5049099326133728,-0.4104323983192444,0.9995993375778198,0.42862826585769653,0.5032728910446167,-0.4104764461517334,0.9995152950286865,0.42578554153442383,0.5013488531112671,-0.4105371832847595,0.9995271563529968,0.4500010013580322,0.49314042925834656,-0.3516753017902374,0.9982816576957703,0.42075175046920776,0.48784109950065613,-0.3593354821205139,0.9994435906410217,0.43922504782676697,0.5153467059135437,-0.378816694021225,0.9998564124107361,0.4311538338661194,0.5148224234580994,-0.380381315946579,0.9998817443847656,0.47198256850242615,0.5057909488677979,-0.2670934796333313,0.9998806715011597,0.3858965039253235,0.4834708571434021,-0.2786400020122528,0.9992503523826599,0.4822542667388916,0.591500997543335,-0.2575160264968872,0.9886994361877441,0.37094947695732117,0.582378089427948,-0.26414358615875244,0.9812925457954407,0.4823214113712311,0.6864083409309387,-0.30076050758361816,0.971156120300293,0.3731798529624939,0.6681235432624817,-0.3040596842765808,0.9831157922744751,0.4918406009674072,0.7082207202911377,-0.3312010169029236,0.9428360462188721,0.36645299196243286,0.6822987198829651,-0.3341969847679138,0.9616339206695557,0.4791792035102844,0.7072073221206665,-0.3469753861427307,0.9546025395393372,0.3772003948688507,0.6847121715545654,-0.34649786353111267,0.964953601360321,0.4736178517341614,0.7006667852401733,-0.30967503786087036,0.947101891040802,0.38306206464767456,0.680281937122345,-0.31082430481910706,0.9530956745147705,0.44517621397972107,0.5150488018989563,0.008224830031394958,0.9996841549873352,0.40113991498947144,0.5058488845825195,-0.008103271946310997,0.9992644190788269,0.45706161856651306,0.5646761655807495,0.1736677885055542,0.8620826005935669,0.3942919969558716,0.5677083134651184,0.14686205983161926,0.8066080212593079,0.45117083191871643,0.5957577228546143,0.37485015392303467,0.7848398685455322,0.3944096565246582,0.5951362252235413,0.35263580083847046,0.772330641746521,0.44849690794944763,0.5890200138092041,0.39481955766677856,0.6053867340087891,0.3966672718524933,0.5863897204399109,0.3737807273864746,0.5663667917251587,0.44991984963417053,0.6227896809577942,0.35783201456069946,0.7997361421585083,0.39172422885894775,0.629326581954956,0.3373565077781677,0.7626116871833801
63,0.4388428330421448,0.5575049519538879,-0.4358026385307312,0.9991885423660278,0.4437541365623474,0.5483795404434204,-0.43713894486427307,0.9992461204528809,0.44726791977882385,0.5465289950370789,-0.43718796968460083,0.9990793466567993,0.4507911801338196,0.5443347096443176,-0.4372948110103607,0.9990901350975037,0.4343535900115967,0.5475567579269409,-0.441994845867157,0.9992384910583496,0.4316639304161072,0.5449921488761902,-0.44202709197998047,0.9991110563278198,0.42857345938682556,0.5426288843154907,-0.4420848488807678,0.999066948890686,0.4560631215572357,0.530372679233551,-0.37395644187927246,0.998282790184021,0.4252190589904785,0.5268468856811523,-0.39553627371788025,0.999123215675354,0.44421663880348206,0.5561043620109558,-0.40455931425094604,0.9990900158882141,0.4346388280391693,0.5551497340202332,-0.4107442796230316,0.9992530345916748,0.48082107305526733,0.5450875163078308,-0.283348023891449,0.9997500777244568,0.3884848356246948,0.5045431852340698,-0.2964724898338318,0.9982951879501343,0.48248228430747986,0.6377250552177429,-0.270765483379364,0.9873002767562866,0.37053170800209045,0.6026720404624939,-0.27637022733688354,0.9683032631874084,0.4832712709903717,0.7285758256912231,-0.314561128616333,0.9717234373092651,0.3688628077507019,0.6887446045875549,-0.3180449604988098,0.9784679412841797,0.4941898286342621,0.7481165528297424,-0.3513970971107483,0.9408785104751587,0.36334583163261414,0.7019398808479309,-0.3545735776424408,0.9536842107772827,0.48202723264694214,0.7460781931877136,-0.3674651086330414,0.953662097454071,0.37526965141296387,0.7037413716316223,-0.36683544516563416,0.9590329527854919,0.475159227848053,0.7399861812591553,-0.3243618607521057,0.9469872117042542,0.38107800483703613,0.7000318765640259,-0.3254774510860443,0.9462728500366211,0.44856253266334534,0.5222569704055786,0.00626458739861846,0.9997034072875977,0.4023612439632416,0.5051648616790771,-0.00618742173537612,0.9993261098861694,0.45566049218177795,0.5709760785102844,0.20426897704601288,0.8123353719711304,0.3902694582939148,0.5587418079376221,0.2048075944185257,0.7692822813987732,0.44802722334861755,0.593762993812561,0.4493948519229889,0.7320000529289246,0.3894498646259308,0.5922868847846985,0.42468637228012085,0.7462558746337891,0.4447533190250397,0.5885555148124695,0.47433575987815857,0.561481237411499,0.3961794972419739,0.5862568616867065,0.44695550203323364,0.5314012765884399,0.4482845366001129,0.6284579634666443,0.43537673354148865,0.7731184363365173,0.38547584414482117,0.6258273720741272,0.3991987109184265,0.7554289698600769
64,0.4436318874359131,0.6009200811386108,-0.4576435089111328,0.9992055296897888,0.44893938302993774,0.5907451510429382,-0.45756644010543823,0.9992462992668152,0.4520642161369324,0.5892570614814758,-0.4576337933540344,0.999111533164978,0.4547513425350189,0.5865862369537354,-0.45773473381996155,0.9991090893745422,0.44019120931625366,0.5900914669036865,-0.46362119913101196,0.9992448091506958,0.4374609589576721,0.5882758498191833,-0.463649183511734,0.9991335868835449,0.43409767746925354,0.5859469771385193,-0.4637071490287781,0.999070942401886,0.45690053701400757,0.5750829577445984,-0.39110299944877625,0.9984054565429688,0.4291452467441559,0.5716992020606995,-0.4198755621910095,0.9991418123245239,0.4472436308860779,0.6010076403617859,-0.4255239963531494,0.9989740252494812,0.4394175112247467,0.599929690361023,-0.4336726665496826,0.9991577863693237,0.4763498902320862,0.5860082507133484,-0.30499202013015747,0.9997479915618896,0.38762229681015015,0.5549803972244263,-0.3138793408870697,0.9981865882873535,0.4820708632469177,0.6739948987960815,-0.2996484637260437,0.9867258071899414,0.36518585681915283,0.6504331231117249,-0.30176132917404175,0.9663255214691162,0.48453670740127563,0.76171875,-0.3467387557029724,0.9738478064537048,0.35836589336395264,0.7376198172569275,-0.34349143505096436,0.9786443114280701,0.48614177107810974,0.7983153462409973,-0.3904742896556854,0.9447663426399231,0.35177093744277954,0.7504039406776428,-0.3853892385959625,0.9545830488204956,0.4728233814239502,0.795378565788269,-0.40540894865989685,0.9567411541938782,0.3651561141014099,0.7528564929962158,-0.4005969166755676,0.9598814845085144,0.4651162624359131,0.7899653911590576,-0.35677990317344666,0.9506934881210327,0.3708780109882355,0.7499871850013733,-0.3529047966003418,0.9484820365905762,0.44635850191116333,0.5487745404243469,0.004696018993854523,0.9997283220291138,0.39974719285964966,0.534035861492157,-0.004667370580136776,0.9993897676467896,0.453826904296875,0.5921438932418823,0.22523558139801025,0.7497872114181519,0.3882332444190979,0.5845022201538086,0.20913223922252655,0.7249177694320679,0.4611474573612213,0.6127943396568298,0.47594237327575684,0.6836700439453125,0.3695647120475769,0.6033058762550354,0.4570007920265198,0.7177672386169434,0.4597555100917816,0.6101064682006836,0.5017648935317993,0.5255414843559265,0.3720865845680237,0.6013919711112976,0.48234081268310547,0.5024264454841614,0.46699705719947815,0.6479822397232056,0.4636034369468689,0.75605708360672,0.3558463156223297,0.6365376114845276,0.43572884798049927,0.7463944554328918
65,0.4499576687812805,0.6444905400276184,-0.519361138343811,0.9992435574531555,0.4559773802757263,0.633161723613739,-0.515690267086029,0.9992976188659668,0.45855170488357544,0.6315897107124329,-0.515731692314148,0.9991639256477356,0.4608890116214752,0.6302818655967712,-0.5158259272575378,0.9991738796234131,0.44451475143432617,0.6331356167793274,-0.5215683579444885,0.9992948174476624,0.43895989656448364,0.63418048620224,-0.5216230154037476,0.9991734027862549,0.43657559156417847,0.6288859248161316,-0.5216895341873169,0.9991255402565002,0.4599645733833313,0.6166960000991821,-0.4037211835384369,0.9985252618789673,0.42924991250038147,0.6170259118080139,-0.4590749144554138,0.9991751909255981,0.45416778326034546,0.6430965662002563,-0.48236116766929626,0.9989680647850037,0.4416273534297943,0.6396718621253967,-0.489745557308197,0.999154806137085,0.47448229789733887,0.6176151633262634,-0.3453889489173889,0.999739944934845,0.3883230686187744,0.5990707874298096,-0.35131433606147766,0.9976434111595154,0.48227459192276,0.6892719864845276,-0.3274543583393097,0.9825800061225891,0.36535394191741943,0.6778908967971802,-0.338768869638443,0.9388456344604492,0.4847108721733093,0.7778077721595764,-0.4058600068092346,0.9755299091339111,0.3622134327888489,0.7625973224639893,-0.40101566910743713,0.9750618934631348,0.4897063672542572,0.7962904572486877,-0.46280980110168457,0.9482582807540894,0.3559272289276123,0.7779150009155273,-0.44643402099609375,0.9519956111907959,0.47760558128356934,0.7948096990585327,-0.4792458117008209,0.959172248840332,0.3673640787601471,0.7795732021331787,-0.46336397528648376,0.9555760025978088,0.47039881348609924,0.7885887622833252,-0.4176959991455078,0.9531322717666626,0.37165504693984985,0.7759605050086975,-0.4112012982368469,0.9433094263076782,0.44666704535484314,0.5636981129646301,0.0022160038352012634,0.999748945236206,0.3990553617477417,0.5513314604759216,-0.002080713864415884,0.9994442462921143,0.452983558177948,0.597082257270813,0.2400280237197876,0.6865431070327759,0.3852776885032654,0.5992563366889954,0.21458390355110168,0.6717008948326111,0.453023761510849,0.6104699373245239,0.5154510736465454,0.6347897052764893,0.36206135153770447,0.5997099280357361,0.49938368797302246,0.6742954254150391,0.45071882009506226,0.6084290742874146,0.5434809923171997,0.49111127853393555,0.3582612872123718,0.5929972529411316,0.5290292501449585,0.4712202847003937,0.45623093843460083,0.639168381690979,0.5033689737319946,0.7180556058883667,0.3547650873661041,0.6276223063468933,0.49265018105506897,0.7075588703155518
66,0.4526313245296478,0.6879318952560425,-0.36604613065719604,0.999247133731842,0.45731478929519653,0.6814071536064148,-0.37508639693260193,0.999305009841919,0.45975208282470703,0.6795834898948669,-0.37505850195884705,0.999148428440094,0.46225109696388245,0.6776648759841919,-0.37508124113082886,0.9991884231567383,0.44869694113731384,0.6816264986991882,-0.3851466774940491,0.9993265271186829,0.44552093744277954,0.6802487969398499,-0.3852737545967102,0.9992063045501709,0.442626416683197,0.6784522533416748,-0.38543328642845154,0.9991755485534668,0.46566230058670044,0.6669995784759521,-0.3457576036453247,0.9985877275466919,0.4345749318599701,0.6607680916786194,-0.3922588527202606,0.9992260932922363,0.4563174247741699,0.6823813319206238,-0.34436842799186707,0.9990076422691345,0.44629114866256714,0.6818713545799255,-0.35786598920822144,0.9991942644119263,0.4760226309299469,0.6369507908821106,-0.2799065113067627,0.9996799826622009,0.38929325342178345,0.6312832236289978,-0.3273840546607971,0.9978393316268921,0.490495502948761,0.6954144835472107,-0.2318428009748459,0.9696114659309387,0.36415374279022217,0.7187232375144958,-0.3140575885772705,0.9436066746711731,0.48570361733436584,0.7766174077987671,-0.26992109417915344,0.9727069139480591,0.37357646226882935,0.7928861975669861,-0.3465229272842407,0.9772356748580933,0.4911326766014099,0.7945287227630615,-0.3047735393047333,0.9441901445388794,0.3715687394142151,0.7983056306838989,-0.3899707496166229,0.9559795260429382,0.4801434874534607,0.7919156551361084,-0.3197021484375,0.9546533823013306,0.3908149302005768,0.8034694790840149,-0.39638420939445496,0.9589446783065796,0.47358936071395874,0.7868399024009705,-0.27899715304374695,0.9476991295814514,0.3955359160900116,0.800376296043396,-0.35161423683166504,0.9475578665733337,0.44612663984298706,0.5858005285263062,0.006172755733132362,0.9997603893280029,0.3943486511707306,0.5790685415267944,-0.006222499068826437,0.9994943141937256,0.4532608389854431,0.6174819469451904,0.2086663693189621,0.6274202466011047,0.383996844291687,0.6336164474487305,0.1578253209590912,0.6273007392883301,0.43433037400245667,0.6188666224479675,0.47301167249679565,0.5793445706367493,0.3558439612388611,0.6098082065582275,0.4388931691646576,0.6220642924308777,0.42631202936172485,0.6145098209381104,0.5029231309890747,0.45142537355422974,0.35320764780044556,0.5997564792633057,0.4699043333530426,0.44028064608573914,0.4301988482475281,0.6436567902565002,0.4970117211341858,0.6615821123123169,0.35094499588012695,0.6382986307144165,0.4695183336734772,0.655107855796814
67,0.45470523834228516,0.7205455303192139,-0.3927399516105652,0.9981142282485962,0.46044379472732544,0.7156198024749756,-0.40770769119262695,0.9982935786247253,0.4633299708366394,0.7141500115394592,-0.4076768755912781,0.9975424408912659,0.46609407663345337,0.7120072245597839,-0.4076855778694153,0.9980008006095886,0.45157694816589355,0.7149307727813721,-0.4188609719276428,0.9988746643066406,0.44833093881607056,0.713065505027771,-0.4190385937690735,0.9987229704856873,0.44558805227279663,0.7113092541694641,-0.4191923141479492,0.9989181756973267,0.4680608808994293,0.6981424689292908,-0.3870229721069336,0.9971370697021484,0.43903279304504395,0.6975103616714478,-0.4352782368659973,0.9990866780281067,0.45851683616638184,0.7111954092979431,-0.3717297911643982,0.9979110360145569,0.4483455717563629,0.709775984287262,-0.38691380620002747,0.9987330436706543,0.47921547293663025,0.6520975828170776,-0.30852121114730835,0.9982856512069702,0.3887988328933716,0.6588567495346069,-0.3604711890220642,0.9979815483093262,0.49430418014526367,0.7052116394042969,-0.22506341338157654,0.9297160506248474,0.3622148633003235,0.7270869612693787,-0.33049505949020386,0.9474533200263977,0.48628243803977966,0.7801896929740906,-0.2522396445274353,0.9374390840530396,0.3848493695259094,0.806333601474762,-0.3509269654750824,0.9786226153373718,0.49219027161598206,0.7950116395950317,-0.28544098138809204,0.9011206030845642,0.38460642099380493,0.8254640102386475,-0.39641135931015015,0.9581957459449768,0.48110586404800415,0.7946299910545349,-0.3002692461013794,0.9094843864440918,0.4008706212043762,0.8176089525222778,-0.40076762437820435,0.9599332213401794,0.47412365674972534,0.7894629836082458,-0.2609401047229767,0.8971644043922424,0.40394535660743713,0.808670699596405,-0.35455626249313354,0.9472391605377197,0.44435349106788635,0.6081538796424866,0.011806923896074295,0.9996675252914429,0.3907899260520935,0.595746636390686,-0.011949986219406128,0.999510645866394,0.44928115606307983,0.6284777522087097,0.30224329233169556,0.567533552646637,0.3727070689201355,0.6269474029541016,0.25857067108154297,0.5733323097229004,0.4286581575870514,0.6203230023384094,0.6264801621437073,0.5252203345298767,0.3539443016052246,0.6084003448486328,0.5786558985710144,0.5721681118011475,0.42123109102249146,0.6140615940093994,0.6633428335189819,0.4143234193325043,0.3521236777305603,0.599714457988739,0.6139374375343323,0.41344577074050903,0.4248958230018616,0.6434942483901978,0.6640756130218506,0.5991026163101196,0.351600706577301,0.6352657079696655,0.6133912801742554,0.5968676805496216
68,0.45449671149253845,0.7538314461708069,-0.35633474588394165,0.9979894161224365,0.461003839969635,0.7499948143959045,-0.3728448748588562,0.9980219602584839,0.4642384946346283,0.7484073042869568,-0.37278231978416443,0.9971784353256226,0.4671972692012787,0.7468594312667847,-0.3727383017539978,0.9976353049278259,0.4526132643222809,0.7501747012138367,-0.3850589990615845,0.9988055229187012,0.4493466019630432,0.748471200466156,-0.3852651119232178,0.9986929893493652,0.4466622471809387,0.7469208836555481,-0.3854479193687439,0.9989030361175537,0.47172459959983826,0.73260498046875,-0.3610779941082001,0.9970118403434753,0.43661633133888245,0.7357905507087708,-0.4182114601135254,0.9991291165351868,0.455387681722641,0.7593550086021423,-0.3382197618484497,0.9977048635482788,0.44594502449035645,0.7575479745864868,-0.35512426495552063,0.9986132979393005,0.4825623035430908,0.6807204484939575,-0.2829571068286896,0.9980939030647278,0.3887024521827698,0.6910030245780945,-0.35904669761657715,0.9981610178947449,0.49533647298812866,0.7076414823532104,-0.14730894565582275,0.8627299666404724,0.3623817563056946,0.7351415157318115,-0.31427186727523804,0.9474591016769409,0.4866483211517334,0.776001513004303,-0.12463346868753433,0.8849654793739319,0.3899989128112793,0.8044493198394775,-0.30403828620910645,0.9757333397865295,0.49267274141311646,0.793383777141571,-0.1390317678451538,0.8439621925354004,0.3911765217781067,0.8293812274932861,-0.338295042514801,0.9515647888183594,0.4817333221435547,0.7920318245887756,-0.14983515441417694,0.8485165238380432,0.40648651123046875,0.8168121576309204,-0.3404479920864105,0.947307288646698,0.47434139251708984,0.7858807444572449,-0.1291901171207428,0.8320460319519043,0.4079413414001465,0.8069581389427185,-0.3056356608867645,0.924349308013916,0.44388628005981445,0.6407514810562134,0.015867609530687332,0.9994919300079346,0.3886488676071167,0.6280474066734314,-0.01601213961839676,0.999484658241272,0.44430413842201233,0.6318283081054688,0.2867179811000824,0.5114307403564453,0.3737221956253052,0.634867787361145,0.24791982769966125,0.5179719924926758,0.41973215341567993,0.6250130534172058,0.5946096181869507,0.47411537170410156,0.35112905502319336,0.6180683374404907,0.5403414964675903,0.5204509496688843,0.41153907775878906,0.6190592050552368,0.6288120746612549,0.3770390450954437,0.3480929434299469,0.6088801026344299,0.5715211033821106,0.38440510630607605,0.4153895378112793,0.6475528478622437,0.6260132789611816,0.5401817560195923,0.3430440127849579,0.6441604495048523,0.5639573335647583,0.5399675965309143
69,0.4548019468784332,0.8004316091537476,-0.351676881313324,0.9980892539024353,0.46160179376602173,0.7874877452850342,-0.3770538866519928,0.9981228709220886,0.4659244120121002,0.7872349619865417,-0.3769780397415161,0.9973406791687012,0.4679294526576996,0.7863608002662659,-0.3769751489162445,0.9977485537528992,0.4517417848110199,0.7916624546051025,-0.39036113023757935,0.9988843202590942,0.4483984112739563,0.7905410528182983,-0.3906008005142212,0.9987907409667969,0.4452546536922455,0.7894667387008667,-0.39072227478027344,0.9989855885505676,0.46994104981422424,0.7710751891136169,-0.3840046226978302,0.9972689151763916,0.43504610657691956,0.7706764936447144,-0.43795543909072876,0.9992123246192932,0.4548817574977875,0.7917516231536865,-0.33810102939605713,0.9978718161582947,0.44570857286453247,0.7914844751358032,-0.3558610677719116,0.998716413974762,0.4821067452430725,0.7067021131515503,-0.3011850118637085,0.998215913772583,0.3884701728820801,0.7239830493927002,-0.3734383285045624,0.9983384609222412,0.4953806400299072,0.7074983716011047,-0.13830332458019257,0.7979350686073303,0.36913684010505676,0.7438698410987854,-0.24391047656536102,0.9433370232582092,0.48522108793258667,0.7715705037117004,-0.09588763862848282,0.8213469386100769,0.39477625489234924,0.8035985827445984,-0.13748997449874878,0.9568049311637878,0.49052661657333374,0.786626398563385,-0.11283159255981445,0.7852252721786499,0.4003216624259949,0.82318115234375,-0.15272121131420135,0.9279341101646423,0.48170700669288635,0.784855842590332,-0.11689852178096771,0.7863364219665527,0.41112199425697327,0.8146933317184448,-0.15857288241386414,0.9126840233802795,0.4755631387233734,0.7802690267562866,-0.09739522635936737,0.7653449177742004,0.41110724210739136,0.8069074153900146,-0.13634854555130005,0.8761315941810608,0.44372448325157166,0.6665346622467041,0.01517682708799839,0.9993212223052979,0.3888208866119385,0.6529760360717773,-0.015263048931956291,0.9994689226150513,0.44496458768844604,0.6257912516593933,0.3290259540081024,0.46095407009124756,0.37963226437568665,0.6393349766731262,0.29203593730926514,0.4680427014827728,0.41035810112953186,0.6226343512535095,0.6569350957870483,0.43628552556037903,0.34785133600234985,0.6110156774520874,0.6101299524307251,0.4890753924846649,0.3999304175376892,0.6035458445549011,0.6937243342399597,0.3645240068435669,0.34243226051330566,0.605647087097168,0.645602822303772,0.3894771933555603,0.4053822457790375,0.6340885162353516,0.6931942701339722,0.48849236965179443,0.3376983404159546,0.6394783854484558,0.6427475214004517,0.49094849824905396
70,0.45215097069740295,0.7777701616287231,-0.4621797502040863,0.9982710480690002,0.4572868347167969,0.7754539847373962,-0.4864822328090668,0.9983041882514954,0.4588993191719055,0.7761503458023071,-0.4863251745700836,0.99759840965271,0.45983847975730896,0.7768741846084595,-0.4863104820251465,0.9979616403579712,0.45014238357543945,0.7732219696044922,-0.4928382337093353,0.998993456363678,0.44638004899024963,0.7721089720726013,-0.4931355118751526,0.9989094734191895,0.44363412261009216,0.771020770072937,-0.4933187961578369,0.9990850687026978,0.45823580026626587,0.7715350985527039,-0.4561171531677246,0.9975382685661316,0.43576088547706604,0.7629827260971069,-0.4883140027523041,0.9992908239364624,0.4487203061580658,0.7773051857948303,-0.43535417318344116,0.9980722665786743,0.4434943199157715,0.7732354402542114,-0.4446679651737213,0.9988391995429993,0.45985206961631775,0.7468975782394409,-0.3429344892501831,0.9977460503578186,0.39575761556625366,0.7418338656425476,-0.3633357584476471,0.9984804391860962,0.4405059218406677,0.6980193257331848,-0.17168374359607697,0.7739072442054749,0.3685435652732849,0.7025700807571411,-0.19296634197235107,0.9381236433982849,0.39182865619659424,0.6953006386756897,-0.09005456417798996,0.7861555814743042,0.3647872805595398,0.713009238243103,-0.08888842910528183,0.9434596300125122,0.3827514350414276,0.6934584975242615,-0.1016986221075058,0.7525330185890198,0.35729342699050903,0.7081568241119385,-0.0946815088391304,0.914172887802124,0.37914222478866577,0.6846104860305786,-0.1003541573882103,0.752129077911377,0.3648701310157776,0.7085269093513489,-0.1085110679268837,0.8974658250808716,0.3826908469200134,0.6848105192184448,-0.08762536942958832,0.7223578691482544,0.3681454062461853,0.710440456867218,-0.09127115458250046,0.854513943195343,0.4435335695743561,0.6725452542304993,0.0048780133947730064,0.9992124438285828,0.39926066994667053,0.6710101962089539,-0.004853496327996254,0.9994643330574036,0.4404224455356598,0.6275192499160767,0.3031693994998932,0.4369705021381378,0.3979637920856476,0.633502185344696,0.28029924631118774,0.44086793065071106,0.41558176279067993,0.6013590693473816,0.6440485715866089,0.453837126493454,0.3676975965499878,0.6079022884368896,0.6329835057258606,0.4773249328136444,0.41067853569984436,0.5914407968521118,0.6825588941574097,0.40186241269111633,0.362458735704422,0.6006291508674622,0.6728504300117493,0.40185436606407166,0.41295820474624634,0.6080764532089233,0.6801108121871948,0.46803930401802063,0.36624613404273987,0.6211144328117371,0.6648858785629272,0.45540401339530945
71,0.4445929527282715,0.7492771744728088,-0.5167038440704346,0.998406171798706,0.4413074553012848,0.7592487335205078,-0.5430241823196411,0.9984448552131653,0.43840160965919495,0.7599578499794006,-0.5428801774978638,0.9978091716766357,0.4355603754520416,0.760745644569397,-0.5428571701049805,0.9981093406677246,0.4499574303627014,0.7601410746574402,-0.543386697769165,0.9990733861923218,0.4465232491493225,0.7613095045089722,-0.5435222387313843,0.9990007877349854,0.4475252628326416,0.76250821352005,-0.5436720252037048,0.9991557002067566,0.4281311631202698,0.7651592493057251,-0.5287854671478271,0.9977611899375916,0.4487849771976471,0.7688458561897278,-0.532117486000061,0.9993569254875183,0.4368479251861572,0.7475867867469788,-0.49541711807250977,0.9982424378395081,0.44323092699050903,0.747718095779419,-0.496969610452652,0.998943030834198,0.4138476848602295,0.7474862337112427,-0.3939744830131531,0.9969260096549988,0.43895941972732544,0.7596921324729919,-0.37210386991500854,0.9984192848205566,0.38069725036621094,0.6921970248222351,-0.19159843027591705,0.7844633460044861,0.41493144631385803,0.7109030485153198,-0.15030348300933838,0.9069139957427979,0.3552846312522888,0.6524129509925842,-0.04850589111447334,0.7719985842704773,0.3822932243347168,0.6707037687301636,0.023744361475110054,0.9121477007865906,0.3483259081840515,0.6495679020881653,-0.0521656759083271,0.7533776760101318,0.3720119893550873,0.6652750372886658,0.0395088866353035,0.9020380973815918,0.3460414707660675,0.6495668292045593,-0.054165370762348175,0.7501027584075928,0.3717799782752991,0.6725285649299622,0.01569138839840889,0.8845514059066772,0.34990572929382324,0.6491245627403259,-0.045332469046115875,0.7162784337997437,0.3757702112197876,0.6735106110572815,0.02129724994301796,0.8441612720489502,0.42819303274154663,0.6784849762916565,-0.006049910560250282,0.9989717602729797,0.42747893929481506,0.6888254284858704,0.0063707903027534485,0.9992892742156982,0.44153809547424316,0.6189400553703308,0.26635444164276123,0.44981175661087036,0.41471701860427856,0.6368694305419922,0.26228848099708557,0.43085816502571106,0.4129905700683594,0.6008855104446411,0.6355071067810059,0.4875625669956207,0.37889033555984497,0.6090571880340576,0.6350536346435547,0.4772382974624634,0.40435656905174255,0.5920255780220032,0.6766010522842407,0.44032588601112366,0.3731033504009247,0.6061226725578308,0.6777940392494202,0.41265085339546204,0.4169570803642273,0.5940045714378357,0.6676658987998962,0.46185052394866943,0.3753415048122406,0.6013409495353699,0.6649059057235718,0.42729130387306213
72,0.4641842246055603,0.8016532063484192,-0.5542789697647095,0.9985623359680176,0.46026286482810974,0.8045913577079773,-0.5684365034103394,0.9985991716384888,0.4583017826080322,0.802721381187439,-0.5682680010795593,0.998026430606842,0.45620521903038025,0.8008792400360107,-0.5682216882705688,0.9982950687408447,0.46426400542259216,0.8111763596534729,-0.5760712027549744,0.9991654753684998,0.4640890955924988,0.8134613037109375,-0.5762724876403809,0.9991001486778259,0.46458443999290466,0.8157684206962585,-0.5763887763023376,0.9992395639419556,0.44183915853500366,0.7942106127738953,-0.5235938429832458,0.9979840517044067,0.4613525867462158,0.8153313994407654,-0.5586878657341003,0.9994211792945862,0.4576159119606018,0.7937740087509155,-0.5241070985794067,0.9984164237976074,0.46210700273513794,0.7997798323631287,-0.5347684621810913,0.9990476965904236,0.4388255476951599,0.7489327192306519,-0.36827367544174194,0.9970928430557251,0.4382213056087494,0.8075024485588074,-0.39875292778015137,0.998557448387146,0.42192500829696655,0.7205724716186523,-0.15031637251377106,0.7435555458068848,0.4215863347053528,0.7990537881851196,-0.1849277913570404,0.9140512347221375,0.40494075417518616,0.725520670413971,-0.01258075051009655,0.7051868438720703,0.40953999757766724,0.7763532996177673,0.010960223153233528,0.9117926955223083,0.40329819917678833,0.725245475769043,-0.005731218960136175,0.6900718212127686,0.40409380197525024,0.7763797640800476,0.03229621797800064,0.9000848531723022,0.3998292088508606,0.7287823557853699,-0.003435024293139577,0.6870545148849487,0.4075637459754944,0.7708483338356018,0.016625145450234413,0.8814594745635986,0.40030017495155334,0.7283618450164795,-0.00715735275298357,0.656301736831665,0.4085679054260254,0.7685434818267822,0.012772582471370697,0.84373539686203,0.42862170934677124,0.6839995980262756,-0.00036159955197945237,0.9990313649177551,0.4249466061592102,0.7114466428756714,0.0010731775546446443,0.9993543028831482,0.44282346963882446,0.6216947436332703,0.23910287022590637,0.48975586891174316,0.41318875551223755,0.6847925186157227,0.20908527076244354,0.472067654132843,0.4081096649169922,0.6034061908721924,0.5187230110168457,0.5166431069374084,0.3656180202960968,0.6554695963859558,0.6050655245780945,0.5004715919494629,0.40222710371017456,0.595904529094696,0.5502524971961975,0.46885931491851807,0.35384100675582886,0.6511590480804443,0.6080586910247803,0.4346540570259094,0.41710788011550903,0.5991710424423218,0.5514615178108215,0.48148566484451294,0.36725887656211853,0.6520889401435852,0.5051390528678894,0.44974493980407715
73,0.4625996947288513,0.7818622589111328,-0.5112689733505249,0.9986156225204468,0.45823878049850464,0.7926533222198486,-0.5272749066352844,0.9986454248428345,0.45708292722702026,0.7923003435134888,-0.5271424055099487,0.9981229305267334,0.4519318640232086,0.7920334339141846,-0.5271161794662476,0.9982619881629944,0.46570006012916565,0.7984346151351929,-0.5317044258117676,0.9991886019706726,0.468131959438324,0.8016386032104492,-0.5318436622619629,0.9991407990455627,0.47077831625938416,0.8048585057258606,-0.5319682359695435,0.9992406964302063,0.43705153465270996,0.7971842288970947,-0.5096630454063416,0.9980888366699219,0.47110605239868164,0.8161938190460205,-0.5206812620162964,0.9994587302207947,0.4551779627799988,0.7785517573356628,-0.48504161834716797,0.9985058307647705,0.46138709783554077,0.7832973599433899,-0.49282532930374146,0.9991000890731812,0.40954822301864624,0.7729595303535461,-0.379904180765152,0.9964960217475891,0.45872393250465393,0.8209187388420105,-0.3581489026546478,0.9984682202339172,0.3530525267124176,0.724565327167511,-0.18120506405830383,0.7673614621162415,0.46558791399002075,0.7950828075408936,-0.14558210968971252,0.901694655418396,0.34632959961891174,0.7035504579544067,-0.010545033030211926,0.7061484456062317,0.4539843201637268,0.7481215596199036,0.03674108162522316,0.8812946677207947,0.3315342962741852,0.6914962530136108,0.000989572610706091,0.7060480117797852,0.4489315450191498,0.7557252645492554,0.06745876371860504,0.8948869109153748,0.3412720561027527,0.6953026652336121,0.00621130783110857,0.6993756890296936,0.44952940940856934,0.7560473084449768,0.05212574452161789,0.8745665550231934,0.34346210956573486,0.6971094012260437,-0.001882576965726912,0.6714624762535095,0.4493187367916107,0.750295102596283,0.03958648443222046,0.8384768962860107,0.417302668094635,0.6952750086784363,-0.008364535868167877,0.9990935921669006,0.4367532730102539,0.7122288942337036,0.00871936697512865,0.9994068741798401,0.4343223571777344,0.634225606918335,0.20410004258155823,0.5369088649749756,0.42995843291282654,0.6671488285064697,0.19726844131946564,0.5157750844955444,0.4024229645729065,0.6238827109336853,0.5299057960510254,0.5598337650299072,0.3608027696609497,0.6543347239494324,0.5493024587631226,0.5378883481025696,0.39423075318336487,0.6283274292945862,0.5695801973342896,0.5166316032409668,0.3489077389240265,0.6541953682899475,0.5871818661689758,0.4773956835269928,0.41433119773864746,0.6045711636543274,0.5848485827445984,0.5119799971580505,0.34939083456993103,0.6553010940551758,0.5953779816627502,0.47051841020584106
74,0.4428281784057617,0.7694650292396545,-0.5167609453201294,0.9987386465072632,0.43454042077064514,0.7814226150512695,-0.5345371961593628,0.9987723231315613,0.430888831615448,0.7809293270111084,-0.5344306230545044,0.998297929763794,0.42686834931373596,0.7805362939834595,-0.5344361662864685,0.9984160661697388,0.4474717080593109,0.787187933921814,-0.5352644920349121,0.9992641806602478,0.4529939293861389,0.7903124690055847,-0.5353824496269226,0.9992212057113647,0.4611494541168213,0.7934392690658569,-0.535513162612915,0.9993111491203308,0.4156929552555084,0.7871658802032471,-0.5071701407432556,0.9982648491859436,0.45917239785194397,0.8060199022293091,-0.5110374689102173,0.9995105266571045,0.4343305230140686,0.7658007144927979,-0.4928162693977356,0.9986470341682434,0.44727668166160583,0.770853579044342,-0.49473676085472107,0.9991851449012756,0.39200103282928467,0.7633740305900574,-0.3653292953968048,0.9964382648468018,0.4512674808502197,0.8103992342948914,-0.3364655673503876,0.9985399842262268,0.35119175910949707,0.7179355025291443,-0.16353721916675568,0.7811466455459595,0.45604079961776733,0.779747724533081,-0.12194391340017319,0.8864785432815552,0.3437952399253845,0.6983181834220886,0.0028335019014775753,0.6910447478294373,0.43292731046676636,0.7400529980659485,0.06070873141288757,0.8450965881347656,0.3324679434299469,0.6858876347541809,0.011937767267227173,0.7024828195571899,0.42611032724380493,0.7481470108032227,0.08923618495464325,0.8753005862236023,0.3338783085346222,0.6877345442771912,0.014553243294358253,0.6921526789665222,0.42663878202438354,0.7466585636138916,0.0698147788643837,0.8509476780891418,0.3424338698387146,0.6935650110244751,0.009515715762972832,0.6661298871040344,0.4274815618991852,0.7409746646881104,0.06136716529726982,0.8189704418182373,0.4109137952327728,0.6984009146690369,-0.008607322350144386,0.9991729259490967,0.4326116442680359,0.7148112058639526,0.008789530955255032,0.9994629621505737,0.4305449426174164,0.6338332891464233,0.20346388220787048,0.5757361650466919,0.42079728841781616,0.6684904098510742,0.15634913742542267,0.5557978749275208,0.40603071451187134,0.6414082646369934,0.514111340045929,0.5889171957969666,0.3508833050727844,0.6630066633224487,0.4910249710083008,0.559058666229248,0.3993205428123474,0.6498259902000427,0.5460491180419922,0.5439347624778748,0.3395192623138428,0.6657820343971252,0.5379613637924194,0.49359309673309326,0.41720786690711975,0.6288893818855286,0.5416638255119324,0.5354790687561035,0.34192049503326416,0.6603524088859558,0.5177372694015503,0.4859854280948639
75,0.43961676955223083,0.7446975708007812,-0.42319878935813904,0.9988434910774231,0.43410587310791016,0.7514411807060242,-0.43695488572120667,0.9988818168640137,0.43164005875587463,0.7510699033737183,-0.4368661940097809,0.9984546899795532,0.42918938398361206,0.7507591247558594,-0.43697676062583923,0.9985553026199341,0.44220829010009766,0.75548255443573,-0.4400498867034912,0.9993282556533813,0.4457739293575287,0.7576402425765991,-0.4401918351650238,0.9992914795875549,0.45131197571754456,0.7597951889038086,-0.4403385519981384,0.999372124671936,0.4197554588317871,0.7548530101776123,-0.40919631719589233,0.9984303116798401,0.45256733894348145,0.7684006094932556,-0.42311757802963257,0.9995579123497009,0.43230170011520386,0.7434466481208801,-0.40095821022987366,0.9987689852714539,0.44055795669555664,0.7469742894172668,-0.40570393204689026,0.9992575645446777,0.40440478920936584,0.7409712672233582,-0.27760225534439087,0.9966017603874207,0.43560585379600525,0.7741395831108093,-0.2823609411716461,0.9986622333526611,0.3833622336387634,0.7193423509597778,-0.0663359984755516,0.7164498567581177,0.4339398443698883,0.757481038570404,-0.055261123925447464,0.8251678347587585,0.3685494363307953,0.7091365456581116,0.10244635492563248,0.6259040236473083,0.40447402000427246,0.7361577749252319,0.15414217114448547,0.7696196436882019,0.36147162318229675,0.7060341238975525,0.12280572950839996,0.6408924460411072,0.40424275398254395,0.7426338195800781,0.18820706009864807,0.8054524660110474,0.3624846935272217,0.7067430019378662,0.1240752562880516,0.6314857602119446,0.4016946852207184,0.7395035028457642,0.1754682958126068,0.7817620038986206,0.36639055609703064,0.7075137495994568,0.11002196371555328,0.6068927049636841,0.3999374508857727,0.7355916500091553,0.1583099663257599,0.7534242272377014,0.4159502387046814,0.6847162842750549,-0.005738458596169949,0.9992457628250122,0.42456355690956116,0.6969345211982727,0.005862705409526825,0.9995132684707642,0.4335661828517914,0.6344164609909058,0.25818270444869995,0.6066648960113525,0.41581791639328003,0.6607016921043396,0.23853051662445068,0.5822035074234009,0.4008358418941498,0.6444504857063293,0.572952151298523,0.6200004816055298,0.3544456660747528,0.6466963887214661,0.5766051411628723,0.5857930183410645,0.3887808322906494,0.6503272652626038,0.6083061695098877,0.5793798565864563,0.3451555371284485,0.6459739208221436,0.6149572134017944,0.5255599617958069,0.412000834941864,0.6428775191307068,0.6079707741737366,0.5482802987098694,0.34644681215286255,0.6533291339874268,0.6136903166770935,0.48547157645225525
76,0.4373556971549988,0.7380902171134949,-0.24911633133888245,0.9989418387413025,0.4375542998313904,0.7393016219139099,-0.26057690382003784,0.998977541923523,0.43618783354759216,0.7394533753395081,-0.2604391574859619,0.9985959529876709,0.43345412611961365,0.739696204662323,-0.26054686307907104,0.9986823201179504,0.43784990906715393,0.7403968572616577,-0.2659004330635071,0.9993821978569031,0.43746858835220337,0.7413369417190552,-0.26603782176971436,0.9993520975112915,0.4373605251312256,0.74241703748703,-0.2661782205104828,0.9994245171546936,0.42004114389419556,0.7405565977096558,-0.24777011573314667,0.9985795021057129,0.4313811659812927,0.7458254098892212,-0.2735132575035095,0.9995989799499512,0.4335097372531891,0.739263653755188,-0.23480455577373505,0.9988725185394287,0.43157440423965454,0.7381709218025208,-0.24287095665931702,0.9993143677711487,0.40670204162597656,0.726352334022522,-0.18301334977149963,0.9969011545181274,0.4026579260826111,0.7432072162628174,-0.19549880921840668,0.9987900853157043,0.4302002489566803,0.7104501724243164,0.022523587569594383,0.6585190296173096,0.3649621605873108,0.7252858281135559,0.023953085765242577,0.774040937423706,0.40708431601524353,0.720771849155426,0.15854555368423462,0.5655153393745422,0.3662624657154083,0.7059453129768372,0.23874738812446594,0.6979249119758606,0.4010688364505768,0.7226139903068542,0.17523324489593506,0.5797561407089233,0.36910364031791687,0.7023047208786011,0.26964062452316284,0.7294621467590332,0.39506423473358154,0.7241234183311462,0.17752471566200256,0.5712652206420898,0.3691782057285309,0.702678918838501,0.2626522183418274,0.7078582644462585,0.3972335755825043,0.7224080562591553,0.16568979620933533,0.548403263092041,0.3688701093196869,0.7023478150367737,0.2439669668674469,0.6819800138473511,0.4221741557121277,0.6831079125404358,-0.0022903045173734426,0.9992971420288086,0.41549211740493774,0.6918908357620239,0.0018346679862588644,0.9995560646057129,0.4339473247528076,0.6274067759513855,0.329639196395874,0.5989334583282471,0.41315117478370667,0.6547733545303345,0.29004159569740295,0.5838245153427124,0.4053119122982025,0.6350366473197937,0.6391957402229309,0.6398823261260986,0.3644340932369232,0.6416705250740051,0.5998653173446655,0.6161522269248962,0.39416271448135376,0.6389680504798889,0.6755791902542114,0.6130598783493042,0.3587115406990051,0.640442967414856,0.6362634897232056,0.5669446587562561,0.41353219747543335,0.6382164359092712,0.6842694282531738,0.5386247038841248,0.36587420105934143,0.6513094305992126,0.6346530914306641,0.4834657609462738
77,0.44469961524009705,0.7592210173606873,-0.18921171128749847,0.9989143013954163,0.4391716420650482,0.7617976665496826,-0.20265062153339386,0.9989297389984131,0.4364725947380066,0.7625371217727661,-0.20251739025115967,0.9985728859901428,0.4371410012245178,0.7633637189865112,-0.20262880623340607,0.9986560344696045,0.4375625252723694,0.7591789960861206,-0.20937374234199524,0.9993032813072205,0.4360904097557068,0.7580602765083313,-0.20940609276294708,0.9992671012878418,0.43458375334739685,0.7570657134056091,-0.20946398377418518,0.9993283748626709,0.4332716464996338,0.7598422765731812,-0.21222448348999023,0.9985869526863098,0.4272519648075104,0.7529614567756653,-0.24253125488758087,0.9995241165161133,0.44360455870628357,0.7593718767166138,-0.18336185812950134,0.9987978339195251,0.43811488151550293,0.7515527009963989,-0.1929122656583786,0.9991223216056824,0.44179052114486694,0.7355554103851318,-0.170915424823761,0.9970815181732178,0.3944001793861389,0.7386714816093445,-0.1874031275510788,0.9988343715667725,0.4815492033958435,0.7317201495170593,0.011165986768901348,0.6198434233665466,0.36134761571884155,0.7300693988800049,0.00601599458605051,0.7207027673721313,0.47985440492630005,0.7535356879234314,0.12965011596679688,0.5263904929161072,0.3636706471443176,0.7245777249336243,0.19517400860786438,0.635975182056427,0.4836249351501465,0.7559568285942078,0.13858461380004883,0.5378438830375671,0.363817423582077,0.7136582136154175,0.2198106348514557,0.6639136075973511,0.47795262932777405,0.7565769553184509,0.1411362737417221,0.531410276889801,0.36628085374832153,0.7152013182640076,0.21085672080516815,0.6442150473594666,0.47423261404037476,0.7547597885131836,0.13457021117210388,0.5086275935173035,0.36833295226097107,0.7182942628860474,0.19769008457660675,0.6215997934341431,0.42867693305015564,0.6804522275924683,-0.00025856620050035417,0.9991607666015625,0.4096865653991699,0.6813942790031433,-0.0002775830798782408,0.9995001554489136,0.4418434202671051,0.619737982749939,0.32617074251174927,0.5755676627159119,0.4113648533821106,0.6502516269683838,0.30804434418678284,0.5650388598442078,0.4073609411716461,0.6174182891845703,0.6576659083366394,0.630151093006134,0.36446496844291687,0.6388684511184692,0.6347578763961792,0.6304663419723511,0.3963918685913086,0.6151005625724792,0.6958413124084473,0.621603786945343,0.3593445420265198,0.6371240615844727,0.6717418432235718,0.5895894765853882,0.4147642254829407,0.6268194317817688,0.6990734934806824,0.5434619188308716,0.36442115902900696,0.6474238634109497,0.6629011034965515,0.49596038460731506
78,0.45151323080062866,0.7706683278083801,-0.5301996469497681,0.9990020394325256,0.44008374214172363,0.7788205742835999,-0.539893627166748,0.9990296959877014,0.43766745924949646,0.7784377336502075,-0.5397886037826538,0.9987056851387024,0.43756502866744995,0.7781180739402771,-0.5399078726768494,0.9987778067588806,0.4387702941894531,0.780091404914856,-0.5486733317375183,0.9993669390678406,0.4375952184200287,0.7802327871322632,-0.5487579107284546,0.9993335604667664,0.4364534020423889,0.7804310321807861,-0.5487584471702576,0.9993878602981567,0.43352001905441284,0.7726741433143616,-0.4756857454776764,0.99872225522995,0.43026670813560486,0.7773603200912476,-0.5153223276138306,0.9995695948600769,0.4503001570701599,0.7697259187698364,-0.4924418032169342,0.9988925457000732,0.4508555829524994,0.7687704563140869,-0.504531979560852,0.9991824626922607,0.44515031576156616,0.7433474659919739,-0.30331936478614807,0.9973119497299194,0.39984142780303955,0.7649787664413452,-0.3569950461387634,0.9988633394241333,0.48227110505104065,0.7419018149375916,-0.07139889895915985,0.5813068747520447,0.3641822934150696,0.770696759223938,-0.11810681968927383,0.6845241785049438,0.4983236789703369,0.7875375747680664,0.03481244295835495,0.5015836954116821,0.3755905330181122,0.7801728844642639,0.09391183406114578,0.5974973440170288,0.504623532295227,0.7942281365394592,0.03470776230096817,0.5185239315032959,0.37672919034957886,0.7807372808456421,0.13068602979183197,0.6286038756370544,0.5011025667190552,0.7982979416847229,0.06644830107688904,0.5155988335609436,0.3805096745491028,0.7728450894355774,0.1420382559299469,0.6067354679107666,0.4960460066795349,0.793552041053772,0.04866425693035126,0.4895874857902527,0.37990108132362366,0.7735186219215393,0.09559943526983261,0.5851355791091919,0.43031755089759827,0.6734511256217957,0.0020292806439101696,0.9992125034332275,0.40758830308914185,0.6792863011360168,-0.002163657918572426,0.9995334148406982,0.44475093483924866,0.6150169372558594,0.3317972421646118,0.5806706547737122,0.39492475986480713,0.658519446849823,0.30076858401298523,0.5665266513824463,0.41084665060043335,0.6042261719703674,0.6922234296798706,0.6453778147697449,0.34775450825691223,0.6450981497764587,0.6492600440979004,0.6568440198898315,0.4000858664512634,0.6012137532234192,0.7318596839904785,0.6401010751724243,0.3435400128364563,0.6411498188972473,0.686193585395813,0.6140832901000977,0.4175046384334564,0.6119101047515869,0.7191827893257141,0.5669936537742615,0.3383729159832001,0.655525267124176,0.6561387181282043,0.5254490971565247
79,0.45831137895584106,0.7909923791885376,-0.6580971479415894,0.999050498008728,0.44342583417892456,0.7996870279312134,-0.6801406741142273,0.9991133213043213,0.4424775540828705,0.7986879348754883,-0.6799822449684143,0.9988158345222473,0.4429701268672943,0.7977845668792725,-0.6800556182861328,0.9988733530044556,0.4415108263492584,0.8020737171173096,-0.6872064471244812,0.9994218349456787,0.44043731689453125,0.8024359345436096,-0.6874043345451355,0.9993906021118164,0.43929600715637207,0.8028554916381836,-0.687391459941864,0.999440610408783,0.44047433137893677,0.7879354357719421,-0.6293959021568298,0.998842179775238,0.4335620403289795,0.7958343625068665,-0.6604698896408081,0.9996107220649719,0.4546419680118561,0.7856796979904175,-0.6201727986335754,0.9989787936210632,0.45550259947776794,0.7870484590530396,-0.6297832727432251,0.999243974685669,0.45539021492004395,0.7486391663551331,-0.4444486200809479,0.9974784255027771,0.40333041548728943,0.7703860402107239,-0.4811384677886963,0.9989209771156311,0.4917272925376892,0.748760998249054,-0.2002175748348236,0.5584027767181396,0.375135600566864,0.76603764295578,-0.24293410778045654,0.6932417750358582,0.5033782124519348,0.7949354648590088,-0.12566813826560974,0.4786938428878784,0.3827967345714569,0.7741310000419617,-0.09327168017625809,0.596541702747345,0.5102356672286987,0.8040136694908142,-0.14351209998130798,0.5010799765586853,0.3851260542869568,0.7770481705665588,-0.09823480248451233,0.6240993738174438,0.5034193992614746,0.8018577694892883,-0.15820492804050446,0.5002773404121399,0.3892304301261902,0.7730119824409485,-0.11831803619861603,0.5997816920280457,0.4986228346824646,0.7969890236854553,-0.12956954538822174,0.4706861078739166,0.388693630695343,0.7719348073005676,-0.09617619216442108,0.575429379940033,0.43298792839050293,0.6740003824234009,0.0025106058456003666,0.9990856647491455,0.40635257959365845,0.681474506855011,-0.0024702204391360283,0.9995266795158386,0.44482341408729553,0.6209141612052917,0.3604084551334381,0.535391092300415,0.39194947481155396,0.6653078198432922,0.3173055350780487,0.5244957804679871,0.4111707806587219,0.6197055578231812,0.7574098110198975,0.6189671754837036,0.3504168391227722,0.6508499979972839,0.6981078386306763,0.6276262998580933,0.4005208909511566,0.6158116459846497,0.8016125559806824,0.6208169460296631,0.3458786606788635,0.6449069976806641,0.7404270768165588,0.5911220908164978,0.4181996285915375,0.6280120015144348,0.7951852679252625,0.5277217626571655,0.3432766795158386,0.6593062877655029,0.7225950956344604,0.4871804416179657
80,0.46200457215309143,0.7996994853019714,-0.6451221108436584,0.9991101026535034,0.449235200881958,0.813894510269165,-0.6681486368179321,0.9991891980171204,0.4493819773197174,0.8128657937049866,-0.6679829359054565,0.9989156723022461,0.45012545585632324,0.8119412064552307,-0.6680181622505188,0.9989604353904724,0.4472554326057434,0.8165804147720337,-0.6768893003463745,0.999472439289093,0.4462878108024597,0.8170220851898193,-0.6771007776260376,0.9994438886642456,0.44525113701820374,0.8175443410873413,-0.6771055459976196,0.9994898438453674,0.44761332869529724,0.8017831444740295,-0.6248597502708435,0.9989491105079651,0.44000428915023804,0.8106918931007385,-0.6636038422584534,0.9996480345726013,0.4583267569541931,0.7931376099586487,-0.6097034215927124,0.999061107635498,0.4584629535675049,0.7962321043014526,-0.6216046214103699,0.9993025660514832,0.46251797676086426,0.7436586618423462,-0.4430534243583679,0.9976323246955872,0.40720829367637634,0.7814154028892517,-0.48949795961380005,0.9989717602729797,0.49625855684280396,0.7489725947380066,-0.1971461921930313,0.552057683467865,0.37916117906570435,0.778617799282074,-0.2544592022895813,0.7105411291122437,0.5074817538261414,0.7975760102272034,-0.12328970432281494,0.48842930793762207,0.38603684306144714,0.7946082353591919,-0.10236863791942596,0.6187671422958374,0.5145856142044067,0.8065677881240845,-0.14026634395122528,0.5128883719444275,0.38567185401916504,0.7996232509613037,-0.10908864438533783,0.6398856043815613,0.5087394714355469,0.805219292640686,-0.15465842187404633,0.513752818107605,0.39558514952659607,0.7973988652229309,-0.1302260458469391,0.6140517592430115,0.5042164325714111,0.8009356260299683,-0.1269284039735794,0.4802735149860382,0.3953360319137573,0.7971757054328918,-0.10538840293884277,0.5895712375640869,0.4354179799556732,0.6742950677871704,0.004189656116068363,0.9989108443260193,0.4066774249076843,0.6851574778556824,-0.003956163302063942,0.9994968175888062,0.44467487931251526,0.6175984740257263,0.35685065388679504,0.5021167397499084,0.39316636323928833,0.6672840714454651,0.3192141354084015,0.49067994952201843,0.40832987427711487,0.6172570586204529,0.7551957368850708,0.6010767221450806,0.35230332612991333,0.6506536602973938,0.7076866030693054,0.6083099246025085,0.3986765146255493,0.6133348345756531,0.7993472218513489,0.6098037958145142,0.3474154770374298,0.6435531973838806,0.7504835724830627,0.5791606903076172,0.4156130254268646,0.627252995967865,0.7958337664604187,0.5041504502296448,0.34590035676956177,0.6611248850822449,0.7350083589553833,0.4631136357784271
81,0.4561479687690735,0.7900189757347107,-0.6352411508560181,0.9991753101348877,0.44137096405029297,0.7969114184379578,-0.647464394569397,0.9992612600326538,0.4416179656982422,0.7961702346801758,-0.6473086476325989,0.9990120530128479,0.4421372413635254,0.7955105900764465,-0.6474012136459351,0.9990448355674744,0.43986421823501587,0.7986957430839539,-0.6526047587394714,0.9995192289352417,0.4393324851989746,0.7990122437477112,-0.652781069278717,0.9994927644729614,0.43874382972717285,0.7993662357330322,-0.6527865529060364,0.9995334148406982,0.4409727156162262,0.7873551249504089,-0.5762615203857422,0.9990471601486206,0.43541938066482544,0.7935556769371033,-0.5992311835289001,0.999681293964386,0.4578498303890228,0.7825750112533569,-0.5936104655265808,0.9991323351860046,0.4580073356628418,0.7887725234031677,-0.6006201505661011,0.9993504285812378,0.45631200075149536,0.7512072324752808,-0.39287158846855164,0.9977896809577942,0.40767377614974976,0.7700890302658081,-0.4257255494594574,0.9990007281303406,0.49181634187698364,0.7533714771270752,-0.1835210770368576,0.5322054028511047,0.3807884454727173,0.7633187174797058,-0.22344505786895752,0.7023431658744812,0.503620982170105,0.7806998491287231,-0.12614113092422485,0.48353350162506104,0.3824380040168762,0.7794275879859924,-0.10199455171823502,0.6037850379943848,0.5100799202919006,0.7981300354003906,-0.13595053553581238,0.5127700567245483,0.3809873163700104,0.7865258455276489,-0.10194496810436249,0.6294131278991699,0.5058256387710571,0.7982178926467896,-0.15217769145965576,0.5159831643104553,0.38652104139328003,0.7795957326889038,-0.12164274603128433,0.6015776991844177,0.5013501048088074,0.794458270072937,-0.13017919659614563,0.477740079164505,0.38708046078681946,0.7767499089241028,-0.10450134426355362,0.574548602104187,0.434957891702652,0.6774146556854248,-0.000636013806797564,0.9988709092140198,0.41072410345077515,0.6869305372238159,0.0010046615498140454,0.9994974136352539,0.43199485540390015,0.6185104846954346,0.32640212774276733,0.4744190573692322,0.3934158980846405,0.6687403321266174,0.2499120533466339,0.4606829285621643,0.39888104796409607,0.6178723573684692,0.6466857194900513,0.5854764580726624,0.35476234555244446,0.6523566842079163,0.5576827526092529,0.5825712084770203,0.3902949094772339,0.6173117160797119,0.6800685524940491,0.5995233654975891,0.35033613443374634,0.6489970684051514,0.590362548828125,0.5594316720962524,0.40513181686401367,0.6170347332954407,0.6499505043029785,0.4753229022026062,0.34645771980285645,0.6575321555137634,0.5585831999778748,0.4304088056087494
82,0.43389391899108887,0.7793883681297302,-0.6388915777206421,0.9991990327835083,0.43286794424057007,0.7838088870048523,-0.6518836617469788,0.9993121027946472,0.4334098696708679,0.7831695675849915,-0.6517525911331177,0.9990800619125366,0.4340657591819763,0.7825974225997925,-0.6518569588661194,0.9990929365158081,0.43085676431655884,0.7857166528701782,-0.6544103622436523,0.9995526671409607,0.43040528893470764,0.7861664295196533,-0.6545805931091309,0.9995278120040894,0.4299069941043854,0.7866261005401611,-0.6546100378036499,0.9995643496513367,0.43437832593917847,0.77595055103302,-0.5808730125427246,0.9991264939308167,0.4279998242855072,0.783033549785614,-0.592804491519928,0.9997087717056274,0.444568395614624,0.7740785479545593,-0.5977987051010132,0.9991651773452759,0.4331039786338806,0.7773438096046448,-0.6014743447303772,0.999367892742157,0.4543004035949707,0.7469291090965271,-0.39596259593963623,0.9979255199432373,0.40299472212791443,0.7641189694404602,-0.42456865310668945,0.9990447759628296,0.48681920766830444,0.7473976016044617,-0.1943260282278061,0.5141990184783936,0.37594327330589294,0.7564286589622498,-0.2349047213792801,0.6860902309417725,0.5003654956817627,0.78445965051651,-0.14713798463344574,0.4721384346485138,0.3760804235935211,0.7791292071342468,-0.13577650487422943,0.5853972434997559,0.5039417743682861,0.783967912197113,-0.15992875397205353,0.503418505191803,0.3742615580558777,0.7849482297897339,-0.1405312716960907,0.6133133172988892,0.4969852864742279,0.7908638715744019,-0.17662283778190613,0.5086873173713684,0.3795017600059509,0.7707013487815857,-0.15967585146427155,0.5850781798362732,0.4958108067512512,0.7932571172714233,-0.15189971029758453,0.46550166606903076,0.38075485825538635,0.7677431106567383,-0.13882814347743988,0.5538015961647034,0.43476319313049316,0.6794893741607666,-0.0024090975057333708,0.9988563656806946,0.4104847013950348,0.6838434934616089,0.002745255595073104,0.9995000958442688,0.43240028619766235,0.6251600980758667,0.31311842799186707,0.43498504161834717,0.3935665488243103,0.6677132248878479,0.2747449278831482,0.4218253791332245,0.40189772844314575,0.6208602786064148,0.6591410040855408,0.5570889711380005,0.3587602376937866,0.65143221616745,0.6037458181381226,0.5463422536849976,0.3930355906486511,0.6208257079124451,0.6958879232406616,0.5769635438919067,0.3554278016090393,0.6471734642982483,0.638121485710144,0.5279467105865479,0.40849724411964417,0.6175852417945862,0.668616771697998,0.43816077709198,0.34945374727249146,0.6484888195991516,0.592179000377655,0.39348506927490234
83,0.42872485518455505,0.7853516340255737,-0.6129850149154663,0.9986035227775574,0.4317234456539154,0.7839552164077759,-0.6285987496376038,0.999126672744751,0.43315258622169495,0.7838502526283264,-0.628480076789856,0.9988254904747009,0.4345620274543762,0.7838183641433716,-0.6286102533340454,0.9987639784812927,0.4267195761203766,0.7834231853485107,-0.6323148608207703,0.9994210600852966,0.42536836862564087,0.783041775226593,-0.6325080394744873,0.9993839859962463,0.4239637851715088,0.78275465965271,-0.6325518488883972,0.9994359016418457,0.4356069564819336,0.7769456505775452,-0.5689702033996582,0.9990510940551758,0.4206644892692566,0.7774171829223633,-0.5862029194831848,0.9996815323829651,0.4320236146450043,0.7830082774162292,-0.5752513408660889,0.9987050890922546,0.4257628321647644,0.7821560502052307,-0.5806182622909546,0.9988799095153809,0.4573915898799896,0.7541401982307434,-0.3985501527786255,0.9977720379829407,0.3941671550273895,0.7588129043579102,-0.4244643747806549,0.9989189505577087,0.49372774362564087,0.7528098225593567,-0.19494394958019257,0.4909563660621643,0.3656180799007416,0.732509970664978,-0.22553643584251404,0.6584176421165466,0.5024091005325317,0.7916861772537231,-0.14015428721904755,0.45589905977249146,0.3641798198223114,0.7463949918746948,-0.11758257448673248,0.5638523697853088,0.5059783458709717,0.803973913192749,-0.15344402194023132,0.4845969080924988,0.35997289419174194,0.7481163740158081,-0.1244157925248146,0.5915688276290894,0.501865565776825,0.8043873310089111,-0.17079848051071167,0.4920843839645386,0.3665032386779785,0.7467164993286133,-0.1423017531633377,0.5640443563461304,0.4978206753730774,0.8004816174507141,-0.14524942636489868,0.44496381282806396,0.3693622648715973,0.7462708950042725,-0.12051279842853546,0.528283417224884,0.43869152665138245,0.6834896206855774,-0.002089390065521002,0.9985895156860352,0.40752220153808594,0.6818706393241882,0.0023569653276354074,0.9993763566017151,0.43535494804382324,0.6319654583930969,0.3201362192630768,0.3938499093055725,0.39441540837287903,0.6511815786361694,0.3155989646911621,0.3827386200428009,0.4067087769508362,0.6248148083686829,0.6844645738601685,0.5166372060775757,0.36151090264320374,0.6345205307006836,0.6737378239631653,0.507934033870697,0.39826783537864685,0.6222959756851196,0.7237650752067566,0.5435739755630493,0.3598308265209198,0.6303226947784424,0.7121189832687378,0.4965003430843353,0.4089524745941162,0.6261739134788513,0.7029522061347961,0.3997681438922882,0.3502581715583801,0.6363406777381897,0.6858917474746704,0.35874468088150024
84,0.42623281478881836,0.7495666742324829,-0.5898061394691467,0.9986183047294617,0.4274069666862488,0.7452048659324646,-0.6034590005874634,0.9991810917854309,0.4282103478908539,0.7447389364242554,-0.6033469438552856,0.9988929033279419,0.42904335260391235,0.7443608045578003,-0.603481650352478,0.998831033706665,0.4251057207584381,0.7464392185211182,-0.6059384346008301,0.9994505047798157,0.42445841431617737,0.7467982172966003,-0.6060869693756104,0.9994082450866699,0.42375779151916504,0.7471967935562134,-0.6060935258865356,0.9994574189186096,0.4295174479484558,0.7410268187522888,-0.5474900007247925,0.9991196393966675,0.4217938482761383,0.7458235621452332,-0.5623797178268433,0.9996985793113708,0.4265810549259186,0.7502177953720093,-0.5551484227180481,0.998755693435669,0.4245988726615906,0.7516159415245056,-0.5586322546005249,0.9989110231399536,0.449862539768219,0.7369006872177124,-0.38580137491226196,0.9979330897331238,0.3976309895515442,0.7427895069122314,-0.4107179045677185,0.998941957950592,0.4871516823768616,0.7518704533576965,-0.2123807966709137,0.488455593585968,0.36666297912597656,0.7337539792060852,-0.21261873841285706,0.6319016814231873,0.5049171447753906,0.7969122529029846,-0.18470259010791779,0.46141889691352844,0.36628416180610657,0.7437981963157654,-0.11577826738357544,0.5390320420265198,0.5110835433006287,0.8086429238319397,-0.20095565915107727,0.4886830151081085,0.36454686522483826,0.7456527352333069,-0.11985055357217789,0.5726244449615479,0.5070812106132507,0.8086699843406677,-0.22007973492145538,0.49915236234664917,0.3695628046989441,0.7446831464767456,-0.1404155194759369,0.5458603501319885,0.5020777583122253,0.8037521839141846,-0.1911819875240326,0.4497010111808777,0.37099677324295044,0.7442459464073181,-0.119685098528862,0.5095753073692322,0.4348471164703369,0.6874352693557739,-0.003933211322873831,0.9986312389373779,0.40758490562438965,0.6907280087471008,0.004147467669099569,0.9994068741798401,0.43353772163391113,0.6320170760154724,0.3180800974369049,0.3626924455165863,0.3961532711982727,0.6581795811653137,0.2928762435913086,0.35491302609443665,0.40417614579200745,0.6245027780532837,0.6701880693435669,0.49387988448143005,0.36651307344436646,0.6410076022148132,0.6616341471672058,0.48250123858451843,0.3954906761646271,0.6221489310264587,0.7077579498291016,0.5272376537322998,0.36342698335647583,0.6384781002998352,0.6906639337539673,0.4733516275882721,0.4104623794555664,0.6192145943641663,0.6880666613578796,0.3742419183254242,0.3624289035797119,0.6367163062095642,0.6325032114982605,0.33207711577415466
86,0.46462029218673706,0.8435271978378296,-0.19778510928153992,0.9987407922744751,0.47001510858535767,0.8455901741981506,-0.2252480685710907,0.9992449879646301,0.47255539894104004,0.8430818915367126,-0.2252480685710907,0.9989878535270691,0.47553128004074097,0.8399940729141235,-0.2252802848815918,0.9989294409751892,0.4631342887878418,0.8497945070266724,-0.22551222145557404,0.9994903802871704,0.46059703826904297,0.8506554365158081,-0.2255677878856659,0.9994549751281738,0.45771878957748413,0.8517982363700867,-0.22566476464271545,0.9994962215423584,0.476624071598053,0.8233724236488342,-0.2586858868598938,0.9991891980171204,0.44721904397010803,0.8446382880210876,-0.2608602046966553,0.9997056722640991,0.4652518332004547,0.8300309777259827,-0.19755153357982635,0.9988376498222351,0.4563766419887543,0.8358302712440491,-0.19832095503807068,0.9989728331565857,0.4900549054145813,0.7654685974121094,-0.205104798078537,0.9980952739715576,0.395333468914032,0.8088918328285217,-0.2345769852399826,0.9990133047103882,0.5053095817565918,0.7506060004234314,-0.06413974612951279,0.5272789597511292,0.342403769493103,0.78779536485672,-0.12770777940750122,0.6647513508796692,0.5107085108757019,0.8062236905097961,0.050447456538677216,0.48463431000709534,0.3809123933315277,0.8339546322822571,-0.035394031554460526,0.5610138177871704,0.5230926275253296,0.8194290995597839,0.04982426390051842,0.5171710848808289,0.3828132152557373,0.8564279675483704,-0.042264390736818314,0.5947019457817078,0.5093593001365662,0.8233231902122498,0.04018325358629227,0.5236663222312927,0.3975776731967926,0.8472892045974731,-0.05735298991203308,0.5685566663742065,0.5008181929588318,0.8199021816253662,0.05028889700770378,0.4728504717350006,0.39989757537841797,0.8378227949142456,-0.038704656064510345,0.5304896831512451,0.42262133955955505,0.6627276539802551,0.014934304170310497,0.9987500905990601,0.38022997975349426,0.6918368935585022,-0.014951320365071297,0.9994425177574158,0.41282325983047485,0.6383903622627258,0.3196013271808624,0.3455996513366699,0.3673256039619446,0.6620550751686096,0.29288026690483093,0.3682926595211029,0.39376795291900635,0.6138295531272888,0.617030918598175,0.5016138553619385,0.35311681032180786,0.6189586520195007,0.5798932909965515,0.5207590460777283,0.3859036862850189,0.5975021719932556,0.6536175608634949,0.5484659075737,0.3489505648612976,0.6029970049858093,0.6143912672996521,0.5199357867240906,0.40412458777427673,0.6473116278648376,0.6807114481925964,0.3534362316131592,0.35878345370292664,0.6546419858932495,0.6291316151618958,0.3331453502178192
87,0.4646187424659729,0.8438964486122131,-0.19247451424598694,0.9988561272621155,0.4699893891811371,0.8457990884780884,-0.21955470740795135,0.99930739402771,0.47253841161727905,0.8432987928390503,-0.21955566108226776,0.999078094959259,0.4754869043827057,0.8403142094612122,-0.21958787739276886,0.9990225434303284,0.46311670541763306,0.8500418066978455,-0.22011753916740417,0.9995307922363281,0.46057796478271484,0.850946307182312,-0.2201739102602005,0.9995012283325195,0.45771270990371704,0.8520877361297607,-0.22026510536670685,0.9995357990264893,0.47656822204589844,0.8235114216804504,-0.2520082890987396,0.9992581009864807,0.4471973776817322,0.8449965715408325,-0.25590768456459045,0.9997210502624512,0.4652528762817383,0.8305689096450806,-0.19194254279136658,0.9989239573478699,0.4564058184623718,0.8365613222122192,-0.1932171732187271,0.9990447759628296,0.49006587266921997,0.7648137807846069,-0.20052680373191833,0.9982450008392334,0.39525237679481506,0.8091115355491638,-0.22949841618537903,0.9990861415863037,0.503576934337616,0.7490675449371338,-0.06410276889801025,0.561877429485321,0.34289610385894775,0.7876906991004944,-0.12637202441692352,0.6943427324295044,0.5106986165046692,0.8051948547363281,0.04983164742588997,0.5061136484146118,0.3812265694141388,0.8334227204322815,-0.03806314617395401,0.5829731822013855,0.5230984091758728,0.818362832069397,0.04946151375770569,0.5441605448722839,0.38289034366607666,0.8557484745979309,-0.044755998998880386,0.6177040934562683,0.5093628168106079,0.8228290677070618,0.04022246226668358,0.5467482805252075,0.3976122736930847,0.8469944000244141,-0.059350986033678055,0.5920847058296204,0.5009466409683228,0.8196669816970825,0.050040729343891144,0.49476876854896545,0.3999219536781311,0.8373687863349915,-0.041260555386543274,0.5521195530891418,0.4226617217063904,0.6632188558578491,0.014867739751935005,0.9988603591918945,0.3802705407142639,0.6920023560523987,-0.01487846951931715,0.9994802474975586,0.41257891058921814,0.6386849880218506,0.3160838186740875,0.33379828929901123,0.3673679530620575,0.6619177460670471,0.28398191928863525,0.3879185616970062,0.39294153451919556,0.6182428598403931,0.6047595739364624,0.5142128467559814,0.353132426738739,0.6188082098960876,0.5596204996109009,0.5586627125740051,0.3858688473701477,0.599049985408783,0.6404234170913696,0.573776125907898,0.34951111674308777,0.6029303669929504,0.5929288268089294,0.5638001561164856,0.4037666916847229,0.6471875905990601,0.6680964231491089,0.3341439366340637,0.358668714761734,0.6544886827468872,0.6072137355804443,0.33391621708869934
88,0.46445950865745544,0.8454065918922424,-0.19592830538749695,0.9989563226699829,0.46976304054260254,0.8470028638839722,-0.22120623290538788,0.9993588924407959,0.4723425805568695,0.8446184992790222,-0.22121205925941467,0.999155580997467,0.47534021735191345,0.841761589050293,-0.22124311327934265,0.9991018772125244,0.46283993124961853,0.8511226177215576,-0.2222049981355667,0.9995637536048889,0.46026602387428284,0.8519863486289978,-0.22225907444953918,0.999540388584137,0.45738229155540466,0.8530036807060242,-0.2223435938358307,0.9995681047439575,0.47652071714401245,0.8245740532875061,-0.25189998745918274,0.9993146061897278,0.4467991292476654,0.8451610803604126,-0.25629037618637085,0.9997290372848511,0.4651654362678528,0.8322432041168213,-0.1933893859386444,0.9989868402481079,0.4563142657279968,0.8380304574966431,-0.1952686309814453,0.9990937113761902,0.4903716444969177,0.7649417519569397,-0.19981764256954193,0.9983665943145752,0.3945391774177551,0.8091079592704773,-0.22912268340587616,0.9991395473480225,0.5023576021194458,0.7482767701148987,-0.06478742510080338,0.5937185883522034,0.34289318323135376,0.7881237268447876,-0.1264791637659073,0.7202156186103821,0.5105656981468201,0.8042858242988586,0.045733220875263214,0.5201481580734253,0.38253846764564514,0.8335598707199097,-0.04222907871007919,0.5980609655380249,0.5229774713516235,0.8172558546066284,0.045271556824445724,0.5630371570587158,0.3838266134262085,0.8557599782943726,-0.04942331463098526,0.6342746615409851,0.5091860890388489,0.8223333358764648,0.036981381475925446,0.56184321641922,0.3989033102989197,0.8469587564468384,-0.0634627714753151,0.6089199781417847,0.5009296536445618,0.8193742036819458,0.046180225908756256,0.5087283253669739,0.40108710527420044,0.8373212218284607,-0.045329499989748,0.5667093396186829,0.4233132004737854,0.6643105149269104,0.014872645027935505,0.9989582300186157,0.3806276023387909,0.6920120120048523,-0.014881419017910957,0.9995120763778687,0.41307806968688965,0.63907790184021,0.31342825293540955,0.3207520842552185,0.36794790625572205,0.6611066460609436,0.28067296743392944,0.4034945070743561,0.39791983366012573,0.6180046796798706,0.6005735397338867,0.5204655528068542,0.3537915050983429,0.6180269718170166,0.55548095703125,0.5923794507980347,0.3893734812736511,0.6048420667648315,0.6361854076385498,0.5915328860282898,0.3512234687805176,0.602774441242218,0.5886071920394897,0.6025670170783997,0.40692338347435,0.64676833152771,0.6631401777267456,0.3157941997051239,0.35866880416870117,0.6538830399513245,0.6011272668838501,0.3366047143936157
89,0.46429339051246643,0.8463071584701538,-0.21124503016471863,0.9990516304969788,0.4696151614189148,0.8475973606109619,-0.2366848886013031,0.9994113445281982,0.47221341729164124,0.845195472240448,-0.23668742179870605,0.9992304444313049,0.4752451777458191,0.8423116207122803,-0.23671725392341614,0.9991791248321533,0.4626677632331848,0.8518509268760681,-0.2372286021709442,0.9995982050895691,0.46007460355758667,0.8527644872665405,-0.23728394508361816,0.9995794892311096,0.45717692375183105,0.8537918329238892,-0.23736867308616638,0.999602198600769,0.4764854907989502,0.8251876831054688,-0.2610967755317688,0.9993712902069092,0.4465548098087311,0.8456992506980896,-0.26494425535202026,0.9997433423995972,0.46501365303993225,0.8331894278526306,-0.2075299322605133,0.9990566372871399,0.4561414122581482,0.8392520546913147,-0.20885069668293,0.9991541504859924,0.4903676509857178,0.7657198309898376,-0.20651960372924805,0.9984849095344543,0.39430657029151917,0.8116106390953064,-0.2349570095539093,0.9991961121559143,0.5017832517623901,0.7475992441177368,-0.07515089958906174,0.6247996091842651,0.3428383469581604,0.7898480892181396,-0.13562420010566711,0.7445036768913269,0.5105074644088745,0.8041982650756836,0.031881995499134064,0.5356127619743347,0.3827565610408783,0.8364149332046509,-0.05908539146184921,0.6139395236968994,0.5228275656700134,0.8169209361076355,0.030270930379629135,0.5819676518440247,0.3838192820549011,0.8583792448043823,-0.06790784746408463,0.6505542993545532,0.5089417695999146,0.8222549557685852,0.022207768633961678,0.5773289799690247,0.39887306094169617,0.8488239645957947,-0.0818900391459465,0.6253278255462646,0.5009296536445618,0.8193700909614563,0.03231231868267059,0.5232869982719421,0.4011189043521881,0.8387983441352844,-0.06235014274716377,0.5811513066291809,0.4237914979457855,0.6668128371238708,0.014786492101848125,0.9990491271018982,0.38086092472076416,0.6931337714195251,-0.014789055101573467,0.9995452165603638,0.4139308035373688,0.6406580805778503,0.31496214866638184,0.3070864677429199,0.3689892292022705,0.6612529158592224,0.28221189975738525,0.41676998138427734,0.4008968472480774,0.6179519891738892,0.6046000719070435,0.5269375443458557,0.35422393679618835,0.6179998517036438,0.5605270862579346,0.6233547329902649,0.3920231759548187,0.6070127487182617,0.6407381296157837,0.6081437468528748,0.3520587086677551,0.6027745604515076,0.5940844416618347,0.6376785039901733,0.40945759415626526,0.647072970867157,0.666212797164917,0.29938575625419617,0.35866865515708923,0.6539396047592163,0.6062132716178894,0.33853158354759216
90,0.46413809061050415,0.8465756177902222,-0.21133331954479218,0.999136209487915,0.4694288671016693,0.8477491140365601,-0.23767141997814178,0.9994567632675171,0.4720571041107178,0.8453160524368286,-0.23767443001270294,0.9992964267730713,0.47512492537498474,0.8424109220504761,-0.23770494759082794,0.9992466568946838,0.46242934465408325,0.8521460890769958,-0.23794209957122803,0.9996277689933777,0.4598213732242584,0.8531277179718018,-0.23799800872802734,0.9996137619018555,0.4569198191165924,0.854243278503418,-0.23808737099170685,0.9996314644813538,0.476357638835907,0.8253701329231262,-0.2645156681537628,0.9994210004806519,0.4460577368736267,0.8463144302368164,-0.267256498336792,0.9997548460960388,0.46482810378074646,0.8334705829620361,-0.20863287150859833,0.9991165399551392,0.4559083580970764,0.8396880626678467,-0.20960023999214172,0.9992057681083679,0.49031418561935425,0.7662002444267273,-0.21045032143592834,0.9985894560813904,0.3941499590873718,0.8139470815658569,-0.23666906356811523,0.9992461204528809,0.5011392831802368,0.7471868991851807,-0.07878533750772476,0.6527034640312195,0.342744380235672,0.7914400100708008,-0.13583561778068542,0.7659271359443665,0.5104572772979736,0.8042168021202087,0.0284466203302145,0.5508292317390442,0.3828064203262329,0.8387240767478943,-0.058361224830150604,0.6278456449508667,0.5227750539779663,0.816921591758728,0.026781853288412094,0.6002396941184998,0.3838122487068176,0.8601215481758118,-0.0669698640704155,0.6650222539901733,0.5088059306144714,0.8222525715827942,0.01894766092300415,0.5925618410110474,0.3988504409790039,0.8509256839752197,-0.0812431275844574,0.6399176120758057,0.5009304285049438,0.8193777203559875,0.02900778315961361,0.5375019311904907,0.4012596607208252,0.8411821126937866,-0.06172690913081169,0.593880295753479,0.42381206154823303,0.6681879758834839,0.01448010839521885,0.999130129814148,0.38087064027786255,0.694076418876648,-0.01447632722556591,0.9995740056037903,0.4137653708457947,0.6498919129371643,0.31732863187789917,0.2960689663887024,0.368984192609787,0.6611471176147461,0.28333672881126404,0.42854270339012146,0.40199169516563416,0.6183876395225525,0.6128565073013306,0.534095048904419,0.3542172312736511,0.6180034279823303,0.5632005929946899,0.650754988193512,0.3930765986442566,0.6081835031509399,0.6497003436088562,0.6242115497589111,0.352045476436615,0.6028538942337036,0.5969285368919373,0.6691755652427673,0.4098902642726898,0.6472962498664856,0.6750710010528564,0.284156858921051,0.3581925928592682,0.6541725993156433,0.6098325848579407,0.3378954231739044
91,0.4640944004058838,0.847701370716095,-0.2088528424501419,0.9992139339447021,0.4693717062473297,0.848601758480072,-0.235336571931839,0.9994993805885315,0.4720444679260254,0.8461646437644958,-0.23533889651298523,0.9993571043014526,0.4751129746437073,0.8433438539505005,-0.23536984622478485,0.9993090629577637,0.46230548620224,0.8528264164924622,-0.23567013442516327,0.9996562004089355,0.45971131324768066,0.8537585139274597,-0.23572616279125214,0.9996458888053894,0.45684346556663513,0.8548158407211304,-0.23581716418266296,0.999659538269043,0.47635704278945923,0.8259589076042175,-0.26393234729766846,0.9994675517082214,0.44592562317848206,0.8467382192611694,-0.26631027460098267,0.9997674822807312,0.464810311794281,0.8350680470466614,-0.206682488322258,0.9991748929023743,0.45583000779151917,0.8408539295196533,-0.2076536864042282,0.9992565512657166,0.49031442403793335,0.7667352557182312,-0.20948472619056702,0.9986838102340698,0.3939518332481384,0.814369797706604,-0.23643672466278076,0.9992945194244385,0.5007511973381042,0.7470551133155823,-0.07661858946084976,0.677632212638855,0.3427395522594452,0.7931879758834839,-0.13479138910770416,0.7852445840835571,0.5105422735214233,0.8042314648628235,0.033153511583805084,0.5638596415519714,0.38307079672813416,0.8405991196632385,-0.05397752672433853,0.6415879130363464,0.5235196948051453,0.8169313669204712,0.03185960650444031,0.6164605617523193,0.38407444953918457,0.8616405725479126,-0.06214675307273865,0.6792314648628235,0.50886470079422,0.8222886919975281,0.023349609225988388,0.6060311794281006,0.39883333444595337,0.8527824878692627,-0.07657434046268463,0.654396653175354,0.5010505318641663,0.8194668889045715,0.03348296135663986,0.549855649471283,0.4013652205467224,0.8429819941520691,-0.057324714958667755,0.6067667007446289,0.42380839586257935,0.6681748628616333,0.014523359015583992,0.9992024898529053,0.38089245557785034,0.6941908597946167,-0.01451969612389803,0.999599277973175,0.41408419609069824,0.6483868956565857,0.3191383183002472,0.2837763726711273,0.36896952986717224,0.6612412333488464,0.28395482897758484,0.4357089698314667,0.40180954337120056,0.6213091015815735,0.6150596737861633,0.5366436839103699,0.3542151153087616,0.617958664894104,0.5646517872810364,0.6743855476379395,0.392556369304657,0.6090575456619263,0.6518312096595764,0.636914074420929,0.35200291872024536,0.6028713583946228,0.5985945463180542,0.6970776915550232,0.40983453392982483,0.6469814777374268,0.677502453327179,0.2686772346496582,0.3575618863105774,0.6541835069656372,0.6109917163848877,0.3349106013774872
92,0.4639601707458496,0.8478066325187683,-0.20760484039783478,0.9992845058441162,0.4691646695137024,0.8486306071281433,-0.23443016409873962,0.999538779258728,0.4719075560569763,0.8461755514144897,-0.23442988097667694,0.9994125962257385,0.4749673008918762,0.8433504700660706,-0.23445913195610046,0.999366283416748,0.4620078206062317,0.8528463244438171,-0.23474912345409393,0.9996824860572815,0.4593976140022278,0.8537738919258118,-0.2348025143146515,0.9996753931045532,0.45654425024986267,0.8548338413238525,-0.23489217460155487,0.9996855854988098,0.47630104422569275,0.8259470462799072,-0.2612628936767578,0.9995110034942627,0.4455375671386719,0.8467568755149841,-0.2644227147102356,0.9997805953025818,0.46472907066345215,0.835218608379364,-0.2060481607913971,0.9992311596870422,0.45567044615745544,0.8409698009490967,-0.20692989230155945,0.9993054270744324,0.49022841453552246,0.7667732834815979,-0.20686933398246765,0.99876868724823,0.39379721879959106,0.8142403364181519,-0.23465704917907715,0.9993382096290588,0.5004525184631348,0.7470540404319763,-0.0751839354634285,0.6997719407081604,0.34273913502693176,0.7941022515296936,-0.131574809551239,0.8030098676681519,0.510542094707489,0.8044222593307495,0.035589300096035004,0.5752861499786377,0.38302308320999146,0.8424148559570312,-0.050206542015075684,0.654569149017334,0.523644745349884,0.8171578645706177,0.0363067127764225,0.631193995475769,0.38387858867645264,0.8633782863616943,-0.05702076107263565,0.6926516890525818,0.5088669061660767,0.8224971890449524,0.02995961531996727,0.6182577610015869,0.3983226418495178,0.8545970916748047,-0.0709829106926918,0.6680629253387451,0.5010827779769897,0.8198610544204712,0.03718807175755501,0.5610103011131287,0.4010646343231201,0.8448656797409058,-0.053236257284879684,0.6190440654754639,0.4237824082374573,0.66800856590271,0.014393399469554424,0.999265730381012,0.38085025548934937,0.6942760348320007,-0.014387878589332104,0.9996197819709778,0.4140678346157074,0.6479942798614502,0.3159902095794678,0.2753293514251709,0.3688444197177887,0.6612637042999268,0.2817862927913666,0.44549599289894104,0.3978516459465027,0.6210507750511169,0.6066163778305054,0.5431945323944092,0.35420241951942444,0.6179167032241821,0.5580085515975952,0.6970283389091492,0.3909139037132263,0.6082708239555359,0.6426799297332764,0.6507509350776672,0.3520115911960602,0.602672278881073,0.591234028339386,0.7228248715400696,0.407204806804657,0.6463394165039062,0.6694031953811646,0.2556973695755005,0.3570006787776947,0.6530625224113464,0.603430986404419,0.3334795832633972
93,0.4638965129852295,0.8477675914764404,-0.20262324810028076,0.999344527721405,0.4690992832183838,0.8485220670700073,-0.22817957401275635,0.9995701313018799,0.47186851501464844,0.8460279107093811,-0.22818692028522491,0.9994592666625977,0.4749269485473633,0.8431873321533203,-0.22822383046150208,0.9994133710861206,0.4619056284427643,0.8527425527572632,-0.22888967394828796,0.9997028708457947,0.4592929482460022,0.8536616563796997,-0.22894838452339172,0.9996995329856873,0.456454336643219,0.8547149300575256,-0.2290453016757965,0.9997056722640991,0.4762561321258545,0.8256202936172485,-0.2535276412963867,0.9995468258857727,0.44532114267349243,0.8465924859046936,-0.25824517011642456,0.9997884631156921,0.4646737575531006,0.8351072072982788,-0.2000909149646759,0.999272882938385,0.4555591642856598,0.8408864736557007,-0.20155827701091766,0.9993401765823364,0.4902133345603943,0.7666044235229492,-0.20048129558563232,0.9988418817520142,0.3935318887233734,0.8141282796859741,-0.23029406368732452,0.9993724226951599,0.5004912614822388,0.7469711303710938,-0.06937813758850098,0.718372106552124,0.3425864279270172,0.7944842576980591,-0.12681928277015686,0.8185029029846191,0.5104104280471802,0.8044308423995972,0.04204399883747101,0.5817490816116333,0.3829796612262726,0.8422766923904419,-0.04226414114236832,0.6632328629493713,0.5236197710037231,0.8172925114631653,0.04290613532066345,0.6414406895637512,0.38363105058670044,0.8636153340339661,-0.048606112599372864,0.7023036479949951,0.5087882280349731,0.8224995136260986,0.037012942135334015,0.6261001229286194,0.39810168743133545,0.8545503616333008,-0.06223718449473381,0.6778116226196289,0.501003623008728,0.8198599219322205,0.04377327859401703,0.5674510598182678,0.4010384976863861,0.8447750806808472,-0.04509191960096359,0.6272057890892029,0.423718124628067,0.6680808663368225,0.014384901151061058,0.9993218779563904,0.3807910084724426,0.6943346858024597,-0.014378783293068409,0.9996359348297119,0.41398581862449646,0.6479324102401733,0.3126600980758667,0.2718762159347534,0.3686252534389496,0.6612542867660522,0.2780757546424866,0.4565090239048004,0.3961847424507141,0.6207781434059143,0.6002131700515747,0.5518739223480225,0.3540530204772949,0.6176000833511353,0.5527516007423401,0.717475175857544,0.39018523693084717,0.6077979207038879,0.6359829306602478,0.6647220253944397,0.3519616425037384,0.6023800373077393,0.5858820676803589,0.7459912300109863,0.40727362036705017,0.6450738906860352,0.6630479097366333,0.2448568344116211,0.3567180633544922,0.6524244546890259,0.5980428457260132,0.3326338827610016
94,0.4636390209197998,0.847704291343689,-0.1972315013408661,0.9994004964828491,0.4688118100166321,0.848508894443512,-0.22278833389282227,0.9996007680892944,0.4715302586555481,0.846035897731781,-0.22280052304267883,0.9995032548904419,0.47461000084877014,0.8431983590126038,-0.22283653914928436,0.9994584321975708,0.4617086350917816,0.8527184724807739,-0.22378048300743103,0.9997231364250183,0.45913568139076233,0.8536441922187805,-0.22383654117584229,0.9997224807739258,0.4563430845737457,0.8547039031982422,-0.22393329441547394,0.9997254014015198,0.47603845596313477,0.8256348371505737,-0.24927303194999695,0.9995808601379395,0.44522911310195923,0.8464981913566589,-0.2549803853034973,0.9997970461845398,0.46440011262893677,0.8350257873535156,-0.19481000304222107,0.9993147850036621,0.4552555978298187,0.8407978415489197,-0.19665566086769104,0.9993751645088196,0.49012619256973267,0.7663917541503906,-0.19636929035186768,0.9989078640937805,0.39329779148101807,0.813420295715332,-0.22841830551624298,0.9994020462036133,0.5005158185958862,0.7468748092651367,-0.06346962600946426,0.735984206199646,0.3423854410648346,0.7948665618896484,-0.12426213920116425,0.8329699039459229,0.510257363319397,0.8044445514678955,0.0475260354578495,0.5909392237663269,0.3823772668838501,0.8420441150665283,-0.039580851793289185,0.6755701303482056,0.5234185457229614,0.8173760771751404,0.04811827838420868,0.6531392335891724,0.3829539120197296,0.8634421229362488,-0.046486325562000275,0.7146793007850647,0.5086904764175415,0.8225013613700867,0.04157266765832901,0.6358979344367981,0.39746958017349243,0.8543526530265808,-0.06046801805496216,0.6906797289848328,0.5009229183197021,0.8198311924934387,0.048824239522218704,0.5763719081878662,0.40051698684692383,0.8445966243743896,-0.042620133608579636,0.6390747427940369,0.42327457666397095,0.6679795384407043,0.014394165948033333,0.9993733167648315,0.3803846538066864,0.6941545009613037,-0.014386465772986412,0.9996518492698669,0.4138728678226471,0.6473285555839539,0.3131727874279022,0.26666614413261414,0.3679717183113098,0.6613264083862305,0.27899232506752014,0.4660021960735321,0.3960236608982086,0.6207740306854248,0.6026990413665771,0.557901918888092,0.3534393906593323,0.6175081729888916,0.5553091168403625,0.7360391616821289,0.3901192545890808,0.6075356006622314,0.6386352777481079,0.6764068603515625,0.3513892889022827,0.6022990942001343,0.5885699987411499,0.7667351961135864,0.4073832929134369,0.6443855166435242,0.6654894948005676,0.2359788715839386,0.3505016267299652,0.6524467468261719,0.6001065969467163,0.33480843901634216
95,0.4633967876434326,0.847657322883606,-0.19579772651195526,0.9994531869888306,0.46859803795814514,0.8484690189361572,-0.22154399752616882,0.9996314644813538,0.4713311195373535,0.8459901213645935,-0.22155430912971497,0.9995452761650085,0.47436967492103577,0.8431598544120789,-0.22158804535865784,0.999502420425415,0.4615517258644104,0.8526599407196045,-0.22228804230690002,0.9997435808181763,0.4590013027191162,0.8535779714584351,-0.22234371304512024,0.999744713306427,0.4562355577945709,0.8546330332756042,-0.2224358767271042,0.9997454285621643,0.47583550214767456,0.8255184888839722,-0.24895961582660675,0.9996141195297241,0.4451824724674225,0.8464025259017944,-0.25361186265945435,0.999807596206665,0.4641839861869812,0.834926962852478,-0.19366662204265594,0.9993597269058228,0.4550720155239105,0.8407243490219116,-0.19519037008285522,0.9994139671325684,0.4898153841495514,0.7660409808158875,-0.19714100658893585,0.9989737272262573,0.3932558000087738,0.8132312297821045,-0.22654220461845398,0.999433159828186,0.5004837512969971,0.7468357682228088,-0.06352658569812775,0.7530580759048462,0.34244415163993835,0.7949364185333252,-0.12251973152160645,0.846398115158081,0.5102662444114685,0.8045421242713928,0.0471898689866066,0.602453351020813,0.382333904504776,0.8419334888458252,-0.03843781352043152,0.6875024437904358,0.5234116315841675,0.8176524043083191,0.04784601181745529,0.6664337515830994,0.3828781247138977,0.8635627031326294,-0.0452389232814312,0.7263556718826294,0.5087118744850159,0.8227863311767578,0.041035063564777374,0.6477345824241638,0.3974395990371704,0.8543416857719421,-0.05908183008432388,0.7027360796928406,0.5010108351707458,0.8200833797454834,0.048683784902095795,0.5877326726913452,0.40052008628845215,0.8445215225219727,-0.04146093875169754,0.6504947543144226,0.4225444197654724,0.6676571369171143,0.013826802372932434,0.9994191527366638,0.37989044189453125,0.6941460371017456,-0.013806645758450031,0.9996657967567444,0.41340893507003784,0.6466202139854431,0.3124234974384308,0.25838035345077515,0.3673338294029236,0.6624788641929626,0.2797876000404358,0.4702887237071991,0.3953987956047058,0.6208511590957642,0.5998312830924988,0.5622401833534241,0.35286062955856323,0.6175621747970581,0.5557537078857422,0.7520646452903748,0.38995999097824097,0.6074540019035339,0.635356068611145,0.6858687400817871,0.35084742307662964,0.6022995710372925,0.5888578295707703,0.7851799130439758,0.40737777948379517,0.643734335899353,0.6622058749198914,0.2284998893737793,0.34927934408187866,0.6524790525436401,0.6012205481529236,0.3359735310077667
96,0.46311551332473755,0.8476112484931946,-0.19780130684375763,0.9995028972625732,0.468392938375473,0.8484490513801575,-0.22362056374549866,0.9996619820594788,0.4710679054260254,0.8459705710411072,-0.22362832725048065,0.9995854496955872,0.4740895628929138,0.8431439995765686,-0.2236584722995758,0.999545156955719,0.461434543132782,0.8526435494422913,-0.22392210364341736,0.9997641444206238,0.45890292525291443,0.8535640239715576,-0.2239764928817749,0.9997663497924805,0.45615339279174805,0.8546292185783386,-0.22405871748924255,0.9997656345367432,0.47561874985694885,0.8254692554473877,-0.2503967881202698,0.9996464848518372,0.44513779878616333,0.8464160561561584,-0.2541588842868805,0.9998196363449097,0.46388283371925354,0.8348891735076904,-0.19543567299842834,0.9994061589241028,0.45479050278663635,0.8406673073768616,-0.19638703763484955,0.9994552731513977,0.48900991678237915,0.7660163044929504,-0.19946090877056122,0.9990386366844177,0.3930594325065613,0.8131508231163025,-0.22704851627349854,0.9994643926620483,0.5005190968513489,0.7468003630638123,-0.07008282840251923,0.7702664732933044,0.3424258828163147,0.7949375510215759,-0.12308387458324432,0.8590275645256042,0.5102715492248535,0.8045293092727661,0.038737230002880096,0.6179314255714417,0.3821222186088562,0.8422165513038635,-0.03922667354345322,0.7013091444969177,0.5234130620956421,0.8177006244659424,0.03828015178442001,0.6817836761474609,0.38273802399635315,0.8637714385986328,-0.04600280895829201,0.7389864921569824,0.5087121725082397,0.8228752017021179,0.031266629695892334,0.6621478199958801,0.39728283882141113,0.8545499444007874,-0.0592205710709095,0.7159279584884644,0.5010135769844055,0.8201993107795715,0.03983331099152565,0.6023579835891724,0.4003748893737793,0.8447245359420776,-0.042069997638463974,0.6635677218437195,0.4219241738319397,0.6676180362701416,0.012985503301024437,0.9994615316390991,0.37944361567497253,0.6941630840301514,-0.012956072576344013,0.9996809363365173,0.41284292936325073,0.6461902260780334,0.3122563660144806,0.25088855624198914,0.3668247163295746,0.662886917591095,0.28025516867637634,0.47631239891052246,0.3951999247074127,0.6213613152503967,0.6004102230072021,0.5665854215621948,0.35208460688591003,0.6175636649131775,0.5561314821243286,0.7673341631889343,0.38991278409957886,0.6079238653182983,0.6359962224960327,0.6937492489814758,0.3499787449836731,0.6022773385047913,0.5891679525375366,0.8019812107086182,0.4073823392391205,0.6437937617301941,0.6630657315254211,0.2230147123336792,0.34859997034072876,0.6525014042854309,0.6020558476448059,0.3401215374469757
97,0.46307677030563354,0.8475516438484192,-0.19788505136966705,0.9995467662811279,0.4683583378791809,0.8483713865280151,-0.22368314862251282,0.9996877908706665,0.47104325890541077,0.8458396196365356,-0.22369185090065002,0.9996203184127808,0.4740541875362396,0.8429651260375977,-0.22372472286224365,0.9995815753936768,0.4613937437534332,0.8526268005371094,-0.22395674884319305,0.9997814893722534,0.45885786414146423,0.8535536527633667,-0.22401142120361328,0.9997851252555847,0.45610469579696655,0.8546220660209656,-0.22409594058990479,0.9997827410697937,0.4755571484565735,0.8251555562019348,-0.25096502900123596,0.9996739625930786,0.4451068341732025,0.846408486366272,-0.2546350657939911,0.9998293519020081,0.463858425617218,0.8346902132034302,-0.1955704391002655,0.9994443655014038,0.45474472641944885,0.8406121730804443,-0.19647930562496185,0.9994899034500122,0.4889034330844879,0.765799343585968,-0.20021633803844452,0.9990917444229126,0.393062561750412,0.8131863474845886,-0.22735419869422913,0.9994937181472778,0.5003236532211304,0.7466550469398499,-0.07040813565254211,0.7853351831436157,0.34253421425819397,0.7952213883399963,-0.12272105365991592,0.8704453110694885,0.51032954454422,0.8043572306632996,0.03924219682812691,0.6275720000267029,0.38220831751823425,0.8424322009086609,-0.038895659148693085,0.7143325209617615,0.5235466957092285,0.8176919221878052,0.03864355385303497,0.6922538876533508,0.3828529417514801,0.8641293048858643,-0.04539305344223976,0.7509235143661499,0.5087614059448242,0.8228980898857117,0.03160040080547333,0.6714139580726624,0.3974929451942444,0.8546074032783508,-0.05893828347325325,0.7285354137420654,0.5010284185409546,0.820206880569458,0.040119562298059464,0.6115545034408569,0.400718629360199,0.8446779251098633,-0.04175807908177376,0.676115095615387,0.42122888565063477,0.6671085357666016,0.012145481072366238,0.9994981288909912,0.37902018427848816,0.694158673286438,-0.012114708311855793,0.9996935725212097,0.41256922483444214,0.6459318995475769,0.31100547313690186,0.2488507777452469,0.3661389946937561,0.662947416305542,0.2801876664161682,0.48615968227386475,0.39505964517593384,0.6215699315071106,0.5983778834342957,0.5722207427024841,0.3508981764316559,0.6170169711112976,0.5546444058418274,0.7818850874900818,0.38988223671913147,0.6081893444061279,0.633929967880249,0.7023385167121887,0.3488253355026245,0.6022233366966248,0.5876500606536865,0.8175890445709229,0.40738242864608765,0.6436160206794739,0.6618752479553223,0.2172659933567047,0.3473251163959503,0.6517428755760193,0.6010850071907043,0.3439978361129761
98,0.4630504548549652,0.847520112991333,-0.19811293482780457,0.9995872378349304,0.4683351516723633,0.8483391404151917,-0.2239779531955719,0.9997124671936035,0.471029669046402,0.8457803726196289,-0.22398586571216583,0.9996529221534729,0.4740370810031891,0.8428834676742554,-0.2240183800458908,0.9996160864830017,0.4613402485847473,0.8526120781898499,-0.22430519759655,0.9997982382774353,0.4587867259979248,0.8535365462303162,-0.22436025738716125,0.999802827835083,0.45601511001586914,0.8546057343482971,-0.22444641590118408,0.9997992515563965,0.47554048895835876,0.8250085711479187,-0.2514117956161499,0.9997001886367798,0.44499921798706055,0.8464025259017944,-0.2550640404224396,0.9998397827148438,0.46384915709495544,0.8346318006515503,-0.1958448737859726,0.9994823336601257,0.45470771193504333,0.840593159198761,-0.1968197524547577,0.9995245337486267,0.48887285590171814,0.7655776739120483,-0.20073330402374268,0.9991446137428284,0.3929911255836487,0.8132120370864868,-0.2273908108472824,0.9995238184928894,0.5001291632652283,0.7465264201164246,-0.07080325484275818,0.7989057898521423,0.34255844354629517,0.7952284216880798,-0.12117236852645874,0.880625307559967,0.5103372931480408,0.8043028712272644,0.03940128907561302,0.6359332203865051,0.3823278248310089,0.84251469373703,-0.035384632647037506,0.7256075143814087,0.5236319303512573,0.8177430033683777,0.03879611939191818,0.7014042139053345,0.3829570412635803,0.8641772866249084,-0.041022732853889465,0.7616022825241089,0.5087806582450867,0.8230846524238586,0.0325070284307003,0.6794278621673584,0.39758333563804626,0.8547328114509583,-0.05476563423871994,0.73981773853302,0.5010278820991516,0.8203386664390564,0.04036412760615349,0.61956787109375,0.4008115231990814,0.8447625637054443,-0.03813929110765457,0.6873764991760254,0.4208942949771881,0.6669902205467224,0.01170254684984684,0.9995334148406982,0.37847691774368286,0.6941611170768738,-0.011667429469525814,0.9997084140777588,0.4124055802822113,0.6456729173660278,0.3098752796649933,0.2496732473373413,0.36521440744400024,0.6629421710968018,0.2794632911682129,0.4979409873485565,0.3948681950569153,0.621797502040863,0.5959306955337524,0.5795468688011169,0.349704384803772,0.6165568232536316,0.5515368580818176,0.7956681251525879,0.3898068964481354,0.6084063053131104,0.631412923336029,0.7115238904953003,0.3477558493614197,0.6020435094833374,0.5844064950942993,0.8319524526596069,0.4073689877986908,0.643453061580658,0.6605872511863708,0.21263016760349274,0.34589698910713196,0.6507376432418823,0.5987704396247864,0.34843337535858154
99,0.463043749332428,0.8473840355873108,-0.19846534729003906,0.9996227622032166,0.4683348536491394,0.8482561111450195,-0.2247692346572876,0.9997333288192749,0.47103017568588257,0.8456763625144958,-0.22477343678474426,0.9996810555458069,0.47403717041015625,0.8427646160125732,-0.22480466961860657,0.9996455907821655,0.46133407950401306,0.8525983095169067,-0.22520463168621063,0.9998124241828918,0.4587772488594055,0.8535298705101013,-0.22526200115680695,0.9998180270195007,0.4560020864009857,0.8545979857444763,-0.2253456860780716,0.9998131990432739,0.47553786635398865,0.8249915838241577,-0.2537577748298645,0.9997224807739258,0.4449748992919922,0.8464024662971497,-0.25790244340896606,0.9998478889465332,0.46384939551353455,0.8344624638557434,-0.19649699330329895,0.9995135068893433,0.4546988904476166,0.840547502040863,-0.19762234389781952,0.9995531439781189,0.4888705611228943,0.7655818462371826,-0.20363247394561768,0.999190628528595,0.3929089903831482,0.8131826519966125,-0.22920973598957062,0.9995514750480652,0.500062108039856,0.7464548945426941,-0.07193057239055634,0.8106912970542908,0.3425126075744629,0.7951691150665283,-0.12144653499126434,0.8895606398582458,0.5103281736373901,0.8039855360984802,0.03972508758306503,0.6418491005897522,0.3823491930961609,0.8423401713371277,-0.036158621311187744,0.7328607439994812,0.5238835215568542,0.8177521228790283,0.03925676271319389,0.7086434364318848,0.38293424248695374,0.8640104532241821,-0.04198814556002617,0.7689657807350159,0.5087789297103882,0.8231995701789856,0.03274759650230408,0.685447096824646,0.39758387207984924,0.854682981967926,-0.05577170103788376,0.7474340796470642,0.5008938312530518,0.8203573226928711,0.040704675018787384,0.6253092288970947,0.400859534740448,0.8447254300117493,-0.03895718976855278,0.6945669651031494,0.420748233795166,0.6669561862945557,0.01171512808650732,0.9995652437210083,0.3782958984375,0.694417417049408,-0.011680145747959614,0.9997227787971497,0.41209959983825684,0.6455549597740173,0.3115420937538147,0.24789778888225555,0.36501285433769226,0.6630242466926575,0.27873358130455017,0.5070186853408813,0.39335542917251587,0.6219358444213867,0.5995856523513794,0.5849435329437256,0.3490540385246277,0.6165651679039001,0.5505806803703308,0.8072940707206726,0.3881233334541321,0.6084215641021729,0.6354831457138062,0.7191756367683411,0.34692466259002686,0.6020675301551819,0.5835260152816772,0.8447110056877136,0.4041532874107361,0.6454309821128845,0.6673591136932373,0.2066652625799179,0.3456989824771881,0.6508097052574158,0.5984850525856018,0.34853580594062805
100,0.46327367424964905,0.8472661972045898,-0.19288182258605957,0.9996528029441833,0.4685800075531006,0.8481309413909912,-0.21946430206298828,0.9997498393058777,0.47132349014282227,0.8455438613891602,-0.21946951746940613,0.9997043609619141,0.4743817448616028,0.8426308035850525,-0.21950533986091614,0.9996695518493652,0.461527019739151,0.8525114059448242,-0.2195744812488556,0.9998233318328857,0.45897984504699707,0.8534356951713562,-0.21963290870189667,0.9998302459716797,0.4562188684940338,0.8544867634773254,-0.2197246551513672,0.9998238682746887,0.47563451528549194,0.8248447775840759,-0.250434011220932,0.9997411966323853,0.44501224160194397,0.8463166356086731,-0.2527211606502533,0.9998534321784973,0.46402421593666077,0.8344307541847229,-0.1919368952512741,0.9995394349098206,0.4549199640750885,0.8404625058174133,-0.19267477095127106,0.9995757937431335,0.48889532685279846,0.7658014893531799,-0.2017861157655716,0.9992311000823975,0.39290645718574524,0.8131619691848755,-0.22503407299518585,0.999574601650238,0.4992559850215912,0.7463738322257996,-0.07087938487529755,0.8202411532402039,0.3429957926273346,0.7951511740684509,-0.11762282997369766,0.8967376947402954,0.5103018283843994,0.8039705753326416,0.04468802362680435,0.6431320905685425,0.3826169967651367,0.8424654006958008,-0.028961265459656715,0.7336812615394592,0.5237932205200195,0.817555844783783,0.046063005924224854,0.7120236158370972,0.3831321597099304,0.8641439080238342,-0.03322543203830719,0.7710767388343811,0.5087783932685852,0.8232002258300781,0.04057688266038895,0.6874578595161438,0.3975210189819336,0.8551188111305237,-0.04702591523528099,0.749419629573822,0.5008872151374817,0.8203601837158203,0.04651889204978943,0.626371443271637,0.4008769094944,0.8449593782424927,-0.031664542853832245,0.6956768035888672,0.4207019805908203,0.666904866695404,0.011776947416365147,0.9995923638343811,0.3783333897590637,0.6944330930709839,-0.011743498034775257,0.9997325539588928,0.41216617822647095,0.6455263495445251,0.3084716796875,0.2455039769411087,0.3650234639644623,0.6639978289604187,0.2752315104007721,0.5131466388702393,0.39297035336494446,0.622649073600769,0.5910389423370361,0.5882990956306458,0.3486056327819824,0.6166290044784546,0.5431603789329529,0.8167810440063477,0.38746434450149536,0.6090403199195862,0.6261886358261108,0.7254515886306763,0.34627848863601685,0.6022054553031921,0.5756659507751465,0.8558722734451294,0.4028325080871582,0.6459845900535583,0.6571409106254578,0.20040887594223022,0.3454752564430237,0.6508309841156006,0.5914780497550964,0.3467137813568115
101,0.4634215235710144,0.8472400307655334,-0.19229678809642792,0.9996798038482666,0.4686705470085144,0.8481159806251526,-0.21895071864128113,0.9997642636299133,0.47142356634140015,0.8455295562744141,-0.21895642578601837,0.9997248649597168,0.4744850993156433,0.8426136374473572,-0.21899190545082092,0.9996904730796814,0.46160978078842163,0.8524974584579468,-0.21914906799793243,0.9998330473899841,0.4590511918067932,0.8534234166145325,-0.21920843422412872,0.9998412132263184,0.45628851652145386,0.854480504989624,-0.21930432319641113,0.9998335242271423,0.47570186853408813,0.824819028377533,-0.2498607635498047,0.9997575283050537,0.4449992775917053,0.8462598323822021,-0.25235888361930847,0.9998583197593689,0.46411195397377014,0.8344399333000183,-0.19133540987968445,0.9995625615119934,0.4550338387489319,0.8404218554496765,-0.19218428432941437,0.9995961785316467,0.4890027940273285,0.7659496068954468,-0.20095591247081757,0.9992655515670776,0.39278358221054077,0.8130397200584412,-0.22519390285015106,0.9995957612991333,0.49877095222473145,0.7462776303291321,-0.06795427948236465,0.8289572596549988,0.3429983854293823,0.7955048680305481,-0.1184331551194191,0.9034346342086792,0.5102550387382507,0.8037326335906982,0.05076802894473076,0.6427549719810486,0.38270169496536255,0.8428090810775757,-0.030138928443193436,0.7349317073822021,0.5237628221511841,0.8172090649604797,0.05268449708819389,0.7138323783874512,0.3831319212913513,0.8642610907554626,-0.03480387106537819,0.7733341455459595,0.5087702870368958,0.8231330513954163,0.04709247499704361,0.6878321766853333,0.39723941683769226,0.8558511137962341,-0.04893055930733681,0.7515435218811035,0.500805675983429,0.8203132748603821,0.05270090699195862,0.62586510181427,0.4007633626461029,0.8455567955970764,-0.033017776906490326,0.6970367431640625,0.4205804467201233,0.6667202711105347,0.011953825131058693,0.9996175765991211,0.378354012966156,0.694465696811676,-0.011922578327357769,0.999742865562439,0.4121478497982025,0.6454010605812073,0.30887407064437866,0.2414352297782898,0.3647644817829132,0.6643735766410828,0.2751929461956024,0.518247663974762,0.3924463093280792,0.6233281493186951,0.5935689210891724,0.5914900302886963,0.34812772274017334,0.6166852116584778,0.5442909002304077,0.8257564306259155,0.38672804832458496,0.6097198724746704,0.6289094090461731,0.7318098545074463,0.3455680012702942,0.6022466421127319,0.5769120454788208,0.8662351369857788,0.4017144739627838,0.6461871862411499,0.6589410305023193,0.1948002278804779,0.34914928674697876,0.6530339121818542,0.5921321511268616,0.3455670475959778
102,0.4635170102119446,0.8471944332122803,-0.19000384211540222,0.9997050762176514,0.46871334314346313,0.8480556011199951,-0.21677203476428986,0.9997789859771729,0.4714605212211609,0.8454667329788208,-0.21677705645561218,0.9997447729110718,0.47451090812683105,0.8425579071044922,-0.21681109070777893,0.999711275100708,0.4616561830043793,0.8524777293205261,-0.21692189574241638,0.9998428821563721,0.4590960443019867,0.8534090518951416,-0.21698129177093506,0.9998518824577332,0.4563290476799011,0.8544677495956421,-0.21707749366760254,0.999843180179596,0.47570905089378357,0.8247445821762085,-0.24834764003753662,0.9997736811637878,0.444993257522583,0.8462556004524231,-0.2505674958229065,0.9998640418052673,0.46418890357017517,0.8344185948371887,-0.18934395909309387,0.9995859265327454,0.4551497995853424,0.840408444404602,-0.19013848900794983,0.9996165633201599,0.4890475869178772,0.7659929394721985,-0.19946560263633728,0.9992985725402832,0.3927730917930603,0.8129271864891052,-0.22360007464885712,0.9996145367622375,0.4986250400543213,0.7462666630744934,-0.06545412540435791,0.8372316360473633,0.3433420658111572,0.7954695820808411,-0.1161247044801712,0.9094589948654175,0.5100691914558411,0.8036013245582581,0.05545201152563095,0.6452546715736389,0.3832359313964844,0.8427709341049194,-0.02515627071261406,0.7370042204856873,0.523567259311676,0.8168712854385376,0.05789224058389664,0.717453122138977,0.383332222700119,0.8643754124641418,-0.029014483094215393,0.7760801911354065,0.5085806250572205,0.8230447173118591,0.05223851278424263,0.6904534697532654,0.39759692549705505,0.85584557056427,-0.04332627356052399,0.7543459534645081,0.5005545020103455,0.8202617168426514,0.057407282292842865,0.6280122399330139,0.4010648727416992,0.8455877900123596,-0.02802804671227932,0.6993902921676636,0.4200137257575989,0.6658912301063538,0.011970771476626396,0.9996401071548462,0.3782404065132141,0.6942620873451233,-0.011940759606659412,0.9997515082359314,0.4117674231529236,0.6444116830825806,0.30856722593307495,0.24106889963150024,0.36440539360046387,0.6644194722175598,0.2747337222099304,0.5261017680168152,0.3916359543800354,0.6232901215553284,0.5909715294837952,0.5961375832557678,0.3474263548851013,0.6165056228637695,0.5413217544555664,0.834301233291626,0.38567471504211426,0.6096740961074829,0.6259683966636658,0.7383731603622437,0.34460970759391785,0.6021429300308228,0.5735610723495483,0.8757352828979492,0.4006698727607727,0.645708441734314,0.6564577221870422,0.19131942093372345,0.3463681638240814,0.6528635025024414,0.5893701314926147,0.3474629819393158
103,0.46356552839279175,0.8471859097480774,-0.1907389909029007,0.9997290372848511,0.4687395691871643,0.8480380177497864,-0.21756570041179657,0.9997937083244324,0.4714846611022949,0.8454442620277405,-0.21756987273693085,0.9997639656066895,0.4745272099971771,0.8425330519676208,-0.2176022231578827,0.9997316598892212,0.4616820216178894,0.8524678945541382,-0.21769940853118896,0.9998529553413391,0.45912161469459534,0.8533974885940552,-0.21775880455970764,0.9998624324798584,0.45635953545570374,0.8544573187828064,-0.21785302460193634,0.9998531937599182,0.475717693567276,0.824743926525116,-0.24882614612579346,0.9997894763946533,0.44500526785850525,0.8462508320808411,-0.251100093126297,0.9998706579208374,0.4642707407474518,0.8343968987464905,-0.1900000423192978,0.9996100068092346,0.45520639419555664,0.8403776288032532,-0.19076892733573914,0.9996383190155029,0.4890519082546234,0.7660185098648071,-0.19969245791435242,0.9993319511413574,0.39277130365371704,0.8129099607467651,-0.22372588515281677,0.9996335506439209,0.4984380304813385,0.7461666464805603,-0.06559841334819794,0.8460679650306702,0.3437844216823578,0.7954409122467041,-0.11632188409566879,0.9151634573936462,0.5100358128547668,0.8031291961669922,0.053808651864528656,0.649990975856781,0.38406747579574585,0.8427435159683228,-0.025805344805121422,0.7399245500564575,0.5236037373542786,0.8164549469947815,0.05570390820503235,0.7222025394439697,0.3839464485645294,0.8645114302635193,-0.029824918136000633,0.7790867686271667,0.508567214012146,0.8227857947349548,0.04991103336215019,0.6944576501846313,0.39824503660202026,0.8558177351951599,-0.044208627194166183,0.7574259638786316,0.5004643201828003,0.8200162649154663,0.05563013628125191,0.6318039894104004,0.40163788199424744,0.8455511331558228,-0.028734315186738968,0.7021760940551758,0.41953444480895996,0.6651621460914612,0.011820339597761631,0.9996610283851624,0.3780309855937958,0.6941900253295898,-0.011787167750298977,0.9997602701187134,0.41158121824264526,0.6439359188079834,0.3089469075202942,0.23943418264389038,0.3641217052936554,0.664715588092804,0.2752053141593933,0.5330305099487305,0.3915335536003113,0.6232786178588867,0.5921432971954346,0.5997223854064941,0.34709420800209045,0.6165055632591248,0.5430622100830078,0.8421242833137512,0.38552960753440857,0.6096774935722351,0.6272298097610474,0.7438485622406006,0.3441949784755707,0.6021432280540466,0.5754151344299316,0.8843667507171631,0.4005971848964691,0.6452745795249939,0.6573998928070068,0.18856732547283173,0.34551820158958435,0.6528568863868713,0.5910097360610962,0.35018980503082275
104,0.46356090903282166,0.8471666574478149,-0.19100306928157806,0.9997512698173523,0.46873706579208374,0.8480316996574402,-0.2177000790834427,0.9998078942298889,0.47147679328918457,0.8454387187957764,-0.21770510077476501,0.999782145023346,0.4745050370693207,0.8425264358520508,-0.21773788332939148,0.9997511506080627,0.4616856575012207,0.852457582950592,-0.21784861385822296,0.9998626708984375,0.4591290056705475,0.8533867001533508,-0.21790726482868195,0.9998725056648254,0.45637351274490356,0.8544477224349976,-0.2179998904466629,0.9998629093170166,0.47570115327835083,0.8247596025466919,-0.24845638871192932,0.9998046159744263,0.44500988721847534,0.8462463021278381,-0.2506263554096222,0.9998774528503418,0.4642694890499115,0.8343718647956848,-0.19006146490573883,0.9996335506439209,0.4552103877067566,0.8403521776199341,-0.19084833562374115,0.9996596574783325,0.4888821244239807,0.7661382555961609,-0.1995115578174591,0.9993645548820496,0.39281386137008667,0.8128946423530579,-0.22335264086723328,0.9996511340141296,0.4984082579612732,0.7460907101631165,-0.06576722860336304,0.8545172214508057,0.343779981136322,0.795505702495575,-0.11694242060184479,0.9207074046134949,0.5100258588790894,0.8028384447097778,0.05262213945388794,0.6561665534973145,0.3840600550174713,0.8429279923439026,-0.027071302756667137,0.7445111274719238,0.5236297845840454,0.8162247538566589,0.054172269999980927,0.728053867816925,0.3836359679698944,0.8655778765678406,-0.031634893268346786,0.7832867503166199,0.5085806250572205,0.8225913643836975,0.048158906400203705,0.6997658610343933,0.39791208505630493,0.8561769723892212,-0.04597415402531624,0.7617639303207397,0.5004655122756958,0.819888174533844,0.054305028170347214,0.6369495987892151,0.401472270488739,0.8456236720085144,-0.030018428340554237,0.7063573598861694,0.4193482995033264,0.6648457646369934,0.011770123615860939,0.9996813535690308,0.3778831362724304,0.694043755531311,-0.011736750602722168,0.999769389629364,0.4113982617855072,0.643722414970398,0.3087928593158722,0.23911048471927643,0.3638852834701538,0.6647474765777588,0.27548977732658386,0.5406221747398376,0.3911396861076355,0.6232320070266724,0.591427743434906,0.6041466593742371,0.3469010591506958,0.616271436214447,0.5424397587776184,0.8498033285140991,0.38508403301239014,0.6096517443656921,0.6264592409133911,0.7492605447769165,0.3440749943256378,0.6020113229751587,0.5746580958366394,0.8923261165618896,0.40020743012428284,0.6449123620986938,0.656343400478363,0.1863199770450592,0.3450199365615845,0.652808427810669,0.5900902152061462,0.35361459851264954
105,0.4636107087135315,0.8471485376358032,-0.19168104231357574,0.9997718930244446,0.4687647819519043,0.84800124168396,-0.2188100814819336,0.9998213052749634,0.47149714827537537,0.8454038500785828,-0.21880988776683807,0.9997990131378174,0.4745163321495056,0.8424854278564453,-0.2188374251127243,0.9997693300247192,0.46172580122947693,0.8524476885795593,-0.21880319714546204,0.9998720288276672,0.45917707681655884,0.8533803224563599,-0.21886268258094788,0.9998819828033447,0.45642510056495667,0.8544420003890991,-0.21895208954811096,0.9998722076416016,0.4757021963596344,0.8247554898262024,-0.2505371570587158,0.9998186826705933,0.4450288414955139,0.8462440967559814,-0.25225311517715454,0.999884307384491,0.46432819962501526,0.8343563675880432,-0.19107352197170258,0.9996560215950012,0.45528537034988403,0.8403353095054626,-0.19170917570590973,0.9996804594993591,0.4888772964477539,0.7661500573158264,-0.20182092487812042,0.9993948936462402,0.39286941289901733,0.8129473328590393,-0.22458061575889587,0.9996692538261414,0.4983644485473633,0.7460232377052307,-0.06784173846244812,0.8621160387992859,0.3440260887145996,0.7953510284423828,-0.11765416711568832,0.9257056713104248,0.5100370049476624,0.8025193810462952,0.05247736722230911,0.6627245545387268,0.38423168659210205,0.8429040312767029,-0.027789002284407616,0.7488088011741638,0.5237634778022766,0.8160721659660339,0.05385177582502365,0.7342028617858887,0.38380199670791626,0.8655256628990173,-0.032672010362148285,0.7872124910354614,0.5086952447891235,0.822455108165741,0.04770506173372269,0.705476701259613,0.39801615476608276,0.85568767786026,-0.04693130403757095,0.7657790780067444,0.5005391240119934,0.8197913765907288,0.05405079573392868,0.642611026763916,0.40162530541419983,0.8456077575683594,-0.030737295746803284,0.710301399230957,0.41923174262046814,0.6647069454193115,0.011729554273188114,0.9996991157531738,0.3778301775455475,0.6940117478370667,-0.011694898828864098,0.9997776746749878,0.41141000390052795,0.6436251401901245,0.3094130754470825,0.23798812925815582,0.3639028072357178,0.6648375988006592,0.2759876251220703,0.5473718643188477,0.3914625942707062,0.6235554218292236,0.5915824174880981,0.6075116991996765,0.34701499342918396,0.6163119673728943,0.5429813265800476,0.8566083908081055,0.385491281747818,0.6100255250930786,0.6265653371810913,0.7543951869010925,0.344215989112854,0.6020110845565796,0.5751584768295288,0.8994568586349487,0.40154704451560974,0.6431156992912292,0.6564173698425293,0.1842561513185501,0.34528112411499023,0.6527708172798157,0.5906082391738892,0.356212317943573
106,0.4637161195278168,0.8471413254737854,-0.1920139193534851,0.9997906684875488,0.4688604772090912,0.8479832410812378,-0.21906018257141113,0.9998337626457214,0.47159045934677124,0.8453766107559204,-0.21906070411205292,0.9998145699501038,0.4746015965938568,0.8424418568611145,-0.21908894181251526,0.9997861981391907,0.4618156850337982,0.8524385094642639,-0.21909315884113312,0.9998806715011597,0.4592748284339905,0.8533700108528137,-0.21915213763713837,0.9998906850814819,0.4565275311470032,0.8544317483901978,-0.219241663813591,0.9998807311058044,0.4757296144962311,0.8247520327568054,-0.2505100667476654,0.9998317360877991,0.44520822167396545,0.8463833332061768,-0.251926451921463,0.9998906254768372,0.4644574522972107,0.8343449234962463,-0.19128724932670593,0.9996768832206726,0.45540565252304077,0.840316116809845,-0.19199171662330627,0.9996996521949768,0.4888388514518738,0.7661519646644592,-0.20192241668701172,0.9994243383407593,0.39289113879203796,0.8129621148109436,-0.22409136593341827,0.9996857643127441,0.49837836623191833,0.7458829879760742,-0.06950860470533371,0.8690345287322998,0.3440452218055725,0.7953411936759949,-0.11737487465143204,0.9301807880401611,0.5100435018539429,0.8022684454917908,0.04997184872627258,0.6698248982429504,0.38422030210494995,0.842609167098999,-0.027668293565511703,0.7533624172210693,0.5238131284713745,0.815872311592102,0.0510447733104229,0.7404657602310181,0.38382625579833984,0.8651092648506165,-0.03247593343257904,0.7909442186355591,0.5087417364120483,0.8222877383232117,0.04499124735593796,0.7115699052810669,0.3979722857475281,0.8547264933586121,-0.046491269022226334,0.7697012424468994,0.5005826354026794,0.8196585774421692,0.05158764868974686,0.6487300992012024,0.4016444683074951,0.8452274203300476,-0.03051299788057804,0.7141637206077576,0.41924625635147095,0.6647794842720032,0.011456336826086044,0.9997150897979736,0.3778308928012848,0.6940091848373413,-0.0114218071103096,0.9997840523719788,0.41156134009361267,0.6439715623855591,0.3086085617542267,0.24100737273693085,0.3639103174209595,0.6649171113967896,0.2761360704898834,0.5556079149246216,0.39357632398605347,0.6236454248428345,0.5901203751564026,0.6110720038414001,0.34704309701919556,0.6162827610969543,0.5438560843467712,0.8628648519515991,0.3879229426383972,0.6101959943771362,0.6250298023223877,0.759181797504425,0.34437495470046997,0.6020181775093079,0.5761850476264954,0.9057893753051758,0.40330204367637634,0.64202880859375,0.6540956497192383,0.18346841633319855,0.3453770875930786,0.6511285901069641,0.5911022424697876,0.3607347309589386
107,0.46375736594200134,0.8471254110336304,-0.19329246878623962,0.9998067617416382,0.46890324354171753,0.8479703068733215,-0.21988911926746368,0.9998438954353333,0.4716288447380066,0.8453649282455444,-0.21989098191261292,0.9998277425765991,0.4746305048465729,0.8424310088157654,-0.21991923451423645,0.9998002648353577,0.4618530869483948,0.8524373769760132,-0.21989688277244568,0.9998877048492432,0.45931512117385864,0.853376567363739,-0.2199554741382599,0.9998979568481445,0.4565708637237549,0.854443371295929,-0.22004494071006775,0.9998876452445984,0.47574466466903687,0.8247701525688171,-0.2505231499671936,0.9998425841331482,0.44527682662010193,0.8465312719345093,-0.2520281672477722,0.9998952746391296,0.4644990563392639,0.8343455791473389,-0.19212985038757324,0.999692976474762,0.4554515480995178,0.8403447270393372,-0.19282375276088715,0.9997142553329468,0.48883256316185,0.7661697268486023,-0.20191733539104462,0.9994475841522217,0.39293593168258667,0.8129737377166748,-0.22421720623970032,0.99969881772995,0.49839669466018677,0.7457450032234192,-0.0695381909608841,0.8744091987609863,0.34383803606033325,0.7953290343284607,-0.11744822561740875,0.933998167514801,0.5100369453430176,0.8019468784332275,0.04954727739095688,0.6747378706932068,0.38394784927368164,0.8422876000404358,-0.02790215238928795,0.7568889260292053,0.5238683223724365,0.8156026005744934,0.05070760101079941,0.7452743053436279,0.3835716247558594,0.8649910688400269,-0.032767798751592636,0.7940065860748291,0.5087425112724304,0.8219674825668335,0.044649798423051834,0.7160850763320923,0.39773768186569214,0.8542689681053162,-0.046997182071208954,0.7728780508041382,0.5005743503570557,0.8194028735160828,0.05119681358337402,0.6530733704566956,0.4015520215034485,0.8450607657432556,-0.030859310179948807,0.7170382738113403,0.41928187012672424,0.6652061343193054,0.011467529460787773,0.9997294545173645,0.377833753824234,0.6941130757331848,-0.011433757841587067,0.9997896552085876,0.41160425543785095,0.6442371606826782,0.3087548017501831,0.24409694969654083,0.36392462253570557,0.6649303436279297,0.2762436270713806,0.5629938244819641,0.3939017951488495,0.6235287189483643,0.5910013914108276,0.6142661571502686,0.34707579016685486,0.6162123084068298,0.5443368554115295,0.8684419989585876,0.38827309012413025,0.6100870370864868,0.6260186433792114,0.7635169625282288,0.34459221363067627,0.6020170450210571,0.5767059922218323,0.911512017250061,0.4039333760738373,0.6420345306396484,0.6551217436790466,0.18163742125034332,0.3453456461429596,0.6508007049560547,0.5916644334793091,0.36301061511039734
108,0.4637600779533386,0.8472632765769958,-0.19372010231018066,0.9998217821121216,0.46890729665756226,0.8481096029281616,-0.22047284245491028,0.9998537302017212,0.47163066267967224,0.8454967737197876,-0.22047314047813416,0.9998400807380676,0.4746306836605072,0.8425440192222595,-0.22049877047538757,0.9998136162757874,0.46186214685440063,0.8526133894920349,-0.22047917544841766,0.9998945593833923,0.4593263268470764,0.8535598516464233,-0.2205367088317871,0.9999048709869385,0.45658808946609497,0.8546174168586731,-0.22062377631664276,0.9998944401741028,0.47574400901794434,0.8249872326850891,-0.2512323260307312,0.99985271692276,0.4453810155391693,0.8468285799026489,-0.2528259754180908,0.9999001026153564,0.464501291513443,0.8344742655754089,-0.19258540868759155,0.9997087717056274,0.4554568827152252,0.8405070900917053,-0.19326956570148468,0.9997288584709167,0.488788902759552,0.7663036584854126,-0.20229771733283997,0.9994689226150513,0.39295706152915955,0.8132162094116211,-0.22481465339660645,0.9997113943099976,0.49837231636047363,0.7456766963005066,-0.06971784681081772,0.8800233602523804,0.3437398672103882,0.7953479886054993,-0.1178671270608902,0.9376047253608704,0.5099278092384338,0.8016364574432373,0.049106914550065994,0.6797277927398682,0.38393643498420715,0.8422414064407349,-0.029130782932043076,0.7612497806549072,0.5238943099975586,0.8153554797172546,0.05003809183835983,0.749722421169281,0.38369014859199524,0.864921510219574,-0.034660905599594116,0.7978238463401794,0.5087288618087769,0.8217670917510986,0.043545953929424286,0.7202867269515991,0.3977345824241638,0.854155421257019,-0.04896869882941246,0.7769742012023926,0.5004972219467163,0.8192081451416016,0.05058775097131729,0.6575499773025513,0.40142402052879333,0.845054566860199,-0.032175276428461075,0.7212586402893066,0.41929593682289124,0.665250837802887,0.01147646363824606,0.9997425675392151,0.3778378367424011,0.6941127181053162,-0.01144321821630001,0.9997950792312622,0.4116877019405365,0.6444405913352966,0.31013962626457214,0.2442563772201538,0.36393728852272034,0.6649848818778992,0.2777441143989563,0.5670709013938904,0.3942510783672333,0.6237107515335083,0.594460129737854,0.6157785654067993,0.3471143841743469,0.6168481707572937,0.5496436953544617,0.8726171851158142,0.3886592984199524,0.6102489829063416,0.6297469735145569,0.7663376331329346,0.34463760256767273,0.6021697521209717,0.5825179219245911,0.9162979125976562,0.40448322892189026,0.6420775651931763,0.6590325236320496,0.1799633651971817,0.34541836380958557,0.6512467265129089,0.597281813621521,0.36419063806533813
109,0.4636269211769104,0.8472530245780945,-0.19351722300052643,0.9998342394828796,0.46877360343933105,0.8481028079986572,-0.22028641402721405,0.9998611807823181,0.471494197845459,0.8454904556274414,-0.2202877253293991,0.9998500347137451,0.47447991371154785,0.842538058757782,-0.2203136384487152,0.9998241662979126,0.46176329255104065,0.8526045680046082,-0.2202005386352539,0.9998995661735535,0.4592350125312805,0.8535431623458862,-0.22025716304779053,0.9999101758003235,0.4565069079399109,0.8545867204666138,-0.22034461796283722,0.9998992681503296,0.47567781805992126,0.8249965906143188,-0.25116172432899475,0.9998605847358704,0.44538092613220215,0.8467535376548767,-0.2522581219673157,0.9999029040336609,0.46443432569503784,0.8344683051109314,-0.19246873259544373,0.9997205138206482,0.4554165303707123,0.8405014276504517,-0.19302448630332947,0.999739408493042,0.4886441230773926,0.7663995623588562,-0.2025725543498993,0.9994908571243286,0.39304035902023315,0.8132126927375793,-0.22402188181877136,0.9997225999832153,0.4986812472343445,0.7456527948379517,-0.0706571713089943,0.8855811357498169,0.3436870574951172,0.7953230142593384,-0.11671100556850433,0.9409691095352173,0.5099284648895264,0.801476240158081,0.04737939313054085,0.6856959462165833,0.3840445876121521,0.8412359356880188,-0.026598026975989342,0.7637014985084534,0.5239013433456421,0.8152467012405396,0.048203956335783005,0.7548239827156067,0.384013831615448,0.8640562295913696,-0.031138557940721512,0.7996588349342346,0.5086977481842041,0.821628987789154,0.04158806800842285,0.7253982424736023,0.3984093964099884,0.8534103631973267,-0.045250870287418365,0.7789474129676819,0.5004392862319946,0.8190488219261169,0.04882198944687843,0.6627734899520874,0.4017573893070221,0.8436850905418396,-0.029413709416985512,0.7232782244682312,0.4193333685398102,0.6654233932495117,0.011429538950324059,0.9997543096542358,0.377860426902771,0.6941301822662354,-0.01139928214251995,0.9997998476028442,0.41171693801879883,0.6444968581199646,0.30875998735427856,0.24920114874839783,0.36390364170074463,0.6648544669151306,0.2769942283630371,0.5758584141731262,0.39453643560409546,0.6236531138420105,0.5909508466720581,0.6199440956115723,0.3471727967262268,0.6165400147438049,0.5456510186195374,0.8774340748786926,0.388953298330307,0.6102119088172913,0.6260679364204407,0.7703239917755127,0.3447043299674988,0.6021385192871094,0.5782344937324524,0.9210469722747803,0.4048398435115814,0.6419991850852966,0.6560055017471313,0.17944999039173126,0.3452552855014801,0.6511666178703308,0.5936492681503296,0.3676609992980957
110,0.4636313021183014,0.8472043871879578,-0.1936570703983307,0.9998451471328735,0.4687805771827698,0.8480146527290344,-0.2203371822834015,0.9998674988746643,0.471506267786026,0.8453872203826904,-0.22033827006816864,0.9998586177825928,0.4745003283023834,0.8424110412597656,-0.2203635424375534,0.9998332262039185,0.4617646634578705,0.8525435924530029,-0.22022588551044464,0.9999037384986877,0.45923566818237305,0.8534837961196899,-0.22028236091136932,0.9999147653579712,0.4565059244632721,0.8545278310775757,-0.22036972641944885,0.9999033808708191,0.4756954610347748,0.824946939945221,-0.2511609196662903,0.99986732006073,0.4453810155391693,0.8466861844062805,-0.252294659614563,0.9999051094055176,0.4644400179386139,0.8344341516494751,-0.19257304072380066,0.9997298717498779,0.45541924238204956,0.8404726386070251,-0.19309237599372864,0.9997476935386658,0.4886404573917389,0.7664376497268677,-0.20257370173931122,0.9995062351226807,0.39310556650161743,0.8132097721099854,-0.22410109639167786,0.9997303485870361,0.498781681060791,0.745642900466919,-0.07063766568899155,0.890174388885498,0.34368401765823364,0.7950838804244995,-0.11681541055440903,0.9437321424484253,0.5099307298660278,0.8014789819717407,0.04776344075798988,0.6897446513175964,0.38421764969825745,0.84062659740448,-0.025667529553174973,0.7639340758323669,0.5239235162734985,0.8152507543563843,0.04880373924970627,0.758472740650177,0.38440337777137756,0.8632974624633789,-0.029778236523270607,0.7995947599411011,0.5086794495582581,0.8216140866279602,0.04219629988074303,0.7290017604827881,0.398998886346817,0.8531191349029541,-0.04374375194311142,0.7788973450660706,0.5003906488418579,0.8190367817878723,0.04922282323241234,0.6663891077041626,0.4021872878074646,0.8432562351226807,-0.02836625836789608,0.7231448292732239,0.41940823197364807,0.6656274199485779,0.01145966537296772,0.9997637271881104,0.3779393136501312,0.6941589117050171,-0.011431221850216389,0.9998027682304382,0.41178983449935913,0.6445467472076416,0.30817535519599915,0.2531420886516571,0.3639281392097473,0.6647740602493286,0.2753109931945801,0.5831090807914734,0.39477643370628357,0.623638391494751,0.5897225141525269,0.6231035590171814,0.3472077250480652,0.6164976954460144,0.5425697565078735,0.8815566897392273,0.3892227113246918,0.6101973652839661,0.6247936487197876,0.7734148502349854,0.3448418974876404,0.6021433472633362,0.5750813484191895,0.9252113699913025,0.4050685465335846,0.6420192718505859,0.6547888517379761,0.1784677505493164,0.3452717661857605,0.6511915922164917,0.5904693007469177,0.37022864818573
111,0.463550329208374,0.8472253084182739,-0.19045758247375488,0.9998549818992615,0.4687018394470215,0.8480107188224792,-0.21645765006542206,0.9998733997344971,0.4714321196079254,0.8453835248947144,-0.216465026140213,0.9998667240142822,0.4744212031364441,0.8424060940742493,-0.216495543718338,0.9998417496681213,0.46170106530189514,0.852537989616394,-0.21656695008277893,0.9999076724052429,0.45917534828186035,0.8534787893295288,-0.216620534658432,0.9999189972877502,0.45644980669021606,0.8545081615447998,-0.21670600771903992,0.9999071359634399,0.47567376494407654,0.8249520063400269,-0.24555818736553192,0.9998740553855896,0.44534140825271606,0.8465023040771484,-0.24754568934440613,0.9999075531959534,0.4644034504890442,0.8344429135322571,-0.18900536000728607,0.9997396469116211,0.4553850591182709,0.840471088886261,-0.1897832453250885,0.9997560381889343,0.488577663898468,0.7668443918228149,-0.19768740236759186,0.999524712562561,0.39311665296554565,0.8128477334976196,-0.22007127106189728,0.9997379183769226,0.4988560676574707,0.7456415295600891,-0.06855671107769012,0.8939799070358276,0.3435222804546356,0.7950781583786011,-0.11435959488153458,0.9462481737136841,0.509928822517395,0.8014978170394897,0.0477590337395668,0.6927213668823242,0.38414761424064636,0.8406493663787842,-0.024396158754825592,0.7658783793449402,0.5239101648330688,0.8152645230293274,0.048773523420095444,0.7611191868782043,0.3842523396015167,0.8634552359580994,-0.02895432710647583,0.8012707233428955,0.5086653828620911,0.82163006067276,0.042198553681373596,0.7314811944961548,0.3983362317085266,0.8531553149223328,-0.04259173944592476,0.7806980609893799,0.500386118888855,0.8190788626670837,0.049217648804187775,0.6687572598457336,0.40197521448135376,0.8435230255126953,-0.027015719562768936,0.724697470664978,0.41961055994033813,0.6661885976791382,0.011503281071782112,0.9997739791870117,0.3780621588230133,0.6941720247268677,-0.011473257094621658,0.999806821346283,0.4118012487888336,0.6447527408599854,0.3061995804309845,0.259115070104599,0.3639349937438965,0.664034903049469,0.27334919571876526,0.5914552807807922,0.39496147632598877,0.6235570311546326,0.586760938167572,0.626761794090271,0.34730058908462524,0.61566561460495,0.5396078824996948,0.8860794305801392,0.3894175887107849,0.6101169586181641,0.6217396855354309,0.776824414730072,0.34508824348449707,0.6014729738235474,0.5719148516654968,0.9291760921478271,0.4051057696342468,0.6419288516044617,0.6510263085365295,0.17788442969322205,0.3449973464012146,0.6495805382728577,0.586076021194458,0.3745412230491638
112,0.4634873867034912,0.8469964265823364,-0.18317252397537231,0.9998641014099121,0.46859121322631836,0.8478187918663025,-0.2093881070613861,0.9998791813850403,0.47130972146987915,0.8451898097991943,-0.20939505100250244,0.9998742938041687,0.474271684885025,0.8422415256500244,-0.20942583680152893,0.9998500347137451,0.461582750082016,0.8524636626243591,-0.20927266776561737,0.9999114274978638,0.4590397775173187,0.8534473776817322,-0.20932193100452423,0.9999228715896606,0.4563050866127014,0.8545020222663879,-0.20940318703651428,0.9999106526374817,0.47555938363075256,0.8249489665031433,-0.24026648700237274,0.9998806118965149,0.44519272446632385,0.8465147018432617,-0.24122090637683868,0.9999101161956787,0.46433454751968384,0.8342838287353516,-0.1824236363172531,0.9997501969337463,0.4553324282169342,0.8403958082199097,-0.18290750682353973,0.9997648000717163,0.48848986625671387,0.7667421698570251,-0.19422093033790588,0.9995422959327698,0.39315950870513916,0.8128374218940735,-0.21355295181274414,0.9997459053993225,0.4989044666290283,0.7456583380699158,-0.06754224002361298,0.8977838158607483,0.34344932436943054,0.7951775193214417,-0.10796711593866348,0.948121190071106,0.5098651647567749,0.8020385503768921,0.04793214052915573,0.6955631375312805,0.38430875539779663,0.8412197232246399,-0.018823130056262016,0.766977846622467,0.5237232446670532,0.8153036832809448,0.048941634595394135,0.7633539438247681,0.3848356306552887,0.8637627959251404,-0.0228276289999485,0.8025376796722412,0.5086584091186523,0.8222350478172302,0.042934633791446686,0.733532190322876,0.3983311057090759,0.8531547784805298,-0.036596186459064484,0.7821753621101379,0.5004056096076965,0.8197892308235168,0.049563292413949966,0.6709758639335632,0.4020729959011078,0.8442995548248291,-0.021487319841980934,0.7260812520980835,0.41964584589004517,0.6662220358848572,0.011320510879158974,0.9997837543487549,0.3780653774738312,0.6941955089569092,-0.011287552304565907,0.9998102188110352,0.4117920398712158,0.6446815729141235,0.3030175566673279,0.26835599541664124,0.36377429962158203,0.663783073425293,0.27303069829940796,0.5991796255111694,0.3948259949684143,0.6236848831176758,0.5809025168418884,0.6328741908073425,0.3473544120788574,0.615472137928009,0.5385282039642334,0.8897046446800232,0.38911324739456177,0.6102827787399292,0.6155678629875183,0.7816353440284729,0.34512796998023987,0.6013779044151306,0.5707255601882935,0.9327295422554016,0.4050971567630768,0.6419411301612854,0.6458700895309448,0.17887239158153534,0.3448304831981659,0.6495107412338257,0.5859037041664124,0.378434956073761
113,0.4634876251220703,0.8470023274421692,-0.1823207437992096,0.999871551990509,0.46858954429626465,0.847822368144989,-0.2084691822528839,0.9998831748962402,0.47130662202835083,0.8451949954032898,-0.20847713947296143,0.9998801946640015,0.4742620587348938,0.8422532677650452,-0.20850935578346252,0.9998561143875122,0.4615798890590668,0.8524739742279053,-0.2086673527956009,0.9999139904975891,0.45903414487838745,0.8534650802612305,-0.20871718227863312,0.9999258518218994,0.4562973976135254,0.8545257449150085,-0.20880134403705597,0.9999130368232727,0.47554850578308105,0.8250397443771362,-0.2388804852962494,0.9998855590820312,0.44518303871154785,0.8465346693992615,-0.24123266339302063,0.9999115467071533,0.46433496475219727,0.834298849105835,-0.18133386969566345,0.9997572898864746,0.4553305208683014,0.8404098153114319,-0.18223784863948822,0.9997705221176147,0.48848456144332886,0.7666553854942322,-0.19228102266788483,0.9995550513267517,0.3931853771209717,0.8127126693725586,-0.21384048461914062,0.9997518658638,0.49899381399154663,0.7456571459770203,-0.0642247125506401,0.8998070955276489,0.3433009088039398,0.7952614426612854,-0.10813204944133759,0.9495404958724976,0.5098141431808472,0.8022056221961975,0.050622742623090744,0.6936533451080322,0.38432377576828003,0.8414364457130432,-0.019186554476618767,0.7677736878395081,0.5234504342079163,0.8153067231178284,0.05165868252515793,0.7621336579322815,0.38508814573287964,0.8637630343437195,-0.023642629384994507,0.8037604093551636,0.5085448026657104,0.8223434686660767,0.04605909436941147,0.7318288087844849,0.39870351552963257,0.8539676666259766,-0.03744371980428696,0.7836060523986816,0.500372588634491,0.8199174404144287,0.05238649994134903,0.6691774129867554,0.40206781029701233,0.8447103500366211,-0.021899934858083725,0.7271755337715149,0.41985875368118286,0.6663023233413696,0.011320287361741066,0.9997924566268921,0.37808284163475037,0.694194495677948,-0.011287437751889229,0.9998130798339844,0.41179341077804565,0.6446856260299683,0.30373913049697876,0.2765989601612091,0.3637731969356537,0.6635003685951233,0.2732665538787842,0.6051813364028931,0.39481550455093384,0.6236791014671326,0.5831550359725952,0.6378567218780518,0.347380667924881,0.61504727602005,0.5396080017089844,0.8928641676902771,0.38908109068870544,0.6102732419967651,0.6179599165916443,0.7859941124916077,0.3451470732688904,0.6012114882469177,0.5720954537391663,0.9358477592468262,0.40509429574012756,0.6420305967330933,0.6479548215866089,0.17847774922847748,0.34472745656967163,0.6488951444625854,0.5867149829864502,0.37994620203971863
114,0.4634590744972229,0.8469997644424438,-0.1797429770231247,0.9998763799667358,0.4685490131378174,0.8478192090988159,-0.20571458339691162,0.9998845458030701,0.47127565741539,0.8451921939849854,-0.20572435855865479,0.9998836517333984,0.47423219680786133,0.8422491550445557,-0.2057587206363678,0.9998592138290405,0.4615195393562317,0.8524667620658875,-0.20592963695526123,0.9999144673347473,0.4589553773403168,0.8534539341926575,-0.20597806572914124,0.9999271035194397,0.4562021791934967,0.8545066118240356,-0.20606334507465363,0.999913215637207,0.4755479693412781,0.8250463604927063,-0.2360689640045166,0.9998882412910461,0.44497591257095337,0.8464493155479431,-0.23843352496623993,0.9999105930328369,0.4643101692199707,0.8343150019645691,-0.17878441512584686,0.9997593760490417,0.4552941918373108,0.8404054045677185,-0.17969359457492828,0.9997708201408386,0.48848867416381836,0.7667233943939209,-0.1900443434715271,0.9995651841163635,0.39318567514419556,0.8124427795410156,-0.21182075142860413,0.9997543692588806,0.49922657012939453,0.7456821799278259,-0.06151247024536133,0.9015712141990662,0.3431660532951355,0.7952448725700378,-0.10627428442239761,0.9506493806838989,0.509575605392456,0.8025690317153931,0.05335083603858948,0.6917880773544312,0.3843262791633606,0.8414269685745239,-0.017017195001244545,0.7662797570228577,0.5229072570800781,0.8154455423355103,0.05447397381067276,0.7610340118408203,0.3851920962333679,0.8636353015899658,-0.02157563343644142,0.8027685880661011,0.5083470940589905,0.8226355314254761,0.048844482749700546,0.7303747534751892,0.3991021513938904,0.8540692925453186,-0.03522200509905815,0.7826455235481262,0.5002828240394592,0.8202379941940308,0.05510702729225159,0.6674839854240417,0.4021912217140198,0.8447553515434265,-0.01968209259212017,0.7257463335990906,0.42000168561935425,0.6664513349533081,0.011324677616357803,0.9997994899749756,0.3780936598777771,0.6941965222358704,-0.011291967704892159,0.9998140335083008,0.4117395877838135,0.6446048021316528,0.30268990993499756,0.28728944063186646,0.36377769708633423,0.6632488369941711,0.27254024147987366,0.6125612258911133,0.39477092027664185,0.6234108209609985,0.5824483036994934,0.6437866687774658,0.3474065661430359,0.614854633808136,0.5396395921707153,0.8959348201751709,0.38898688554763794,0.6099919676780701,0.6174167394638062,0.7906497120857239,0.3451607823371887,0.6011239290237427,0.5721724033355713,0.9387474060058594,0.4050710201263428,0.642096221446991,0.6473211646080017,0.17837779223918915,0.3445998430252075,0.6486305594444275,0.5868011713027954,0.381399929523468
115,0.46358150243759155,0.846576452255249,-0.17993082106113434,0.9998807907104492,0.4686666429042816,0.8473992943763733,-0.2060738503932953,0.9998862147331238,0.47140711545944214,0.8447301983833313,-0.206081360578537,0.9998871088027954,0.4743887782096863,0.8417364954948425,-0.2061154842376709,0.9998622536659241,0.4615608751773834,0.8521956205368042,-0.20626762509346008,0.9999151229858398,0.4589758515357971,0.8532266616821289,-0.20631703734397888,0.9999284148216248,0.4562094807624817,0.8543176651000977,-0.20640325546264648,0.9999136328697205,0.4756162762641907,0.8243073225021362,-0.2368318736553192,0.9998910427093506,0.444922536611557,0.8463431596755981,-0.23907575011253357,0.999910295009613,0.4643831253051758,0.8339175581932068,-0.17909783124923706,0.9997618198394775,0.45532679557800293,0.8401222825050354,-0.1799648106098175,0.9997723698616028,0.4884890615940094,0.7665511965751648,-0.19054372608661652,0.9995742440223694,0.3931940793991089,0.8124219179153442,-0.2125789225101471,0.9997566342353821,0.4993651807308197,0.7457568049430847,-0.06194543093442917,0.9037492871284485,0.3430606722831726,0.7952426075935364,-0.10685180127620697,0.9519070386886597,0.5094912052154541,0.8028644323348999,0.053461551666259766,0.6910766959190369,0.38437455892562866,0.8413852453231812,-0.017507895827293396,0.7648960947990417,0.5227431654930115,0.8156213164329529,0.05464215204119682,0.7606264352798462,0.38535910844802856,0.8635020852088928,-0.02182924933731556,0.8015127778053284,0.5082970857620239,0.8229520320892334,0.04923549294471741,0.7296962738037109,0.3994520306587219,0.8540880680084229,-0.03544805571436882,0.7814193964004517,0.5002694725990295,0.8206086754798889,0.055312663316726685,0.6666204333305359,0.40240049362182617,0.8447530269622803,-0.020123589783906937,0.7241871356964111,0.4201296865940094,0.6666314601898193,0.01131541095674038,0.9998061656951904,0.37809640169143677,0.6942964196205139,-0.01128380373120308,0.9998153448104858,0.41171640157699585,0.6445193886756897,0.30174610018730164,0.299702525138855,0.3637690246105194,0.663106381893158,0.27043843269348145,0.6198679804801941,0.39467093348503113,0.6229586005210876,0.5817698240280151,0.6511504650115967,0.34742680191993713,0.6147316694259644,0.5366096496582031,0.8986985087394714,0.3888407349586487,0.6095497608184814,0.6167961359024048,0.795589029788971,0.34518852829933167,0.6010558009147644,0.5690720081329346,0.9413715600967407,0.40506547689437866,0.6421335935592651,0.6470142602920532,0.17933423817157745,0.34453943371772766,0.6486598253250122,0.584135890007019,0.38291844725608826
116,0.46361464262008667,0.8465560674667358,-0.18111927807331085,0.9998853206634521,0.4686814844608307,0.8473791480064392,-0.20738112926483154,0.9998881220817566,0.47141870856285095,0.8447095155715942,-0.2073882520198822,0.9998905658721924,0.47439831495285034,0.8417156934738159,-0.20742098987102509,0.9998654127120972,0.46157097816467285,0.8521888852119446,-0.20754608511924744,0.9999161958694458,0.458984375,0.8532242178916931,-0.20759642124176025,0.9999300837516785,0.4562153220176697,0.8543139696121216,-0.20768287777900696,0.9999146461486816,0.4756225049495697,0.8243064284324646,-0.2381528913974762,0.999893844127655,0.4448811411857605,0.8463488221168518,-0.24032437801361084,0.9999105334281921,0.4643891453742981,0.83391273021698,-0.18030789494514465,0.9997644424438477,0.4553414285182953,0.8401156067848206,-0.18114468455314636,0.9997745156288147,0.4884888529777527,0.7665631771087646,-0.1914450228214264,0.9995806217193604,0.39321285486221313,0.8124179840087891,-0.213571697473526,0.9997587203979492,0.4993719458580017,0.7458320260047913,-0.062193769961595535,0.9055899977684021,0.34297093749046326,0.7951988577842712,-0.10774018615484238,0.9530397057533264,0.5094518065452576,0.8031140565872192,0.05427480861544609,0.6905286908149719,0.3844636082649231,0.8413848876953125,-0.018463630229234695,0.7638274431228638,0.5227493047714233,0.8156851530075073,0.05568864196538925,0.7603307366371155,0.3854812681674957,0.8635089993476868,-0.022895416244864464,0.8006253838539124,0.5082963705062866,0.8230183124542236,0.0503525510430336,0.7291141748428345,0.39972010254859924,0.8542971014976501,-0.03656793013215065,0.780535101890564,0.500275731086731,0.820676863193512,0.05621311813592911,0.6658751964569092,0.40261727571487427,0.8448131084442139,-0.021114138886332512,0.7229760885238647,0.4201866686344147,0.6669400930404663,0.011343522928655148,0.9998118281364441,0.3781421184539795,0.6943555474281311,-0.011312355287373066,0.9998172521591187,0.4117048680782318,0.6443877816200256,0.3019486963748932,0.3082755208015442,0.3637444078922272,0.6627529263496399,0.2689494788646698,0.6271223425865173,0.39467355608940125,0.62285977602005,0.5825157761573792,0.6564337611198425,0.347438782453537,0.6143146753311157,0.5343542695045471,0.9017238616943359,0.3888445496559143,0.6094533205032349,0.6175795793533325,0.7993872165679932,0.3452167809009552,0.6006743907928467,0.5666874647140503,0.9439392685890198,0.4050704538822174,0.6421106457710266,0.6476532816886902,0.17958518862724304,0.3444395661354065,0.6485282778739929,0.5812004804611206,0.3857896625995636
117,0.4636250436306,0.8464423418045044,-0.18261729180812836,0.999890923500061,0.46868690848350525,0.8472588062286377,-0.20897510647773743,0.9998916983604431,0.4714231491088867,0.8445963263511658,-0.20898044109344482,0.9998952150344849,0.4744027256965637,0.8416154384613037,-0.2090127021074295,0.9998703002929688,0.46157294511795044,0.8521097302436829,-0.2092122584581375,0.9999186396598816,0.4589853882789612,0.8531649708747864,-0.20926277339458466,0.9999327063560486,0.45621562004089355,0.8542761206626892,-0.2093474566936493,0.9999170899391174,0.4756222665309906,0.824295163154602,-0.23951418697834015,0.9998977184295654,0.44484344124794006,0.8463472127914429,-0.24193820357322693,0.9999123215675354,0.46438947319984436,0.8338523507118225,-0.1816425919532776,0.9997702240943909,0.45534175634384155,0.8400880694389343,-0.18255653977394104,0.999779999256134,0.4884554445743561,0.7664889097213745,-0.19174036383628845,0.9995884895324707,0.39321470260620117,0.8123559951782227,-0.21541687846183777,0.9997625946998596,0.4993751645088196,0.7458657026290894,-0.062244635075330734,0.9077888131141663,0.3429040014743805,0.7951444387435913,-0.11026748269796371,0.954523503780365,0.5094631910324097,0.803126871585846,0.053582966327667236,0.6917291283607483,0.3843470513820648,0.8414285778999329,-0.023369822651147842,0.765627384185791,0.5227723121643066,0.8156879544258118,0.054746948182582855,0.7613694071769714,0.3854772746562958,0.8635433316230774,-0.028599610552191734,0.8020579814910889,0.5083116888999939,0.8230302333831787,0.04928360506892204,0.7299627065658569,0.39910370111465454,0.8541845083236694,-0.04247786104679108,0.7820719480514526,0.5003148317337036,0.8207152485847473,0.055457163602113724,0.6666860580444336,0.4024486541748047,0.8450741171836853,-0.026163781061768532,0.724396288394928,0.42019495368003845,0.6669657230377197,0.01136331632733345,0.999817430973053,0.37814635038375854,0.6943615078926086,-0.01133207231760025,0.9998198747634888,0.4117048382759094,0.6443654298782349,0.303033709526062,0.3118169605731964,0.36374402046203613,0.6626890301704407,0.26930516958236694,0.6311322450637817,0.3946554958820343,0.6227642297744751,0.586186945438385,0.6594690084457397,0.3474625051021576,0.6142658591270447,0.5346530079841614,0.9039978384971619,0.38883543014526367,0.6093276143074036,0.621505618095398,0.8018437027931213,0.34524446725845337,0.6006731390953064,0.566980242729187,0.9460476040840149,0.40505534410476685,0.6421189904212952,0.6509944200515747,0.17950458824634552,0.3444689214229584,0.6485620141029358,0.5822471380233765,0.3874466121196747
118,0.46363505721092224,0.8463751673698425,-0.1851647049188614,0.9998957514762878,0.46868762373924255,0.8471930623054504,-0.21154944598674774,0.9998945593833923,0.4714232385158539,0.8445284962654114,-0.211552232503891,0.9998990893363953,0.4744006097316742,0.841553270816803,-0.21158547699451447,0.9998743534088135,0.4615735113620758,0.852082371711731,-0.21196249127388,0.999920666217804,0.4589858055114746,0.8531520962715149,-0.21201474964618683,0.9999349117279053,0.4562152028083801,0.8542732000350952,-0.21209990978240967,0.999919056892395,0.47560185194015503,0.8242974877357483,-0.241601824760437,0.9999008774757385,0.4447866976261139,0.8463600873947144,-0.24477724730968475,0.9999136924743652,0.46439051628112793,0.8337944746017456,-0.1838800609111786,0.999774158000946,0.4553448259830475,0.8400577306747437,-0.18501988053321838,0.999783992767334,0.4884319305419922,0.7664121389389038,-0.192469984292984,0.9995937347412109,0.3931856155395508,0.8123198747634888,-0.2177489697933197,0.9997656941413879,0.4993649125099182,0.745875358581543,-0.06241511180996895,0.9092609882354736,0.34261804819107056,0.7950996160507202,-0.11211869865655899,0.9556402564048767,0.509401798248291,0.8031131029129028,0.05333966761827469,0.6909086108207703,0.3841942846775055,0.8414300680160522,-0.025066906586289406,0.7669041156768799,0.5227447152137756,0.8156688213348389,0.054497528821229935,0.7606996893882751,0.3854532837867737,0.863531231880188,-0.030291607603430748,0.8031899333000183,0.5082851648330688,0.8230301141738892,0.04899104684591293,0.7289787530899048,0.39867329597473145,0.8540399670600891,-0.04409261792898178,0.7833423018455505,0.5002819299697876,0.820716917514801,0.05518985912203789,0.6656501889228821,0.4022577702999115,0.8451683521270752,-0.027794405817985535,0.7254853248596191,0.4202019274234772,0.6670542359352112,0.011415584944188595,0.9998219013214111,0.3781474232673645,0.6944316625595093,-0.01138455793261528,0.9998218417167664,0.4117051661014557,0.6443878412246704,0.3042287230491638,0.31587284803390503,0.36373811960220337,0.6626896262168884,0.2693963348865509,0.6339954137802124,0.3946271240711212,0.6226203441619873,0.5895272493362427,0.6620816588401794,0.3474799692630768,0.6142695546150208,0.5367310643196106,0.9055976271629333,0.38881856203079224,0.6091452240943909,0.6251148581504822,0.8037310242652893,0.3452576994895935,0.6006853580474854,0.5693925023078918,0.9477206468582153,0.40506333112716675,0.6421911120414734,0.6548539996147156,0.17883768677711487,0.3444679081439972,0.6487776637077332,0.5840365886688232,0.3874008357524872
119,0.4636324942111969,0.8463559746742249,-0.18717385828495026,0.9999005198478699,0.4686768651008606,0.8471800684928894,-0.2134319245815277,0.9998977184295654,0.4714105725288391,0.8445159792900085,-0.2134331911802292,0.9999030828475952,0.47438549995422363,0.8415457010269165,-0.21346482634544373,0.9998786449432373,0.4615606367588043,0.8520785570144653,-0.21391649544239044,0.9999228715896606,0.45896682143211365,0.8531492352485657,-0.2139691561460495,0.9999371767044067,0.4561912417411804,0.8542768955230713,-0.21405255794525146,0.9999213218688965,0.47557538747787476,0.8243152499198914,-0.2427278310060501,0.9999041557312012,0.444652259349823,0.8463985919952393,-0.24619412422180176,0.9999154210090637,0.4643767476081848,0.8337711095809937,-0.18556992709636688,0.9997786283493042,0.4553314745426178,0.8400551676750183,-0.18679454922676086,0.9997884631156921,0.488393634557724,0.7663924694061279,-0.1926802694797516,0.999599277973175,0.3930324614048004,0.8122864961624146,-0.21899056434631348,0.9997684359550476,0.4993510842323303,0.7458927631378174,-0.06267598271369934,0.9114217162132263,0.34239596128463745,0.7950952649116516,-0.11356077343225479,0.9569815397262573,0.5093737840652466,0.8031049966812134,0.05282137542963028,0.6911265254020691,0.38411471247673035,0.8415278196334839,-0.026879936456680298,0.7689731121063232,0.5227222442626953,0.8156594038009644,0.05392058938741684,0.7604115009307861,0.38528338074684143,0.8636800050735474,-0.03213232010602951,0.80474454164505,0.5082746744155884,0.8230637907981873,0.048445120453834534,0.7284585237503052,0.3986057639122009,0.8548181056976318,-0.045966826379299164,0.7851130366325378,0.5002748370170593,0.8207731246948242,0.054670073091983795,0.6653652191162109,0.402076780796051,0.8454044461250305,-0.029607176780700684,0.7272844910621643,0.42020782828330994,0.6670922040939331,0.01148851029574871,0.9998262524604797,0.3781404197216034,0.6944337487220764,-0.011454986408352852,0.9998239874839783,0.4116969704627991,0.64439857006073,0.3042636513710022,0.32014554738998413,0.3636936545372009,0.6626201868057251,0.269522488117218,0.6381523609161377,0.3946228623390198,0.6225787401199341,0.5894218683242798,0.6649101376533508,0.3475009500980377,0.6142275333404541,0.5366789102554321,0.9075945615768433,0.38881272077560425,0.6090981960296631,0.6249451041221619,0.805384635925293,0.34528130292892456,0.6005655527114868,0.5692120790481567,0.949418842792511,0.40509137511253357,0.6421994566917419,0.6547154188156128,0.17901548743247986,0.3444572687149048,0.6488418579101562,0.5835444331169128,0.39001503586769104
120,0.46359866857528687,0.8464228510856628,-0.18903718888759613,0.9999054074287415,0.4686400890350342,0.8472077250480652,-0.21538563072681427,0.999901294708252,0.47137251496315,0.8445413112640381,-0.21538671851158142,0.9999071955680847,0.4743395745754242,0.8415749073028564,-0.21541714668273926,0.9998832941055298,0.4615299105644226,0.8521223664283752,-0.21585413813591003,0.999925434589386,0.45893460512161255,0.8531998991966248,-0.2159072458744049,0.9999396204948425,0.45615679025650024,0.8543320298194885,-0.21598975360393524,0.9999239444732666,0.475538969039917,0.8243648409843445,-0.24443909525871277,0.9999076128005981,0.4446338713169098,0.8464298844337463,-0.24788586795330048,0.9999175667762756,0.46436062455177307,0.833818256855011,-0.18732240796089172,0.9997840523719788,0.455324649810791,0.8401466608047485,-0.1885223537683487,0.9997941255569458,0.4883674681186676,0.7664048075675964,-0.19422674179077148,0.9996068477630615,0.393027663230896,0.8122112154960632,-0.2202393263578415,0.9997725486755371,0.49936622381210327,0.7459377646446228,-0.06386083364486694,0.9136300683021545,0.3423570394515991,0.7951394319534302,-0.1146615594625473,0.9584758281707764,0.5093892812728882,0.8030996322631836,0.05143817141652107,0.6914570331573486,0.3840963542461395,0.8417080640792847,-0.028158878907561302,0.7716624140739441,0.5227225422859192,0.8156622648239136,0.05225960165262222,0.7603001594543457,0.38523614406585693,0.8638766407966614,-0.033515769988298416,0.8069231510162354,0.5082784295082092,0.8230976462364197,0.04642510786652565,0.7281465530395508,0.3983156383037567,0.8547486066818237,-0.04746426269412041,0.7875276803970337,0.5002971887588501,0.8208208084106445,0.05312531068921089,0.6653779149055481,0.40206223726272583,0.8455227017402649,-0.030930304899811745,0.7298663854598999,0.42021554708480835,0.6670624613761902,0.011491278186440468,0.9998301267623901,0.3781422972679138,0.6943551898002625,-0.01145827118307352,0.9998265504837036,0.4116970896720886,0.6444126963615417,0.30482080578804016,0.3195230960845947,0.3636844754219055,0.6625823378562927,0.2697997987270355,0.6393627524375916,0.3946089744567871,0.6225783228874207,0.5901154279708862,0.665155827999115,0.347521036863327,0.6142364144325256,0.5368430018424988,0.9088784456253052,0.38880687952041626,0.6090940833091736,0.6255909204483032,0.8053776621818542,0.3453034460544586,0.6006507277488708,0.5692883729934692,0.9507112503051758,0.4050942361354828,0.6423484086990356,0.6556875705718994,0.17861033976078033,0.3444613814353943,0.6489453911781311,0.5837358236312866,0.3913434147834778
121,0.46347418427467346,0.8464934229850769,-0.18954499065876007,0.9999099373817444,0.4685184061527252,0.8472450375556946,-0.21581287682056427,0.9999047517776489,0.47125372290611267,0.8445727229118347,-0.21581387519836426,0.9999111294746399,0.47420668601989746,0.8416086435317993,-0.21584287285804749,0.9998877048492432,0.4614199101924896,0.8521662354469299,-0.21626083552837372,0.9999279379844666,0.458820641040802,0.8532416820526123,-0.21631363034248352,0.9999419450759888,0.4560331404209137,0.8543714880943298,-0.21639510989189148,0.9999263882637024,0.47544360160827637,0.8244332671165466,-0.24469289183616638,0.999910831451416,0.4445609152317047,0.8464455008506775,-0.24808266758918762,0.9999196529388428,0.46424993872642517,0.8338637948036194,-0.18779407441616058,0.9997892379760742,0.45526400208473206,0.8402076959609985,-0.1889730542898178,0.999799370765686,0.4882863461971283,0.766483724117279,-0.19454537332057953,0.9996139407157898,0.3929150402545929,0.8119884729385376,-0.22035565972328186,0.9997760057449341,0.4993164539337158,0.745941162109375,-0.06438399851322174,0.9157358407974243,0.3422507643699646,0.7951532602310181,-0.11473353207111359,0.9598032832145691,0.5093823075294495,0.8029537796974182,0.05048937350511551,0.6935981512069702,0.3839759826660156,0.8417329788208008,-0.028061041608452797,0.7744452357292175,0.5227230787277222,0.8155860304832458,0.051143158227205276,0.7617336511611938,0.38495367765426636,0.8638755083084106,-0.03335336595773697,0.8091466426849365,0.5082777738571167,0.8230510354042053,0.04514742270112038,0.7296075820922852,0.39825302362442017,0.8550317883491516,-0.047266773879528046,0.7900004386901855,0.5002932548522949,0.8207744359970093,0.05209174007177353,0.6671643853187561,0.4019157886505127,0.8455674648284912,-0.030815893784165382,0.7325286269187927,0.42019400000572205,0.6670590043067932,0.011498273350298405,0.9998335242271423,0.37814077734947205,0.6942930221557617,-0.011464458890259266,0.9998282790184021,0.4117002487182617,0.6445438265800476,0.30484747886657715,0.32002633810043335,0.3636874556541443,0.66258305311203,0.2697739899158478,0.6410120725631714,0.39461567997932434,0.6226028800010681,0.5899991989135742,0.665271520614624,0.34753909707069397,0.6142594218254089,0.5362737774848938,0.910047709941864,0.38883015513420105,0.609117329120636,0.6254483461380005,0.8052239418029785,0.3453141152858734,0.6007242798805237,0.5685977339744568,0.9518078565597534,0.4051462709903717,0.6424338221549988,0.6555496454238892,0.17852286994457245,0.34447595477104187,0.6490097641944885,0.5829058289527893,0.39313259720802307
122,0.4633498787879944,0.8468393683433533,-0.19103680551052094,0.9999128580093384,0.4683982729911804,0.8474829792976379,-0.21697063744068146,0.9999062418937683,0.4711541533470154,0.844795286655426,-0.21697385609149933,0.9999133944511414,0.47411322593688965,0.8418266177177429,-0.21700434386730194,0.9998899698257446,0.46131402254104614,0.8523373007774353,-0.2174036204814911,0.9999289512634277,0.45872193574905396,0.8533768057823181,-0.2174568474292755,0.9999431371688843,0.45593494176864624,0.8544741272926331,-0.21753863990306854,0.9999274015426636,0.47542786598205566,0.8245670199394226,-0.24493619799613953,0.999912440776825,0.4444960057735443,0.84644615650177,-0.24826005101203918,0.9999199509620667,0.4641764760017395,0.8341711163520813,-0.18892012536525726,0.9997905492782593,0.4551998972892761,0.8404369950294495,-0.1900741308927536,0.9998007416725159,0.48828125,0.7666271924972534,-0.19469121098518372,0.9996182918548584,0.39282017946243286,0.8118377923965454,-0.22032491862773895,0.9997778534889221,0.4992709159851074,0.7459214329719543,-0.06445624679327011,0.9167290329933167,0.34214502573013306,0.7953112125396729,-0.11477668583393097,0.960750937461853,0.5093734264373779,0.8027412295341492,0.04986799508333206,0.6928892731666565,0.38387084007263184,0.8417778015136719,-0.028954172506928444,0.7762606739997864,0.5227219462394714,0.8154937028884888,0.05045362189412117,0.7611696124076843,0.38477763533592224,0.8638550639152527,-0.03443842753767967,0.8107447028160095,0.5082614421844482,0.8229554295539856,0.04438788443803787,0.7289122939109802,0.3982059955596924,0.855084240436554,-0.048361100256443024,0.7918095588684082,0.5002478361129761,0.8206496834754944,0.05144957825541496,0.6665952205657959,0.40177831053733826,0.845569372177124,-0.03173676133155823,0.7343236207962036,0.42026644945144653,0.6671456694602966,0.011519739404320717,0.9998363256454468,0.3781774640083313,0.6942973732948303,-0.011485876515507698,0.9998297095298767,0.4115557074546814,0.6495855450630188,0.3047298491001129,0.32051774859428406,0.3636937439441681,0.6625608801841736,0.2694476246833801,0.6425668001174927,0.3946697413921356,0.6226367950439453,0.5896446108818054,0.664837121963501,0.3475470244884491,0.6142560839653015,0.5358496308326721,0.9111823439598083,0.3888907730579376,0.609156608581543,0.6250959038734436,0.8048384189605713,0.3453311622142792,0.6006845235824585,0.5681726336479187,0.9528164863586426,0.405189573764801,0.6427214741706848,0.6550959944725037,0.17757953703403473,0.34446677565574646,0.6489580869674683,0.5822767019271851,0.39409369230270386
123,0.46316424012184143,0.8476223349571228,-0.19341522455215454,0.9999162554740906,0.46821385622024536,0.8480340242385864,-0.21945631504058838,0.9999085068702698,0.4709848463535309,0.8453391194343567,-0.2194598913192749,0.9999161958694458,0.47393935918807983,0.8423622846603394,-0.21948924660682678,0.999893069267273,0.46117886900901794,0.8527555465698242,-0.21983464062213898,0.9999306797981262,0.45861324667930603,0.8537285923957825,-0.2198902815580368,0.999944806098938,0.4558425843715668,0.8547677397727966,-0.21997299790382385,0.9999291896820068,0.4753672182559967,0.8249213099479675,-0.24733665585517883,0.9999145865440369,0.4444763660430908,0.8465068340301514,-0.2504212260246277,0.9999211430549622,0.4640759825706482,0.834987998008728,-0.19131001830101013,0.9997934699058533,0.45513877272605896,0.8411561250686646,-0.19239166378974915,0.9998038411140442,0.48823657631874084,0.7668951749801636,-0.19704875349998474,0.9996241927146912,0.3927949070930481,0.8118395209312439,-0.22169065475463867,0.9997812509536743,0.49926477670669556,0.7459164261817932,-0.0658721998333931,0.9178704023361206,0.3420470952987671,0.7953177094459534,-0.11619093269109726,0.9618963003158569,0.5093725919723511,0.8025664687156677,0.04796471446752548,0.6948064565658569,0.3834799528121948,0.8415714502334595,-0.03029317781329155,0.7793278098106384,0.5227864980697632,0.8154779672622681,0.048340316861867905,0.7628008723258972,0.3841913342475891,0.8634975552558899,-0.03596235811710358,0.8132779598236084,0.5082542300224304,0.8229032158851624,0.04181966185569763,0.7305349707603455,0.3979693055152893,0.8549886345863342,-0.04985394701361656,0.7945186495780945,0.5002357363700867,0.8205842971801758,0.04935780167579651,0.6683308482170105,0.4015023112297058,0.8453091979026794,-0.03307165950536728,0.7372085452079773,0.4202684760093689,0.667156457901001,0.011534225195646286,0.9998385906219482,0.3781793713569641,0.6942929625511169,-0.011500328779220581,0.9998313188552856,0.4111596941947937,0.6514813303947449,0.30565574765205383,0.31799784302711487,0.3637034296989441,0.6625606417655945,0.2700824737548828,0.6430915594100952,0.39466482400894165,0.6226367354393005,0.5913828611373901,0.6632303595542908,0.34755343198776245,0.6142639517784119,0.537270724773407,0.9121130108833313,0.3888862729072571,0.6091552376747131,0.6268702745437622,0.8038317561149597,0.3453417718410492,0.6007429361343384,0.5696510672569275,0.9537400603294373,0.4051900804042816,0.6427953839302063,0.6563180088996887,0.1767878532409668,0.3444616496562958,0.648966908454895,0.5833452343940735,0.3950459361076355
124,0.46290668845176697,0.8474739789962769,-0.19351935386657715,0.999916672706604,0.4680412709712982,0.8480164408683777,-0.219558984041214,0.9999068379402161,0.47082123160362244,0.8453329801559448,-0.219563290476799,0.9999154806137085,0.47375836968421936,0.8423592448234558,-0.21959514915943146,0.9998915791511536,0.46098509430885315,0.8527044057846069,-0.2200312614440918,0.9999293684959412,0.45841988921165466,0.853666365146637,-0.22008652985095978,0.9999440312385559,0.4556465148925781,0.8546907305717468,-0.22017152607440948,0.999927818775177,0.4752749800682068,0.8249452114105225,-0.2478485405445099,0.9999131560325623,0.44434380531311035,0.8464251756668091,-0.2515769600868225,0.9999185800552368,0.46388673782348633,0.8346471190452576,-0.1915779560804367,0.9997896552085876,0.4549339711666107,0.8408214449882507,-0.19280239939689636,0.9997997879981995,0.48827338218688965,0.7669126987457275,-0.19790968298912048,0.999620258808136,0.392668217420578,0.8118352890014648,-0.22290487587451935,0.999780535697937,0.49925222992897034,0.7459060549736023,-0.0668170377612114,0.917022168636322,0.3421401083469391,0.7953189015388489,-0.11868022382259369,0.9618291258811951,0.5093967914581299,0.8024637699127197,0.046227239072322845,0.6929024457931519,0.3833809196949005,0.8416002988815308,-0.0335482582449913,0.7771356105804443,0.5228357911109924,0.8154841065406799,0.04691952094435692,0.7623812556266785,0.384127676486969,0.8637553453445435,-0.03888022154569626,0.8124687075614929,0.5083199739456177,0.8228747248649597,0.040475983172655106,0.7298030853271484,0.39788004755973816,0.8549523949623108,-0.052540987730026245,0.7934324145317078,0.5002819299697876,0.8204959034919739,0.047698725014925,0.667156994342804,0.4014054834842682,0.8453446626663208,-0.03626833111047745,0.7358729839324951,0.42048078775405884,0.6671984195709229,0.011873049661517143,0.9998394846916199,0.37827685475349426,0.6948632001876831,-0.011849211528897285,0.9998316168785095,0.4112630784511566,0.648980438709259,0.3064001202583313,0.30894356966018677,0.36395758390426636,0.663105309009552,0.2716522216796875,0.63579261302948,0.39353811740875244,0.6230725646018982,0.5912357568740845,0.658715546131134,0.34776926040649414,0.6152543425559998,0.5406680703163147,0.9111278057098389,0.3875606656074524,0.6095523238182068,0.6266726851463318,0.8017064929008484,0.3457696735858917,0.60121750831604,0.573371171951294,0.9540608525276184,0.40316611528396606,0.6441548466682434,0.656497061252594,0.1733248382806778,0.34543925523757935,0.6501561999320984,0.589190661907196,0.38861003518104553
125,0.4628065228462219,0.8476383686065674,-0.19484427571296692,0.9999170303344727,0.4679599404335022,0.8481968641281128,-0.22019854187965393,0.9999056458473206,0.4707636833190918,0.8455657958984375,-0.2202039510011673,0.9999153017997742,0.47371426224708557,0.8426458239555359,-0.22023573517799377,0.9998907446861267,0.46088582277297974,0.8527644872665405,-0.22088424861431122,0.9999284148216248,0.45832616090774536,0.8537001013755798,-0.22093868255615234,0.9999436140060425,0.4555595815181732,0.8547048568725586,-0.22102372348308563,0.999926745891571,0.4752744138240814,0.8251683712005615,-0.2477114498615265,0.9999120235443115,0.4443156123161316,0.8464125990867615,-0.25160473585128784,0.9999164342880249,0.4638559818267822,0.8348827958106995,-0.1924203336238861,0.9997852444648743,0.4548494219779968,0.8409295678138733,-0.193929523229599,0.9997950792312622,0.4882882535457611,0.7670542597770691,-0.19762107729911804,0.9996164441108704,0.3925068974494934,0.8118764162063599,-0.22320178151130676,0.9997776746749878,0.4991088807582855,0.7458580732345581,-0.06696875393390656,0.9170376062393188,0.34224241971969604,0.7953215837478638,-0.11970998346805573,0.9619057774543762,0.5095251798629761,0.8023365139961243,0.04455447196960449,0.6938002705574036,0.3829750120639801,0.8415620923042297,-0.0342075452208519,0.7758430242538452,0.5229716897010803,0.815460205078125,0.04537234455347061,0.7634232640266418,0.3835596442222595,0.8637546300888062,-0.03940559923648834,0.8118058443069458,0.5084234476089478,0.8228473663330078,0.03911317139863968,0.7308076024055481,0.39749079942703247,0.8549486398696899,-0.05273619294166565,0.7926051616668701,0.5003750324249268,0.8204513788223267,0.04607824236154556,0.6678832769393921,0.40097013115882874,0.8453166484832764,-0.03673844039440155,0.734734296798706,0.4207286834716797,0.6677963733673096,0.012471923604607582,0.9998409748077393,0.3783784508705139,0.6952365040779114,-0.012456375174224377,0.9998317360877991,0.4115844666957855,0.648661196231842,0.3064490854740143,0.30740705132484436,0.36427995562553406,0.6631119847297668,0.27074313163757324,0.6353230476379395,0.3936510682106018,0.6230769753456116,0.5909759998321533,0.6570001244544983,0.3480646312236786,0.61528480052948,0.5389795303344727,0.911362886428833,0.3877536654472351,0.6095531582832336,0.6263505220413208,0.8006587624549866,0.34632426500320435,0.6012173295021057,0.5715686082839966,0.9545498490333557,0.40426144003868103,0.6442049145698547,0.6557062864303589,0.1718955934047699,0.3455725312232971,0.6501970291137695,0.5861228108406067,0.387311190366745
126,0.4627559185028076,0.8476832509040833,-0.1942223608493805,0.9999172687530518,0.4679385721683502,0.8482383489608765,-0.21897026896476746,0.9999045729637146,0.470754474401474,0.8456166386604309,-0.21898102760314941,0.9999151825904846,0.4737120568752289,0.8427024483680725,-0.2190183848142624,0.9998900294303894,0.46083393692970276,0.8527778387069702,-0.21983805298805237,0.9999275207519531,0.4582711160182953,0.8537063598632812,-0.21989181637763977,0.9999432563781738,0.4555007517337799,0.854706346988678,-0.21997778117656708,0.9999258518218994,0.4753030240535736,0.8252168297767639,-0.24513156712055206,0.9999115467071533,0.4442741274833679,0.8463879227638245,-0.24989037215709686,0.9999148845672607,0.4638427197933197,0.8349696397781372,-0.1914999783039093,0.9997819066047668,0.4547961354255676,0.8409609198570251,-0.19322693347930908,0.999791145324707,0.4883095324039459,0.7670764327049255,-0.19565069675445557,0.9996141791343689,0.39220723509788513,0.8118242025375366,-0.22206637263298035,0.9997749924659729,0.4990028738975525,0.7458108067512512,-0.06663179397583008,0.9167008399963379,0.34226033091545105,0.7957870364189148,-0.11930100619792938,0.9617919921875,0.5095775723457336,0.8023264408111572,0.04485689848661423,0.690809965133667,0.38278117775917053,0.8420517444610596,-0.03352987766265869,0.7735621929168701,0.5230039358139038,0.8154631853103638,0.045674752444028854,0.7612714171409607,0.3832381069660187,0.8647193312644958,-0.03877609968185425,0.8104714751243591,0.5084426403045654,0.8228492140769958,0.0395067073404789,0.7282935976982117,0.3971467912197113,0.855478048324585,-0.05212109535932541,0.7910357117652893,0.5003879070281982,0.8204485774040222,0.046413078904151917,0.6647553443908691,0.40062180161476135,0.8455215692520142,-0.03608688339591026,0.7325800657272339,0.4208633005619049,0.6678283214569092,0.012619458138942719,0.9998423457145691,0.3784633278846741,0.695319414138794,-0.012602066621184349,0.9998318552970886,0.41163620352745056,0.6475798487663269,0.3062066435813904,0.3027443289756775,0.36431604623794556,0.6632577776908875,0.2707672715187073,0.632588267326355,0.39334121346473694,0.6230762004852295,0.5890630483627319,0.6530805230140686,0.34814730286598206,0.6152706146240234,0.5389759540557861,0.9113414883613586,0.3874192237854004,0.6095445156097412,0.6241879463195801,0.7984181642532349,0.3464144170284271,0.601074755191803,0.5715488195419312,0.9549341201782227,0.40436577796936035,0.6441472768783569,0.653324544429779,0.16934120655059814,0.3455643653869629,0.6501036286354065,0.5860615968704224,0.3849104940891266
127,0.46275049448013306,0.847640872001648,-0.1964358538389206,0.9999194145202637,0.46793732047080994,0.8481776118278503,-0.22134551405906677,0.999906063079834,0.47075384855270386,0.845550000667572,-0.22135373950004578,0.9999170303344727,0.47371378540992737,0.8426247239112854,-0.22139208018779755,0.999891996383667,0.46081089973449707,0.85272216796875,-0.22225446999073029,0.9999285936355591,0.45823556184768677,0.8536478877067566,-0.22230935096740723,0.9999443292617798,0.4554532468318939,0.8546411395072937,-0.22239485383033752,0.9999269843101501,0.47531619668006897,0.8251392245292664,-0.2467893362045288,0.9999129772186279,0.4442342221736908,0.8463032841682434,-0.2521020174026489,0.9999158382415771,0.46384334564208984,0.8349000811576843,-0.19362898170948029,0.9997835159301758,0.45478376746177673,0.8408976793289185,-0.19539745151996613,0.9997933506965637,0.4883348047733307,0.7670772075653076,-0.19688372313976288,0.999613881111145,0.3921600878238678,0.8119024038314819,-0.22392256557941437,0.9997750520706177,0.49899721145629883,0.7458032965660095,-0.06851927936077118,0.9170515537261963,0.34233441948890686,0.7958758473396301,-0.12151709944009781,0.9624072313308716,0.5098345875740051,0.8023160696029663,0.04352184012532234,0.6880155801773071,0.3827483057975769,0.8424755930900574,-0.03562616556882858,0.7731156945228577,0.5235865116119385,0.815540611743927,0.04430098831653595,0.7589602470397949,0.38318905234336853,0.8654307126998901,-0.040891747921705246,0.8102778196334839,0.5085824728012085,0.8229993581771851,0.03830306977033615,0.7256103754043579,0.39700567722320557,0.8560305237770081,-0.05380399897694588,0.7907150387763977,0.5005269646644592,0.8205633759498596,0.045132312923669815,0.6616931557655334,0.4004650115966797,0.8458840847015381,-0.03799577057361603,0.731804370880127,0.42105284333229065,0.6679438352584839,0.01262020505964756,0.999843180179596,0.37852370738983154,0.6955614686012268,-0.01260247640311718,0.9998325109481812,0.41175127029418945,0.6471454501152039,0.3063505291938782,0.297723650932312,0.3643476665019989,0.6632620692253113,0.27074959874153137,0.6294435858726501,0.3933587968349457,0.6230546236038208,0.5891620516777039,0.6499167084693909,0.3482203185558319,0.615260124206543,0.5383871793746948,0.9113979339599609,0.3874762952327728,0.6095055937767029,0.6242803335189819,0.7957881093025208,0.34650281071662903,0.6009522080421448,0.5708225965499878,0.9551069140434265,0.4046677052974701,0.6439952254295349,0.6534278392791748,0.16763237118721008,0.34560832381248474,0.6497697830200195,0.5852327942848206,0.38342010974884033
128,0.46275025606155396,0.8475372791290283,-0.1969231218099594,0.9999209046363831,0.46794041991233826,0.8480803370475769,-0.2217899113893509,0.9999066591262817,0.47076112031936646,0.8454475402832031,-0.221797913312912,0.9999181628227234,0.473728746175766,0.8425143361091614,-0.2218361645936966,0.9998930096626282,0.46080732345581055,0.8526409864425659,-0.2227112054824829,0.9999290704727173,0.4582270681858063,0.8535716533660889,-0.22276648879051208,0.9999449253082275,0.45543932914733887,0.8545664548873901,-0.22285196185112,0.9999274611473083,0.47533613443374634,0.8251201510429382,-0.24696055054664612,0.99991375207901,0.44423049688339233,0.8462783098220825,-0.25240111351013184,0.999916136264801,0.4638512134552002,0.8347698450088501,-0.1940789818763733,0.999783456325531,0.45477890968322754,0.84079509973526,-0.19586649537086487,0.9997936487197876,0.48843279480934143,0.7670825719833374,-0.19701245427131653,0.9996142983436584,0.39212313294410706,0.8119175434112549,-0.22430801391601562,0.9997756481170654,0.4990822672843933,0.745789110660553,-0.06871608644723892,0.9171947240829468,0.34238460659980774,0.7959824204444885,-0.12180813401937485,0.9629666805267334,0.5099203586578369,0.8023231625556946,0.04352758824825287,0.684501588344574,0.38276004791259766,0.8426030874252319,-0.03530037775635719,0.7727848291397095,0.523768961429596,0.8156704306602478,0.04433920979499817,0.7558690309524536,0.38318949937820435,0.8657453060150146,-0.040492475032806396,0.8100532293319702,0.5085824728012085,0.8230686783790588,0.03842988982796669,0.7221431732177734,0.3968815207481384,0.8560034036636353,-0.05341905355453491,0.7904237508773804,0.5005185008049011,0.8205810785293579,0.04516894742846489,0.6578668355941772,0.4004670977592468,0.8459393978118896,-0.03765144944190979,0.7310885190963745,0.42116618156433105,0.6680962443351746,0.012679174542427063,0.9998444318771362,0.3785855770111084,0.695690393447876,-0.012660329230129719,0.9998338222503662,0.41178789734840393,0.6467418074607849,0.3063693940639496,0.296346515417099,0.3643597960472107,0.6632502675056458,0.270280659198761,0.6306114196777344,0.3934522271156311,0.6230462193489075,0.5891578197479248,0.6483308672904968,0.348255455493927,0.6150996088981628,0.5367827415466309,0.9123592972755432,0.38759925961494446,0.6094935536384583,0.6242753863334656,0.7943846583366394,0.3465607762336731,0.6007553339004517,0.5690513849258423,0.955716609954834,0.40487760305404663,0.6438350081443787,0.653437614440918,0.16627879440784454,0.3455445468425751,0.6492259502410889,0.5832045078277588,0.3842240869998932
129,0.46276330947875977,0.8475318551063538,-0.1964430809020996,0.9999229311943054,0.46796083450317383,0.8480793833732605,-0.22146379947662354,0.9999080896377563,0.470783531665802,0.8454471230506897,-0.2214713990688324,0.9999199509620667,0.473757266998291,0.8425143957138062,-0.22150874137878418,0.9998948574066162,0.46082621812820435,0.8526451587677002,-0.2223183810710907,0.999930202960968,0.45825162529945374,0.8535814881324768,-0.22237348556518555,0.9999460577964783,0.45547038316726685,0.8545833826065063,-0.2224588692188263,0.9999285936355591,0.4753738343715668,0.8251383900642395,-0.2469511777162552,0.999915361404419,0.444304883480072,0.8463155031204224,-0.2522754669189453,0.9999174475669861,0.463880717754364,0.8347586989402771,-0.19375810027122498,0.9997851848602295,0.4548066258430481,0.8407900929450989,-0.19545938074588776,0.9997957944869995,0.4885551929473877,0.7671142220497131,-0.19705061614513397,0.9996156096458435,0.39216554164886475,0.8119707703590393,-0.22417600452899933,0.9997767806053162,0.49909234046936035,0.7457796335220337,-0.06863965094089508,0.9169672727584839,0.3424685299396515,0.7959586977958679,-0.12137576192617416,0.963485598564148,0.5099011659622192,0.8023158311843872,0.04397514462471008,0.6811554431915283,0.3827582001686096,0.842601478099823,-0.03453221544623375,0.77277672290802,0.5237565040588379,0.8157092332839966,0.04504966735839844,0.7531498670578003,0.38316065073013306,0.8657257556915283,-0.039512861520051956,0.8101662993431091,0.5085622072219849,0.8230677843093872,0.03925164416432381,0.7190550565719604,0.39688536524772644,0.8560369610786438,-0.051782868802547455,0.7904725670814514,0.5004724264144897,0.8205382823944092,0.04568776115775108,0.6544482707977295,0.4004638195037842,0.8459396958351135,-0.03657860681414604,0.7307004928588867,0.42117372155189514,0.6680737733840942,0.012666285037994385,0.9998447895050049,0.37860098481178284,0.695673942565918,-0.012645477429032326,0.9998342990875244,0.4117867946624756,0.6460095047950745,0.3065398633480072,0.29490697383880615,0.3643591105937958,0.6631479859352112,0.2704887390136719,0.6322234272956848,0.3934786915779114,0.622977614402771,0.5898118019104004,0.6465487480163574,0.3482758402824402,0.6148658394813538,0.5372020602226257,0.913479208946228,0.38764047622680664,0.6094287633895874,0.6250398755073547,0.7933658957481384,0.3465665578842163,0.6006151437759399,0.5695027709007263,0.9563896656036377,0.40507832169532776,0.6436541080474854,0.6544072031974792,0.16466793417930603,0.3453759551048279,0.6484939455986023,0.5836321115493774,0.38479989767074585
130,0.4628022313117981,0.8475137948989868,-0.19583435356616974,0.9999247789382935,0.4680229127407074,0.8480560183525085,-0.22090069949626923,0.9999096393585205,0.470848947763443,0.845423698425293,-0.22090837359428406,0.9999217391014099,0.4738348126411438,0.8424897789955139,-0.2209457904100418,0.999896764755249,0.4608660340309143,0.8526315689086914,-0.2215694934129715,0.999931275844574,0.4582899212837219,0.8535722494125366,-0.22162429988384247,0.9999470710754395,0.455507755279541,0.8545778393745422,-0.22170880436897278,0.9999296069145203,0.4754137098789215,0.8251368999481201,-0.2466726303100586,0.9999171495437622,0.44433289766311646,0.8463165760040283,-0.2512633502483368,0.9999186992645264,0.46392378211021423,0.8347457647323608,-0.19327805936336517,0.9997878074645996,0.45483532547950745,0.8407699465751648,-0.19477616250514984,0.9997982978820801,0.4885620176792145,0.7671157121658325,-0.19709832966327667,0.9996194243431091,0.39218801259994507,0.8119531869888306,-0.2229831963777542,0.9997773766517639,0.49910154938697815,0.7457209825515747,-0.06906114518642426,0.9178496599197388,0.342722624540329,0.795749306678772,-0.12007975578308105,0.9637929797172546,0.5099009275436401,0.8023081421852112,0.04415575787425041,0.6810418963432312,0.3827701807022095,0.842593252658844,-0.031705092638731,0.7713799476623535,0.5236571431159973,0.8157097101211548,0.045206665992736816,0.7527322769165039,0.38316091895103455,0.8658360242843628,-0.03646887093782425,0.8087929487228394,0.5085335373878479,0.8230588436126709,0.03939111530780792,0.7185359597206116,0.39687591791152954,0.8557081818580627,-0.04868895933032036,0.7889301776885986,0.5004736185073853,0.8205339312553406,0.04586409404873848,0.6537085175514221,0.4005327820777893,0.8458840847015381,-0.03374659642577171,0.7287452816963196,0.4211580157279968,0.6680479049682617,0.012534746900200844,0.9998450875282288,0.37865275144577026,0.695672333240509,-0.012507657520473003,0.9998340606689453,0.4117811620235443,0.6451699733734131,0.3059099018573761,0.2945588529109955,0.36437028646469116,0.663146436214447,0.2705034017562866,0.635338544845581,0.39362770318984985,0.6229140162467957,0.5887020826339722,0.6452077031135559,0.348279744386673,0.6148031949996948,0.5371439456939697,0.9147783517837524,0.38778287172317505,0.609371542930603,0.6238648891448975,0.7928333282470703,0.34652167558670044,0.6006653904914856,0.5694249868392944,0.9571910500526428,0.40526142716407776,0.6431209444999695,0.653070867061615,0.1636771261692047,0.345278799533844,0.6481678485870361,0.5835130214691162,0.3870185315608978
131,0.46301645040512085,0.8473169207572937,-0.1956392526626587,0.9999261498451233,0.4682791233062744,0.8479089140892029,-0.22082753479480743,0.9999105334281921,0.4711079001426697,0.845270037651062,-0.22083410620689392,0.9999229311943054,0.4741194248199463,0.842325747013092,-0.22087058424949646,0.9998978972434998,0.46101751923561096,0.8525535464286804,-0.22143051028251648,0.9999318718910217,0.4584108889102936,0.8535211086273193,-0.22148528695106506,0.999947726726532,0.45559296011924744,0.8545533418655396,-0.2215697467327118,0.999930202960968,0.47551947832107544,0.825126588344574,-0.24706213176250458,0.9999181032180786,0.4443896412849426,0.8463395833969116,-0.25122079253196716,0.9999192357063293,0.46406444907188416,0.8345480561256409,-0.19319741427898407,0.9997886419296265,0.45492011308670044,0.8406032919883728,-0.19461385905742645,0.9997996091842651,0.4885614514350891,0.7669721841812134,-0.19855594635009766,0.9996213912963867,0.3922458589076996,0.8119756579399109,-0.22288164496421814,0.9997786283493042,0.499105840921402,0.7456998229026794,-0.07154379785060883,0.9187060594558716,0.34276703000068665,0.7957471609115601,-0.11957678943872452,0.9643927216529846,0.5099003314971924,0.8021836876869202,0.04285235330462456,0.680551290512085,0.38280951976776123,0.8423817753791809,-0.030608799308538437,0.7708160877227783,0.523383378982544,0.8155812621116638,0.043943341821432114,0.7520372271537781,0.38338586688041687,0.8656399250030518,-0.035132478922605515,0.8079749345779419,0.5085311532020569,0.8229682445526123,0.03813818842172623,0.7178109288215637,0.39713233709335327,0.8555073142051697,-0.04720096290111542,0.7880794405937195,0.5004777312278748,0.8204711079597473,0.04460565000772476,0.6528464555740356,0.40089330077171326,0.8453690409660339,-0.032556988298892975,0.7276217341423035,0.42115768790245056,0.6680467128753662,0.012330415658652782,0.9998438358306885,0.378705769777298,0.6956709027290344,-0.012300336733460426,0.9998326301574707,0.4117892384529114,0.6445544362068176,0.30557504296302795,0.2946893870830536,0.3643892705440521,0.6631012558937073,0.2696566879749298,0.6373414397239685,0.39405885338783264,0.6229190826416016,0.5880627036094666,0.6436912417411804,0.34829774498939514,0.6147550344467163,0.5350476503372192,0.9152008295059204,0.38826456665992737,0.6093958616256714,0.6232073903083801,0.7915135622024536,0.34652188420295715,0.600681722164154,0.5672352910041809,0.9575117230415344,0.40551167726516724,0.6429527401924133,0.6528197526931763,0.16301371157169342,0.3452391028404236,0.648149847984314,0.5819087624549866,0.38788390159606934
132,0.46317559480667114,0.8472092151641846,-0.1948610246181488,0.999927282333374,0.46843424439430237,0.8477885723114014,-0.22037479281425476,0.9999113082885742,0.4712701439857483,0.8451412916183472,-0.2203788310289383,0.9999239444732666,0.4743030071258545,0.8421900272369385,-0.22041435539722443,0.9998988509178162,0.4611181318759918,0.8524917960166931,-0.2207280397415161,0.9999323487281799,0.45850157737731934,0.8534842133522034,-0.2207823097705841,0.999948263168335,0.45567408204078674,0.8545379638671875,-0.22086623311042786,0.9999306201934814,0.4756084084510803,0.8250707387924194,-0.24704892933368683,0.9999189972877502,0.44445282220840454,0.846366286277771,-0.2507059574127197,0.9999197125434875,0.46419015526771545,0.8344500660896301,-0.19276025891304016,0.9997897148132324,0.45500364899635315,0.8405418992042542,-0.19385595619678497,0.9998012185096741,0.48854827880859375,0.7669387459754944,-0.19896824657917023,0.999624490737915,0.39241111278533936,0.8121321201324463,-0.2220328152179718,0.9997802376747131,0.49910515546798706,0.745682418346405,-0.07191801071166992,0.9195104837417603,0.34292668104171753,0.7952597141265869,-0.1178620308637619,0.964850902557373,0.5098611116409302,0.8021650314331055,0.0430745854973793,0.6807398200035095,0.382968008518219,0.8419762253761292,-0.028503064066171646,0.7696875929832458,0.5232060551643372,0.8155788779258728,0.044130321592092514,0.7520557641983032,0.38359296321868896,0.8653535842895508,-0.032791223376989365,0.8066991567611694,0.5084851980209351,0.8229667544364929,0.038310226052999496,0.7178668975830078,0.39742621779441833,0.8552266359329224,-0.04499616473913193,0.7867521047592163,0.5004607439041138,0.8204692602157593,0.044810567051172256,0.6528396606445312,0.40133899450302124,0.8448411822319031,-0.030475586652755737,0.7261013984680176,0.42114290595054626,0.6680402159690857,0.012091894634068012,0.9998432993888855,0.3787131905555725,0.6956529021263123,-0.012060132808983326,0.9998319149017334,0.41179704666137695,0.6442096829414368,0.30501991510391235,0.2973034977912903,0.36439281702041626,0.6630469560623169,0.2688983976840973,0.6406126618385315,0.3943248987197876,0.6229227781295776,0.5874872207641602,0.6441941857337952,0.34830522537231445,0.6146963238716125,0.5338406562805176,0.9158031940460205,0.3885471224784851,0.6094083786010742,0.6226601004600525,0.7916927337646484,0.34643617272377014,0.6007062196731567,0.5660449266433716,0.9579164981842041,0.40575146675109863,0.6428648829460144,0.6526818871498108,0.16300025582313538,0.34519270062446594,0.648155927658081,0.5811458826065063,0.38893383741378784
133,0.4632095694541931,0.8471717834472656,-0.19478407502174377,0.9999281764030457,0.46845635771751404,0.8477759957313538,-0.2203049212694168,0.9999114871025085,0.4712880253791809,0.8451337814331055,-0.22030894458293915,0.9999244213104248,0.4743165075778961,0.842187225818634,-0.22034423053264618,0.99989914894104,0.4611462950706482,0.8524845838546753,-0.2206723988056183,0.999932587146759,0.4585374891757965,0.8534823656082153,-0.22072665393352509,0.9999485611915588,0.4557134509086609,0.8545374274253845,-0.2208106517791748,0.9999307990074158,0.475619375705719,0.8250911235809326,-0.2470380961894989,0.9999191761016846,0.4445101320743561,0.846419632434845,-0.25070053339004517,0.9999196529388428,0.46421295404434204,0.8344239592552185,-0.1926814168691635,0.999789297580719,0.45503726601600647,0.8405221700668335,-0.19379542768001556,0.9998014569282532,0.48853984475135803,0.7669875621795654,-0.19892987608909607,0.9996269345283508,0.3927057087421417,0.8122972846031189,-0.22194841504096985,0.999782383441925,0.49914413690567017,0.7456797361373901,-0.07180894911289215,0.9196645617485046,0.3430747985839844,0.7950900793075562,-0.11770884692668915,0.9653472900390625,0.5098376274108887,0.8021184802055359,0.04453083872795105,0.6800676584243774,0.3830168843269348,0.8415276408195496,-0.02849600277841091,0.7700439691543579,0.5230258703231812,0.8155416250228882,0.04570184275507927,0.7514193654060364,0.3836955726146698,0.8648354411125183,-0.03291422873735428,0.8066609501838684,0.5084755420684814,0.8228639364242554,0.03975360840559006,0.7171977162361145,0.3975706696510315,0.8549428582191467,-0.04527938365936279,0.7867690324783325,0.5004595518112183,0.8203644156455994,0.046257562935352325,0.6521542072296143,0.40150976181030273,0.8444196581840515,-0.03053947351872921,0.7260410785675049,0.42114272713661194,0.6681154370307922,0.012090478092432022,0.9998436570167542,0.3787631392478943,0.6956510543823242,-0.012058807536959648,0.9998327493667603,0.41183000802993774,0.6441997289657593,0.30505478382110596,0.3005448579788208,0.36441919207572937,0.6628091335296631,0.26807302236557007,0.6449781060218811,0.3952091336250305,0.6229482293128967,0.587969958782196,0.6451228260993958,0.34831076860427856,0.6144738793373108,0.5330775380134583,0.9169322848320007,0.3895779550075531,0.6094679236412048,0.6232443451881409,0.7922829389572144,0.34640824794769287,0.6006921529769897,0.5652952790260315,0.9584980607032776,0.4059498906135559,0.6427767276763916,0.6533874273300171,0.1632862687110901,0.3448948264122009,0.647944986820221,0.5799275040626526,0.39170026779174805
134,0.4632128179073334,0.8471665978431702,-0.1939954310655594,0.9999299049377441,0.4684506952762604,0.8477821350097656,-0.21978607773780823,0.9999127984046936,0.47127825021743774,0.8451472520828247,-0.2197888195514679,0.9999257922172546,0.4743017554283142,0.8422134518623352,-0.2198207825422287,0.9999006390571594,0.46114644408226013,0.8524914383888245,-0.21997661888599396,0.9999335408210754,0.4585379958152771,0.8534936904907227,-0.22002923488616943,0.9999493956565857,0.45571547746658325,0.8545535206794739,-0.22011232376098633,0.9999316930770874,0.4755997061729431,0.8251741528511047,-0.24703243374824524,0.9999203085899353,0.4445272982120514,0.8464508056640625,-0.25013652443885803,0.9999204874038696,0.46421748399734497,0.834419310092926,-0.19212046265602112,0.9997920393943787,0.4550521969795227,0.8405181765556335,-0.1930181086063385,0.9998041391372681,0.48849278688430786,0.7669989466667175,-0.19906967878341675,0.9996312856674194,0.39285963773727417,0.8123267889022827,-0.22091512382030487,0.9997851252555847,0.49911075830459595,0.745673418045044,-0.07159696519374847,0.9207755327224731,0.3433128893375397,0.7949041128158569,-0.11575285345315933,0.9658293128013611,0.5097907781600952,0.8020671606063843,0.04556289687752724,0.6829246282577515,0.38316112756729126,0.8413574695587158,-0.025628486648201942,0.7713004350662231,0.5227187275886536,0.8154633045196533,0.046912938356399536,0.7534541487693787,0.3839842975139618,0.8646811246871948,-0.02975596860051155,0.8074254989624023,0.5084681510925293,0.8227119445800781,0.0409536249935627,0.7193842530250549,0.397847443819046,0.8548681735992432,-0.042513176798820496,0.7876141667366028,0.5004611015319824,0.8202244639396667,0.04733459651470184,0.6545607447624207,0.4017658233642578,0.8442233204841614,-0.027806216850876808,0.7270353436470032,0.4210245609283447,0.6680600643157959,0.011827866546809673,0.9998432993888855,0.3787772059440613,0.6954120397567749,-0.011793624609708786,0.9998324513435364,0.4118313789367676,0.6441319584846497,0.30506277084350586,0.30388039350509644,0.3643956780433655,0.6620126962661743,0.26810336112976074,0.649995744228363,0.3957504630088806,0.6230727434158325,0.5879760980606079,0.6462157368659973,0.34831613302230835,0.6139144897460938,0.5332590937614441,0.9183287620544434,0.39022594690322876,0.6096768975257874,0.6232571005821228,0.7933226227760315,0.34636610746383667,0.6005379557609558,0.5654820203781128,0.9592548608779907,0.40602535009384155,0.6424564123153687,0.6533937454223633,0.16409561038017273,0.3447038531303406,0.6471672058105469,0.5801603198051453,0.39597588777542114
135,0.46322566270828247,0.8470982909202576,-0.19350920617580414,0.9999305605888367,0.4684543013572693,0.8477427363395691,-0.21939590573310852,0.9999127984046936,0.47127994894981384,0.8451177477836609,-0.21939769387245178,0.9999260306358337,0.47430235147476196,0.8421939015388489,-0.21942774951457977,0.9999006390571594,0.4611530900001526,0.8524473905563354,-0.21948957443237305,0.9999335408210754,0.4585467278957367,0.8534528613090515,-0.21954242885112762,0.9999495148658752,0.4557259678840637,0.854518473148346,-0.2196265012025833,0.9999316334724426,0.4755958616733551,0.8251736164093018,-0.24701187014579773,0.9999203085899353,0.4445551335811615,0.8464425206184387,-0.24969427287578583,0.9999202489852905,0.46422848105430603,0.8343624472618103,-0.19177980720996857,0.999792218208313,0.45508208870887756,0.8404439091682434,-0.19255827367305756,0.9998044371604919,0.4884922504425049,0.7670000195503235,-0.19907011091709137,0.9996328949928284,0.39304816722869873,0.8123781681060791,-0.22046789526939392,0.9997867345809937,0.4990369379520416,0.7456709146499634,-0.07114176452159882,0.921129584312439,0.34354472160339355,0.7946499586105347,-0.11491217464208603,0.9660331606864929,0.5097293853759766,0.8019129633903503,0.04738939553499222,0.6844059228897095,0.38344424962997437,0.8405187726020813,-0.024354014545679092,0.7710954546928406,0.5226544141769409,0.8153734803199768,0.04887455329298973,0.7546555399894714,0.38416025042533875,0.8638331294059753,-0.028449004516005516,0.8069645166397095,0.5084649324417114,0.8223426938056946,0.04288677126169205,0.7207229137420654,0.3984556198120117,0.85414057970047,-0.041425663977861404,0.787165641784668,0.5004531145095825,0.8198104500770569,0.049174074083566666,0.6559383273124695,0.4021146297454834,0.8435355424880981,-0.026623984798789024,0.7266402840614319,0.42097043991088867,0.6680463552474976,0.011798776686191559,0.9998419880867004,0.3787919282913208,0.6953162550926208,-0.011764842085540295,0.9998311996459961,0.4118356704711914,0.6440907716751099,0.3050030469894409,0.30754122138023376,0.3643518090248108,0.6615613698959351,0.2677925229072571,0.6545719504356384,0.3959880471229553,0.6231977343559265,0.5878824591636658,0.6476835012435913,0.3482862114906311,0.61384516954422,0.5329605937004089,0.9194046854972839,0.3905065655708313,0.6098703145980835,0.6231605410575867,0.7946336269378662,0.34631627798080444,0.600529670715332,0.5652227401733398,0.9598910212516785,0.40603700280189514,0.6422781348228455,0.653188943862915,0.16476868093013763,0.3442612886428833,0.6469964385032654,0.5796442627906799,0.3988744616508484
136,0.46306943893432617,0.8467115163803101,-0.18251173198223114,0.9999294281005859,0.4683496356010437,0.8474538922309875,-0.20877937972545624,0.9999112486839294,0.47117528319358826,0.8447907567024231,-0.2087828814983368,0.9999249577522278,0.4741821885108948,0.8418214321136475,-0.20881657302379608,0.9998988509178162,0.46107515692710876,0.8521748781204224,-0.20866131782531738,0.9999318718910217,0.458477646112442,0.8531625866889954,-0.2087080180644989,0.9999482035636902,0.45567184686660767,0.854205846786499,-0.20879104733467102,0.9999294877052307,0.47546249628067017,0.8248827457427979,-0.23968009650707245,0.9999196529388428,0.4445559084415436,0.8462810516357422,-0.24086609482765198,0.9999183416366577,0.46413668990135193,0.8338660001754761,-0.1818556785583496,0.9997912049293518,0.4550221860408783,0.8400217294692993,-0.18235710263252258,0.9998029470443726,0.4884587228298187,0.7670010328292847,-0.19396629929542542,0.9996418952941895,0.3930757939815521,0.8124735951423645,-0.21346315741539001,0.9997900724411011,0.4990926682949066,0.7456720471382141,-0.06753719598054886,0.919779360294342,0.3436817526817322,0.7948253154754639,-0.10756172239780426,0.9657472968101501,0.5092832446098328,0.801959753036499,0.048247627913951874,0.6849331259727478,0.3834235966205597,0.8404584527015686,-0.018611658364534378,0.7707711458206177,0.5225270390510559,0.815531313419342,0.04915548115968704,0.755891740322113,0.38387155532836914,0.8638178110122681,-0.023314230144023895,0.8071165680885315,0.5081815123558044,0.822342574596405,0.043402619659900665,0.7219948768615723,0.39830735325813293,0.8541727066040039,-0.0366424098610878,0.7873056530952454,0.5000182390213013,0.8197815418243408,0.050061434507369995,0.6567991971969604,0.40192967653274536,0.8435499668121338,-0.02111002430319786,0.7267633080482483,0.4211302399635315,0.6682561039924622,0.011562108062207699,0.9998453259468079,0.3788634240627289,0.6953535079956055,-0.011530700139701366,0.9998334646224976,0.4121452867984772,0.6442357897758484,0.30389338731765747,0.31391265988349915,0.3645098805427551,0.6615665555000305,0.26786720752716064,0.656378984451294,0.39723262190818787,0.6239871382713318,0.5860370397567749,0.6518348455429077,0.3483244776725769,0.6134966015815735,0.5348084568977356,0.9198856949806213,0.3918401598930359,0.6108095645904541,0.6212716698646545,0.798352837562561,0.3464745581150055,0.6000792980194092,0.5674485564231873,0.9603094458580017,0.40622052550315857,0.6422865986824036,0.6506063342094421,0.16597364842891693,0.34435778856277466,0.6461007595062256,0.5814327597618103,0.39835599064826965
137,0.46303439140319824,0.8464173078536987,-0.1828625500202179,0.9999295473098755,0.468315988779068,0.8473081588745117,-0.20913562178611755,0.9999110698699951,0.471134752035141,0.8446468114852905,-0.20913834869861603,0.9999250769615173,0.47412824630737305,0.8416789770126343,-0.2091713845729828,0.9998985528945923,0.46105775237083435,0.8520307540893555,-0.2090018093585968,0.9999313354492188,0.4584660530090332,0.8530229330062866,-0.2090483158826828,0.9999478459358215,0.4556615948677063,0.8540834188461304,-0.2091294229030609,0.9999286532402039,0.4753892421722412,0.8247514963150024,-0.23988179862499237,0.9999200105667114,0.4445585608482361,0.846270740032196,-0.24084210395812988,0.9999178647994995,0.46409153938293457,0.8335466384887695,-0.18204714357852936,0.9997923374176025,0.45501336455345154,0.8397226929664612,-0.18252190947532654,0.9998037219047546,0.4884480834007263,0.7670113444328308,-0.1939544379711151,0.9996495842933655,0.3930758833885193,0.8124935626983643,-0.21323752403259277,0.9997937083244324,0.4991031289100647,0.7456708550453186,-0.06745117157697678,0.9191715121269226,0.3436647057533264,0.7947482466697693,-0.10743425041437149,0.9656531810760498,0.5091084837913513,0.8019759058952332,0.04822247475385666,0.6870779991149902,0.3833754360675812,0.8400581479072571,-0.01872101053595543,0.770921528339386,0.522501528263092,0.8155515789985657,0.04909372329711914,0.7582340836524963,0.3835512101650238,0.86359041929245,-0.023389246314764023,0.8075875043869019,0.508104681968689,0.8223305344581604,0.043368496000766754,0.7244237661361694,0.3982023000717163,0.8541219830513,-0.03662838041782379,0.7877459526062012,0.49993816018104553,0.8197678327560425,0.05005071684718132,0.6590384244918823,0.4018285274505615,0.8434791564941406,-0.02116420492529869,0.7272812724113464,0.4211437702178955,0.668272852897644,0.011445779353380203,0.9998477697372437,0.37886881828308105,0.6953663229942322,-0.011414417065680027,0.9998359680175781,0.4122040867805481,0.6442323923110962,0.30392923951148987,0.3205135464668274,0.36447739601135254,0.6609199047088623,0.2678261399269104,0.6612041592597961,0.39774709939956665,0.6245661973953247,0.5861302614212036,0.6559446454048157,0.3483392000198364,0.6129069924354553,0.5348351001739502,0.9211394190788269,0.3923541307449341,0.6115053296089172,0.6214119791984558,0.8020230531692505,0.34654074907302856,0.5994469523429871,0.5674530267715454,0.9610750079154968,0.40642279386520386,0.642304003238678,0.6507717967033386,0.16711831092834473,0.34443551301956177,0.6450703740119934,0.581450343132019,0.40020501613616943
138,0.4630330502986908,0.8463228940963745,-0.18205717206001282,0.9999307990074158,0.4683155417442322,0.8472395539283752,-0.20857319235801697,0.9999125599861145,0.4711330533027649,0.8445650339126587,-0.20857498049736023,0.9999265074729919,0.474124014377594,0.8415762782096863,-0.20860609412193298,0.999900221824646,0.4610646665096283,0.8519871234893799,-0.208343505859375,0.9999321699142456,0.45847901701927185,0.8529835939407349,-0.20839150249958038,0.9999485015869141,0.45568037033081055,0.8540492653846741,-0.20847299695014954,0.9999293088912964,0.4753873944282532,0.824713945388794,-0.24000725150108337,0.9999217391014099,0.4445999264717102,0.8462597131729126,-0.24061350524425507,0.999919056892395,0.46408262848854065,0.8334201574325562,-0.18151640892028809,0.9997966289520264,0.4550137519836426,0.8396381139755249,-0.18187692761421204,0.9998074769973755,0.48843449354171753,0.7670108079910278,-0.19403094053268433,0.9996575117111206,0.39327701926231384,0.812675416469574,-0.21285967528820038,0.9997974634170532,0.4991062581539154,0.7457058429718018,-0.06743419170379639,0.9191915988922119,0.3441944420337677,0.7947215437889099,-0.10617728531360626,0.9657430052757263,0.5090602040290833,0.8019830584526062,0.04828967526555061,0.6912684440612793,0.3834906816482544,0.840087890625,-0.01598687283694744,0.7720063924789429,0.5224663019180298,0.8155534267425537,0.049179237335920334,0.7621268033981323,0.38369980454444885,0.8635921478271484,-0.02002355083823204,0.8087331056594849,0.5080726742744446,0.8223342299461365,0.04354371130466461,0.7286087870597839,0.39819639921188354,0.8543631434440613,-0.03341209143400192,0.7889333963394165,0.4999154508113861,0.8197738528251648,0.05014626309275627,0.6633409261703491,0.40182462334632874,0.8435753583908081,-0.018409840762615204,0.7287320494651794,0.4211183488368988,0.6681538224220276,0.01101004146039486,0.9998496174812317,0.37886887788772583,0.6953124403953552,-0.010978201404213905,0.9998373985290527,0.41219836473464966,0.649441659450531,0.30253341794013977,0.32541555166244507,0.3644633889198303,0.6605669856071472,0.2678578495979309,0.6650083661079407,0.3976696729660034,0.6247225403785706,0.5826668739318848,0.6598300337791443,0.34834226965904236,0.6126384139060974,0.5342543721199036,0.9222645163536072,0.3922692835330963,0.6117088794708252,0.6175888776779175,0.8055108785629272,0.34654074907302856,0.5992016196250916,0.5667275786399841,0.9617987275123596,0.40640100836753845,0.6421441435813904,0.6467064023017883,0.16890017688274384,0.34437742829322815,0.6445440649986267,0.5807278752326965,0.4024445712566376
139,0.4630576968193054,0.8458378314971924,-0.1807776391506195,0.9999317526817322,0.46833425760269165,0.8468477129936218,-0.20744958519935608,0.99991375207901,0.4711524546146393,0.8441243767738342,-0.20745079219341278,0.9999276399612427,0.47414708137512207,0.8410903811454773,-0.20748145878314972,0.9999014735221863,0.46107396483421326,0.8517201542854309,-0.20703931152820587,0.9999328255653381,0.4584851861000061,0.8527467250823975,-0.2070879191160202,0.999949038028717,0.45568427443504333,0.8538442254066467,-0.20717057585716248,0.9999297857284546,0.4753819406032562,0.8242460489273071,-0.23968732357025146,0.9999232292175293,0.4446021616458893,0.8461838960647583,-0.23947405815124512,0.999920129776001,0.4640939235687256,0.8329334259033203,-0.18056772649288177,0.9998005032539368,0.45503076910972595,0.8392321467399597,-0.18069438636302948,0.9998108744621277,0.4884087145328522,0.7669075727462769,-0.19401831924915314,0.999665379524231,0.3933050334453583,0.8126908540725708,-0.21219785511493683,0.9998019933700562,0.4991467595100403,0.7457771301269531,-0.067313551902771,0.9192951321601868,0.34428665041923523,0.7946310043334961,-0.10430717468261719,0.9658032655715942,0.5089715719223022,0.8020115494728088,0.049415186047554016,0.6939500570297241,0.3836524784564972,0.8398439288139343,-0.012104111723601818,0.7723557353019714,0.5221347212791443,0.8155810236930847,0.05042508989572525,0.7646182179450989,0.38388359546661377,0.863368034362793,-0.01570120081305504,0.8089662194252014,0.5079324245452881,0.8223451972007751,0.04497614502906799,0.7313193678855896,0.39845409989356995,0.854295015335083,-0.029203349724411964,0.7891845107078552,0.4998232424259186,0.8197837471961975,0.05135143920779228,0.6659784317016602,0.4019290804862976,0.8435137271881104,-0.01451147347688675,0.7291996479034424,0.4211171567440033,0.6680243611335754,0.010717824101448059,0.9998520612716675,0.37886521220207214,0.6952722072601318,-0.010687412694096565,0.9998394846916199,0.4123809337615967,0.6515434384346008,0.30176594853401184,0.3326605558395386,0.3644619584083557,0.6608789563179016,0.2678471803665161,0.6697659492492676,0.3977363407611847,0.6249139904975891,0.5809557437896729,0.6647495627403259,0.34832996129989624,0.6125633120536804,0.5337820053100586,0.9233207702636719,0.39225706458091736,0.6119487285614014,0.6157745122909546,0.8094701766967773,0.34653550386428833,0.599049985408783,0.5661924481391907,0.9624658823013306,0.4064106047153473,0.64211106300354,0.6452335119247437,0.1711433082818985,0.34432393312454224,0.6442997455596924,0.5803830623626709,0.4048461616039276
140,0.4630821645259857,0.8457678556442261,-0.18163731694221497,0.9999340772628784,0.4683404862880707,0.8468105792999268,-0.20756597816944122,0.9999163746833801,0.4711538255214691,0.844085693359375,-0.20757350325584412,0.9999299645423889,0.47414669394493103,0.8410521745681763,-0.20761191844940186,0.9999043941497803,0.4610927999019623,0.8517037630081177,-0.20783483982086182,0.999934732913971,0.4585084915161133,0.8527376651763916,-0.20788340270519257,0.9999505281448364,0.4557109773159027,0.8538415431976318,-0.207967609167099,0.9999316930770874,0.4753693640232086,0.8242399096488953,-0.2416795790195465,0.9999257326126099,0.4446185231208801,0.846190869808197,-0.2400515079498291,0.9999225735664368,0.4640975892543793,0.8328421115875244,-0.18062469363212585,0.999806821346283,0.4550563395023346,0.8391686677932739,-0.18149861693382263,0.9998167157173157,0.4883640706539154,0.7667997479438782,-0.1959351897239685,0.9996722340583801,0.3934341073036194,0.8129085302352905,-0.2128438651561737,0.9998072385787964,0.49907955527305603,0.745753824710846,-0.06894774734973907,0.9201306104660034,0.34465286135673523,0.7945554852485657,-0.10483267158269882,0.9659186601638794,0.5089424848556519,0.8020814061164856,0.04900845140218735,0.6990728378295898,0.3840353190898895,0.8398483991622925,-0.012787672691047192,0.7739650011062622,0.5221324563026428,0.8155847787857056,0.050248779356479645,0.7689589262008667,0.38426098227500916,0.8633797764778137,-0.016216935589909554,0.8104668855667114,0.507941484451294,0.8223463892936707,0.044952742755413055,0.735985517501831,0.39880356192588806,0.854393720626831,-0.029927745461463928,0.7907522916793823,0.499866783618927,0.8197898864746094,0.05107764154672623,0.6709761619567871,0.4021921753883362,0.8435934782028198,-0.015271005220711231,0.7312037348747253,0.42094650864601135,0.6677303314208984,0.010243052616715431,0.9998533725738525,0.37885499000549316,0.695232629776001,-0.010211288928985596,0.9998413920402527,0.4123740792274475,0.6518062949180603,0.3015221953392029,0.335122674703598,0.3643949627876282,0.6609017848968506,0.26790666580200195,0.6736374497413635,0.3976549208164215,0.6252451539039612,0.579677164554596,0.6678498983383179,0.34830838441848755,0.612538754940033,0.5327845811843872,0.9246156811714172,0.39203888177871704,0.6123235821723938,0.6143038272857666,0.8126805424690247,0.34651002287864685,0.599042534828186,0.5649339556694031,0.9633038640022278,0.406398206949234,0.6420155763626099,0.6439009308815002,0.1727413684129715,0.34431663155555725,0.6443235278129578,0.5794095396995544,0.4079400897026062
141,0.4631281793117523,0.8457956910133362,-0.18233518302440643,0.999935507774353,0.46837058663368225,0.846857488155365,-0.20851817727088928,0.9999181628227234,0.4711779057979584,0.8441340923309326,-0.20852330327033997,0.9999314546585083,0.4741651117801666,0.8411023616790771,-0.20855815708637238,0.9999063014984131,0.4611475467681885,0.8517425060272217,-0.2085748016834259,0.9999359846115112,0.45858606696128845,0.8527714610099792,-0.20862403512001038,0.9999514222145081,0.4558185636997223,0.8538692593574524,-0.20870785415172577,0.9999328851699829,0.47537198662757874,0.8243104219436646,-0.24175186455249786,0.9999274015426636,0.44488948583602905,0.8463073968887329,-0.24066674709320068,0.9999240636825562,0.46412310004234314,0.8328832983970642,-0.18146613240242004,0.9998111724853516,0.45509013533592224,0.839207112789154,-0.18212446570396423,0.9998205900192261,0.48833388090133667,0.7667553424835205,-0.19586984813213348,0.9996736645698547,0.39352256059646606,0.81301349401474,-0.21300049126148224,0.999808669090271,0.4988993704319,0.7457162141799927,-0.06883517652750015,0.9203471541404724,0.34464606642723083,0.7946234941482544,-0.10478261858224869,0.9658678770065308,0.5089024901390076,0.8020738959312439,0.04945335537195206,0.701464056968689,0.38402700424194336,0.840349018573761,-0.013408233411610126,0.7756179571151733,0.5220690369606018,0.8154801726341248,0.05092098191380501,0.7711800336837769,0.3842613101005554,0.8636903166770935,-0.01693335734307766,0.8123098015785217,0.5079414248466492,0.8222828507423401,0.04575970396399498,0.7383705377578735,0.3986123502254486,0.8548442125320435,-0.030705858021974564,0.7927998304367065,0.49987784028053284,0.8197433352470398,0.05159309506416321,0.67356938123703,0.4021484851837158,0.8438819646835327,-0.015952499583363533,0.7336177825927734,0.42074719071388245,0.6674162149429321,0.009926878847181797,0.99985271692276,0.37883231043815613,0.6950949430465698,-0.009891582652926445,0.9998401403427124,0.41212543845176697,0.6520588994026184,0.30091607570648193,0.3344069719314575,0.3643590807914734,0.6609002947807312,0.2679332196712494,0.671776533126831,0.3974369168281555,0.625365138053894,0.5779504179954529,0.6682519316673279,0.3483162820339203,0.6124427318572998,0.5326648354530334,0.9245568513870239,0.3917965590953827,0.6124635338783264,0.6123747229576111,0.8138083815574646,0.3465138077735901,0.5989948511123657,0.5647608637809753,0.9634663462638855,0.4063974916934967,0.6420022249221802,0.641718864440918,0.17357081174850464,0.34444957971572876,0.6437273621559143,0.5792816877365112,0.40832406282424927
142,0.4631273150444031,0.8458098769187927,-0.18146559596061707,0.9999358057975769,0.4683700203895569,0.8468953967094421,-0.20783331990242004,0.9999182224273682,0.4711760878562927,0.8441827893257141,-0.20783714950084686,0.9999315738677979,0.47416120767593384,0.8411625027656555,-0.2078690528869629,0.9999063611030579,0.46115031838417053,0.8517504334449768,-0.2076874077320099,0.9999358654022217,0.4585943818092346,0.8527726531028748,-0.20773479342460632,0.9999512434005737,0.4558343291282654,0.8538682460784912,-0.20781762897968292,0.9999325275421143,0.47536683082580566,0.8243983387947083,-0.240360826253891,0.9999275207519531,0.4449937343597412,0.8462651968002319,-0.23983149230480194,0.999923586845398,0.46411943435668945,0.8328853845596313,-0.1808042675256729,0.9998120069503784,0.4550902247428894,0.839208722114563,-0.18125231564044952,0.9998210668563843,0.4882592558860779,0.766791582107544,-0.19516988098621368,0.9996772408485413,0.393685519695282,0.8130242228507996,-0.21176838874816895,0.9998109340667725,0.4989026188850403,0.7456448674201965,-0.06848617643117905,0.9194633960723877,0.34464043378829956,0.7947118282318115,-0.10421310365200043,0.9659674763679504,0.5088889002799988,0.8020210266113281,0.04938441887497902,0.702004611492157,0.38400185108184814,0.8403447270393372,-0.014164872467517853,0.7780517339706421,0.5220209360122681,0.8154734373092651,0.050890207290649414,0.7723146080970764,0.3842765688896179,0.8635765314102173,-0.018003789708018303,0.8147837519645691,0.5079180002212524,0.8222216367721558,0.045609474182128906,0.7395817041397095,0.39854007959365845,0.8548359274864197,-0.03165803104639053,0.7955214977264404,0.49985963106155396,0.8196494579315186,0.05153067037463188,0.6748813986778259,0.4020528197288513,0.8438800573348999,-0.0167110376060009,0.736706554889679,0.42070484161376953,0.667245626449585,0.009753788821399212,0.9998528361320496,0.3788323998451233,0.694955050945282,-0.00972145888954401,0.999840259552002,0.41217702627182007,0.6521967053413391,0.30099958181381226,0.33401060104370117,0.364297091960907,0.6607102155685425,0.26840314269065857,0.6707141995429993,0.39755135774612427,0.6256448030471802,0.5787938237190247,0.6671510338783264,0.34833016991615295,0.6120611429214478,0.534177303314209,0.9244680404663086,0.39195796847343445,0.6128057837486267,0.6133745908737183,0.8141367435455322,0.34652620553970337,0.598757803440094,0.5664821863174438,0.9635379314422607,0.4064926207065582,0.6420673131942749,0.6428312063217163,0.17341111600399017,0.3445647358894348,0.6426112055778503,0.5814667344093323,0.40808093547821045
143,0.463127464056015,0.8458099961280823,-0.18258465826511383,0.9999373555183411,0.46835947036743164,0.846895158290863,-0.20923063158988953,0.9999198317527771,0.4711543917655945,0.8441830277442932,-0.209232896566391,0.9999330043792725,0.47412270307540894,0.8411634564399719,-0.20926134288311005,0.9999082088470459,0.46115097403526306,0.85174959897995,-0.20913951098918915,0.999937117099762,0.45859575271606445,0.8527715802192688,-0.20918652415275574,0.9999521970748901,0.4558396339416504,0.8538669943809509,-0.2092665731906891,0.9999337792396545,0.475308358669281,0.8244207501411438,-0.24156586825847626,0.9999288320541382,0.4450449049472809,0.8462658524513245,-0.2417447566986084,0.9999248385429382,0.464116632938385,0.8328803777694702,-0.18190208077430725,0.9998154044151306,0.4550912380218506,0.8392093777656555,-0.18242838978767395,0.9998244643211365,0.48817363381385803,0.7665557265281677,-0.19603952765464783,0.9996804594993591,0.39375418424606323,0.8130944967269897,-0.21297362446784973,0.999813973903656,0.4989023804664612,0.7455317974090576,-0.06876719743013382,0.9194350242614746,0.3445696532726288,0.7948945164680481,-0.1061973124742508,0.9665185809135437,0.5088974237442017,0.8019587993621826,0.048234034329652786,0.7038962841033936,0.38396742939949036,0.8403699398040771,-0.020028164610266685,0.7823994755744934,0.5220130681991577,0.8154009580612183,0.04917695373296738,0.7743227481842041,0.3842633366584778,0.8636199235916138,-0.025005782023072243,0.8186642527580261,0.5079288482666016,0.8221305012702942,0.04334794357419014,0.7416883707046509,0.39850059151649475,0.8548405170440674,-0.03890121728181839,0.799712061882019,0.49991512298583984,0.8195779323577881,0.05010120943188667,0.6773706674575806,0.4019230902194977,0.8438831567764282,-0.02280673012137413,0.7414743900299072,0.420590341091156,0.6670903563499451,0.009658992290496826,0.9998534321784973,0.3788071572780609,0.6949175000190735,-0.00962576363235712,0.9998413324356079,0.41200727224349976,0.6521469950675964,0.3019873797893524,0.3322288691997528,0.36425095796585083,0.6606757640838623,0.26982229948043823,0.6695153117179871,0.3975093364715576,0.6256989240646362,0.5815252065658569,0.6668089628219604,0.3483269214630127,0.6118956208229065,0.5367609858512878,0.924658477306366,0.3919436037540436,0.6128610372543335,0.6162577867507935,0.8145289421081543,0.34651440382003784,0.5986944437026978,0.5691899061203003,0.9637047648429871,0.4064749777317047,0.6420683264732361,0.6454892158508301,0.17373187839984894,0.344584196805954,0.6426279544830322,0.5839388966560364,0.40841495990753174
144,0.4632408618927002,0.8455479741096497,-0.18777184188365936,0.9999390840530396,0.4684414863586426,0.8465898633003235,-0.21480503678321838,0.999921977519989,0.47122082114219666,0.8438479900360107,-0.21480241417884827,0.9999347925186157,0.4741806387901306,0.8408071398735046,-0.21482685208320618,0.9999105930328369,0.46123212575912476,0.8516155481338501,-0.21464963257312775,0.9999387264251709,0.45867666602134705,0.8526920676231384,-0.21470031142234802,0.9999533891677856,0.4559267461299896,0.8538275361061096,-0.21478036046028137,0.9999354481697083,0.47530436515808105,0.8240718841552734,-0.2470533549785614,0.9999305605888367,0.4450532793998718,0.8462812900543213,-0.24759428203105927,0.9999264478683472,0.46416768431663513,0.8326155543327332,-0.18712911009788513,0.9998188018798828,0.45514655113220215,0.8391192555427551,-0.18756715953350067,0.999828040599823,0.4881184995174408,0.7659132480621338,-0.19920535385608673,0.9996812343597412,0.39376240968704224,0.8132397532463074,-0.21774700284004211,0.9998153448104858,0.49890270829200745,0.7455150485038757,-0.07061321288347244,0.919596254825592,0.3444376587867737,0.7948472499847412,-0.11043733358383179,0.9668909311294556,0.5088996291160583,0.802008867263794,0.04450700432062149,0.7077200412750244,0.3837929368019104,0.8405192494392395,-0.026527229696512222,0.7866109013557434,0.5219993591308594,0.8153998255729675,0.045111097395420074,0.7778188586235046,0.38425353169441223,0.863724410533905,-0.031814031302928925,0.8224735260009766,0.5079340934753418,0.8221387267112732,0.0391186960041523,0.7454162836074829,0.39846986532211304,0.8549879789352417,-0.04573061689734459,0.8038058280944824,0.4999752640724182,0.819615364074707,0.046230971813201904,0.6814894080162048,0.40182727575302124,0.8441522717475891,-0.029360275715589523,0.7461493611335754,0.42030268907546997,0.6670397520065308,0.009632730856537819,0.9998540878295898,0.3786349892616272,0.6949613094329834,-0.009600329212844372,0.9998418092727661,0.41127094626426697,0.6523473262786865,0.3035019338130951,0.3279314339160919,0.36425215005874634,0.6618813872337341,0.2716928720474243,0.6631064414978027,0.3967324495315552,0.6256948113441467,0.5855215787887573,0.6663933992385864,0.3482796251773834,0.6126254200935364,0.539634108543396,0.923348069190979,0.3912535309791565,0.6128254532814026,0.620437502861023,0.8140600323677063,0.34640735387802124,0.5997565984725952,0.5721017718315125,0.9632406234741211,0.4063933789730072,0.6423271894454956,0.6498003005981445,0.17415182292461395,0.34485766291618347,0.6448271870613098,0.5871723890304565,0.4051877558231354
145,0.46329808235168457,0.8455483317375183,-0.1960189789533615,0.9999412298202515,0.46848854422569275,0.846581757068634,-0.22253787517547607,0.9999244809150696,0.4712613523006439,0.8438418507575989,-0.22253525257110596,0.9999368786811829,0.4742177426815033,0.8408040404319763,-0.2225603312253952,0.9999135136604309,0.46127963066101074,0.8516146540641785,-0.2228267937898636,0.9999407529830933,0.4587250351905823,0.8526929616928101,-0.2228805273771286,0.9999549388885498,0.4559752345085144,0.8538344502449036,-0.2229621708393097,0.9999377131462097,0.4753088057041168,0.8240801095962524,-0.25183433294296265,0.9999324083328247,0.4450526237487793,0.8463156819343567,-0.2545153498649597,0.9999284148216248,0.46418052911758423,0.8326097726821899,-0.1943562924861908,0.999822199344635,0.45515885949134827,0.8391258120536804,-0.19533462822437286,0.9998319149017334,0.48808616399765015,0.7657673358917236,-0.20171770453453064,0.9996802806854248,0.393746554851532,0.8132544159889221,-0.2250593900680542,0.999815821647644,0.49898672103881836,0.7454971075057983,-0.07201019674539566,0.9201306104660034,0.34389176964759827,0.7949388027191162,-0.12041501700878143,0.9676295518875122,0.5089486837387085,0.8020056486129761,0.040220897644758224,0.708932101726532,0.3828427493572235,0.8416587114334106,-0.03842673450708389,0.7911714315414429,0.522016167640686,0.8153886198997498,0.04002780467271805,0.778788149356842,0.3838314414024353,0.8644949793815613,-0.045143820345401764,0.8261749148368835,0.5079323053359985,0.8221384882926941,0.033042486757040024,0.7463226914405823,0.39755213260650635,0.8560441732406616,-0.05871828272938728,0.8077230453491211,0.4999755918979645,0.8196153044700623,0.0413665845990181,0.6826536059379578,0.4003435969352722,0.8451487421989441,-0.041264746338129044,0.7504495978355408,0.42016130685806274,0.6669968366622925,0.009915127418935299,0.9998537302017212,0.37850695848464966,0.6949642300605774,-0.009883886203169823,0.9998421669006348,0.4104791581630707,0.6527047753334045,0.3090289831161499,0.3167358636856079,0.3643842339515686,0.6624839901924133,0.2748878002166748,0.6527886390686035,0.39575350284576416,0.6255642175674438,0.5966068506240845,0.6605222225189209,0.34828048944473267,0.6132901906967163,0.5455189347267151,0.921331524848938,0.3903581202030182,0.6125231385231018,0.6320240497589111,0.8095332980155945,0.34630340337753296,0.6007254123687744,0.5781240463256836,0.9623215794563293,0.4062139093875885,0.6424168348312378,0.660415530204773,0.17277920246124268,0.34547552466392517,0.6470319628715515,0.5920074582099915,0.4012858271598816
146,0.4633409380912781,0.8454175591468811,-0.19422675669193268,0.9999420046806335,0.46852603554725647,0.8464059829711914,-0.2207234650850296,0.999925434589386,0.4713013768196106,0.8436526656150818,-0.2207217961549759,0.9999377131462097,0.4742696285247803,0.840603768825531,-0.22074787318706512,0.9999145865440369,0.4613165259361267,0.8515142202377319,-0.22086648643016815,0.9999414682388306,0.4587620198726654,0.8526219129562378,-0.22091904282569885,0.9999555349349976,0.4560129642486572,0.8537886142730713,-0.2210008203983307,0.9999385476112366,0.47531646490097046,0.8238943219184875,-0.2504916191101074,0.9999330043792725,0.4450514316558838,0.8463155627250671,-0.2526007890701294,0.9999290108680725,0.4642016887664795,0.8324962854385376,-0.19281655550003052,0.9998227953910828,0.4551723897457123,0.8390722870826721,-0.19362929463386536,0.9998329281806946,0.48808255791664124,0.7656025290489197,-0.2012058049440384,0.999677836894989,0.39373815059661865,0.8134260177612305,-0.22345297038555145,0.9998143315315247,0.499009370803833,0.7454351782798767,-0.07197234034538269,0.9210468530654907,0.34385937452316284,0.794933021068573,-0.118289515376091,0.9679642915725708,0.5089935660362244,0.802005410194397,0.04103049635887146,0.710698127746582,0.38284939527511597,0.8416658639907837,-0.03405753895640373,0.7921177744865417,0.5220313668251038,0.8153873682022095,0.041136257350444794,0.7800837159156799,0.383832186460495,0.8644917607307434,-0.039778582751750946,0.826823890209198,0.5079325437545776,0.8221410512924194,0.03458910062909126,0.7477316856384277,0.3975546360015869,0.8560352325439453,-0.05330626294016838,0.8084239959716797,0.4999767243862152,0.8196180462837219,0.04237624257802963,0.6841715574264526,0.40036845207214355,0.8451743721961975,-0.036759376525878906,0.751193642616272,0.4199190139770508,0.666968584060669,0.00993954949080944,0.9998531937599182,0.37838420271873474,0.6949653625488281,-0.00990897137671709,0.9998412728309631,0.41014304757118225,0.6526846289634705,0.3088066577911377,0.3152141273021698,0.36438441276550293,0.6626554131507874,0.27321726083755493,0.6499857902526855,0.39525723457336426,0.6249631643295288,0.5964472889900208,0.660497784614563,0.34828054904937744,0.6134217977523804,0.5400230288505554,0.9207083582878113,0.3898353576660156,0.6118013858795166,0.6316630840301514,0.8089224100112915,0.34627583622932434,0.6007070541381836,0.5721670389175415,0.9621105790138245,0.40605226159095764,0.6423647999763489,0.6595360636711121,0.17330875992774963,0.345514714717865,0.6471491456031799,0.586053192615509,0.4003394544124603
147,0.46331748366355896,0.845166802406311,-0.18903924524784088,0.9999416470527649,0.46847477555274963,0.8461607694625854,-0.21511051058769226,0.9999251365661621,0.4712522625923157,0.8434025645256042,-0.21511384844779968,0.9999375343322754,0.47423219680786133,0.8403401970863342,-0.21514460444450378,0.9999143481254578,0.4612848162651062,0.8512284755706787,-0.21510592103004456,0.9999410510063171,0.45873647928237915,0.8523133397102356,-0.21515612304210663,0.9999552369117737,0.4559900164604187,0.853468656539917,-0.21524012088775635,0.9999380111694336,0.47528037428855896,0.8236044645309448,-0.24510276317596436,0.9999329447746277,0.44502371549606323,0.8460610508918762,-0.24641482532024384,0.9999284148216248,0.46419277787208557,0.8322060704231262,-0.18797725439071655,0.9998226761817932,0.45515552163124084,0.8387302756309509,-0.18859776854515076,0.9998323321342468,0.4880727231502533,0.7655074596405029,-0.19796033203601837,0.9996783137321472,0.393830806016922,0.8133893609046936,-0.2176939696073532,0.9998129606246948,0.49900397658348083,0.7454307079315186,-0.0708116963505745,0.9208500385284424,0.34388992190361023,0.7948091626167297,-0.1131862998008728,0.9678630828857422,0.5089871287345886,0.8020274639129639,0.041868820786476135,0.7114719748497009,0.38309556245803833,0.8414032459259033,-0.02811163291335106,0.7923581004142761,0.5220279693603516,0.815397322177887,0.042187537997961044,0.780748188495636,0.38408389687538147,0.8641147613525391,-0.03269009664654732,0.8270395994186401,0.5079210996627808,0.8221603035926819,0.03644425794482231,0.7485295534133911,0.39813488721847534,0.85563725233078,-0.046241022646427155,0.8086994290351868,0.49994605779647827,0.8196287155151367,0.043487973511219025,0.684827446937561,0.4007541239261627,0.8450209498405457,-0.03073403611779213,0.7514194846153259,0.4199075698852539,0.6669515371322632,0.009840592741966248,0.9998534321784973,0.37838608026504517,0.6949983835220337,-0.009813083335757256,0.9998400807380676,0.41021713614463806,0.6474395394325256,0.30229315161705017,0.3183058798313141,0.3643548786640167,0.6624903082847595,0.2712617516517639,0.6503787040710449,0.39518505334854126,0.6247199177742004,0.5808159112930298,0.6619213223457336,0.34827905893325806,0.6133579015731812,0.5345093011856079,0.9207792282104492,0.38971298933029175,0.6116381883621216,0.615182638168335,0.8099433779716492,0.34624773263931274,0.6006529331207275,0.566380500793457,0.9622650742530823,0.4058847427368164,0.6422277092933655,0.6433513760566711,0.17443391680717468,0.34533753991127014,0.6466217041015625,0.5804514288902283,0.4013810157775879
148,0.4633903503417969,0.8453629612922668,-0.1823265254497528,0.9999424815177917,0.4685182571411133,0.8463619351387024,-0.2091425359249115,0.9999262094497681,0.47127819061279297,0.8435567617416382,-0.2091486155986786,0.9999385476112366,0.47424420714378357,0.8404468297958374,-0.20917996764183044,0.9999156594276428,0.4613882601261139,0.8514767289161682,-0.20924460887908936,0.999941885471344,0.45886507630348206,0.8525503873825073,-0.2092938870191574,0.9999558925628662,0.4561479985713959,0.8536878824234009,-0.20938074588775635,0.9999388456344604,0.4752803444862366,0.8236830830574036,-0.24137766659259796,0.9999341368675232,0.4452061057090759,0.8462045788764954,-0.2433636486530304,0.9999297261238098,0.4642253816127777,0.8322836756706238,-0.18196333944797516,0.9998254776000977,0.4551961421966553,0.8389080762863159,-0.18279865384101868,0.9998349547386169,0.488076388835907,0.764790415763855,-0.19540420174598694,0.9996806383132935,0.39375799894332886,0.8133600950241089,-0.21618708968162537,0.9998136758804321,0.4989531636238098,0.7453756332397461,-0.06844420731067657,0.9220499992370605,0.3436592221260071,0.7948001027107239,-0.11086095869541168,0.9673824906349182,0.5089619755744934,0.8015422821044922,0.045721180737018585,0.7113671898841858,0.3832358121871948,0.8409918546676636,-0.022640103474259377,0.7912115454673767,0.5221786499023438,0.8152833580970764,0.04600491374731064,0.779867947101593,0.3843066692352295,0.8631716966629028,-0.02745107375085354,0.8259043097496033,0.5079325437545776,0.8219760060310364,0.04069684445858002,0.7475756406784058,0.3986715078353882,0.8548285961151123,-0.040845837444067,0.8076074123382568,0.499860942363739,0.8192276358604431,0.04746544361114502,0.6839887499809265,0.4011155068874359,0.8446376919746399,-0.02524777129292488,0.7501510381698608,0.419987291097641,0.6669818758964539,0.00985055509954691,0.9998552799224854,0.37840837240219116,0.6950199007987976,-0.009821001440286636,0.9998397827148438,0.41073036193847656,0.6464568376541138,0.3030106723308563,0.3257930874824524,0.3643794357776642,0.6626226305961609,0.27411264181137085,0.6531970500946045,0.39518722891807556,0.6242740750312805,0.5835350751876831,0.6658168435096741,0.34823137521743774,0.6135500073432922,0.5449632406234741,0.9211506843566895,0.3896952271461487,0.6111574769020081,0.6184542179107666,0.8126535415649414,0.34608176350593567,0.6007257103919983,0.5779169797897339,0.9625734090805054,0.4058853089809418,0.6423085927963257,0.6463006138801575,0.17571501433849335,0.3451158404350281,0.6472969651222229,0.5912052989006042,0.40182995796203613
149,0.4633922576904297,0.8454399704933167,-0.18267743289470673,0.9999441504478455,0.4685187339782715,0.8464685082435608,-0.20933333039283752,0.9999281764030457,0.4712710380554199,0.8436640501022339,-0.20934012532234192,0.9999404549598694,0.4742200970649719,0.840540885925293,-0.20937089622020721,0.9999181628227234,0.46141424775123596,0.8515633344650269,-0.20938003063201904,0.9999434351921082,0.4588993489742279,0.8526373505592346,-0.2094288319349289,0.9999571442604065,0.45619720220565796,0.8537696003913879,-0.2095125913619995,0.9999403953552246,0.4752194285392761,0.8238261938095093,-0.24069583415985107,0.9999361634254456,0.4452442526817322,0.8462197780609131,-0.2425140142440796,0.9999316930770874,0.46421343088150024,0.832345187664032,-0.18199469149112701,0.9998297095298767,0.4551975727081299,0.8389933109283447,-0.18276701867580414,0.9998388886451721,0.48796120285987854,0.7647631168365479,-0.194749653339386,0.9996885657310486,0.39360377192497253,0.8132618069648743,-0.215011328458786,0.999817430973053,0.49900150299072266,0.7453729510307312,-0.06837793439626694,0.9229270219802856,0.34329330921173096,0.7947923541069031,-0.11029542982578278,0.9677194356918335,0.5090047121047974,0.8011285066604614,0.04419494792819023,0.7138251662254333,0.38283202052116394,0.8409176468849182,-0.023157330229878426,0.7947579026222229,0.5222061276435852,0.8149697184562683,0.04376019909977913,0.781622052192688,0.3840263783931732,0.863120436668396,-0.02908700704574585,0.8287383913993835,0.5079768896102905,0.8216745257377625,0.037894703447818756,0.7494434118270874,0.39838001132011414,0.8548128604888916,-0.042372070252895355,0.8106772899627686,0.4998808801174164,0.8189375996589661,0.04569747671484947,0.6862456202507019,0.40078264474868774,0.8446284532546997,-0.025847990065813065,0.7534712553024292,0.4201681613922119,0.6671125292778015,0.009861531667411327,0.9998589158058167,0.378459632396698,0.6950200796127319,-0.009829964488744736,0.9998428821563721,0.41143542528152466,0.6462132334709167,0.30434006452560425,0.3311803340911865,0.36442646384239197,0.6626151204109192,0.2753899395465851,0.6593225598335266,0.39632976055145264,0.6242748498916626,0.5878369808197021,0.66871178150177,0.348226398229599,0.613543689250946,0.5478853583335876,0.9227831959724426,0.3908718228340149,0.6111587882041931,0.6232109665870667,0.8153077960014343,0.3460540771484375,0.6007086634635925,0.5809139609336853,0.9633129835128784,0.4080772399902344,0.6421267986297607,0.6507045030593872,0.17706401646137238,0.3446785807609558,0.6473547220230103,0.5933381915092468,0.4058336019515991
150,0.4634164273738861,0.8453904390335083,-0.1831514686346054,0.9999459385871887,0.46853718161582947,0.846415638923645,-0.2097521275281906,0.9999306797981262,0.47127604484558105,0.8435965180397034,-0.20975792407989502,0.9999426603317261,0.4742201268672943,0.8404501080513,-0.2097882777452469,0.9999211430549622,0.46146273612976074,0.8515436053276062,-0.2097228467464447,0.9999452233314514,0.4589480459690094,0.8526244759559631,-0.20977215468883514,0.9999585151672363,0.45624175667762756,0.8537614941596985,-0.20985457301139832,0.9999422430992126,0.4752083718776703,0.8237704038619995,-0.24089829623699188,0.9999384880065918,0.4452455937862396,0.8462111353874207,-0.24193930625915527,0.9999338984489441,0.46421605348587036,0.832266628742218,-0.1824091225862503,0.9998348951339722,0.4552101492881775,0.8389685750007629,-0.18307702243328094,0.9998437166213989,0.48779112100601196,0.7642230987548828,-0.19473561644554138,0.9996957778930664,0.3935624063014984,0.81326824426651,-0.21416540443897247,0.9998204708099365,0.49902400374412537,0.7453380227088928,-0.06939566880464554,0.9241312742233276,0.34331944584846497,0.7946016788482666,-0.10976783186197281,0.9680601358413696,0.5090122818946838,0.8009800314903259,0.041451238095760345,0.7176124453544617,0.3828398883342743,0.8410748243331909,-0.023765383288264275,0.7972944974899292,0.5222057104110718,0.8148452043533325,0.04086680710315704,0.7843866348266602,0.38402992486953735,0.8633182644844055,-0.029669735580682755,0.8308871984481812,0.5079859495162964,0.8215513229370117,0.035371579229831696,0.752469539642334,0.39837533235549927,0.854902446269989,-0.04312025010585785,0.8130468130111694,0.4998912215232849,0.8188620209693909,0.04310048744082451,0.6897306442260742,0.40079203248023987,0.8447239398956299,-0.026523824781179428,0.7561960220336914,0.420217901468277,0.6670910120010376,0.009731258265674114,0.9998624920845032,0.3784603774547577,0.6949859857559204,-0.009697239845991135,0.9998461008071899,0.4118271768093109,0.6459610462188721,0.30305877327919006,0.33407244086265564,0.364445298910141,0.6627285480499268,0.27502864599227905,0.6614450812339783,0.3964478075504303,0.6241350173950195,0.5847276449203491,0.67178875207901,0.3481561243534088,0.6136795878410339,0.5428515076637268,0.9235033392906189,0.39098384976387024,0.6110144257545471,0.6197531223297119,0.8169551491737366,0.34593743085861206,0.6006944179534912,0.57512366771698,0.9636284112930298,0.40798330307006836,0.6421365141868591,0.647572934627533,0.1793748289346695,0.3443722128868103,0.6476671099662781,0.5879555940628052,0.4084857404232025
151,0.463427871465683,0.8453891277313232,-0.18343043327331543,0.9999470710754395,0.4685407280921936,0.8464130163192749,-0.20994266867637634,0.9999324083328247,0.47127634286880493,0.8435910940170288,-0.20994830131530762,0.9999441504478455,0.47421789169311523,0.8404365181922913,-0.20997858047485352,0.9999232292175293,0.4614878296852112,0.8515438437461853,-0.2099275290966034,0.9999464750289917,0.458977073431015,0.852625846862793,-0.20997731387615204,0.9999594688415527,0.4562687873840332,0.8537634015083313,-0.21005888283252716,0.9999435544013977,0.47520455718040466,0.8237367272377014,-0.2407090663909912,0.999940037727356,0.44524532556533813,0.8462095856666565,-0.2419937551021576,0.9999354481697083,0.46421724557876587,0.8322635889053345,-0.18261279165744781,0.9998382329940796,0.4552164077758789,0.8389791250228882,-0.18327417969703674,0.999846875667572,0.48776084184646606,0.7638705968856812,-0.19431188702583313,0.9996998310089111,0.393380343914032,0.8131977319717407,-0.21426065266132355,0.99982088804245,0.499037504196167,0.7452956438064575,-0.06972496956586838,0.9252704977989197,0.3432449698448181,0.7944933176040649,-0.10978351533412933,0.9682824611663818,0.5091504454612732,0.8008872866630554,0.03945862501859665,0.719713568687439,0.38284510374069214,0.8409823179244995,-0.024300312623381615,0.7983649969100952,0.5223104357719421,0.8147480487823486,0.038747526705265045,0.7857191562652588,0.3840259611606598,0.8632789850234985,-0.030116260051727295,0.8317229151725769,0.508042573928833,0.8214632868766785,0.03337559849023819,0.753929853439331,0.39837154746055603,0.8548219203948975,-0.043578095734119415,0.813967227935791,0.4999556541442871,0.8188052773475647,0.041102148592472076,0.6914725303649902,0.40081897377967834,0.8446801900863647,-0.027050888165831566,0.7572830319404602,0.42033854126930237,0.6670934557914734,0.009758863598108292,0.9998647570610046,0.3784559369087219,0.694957435131073,-0.009722798131406307,0.9998475909233093,0.4120531678199768,0.6460132002830505,0.30263322591781616,0.3335285186767578,0.36447423696517944,0.6627752184867859,0.27387192845344543,0.6594336628913879,0.39614179730415344,0.6235406994819641,0.5837679505348206,0.6733911633491516,0.3481364846229553,0.6140182614326477,0.5393736958503723,0.9232645034790039,0.3906443119049072,0.6102754473686218,0.6186771988868713,0.8172677159309387,0.3459022045135498,0.6007164120674133,0.5713833570480347,0.9635081887245178,0.40790849924087524,0.6424660086631775,0.6468616127967834,0.1808597892522812,0.34438616037368774,0.6478583216667175,0.5847418904304504,0.40857210755348206
152,0.46349287033081055,0.8452480435371399,-0.18352827429771423,0.9999468922615051,0.46866893768310547,0.8462374806404114,-0.20994965732097626,0.9999324083328247,0.4713517129421234,0.8434261083602905,-0.20995497703552246,0.9999442100524902,0.4742761254310608,0.8402515649795532,-0.20998556911945343,0.9999233484268188,0.46158337593078613,0.8514536023139954,-0.2099798023700714,0.9999463558197021,0.459061861038208,0.8525547385215759,-0.21003004908561707,0.999959409236908,0.45634403824806213,0.8537104725837708,-0.21011188626289368,0.9999434947967529,0.4752165675163269,0.8234918117523193,-0.24050045013427734,0.9999402165412903,0.44524842500686646,0.8461946845054626,-0.2420615702867508,0.9999354481697083,0.4642442762851715,0.8321056365966797,-0.18264240026474,0.9998380541801453,0.4552425444126129,0.8388941884040833,-0.18334004282951355,0.9998469948768616,0.48775702714920044,0.7638091444969177,-0.19394806027412415,0.9997011423110962,0.3933599591255188,0.8132517337799072,-0.21435363590717316,0.9998200535774231,0.4990483820438385,0.7452906966209412,-0.06964953988790512,0.9253203272819519,0.3432512581348419,0.7944933772087097,-0.10992664098739624,0.9683336019515991,0.5091670751571655,0.8008877635002136,0.039931345731019974,0.7200191020965576,0.38287854194641113,0.84097820520401,-0.024809500202536583,0.79780113697052,0.5223602056503296,0.8147631287574768,0.039447128772735596,0.7861691117286682,0.3840253949165344,0.8632449507713318,-0.03046974539756775,0.8310587406158447,0.5080475211143494,0.8215446472167969,0.033997513353824615,0.7543681263923645,0.3983682096004486,0.8547889590263367,-0.0437750369310379,0.8131750822067261,0.4999578893184662,0.8188808560371399,0.04158386215567589,0.6918447017669678,0.40085917711257935,0.8446823954582214,-0.02746107243001461,0.7563948035240173,0.42043566703796387,0.6671810150146484,0.009807477705180645,0.9998663663864136,0.37843599915504456,0.6949891448020935,-0.009772664867341518,0.999848484992981,0.4121255874633789,0.6459602117538452,0.302638441324234,0.3338683843612671,0.36456620693206787,0.6629323363304138,0.27264630794525146,0.6572170257568359,0.3957624137401581,0.6230575442314148,0.5838654637336731,0.6757572889328003,0.348135769367218,0.6142826080322266,0.5380141139030457,0.922775149345398,0.3902278542518616,0.609727144241333,0.6188241839408875,0.8182024359703064,0.34590038657188416,0.6010435223579407,0.5701061487197876,0.9633727073669434,0.4076642394065857,0.6426689624786377,0.6472254991531372,0.18163473904132843,0.3444865345954895,0.648549497127533,0.5839627981185913,0.4063640534877777
153,0.4634963572025299,0.8452780842781067,-0.18357983231544495,0.9999462366104126,0.46867021918296814,0.8462724089622498,-0.2099020928144455,0.9999316930770874,0.4713563919067383,0.8434603214263916,-0.2099076509475708,0.9999436736106873,0.47428232431411743,0.8402912020683289,-0.20993804931640625,0.9999225735664368,0.4615859091281891,0.851469874382019,-0.20985253155231476,0.9999457001686096,0.459064781665802,0.8525659441947937,-0.20990300178527832,0.9999589323997498,0.4563463628292084,0.853719174861908,-0.20998573303222656,0.9999427795410156,0.47523775696754456,0.823493242263794,-0.24032028019428253,0.9999397397041321,0.4452342092990875,0.8461925983428955,-0.2413780242204666,0.999934732913971,0.4642510414123535,0.8321371674537659,-0.18267960846424103,0.9998369216918945,0.45524492859840393,0.8389257788658142,-0.18328574299812317,0.9998458623886108,0.487754762172699,0.7638752460479736,-0.19397412240505219,0.9997008442878723,0.39336150884628296,0.8133187890052795,-0.21326951682567596,0.999818742275238,0.4989960789680481,0.7452865839004517,-0.06944940984249115,0.9252212047576904,0.34362420439720154,0.7944285273551941,-0.10818930715322495,0.9680635333061218,0.5091632604598999,0.8008823394775391,0.0413648895919323,0.7211838364601135,0.3829241394996643,0.8406609892845154,-0.021741826087236404,0.7963389754295349,0.5224305987358093,0.8147754073143005,0.04151201620697975,0.7873055338859558,0.3840680420398712,0.8624680638313293,-0.026357557624578476,0.8296630382537842,0.5080307722091675,0.8216018080711365,0.03622020035982132,0.7557037472724915,0.39837226271629333,0.8543112874031067,-0.0394025519490242,0.8116534948348999,0.4998888373374939,0.8189249634742737,0.04318244755268097,0.6930621862411499,0.40103262662887573,0.8444055318832397,-0.024169620126485825,0.754726767539978,0.42045554518699646,0.6672735810279846,0.009755180217325687,0.9998664259910583,0.37843236327171326,0.6950085759162903,-0.009722800925374031,0.9998476505279541,0.412131130695343,0.6458355188369751,0.2999117970466614,0.33754682540893555,0.36462244391441345,0.6630450487136841,0.2701217830181122,0.658176839351654,0.3957638144493103,0.6230020523071289,0.5785449743270874,0.6782763600349426,0.34813517332077026,0.6142580509185791,0.533403754234314,0.9228411316871643,0.3902290463447571,0.6097087264060974,0.6131960153579712,0.8194367289543152,0.3459264636039734,0.6009416580200195,0.5653790235519409,0.9634276032447815,0.4075644910335541,0.6426199078559875,0.6418121457099915,0.18290574848651886,0.34446507692337036,0.6484205722808838,0.5795318484306335,0.40648773312568665
154,0.4635022282600403,0.8453274369239807,-0.1836363822221756,0.999946117401123,0.46867185831069946,0.8463233113288879,-0.2099967747926712,0.999931812286377,0.4713578224182129,0.8435182571411133,-0.21000206470489502,0.9999438524246216,0.4742826521396637,0.8403569459915161,-0.21003229916095734,0.9999227523803711,0.4615899920463562,0.8514922857284546,-0.20994529128074646,0.9999457001686096,0.4590689241886139,0.8525829315185547,-0.20999574661254883,0.9999589920043945,0.4563491940498352,0.853732168674469,-0.2100784331560135,0.9999427795410156,0.47524112462997437,0.8235225081443787,-0.24039137363433838,0.9999399185180664,0.4452442526817322,0.8462836742401123,-0.24147813022136688,0.9999347925186157,0.46426454186439514,0.8321935534477234,-0.18274930119514465,0.999836802482605,0.4552518427371979,0.8389813899993896,-0.1833532452583313,0.9998458027839661,0.4877508282661438,0.763976514339447,-0.19401201605796814,0.999701738357544,0.393366277217865,0.8133205771446228,-0.21328794956207275,0.9998178482055664,0.49894389510154724,0.7452795505523682,-0.0698489397764206,0.9255226850509644,0.343751460313797,0.7944241762161255,-0.10829409211874008,0.9679868221282959,0.5091710090637207,0.8008528351783752,0.04121694713830948,0.7225536108016968,0.3829348683357239,0.8403042554855347,-0.02191002294421196,0.7953682541847229,0.5225062966346741,0.814774751663208,0.0414629690349102,0.7883723974227905,0.38390812277793884,0.8622943758964539,-0.026517966762185097,0.8287158012390137,0.5080350041389465,0.8216074705123901,0.03613636642694473,0.75691157579422,0.3983707129955292,0.8537852764129639,-0.039426591247320175,0.8105879426002502,0.4998877942562103,0.8189297914505005,0.04304755479097366,0.694172739982605,0.4011949598789215,0.8439886569976807,-0.02430815063416958,0.7534389495849609,0.42049771547317505,0.6673263311386108,0.009753325954079628,0.9998670816421509,0.3784357011318207,0.6950098276138306,-0.009721014648675919,0.9998477697372437,0.41213124990463257,0.6456448435783386,0.2994372248649597,0.3395143747329712,0.3646533489227295,0.6630433797836304,0.2692294716835022,0.6583815217018127,0.3956975042819977,0.6228060126304626,0.5780388712882996,0.6796808838844299,0.3481346070766449,0.6141716837882996,0.531970739364624,0.922758936882019,0.39015334844589233,0.6095205545425415,0.6126851439476013,0.8197740912437439,0.34595680236816406,0.6007310748100281,0.563886284828186,0.9633630514144897,0.4074026644229889,0.6425625085830688,0.641566276550293,0.1836530566215515,0.34451383352279663,0.648241400718689,0.5783118605613708,0.40635883808135986
155,0.46353164315223694,0.8453311920166016,-0.1823756992816925,0.9999448657035828,0.4687047600746155,0.8463238477706909,-0.2084989845752716,0.9999306797981262,0.471398264169693,0.8435190320014954,-0.20850546658039093,0.99994295835495,0.47432684898376465,0.8403581976890564,-0.20853738486766815,0.9999215602874756,0.46160855889320374,0.851492166519165,-0.2086397111415863,0.9999446868896484,0.459084689617157,0.8525831699371338,-0.20869004726409912,0.9999582171440125,0.45636430382728577,0.8537330031394958,-0.2087731659412384,0.9999416470527649,0.4752817749977112,0.8235242962837219,-0.23883602023124695,0.9999391436576843,0.44526275992393494,0.8463499546051025,-0.24076469242572784,0.999933660030365,0.4642956256866455,0.8322027921676636,-0.18148788809776306,0.9998342990875244,0.4552677273750305,0.8390003442764282,-0.1822916567325592,0.9998432993888855,0.48775577545166016,0.7639821767807007,-0.19278155267238617,0.999700665473938,0.3933664560317993,0.8133242726325989,-0.21309462189674377,0.9998152256011963,0.49894285202026367,0.7452813386917114,-0.06910087168216705,0.9254851937294006,0.343741238117218,0.7944263815879822,-0.10826661437749863,0.9677334427833557,0.5091714859008789,0.8008255362510681,0.04139015078544617,0.7220718264579773,0.3829401433467865,0.8399887681007385,-0.02153974398970604,0.7934107780456543,0.522567868232727,0.814774751663208,0.04170205071568489,0.788009762763977,0.38392481207847595,0.8615733981132507,-0.026048609986901283,0.8269578814506531,0.5080319046974182,0.8216091394424438,0.0364505872130394,0.7565577030181885,0.3983690142631531,0.8533195853233337,-0.03878340870141983,0.8086891770362854,0.49984121322631836,0.8189305067062378,0.0432463064789772,0.6935372352600098,0.4012487530708313,0.8436905741691589,-0.023841358721256256,0.7512756586074829,0.42050880193710327,0.6673499345779419,0.00992470420897007,0.9998672604560852,0.378428190946579,0.6949836015701294,-0.009893715381622314,0.9998467564582825,0.41212335228919983,0.6455540060997009,0.29942017793655396,0.34067437052726746,0.36465466022491455,0.6630232930183411,0.2683848738670349,0.6562686562538147,0.3952534794807434,0.6226486563682556,0.5781434774398804,0.6803311109542847,0.34813374280929565,0.6141616106033325,0.5319221019744873,0.9218209981918335,0.3896681070327759,0.6093361973762512,0.6128132939338684,0.8197222948074341,0.3459877073764801,0.6006438732147217,0.5639557242393494,0.9629946351051331,0.4071769118309021,0.6426261067390442,0.641964316368103,0.18368716537952423,0.34451502561569214,0.6482154130935669,0.5785874724388123,0.4040255546569824
156,0.46353739500045776,0.8452945947647095,-0.1819750964641571,0.9999440312385559,0.4687240719795227,0.8463002443313599,-0.20801560580730438,0.9999300241470337,0.4714203476905823,0.8435018062591553,-0.20802214741706848,0.9999424815177917,0.47434869408607483,0.8403470516204834,-0.208054780960083,0.9999209642410278,0.46162205934524536,0.8514716029167175,-0.20813775062561035,0.9999440312385559,0.45909643173217773,0.8525716662406921,-0.20818793773651123,0.9999576807022095,0.45637598633766174,0.8537280559539795,-0.2082701027393341,0.9999408721923828,0.47531723976135254,0.8235256671905518,-0.2383369654417038,0.9999387860298157,0.44526273012161255,0.846358060836792,-0.2402302771806717,0.9999328255653381,0.464297354221344,0.8321994543075562,-0.18109068274497986,0.9998329281806946,0.4552745223045349,0.8389990925788879,-0.1818656027317047,0.9998417496681213,0.4877934455871582,0.7640647292137146,-0.19243255257606506,0.9997020363807678,0.39336755871772766,0.8133617639541626,-0.21265144646167755,0.999813973903656,0.49895554780960083,0.7452996969223022,-0.06894312053918839,0.9252471923828125,0.3437405824661255,0.794322669506073,-0.10806544870138168,0.9675297141075134,0.5092006325721741,0.8008235096931458,0.041452787816524506,0.7231937050819397,0.3829246759414673,0.8396539092063904,-0.021343965083360672,0.7920445799827576,0.5226391553878784,0.8147741556167603,0.04170087352395058,0.7891635894775391,0.3837490677833557,0.8612695932388306,-0.02593628503382206,0.8257238864898682,0.5080409646034241,0.8216021060943604,0.03636077791452408,0.7578901648521423,0.3983532190322876,0.8530765771865845,-0.03860029950737953,0.8073163628578186,0.4998435378074646,0.8189281821250916,0.04327475652098656,0.6946755051612854,0.4012521803379059,0.8435614109039307,-0.023615514859557152,0.7496578693389893,0.4205544590950012,0.6675012707710266,0.010060185566544533,0.9998674988746643,0.37843558192253113,0.6949989199638367,-0.010031482204794884,0.9998460412025452,0.41214293241500854,0.6455230712890625,0.2992629110813141,0.3417204022407532,0.36470264196395874,0.6630216836929321,0.2678857743740082,0.6555922627449036,0.3952099084854126,0.6226583123207092,0.5780467987060547,0.6808480024337769,0.3481719195842743,0.6141480207443237,0.5319681763648987,0.921380877494812,0.3896263539791107,0.6093428134918213,0.6127321720123291,0.8199504017829895,0.3460915684700012,0.600536048412323,0.5640721917152405,0.9628291130065918,0.40709418058395386,0.6426506638526917,0.6418835520744324,0.18370257318019867,0.34450599551200867,0.6481950283050537,0.578691840171814,0.40241342782974243
157,0.46353739500045776,0.8452925086021423,-0.18162637948989868,0.9999434351921082,0.4687112271785736,0.8462898135185242,-0.2076110541820526,0.9999295473098755,0.47140535712242126,0.8434960842132568,-0.20761826634407043,0.9999420642852783,0.47432881593704224,0.8403460383415222,-0.207651287317276,0.9999205470085144,0.461620569229126,0.8514540791511536,-0.20768776535987854,0.9999435544013977,0.45909610390663147,0.8525564074516296,-0.20773789286613464,0.999957263469696,0.4563756585121155,0.8537166714668274,-0.20782020688056946,0.9999403357505798,0.4753175675868988,0.8235267996788025,-0.23784880340099335,0.999938428401947,0.4452415108680725,0.8463584184646606,-0.23957034945487976,0.9999321103096008,0.464296817779541,0.8322199583053589,-0.18072912096977234,0.9998316764831543,0.4552782475948334,0.8390073776245117,-0.18144312500953674,0.9998403191566467,0.48779672384262085,0.7641535401344299,-0.19245274364948273,0.9997026920318604,0.3933800160884857,0.8133586645126343,-0.2119927704334259,0.9998121857643127,0.49916619062423706,0.7453009486198425,-0.06890980154275894,0.9255040884017944,0.3437313735485077,0.7943089604377747,-0.10734617710113525,0.9673681259155273,0.5093334317207336,0.8009229302406311,0.04149087518453598,0.7231965661048889,0.38286882638931274,0.8396142721176147,-0.020202098414301872,0.7900251150131226,0.5230644941329956,0.8149603009223938,0.04176175966858864,0.7893065214157104,0.3835752308368683,0.8612584471702576,-0.02484169788658619,0.8239542841911316,0.5080896019935608,0.8217920064926147,0.036376673728227615,0.7581285238265991,0.398258239030838,0.8530669808387756,-0.037453703582286835,0.8053894639015198,0.499855101108551,0.8190739154815674,0.043325524777173996,0.694724977016449,0.4012379050254822,0.8435560464859009,-0.022469038143754005,0.7474778294563293,0.42056265473365784,0.667512834072113,0.0100600840523839,0.9998667240142822,0.3784351646900177,0.6950072646141052,-0.01003122515976429,0.9998441934585571,0.41218599677085876,0.6455138325691223,0.2990689277648926,0.3396424353122711,0.3647077977657318,0.6631015539169312,0.2680343985557556,0.6522964239120483,0.39520126581192017,0.6226621866226196,0.578004002571106,0.679804265499115,0.34817177057266235,0.6141558289527893,0.5326336622238159,0.920487105846405,0.3896190822124481,0.6093476414680481,0.6127119064331055,0.8188918232917786,0.3460926413536072,0.6005285382270813,0.5648123025894165,0.9624061584472656,0.40700602531433105,0.6426607370376587,0.6419296860694885,0.18310505151748657,0.34452512860298157,0.6481956839561462,0.5799992084503174,0.39994290471076965
158,0.46354055404663086,0.8452928066253662,-0.18190348148345947,0.999942421913147,0.4687134623527527,0.8462745547294617,-0.20773014426231384,0.9999282956123352,0.47141528129577637,0.8434796929359436,-0.20773640275001526,0.9999410510063171,0.4743497371673584,0.8403319716453552,-0.20776903629302979,0.9999192357063293,0.46161895990371704,0.8514326810836792,-0.20787906646728516,0.9999426007270813,0.4590896964073181,0.8525295257568359,-0.20792970061302185,0.9999565482139587,0.4563599228858948,0.8536871075630188,-0.20801298320293427,0.9999393224716187,0.47537174820899963,0.8235247135162354,-0.23800960183143616,0.9999374151229858,0.44518789649009705,0.8463340401649475,-0.23961791396141052,0.9999308586120605,0.46431317925453186,0.8322362899780273,-0.18083429336547852,0.9998286366462708,0.4552830755710602,0.8390102982521057,-0.18163880705833435,0.9998374581336975,0.48782190680503845,0.7642049789428711,-0.19252391159534454,0.9997024536132812,0.39340606331825256,0.8133198022842407,-0.21214735507965088,0.9998114705085754,0.4992782473564148,0.7453085780143738,-0.06824438273906708,0.9251421093940735,0.3437269628047943,0.7940648794174194,-0.1075543537735939,0.967214822769165,0.5093916654586792,0.8011505007743835,0.04333285242319107,0.7208819389343262,0.3828943371772766,0.8395004272460938,-0.020357273519039154,0.787955105304718,0.5232617855072021,0.8152430057525635,0.0435379333794117,0.7875273823738098,0.3836422562599182,0.8610852360725403,-0.025027384981513023,0.8220286965370178,0.5080917477607727,0.8219859600067139,0.03798118978738785,0.7562158703804016,0.3982759118080139,0.8530283570289612,-0.037708405405282974,0.803316056728363,0.49985116720199585,0.8192281126976013,0.04506373777985573,0.6925236582756042,0.40138110518455505,0.8435201048851013,-0.022648178040981293,0.7450951933860779,0.42059484124183655,0.6676135659217834,0.010231423191726208,0.9998665452003479,0.37845075130462646,0.6950448155403137,-0.01020441111177206,0.9998437166213989,0.4122939109802246,0.6455252170562744,0.2991335690021515,0.33985739946365356,0.3647368550300598,0.6631594300270081,0.26811662316322327,0.651934027671814,0.39544445276260376,0.6226767897605896,0.578263521194458,0.6795846223831177,0.348204106092453,0.6141895651817322,0.5326883792877197,0.9203303456306458,0.3898926377296448,0.6093592047691345,0.6130578517913818,0.8188275098800659,0.34614288806915283,0.6005237698554993,0.5648784041404724,0.962346613407135,0.4069717824459076,0.6426659226417542,0.6423054933547974,0.18243463337421417,0.34452810883522034,0.6482276320457458,0.5800535082817078,0.3988276422023773
159,0.4635363519191742,0.8453129529953003,-0.18277832865715027,0.9999406337738037,0.46871060132980347,0.8462618589401245,-0.20831051468849182,0.9999259114265442,0.47141632437705994,0.8434511423110962,-0.20831581950187683,0.9999392032623291,0.4743545651435852,0.8402807712554932,-0.20834842324256897,0.9999165534973145,0.46159619092941284,0.851426362991333,-0.2085062563419342,0.9999407529830933,0.4590621888637543,0.8525210022926331,-0.20855756103992462,0.9999552369117737,0.4563262462615967,0.8536772131919861,-0.20864105224609375,0.9999374151229858,0.47537556290626526,0.8235065340995789,-0.2381226122379303,0.9999355673789978,0.44504833221435547,0.8463135361671448,-0.23968681693077087,0.9999286532402039,0.4643147587776184,0.8322469592094421,-0.18133941292762756,0.9998239874839783,0.45527783036231995,0.8390510082244873,-0.1822180598974228,0.9998329877853394,0.4878806471824646,0.7645286917686462,-0.19235889613628387,0.9997006058692932,0.39348888397216797,0.8133617639541626,-0.2122245579957962,0.9998090863227844,0.4993232190608978,0.7453214526176453,-0.06705615669488907,0.9242449998855591,0.343689501285553,0.7938559651374817,-0.1077330932021141,0.9669445753097534,0.5093897581100464,0.801311194896698,0.04491708427667618,0.7200427651405334,0.38286611437797546,0.8394391536712646,-0.020453643053770065,0.7856525778770447,0.5231608152389526,0.8152694702148438,0.045355863869190216,0.7872461676597595,0.3833375573158264,0.8610910177230835,-0.025146987289190292,0.8200672268867493,0.5080433487892151,0.8219946622848511,0.039662688970565796,0.755902886390686,0.3982636034488678,0.8531450033187866,-0.03788173943758011,0.801111102104187,0.4998157024383545,0.8192449808120728,0.046629346907138824,0.6918368935585022,0.4014155864715576,0.8435757756233215,-0.0227744709700346,0.7424669861793518,0.42070919275283813,0.6681705713272095,0.010470222681760788,0.9998656511306763,0.37868890166282654,0.6952022314071655,-0.010446401312947273,0.9998428225517273,0.4123013913631439,0.6455245614051819,0.2992185354232788,0.34175875782966614,0.3648642301559448,0.6630871295928955,0.2660592496395111,0.6545848846435547,0.3954460024833679,0.622724175453186,0.5784351825714111,0.6806929707527161,0.3483732044696808,0.6140539646148682,0.5305193066596985,0.9211636781692505,0.38989853858947754,0.6094143986701965,0.6131893992424011,0.8195849657058716,0.34632590413093567,0.6004501581192017,0.5627241730690002,0.9627292156219482,0.4069443643093109,0.6426648497581482,0.6425069570541382,0.181901752948761,0.3445298969745636,0.6482203006744385,0.576785147190094,0.39937102794647217
160,0.463542640209198,0.844706118106842,-0.18268966674804688,0.9999375343322754,0.46873602271080017,0.845521867275238,-0.20835380256175995,0.9999220371246338,0.4714590609073639,0.8426613211631775,-0.2083582580089569,0.999936044216156,0.4744516909122467,0.8394205570220947,-0.20839107036590576,0.9999122619628906,0.46159082651138306,0.8509243726730347,-0.2085046023130417,0.9999377131462097,0.45904865860939026,0.8520861864089966,-0.2085563838481903,0.9999529719352722,0.45630741119384766,0.8533217906951904,-0.20864129066467285,0.9999342560768127,0.47540974617004395,0.8227723836898804,-0.2381594181060791,0.9999324679374695,0.4449503421783447,0.8461446166038513,-0.23977813124656677,0.9999253153800964,0.464325487613678,0.8315474390983582,-0.1813977062702179,0.9998160600662231,0.455279678106308,0.8384316563606262,-0.18223269283771515,0.9998257160186768,0.4880830645561218,0.7644993662834167,-0.19240115582942963,0.9996952414512634,0.3935794234275818,0.8133507966995239,-0.2123720943927765,0.9998053908348083,0.49945300817489624,0.7453235387802124,-0.06619682908058167,0.9228623509407043,0.34368982911109924,0.7941053509712219,-0.10758451372385025,0.9662527441978455,0.5091300010681152,0.8013807535171509,0.049189936369657516,0.7130739092826843,0.38352280855178833,0.839589536190033,-0.017545942217111588,0.7793309688568115,0.5226369500160217,0.8154245615005493,0.05007850006222725,0.7815464735031128,0.3842560946941376,0.8612264394760132,-0.021603185683488846,0.8147172331809998,0.5075701475143433,0.8220174908638,0.04443856328725815,0.7498906850814819,0.3992159366607666,0.8532040119171143,-0.03452381491661072,0.7956028580665588,0.4991633892059326,0.8192461729049683,0.050948984920978546,0.6852935552597046,0.4023559093475342,0.8436568379402161,-0.019818980246782303,0.7363820672035217,0.4207119345664978,0.6683481335639954,0.010652942582964897,0.9998633861541748,0.3787679076194763,0.6953738927841187,-0.010633555240929127,0.9998397827148438,0.4123123288154602,0.6450573801994324,0.29854655265808105,0.3471335768699646,0.3648794889450073,0.6631537675857544,0.2642277479171753,0.6568682193756104,0.3954736292362213,0.6227409839630127,0.576509416103363,0.6822314858436584,0.34836405515670776,0.6141567230224609,0.528011679649353,0.9207257032394409,0.389898419380188,0.6094396114349365,0.6112192869186401,0.8202756643295288,0.3462291657924652,0.6007306575775146,0.560215413570404,0.9625656008720398,0.4069178104400635,0.6426657438278198,0.6408448219299316,0.1814417541027069,0.3443402945995331,0.6495429277420044,0.5747085809707642,0.397463321685791
161,0.4635526239871979,0.8444867730140686,-0.18538174033164978,0.9999343156814575,0.46875494718551636,0.8452692627906799,-0.21065649390220642,0.9999176263809204,0.4714847207069397,0.8424411416053772,-0.21065716445446014,0.9999325275421143,0.47450652718544006,0.8392319083213806,-0.21068911254405975,0.999907374382019,0.46158677339553833,0.8506842255592346,-0.21085402369499207,0.9999343156814575,0.4590371251106262,0.8518540859222412,-0.21090789139270782,0.9999505281448364,0.45628777146339417,0.853104829788208,-0.2109951674938202,0.9999307990074158,0.47541943192481995,0.8226564526557922,-0.2388850748538971,0.9999287128448486,0.4447770118713379,0.8459306955337524,-0.2409278154373169,0.9999212026596069,0.4643346667289734,0.8313369154930115,-0.18367081880569458,0.999806821346283,0.4552876949310303,0.8381438851356506,-0.18458311259746552,0.99981689453125,0.4883035719394684,0.7644920349121094,-0.19241808354854584,0.9996872544288635,0.3936097323894501,0.8131462335586548,-0.21314510703086853,0.9998003840446472,0.49972787499427795,0.7453253865242004,-0.06540551036596298,0.9210782051086426,0.34343859553337097,0.7944011092185974,-0.10863925516605377,0.9656513929367065,0.5090765357017517,0.8014005422592163,0.05007284879684448,0.7078763246536255,0.3837023973464966,0.8398302793502808,-0.018458064645528793,0.7749297022819519,0.522671103477478,0.8154264092445374,0.05107606574892998,0.7775350213050842,0.38461214303970337,0.8612596988677979,-0.022420009598135948,0.8111665844917297,0.5074371695518494,0.8219909071922302,0.04544351249933243,0.7456321716308594,0.39941543340682983,0.8533973693847656,-0.03538558632135391,0.7919116616249084,0.4989103376865387,0.81918865442276,0.05183049291372299,0.6805821657180786,0.4024479389190674,0.843998372554779,-0.020710229873657227,0.7320935130119324,0.4207690358161926,0.6690933108329773,0.010920481756329536,0.9998607635498047,0.37904149293899536,0.6958684325218201,-0.01090873684734106,0.9998368620872498,0.4123442769050598,0.6449346542358398,0.2976765036582947,0.3529123067855835,0.3651740252971649,0.6631507277488708,0.2604776620864868,0.6618133783340454,0.3959147334098816,0.6229267716407776,0.5748546123504639,0.6839179992675781,0.3484852910041809,0.6138372421264648,0.52251136302948,0.9216889142990112,0.39029935002326965,0.609707236289978,0.6094993352890015,0.8211248517036438,0.34631747007369995,0.6004797220230103,0.5544968843460083,0.9629194736480713,0.4068993031978607,0.6426030397415161,0.6381749510765076,0.18132232129573822,0.3443431258201599,0.6495149731636047,0.5673421621322632,0.3992324471473694
162,0.463433176279068,0.8445152640342712,-0.1870163530111313,0.9999321699142456,0.46861690282821655,0.8452892303466797,-0.2121245115995407,0.9999145865440369,0.47139406204223633,0.8424577713012695,-0.21212634444236755,0.9999301433563232,0.4744434356689453,0.8392530083656311,-0.21215936541557312,0.9999040961265564,0.4614347517490387,0.850689709186554,-0.21235120296478271,0.999932050704956,0.4588913023471832,0.8518573641777039,-0.2124057561159134,0.9999489188194275,0.4561428129673004,0.8531075119972229,-0.2124936580657959,0.9999284744262695,0.47541481256484985,0.8227315545082092,-0.23939187824726105,0.9999262094497681,0.4445721507072449,0.8459314703941345,-0.2416643351316452,0.9999184608459473,0.4642198085784912,0.8314010500907898,-0.18504899740219116,0.9997999668121338,0.45522499084472656,0.8381814956665039,-0.18598178029060364,0.9998102784156799,0.48836731910705566,0.7646599411964417,-0.1924258917570114,0.9996828436851501,0.3935890197753906,0.8131226897239685,-0.21357974410057068,0.9997967481613159,0.4999212324619293,0.7453281879425049,-0.06549901515245438,0.920619785785675,0.34327811002731323,0.7946512699127197,-0.10922084003686905,0.9650247693061829,0.5090841054916382,0.8015598654747009,0.04943682998418808,0.7042367458343506,0.3838346302509308,0.8400589227676392,-0.018610073253512383,0.7696487903594971,0.5230342149734497,0.8154679536819458,0.05029182508587837,0.7743681073188782,0.3849201798439026,0.8613853454589844,-0.02280953899025917,0.8066771030426025,0.5074208378791809,0.8219937086105347,0.044688235968351364,0.7422043681144714,0.39959508180618286,0.8536123633384705,-0.035759709775447845,0.7871458530426025,0.49889999628067017,0.8191918730735779,0.051188498735427856,0.6767265796661377,0.4024987816810608,0.8442506194114685,-0.020900079980492592,0.7267463207244873,0.4208686947822571,0.6698594689369202,0.01131357066333294,0.9998601078987122,0.3791908919811249,0.6960852146148682,-0.011307165026664734,0.9998366236686707,0.41235050559043884,0.6449295878410339,0.297564297914505,0.3569495379924774,0.36522117257118225,0.6631094813346863,0.2601798474788666,0.6664903163909912,0.39591383934020996,0.6229609847068787,0.5747992992401123,0.6855438351631165,0.3485136330127716,0.6137133240699768,0.5216141939163208,0.9228302836418152,0.3902973532676697,0.6097375750541687,0.6094769239425659,0.8218622207641602,0.3463536202907562,0.6003278493881226,0.5535078644752502,0.9633738398551941,0.40667134523391724,0.6426032185554504,0.6382625699043274,0.1809512823820114,0.344249427318573,0.6494693756103516,0.5666040182113647,0.4011737108230591
163,0.46341508626937866,0.8445192575454712,-0.18522268533706665,0.9999307990074158,0.4686007499694824,0.8452931642532349,-0.21044805645942688,0.9999129772186279,0.4713873267173767,0.8424623012542725,-0.21045148372650146,0.999928891658783,0.4744395315647125,0.8392589688301086,-0.2104862928390503,0.9999023079872131,0.4614067077636719,0.8506905436515808,-0.21054276823997498,0.999930739402771,0.4588624835014343,0.8518584966659546,-0.21059593558311462,0.9999479651451111,0.4561160206794739,0.8531094193458557,-0.210684135556221,0.9999271035194397,0.4754127860069275,0.8227362036705017,-0.2384740114212036,0.9999252557754517,0.444516658782959,0.8459280133247375,-0.2402978390455246,0.9999171495437622,0.4642004072666168,0.8314072489738464,-0.18363526463508606,0.9997971653938293,0.4551922380924225,0.8381895422935486,-0.1844092458486557,0.9998074173927307,0.4883769154548645,0.7646626234054565,-0.19195374846458435,0.9996803998947144,0.3935796916484833,0.8130915760993958,-0.2124788463115692,0.9997930526733398,0.49993619322776794,0.745330810546875,-0.06556380540132523,0.9207878112792969,0.34330934286117554,0.7948511242866516,-0.10832054913043976,0.9643206000328064,0.5090823769569397,0.8015763163566589,0.04903951287269592,0.7017011642456055,0.38400816917419434,0.8407545685768127,-0.017847232520580292,0.7644750475883484,0.5232287645339966,0.8154715299606323,0.0498097725212574,0.7718780636787415,0.3851824998855591,0.8622553944587708,-0.021850481629371643,0.8023134469985962,0.5074113011360168,0.8219947218894958,0.044329315423965454,0.7394939661026001,0.39957910776138306,0.854502260684967,-0.03469584137201309,0.7825255990028381,0.4988561272621155,0.8191842436790466,0.050794828683137894,0.6735117435455322,0.4025053381919861,0.8448640704154968,-0.02011154219508171,0.7214900255203247,0.420926958322525,0.6701166033744812,0.0113108204677701,0.9998589754104614,0.379328191280365,0.6961933374404907,-0.011304288171231747,0.9998344779014587,0.4123930037021637,0.6449310183525085,0.2964273989200592,0.3602238595485687,0.3653391897678375,0.6631215214729309,0.26034680008888245,0.6683458685874939,0.39607712626457214,0.6229955554008484,0.5723259449005127,0.6865235567092896,0.34869512915611267,0.613490879535675,0.52177894115448,0.9232811331748962,0.3904939293861389,0.6097759008407593,0.6067976355552673,0.8221686482429504,0.34654030203819275,0.5999290943145752,0.5536207556724548,0.9635031819343567,0.4066562056541443,0.6425255537033081,0.6350794434547424,0.18092717230319977,0.3442668318748474,0.6489673256874084,0.5666585564613342,0.4021359384059906
164,0.46327170729637146,0.8443899154663086,-0.18456360697746277,0.9999276995658875,0.46847376227378845,0.8451983332633972,-0.20990684628486633,0.9999088048934937,0.4712833762168884,0.8423442244529724,-0.2099114954471588,0.9999256730079651,0.4743439555168152,0.8391326069831848,-0.2099483758211136,0.9998977184295654,0.46128615736961365,0.8505951762199402,-0.21010129153728485,0.9999275803565979,0.4587498605251312,0.8517627120018005,-0.21015337109565735,0.9999457001686096,0.4560081958770752,0.8530240654945374,-0.21024103462696075,0.9999237656593323,0.4753079414367676,0.8226079344749451,-0.23826825618743896,0.9999223351478577,0.4444698393344879,0.8458929657936096,-0.24032428860664368,0.9999135732650757,0.4640863537788391,0.8312041759490967,-0.18305714428424835,0.9997892379760742,0.45510244369506836,0.8380319476127625,-0.1839572787284851,0.9998000264167786,0.48837995529174805,0.764624834060669,-0.19196510314941406,0.9996787309646606,0.3933897912502289,0.8130864500999451,-0.21232958137989044,0.999790608882904,0.4999474585056305,0.7452804446220398,-0.06584344804286957,0.9198573231697083,0.34298399090766907,0.7948929071426392,-0.1082935780286789,0.9637789130210876,0.5090318918228149,0.8015776872634888,0.04722542315721512,0.6973495483398438,0.3840009272098541,0.8407489657402039,-0.01798899658024311,0.7617959380149841,0.5232241749763489,0.8154750466346741,0.04759642481803894,0.7683601975440979,0.385203093290329,0.8622589707374573,-0.022107470780611038,0.8002427816390991,0.5073468685150146,0.8220070004463196,0.04254838824272156,0.735588788986206,0.39956432580947876,0.854507327079773,-0.03476012870669365,0.7802537083625793,0.49869003891944885,0.8191843032836914,0.04912134259939194,0.6688865423202515,0.4025501310825348,0.8448581695556641,-0.020181018859148026,0.718550443649292,0.42092984914779663,0.6702818274497986,0.011301523074507713,0.9998589158058167,0.3793574273586273,0.6963470578193665,-0.011295178905129433,0.9998344779014587,0.41229572892189026,0.6447136402130127,0.2965083718299866,0.3637648820877075,0.365335613489151,0.6630963087081909,0.2609107792377472,0.6697477698326111,0.3960619568824768,0.6229559183120728,0.57301265001297,0.6877567768096924,0.34870678186416626,0.6131888031959534,0.5226697325706482,0.9237939119338989,0.3904809355735779,0.6097487211227417,0.607519805431366,0.8226950764656067,0.34656038880348206,0.5995560884475708,0.5545049905776978,0.9636854529380798,0.40656915307044983,0.6425018310546875,0.635891318321228,0.18009603023529053,0.3442680239677429,0.6486698985099792,0.567682147026062,0.40159448981285095
165,0.4632185101509094,0.8441147208213806,-0.18161813914775848,0.9999246001243591,0.46844810247421265,0.8449667692184448,-0.2071608006954193,0.9999049305915833,0.47127023339271545,0.8421013951301575,-0.20716769993305206,0.999922513961792,0.47433772683143616,0.8388878107070923,-0.20720741152763367,0.9998934864997864,0.4612441956996918,0.8503402471542358,-0.20720839500427246,0.9999244213104248,0.45870351791381836,0.8514987230300903,-0.20725834369659424,0.9999433159828186,0.45596128702163696,0.8527551293373108,-0.20734603703022003,0.9999203681945801,0.4753035604953766,0.8224297761917114,-0.2367655485868454,0.9999195337295532,0.444424569606781,0.8457552194595337,-0.23835551738739014,0.9999096989631653,0.4640539288520813,0.8309730291366577,-0.18066644668579102,0.999782145023346,0.4550701081752777,0.8378094434738159,-0.18137022852897644,0.9997925758361816,0.4884037971496582,0.7646015286445618,-0.19171181321144104,0.9996777772903442,0.3934082090854645,0.8131013512611389,-0.21045970916748047,0.9997881054878235,0.5000477433204651,0.7452536225318909,-0.06590019166469574,0.919197678565979,0.3429850935935974,0.7949369549751282,-0.10662144422531128,0.9632470607757568,0.5090304017066956,0.8016235828399658,0.04721352085471153,0.6941660046577454,0.38407284021377563,0.8407078981399536,-0.016975905746221542,0.7581488490104675,0.5232586860656738,0.8155669569969177,0.0476413257420063,0.7658047080039978,0.38520175218582153,0.8622843623161316,-0.021003732457756996,0.797132134437561,0.5073468089103699,0.8220946788787842,0.04261978715658188,0.7328237891197205,0.39956194162368774,0.854491651058197,-0.033471859991550446,0.7769010663032532,0.49866241216659546,0.819210946559906,0.04913318529725075,0.6653966307640076,0.40276676416397095,0.8447486758232117,-0.01911645010113716,0.7145987153053284,0.42093268036842346,0.6703528165817261,0.011147047393023968,0.9998579621315002,0.379433810710907,0.6964595913887024,-0.011142968200147152,0.9998331069946289,0.4122564196586609,0.6445739269256592,0.29521825909614563,0.3671831488609314,0.3653809130191803,0.6630994081497192,0.26129278540611267,0.6706785559654236,0.39606034755706787,0.6229240298271179,0.5709887742996216,0.68800950050354,0.34871116280555725,0.6129032969474792,0.5235096216201782,0.9238030314445496,0.3904789984226227,0.6097286343574524,0.6054601073265076,0.8227701783180237,0.34657323360443115,0.599251925945282,0.5554301738739014,0.9636674523353577,0.40656399726867676,0.6423512101173401,0.6343201398849487,0.17929600179195404,0.3442703187465668,0.6482038497924805,0.5687980055809021,0.400508314371109
166,0.4628334939479828,0.8441182374954224,-0.18176719546318054,0.9999251365661621,0.46809425950050354,0.8449695706367493,-0.2073397934436798,0.9999057650566101,0.4709142744541168,0.8421043753623962,-0.20734624564647675,0.9999231696128845,0.47395071387290955,0.8388907313346863,-0.2073851376771927,0.9998944401741028,0.4609604477882385,0.850326657295227,-0.20738153159618378,0.9999250769615173,0.4584256112575531,0.851471483707428,-0.2074315845966339,0.9999437928199768,0.45569807291030884,0.8527042269706726,-0.2075192928314209,0.9999210834503174,0.4751071333885193,0.8224566578865051,-0.23690998554229736,0.999920129776001,0.44433170557022095,0.8456524610519409,-0.23849448561668396,0.9999104142189026,0.4637942314147949,0.8309785723686218,-0.1807832568883896,0.9997831583023071,0.45484381914138794,0.8378111720085144,-0.1814812272787094,0.9997937679290771,0.4883669316768646,0.7646133303642273,-0.19168277084827423,0.9996814131736755,0.39339935779571533,0.8127964735031128,-0.21051378548145294,0.9997889995574951,0.5003234148025513,0.7452386021614075,-0.06613035500049591,0.9194575548171997,0.3429871201515198,0.7949389815330505,-0.10718375444412231,0.9638178944587708,0.5092837810516357,0.8016492128372192,0.04490329325199127,0.6947415471076965,0.383584201335907,0.8407039642333984,-0.019125187769532204,0.7598634362220764,0.5237833261489868,0.8156927227973938,0.04490146040916443,0.7658776044845581,0.384420782327652,0.8623272776603699,-0.02395245060324669,0.7982374429702759,0.5075831413269043,0.8223159313201904,0.039437178522348404,0.7329854965209961,0.39876675605773926,0.8544747233390808,-0.036319389939308167,0.7781209349632263,0.49890947341918945,0.8193846344947815,0.046604253351688385,0.6653727889060974,0.4022151827812195,0.8447199463844299,-0.021300626918673515,0.7157790660858154,0.4209848940372467,0.670356035232544,0.011198504827916622,0.9998586177825928,0.3795420527458191,0.6964713335037231,-0.011190916411578655,0.9998340606689453,0.4123286306858063,0.6445828676223755,0.29540252685546875,0.36585724353790283,0.36552849411964417,0.6632682681083679,0.2615202069282532,0.6707596778869629,0.39620262384414673,0.6230441331863403,0.5714794993400574,0.6864286661148071,0.3487102687358856,0.613095223903656,0.5235474109649658,0.9238343238830566,0.3906421959400177,0.6098650693893433,0.6059487462043762,0.8213631510734558,0.34650763869285583,0.5994492173194885,0.5553690195083618,0.963467001914978,0.40657052397727966,0.6423870325088501,0.6344397068023682,0.17946481704711914,0.344272255897522,0.6488295197486877,0.5685619711875916,0.40208375453948975
167,0.4626375138759613,0.8443230986595154,-0.18267005681991577,0.9999260902404785,0.4679428040981293,0.8451338410377502,-0.20814576745033264,0.9999069571495056,0.4707837700843811,0.8422653079032898,-0.2081531584262848,0.9999241828918457,0.4738260805606842,0.8390477299690247,-0.20819202065467834,0.9998958706855774,0.4608291685581207,0.8504132032394409,-0.20818141102790833,0.9999260306358337,0.4583186209201813,0.8515310287475586,-0.208232119679451,0.9999445080757141,0.4556203782558441,0.8527371883392334,-0.20831826329231262,0.9999221563339233,0.47500309348106384,0.8226231932640076,-0.23716096580028534,0.9999210834503174,0.4443226456642151,0.8456514477729797,-0.2386864721775055,0.9999115467071533,0.4636922776699066,0.831185519695282,-0.18148532509803772,0.999785304069519,0.45471176505088806,0.8379446864128113,-0.18216994404792786,0.9997957348823547,0.4883296489715576,0.7646095156669617,-0.19185218214988708,0.9996830821037292,0.3934043347835541,0.8126281499862671,-0.21055161952972412,0.9997890591621399,0.50034499168396,0.7451537251472473,-0.06796285510063171,0.920635461807251,0.3428305387496948,0.795129656791687,-0.10759298503398895,0.9641832709312439,0.5092867612838745,0.801632821559906,0.042217738926410675,0.6945239901542664,0.383428156375885,0.8408316969871521,-0.020164841786026955,0.7603817582130432,0.5238133668899536,0.8156941533088684,0.04237014800310135,0.7647129893302917,0.3841513693332672,0.8625223636627197,-0.024943683296442032,0.7984446287155151,0.5076727867126465,0.822411298751831,0.03724769502878189,0.7317411303520203,0.3984855115413666,0.8544737100601196,-0.03725512698292732,0.7783923149108887,0.49895960092544556,0.8194177150726318,0.044073645025491714,0.6640689373016357,0.4018849730491638,0.8447156548500061,-0.0223248153924942,0.7158969044685364,0.4209982454776764,0.6703535318374634,0.011186252348124981,0.9998583197593689,0.37969475984573364,0.6964622139930725,-0.011175841093063354,0.9998341798782349,0.4123361110687256,0.6445412039756775,0.29521265625953674,0.36369040608406067,0.365540474653244,0.6631577014923096,0.26161298155784607,0.6716280579566956,0.39626744389533997,0.6231138706207275,0.5699509382247925,0.6845107078552246,0.3487186133861542,0.6130353808403015,0.5223280191421509,0.9243822693824768,0.39071911573410034,0.6099595427513123,0.6041823029518127,0.8196042776107788,0.3465142250061035,0.5993899703025818,0.5539110898971558,0.9635355472564697,0.4065665304660797,0.6423812508583069,0.632379412651062,0.179503932595253,0.3442457318305969,0.6485231518745422,0.5670424103736877,0.4052862226963043
168,0.4626396596431732,0.8443526029586792,-0.18304042518138885,0.999926745891571,0.4679437279701233,0.8451642990112305,-0.20848698914051056,0.9999076724052429,0.4707844853401184,0.842296838760376,-0.2084929645061493,0.9999247789382935,0.4738267958164215,0.8390803933143616,-0.20853030681610107,0.9998967051506042,0.4608284533023834,0.8504272699356079,-0.20859329402446747,0.9999266266822815,0.458318293094635,0.8515397906303406,-0.2086450159549713,0.9999449849128723,0.455620139837265,0.852741539478302,-0.20873096585273743,0.9999228715896606,0.47500261664390564,0.8226544857025146,-0.2373386174440384,0.9999215006828308,0.4443245828151703,0.8456504940986633,-0.23922331631183624,0.9999123215675354,0.4636925756931305,0.8312196731567383,-0.1818227618932724,0.9997865557670593,0.4547102451324463,0.837956428527832,-0.18260663747787476,0.9997971653938293,0.48833340406417847,0.7645679712295532,-0.1918436884880066,0.9996815323829651,0.39341285824775696,0.8123219013214111,-0.21158134937286377,0.9997886419296265,0.5003334283828735,0.7451212406158447,-0.06780921667814255,0.9209451675415039,0.3428104519844055,0.795140266418457,-0.1086735725402832,0.9645368456840515,0.5093030333518982,0.8015926480293274,0.042514294385910034,0.6937889456748962,0.3833954334259033,0.8408428430557251,-0.021118098869919777,0.7610447406768799,0.5239911079406738,0.8156783580780029,0.042957380414009094,0.7635798454284668,0.38406550884246826,0.8624709844589233,-0.0259055458009243,0.7987105846405029,0.5076864957809448,0.8223924040794373,0.03777815401554108,0.7305622696876526,0.39840933680534363,0.8543986678123474,-0.038297392427921295,0.7787363529205322,0.4989621043205261,0.8193692564964294,0.04436655715107918,0.6628687977790833,0.40182027220726013,0.8446936011314392,-0.023301465436816216,0.7161982655525208,0.42099589109420776,0.6703446507453918,0.011273321695625782,0.999857485294342,0.37970858812332153,0.6964241862297058,-0.011259160935878754,0.9998338222503662,0.4123658537864685,0.6445465087890625,0.29552239179611206,0.3633812367916107,0.3656238913536072,0.6631532311439514,0.2613205313682556,0.6736404895782471,0.3962753117084503,0.6231822371482849,0.5703831911087036,0.6837400794029236,0.3487209677696228,0.6132249236106873,0.521453857421875,0.9248342514038086,0.3907316327095032,0.6100442409515381,0.6047364473342896,0.8189948797225952,0.346443235874176,0.5997721552848816,0.5530127882957458,0.9636406898498535,0.4065629541873932,0.642408013343811,0.6331619024276733,0.17996461689472198,0.3442539870738983,0.6486769318580627,0.5657417178153992,0.4079730212688446
169,0.4626413881778717,0.8442650437355042,-0.18393124639987946,0.9999268054962158,0.4679483473300934,0.8450750708580017,-0.20916835963726044,0.9999074935913086,0.47079452872276306,0.8421953320503235,-0.2091737985610962,0.9999246597290039,0.47384458780288696,0.8389772176742554,-0.20921146869659424,0.9998965263366699,0.4608280658721924,0.8503782153129578,-0.20936095714569092,0.9999265074729919,0.45831727981567383,0.8515039682388306,-0.20941218733787537,0.9999449849128723,0.4556182324886322,0.8527159094810486,-0.2094949185848236,0.9999228119850159,0.4750133156776428,0.8226563334465027,-0.2373695820569992,0.9999213814735413,0.44429707527160645,0.8456495404243469,-0.2394147366285324,0.9999119639396667,0.4636927545070648,0.8311556577682495,-0.18238505721092224,0.9997854828834534,0.4547083377838135,0.8379173278808594,-0.18326032161712646,0.9997960329055786,0.4883252680301666,0.7645813822746277,-0.19182875752449036,0.999680757522583,0.39338868856430054,0.8122705221176147,-0.21160371601581573,0.9997873902320862,0.5003682374954224,0.7451115250587463,-0.06779246032238007,0.9209377765655518,0.34227439761161804,0.7953110337257385,-0.10907222330570221,0.9649917483329773,0.5093024373054504,0.8015806078910828,0.04275228828191757,0.6922502517700195,0.38284003734588623,0.8412283062934875,-0.02197747305035591,0.7622336149215698,0.5239895582199097,0.8156453967094421,0.043199148029088974,0.7621290683746338,0.3836204707622528,0.8626719117164612,-0.02678699418902397,0.7994092702865601,0.5076743364334106,0.8223885893821716,0.03799691051244736,0.7289488911628723,0.39769455790519714,0.8548079133033752,-0.03895251080393791,0.779417872428894,0.4989609718322754,0.8193716406822205,0.04460198059678078,0.6610211133956909,0.4010571539402008,0.8450779318809509,-0.024070952087640762,0.7166847586631775,0.42100754380226135,0.6704553961753845,0.01127319224178791,0.9998559951782227,0.37973958253860474,0.6964167952537537,-0.011258813552558422,0.9998334646224976,0.41233277320861816,0.6445521116256714,0.2953079342842102,0.3618628680706024,0.36560872197151184,0.662175714969635,0.2604415714740753,0.6757152676582336,0.3962576985359192,0.6230542063713074,0.5704383850097656,0.6824837923049927,0.34875497221946716,0.6124168634414673,0.5193169116973877,0.9259001612663269,0.3907218873500824,0.6099180579185486,0.6048052906990051,0.8179136514663696,0.34658583998680115,0.5990496873855591,0.550799548625946,0.9640174508094788,0.4065297544002533,0.6422649621963501,0.6333298087120056,0.17933468520641327,0.3442675471305847,0.6472474932670593,0.5639209151268005,0.4108838737010956
170,0.462646484375,0.8441485166549683,-0.18435001373291016,0.9999260306358337,0.46795210242271423,0.8449821472167969,-0.2096855193376541,0.9999061822891235,0.4708032011985779,0.8421081304550171,-0.20968997478485107,0.999923586845398,0.4738631248474121,0.8389062285423279,-0.20972712337970734,0.9998949766159058,0.46082574129104614,0.850303053855896,-0.20990383625030518,0.9999255537986755,0.45831069350242615,0.8514451384544373,-0.20995505154132843,0.9999443292617798,0.4556023180484772,0.8526762127876282,-0.21003738045692444,0.9999218583106995,0.4750250279903412,0.8226224184036255,-0.23789635300636292,0.9999202489852905,0.44423907995224,0.8456485867500305,-0.2401363104581833,0.9999107718467712,0.4636934697628021,0.8310592174530029,-0.18278184533119202,0.9997826814651489,0.454709529876709,0.8378137946128845,-0.18368566036224365,0.9997937679290771,0.4883247911930084,0.7645576000213623,-0.19202853739261627,0.9996785521507263,0.393389493227005,0.8122549653053284,-0.21207821369171143,0.999786913394928,0.5003793835639954,0.7450910210609436,-0.06778768450021744,0.920161247253418,0.3419133424758911,0.7958013415336609,-0.10933040082454681,0.9652003645896912,0.5092944502830505,0.8016791939735413,0.04285532981157303,0.6895645260810852,0.3828391432762146,0.841224730014801,-0.02255440689623356,0.7627784013748169,0.5239956378936768,0.8157223463058472,0.043327752500772476,0.7600760459899902,0.3835560083389282,0.8626720309257507,-0.027441874146461487,0.7998903393745422,0.5076730251312256,0.82245934009552,0.038050126284360886,0.7266910076141357,0.39775627851486206,0.8547831177711487,-0.03982728719711304,0.7799277305603027,0.49895891547203064,0.8194511532783508,0.044691555202007294,0.658637523651123,0.40115824341773987,0.8450454473495483,-0.02472582831978798,0.7171089053153992,0.42101049423217773,0.6704457998275757,0.01126642432063818,0.9998549222946167,0.37974077463150024,0.6963996887207031,-0.011251866817474365,0.9998335838317871,0.41229087114334106,0.6445225477218628,0.2953621447086334,0.360873818397522,0.3655702769756317,0.6618124842643738,0.2603297531604767,0.6765202283859253,0.3963255286216736,0.6230706572532654,0.570912778377533,0.6809431910514832,0.3487705588340759,0.6121372580528259,0.5199562311172485,0.9264001250267029,0.39080575108528137,0.6099528670310974,0.6053637862205505,0.817051351070404,0.34665483236312866,0.5987792611122131,0.5515531897544861,0.9642065763473511,0.40652403235435486,0.6422592401504517,0.634199857711792,0.17828243970870972,0.34435945749282837,0.6459494829177856,0.5647865533828735,0.41186586022377014
171,0.4628162980079651,0.844056248664856,-0.18443086743354797,0.9999264478683472,0.4681738018989563,0.8448654413223267,-0.2098316252231598,0.9999063611030579,0.47100338339805603,0.8420082330703735,-0.2098354548215866,0.9999237656593323,0.47408080101013184,0.8388124108314514,-0.20987257361412048,0.9998950958251953,0.46094876527786255,0.850220263004303,-0.2100326120853424,0.9999258518218994,0.4584171772003174,0.8513740301132202,-0.2100844383239746,0.9999446272850037,0.4557029604911804,0.8526158928871155,-0.21016642451286316,0.9999222755432129,0.4750882685184479,0.8225211501121521,-0.2382892668247223,0.9999204874038696,0.4442867338657379,0.845636785030365,-0.24048106372356415,0.9999111294746399,0.46382245421409607,0.8309944868087769,-0.1829182207584381,0.9997830986976624,0.4548189640045166,0.8377249836921692,-0.1838112771511078,0.9997943043708801,0.48832887411117554,0.7644940614700317,-0.19236835837364197,0.9996770620346069,0.39354535937309265,0.8122776746749878,-0.2121400088071823,0.9997877478599548,0.5002604722976685,0.7450886964797974,-0.0675848051905632,0.9191611409187317,0.34191930294036865,0.7958118915557861,-0.10932650417089462,0.9654523134231567,0.5092745423316956,0.8016717433929443,0.04510442167520523,0.6882144212722778,0.38279595971107483,0.8412234783172607,-0.022513559088110924,0.764098584651947,0.5239207148551941,0.8157005906105042,0.04608704522252083,0.7594157457351685,0.3833146393299103,0.8626654148101807,-0.027405161410570145,0.8010490536689758,0.507688581943512,0.822454035282135,0.040668338537216187,0.7259191274642944,0.3977677822113037,0.8547267317771912,-0.039667315781116486,0.7810989618301392,0.49898648262023926,0.8194482326507568,0.04699927568435669,0.657606840133667,0.401228129863739,0.8449789881706238,-0.024647342041134834,0.7181138396263123,0.42087069153785706,0.6703447699546814,0.011091100051999092,0.9998529553413391,0.37974026799201965,0.6964010000228882,-0.011075204238295555,0.9998326301574707,0.41208237409591675,0.6442722678184509,0.2954089939594269,0.3607162535190582,0.3654993176460266,0.6616484522819519,0.26039448380470276,0.6783512234687805,0.3962703049182892,0.6231057047843933,0.5709670186042786,0.6800596714019775,0.3487429618835449,0.6120243072509766,0.5201815366744995,0.927132785320282,0.39075225591659546,0.6100295782089233,0.6053980588912964,0.8169001340866089,0.34662774205207825,0.5987493395805359,0.5517774820327759,0.9645360708236694,0.4064734876155853,0.6422234773635864,0.63431715965271,0.17733889818191528,0.34420377016067505,0.6457204818725586,0.5651233792304993,0.4126216471195221
172,0.4629289209842682,0.8443963527679443,-0.18729552626609802,0.9999294877052307,0.46832776069641113,0.8453112244606018,-0.21268829703330994,0.9999104142189026,0.47114309668540955,0.8423829674720764,-0.21269211173057556,0.9999270439147949,0.47420960664749146,0.8390910029411316,-0.21272578835487366,0.9998995661735535,0.4612223207950592,0.8507436513900757,-0.21292050182819366,0.9999290704727173,0.45875272154808044,0.8519431352615356,-0.21297502517700195,0.9999469518661499,0.4560927450656891,0.8532424569129944,-0.21305716037750244,0.9999256730079651,0.4751651883125305,0.8227638006210327,-0.24037297070026398,0.999923586845398,0.4449551999568939,0.8465732932090759,-0.2427651435136795,0.999914824962616,0.46391135454177856,0.831184446811676,-0.1855131834745407,0.999790608882904,0.45488062500953674,0.838082492351532,-0.18642689287662506,0.9998018145561218,0.4881645739078522,0.7643419504165649,-0.19279809296131134,0.9996756315231323,0.39351311326026917,0.8126500248908997,-0.21454139053821564,0.9997892379760742,0.497866690158844,0.7430745959281921,-0.06877396255731583,0.9192888736724854,0.34213337302207947,0.7958049178123474,-0.11159557104110718,0.9657544493675232,0.5091383457183838,0.801552951335907,0.042398326098918915,0.6901807188987732,0.3827971816062927,0.8415562510490417,-0.026741668581962585,0.768075168132782,0.5237690806388855,0.8154955506324768,0.04290030896663666,0.7610900402069092,0.3833310902118683,0.8630222678184509,-0.03182815760374069,0.8049532771110535,0.5076786875724792,0.8224268555641174,0.03751005977392197,0.7277463674545288,0.3977772295475006,0.8547287583351135,-0.04468579962849617,0.7853370308876038,0.4989643096923828,0.8194451928138733,0.04418221488595009,0.6600551009178162,0.4012255072593689,0.8449732065200806,-0.029135767370462418,0.7230741381645203,0.420752614736557,0.6696183681488037,0.011039426550269127,0.9998542666435242,0.3796699345111847,0.696195662021637,-0.01101604476571083,0.9998344779014587,0.41208186745643616,0.6442763209342957,0.29545482993125916,0.35090190172195435,0.36531397700309753,0.6621866226196289,0.26275867223739624,0.6705132126808167,0.39627185463905334,0.6233299970626831,0.5699306726455688,0.6752442121505737,0.34865546226501465,0.6125325560569763,0.522813081741333,0.9260262846946716,0.39076247811317444,0.6103368401527405,0.6039757132530212,0.813542902469635,0.34644603729248047,0.5993521809577942,0.5542508363723755,0.9639278054237366,0.40647196769714355,0.6422175168991089,0.6324228644371033,0.17706307768821716,0.34426647424697876,0.6459943652153015,0.5679956078529358,0.41197335720062256
173,0.46305862069129944,0.8445165157318115,-0.18979910016059875,0.9999309778213501,0.4684482216835022,0.8454858660697937,-0.215042382478714,0.9999122619628906,0.47125744819641113,0.8425394296646118,-0.21504712104797363,0.9999284744262695,0.4743182063102722,0.8392165303230286,-0.2150813341140747,0.9999015927314758,0.46139734983444214,0.8508958220481873,-0.215492844581604,0.9999306797981262,0.4589565694332123,0.8520908951759338,-0.21554875373840332,0.9999480843544006,0.4563232362270355,0.8533811569213867,-0.21563252806663513,0.9999274015426636,0.47527989745140076,0.8228935599327087,-0.24199490249156952,0.9999248385429382,0.4453425407409668,0.8466821908950806,-0.24535349011421204,0.9999164938926697,0.4640507102012634,0.8312405347824097,-0.18772582709789276,0.9997930526733398,0.45497626066207886,0.8381710648536682,-0.18890121579170227,0.9998043179512024,0.4881620407104492,0.7642859816551208,-0.19314852356910706,0.9996703267097473,0.39350834488868713,0.8126601576805115,-0.2172543704509735,0.9997894167900085,0.4979967474937439,0.743194043636322,-0.06876107305288315,0.9183733463287354,0.3421419560909271,0.7961615920066833,-0.11415489763021469,0.9659132361412048,0.5091029405593872,0.8015080094337463,0.042199574410915375,0.6882465481758118,0.38278037309646606,0.8416478037834167,-0.029737204313278198,0.7711187601089478,0.5237085819244385,0.8153707385063171,0.04276445508003235,0.7597872018814087,0.3833335041999817,0.8630250692367554,-0.03490041196346283,0.8081455826759338,0.5076764822006226,0.8223472237586975,0.037381451576948166,0.726239800453186,0.3977750241756439,0.8546704053878784,-0.04777161031961441,0.7887446284294128,0.49895453453063965,0.8193989992141724,0.043983377516269684,0.6587512493133545,0.40114912390708923,0.8449140787124634,-0.032131973654031754,0.7268353700637817,0.4207301139831543,0.6691684126853943,0.011115241795778275,0.9998545050621033,0.3795778155326843,0.695979118347168,-0.011087548919022083,0.9998356699943542,0.4120691418647766,0.6442779302597046,0.29669857025146484,0.3404565155506134,0.3652245104312897,0.6624413728713989,0.26413342356681824,0.6620549559593201,0.3961940109729767,0.623495876789093,0.5711908340454102,0.6694494485855103,0.34863194823265076,0.6127387881278992,0.5255808234214783,0.9246454834938049,0.3907011151313782,0.6104932427406311,0.6051545143127441,0.8096359968185425,0.34644585847854614,0.5994566082954407,0.5571485757827759,0.9632089138031006,0.4064579904079437,0.6423168182373047,0.6336506009101868,0.17546798288822174,0.34431713819503784,0.6460248231887817,0.5709565281867981,0.4094846248626709
174,0.46306008100509644,0.8444682955741882,-0.18934005498886108,0.9999327063560486,0.46844854950904846,0.845420241355896,-0.2146453857421875,0.9999145269393921,0.47125792503356934,0.8424638509750366,-0.21464991569519043,0.9999303817749023,0.47431865334510803,0.8391316533088684,-0.21468424797058105,0.9999040365219116,0.46139979362487793,0.8508485555648804,-0.21503505110740662,0.9999324083328247,0.45896047353744507,0.8520572781562805,-0.21509024500846863,0.9999493360519409,0.4563279151916504,0.8533617258071899,-0.21517391502857208,0.9999290704727173,0.4752811789512634,0.8228264451026917,-0.24186904728412628,0.999926745891571,0.4453321099281311,0.8466732501983643,-0.24509696662425995,0.9999184012413025,0.46404486894607544,0.8312101364135742,-0.1873933970928192,0.9997972846031189,0.45497894287109375,0.8381592035293579,-0.18849921226501465,0.9998086094856262,0.48805585503578186,0.7642847895622253,-0.1933712512254715,0.9996742010116577,0.39348724484443665,0.8128707408905029,-0.21722309291362762,0.9997925758361816,0.4980667233467102,0.7434338927268982,-0.06984832882881165,0.9180314540863037,0.34214383363723755,0.7961558699607849,-0.11384858191013336,0.9664096236228943,0.5090757608413696,0.8015057444572449,0.040461473166942596,0.6903104782104492,0.38232046365737915,0.8416473865509033,-0.028801580891013145,0.7750720977783203,0.5234678983688354,0.8153417706489563,0.04082070291042328,0.7617756724357605,0.38307249546051025,0.8630048036575317,-0.033865317702293396,0.8116351962089539,0.507624626159668,0.8223364949226379,0.0353878028690815,0.7283585667610168,0.39754340052604675,0.8545944690704346,-0.0465579517185688,0.7924479246139526,0.49894505739212036,0.8194004893302917,0.04223192483186722,0.6610392928123474,0.4009179174900055,0.8448531031608582,-0.031111136078834534,0.7308769822120667,0.42072001099586487,0.669145405292511,0.010938724502921104,0.9998561143875122,0.37952905893325806,0.6959263682365417,-0.010910190641880035,0.9998382329940796,0.4119994640350342,0.6442582607269287,0.2962687313556671,0.3384785056114197,0.3650161623954773,0.661969780921936,0.2639259696006775,0.6617149710655212,0.3964192569255829,0.6236384510993958,0.5708534717559814,0.6678891777992249,0.34863370656967163,0.6125094294548035,0.5246543288230896,0.9250287413597107,0.39098840951919556,0.6107122898101807,0.6048861145973206,0.8086845278739929,0.3465519845485687,0.5991672277450562,0.5561774969100952,0.9632658958435059,0.4078102111816406,0.6419588327407837,0.6334950923919678,0.17543990910053253,0.34442341327667236,0.6445731520652771,0.5701323747634888,0.4111734926700592
175,0.4630672037601471,0.8444680571556091,-0.18941375613212585,0.999934732913971,0.46845144033432007,0.8454007506370544,-0.21502244472503662,0.9999171495437622,0.4712592661380768,0.8424394726753235,-0.2150251567363739,0.9999325275421143,0.4743196368217468,0.8391035199165344,-0.21505849063396454,0.9999067783355713,0.46140915155410767,0.8508450984954834,-0.21529588103294373,0.9999344348907471,0.4589707851409912,0.8520539999008179,-0.21535006165504456,0.9999508857727051,0.4563373923301697,0.8533651232719421,-0.2154323160648346,0.9999311566352844,0.47528305649757385,0.8228281140327454,-0.24318599700927734,0.9999288320541382,0.44532155990600586,0.8467270731925964,-0.2457665205001831,0.9999207854270935,0.4640430510044098,0.8312154412269592,-0.18766257166862488,0.9998019337654114,0.4549897611141205,0.8381871581077576,-0.18863090872764587,0.9998136758804321,0.48796018958091736,0.764309823513031,-0.19512149691581726,0.9996781349182129,0.3935365080833435,0.8138720393180847,-0.21751444041728973,0.9997962117195129,0.4985008239746094,0.7434471845626831,-0.07178279012441635,0.9186528325080872,0.3422411382198334,0.7961481809616089,-0.11358077824115753,0.9669433236122131,0.5090835690498352,0.8015074133872986,0.038504164665937424,0.694320023059845,0.38211196660995483,0.8416780829429626,-0.028221022337675095,0.779047966003418,0.5233426690101624,0.8153381943702698,0.038551490753889084,0.765133261680603,0.38293707370758057,0.86305171251297,-0.03321314975619316,0.8149580359458923,0.5075980424880981,0.8223285675048828,0.032953765243291855,0.7319387793540955,0.39739251136779785,0.8545900583267212,-0.04584865644574165,0.7959475517272949,0.4989476799964905,0.8194045424461365,0.04018206149339676,0.6649753451347351,0.40077051520347595,0.8448296785354614,-0.030494529753923416,0.7348081469535828,0.42067521810531616,0.6690953373908997,0.010841216892004013,0.9998575448989868,0.3793570101261139,0.6959155797958374,-0.010811296291649342,0.9998407363891602,0.4119758605957031,0.6442273259162903,0.2972148060798645,0.3342142403125763,0.36490827798843384,0.6619125008583069,0.26465049386024475,0.658998966217041,0.39647430181503296,0.6238184571266174,0.5747677087783813,0.666042149066925,0.3486320376396179,0.6125416159629822,0.5270150303840637,0.9247133731842041,0.39108020067214966,0.6109243035316467,0.6092175245285034,0.8075709939002991,0.3465617001056671,0.5991878509521484,0.5588257908821106,0.9630946516990662,0.4077743589878082,0.6420153975486755,0.6382210850715637,0.17494943737983704,0.3444831967353821,0.6446473598480225,0.5730003714561462,0.4102814793586731
176,0.463078111410141,0.8444757461547852,-0.18989188969135284,0.9999365210533142,0.4684554636478424,0.8453992605209351,-0.21571862697601318,0.9999194741249084,0.47126078605651855,0.8424385786056519,-0.21571990847587585,0.9999344348907471,0.47432011365890503,0.8391034603118896,-0.2157537043094635,0.9999093413352966,0.4614144265651703,0.8508493304252625,-0.21590843796730042,0.9999362826347351,0.45897549390792847,0.8520748019218445,-0.2159622460603714,0.9999522566795349,0.45634299516677856,0.8534168601036072,-0.21604278683662415,0.9999330639839172,0.4752822518348694,0.8228638768196106,-0.24440237879753113,0.9999306797981262,0.4453123211860657,0.846947968006134,-0.24662628769874573,0.9999228119850159,0.46404343843460083,0.8312366008758545,-0.18827681243419647,0.9998059868812561,0.4550052285194397,0.8382404446601868,-0.18913431465625763,0.999817967414856,0.48793187737464905,0.7643094658851624,-0.19653519988059998,0.9996802806854248,0.39356571435928345,0.814418613910675,-0.21783670783042908,0.9997981786727905,0.4988126754760742,0.7434720396995544,-0.07317863404750824,0.9189472794532776,0.3422444462776184,0.7960190176963806,-0.11359918117523193,0.9672530293464661,0.5091063976287842,0.8015280365943909,0.03692047297954559,0.6972560882568359,0.38178446888923645,0.8418406844139099,-0.028174351900815964,0.781745195388794,0.5232819318771362,0.8153637051582336,0.03682125359773636,0.7676868438720703,0.38270771503448486,0.8631632328033447,-0.033157624304294586,0.8174664378166199,0.5075973272323608,0.8223658800125122,0.031076842918992043,0.7346278429031372,0.39718785881996155,0.8546921014785767,-0.045612480491399765,0.7985405921936035,0.49897974729537964,0.8194839358329773,0.038546159863471985,0.6678711175918579,0.40049663186073303,0.8448858857154846,-0.030371222645044327,0.7376501560211182,0.42061981558799744,0.6690961718559265,0.0108241718262434,0.9998575448989868,0.3792486786842346,0.6959298849105835,-0.01079258881509304,0.9998419880867004,0.4119699001312256,0.6442343592643738,0.2984570860862732,0.32680678367614746,0.3648762106895447,0.6619145274162292,0.2655724883079529,0.6535045504570007,0.39647018909454346,0.6241701245307922,0.577521800994873,0.6625991463661194,0.3486317992210388,0.612616240978241,0.5292905569076538,0.9237451553344727,0.3910820186138153,0.6112604737281799,0.6121453046798706,0.8052244782447815,0.3465615212917328,0.5992582440376282,0.5612963438034058,0.9625851511955261,0.407736599445343,0.6422130465507507,0.6412423849105835,0.17376910150051117,0.3444877862930298,0.6448608040809631,0.5758566856384277,0.4076024293899536
177,0.4631427228450775,0.8444423675537109,-0.1875728964805603,0.9999390244483948,0.4684983789920807,0.8453503251075745,-0.2141386717557907,0.9999227523803711,0.4712955057621002,0.842388927936554,-0.21413858234882355,0.9999370574951172,0.4743407666683197,0.8390634655952454,-0.21417216956615448,0.9999128580093384,0.46145063638687134,0.8508338928222656,-0.2139364778995514,0.9999389052391052,0.4590097963809967,0.8520700931549072,-0.21399012207984924,0.9999541640281677,0.45637696981430054,0.8534152507781982,-0.21406956017017365,0.9999358057975769,0.47528186440467834,0.822862446308136,-0.24415460228919983,0.9999335408210754,0.4453522264957428,0.846964418888092,-0.24570803344249725,0.9999260902404785,0.4640839993953705,0.8312112092971802,-0.18675661087036133,0.9998135566711426,0.4550817012786865,0.8382333517074585,-0.18712598085403442,0.9998254179954529,0.4877748489379883,0.7642982006072998,-0.19652733206748962,0.9996885657310486,0.39366966485977173,0.814891517162323,-0.21697969734668732,0.9998041987419128,0.49889492988586426,0.7435252070426941,-0.07329784333705902,0.920061469078064,0.34251293540000916,0.7955904006958008,-0.11218053102493286,0.9679103493690491,0.5091578364372253,0.8015274405479431,0.03720223158597946,0.7022525072097778,0.3817899823188782,0.8416683673858643,-0.0267210453748703,0.7856742739677429,0.5232848525047302,0.8153629899024963,0.0371556393802166,0.7717363238334656,0.3826526999473572,0.8631424307823181,-0.03162230923771858,0.8206406831741333,0.5076747536659241,0.8223734498023987,0.03156096488237381,0.7389503717422485,0.39713233709335327,0.8546503186225891,-0.044031206518411636,0.8018495440483093,0.4991612434387207,0.8195448517799377,0.03890538588166237,0.672469973564148,0.4004858434200287,0.8447776436805725,-0.028896916657686234,0.7414698004722595,0.4205557703971863,0.6690648198127747,0.010558849200606346,0.9998595118522644,0.3792381286621094,0.6959540247917175,-0.010522132739424706,0.999844491481781,0.4119448661804199,0.6442367434501648,0.29853788018226624,0.3253503441810608,0.3648758828639984,0.6619865894317627,0.26610249280929565,0.652414083480835,0.3960716128349304,0.6242062449455261,0.5771921277046204,0.6644721627235413,0.34853595495224,0.6128013134002686,0.5291858315467834,0.9236658215522766,0.39061665534973145,0.6112849116325378,0.6117655038833618,0.8067880868911743,0.3462880253791809,0.5997482538223267,0.5611297488212585,0.9627217650413513,0.4072806239128113,0.6422114968299866,0.6408721208572388,0.17479944229125977,0.3444135785102844,0.6458337306976318,0.5758954286575317,0.4066704213619232
178,0.4631556570529938,0.8444518446922302,-0.1878724843263626,0.9999409317970276,0.4685084819793701,0.8453496694564819,-0.21439847350120544,0.9999252557754517,0.471304714679718,0.8423882126808167,-0.21439795196056366,0.9999390840530396,0.4743463099002838,0.8390634059906006,-0.2144303321838379,0.999915599822998,0.4614558219909668,0.850847601890564,-0.21409134566783905,0.999940812587738,0.45901384949684143,0.8521001935005188,-0.21414463222026825,0.9999555349349976,0.45637935400009155,0.8534707427024841,-0.21422335505485535,0.9999377131462097,0.4752825200557709,0.8228733539581299,-0.24458710849285126,0.999935507774353,0.44534778594970703,0.8470533490180969,-0.24555912613868713,0.9999282360076904,0.46408772468566895,0.8312312960624695,-0.1870681345462799,0.999818742275238,0.45508748292922974,0.8382683992385864,-0.18728852272033691,0.999830424785614,0.4877270758152008,0.7642918825149536,-0.1975673884153366,0.999692440032959,0.39364778995513916,0.8149715065956116,-0.21680982410907745,0.9998072385787964,0.49904924631118774,0.7435413599014282,-0.07553146779537201,0.920710027217865,0.3426344394683838,0.7954955697059631,-0.11179462820291519,0.9682159423828125,0.5091599822044373,0.8015362620353699,0.034473806619644165,0.7065948247909546,0.3817930817604065,0.8416469097137451,-0.026654133573174477,0.7881384491920471,0.5232917666435242,0.8153678178787231,0.03424612432718277,0.7752801775932312,0.38266199827194214,0.8630749583244324,-0.03158385306596756,0.822862982749939,0.5076773762702942,0.8224281072616577,0.028724994510412216,0.7428123354911804,0.3971312940120697,0.854597806930542,-0.04397493973374367,0.8041890263557434,0.4991645812988281,0.8196458220481873,0.03619789332151413,0.6767890453338623,0.400486558675766,0.8447384238243103,-0.02882317639887333,0.7441835999488831,0.42048579454421997,0.6690840125083923,0.010329822078347206,0.9998600482940674,0.37919968366622925,0.6960590481758118,-0.010289551690220833,0.9998458027839661,0.4119439125061035,0.6442611813545227,0.2984181344509125,0.3217378556728363,0.36482465267181396,0.661983072757721,0.2659834623336792,0.6506485939025879,0.3963790535926819,0.6248233914375305,0.5759130716323853,0.663426399230957,0.34853652119636536,0.6128332614898682,0.5290824770927429,0.9235527515411377,0.3910098075866699,0.6120026111602783,0.6102563142776489,0.8063168525695801,0.34630003571510315,0.5997569561004639,0.5609239935874939,0.9626460075378418,0.40725675225257874,0.6422379016876221,0.6391147971153259,0.17546771466732025,0.34441521763801575,0.6458387970924377,0.5758275389671326,0.40726515650749207
179,0.4632342755794525,0.8444368839263916,-0.18772262334823608,0.999941885471344,0.46858662366867065,0.8453392386436462,-0.2142558991909027,0.9999265670776367,0.47137126326560974,0.84238201379776,-0.21425509452819824,0.9999401569366455,0.47439590096473694,0.8390616178512573,-0.2142866849899292,0.9999169707298279,0.461530864238739,0.8508355021476746,-0.2139127254486084,0.9999418258666992,0.459089457988739,0.8520898222923279,-0.21396532654762268,0.9999562501907349,0.45646005868911743,0.8534628748893738,-0.2140442430973053,0.9999386668205261,0.47528403997421265,0.8228787183761597,-0.24442780017852783,0.9999365210533142,0.4453964829444885,0.847054123878479,-0.24541828036308289,0.9999293684959412,0.46413183212280273,0.8312128186225891,-0.18697138130664825,0.9998212456703186,0.45516473054885864,0.8382450938224792,-0.18715712428092957,0.9998330473899841,0.4877248704433441,0.7642781734466553,-0.1974184811115265,0.9996935725212097,0.3936525285243988,0.8150578737258911,-0.21649689972400665,0.9998086094856262,0.4987561106681824,0.7422543168067932,-0.0751059353351593,0.9209672212600708,0.3427945375442505,0.7954919934272766,-0.11095468699932098,0.9684235453605652,0.5091946721076965,0.8015030026435852,0.03522093966603279,0.7093431353569031,0.3818126320838928,0.8416309356689453,-0.025244737043976784,0.7897385954856873,0.5232982635498047,0.8153384327888489,0.035149335861206055,0.7777248024940491,0.3826901614665985,0.8630923628807068,-0.02982199192047119,0.8242844939231873,0.5077168941497803,0.8224018812179565,0.02965616248548031,0.7454716563224792,0.3971504867076874,0.854634165763855,-0.04215279966592789,0.8056625127792358,0.4992280602455139,0.8196418285369873,0.03696991875767708,0.6795985102653503,0.4004901051521301,0.8447430729866028,-0.02736964449286461,0.7458406090736389,0.4204723834991455,0.6690905690193176,0.01020032074302435,0.9998595714569092,0.3791453540325165,0.6960709095001221,-0.010161791928112507,0.9998453855514526,0.4119439125061035,0.6444038152694702,0.2983817160129547,0.3196426331996918,0.3648100793361664,0.6619833111763,0.2659001648426056,0.6483879685401917,0.396544873714447,0.6249492764472961,0.5754445791244507,0.6627892851829529,0.3486083149909973,0.6128527522087097,0.5287922620773315,0.9230154752731323,0.3912373185157776,0.6121347546577454,0.6097264289855957,0.8061959743499756,0.3465039134025574,0.5997549891471863,0.5606247186660767,0.9624072313308716,0.4072440266609192,0.64225834608078,0.6387155652046204,0.17590206861495972,0.3445987403392792,0.6456671953201294,0.5753384828567505,0.406220942735672
180,0.4633146822452545,0.8444168567657471,-0.18710598349571228,0.9999428391456604,0.46867117285728455,0.8453004956245422,-0.2133958786725998,0.9999278783798218,0.47144174575805664,0.8423394560813904,-0.21339592337608337,0.9999412298202515,0.47445201873779297,0.8390169143676758,-0.21342596411705017,0.9999184012413025,0.46161049604415894,0.8508099317550659,-0.21321459114551544,0.9999428391456604,0.45916032791137695,0.852067768573761,-0.21326632797718048,0.9999570250511169,0.45652562379837036,0.8534443378448486,-0.2133454531431198,0.9999397397041321,0.4753008484840393,0.8227845430374146,-0.24315401911735535,0.9999375343322754,0.4454352855682373,0.8470494747161865,-0.24458837509155273,0.9999305605888367,0.46418148279190063,0.8311910629272461,-0.1861947625875473,0.9998238682746887,0.45522695779800415,0.8382349014282227,-0.18657377362251282,0.9998356699943542,0.48771825432777405,0.7642563581466675,-0.1963622272014618,0.9996940493583679,0.39365264773368835,0.8150465488433838,-0.21592696011066437,0.9998083114624023,0.4986799657344818,0.7428532242774963,-0.07466089725494385,0.9219580888748169,0.3431081473827362,0.7955353856086731,-0.11068499088287354,0.9687864780426025,0.5092054605484009,0.801519513130188,0.03552968055009842,0.7111945152282715,0.38221269845962524,0.8419519066810608,-0.024621950462460518,0.7913904190063477,0.5233044624328613,0.8153494596481323,0.03543298318982124,0.77886962890625,0.3829178214073181,0.8638451099395752,-0.029054898768663406,0.8254278898239136,0.5077298879623413,0.8224300742149353,0.029790829867124557,0.7467332482337952,0.3973197340965271,0.8550348877906799,-0.041476089507341385,0.806900143623352,0.4992479681968689,0.8197190761566162,0.0372607447206974,0.6810750961303711,0.40068522095680237,0.8449382185935974,-0.02677083946764469,0.7472640872001648,0.4204150140285492,0.6690805554389954,0.010170348919928074,0.9998587369918823,0.3791233003139496,0.6960338950157166,-0.010131003335118294,0.9998440146446228,0.4119032919406891,0.6443874835968018,0.29761576652526855,0.3181171119213104,0.36466890573501587,0.6617564558982849,0.2654499113559723,0.6472922563552856,0.3965241312980652,0.6249377727508545,0.573081374168396,0.6617816686630249,0.34861189126968384,0.6128464937210083,0.5271321535110474,0.9229081869125366,0.3912203907966614,0.6121209263801575,0.607155442237854,0.805526614189148,0.34653419256210327,0.5997297763824463,0.5587629675865173,0.9623715877532959,0.40719443559646606,0.6421574354171753,0.6358078122138977,0.176483154296875,0.34458863735198975,0.6456477046012878,0.5729073286056519,0.40755876898765564
181,0.4633790850639343,0.8444474935531616,-0.18710747361183167,0.9999428987503052,0.46874451637268066,0.8453094959259033,-0.2133273333311081,0.9999279379844666,0.47152018547058105,0.8423506021499634,-0.21332836151123047,0.9999412298202515,0.4745333194732666,0.8390323519706726,-0.21335896849632263,0.9999184608459473,0.4616626799106598,0.8508177399635315,-0.21320757269859314,0.99994295835495,0.45920705795288086,0.8520742654800415,-0.21325938403606415,0.9999570846557617,0.456571102142334,0.8534480929374695,-0.21333864331245422,0.9999399185180664,0.4753454327583313,0.8227850794792175,-0.2423492968082428,0.9999375343322754,0.44544607400894165,0.8470504283905029,-0.2444448471069336,0.9999305605888367,0.46422290802001953,0.8312438130378723,-0.18611904978752136,0.9998233914375305,0.45526576042175293,0.8383035659790039,-0.18657049536705017,0.9998351335525513,0.4877662658691406,0.7642534971237183,-0.19504502415657043,0.9996913075447083,0.3936549127101898,0.814892590045929,-0.21585330367088318,0.9998065829277039,0.49855098128318787,0.7432950735092163,-0.07141583412885666,0.9216954708099365,0.3431280851364136,0.795818567276001,-0.1107133999466896,0.9687284231185913,0.5092197060585022,0.801522433757782,0.0383031889796257,0.7099403738975525,0.3822835683822632,0.8420601487159729,-0.024751467630267143,0.79192715883255,0.5233081579208374,0.8153509497642517,0.038379646837711334,0.7780754566192627,0.3829198479652405,0.8638414144515991,-0.02932407334446907,0.8260863423347473,0.5077301263809204,0.8224231600761414,0.03281143680214882,0.7458177804946899,0.39732664823532104,0.855061411857605,-0.04186507314443588,0.8075798749923706,0.49924618005752563,0.819719672203064,0.040010686963796616,0.6800949573516846,0.4006858468055725,0.845005989074707,-0.02695966139435768,0.7479944229125977,0.42041903734207153,0.6690806150436401,0.010246123187243938,0.9998579025268555,0.37912192940711975,0.6960338354110718,-0.01020581740885973,0.9998428821563721,0.41185808181762695,0.6444059014320374,0.2976078391075134,0.31323936581611633,0.3646295368671417,0.6617829203605652,0.26563307642936707,0.6430044770240784,0.3962683081626892,0.6249323487281799,0.5732278823852539,0.6590560078620911,0.34861043095588684,0.6129577159881592,0.5283556580543518,0.9222543239593506,0.3909541368484497,0.6120929718017578,0.6073466539382935,0.8037299513816833,0.34653499722480774,0.599830687046051,0.5601674318313599,0.962102472782135,0.40705904364585876,0.6423811316490173,0.6359444856643677,0.17520523071289062,0.34459221363067627,0.6458358764648438,0.5742284059524536,0.4056284427642822
182,0.4634121358394623,0.84444659948349,-0.18609830737113953,0.9999436736106873,0.4687705636024475,0.8453080654144287,-0.21212539076805115,0.9999290108680725,0.4715433120727539,0.8423494100570679,-0.2121286690235138,0.9999420642852783,0.4745531976222992,0.8390303254127502,-0.21216066181659698,0.9999197125434875,0.461698442697525,0.8508163690567017,-0.21217648684978485,0.9999437928199768,0.459245502948761,0.8520724773406982,-0.2122279405593872,0.9999576807022095,0.4566136300563812,0.8534444570541382,-0.21230776607990265,0.999940812587738,0.4753556251525879,0.8227590918540955,-0.24119873344898224,0.999938428401947,0.4455016255378723,0.8470328450202942,-0.24362540245056152,0.9999315738677979,0.46425381302833557,0.8312432765960693,-0.18501992523670197,0.999825656414032,0.45529189705848694,0.8383031487464905,-0.18568681180477142,0.9998371601104736,0.48774272203445435,0.7642297744750977,-0.19430223107337952,0.9996922612190247,0.3936665952205658,0.8147264719009399,-0.21554164588451385,0.9998069405555725,0.4985702931880951,0.7435566782951355,-0.07063620537519455,0.9221333265304565,0.34328609704971313,0.7958313822746277,-0.1107310876250267,0.969028890132904,0.5092320442199707,0.8015289306640625,0.03898623213171959,0.7106136083602905,0.38233327865600586,0.8422058820724487,-0.02506611868739128,0.7933543920516968,0.5233109593391418,0.815360426902771,0.039030883461236954,0.7787087559700012,0.38292136788368225,0.8639028072357178,-0.02984318695962429,0.8273605108261108,0.5077309608459473,0.8224223852157593,0.03350447490811348,0.7464467883110046,0.39732858538627625,0.8551185131072998,-0.04244876652956009,0.8089029788970947,0.4992552697658539,0.8197230696678162,0.0406762957572937,0.6807722449302673,0.4006872773170471,0.8451083898544312,-0.02733718231320381,0.7494425177574158,0.42034831643104553,0.6690118312835693,0.010240776464343071,0.9998582601547241,0.37908273935317993,0.6959853768348694,-0.010200262069702148,0.9998428821563721,0.4118228852748871,0.6444085836410522,0.2976643741130829,0.31041204929351807,0.364572674036026,0.6618045568466187,0.26620766520500183,0.6410861611366272,0.3961605131626129,0.6249118447303772,0.573309063911438,0.6581160426139832,0.34859752655029297,0.6129710078239441,0.5290759801864624,0.9222123622894287,0.39085522294044495,0.6120511293411255,0.6074222922325134,0.8032492399215698,0.346527636051178,0.5998256802558899,0.5608850717544556,0.9620974063873291,0.4070104956626892,0.6423811316490173,0.6359765529632568,0.17515689134597778,0.344592809677124,0.645841658115387,0.5747935175895691,0.4054252803325653
