8,0.731372594833374,0.40202850103378296,-0.28061166405677795,0.9978157877922058,0.7300688028335571,0.4109862446784973,-0.27581852674484253,0.9974603652954102,0.7286951541900635,0.4115103483200073,-0.27584004402160645,0.9972834587097168,0.7273315787315369,0.41201281547546387,-0.2759186625480652,0.9973083138465881,0.7343080043792725,0.41029053926467896,-0.2799375057220459,0.9972546100616455,0.7359625101089478,0.4102804958820343,-0.27999183535575867,0.996706485748291,0.7376028895378113,0.4102867841720581,-0.2800115942955017,0.9968190789222717,0.727805495262146,0.4127456545829773,-0.21965011954307556,0.9948186874389648,0.7421395182609558,0.41014814376831055,-0.2402079552412033,0.995343804359436,0.7299036383628845,0.39660340547561646,-0.25702887773513794,0.99720299243927,0.7352244853973389,0.39599090814590454,-0.26303619146347046,0.9959811568260193,0.7249152064323425,0.3903827369213104,-0.1589573323726654,0.999421238899231,0.7565012574195862,0.3845026195049286,-0.1757204383611679,0.9986799955368042,0.7023775577545166,0.3817683458328247,-0.16314196586608887,0.9393554925918579,0.7611487507820129,0.3605504333972931,-0.14910398423671722,0.2048894464969635,0.6772533655166626,0.38274291157722473,-0.20573870837688446,0.7925031185150146,0.7578505873680115,0.35016530752182007,-0.14588892459869385,0.25714799761772156,0.6691659688949585,0.38418489694595337,-0.2155509889125824,0.7113415002822876,0.7580902576446533,0.3436617851257324,-0.14937475323677063,0.2795114517211914,0.6688846349716187,0.3838639259338379,-0.22700698673725128,0.7067864537239075,0.7560635209083557,0.34714558720588684,-0.15562301874160767,0.2839403450489044,0.6732979416847229,0.38213014602661133,-0.21135954558849335,0.6223306655883789,0.7555999755859375,0.3503926694393158,-0.1471744179725647,0.27852863073349,0.7285155653953552,0.33247485756874084,0.005860744975507259,0.9957438111305237,0.7491826415061951,0.32213616371154785,-0.0057900771498680115,0.9953859448432922,0.6978145241737366,0.3053900897502899,-0.0643702894449234,0.9267352819442749,0.7680052518844604,0.2833727300167084,-0.13308404386043549,0.5965595841407776,0.6829116344451904,0.2740032374858856,-0.005891804117709398,0.9524539113044739,0.7676681876182556,0.22912706434726715,-0.02924005128443241,0.774774432182312,0.683384358882904,0.264582097530365,-0.0020940368995070457,0.9182444214820862,0.764733076095581,0.22347858548164368,-0.021101653575897217,0.7370244860649109,0.6669433116912842,0.2691585123538971,-0.043467726558446884,0.9406540989875793,0.777550458908081,0.19693046808242798,-0.06987316906452179,0.8190334439277649
11,0.7382250428199768,0.3694101870059967,-0.06406889110803604,0.9955263137817383,0.7397175431251526,0.3680645823478699,-0.06962674856185913,0.9958270788192749,0.7399168014526367,0.3686242401599884,-0.06962955743074417,0.9956184029579163,0.7401072382926941,0.3691854178905487,-0.06965863704681396,0.9960129857063293,0.7398495078086853,0.36722591519355774,-0.06350299715995789,0.9939140677452087,0.7400570511817932,0.36715561151504517,-0.06351526081562042,0.9929571151733398,0.7402743697166443,0.367105096578598,-0.06352341175079346,0.9934540390968323,0.7416401505470276,0.3726184368133545,-0.07927596569061279,0.9935322403907776,0.741778552532196,0.3700770437717438,-0.05099644139409065,0.991503119468689,0.7380216121673584,0.37319260835647583,-0.06597699970006943,0.9960295557975769,0.7379289269447327,0.37228745222091675,-0.05775514990091324,0.9938970804214478,0.7366851568222046,0.38581058382987976,-0.08501245081424713,0.9994480609893799,0.7423974275588989,0.3810015916824341,-0.023209933191537857,0.998690664768219,0.723781943321228,0.3635064959526062,-0.08220625668764114,0.9402619004249573,0.7377671003341675,0.36818376183509827,-0.007416189648211002,0.220616415143013,0.7271494269371033,0.35054120421409607,-0.06907449662685394,0.8056622743606567,0.7401747703552246,0.35245105624198914,-0.019834835082292557,0.2914222776889801,0.7277690172195435,0.3483903706073761,-0.07758446037769318,0.7309263348579407,0.7407186627388,0.3503125011920929,-0.021114438772201538,0.3117477297782898,0.7296221256256104,0.3481130301952362,-0.07840844243764877,0.7270013689994812,0.7413190007209778,0.34860098361968994,-0.028028875589370728,0.3153524100780487,0.7293029427528381,0.34909534454345703,-0.06942734867334366,0.6485106348991394,0.7407635450363159,0.34929925203323364,-0.02280307188630104,0.3070938289165497,0.7172300815582275,0.4246220588684082,-0.022891487926244736,0.9961403012275696,0.7206488847732544,0.41485804319381714,0.022946951910853386,0.9957973957061768,0.694887638092041,0.4030948281288147,-0.02744126319885254,0.9313526153564453,0.7070460319519043,0.37552720308303833,0.013982159085571766,0.5825774073600769,0.6786333918571472,0.3864079713821411,0.006940311752259731,0.9498490691184998,0.687718391418457,0.3690640330314636,0.03538580611348152,0.7327388525009155,0.6760856509208679,0.38740888237953186,0.010273761115968227,0.9128955602645874,0.6845347285270691,0.37204334139823914,0.03719547390937805,0.6960787177085876,0.6766144037246704,0.37040024995803833,0.001311547588557005,0.9346351027488708,0.6847314238548279,0.3554457724094391,0.029044147580862045,0.7775458097457886
13,0.7297462224960327,0.3893628716468811,-0.3545345664024353,0.9959688186645508,0.7385511994361877,0.3722236156463623,-0.3564346432685852,0.9962426424026489,0.742969810962677,0.37021729350090027,-0.35641780495643616,0.9960532188415527,0.7458298206329346,0.371249258518219,-0.356493204832077,0.9964090585708618,0.729415237903595,0.3753848671913147,-0.3556351959705353,0.9945194125175476,0.7270569801330566,0.37257125973701477,-0.3556397557258606,0.9936538934707642,0.7246930599212646,0.36981201171875,-0.35558533668518066,0.9940991997718811,0.7490703463554382,0.37041857838630676,-0.30920639634132385,0.9941745400428772,0.7226665019989014,0.3618681728839874,-0.30535316467285156,0.9923413395881653,0.734416663646698,0.3987143635749817,-0.33169153332710266,0.9964128732681274,0.7249020934104919,0.38983768224716187,-0.33064907789230347,0.9944741725921631,0.7579770684242249,0.394654244184494,-0.23566290736198425,0.9995015263557434,0.7111388444900513,0.3644218146800995,-0.22150424122810364,0.9987612366676331,0.7768860459327698,0.44206368923187256,-0.2306663542985916,0.9443761110305786,0.6891135573387146,0.3767710328102112,-0.17418253421783447,0.28359872102737427,0.7903686165809631,0.48108431696891785,-0.26169607043266296,0.8220087289810181,0.6715809106826782,0.38307493925094604,-0.16760800778865814,0.3364282250404358,0.7971584796905518,0.49033352732658386,-0.27406948804855347,0.7496632933616638,0.6652089953422546,0.38063353300094604,-0.1698070615530014,0.34332188963890076,0.7936495542526245,0.48674967885017395,-0.2830788493156433,0.7473760843276978,0.6685023307800293,0.38292986154556274,-0.18121355772018433,0.3472781479358673,0.7890494465827942,0.48397353291511536,-0.2657512426376343,0.6747013330459595,0.671970546245575,0.3857574462890625,-0.17085692286491394,0.33900678157806396,0.7281407713890076,0.44624197483062744,-0.0076001351699233055,0.9964683651924133,0.7069522142410278,0.42497915029525757,0.007650510873645544,0.9960166215896606,0.71807461977005,0.474206805229187,0.1445769965648651,0.8974629640579224,0.6935365796089172,0.4454982876777649,0.16369730234146118,0.5893118381500244,0.7105220556259155,0.4917389750480652,0.3127979636192322,0.9143072366714478,0.6877832412719727,0.4628117084503174,0.3344157636165619,0.70415198802948,0.7089651823043823,0.4919493496417999,0.32887133955955505,0.8608096241950989,0.6895207762718201,0.4655057191848755,0.35165899991989136,0.6644048690795898,0.7033539414405823,0.5118740200996399,0.29776111245155334,0.8991451263427734,0.6795357465744019,0.4844217002391815,0.32214948534965515,0.7517183423042297
14,0.7302635908126831,0.38595518469810486,-0.40593773126602173,0.9963605403900146,0.7391835451126099,0.3667338192462921,-0.4053586423397064,0.9966124296188354,0.7430937886238098,0.3671809732913971,-0.40532588958740234,0.9964360594749451,0.7458783388137817,0.36800041794776917,-0.4053892493247986,0.9967538118362427,0.7294148206710815,0.363986998796463,-0.4061341881752014,0.995061457157135,0.7268679738044739,0.36194130778312683,-0.4061742424964905,0.9942775964736938,0.7246934771537781,0.36531004309654236,-0.4061574339866638,0.9946733713150024,0.7490056753158569,0.36714985966682434,-0.3444104790687561,0.9947277307510376,0.7223144769668579,0.35718485713005066,-0.3474699556827545,0.9930955171585083,0.7344273924827576,0.39403992891311646,-0.3780842423439026,0.9966773390769958,0.7249695062637329,0.3868393898010254,-0.3790212869644165,0.9949243068695068,0.7579476833343506,0.39464259147644043,-0.25879567861557007,0.9995368719100952,0.706508994102478,0.36053165793418884,-0.26405197381973267,0.9986013770103455,0.7858786582946777,0.43219926953315735,-0.266285240650177,0.9471349120140076,0.6755437254905701,0.36495155096054077,-0.26079973578453064,0.3486057221889496,0.8073774576187134,0.4443369209766388,-0.2959338128566742,0.838180422782898,0.6679884195327759,0.3585202395915985,-0.27752965688705444,0.38561156392097473,0.817097008228302,0.4455808997154236,-0.3092164397239685,0.7703816890716553,0.6637059450149536,0.3527029752731323,-0.28636452555656433,0.3749271631240845,0.8131758570671082,0.44217029213905334,-0.31480172276496887,0.7690355777740479,0.6685015559196472,0.3559120297431946,-0.2917557954788208,0.3755401074886322,0.8074744939804077,0.44264060258865356,-0.2990338206291199,0.7023460268974304,0.6715439558029175,0.3597509562969208,-0.27904069423675537,0.36543282866477966,0.7260798811912537,0.4409642815589905,-0.00637827068567276,0.9967063665390015,0.7013583779335022,0.4151774048805237,0.006384002510458231,0.99615079164505,0.7149578928947449,0.4433208405971527,0.16230408847332,0.8441867828369141,0.6844848990440369,0.41602686047554016,0.1729433238506317,0.5698327422142029,0.6994041204452515,0.4495965838432312,0.337149441242218,0.8750574588775635,0.6704131960868835,0.41826438903808594,0.35502132773399353,0.6754887700080872,0.6960681080818176,0.44936883449554443,0.35384827852249146,0.8139023780822754,0.6710821390151978,0.42129388451576233,0.3730897307395935,0.6314963698387146,0.6907819509506226,0.4641343355178833,0.32063648104667664,0.8765754699707031,0.6563155055046082,0.43174219131469727,0.3426937758922577,0.7332937121391296
15,0.7308072447776794,0.3788660168647766,-0.40361079573631287,0.9966757297515869,0.7391660213470459,0.36120888590812683,-0.4031123220920563,0.9969295859336853,0.7427688837051392,0.36259904503822327,-0.4030875265598297,0.9967502951622009,0.7452670931816101,0.3635408282279968,-0.40316763520240784,0.9970176815986633,0.7294583916664124,0.3563835918903351,-0.403531938791275,0.9955361485481262,0.72687166929245,0.3545917272567749,-0.4035685062408447,0.9948147535324097,0.7246806025505066,0.3536619246006012,-0.4035561680793762,0.9951490759849548,0.7487386465072632,0.3629276752471924,-0.34371110796928406,0.9951503276824951,0.722436249256134,0.3482661843299866,-0.3452390730381012,0.9937407970428467,0.7351346611976624,0.38530242443084717,-0.37641221284866333,0.9967398643493652,0.7250646352767944,0.3793415427207947,-0.3769766688346863,0.9951919317245483,0.7579272985458374,0.39286231994628906,-0.2551361322402954,0.9995206594467163,0.7048424482345581,0.35119500756263733,-0.2568444311618805,0.9984131455421448,0.7842952609062195,0.43347060680389404,-0.25046709179878235,0.9345070123672485,0.6736089587211609,0.3578367829322815,-0.2304399013519287,0.3971669375896454,0.8026830554008484,0.4588468670845032,-0.25437575578689575,0.8441951274871826,0.662786602973938,0.3562927544116974,-0.22572942078113556,0.40887168049812317,0.810080349445343,0.46258974075317383,-0.2594864070415497,0.776466429233551,0.6578876376152039,0.352922260761261,-0.22709672152996063,0.383975625038147,0.8066920042037964,0.4591689109802246,-0.2689071297645569,0.7787267565727234,0.6635726690292358,0.355735182762146,-0.23471538722515106,0.3844643235206604,0.8022745251655579,0.45908504724502563,-0.2571786940097809,0.7168397307395935,0.6664770245552063,0.35884949564933777,-0.22691884636878967,0.377102792263031,0.7259013652801514,0.43384942412376404,-0.0022473728749901056,0.9966537952423096,0.699287474155426,0.4064766466617584,0.002243302995339036,0.9960547089576721,0.721521258354187,0.4437490701675415,0.16386467218399048,0.8093857169151306,0.6752153038978577,0.39735686779022217,0.15960559248924255,0.5727041363716125,0.717278003692627,0.4603278636932373,0.3433198928833008,0.8233952522277832,0.6624292731285095,0.3966464698314667,0.31218284368515015,0.6566671133041382,0.7140459418296814,0.4604973793029785,0.36100640892982483,0.7632671594619751,0.6629500389099121,0.4003491699695587,0.3274778127670288,0.6023589372634888,0.7150046825408936,0.4828224182128906,0.3335002660751343,0.8450157642364502,0.6484721302986145,0.405532568693161,0.29670822620391846,0.7189042568206787
16,0.7301439046859741,0.3745339810848236,-0.4182283282279968,0.997002899646759,0.7367523312568665,0.3627516031265259,-0.42111068964004517,0.9972338676452637,0.7414770126342773,0.36203140020370483,-0.42108383774757385,0.9970710277557373,0.7440763711929321,0.3630041480064392,-0.42118939757347107,0.9973106384277344,0.7287513017654419,0.3558099567890167,-0.4209845960140228,0.9959787726402283,0.7264000773429871,0.3538954555988312,-0.42102617025375366,0.9953267574310303,0.7242413759231567,0.35173308849334717,-0.4209901690483093,0.9956241250038147,0.7486688494682312,0.3572353422641754,-0.370017409324646,0.9956272840499878,0.7220937609672546,0.3467845022678375,-0.36869388818740845,0.994360089302063,0.7340695261955261,0.37993133068084717,-0.39323025941848755,0.997037410736084,0.7249913215637207,0.37488484382629395,-0.3930516839027405,0.9956322312355042,0.759192168712616,0.38193580508232117,-0.2823825478553772,0.9995556473731995,0.705082893371582,0.3451429307460785,-0.27922260761260986,0.9983338713645935,0.7959728240966797,0.4029950797557831,-0.30085888504981995,0.9388684630393982,0.6732638478279114,0.34398651123046875,-0.2675005793571472,0.44906139373779297,0.8241190910339355,0.4008473753929138,-0.31032794713974,0.8584392070770264,0.6642432808876038,0.32851728796958923,-0.26496458053588867,0.4457233250141144,0.8334113359451294,0.40205878019332886,-0.31863218545913696,0.795388400554657,0.6644190549850464,0.3210884630680084,-0.2649940550327301,0.4052013158798218,0.8327716588973999,0.3985952138900757,-0.32540708780288696,0.7981835007667542,0.6703184843063354,0.32399919629096985,-0.2676110863685608,0.40429776906967163,0.8269301652908325,0.4139430522918701,-0.3129597008228302,0.7418602705001831,0.6721214652061462,0.32785001397132874,-0.264259934425354,0.40094122290611267,0.7308050990104675,0.4246639311313629,-0.002915641525760293,0.9969297051429749,0.6994734406471252,0.3990834057331085,0.0029259021393954754,0.996203601360321,0.737725555896759,0.4494839012622833,0.12433681637048721,0.8137537837028503,0.6747404336929321,0.3902084231376648,0.14686612784862518,0.5972501039505005,0.74409019947052,0.47384434938430786,0.2819318175315857,0.8318113088607788,0.6661237478256226,0.38703328371047974,0.3024224042892456,0.6731105446815491,0.7417219877243042,0.47795939445495605,0.29683351516723633,0.7645517587661743,0.6668092012405396,0.38885530829429626,0.31857889890670776,0.6070177555084229,0.7494308948516846,0.5038173198699951,0.26256290078163147,0.8526877760887146,0.656800389289856,0.3937337100505829,0.2891829013824463,0.7305430769920349
17,0.7294296026229858,0.37155383825302124,-0.42714396119117737,0.9972994923591614,0.736844539642334,0.3547799289226532,-0.4257644712924957,0.9975089430809021,0.7414321899414062,0.35517096519470215,-0.42572021484375,0.9973607659339905,0.744073748588562,0.35451269149780273,-0.4258352220058441,0.9975761771202087,0.7287676334381104,0.3495849370956421,-0.4251987934112549,0.9963791966438293,0.7262002825737,0.3475364148616791,-0.42521175742149353,0.9957898855209351,0.7237212061882019,0.34529122710227966,-0.4251372814178467,0.9960564374923706,0.7486572265625,0.3523704707622528,-0.3679216504096985,0.996055006980896,0.7192575335502625,0.3398013710975647,-0.3637406527996063,0.9949192404747009,0.7334645986557007,0.3829208314418793,-0.40108785033226013,0.9973011016845703,0.7223595380783081,0.3760179877281189,-0.3998635411262512,0.9960331916809082,0.7591289281845093,0.39271965622901917,-0.267153263092041,0.9995980262756348,0.7005411386489868,0.34945428371429443,-0.2724471092224121,0.9984767436981201,0.7892819046974182,0.4341963827610016,-0.22971530258655548,0.9374813437461853,0.6731335520744324,0.35098031163215637,-0.18706294894218445,0.4629056453704834,0.8120824694633484,0.4771042764186859,-0.19582144916057587,0.8667007088661194,0.6657189726829529,0.3681422472000122,-0.0835375264286995,0.4462081789970398,0.8224515914916992,0.488974004983902,-0.19508139789104462,0.8072517514228821,0.6643726229667664,0.36984896659851074,-0.06988920271396637,0.40182894468307495,0.8185455203056335,0.48439374566078186,-0.20640258491039276,0.8119900226593018,0.670005202293396,0.37446290254592896,-0.07944846898317337,0.40129798650741577,0.8125445246696472,0.4825861155986786,-0.19881577789783478,0.7605458498001099,0.6720731258392334,0.37563684582710266,-0.0827467069029808,0.4047369658946991,0.7302873134613037,0.43493127822875977,-0.0013530480209738016,0.9972251057624817,0.6981775760650635,0.4036193788051605,0.0014033638872206211,0.9965561628341675,0.7514184713363647,0.47073742747306824,0.12203161418437958,0.8180909156799316,0.6740249395370483,0.40586379170417786,0.12585589289665222,0.6151865720748901,0.7644547820091248,0.5088553428649902,0.2651505172252655,0.8398826122283936,0.6576370000839233,0.4084239602088928,0.27475693821907043,0.6923437118530273,0.7619382739067078,0.5129626989364624,0.27884215116500854,0.773423433303833,0.6587485074996948,0.4141913652420044,0.28939342498779297,0.623144805431366,0.7721624374389648,0.5437376499176025,0.25275835394859314,0.8600247502326965,0.6384514570236206,0.41699597239494324,0.26437026262283325,0.7455914616584778
18,0.7294278740882874,0.37253931164741516,-0.41151824593544006,0.9975665211677551,0.7367303967475891,0.358042448759079,-0.4120391011238098,0.9977565407752991,0.7412399053573608,0.3559945523738861,-0.4119948446750641,0.9976218342781067,0.7437058687210083,0.35622406005859375,-0.4121013283729553,0.9978155493736267,0.7287296056747437,0.3523366153240204,-0.4129400849342346,0.9967398047447205,0.725689709186554,0.3501861095428467,-0.41296491026878357,0.9962078928947449,0.7225373983383179,0.3488749563694,-0.4128967821598053,0.9964475035667419,0.7478035092353821,0.352275013923645,-0.35896167159080505,0.9964430332183838,0.7183033227920532,0.3394549787044525,-0.361816942691803,0.9954254627227783,0.7332864999771118,0.3832206726074219,-0.3866274356842041,0.997552216053009,0.7224382162094116,0.37659355998039246,-0.38739100098609924,0.9964128136634827,0.7590851783752441,0.39138901233673096,-0.26102250814437866,0.9996345639228821,0.6994439363479614,0.351746141910553,-0.2698386311531067,0.9986029863357544,0.7898437976837158,0.4256564676761627,-0.22726598381996155,0.9381638765335083,0.6732049584388733,0.3553323745727539,-0.17695662379264832,0.482092946767807,0.8159877061843872,0.45766738057136536,-0.2124270647764206,0.8755115270614624,0.6711816787719727,0.3766833543777466,-0.08406557887792587,0.45433470606803894,0.8276684880256653,0.4653340280056,-0.21538002789020538,0.8186918497085571,0.6706575751304626,0.3790544271469116,-0.07137218862771988,0.40476536750793457,0.8231511116027832,0.4608825147151947,-0.22630150616168976,0.8249602913856506,0.6760057806968689,0.38091281056404114,-0.07996794581413269,0.4042911231517792,0.8170874714851379,0.45895877480506897,-0.21599681675434113,0.7782375812530518,0.6778220534324646,0.3813798725605011,-0.08272569626569748,0.41165691614151,0.7301713228225708,0.4326086640357971,-0.0007330203661695123,0.9974759817123413,0.6978005170822144,0.4053354859352112,0.0008014043560251594,0.9968518614768982,0.7474526166915894,0.4681684672832489,0.10398173332214355,0.8147968053817749,0.6657851338386536,0.38880103826522827,0.10328169912099838,0.6324185132980347,0.75859534740448,0.504503071308136,0.23367257416248322,0.845242977142334,0.6471785306930542,0.3900723457336426,0.23292812705039978,0.7069178819656372,0.7559072971343994,0.5085009932518005,0.24614176154136658,0.7783140540122986,0.6478743553161621,0.3958428204059601,0.2461325228214264,0.6345342397689819,0.7669187784194946,0.5357838273048401,0.219303697347641,0.8637756705284119,0.6296727657318115,0.3958606421947479,0.2212902009487152,0.754820704460144
19,0.7304105758666992,0.36743274331092834,-0.39876723289489746,0.9978083372116089,0.737805187702179,0.3515465259552002,-0.40159982442855835,0.9979799389839172,0.7413929104804993,0.3518123924732208,-0.40155893564224243,0.9978580474853516,0.7437204122543335,0.3519812226295471,-0.40167421102523804,0.9980323910713196,0.728721022605896,0.3459339439868927,-0.4000498652458191,0.9970645904541016,0.725554347038269,0.34386003017425537,-0.40008026361465454,0.9965845942497253,0.7224665880203247,0.3420183062553406,-0.4000484347343445,0.9967993497848511,0.7478207349777222,0.3498595356941223,-0.3318033814430237,0.9967961311340332,0.7170771360397339,0.33473411202430725,-0.3450833559036255,0.9958804249763489,0.7334760427474976,0.38294148445129395,-0.3815616965293884,0.9977829456329346,0.7222298979759216,0.377929151058197,-0.3757631778717041,0.9967533946037292,0.7590832114219666,0.3914688229560852,-0.23751966655254364,0.9996669292449951,0.6982461214065552,0.35246339440345764,-0.2547416090965271,0.9986135959625244,0.7876338362693787,0.43471217155456543,-0.23022004961967468,0.9427415132522583,0.6668785810470581,0.36858269572257996,-0.2114872932434082,0.5287371277809143,0.8109270930290222,0.4758775532245636,-0.26530012488365173,0.8850455284118652,0.6635082960128784,0.3850615918636322,-0.21293365955352783,0.49125781655311584,0.821829617023468,0.48483192920684814,-0.27854686975479126,0.8301520943641663,0.66147780418396,0.3852585554122925,-0.21669432520866394,0.43413373827934265,0.8182350993156433,0.4800207018852234,-0.29006990790367126,0.8370694518089294,0.6673727631568909,0.38625073432922363,-0.22414617240428925,0.4319027066230774,0.8119035959243774,0.4770474433898926,-0.27116793394088745,0.7944579720497131,0.6694121360778809,0.38782942295074463,-0.21450164914131165,0.43851426243782043,0.7236681580543518,0.44977426528930664,-0.0014968246687203646,0.9976848363876343,0.6940932273864746,0.4249500334262848,0.001561656012199819,0.9970237612724304,0.7155952453613281,0.5113275647163391,0.11969683319330215,0.8262437582015991,0.6724785566329956,0.4714033007621765,0.11569519340991974,0.6544740200042725,0.6976931691169739,0.5572832822799683,0.2762114405632019,0.8517136573791504,0.6603167653083801,0.513396680355072,0.28244107961654663,0.7208779454231262,0.6926288604736328,0.560285210609436,0.2905324101448059,0.779789388179779,0.661157488822937,0.5223198533058167,0.3000573515892029,0.6397882699966431,0.6921223402023315,0.5941020250320435,0.25626108050346375,0.8706672191619873,0.6463474035263062,0.5418403744697571,0.2719328999519348,0.7677890062332153
20,0.7315486073493958,0.35881173610687256,-0.3765268921852112,0.9980259537696838,0.7381261587142944,0.3453238308429718,-0.37071818113327026,0.9981805086135864,0.7414370775222778,0.3461293876171112,-0.3707122206687927,0.9980700016021729,0.7438269853591919,0.3471750020980835,-0.3707776963710785,0.9982271194458008,0.728744387626648,0.340265691280365,-0.37298497557640076,0.997355580329895,0.7255910038948059,0.33853331208229065,-0.37299713492393494,0.9969211220741272,0.7225485444068909,0.33662161231040955,-0.37291792035102844,0.9971128106117249,0.747864842414856,0.3481637239456177,-0.29948002099990845,0.9971134066581726,0.7164214849472046,0.3310483396053314,-0.3107083737850189,0.9962878227233887,0.7342047095298767,0.37751340866088867,-0.3477362096309662,0.9979982376098633,0.7223560810089111,0.36986130475997925,-0.3499778211116791,0.9970678687095642,0.7568261623382568,0.3953918516635895,-0.21641533076763153,0.9996988773345947,0.6967087984085083,0.3532138466835022,-0.2206679880619049,0.9986346364021301,0.777688205242157,0.45990705490112305,-0.20600435137748718,0.9475054740905762,0.6656147241592407,0.3730768859386444,-0.17145608365535736,0.5659790635108948,0.7912305593490601,0.5232628583908081,-0.2599899172782898,0.8947445154190063,0.6574851274490356,0.39457613229751587,-0.15893413126468658,0.5199291706085205,0.7986873984336853,0.5414565801620483,-0.27305471897125244,0.8435760736465454,0.6535513401031494,0.39808863401412964,-0.16000857949256897,0.4585382342338562,0.7942190170288086,0.5404326915740967,-0.2828848361968994,0.8503385186195374,0.658551037311554,0.398067444562912,-0.17241211235523224,0.4551660716533661,0.7884398698806763,0.5353049635887146,-0.2685530185699463,0.8114768862724304,0.6612884998321533,0.39928966760635376,-0.16213685274124146,0.4617150127887726,0.7192327380180359,0.46546173095703125,-0.0042725238017737865,0.9978199005126953,0.6900413036346436,0.4400356709957123,0.004414927214384079,0.9970352053642273,0.7088174819946289,0.5327370166778564,0.04544086009263992,0.8351569175720215,0.6681860685348511,0.4898833930492401,0.04374144226312637,0.6725819110870361,0.6840509176254272,0.583955705165863,0.19191297888755798,0.857798159122467,0.6627901792526245,0.5482127070426941,0.19701308012008667,0.7366234660148621,0.6782927513122559,0.5885025262832642,0.20335261523723602,0.7850691676139832,0.6652417778968811,0.5601250529289246,0.21031062304973602,0.6550822854042053,0.6742327213287354,0.6220267415046692,0.15942135453224182,0.8714131116867065,0.6468209028244019,0.5788202285766602,0.16899067163467407,0.7792379856109619
22,0.7326698303222656,0.3626236021518707,-0.43063682317733765,0.9982224702835083,0.7386575937271118,0.3499723970890045,-0.4225561022758484,0.9983612895011902,0.7420363426208496,0.3504336476325989,-0.4225321412086487,0.9982611536979675,0.7452753186225891,0.3504476547241211,-0.42257198691368103,0.9984027743339539,0.7290934920310974,0.3444434404373169,-0.4254172444343567,0.9976187944412231,0.7252914309501648,0.3416396379470825,-0.425452321767807,0.997226893901825,0.7219283580780029,0.3393346965312958,-0.4254111647605896,0.9973987340927124,0.7496365904808044,0.34595271944999695,-0.3400576710700989,0.9973978996276855,0.7139584422111511,0.33802351355552673,-0.35373789072036743,0.9966549277305603,0.7346869111061096,0.37604114413261414,-0.39689549803733826,0.9981867074966431,0.7238103151321411,0.3736059069633484,-0.4007191061973572,0.9973496198654175,0.7561138868331909,0.3898293077945709,-0.25760817527770996,0.9997273087501526,0.6869446039199829,0.37759095430374146,-0.27007490396499634,0.9987486600875854,0.7822575569152832,0.45500385761260986,-0.2662736773490906,0.9504281878471375,0.6583337783813477,0.4104239046573639,-0.25860732793807983,0.5992925763130188,0.7892401218414307,0.5220500230789185,-0.3442062735557556,0.8998549580574036,0.6500153541564941,0.4404672086238861,-0.2927451431751251,0.5366115570068359,0.7967824935913086,0.5392181873321533,-0.3664093315601349,0.8500164747238159,0.6450633406639099,0.44726231694221497,-0.3064999282360077,0.4733071029186249,0.8065055012702942,0.5302393436431885,-0.37992167472839355,0.8574572801589966,0.6510522365570068,0.4456935524940491,-0.3189062476158142,0.46876999735832214,0.7849235534667969,0.5337590575218201,-0.35157719254493713,0.8197160363197327,0.65394526720047,0.4461407959461212,-0.2980305254459381,0.47290828824043274,0.7231432199478149,0.4859720766544342,0.001181551837362349,0.9977906346321106,0.6913989186286926,0.48011356592178345,-0.0011777998879551888,0.9971780776977539,0.7309514880180359,0.5153461694717407,0.18074841797351837,0.7980632185935974,0.6888919472694397,0.5271013379096985,0.16366428136825562,0.6741392612457275,0.7299950122833252,0.543056309223175,0.3660447895526886,0.8204464316368103,0.6794875860214233,0.5642623901367188,0.3559369146823883,0.7405577898025513,0.7261557579040527,0.5483300089836121,0.3826368451118469,0.7480804920196533,0.6791412830352783,0.5715516209602356,0.3729872405529022,0.6412630081176758,0.7356184124946594,0.5739675164222717,0.3465055227279663,0.841514527797699,0.6746614575386047,0.5987446904182434,0.325838565826416,0.773590087890625
23,0.7326692342758179,0.36247316002845764,-0.4306310713291168,0.9983982443809509,0.7387705445289612,0.3496350049972534,-0.4219837188720703,0.9985153675079346,0.7422028183937073,0.3501717746257782,-0.42198044061660767,0.9984213709831238,0.7454385161399841,0.35024771094322205,-0.4220132827758789,0.9985459446907043,0.7290214896202087,0.34416672587394714,-0.42546167969703674,0.9978477358818054,0.7251014113426208,0.34149986505508423,-0.4254993796348572,0.9974931478500366,0.7215753793716431,0.33929210901260376,-0.42546194791793823,0.9976425170898438,0.7496567368507385,0.3462662696838379,-0.3357762098312378,0.9975990653038025,0.7136644124984741,0.33790382742881775,-0.3541501760482788,0.9969686269760132,0.7346879243850708,0.37584275007247925,-0.39601200819015503,0.9983398914337158,0.7238015532493591,0.37310221791267395,-0.4007202088832855,0.9975986480712891,0.7558331489562988,0.38941240310668945,-0.2549554705619812,0.9997517466545105,0.6841022372245789,0.38193392753601074,-0.27996277809143066,0.9988347291946411,0.7753060460090637,0.4504418671131134,-0.27661463618278503,0.951322615146637,0.6593126058578491,0.4623406231403351,-0.30566439032554626,0.6332958936691284,0.7859131097793579,0.521070122718811,-0.3832440972328186,0.9016669988632202,0.6559125781059265,0.5404103398323059,-0.37456828355789185,0.5724003314971924,0.7930608987808228,0.5427967309951782,-0.4158833622932434,0.8522703647613525,0.6508139371871948,0.5585542321205139,-0.4029645025730133,0.5093926191329956,0.7866898775100708,0.5425918698310852,-0.4280882477760315,0.8602240085601807,0.6590039730072021,0.559211790561676,-0.4186032712459564,0.5050304532051086,0.7812442183494568,0.5362374782562256,-0.3917061686515808,0.8236010074615479,0.662865400314331,0.5556865334510803,-0.3821137249469757,0.503243625164032,0.7209120988845825,0.5013349652290344,-0.001492460141889751,0.9979755878448486,0.6895298361778259,0.4919918477535248,0.0014749359106644988,0.9973665475845337,0.7225082516670227,0.551340639591217,0.1217600554227829,0.7506086826324463,0.6903213262557983,0.544550895690918,0.14505648612976074,0.6374180316925049,0.6977784633636475,0.5756926536560059,0.3451670706272125,0.7805345058441162,0.681183934211731,0.5812340378761292,0.3606298565864563,0.7149250507354736,0.6931211352348328,0.5779252648353577,0.36476606130599976,0.7011586427688599,0.6811814308166504,0.5888344645500183,0.38001707196235657,0.62261962890625,0.6913315057754517,0.6080291271209717,0.3254459500312805,0.7960482835769653,0.676023542881012,0.6185872554779053,0.33497506380081177,0.7501132488250732
24,0.7321227192878723,0.36259880661964417,-0.4472036361694336,0.9985443353652954,0.7386153936386108,0.3494429588317871,-0.4388882517814636,0.9985396265983582,0.7420296669006348,0.34985584020614624,-0.4388783574104309,0.9983657598495483,0.7452590465545654,0.3499091565608978,-0.43889302015304565,0.9984513521194458,0.728588342666626,0.34416863322257996,-0.4451146721839905,0.9979997277259827,0.7245053052902222,0.34156620502471924,-0.4451570510864258,0.9976509213447571,0.7207987904548645,0.3394538462162018,-0.4451381266117096,0.9977834224700928,0.749428391456604,0.3462722897529602,-0.35495203733444214,0.9964127540588379,0.7127736806869507,0.33774253726005554,-0.38293787837028503,0.9971204400062561,0.7340842485427856,0.3758477568626404,-0.4123159945011139,0.9980262517929077,0.7234434485435486,0.37311455607414246,-0.4200923442840576,0.9976900815963745,0.7557200193405151,0.38757917284965515,-0.2597894072532654,0.999760627746582,0.6817477941513062,0.38388752937316895,-0.3162267506122589,0.9989358186721802,0.7755441069602966,0.4461525082588196,-0.2760167717933655,0.9466047286987305,0.6560186147689819,0.46673351526260376,-0.33781349658966064,0.6650959253311157,0.7930285930633545,0.5090752840042114,-0.3762495517730713,0.8969972729682922,0.6555238366127014,0.5583314895629883,-0.3896661400794983,0.6018493175506592,0.7935041785240173,0.5348232388496399,-0.40878430008888245,0.8430370092391968,0.6504119038581848,0.588908314704895,-0.41786178946495056,0.5345168113708496,0.7888184785842896,0.540636420249939,-0.412431538105011,0.8525561690330505,0.657629132270813,0.596300482749939,-0.43210569024086,0.529626727104187,0.790678083896637,0.5229323506355286,-0.38698703050613403,0.817049503326416,0.661685585975647,0.588032066822052,-0.39649927616119385,0.5239534378051758,0.7204414010047913,0.4983949363231659,0.009006010368466377,0.9979658126831055,0.6873195171356201,0.4949001669883728,-0.009097629226744175,0.9975076913833618,0.7345578074455261,0.5406829118728638,0.1656869798898697,0.6895707845687866,0.6904310584068298,0.5414944887161255,0.13115577399730682,0.6023907661437988,0.7442840933799744,0.5704176425933838,0.3671702444553375,0.7204808592796326,0.6825341582298279,0.5774621963500977,0.3438205122947693,0.6820680499076843,0.7404279112815857,0.5744381546974182,0.3844143748283386,0.6458657383918762,0.682921290397644,0.5850582718849182,0.3625278174877167,0.5923261642456055,0.7595880031585693,0.6050941348075867,0.3468403220176697,0.7384070158004761,0.6770960092544556,0.6135286688804626,0.3123777210712433,0.7204478979110718
25,0.7326996922492981,0.3632796108722687,-0.44307318329811096,0.9986864924430847,0.739578366279602,0.3499332368373871,-0.43603596091270447,0.9986533522605896,0.7432258725166321,0.3502368628978729,-0.4359932541847229,0.998481810092926,0.746401309967041,0.3502017855644226,-0.43604856729507446,0.9985463619232178,0.7294346690177917,0.3452675938606262,-0.43855300545692444,0.9981778860092163,0.7253950834274292,0.3426048755645752,-0.43859630823135376,0.997859001159668,0.7214425802230835,0.3402334749698639,-0.4385700225830078,0.9979731440544128,0.7497643232345581,0.3469185531139374,-0.35465267300605774,0.9964761734008789,0.7127999663352966,0.3377685546875,-0.38210684061050415,0.9973762631416321,0.7348323464393616,0.37592265009880066,-0.4095843732357025,0.9981722831726074,0.7241084575653076,0.3732592761516571,-0.4142180383205414,0.9979037642478943,0.755696177482605,0.38614651560783386,-0.25326618552207947,0.9997807741165161,0.677747368812561,0.3877170979976654,-0.3223956227302551,0.9990348219871521,0.7723439335823059,0.45211583375930786,-0.2737013101577759,0.9488759636878967,0.6562138795852661,0.48013705015182495,-0.33712461590766907,0.6971414685249329,0.7863502502441406,0.5111782550811768,-0.3760049343109131,0.9022865891456604,0.6565878987312317,0.5807098150253296,-0.3816069960594177,0.6364841461181641,0.7921832203865051,0.5405710935592651,-0.40813517570495605,0.8480437994003296,0.65049809217453,0.6060537099838257,-0.4139255881309509,0.5699306726455688,0.7856263518333435,0.5442392826080322,-0.42262697219848633,0.8574663400650024,0.6593940258026123,0.6068839430809021,-0.42805466055870056,0.5652896165847778,0.7821343541145325,0.5310059785842896,-0.38626575469970703,0.8240017294883728,0.6637515425682068,0.5976496338844299,-0.3884754776954651,0.5568016767501831,0.7205852270126343,0.4992557168006897,0.017106829211115837,0.9980527758598328,0.6866781115531921,0.4994816184043884,-0.017123546451330185,0.9976637959480286,0.7358552813529968,0.5345544815063477,0.1480170339345932,0.6335400342941284,0.6905299425125122,0.5550419092178345,0.08520754426717758,0.5711262822151184,0.7382511496543884,0.5664107203483582,0.36673757433891296,0.656103789806366,0.6828479170799255,0.5889618992805481,0.3049849569797516,0.6476452946662903,0.7336353063583374,0.5704387426376343,0.38521549105644226,0.5915261507034302,0.6828389167785645,0.5972026586532593,0.32388508319854736,0.56122887134552,0.7518719434738159,0.5996248722076416,0.35164663195610046,0.6761531829833984,0.6797828078269958,0.6256848573684692,0.26713958382606506,0.6864258050918579
26,0.7329410910606384,0.3634801506996155,-0.44753891229629517,0.9988155961036682,0.7400271892547607,0.35062459111213684,-0.4390450417995453,0.9987688064575195,0.7435985207557678,0.3509138524532318,-0.4390292167663574,0.998601496219635,0.7466691732406616,0.35087820887565613,-0.4390465319156647,0.9986525774002075,0.7299416065216064,0.346069872379303,-0.44612449407577515,0.9983502626419067,0.7259577512741089,0.3432078957557678,-0.44618359208106995,0.99806147813797,0.7218582630157471,0.3404913544654846,-0.44616904854774475,0.9981635212898254,0.7498113512992859,0.3483685255050659,-0.3542642891407013,0.9966180920600891,0.7128457427024841,0.3375084102153778,-0.3885486423969269,0.99762362241745,0.7350814938545227,0.37593358755111694,-0.412375271320343,0.9983100295066833,0.724195122718811,0.3732718527317047,-0.42162060737609863,0.9981009364128113,0.7556997537612915,0.3860795795917511,-0.256086528301239,0.9997953772544861,0.678310215473175,0.3868064880371094,-0.32495829463005066,0.9991250038146973,0.7738460302352905,0.45153096318244934,-0.27250558137893677,0.9501733183860779,0.657329797744751,0.4805843234062195,-0.34455621242523193,0.7262946963310242,0.7904965877532959,0.5113968849182129,-0.3725159764289856,0.9049384593963623,0.6558178663253784,0.5830715298652649,-0.3975459933280945,0.6687389612197876,0.792251467704773,0.541725218296051,-0.4032626748085022,0.8486953973770142,0.6502418518066406,0.6019123196601868,-0.42935171723365784,0.6035511493682861,0.7865814566612244,0.5445379614830017,-0.4188944697380066,0.8584511280059814,0.6583654284477234,0.6075342893600464,-0.44542989134788513,0.5990520715713501,0.7819567918777466,0.5340856909751892,-0.3827228546142578,0.8262252807617188,0.6624802947044373,0.5978417992591858,-0.40528449416160583,0.5885634422302246,0.7209800481796265,0.49880069494247437,0.013640128076076508,0.9980943202972412,0.6867173910140991,0.49901577830314636,-0.013673882000148296,0.9977851510047913,0.7360841035842896,0.5351543426513672,0.14864115417003632,0.5877193212509155,0.6922892332077026,0.552202582359314,0.11960134655237198,0.5447418093681335,0.7378549575805664,0.5643197298049927,0.3802492022514343,0.6039182543754578,0.6855525374412537,0.5895205736160278,0.31818586587905884,0.6180600523948669,0.7302284240722656,0.5686153173446655,0.39919421076774597,0.5448962450027466,0.685453474521637,0.5976436138153076,0.3428308963775635,0.5350544452667236,0.7456333041191101,0.6003955602645874,0.3610132336616516,0.6262854933738708,0.6827910542488098,0.6265067458152771,0.2921440005302429,0.6596168279647827
27,0.7329345941543579,0.3648397624492645,-0.47807589173316956,0.9989317059516907,0.7399915456771851,0.3520679771900177,-0.4700809419155121,0.9988770484924316,0.7435516119003296,0.3523513674736023,-0.47008243203163147,0.9987156987190247,0.7466560006141663,0.35223817825317383,-0.4701026976108551,0.9987601041793823,0.7300010919570923,0.3474394977092743,-0.4779133200645447,0.9985072016716003,0.7260341644287109,0.3443495035171509,-0.47797733545303345,0.9982456564903259,0.7219011783599854,0.3413137197494507,-0.4779919981956482,0.99833744764328,0.7497650384902954,0.34896230697631836,-0.38107913732528687,0.9968114495277405,0.7128588557243347,0.3375023603439331,-0.4166550636291504,0.9978472590446472,0.7350778579711914,0.37625807523727417,-0.44049692153930664,0.9984393119812012,0.7241820096969604,0.37378695607185364,-0.4505864679813385,0.9982796907424927,0.755810022354126,0.38493067026138306,-0.2828337550163269,0.9998090863227844,0.6782920360565186,0.38614365458488464,-0.34753289818763733,0.999201774597168,0.7746464014053345,0.45035088062286377,-0.29205238819122314,0.9507982730865479,0.6565009355545044,0.48105889558792114,-0.3726795017719269,0.7523877620697021,0.7910155057907104,0.5168583989143372,-0.38888710737228394,0.9065985083580017,0.6556416153907776,0.5891075730323792,-0.4196111261844635,0.6981508135795593,0.7924138307571411,0.5433859825134277,-0.4210411608219147,0.8475325703620911,0.6500531435012817,0.6103627681732178,-0.45266151428222656,0.6337351202964783,0.7866641283035278,0.5465304851531982,-0.4366215169429779,0.8578484654426575,0.6583462953567505,0.6124613285064697,-0.4673236906528473,0.6291894912719727,0.7814381122589111,0.536558210849762,-0.3990215063095093,0.8257187604904175,0.6621218919754028,0.6029195189476013,-0.42662954330444336,0.6155906319618225,0.721053957939148,0.49785903096199036,0.011551955714821815,0.9981935620307922,0.6868478655815125,0.4971567392349243,-0.011585678905248642,0.9978885054588318,0.7330516576766968,0.5372883677482605,0.20339350402355194,0.548473060131073,0.6957879662513733,0.5492858290672302,0.1785445660352707,0.515143871307373,0.7198203802108765,0.5638464689254761,0.44694605469703674,0.5593564510345459,0.691510021686554,0.5874707102775574,0.42532044649124146,0.5813872218132019,0.713873565196991,0.566714882850647,0.469186395406723,0.5023190975189209,0.6909920573234558,0.5886499285697937,0.4480544626712799,0.4999455213546753,0.7226017713546753,0.6000061631202698,0.4253888726234436,0.5866356492042542,0.6930116415023804,0.6240270733833313,0.3946637511253357,0.6257779598236084
28,0.7330359816551208,0.36463066935539246,-0.4736366868019104,0.9990371465682983,0.7401183843612671,0.35202470421791077,-0.4635709822177887,0.9989830255508423,0.7435926795005798,0.352396160364151,-0.4635906219482422,0.9988334774971008,0.7466385960578918,0.352409690618515,-0.46362823247909546,0.9988735914230347,0.730232834815979,0.34736132621765137,-0.4717179238796234,0.9986523985862732,0.7263991832733154,0.34431660175323486,-0.4717783033847809,0.9984158873558044,0.7223550081253052,0.3412177264690399,-0.47178611159324646,0.9984979033470154,0.7497336268424988,0.3498072028160095,-0.3682919144630432,0.9970784187316895,0.7133135199546814,0.33682340383529663,-0.40480178594589233,0.9980542659759521,0.7350794076919556,0.3761279284954071,-0.43403658270835876,0.9985816478729248,0.7242081761360168,0.3733817934989929,-0.44468826055526733,0.9984462261199951,0.7558130025863647,0.38521522283554077,-0.27495574951171875,0.999824583530426,0.6790015697479248,0.3863554298877716,-0.33042657375335693,0.9992700815200806,0.7735586166381836,0.4505082368850708,-0.289326936006546,0.9519434571266174,0.6585302948951721,0.4770362079143524,-0.35338830947875977,0.7738395929336548,0.7868192791938782,0.5201005339622498,-0.40068039298057556,0.9072357416152954,0.6533348560333252,0.5622899532318115,-0.41695642471313477,0.7178001999855042,0.7923039197921753,0.5451433658599854,-0.4359022080898285,0.8470469117164612,0.6468911170959473,0.5796835422515869,-0.4510825276374817,0.6522443890571594,0.7873452305793762,0.548561155796051,-0.4535142481327057,0.8573567271232605,0.6566196084022522,0.5891542434692383,-0.4692509174346924,0.6476050615310669,0.7815354466438293,0.5396758317947388,-0.41221946477890015,0.8255153894424438,0.6612966060638428,0.5827005505561829,-0.42606058716773987,0.6289414763450623,0.7223498225212097,0.5050563216209412,0.010761707089841366,0.9981557130813599,0.6901301145553589,0.5029882192611694,-0.010815983638167381,0.9978280663490295,0.7305587530136108,0.5491390228271484,0.19086050987243652,0.5154248476028442,0.6950381994247437,0.5566946864128113,0.16918377578258514,0.502775251865387,0.709955096244812,0.5818493962287903,0.43353620171546936,0.520310640335083,0.691027045249939,0.5981547236442566,0.4126749634742737,0.5567164421081543,0.7047538161277771,0.5856937170028687,0.45527082681655884,0.4645318388938904,0.6893638372421265,0.6034488081932068,0.4345153868198395,0.47636112570762634,0.7102017402648926,0.6162891387939453,0.4066258370876312,0.5518676042556763,0.691606879234314,0.6366906762123108,0.37344568967819214,0.6047066450119019
29,0.733040988445282,0.36425381898880005,-0.4705502986907959,0.9991309642791748,0.7401753664016724,0.35199397802352905,-0.4601290822029114,0.9990805983543396,0.7436573505401611,0.35237616300582886,-0.4601472020149231,0.9989423751831055,0.7466856241226196,0.3523756265640259,-0.4602130949497223,0.9989796876907349,0.7302640676498413,0.34728848934173584,-0.4657254219055176,0.9987837076187134,0.7264518737792969,0.34421515464782715,-0.46578702330589294,0.9985691905021667,0.72242271900177,0.34099525213241577,-0.4657718241214752,0.9986423850059509,0.7497686147689819,0.34986764192581177,-0.36211878061294556,0.9973500967025757,0.7135279178619385,0.3353176712989807,-0.3985878825187683,0.9982391595840454,0.7351734042167664,0.37564119696617126,-0.4290081858634949,0.9987072348594666,0.7242062091827393,0.3723922371864319,-0.4368521273136139,0.9985895752906799,0.7558124661445618,0.3848327696323395,-0.27095022797584534,0.9998396635055542,0.6793183088302612,0.38496217131614685,-0.29787954688072205,0.999324381351471,0.773623526096344,0.4506240487098694,-0.2855152487754822,0.9540996551513672,0.6585456132888794,0.45023566484451294,-0.34471505880355835,0.7904506921768188,0.7927890419960022,0.5187762975692749,-0.38497310876846313,0.9108599424362183,0.6437473297119141,0.4790649116039276,-0.4791792929172516,0.7347352504730225,0.7924951314926147,0.5434340834617615,-0.4151325821876526,0.8514004349708557,0.6361096501350403,0.48365646600723267,-0.5154224038124084,0.671607494354248,0.7879205942153931,0.5473576188087463,-0.4307948648929596,0.8616107106208801,0.6416729688644409,0.4808133542537689,-0.5325883030891418,0.6678543090820312,0.7815835475921631,0.5392603278160095,-0.3950081169605255,0.8306196928024292,0.64618980884552,0.48213157057762146,-0.4897877275943756,0.6465644240379333,0.7244894504547119,0.506123423576355,0.0025174955371767282,0.9981259107589722,0.6901360750198364,0.5037618279457092,-0.0026009627617895603,0.9977607131004333,0.7258105874061584,0.5554090142250061,0.19041016697883606,0.5004870891571045,0.6892037391662598,0.5579792261123657,0.18483589589595795,0.4887374937534332,0.7059715986251831,0.5999300479888916,0.4249906539916992,0.4936065673828125,0.6798635721206665,0.6036523580551147,0.42311763763427734,0.5298927426338196,0.701132595539093,0.6060059666633606,0.4460241198539734,0.43269670009613037,0.6792537569999695,0.610329806804657,0.4454330801963806,0.4514985680580139,0.7057749629020691,0.6318376660346985,0.3971463739871979,0.5271939039230347,0.6775113940238953,0.6405870318412781,0.3874222934246063,0.5855525135993958
30,0.7330399751663208,0.36431705951690674,-0.45344075560569763,0.9992146492004395,0.740236222743988,0.35203343629837036,-0.4430358409881592,0.9991584420204163,0.7437455058097839,0.35243916511535645,-0.4430730938911438,0.9990255832672119,0.7467632293701172,0.3524336814880371,-0.44312477111816406,0.9990567564964294,0.7302795648574829,0.3472104072570801,-0.45152440667152405,0.9988957643508911,0.7264614701271057,0.3441622257232666,-0.4515747129917145,0.9987002611160278,0.7224161624908447,0.34095168113708496,-0.4515746235847473,0.9987636208534241,0.7497843503952026,0.34980618953704834,-0.34549787640571594,0.9975177645683289,0.7130487561225891,0.3344776928424835,-0.3860930800437927,0.998397707939148,0.7351701259613037,0.3756465017795563,-0.4119572043418884,0.9988004565238953,0.7240825295448303,0.3724120557308197,-0.4227869510650635,0.9987127184867859,0.7556177973747253,0.38485172390937805,-0.2537285089492798,0.9998526573181152,0.678741991519928,0.384900838136673,-0.2971605956554413,0.9993732571601868,0.774150550365448,0.45069432258605957,-0.25268107652664185,0.9538841843605042,0.6580219864845276,0.4663756489753723,-0.31900519132614136,0.808111846446991,0.7924877405166626,0.5197201371192932,-0.3473573327064514,0.9103608131408691,0.6447769999504089,0.5406492948532104,-0.39724645018577576,0.7526730298995972,0.7925352454185486,0.5434150695800781,-0.3779919445514679,0.8481724262237549,0.636716902256012,0.5579975247383118,-0.4314437508583069,0.6880620121955872,0.7863867282867432,0.5462928414344788,-0.3943978250026703,0.8590145707130432,0.642654538154602,0.5576436519622803,-0.4644736349582672,0.684678852558136,0.7809011340141296,0.5389097332954407,-0.3575900197029114,0.8286862373352051,0.6468814611434937,0.5541203618049622,-0.40937191247940063,0.6607282161712646,0.724376380443573,0.5093536972999573,0.000406614359235391,0.9982046484947205,0.6901329159736633,0.5054563879966736,-0.000445618003141135,0.9977629780769348,0.7266009449958801,0.5612623691558838,0.17459172010421753,0.48015519976615906,0.6875951290130615,0.5644336938858032,0.1753411889076233,0.47045305371284485,0.7097345590591431,0.6140710711479187,0.4105983376502991,0.4713529944419861,0.6777527928352356,0.6144835948944092,0.40643662214279175,0.5062511563301086,0.7045798301696777,0.6215309500694275,0.43090564012527466,0.40525978803634644,0.6781330108642578,0.6224314570426941,0.4274275302886963,0.4305250644683838,0.711968183517456,0.6486513614654541,0.37074416875839233,0.5030350089073181,0.6715181469917297,0.6533300876617432,0.37142622470855713,0.5667263865470886
31,0.7328864336013794,0.36419445276260376,-0.4789206087589264,0.9992920160293579,0.7402287721633911,0.3518156409263611,-0.4685496687889099,0.999235987663269,0.743766188621521,0.3521122336387634,-0.46857213973999023,0.9991120100021362,0.7467880845069885,0.35201698541641235,-0.46860915422439575,0.9991368055343628,0.7301220893859863,0.34695592522621155,-0.4760042726993561,0.9990013837814331,0.7262982130050659,0.34384700655937195,-0.4760504364967346,0.9988244771957397,0.7222298383712769,0.34049153327941895,-0.4760409891605377,0.99888014793396,0.7497913241386414,0.3496185541152954,-0.36891502141952515,0.9977061748504639,0.7128925323486328,0.3328757584095001,-0.4033859372138977,0.9985501170158386,0.7350857853889465,0.3755326271057129,-0.4377729892730713,0.9989099502563477,0.7236229181289673,0.3723626732826233,-0.4474821090698242,0.9988367557525635,0.7556441426277161,0.3849402666091919,-0.27318865060806274,0.9998656511306763,0.6778828501701355,0.38509058952331543,-0.3210049569606781,0.9994273781776428,0.7744236588478088,0.45173898339271545,-0.2885494828224182,0.9552336931228638,0.6588146686553955,0.4765452444553375,-0.3423535227775574,0.8252899050712585,0.7907997965812683,0.5222066044807434,-0.4093312621116638,0.911465048789978,0.6530290842056274,0.5662723779678345,-0.4153560996055603,0.770958423614502,0.7925137281417847,0.5437071323394775,-0.4485059678554535,0.848732054233551,0.6474961638450623,0.5877062678337097,-0.45026493072509766,0.7072686553001404,0.78584885597229,0.5459514856338501,-0.46395283937454224,0.8591983318328857,0.6570612192153931,0.5935015082359314,-0.47071462869644165,0.7041239738464355,0.780564546585083,0.538690984249115,-0.4202207624912262,0.8292254209518433,0.6612979173660278,0.5849819183349609,-0.42497578263282776,0.6779513359069824,0.7263622879981995,0.5102279186248779,-0.0009049848886206746,0.9983202815055847,0.6901235580444336,0.509272575378418,0.0008890975150279701,0.9978368282318115,0.7317927479743958,0.5672442317008972,0.12004224956035614,0.4630112648010254,0.6864026784896851,0.5732824802398682,0.14628876745700836,0.4517664909362793,0.7134703397750854,0.6253111362457275,0.36671286821365356,0.4464419484138489,0.6765524744987488,0.6245906949043274,0.39424529671669006,0.47969502210617065,0.7072222828865051,0.6336634755134583,0.3878191113471985,0.38122835755348206,0.6773354411125183,0.6341068744659424,0.4145258069038391,0.4112823009490967,0.7159640789031982,0.6641333103179932,0.3278372585773468,0.47524434328079224,0.668573796749115,0.6641928553581238,0.35546034574508667,0.5420466065406799
32,0.7331972122192383,0.3640974760055542,-0.4714964032173157,0.9993610978126526,0.7408142685890198,0.351441353559494,-0.4611896872520447,0.9993029832839966,0.7442643642425537,0.35147398710250854,-0.4612085223197937,0.9991852045059204,0.7471188306808472,0.3512091636657715,-0.4612480700016022,0.9992058277130127,0.7303839921951294,0.34693479537963867,-0.4689676761627197,0.9990952014923096,0.726631224155426,0.34383586049079895,-0.4690311551094055,0.9989351630210876,0.7226219177246094,0.3404379189014435,-0.46903666853904724,0.9989844560623169,0.7498606443405151,0.34891819953918457,-0.36419183015823364,0.9978510737419128,0.7130452394485474,0.33237892389297485,-0.3999346196651459,0.9986866116523743,0.7354264855384827,0.375078022480011,-0.43135127425193787,0.9990052580833435,0.7240164279937744,0.37220945954322815,-0.4415801465511322,0.9989482760429382,0.755598247051239,0.3849307596683502,-0.2707156240940094,0.9998761415481567,0.6779834032058716,0.38502973318099976,-0.3193148970603943,0.9994761943817139,0.7724989652633667,0.45001402497291565,-0.2882605493068695,0.9558543562889099,0.6592131853103638,0.4808694124221802,-0.3346827030181885,0.8407906889915466,0.7864153385162354,0.5220500230789185,-0.39063429832458496,0.9122059941291809,0.6548093557357788,0.5711350440979004,-0.4062083661556244,0.788337767124176,0.7925736904144287,0.5436441898345947,-0.42532116174697876,0.8494696617126465,0.6508005261421204,0.5970995426177979,-0.4331435561180115,0.7259728312492371,0.7866309881210327,0.5462832450866699,-0.44171708822250366,0.8598366975784302,0.6580089330673218,0.6015486121177673,-0.45029234886169434,0.723061740398407,0.780931830406189,0.5391993522644043,-0.40112343430519104,0.8301774263381958,0.6622573137283325,0.5910125970840454,-0.41256994009017944,0.6952481865882874,0.7262266874313354,0.5106459856033325,-0.0008878187509253621,0.9983469247817993,0.6899163722991943,0.5094602704048157,0.0008818072383292019,0.9978156685829163,0.7252634763717651,0.5670722126960754,0.13939617574214935,0.43851491808891296,0.6867905855178833,0.5702728033065796,0.14595213532447815,0.43442466855049133,0.6941092014312744,0.6111834049224854,0.3703037202358246,0.419935405254364,0.6753278970718384,0.6204231977462769,0.3902900218963623,0.4593217372894287,0.6877170205116272,0.6168768405914307,0.39470747113227844,0.3579307496547699,0.6754209995269775,0.6293252110481262,0.41105636954307556,0.3965734839439392,0.6916126012802124,0.6467005610466003,0.34268245100975037,0.44847944378852844,0.6685744524002075,0.6595739126205444,0.35421842336654663,0.523086428642273
33,0.7331939935684204,0.3640686571598053,-0.48303890228271484,0.9994209408760071,0.7407943606376648,0.35142651200294495,-0.47298797965049744,0.9993590712547302,0.7442376613616943,0.3514694571495056,-0.47303351759910583,0.9992454051971436,0.7471023797988892,0.35120871663093567,-0.47310370206832886,0.9992635846138,0.730379581451416,0.3468892276287079,-0.4790080189704895,0.9991734027862549,0.726657509803772,0.34380343556404114,-0.4790566861629486,0.9990255236625671,0.7227054834365845,0.34042641520500183,-0.47905755043029785,0.9990668296813965,0.749834418296814,0.3489672839641571,-0.37205642461776733,0.9979771971702576,0.7130883932113647,0.3322495222091675,-0.4006595015525818,0.9987903833389282,0.7354227304458618,0.3750302195549011,-0.44122353196144104,0.9990804195404053,0.7240821123123169,0.37208878993988037,-0.44930821657180786,0.9990379810333252,0.7561574578285217,0.385395348072052,-0.28297922015190125,0.9998871088027954,0.6782371401786804,0.3844088315963745,-0.31576618552207947,0.9995117783546448,0.7721724510192871,0.4519634544849396,-0.2861703038215637,0.956020176410675,0.6591817736625671,0.4800512194633484,-0.32414060831069946,0.8513419032096863,0.785329282283783,0.5237913727760315,-0.3885347247123718,0.9080033302307129,0.6545920372009277,0.5639142394065857,-0.3865007758140564,0.7952791452407837,0.7925099730491638,0.5469611287117004,-0.4183107018470764,0.8424634337425232,0.6503812074661255,0.583138644695282,-0.41751641035079956,0.7298250794410706,0.7870360612869263,0.548191487789154,-0.43368735909461975,0.8530718088150024,0.657630980014801,0.5885025262832642,-0.44222474098205566,0.7272573709487915,0.7815244793891907,0.5412577986717224,-0.39745229482650757,0.8227394223213196,0.6619752645492554,0.578621506690979,-0.3968716263771057,0.6944462656974792,0.726049542427063,0.5180427432060242,-0.003730547381564975,0.9983544945716858,0.6899781823158264,0.5126857161521912,0.003708928357809782,0.9975649118423462,0.7198619246482849,0.5797215700149536,0.15884850919246674,0.40618896484375,0.6868390440940857,0.5781380534172058,0.18263782560825348,0.41495341062545776,0.6988032460212708,0.6331890821456909,0.4158816337585449,0.39525923132896423,0.6755777597427368,0.6311041712760925,0.44582313299179077,0.43659111857414246,0.6940804719924927,0.6408716440200806,0.4384726583957672,0.33221614360809326,0.6763638257980347,0.6380797624588013,0.47062596678733826,0.37743711471557617,0.696382462978363,0.6656758189201355,0.3778333067893982,0.4204828441143036,0.6702290773391724,0.6714407801628113,0.40959030389785767,0.49898743629455566
34,0.7332684397697449,0.36406928300857544,-0.5071600675582886,0.9994753003120422,0.7408064603805542,0.3514212667942047,-0.49648380279541016,0.999409019947052,0.744216799736023,0.3514655530452728,-0.4965316653251648,0.9992982745170593,0.7470921277999878,0.3512016832828522,-0.4966089725494385,0.9993147253990173,0.7305155992507935,0.3469829559326172,-0.504430890083313,0.9992461800575256,0.7269259691238403,0.3439413011074066,-0.5044836401939392,0.9991106390953064,0.7231518626213074,0.340549111366272,-0.5045053362846375,0.9991462826728821,0.7496299743652344,0.34887757897377014,-0.39043208956718445,0.9980782866477966,0.7136396169662476,0.33221879601478577,-0.4274284839630127,0.9988918900489807,0.735427737236023,0.3749937415122986,-0.4632040560245514,0.9991527795791626,0.7244872450828552,0.37207460403442383,-0.4738553464412689,0.9991229772567749,0.7562923431396484,0.3846184313297272,-0.296356737613678,0.999896764755249,0.67840975522995,0.38380786776542664,-0.3365612328052521,0.9995473623275757,0.7723080515861511,0.4531337320804596,-0.2895243167877197,0.9537227749824524,0.6594492197036743,0.4862130582332611,-0.3455173671245575,0.8616892695426941,0.7851375341415405,0.5236533880233765,-0.3877527415752411,0.8971739411354065,0.6549060344696045,0.5732953548431396,-0.40426158905029297,0.8068045973777771,0.7924390435218811,0.5467193722724915,-0.41727733612060547,0.8283248543739319,0.6500251889228821,0.5913532376289368,-0.43679943680763245,0.7407729029655457,0.7871531248092651,0.5480793714523315,-0.4305994510650635,0.839979350566864,0.6577202677726746,0.5975234508514404,-0.4590362012386322,0.7382243871688843,0.7818196415901184,0.5417309403419495,-0.3955008089542389,0.8093134760856628,0.661949872970581,0.587547242641449,-0.41450634598731995,0.701240599155426,0.7259930968284607,0.5166868567466736,-0.002875114558264613,0.99826979637146,0.6901172995567322,0.5136927366256714,0.0028308590408414602,0.9971359968185425,0.7135631442070007,0.5794565677642822,0.18634480237960815,0.37552985548973083,0.6846322417259216,0.5787487626075745,0.1964552104473114,0.4013427197933197,0.6928515434265137,0.6310544610023499,0.45237797498703003,0.37307512760162354,0.6750878691673279,0.633501410484314,0.4682477116584778,0.4218950867652893,0.6892266869544983,0.6397924423217773,0.47634539008140564,0.3088906705379486,0.6753066778182983,0.6397377252578735,0.4943922162055969,0.36244887113571167,0.687832772731781,0.6589996814727783,0.41708749532699585,0.3977019190788269,0.6706604361534119,0.6740734577178955,0.4318014979362488,0.4836297929286957
35,0.7332666516304016,0.3644353747367859,-0.4507177770137787,0.9995270371437073,0.7407031059265137,0.3524761497974396,-0.44240158796310425,0.9994635581970215,0.7439577579498291,0.3525717556476593,-0.4424208700656891,0.9993622303009033,0.7467147707939148,0.3523308038711548,-0.44246506690979004,0.9993749856948853,0.7305837869644165,0.34794655442237854,-0.4508219361305237,0.999318540096283,0.7271531224250793,0.34493017196655273,-0.4508780837059021,0.999196469783783,0.7235580682754517,0.3415222764015198,-0.45090508460998535,0.9992279410362244,0.7491863965988159,0.349369615316391,-0.34959858655929565,0.9982444047927856,0.7141244411468506,0.3322373628616333,-0.3885188400745392,0.9989995956420898,0.735319972038269,0.37503841519355774,-0.41097941994667053,0.9992321729660034,0.724726676940918,0.37210527062416077,-0.42207664251327515,0.9992082715034485,0.7564336657524109,0.3838920593261719,-0.25041884183883667,0.9999057650566101,0.6775162816047668,0.38437268137931824,-0.3030005097389221,0.9995896220207214,0.7735656499862671,0.44685402512550354,-0.2270956039428711,0.952502965927124,0.6593350172042847,0.4902906119823456,-0.30186331272125244,0.8746711015701294,0.7854870557785034,0.5235579013824463,-0.30735817551612854,0.8961058855056763,0.6576120853424072,0.5862688422203064,-0.3519195020198822,0.8245280981063843,0.7928786277770996,0.5464908480644226,-0.3327007591724396,0.8256723880767822,0.6515611410140991,0.6090596318244934,-0.3765633702278137,0.7626965045928955,0.7873971462249756,0.5485990047454834,-0.3503461182117462,0.8387871980667114,0.657929539680481,0.6113020181655884,-0.3971439599990845,0.7604271769523621,0.7826589941978455,0.5420659184455872,-0.31700658798217773,0.8106281757354736,0.6616846919059753,0.6001929640769958,-0.35992202162742615,0.7256569862365723,0.723125696182251,0.5231713652610779,-0.002177892019972205,0.9983690977096558,0.6898885369300842,0.5193941593170166,0.0021383408457040787,0.997288167476654,0.7119535207748413,0.6001549363136292,0.1355549842119217,0.36036980152130127,0.6851865649223328,0.6019319891929626,0.1425938755273819,0.3926646411418915,0.6968841552734375,0.6741759777069092,0.3372923731803894,0.36570265889167786,0.6755013465881348,0.6769951581954956,0.3538239896297455,0.41492390632629395,0.6934324502944946,0.6856803297996521,0.35409480333328247,0.3039464056491852,0.6758468151092529,0.6862190961837769,0.3725348114967346,0.3583933413028717,0.6967765092849731,0.7080390453338623,0.2974516749382019,0.3902563452720642,0.6726049184799194,0.7218232154846191,0.31119832396507263,0.47527605295181274
36,0.7335156798362732,0.3645319640636444,-0.4040381908416748,0.9995737075805664,0.7409384846687317,0.3524784445762634,-0.39487993717193604,0.9995132088661194,0.7441667914390564,0.3525620698928833,-0.39489856362342834,0.9994208812713623,0.7468704581260681,0.35231974720954895,-0.3949223458766937,0.9994300007820129,0.7306872606277466,0.34812480211257935,-0.40296196937561035,0.9993840456008911,0.7272576093673706,0.3452191650867462,-0.40300655364990234,0.9992740750312805,0.7236636281013489,0.34192290902137756,-0.4030190408229828,0.999301552772522,0.7491921186447144,0.3493593633174896,-0.3047013580799103,0.9984020590782166,0.714126467704773,0.33252477645874023,-0.34203705191612244,0.9990971088409424,0.7357298731803894,0.37514424324035645,-0.36584120988845825,0.9993054270744324,0.7252688407897949,0.37222543358802795,-0.37663185596466064,0.9992859959602356,0.7564573884010315,0.3841162919998169,-0.21097835898399353,0.9999139308929443,0.6771007776260376,0.38831207156181335,-0.2662421464920044,0.9996283054351807,0.7731037139892578,0.44713112711906433,-0.18986523151397705,0.953747570514679,0.660292387008667,0.49343371391296387,-0.2587307095527649,0.8865925073623657,0.7852743864059448,0.5234911441802979,-0.2838018536567688,0.9019390940666199,0.6596066951751709,0.5871682167053223,-0.31487640738487244,0.8406664729118347,0.7928889393806458,0.54718017578125,-0.311898410320282,0.8339246511459351,0.6532301902770996,0.6116617321968079,-0.34057000279426575,0.783302903175354,0.7871670126914978,0.549111008644104,-0.32938939332962036,0.8468213677406311,0.6588449478149414,0.6133300065994263,-0.3618588447570801,0.7813359498977661,0.782516360282898,0.5421497821807861,-0.29362958669662476,0.8204641342163086,0.6626935601234436,0.603374719619751,-0.32346639037132263,0.7490360736846924,0.7251788973808289,0.5267595052719116,0.0008393488824367523,0.998418927192688,0.6901484727859497,0.5316768884658813,-0.0008145791362039745,0.9974141120910645,0.7130777835845947,0.6179789304733276,0.1279924213886261,0.3562893271446228,0.6881033778190613,0.626936674118042,0.11455406993627548,0.39283934235572815,0.7051515579223633,0.6976028084754944,0.3143184781074524,0.3539527654647827,0.6811503767967224,0.7064353227615356,0.3080581724643707,0.40868905186653137,0.7013518810272217,0.7082176208496094,0.32934072613716125,0.3023931384086609,0.6811835169792175,0.7169657945632935,0.3243217170238495,0.35708221793174744,0.713371992111206,0.7392692565917969,0.27382948994636536,0.38234245777130127,0.6801467537879944,0.7506569623947144,0.2581653296947479,0.4677102267742157
37,0.7339910268783569,0.3646908104419708,-0.39192888140678406,0.9996154308319092,0.7411550879478455,0.35245731472969055,-0.3816319406032562,0.9995554089546204,0.744350790977478,0.3525245785713196,-0.3816629946231842,0.999470591545105,0.7470126152038574,0.3522423505783081,-0.3816908597946167,0.9994749426841736,0.7308996915817261,0.34812819957733154,-0.3901059031486511,0.9994416236877441,0.727537214756012,0.3452088534832001,-0.39015811681747437,0.999342679977417,0.7239850759506226,0.3418942093849182,-0.3901756703853607,0.9993664026260376,0.7491942644119263,0.34918636083602905,-0.288845956325531,0.9985312223434448,0.7141456007957458,0.3323569893836975,-0.3278011083602905,0.999183714389801,0.7364739179611206,0.37518763542175293,-0.35305508971214294,0.9993700981140137,0.7260024547576904,0.3723182678222656,-0.3643524944782257,0.9993556141853333,0.7566356658935547,0.3858491778373718,-0.1987811028957367,0.9999208450317383,0.6764148473739624,0.39128944277763367,-0.2516403794288635,0.9996631741523743,0.7730816602706909,0.4490445554256439,-0.18619759380817413,0.9543455839157104,0.6623362302780151,0.497639000415802,-0.24207322299480438,0.8972576260566711,0.7849712371826172,0.5252180695533752,-0.29617029428482056,0.9050723314285278,0.6615924835205078,0.5879549980163574,-0.3031904399394989,0.8547914624214172,0.7927418351173401,0.5499485731124878,-0.3271520733833313,0.8380925059318542,0.6550254225730896,0.6128828525543213,-0.3289901614189148,0.8012304902076721,0.7872604727745056,0.5510513782501221,-0.3451007604598999,0.8511536717414856,0.6609159111976624,0.613910436630249,-0.35146453976631165,0.7995522022247314,0.7832862138748169,0.543475866317749,-0.306869775056839,0.8263530731201172,0.6642369627952576,0.6042845845222473,-0.3122524619102478,0.7692722678184509,0.726576030254364,0.532219409942627,0.0008545126765966415,0.9984332323074341,0.6905518770217896,0.5382605195045471,-0.0008307910757139325,0.997517466545105,0.7137453556060791,0.6305389404296875,0.11267592012882233,0.3539452850818634,0.6883524060249329,0.6369944214820862,0.10281336307525635,0.3928689658641815,0.7096405029296875,0.7122154235839844,0.2969892621040344,0.3434104919433594,0.6806328892707825,0.7204515933990479,0.29520368576049805,0.40370023250579834,0.706253170967102,0.7229469418525696,0.31168651580810547,0.30090102553367615,0.680637538433075,0.732080340385437,0.31102195382118225,0.3561796247959137,0.7174618244171143,0.7533560991287231,0.251863569021225,0.3750365078449249,0.6788275241851807,0.7634649276733398,0.23894861340522766,0.46098363399505615
38,0.7341557741165161,0.36468949913978577,-0.4180269241333008,0.9996517896652222,0.7411668300628662,0.35240060091018677,-0.40848952531814575,0.9995868802070618,0.7443434000015259,0.3524341881275177,-0.4085175395011902,0.9995056390762329,0.747010350227356,0.35212552547454834,-0.4085697531700134,0.9995030164718628,0.7310189008712769,0.34811604022979736,-0.4165615439414978,0.9994889497756958,0.7276557087898254,0.34516555070877075,-0.41662105917930603,0.9993996024131775,0.7240744829177856,0.34178993105888367,-0.4166419506072998,0.9994199872016907,0.7491949796676636,0.348846971988678,-0.3138318359851837,0.9986142516136169,0.7141273617744446,0.3322431445121765,-0.3510306775569916,0.9992583394050598,0.7365309000015259,0.3751846253871918,-0.37792807817459106,0.9994269013404846,0.7261079549789429,0.37236160039901733,-0.38873472809791565,0.9994176626205444,0.7567130923271179,0.38549304008483887,-0.22033235430717468,0.9999274015426636,0.6749309301376343,0.3905489146709442,-0.2694729268550873,0.9996950030326843,0.7720314860343933,0.44987016916275024,-0.21330535411834717,0.9552846550941467,0.6621016263961792,0.4938300549983978,-0.2611631751060486,0.9068789482116699,0.7837033867835999,0.5252344012260437,-0.3229605555534363,0.9076182842254639,0.6616622805595398,0.5839376449584961,-0.3262602686882019,0.8675537705421448,0.7924259901046753,0.5495097637176514,-0.3505033254623413,0.8416815996170044,0.6554327607154846,0.6104698777198792,-0.35454994440078735,0.8174680471420288,0.7863203287124634,0.550700306892395,-0.3668522238731384,0.8546826839447021,0.6613913774490356,0.6105725169181824,-0.3767206072807312,0.81610506772995,0.7817380428314209,0.5432249903678894,-0.33309584856033325,0.8310028910636902,0.6650986671447754,0.6003813147544861,-0.3353806436061859,0.7875680327415466,0.726467490196228,0.5352201461791992,0.0003605469246394932,0.9984762072563171,0.6898683905601501,0.5378476977348328,-0.00030057161347940564,0.9976029992103577,0.716001570224762,0.6442015171051025,0.07679731398820877,0.3464890420436859,0.6876183748245239,0.6403090357780457,0.07764662802219391,0.38065871596336365,0.7092944383621216,0.7278189659118652,0.28247347474098206,0.3224385678768158,0.6757961511611938,0.7286742925643921,0.29090192914009094,0.3800131380558014,0.7061928510665894,0.7383721470832825,0.2990763485431671,0.2859039008617401,0.6751056909561157,0.741590142250061,0.30879849195480347,0.33857461810112,0.7162917256355286,0.7695209980010986,0.23195891082286835,0.35271796584129333,0.6723302602767944,0.7717515826225281,0.22813041508197784,0.4373784065246582
39,0.7345804572105408,0.36478373408317566,-0.42412224411964417,0.9996849298477173,0.7412512898445129,0.3526042401790619,-0.4144909977912903,0.9996179938316345,0.7443410158157349,0.352620005607605,-0.4145163595676422,0.9995407462120056,0.7470054626464844,0.35230425000190735,-0.4145781397819519,0.9995356202125549,0.731381356716156,0.3484092056751251,-0.42337551712989807,0.9995331764221191,0.7280516624450684,0.34539055824279785,-0.4234519600868225,0.9994525909423828,0.7244464755058289,0.3418727517127991,-0.423478364944458,0.9994707703590393,0.7490912079811096,0.34887272119522095,-0.3182009160518646,0.998705267906189,0.7142623066902161,0.3322696387767792,-0.3590223789215088,0.9993261694908142,0.7366094589233398,0.375186949968338,-0.38331329822540283,0.9994803667068481,0.7264881134033203,0.37240245938301086,-0.3952880799770355,0.9994742274284363,0.7568004727363586,0.38533374667167664,-0.22298316657543182,0.999933660030365,0.674213707447052,0.39017820358276367,-0.27716878056526184,0.9997239112854004,0.7721906900405884,0.4501849412918091,-0.2162971943616867,0.9574061036109924,0.6620243191719055,0.4926002621650696,-0.2673183083534241,0.9158067107200623,0.7838295698165894,0.5266850590705872,-0.3234674334526062,0.9121907353401184,0.6613080501556396,0.5835273265838623,-0.33299076557159424,0.8797394633293152,0.7924309372901917,0.5511516332626343,-0.36598384380340576,0.8482701182365417,0.6552836894989014,0.6108676195144653,-0.362495481967926,0.8333457112312317,0.7864126563072205,0.5516982078552246,-0.3863612413406372,0.8609391450881958,0.6614514589309692,0.6111724972724915,-0.3845824599266052,0.8322002291679382,0.7817410230636597,0.5440198183059692,-0.3379521667957306,0.8385053277015686,0.6652759313583374,0.6011172533035278,-0.34202951192855835,0.8054831624031067,0.7265748977661133,0.5396708250045776,0.0008323878282681108,0.9985195994377136,0.68919438123703,0.542452335357666,-0.0007660379051230848,0.9976786971092224,0.7169733643531799,0.6557673811912537,0.08151157945394516,0.3360635042190552,0.6857388615608215,0.652130663394928,0.08480754494667053,0.3685375452041626,0.7091540098190308,0.7389998435974121,0.3093322813510895,0.2995297312736511,0.6724926233291626,0.7441052794456482,0.30797797441482544,0.3555503189563751,0.7061351537704468,0.7488551735877991,0.32873374223709106,0.2706567347049713,0.6707296967506409,0.7566261887550354,0.3271208107471466,0.3184620141983032,0.7155746221542358,0.7828398942947388,0.2635337710380554,0.33088570833206177,0.6718934774398804,0.7900767922401428,0.24553823471069336,0.4129449129104614
40,0.7346190810203552,0.36478954553604126,-0.4142754077911377,0.9997143149375916,0.7412459850311279,0.35246989130973816,-0.4052325189113617,0.9996445775032043,0.7442935109138489,0.3524027466773987,-0.40526095032691956,0.9995702505111694,0.7469362020492554,0.3519779145717621,-0.4053278863430023,0.9995604157447815,0.7313875555992126,0.34828469157218933,-0.4134546220302582,0.99957275390625,0.7280429005622864,0.3451733887195587,-0.4135291576385498,0.999500036239624,0.7244318127632141,0.34152448177337646,-0.4135574400424957,0.9995162487030029,0.7490035891532898,0.3479143977165222,-0.3087090849876404,0.9987822771072388,0.7142513990402222,0.3314637541770935,-0.3469366431236267,0.9993881583213806,0.73658686876297,0.37518584728240967,-0.3728351891040802,0.9995271563529968,0.7264388203620911,0.37246429920196533,-0.3839854896068573,0.9995250105857849,0.7569672465324402,0.38404664397239685,-0.21005061268806458,0.9999387860298157,0.6735325455665588,0.39011114835739136,-0.25924617052078247,0.9997504949569702,0.7721713185310364,0.45821842551231384,-0.18550723791122437,0.9566872119903564,0.6600040197372437,0.4937457740306854,-0.2364749014377594,0.9237920045852661,0.7838146686553955,0.5279480218887329,-0.2935400605201721,0.9098711609840393,0.6607698202133179,0.5868476033210754,-0.29961174726486206,0.8904759287834167,0.7922740578651428,0.5514093041419983,-0.3262777030467987,0.8442994952201843,0.6547185182571411,0.6146552562713623,-0.3254137635231018,0.8472570776939392,0.7864290475845337,0.5518979430198669,-0.3455770015716553,0.857479453086853,0.6610538363456726,0.6142032742500305,-0.34850960969924927,0.8463348150253296,0.7819256782531738,0.54410719871521,-0.30476754903793335,0.8360235691070557,0.6648885011672974,0.6040157079696655,-0.30850470066070557,0.8212445974349976,0.7266063094139099,0.5405699014663696,0.0008406282286159694,0.9985476136207581,0.688634991645813,0.5427089929580688,-0.0007774216355755925,0.9977648258209229,0.717597484588623,0.6572498679161072,0.0776921957731247,0.32900163531303406,0.685165524482727,0.6534823775291443,0.08270121365785599,0.3611128628253937,0.7136999368667603,0.7382709980010986,0.2927904427051544,0.28229421377182007,0.6734479665756226,0.7438605427742004,0.29669567942619324,0.3367701768875122,0.7107254266738892,0.7485893964767456,0.31113117933273315,0.2646109163761139,0.6721643209457397,0.7558709979057312,0.3150476813316345,0.3052755892276764,0.722592294216156,0.7799814939498901,0.24789443612098694,0.31568747758865356,0.672284722328186,0.7893805503845215,0.2363271266222,0.39404013752937317
41,0.7350432872772217,0.36521226167678833,-0.38009577989578247,0.9997364282608032,0.7414209842681885,0.35280925035476685,-0.37213200330734253,0.9996487498283386,0.7443655133247375,0.35264986753463745,-0.3721695840358734,0.9995722770690918,0.746969997882843,0.35215312242507935,-0.37223631143569946,0.9995572566986084,0.7315970659255981,0.34901559352874756,-0.3801656663417816,0.9995929598808289,0.7282036542892456,0.3459765613079071,-0.38022369146347046,0.9995255470275879,0.7245660424232483,0.3422400653362274,-0.38025492429733276,0.999539315700531,0.7489348649978638,0.3478432297706604,-0.2807985544204712,0.9988014698028564,0.7143767476081848,0.33181965351104736,-0.3185025155544281,0.9994285702705383,0.7368029356002808,0.3752727806568146,-0.34025055170059204,0.9995630979537964,0.7268471121788025,0.37294256687164307,-0.3512406647205353,0.9995665550231934,0.7570351958274841,0.3835749328136444,-0.18654586374759674,0.999943733215332,0.6736010909080505,0.38976380228996277,-0.2308763712644577,0.9997726678848267,0.7724980115890503,0.45613229274749756,-0.14712673425674438,0.9572429060935974,0.6599538326263428,0.4925425350666046,-0.19704443216323853,0.9305148124694824,0.7839578986167908,0.5290070176124573,-0.24287696182727814,0.910097599029541,0.6605194807052612,0.5866159796714783,-0.2511241137981415,0.8985202312469482,0.7923852801322937,0.5515128374099731,-0.2712927460670471,0.8434503078460693,0.6545232534408569,0.6137569546699524,-0.2733025550842285,0.8570594191551208,0.786553680896759,0.5523788928985596,-0.2900543212890625,0.8569898009300232,0.6609926819801331,0.6132840514183044,-0.29749220609664917,0.8564423322677612,0.7818828821182251,0.5448375940322876,-0.2529476284980774,0.836597740650177,0.6646950244903564,0.6025049090385437,-0.2604113221168518,0.8322029113769531,0.7264445424079895,0.5433089733123779,0.0008476179209537804,0.9985690712928772,0.6874311566352844,0.5406241416931152,-0.000787365366704762,0.9977846145629883,0.7145412564277649,0.6551486253738403,0.08230438083410263,0.3133476972579956,0.6840473413467407,0.6501166224479675,0.08509402722120285,0.3445683717727661,0.7117376327514648,0.7325403690338135,0.2909511923789978,0.26127955317497253,0.6726371645927429,0.737481415271759,0.2954341769218445,0.31281957030296326,0.709936261177063,0.7426872849464417,0.3094564378261566,0.2544308006763458,0.6710197925567627,0.7484799027442932,0.3141559660434723,0.28938719630241394,0.7216910123825073,0.7700996398925781,0.25357121229171753,0.29522472620010376,0.6723968982696533,0.7809808254241943,0.24107202887535095,0.36824971437454224
42,0.7350220680236816,0.365312397480011,-0.38407665491104126,0.9997590184211731,0.7413484454154968,0.3528653681278229,-0.37508174777030945,0.9996655583381653,0.7442243099212646,0.3526892066001892,-0.37512221932411194,0.9995912313461304,0.7468003034591675,0.3521808981895447,-0.37519052624702454,0.9995730519294739,0.731590211391449,0.3491040766239166,-0.3833998739719391,0.9996206760406494,0.7281906604766846,0.3460407257080078,-0.38344523310661316,0.9995585083961487,0.7245513796806335,0.3422795832157135,-0.3834681510925293,0.9995693564414978,0.7486611604690552,0.3478369414806366,-0.279863178730011,0.9988605380058289,0.7143731117248535,0.33189308643341064,-0.31874945759773254,0.9994735717773438,0.7367016673088074,0.3752901256084442,-0.34299618005752563,0.9995995759963989,0.7268023490905762,0.37313440442085266,-0.35430338978767395,0.9996060729026794,0.7570104598999023,0.3833268880844116,-0.182268887758255,0.9999483227729797,0.6735616326332092,0.3899489641189575,-0.23143115639686584,0.9997925758361816,0.7726418972015381,0.4543302357196808,-0.1440947949886322,0.9577159881591797,0.6601633429527283,0.4940684735774994,-0.198423832654953,0.9365372061729431,0.7839464545249939,0.5287458896636963,-0.24597816169261932,0.9117199778556824,0.6605767607688904,0.5879716277122498,-0.2528861165046692,0.9054802656173706,0.7923865914344788,0.5514022707939148,-0.2755637764930725,0.8450121879577637,0.6544244289398193,0.6139010787010193,-0.2765648365020752,0.86524897813797,0.7858940958976746,0.5521557927131653,-0.29544562101364136,0.8586745858192444,0.6607524156570435,0.61333829164505,-0.3012617528438568,0.864926815032959,0.7806568145751953,0.5447237491607666,-0.25681838393211365,0.8390234708786011,0.6645025014877319,0.6029585003852844,-0.26259762048721313,0.8412927389144897,0.7264195084571838,0.5450596809387207,0.002665368840098381,0.998588502407074,0.6868132948875427,0.5415384769439697,-0.0025971378199756145,0.997806966304779,0.7156111598014832,0.658009946346283,0.09043562412261963,0.30643606185913086,0.6838099360466003,0.6545612215995789,0.08270271867513657,0.3396906852722168,0.711560070514679,0.7382543087005615,0.2961665987968445,0.24549153447151184,0.6721844673156738,0.7447875738143921,0.29057013988494873,0.29763147234916687,0.7092800736427307,0.7491844892501831,0.31404903531074524,0.24989460408687592,0.6706110835075378,0.7565348148345947,0.3086526095867157,0.28121277689933777,0.7201918959617615,0.776439905166626,0.25445106625556946,0.2798171639442444,0.6722415685653687,0.7889993190765381,0.23064470291137695,0.35090240836143494
43,0.7343321442604065,0.3654031455516815,-0.37293627858161926,0.9997777342796326,0.7407360672950745,0.35305055975914,-0.36426660418510437,0.9996713399887085,0.7436846494674683,0.35300707817077637,-0.36432093381881714,0.9995992183685303,0.7463192939758301,0.3525848090648651,-0.3643943667411804,0.9995745420455933,0.7310751676559448,0.34907618165016174,-0.3714645504951477,0.9996353983879089,0.7275834679603577,0.3458745777606964,-0.3715117573738098,0.9995763897895813,0.7238556146621704,0.3420202434062958,-0.371534526348114,0.9995807409286499,0.7484508752822876,0.34787213802337646,-0.26936089992523193,0.9988988041877747,0.713406503200531,0.3315601348876953,-0.30265435576438904,0.9995030164718628,0.7358376383781433,0.37541231513023376,-0.3316168487071991,0.9996305108070374,0.7260667085647583,0.3731538653373718,-0.3413753807544708,0.9996396899223328,0.7570095062255859,0.3833465278148651,-0.17438164353370667,0.9999527931213379,0.672838568687439,0.38974544405937195,-0.21140193939208984,0.9998103380203247,0.7728144526481628,0.4542716145515442,-0.14609839022159576,0.9592096209526062,0.6597627401351929,0.4954225420951843,-0.17254216969013214,0.9416003227233887,0.7840193510055542,0.5285437107086182,-0.26178184151649475,0.9150396585464478,0.6604060530662537,0.5905719995498657,-0.23177501559257507,0.9110004901885986,0.7925571203231812,0.5512676239013672,-0.29372337460517883,0.8499140739440918,0.6542731523513794,0.6168120503425598,-0.2551068067550659,0.8717432618141174,0.7859727740287781,0.5520547032356262,-0.31313765048980713,0.8632772564888,0.660571277141571,0.6163392663002014,-0.2803136706352234,0.871735155582428,0.7806151509284973,0.5446718335151672,-0.27252742648124695,0.8443273305892944,0.6644126176834106,0.6058595180511475,-0.24166861176490784,0.8484828472137451,0.7260549664497375,0.5481956005096436,0.0018766926368698478,0.9986286163330078,0.6860591173171997,0.5438506007194519,-0.0017886111745610833,0.9978474378585815,0.715164303779602,0.665540337562561,0.08042282611131668,0.2937660813331604,0.6836932897567749,0.6608926653862,0.07917819917201996,0.3280455470085144,0.7113029360771179,0.7464087009429932,0.2945980131626129,0.2277265191078186,0.6717787981033325,0.7524372339248657,0.29382893443107605,0.27988097071647644,0.709009051322937,0.757150411605835,0.3133540451526642,0.23950962722301483,0.6702834367752075,0.7647380232810974,0.3125675916671753,0.2702103853225708,0.7195355296134949,0.7846006751060486,0.2528632581233978,0.26347485184669495,0.6715320944786072,0.7955368161201477,0.2338813841342926,0.33245640993118286
44,0.7346578240394592,0.36552929878234863,-0.3830011487007141,0.9997955560684204,0.7411360144615173,0.3530135154724121,-0.37462103366851807,0.9996840357780457,0.7440776228904724,0.3529249131679535,-0.3746638894081116,0.9996145367622375,0.7467459440231323,0.3524676561355591,-0.37473273277282715,0.9995875954627991,0.7312057614326477,0.34903839230537415,-0.3826351761817932,0.9996564984321594,0.7276123762130737,0.3457021713256836,-0.3826790452003479,0.999601423740387,0.7238532900810242,0.34165921807289124,-0.38269928097724915,0.9996022582054138,0.7485487461090088,0.3474787473678589,-0.28019121289253235,0.9989452362060547,0.7131618857383728,0.3308035135269165,-0.31762656569480896,0.9995369911193848,0.73598313331604,0.37566646933555603,-0.3418613374233246,0.9996572732925415,0.7260798811912537,0.37353354692459106,-0.3527943193912506,0.9996699094772339,0.7571204900741577,0.3833511769771576,-0.18418444693088531,0.9999565482139587,0.6716741323471069,0.3897750973701477,-0.22775940597057343,0.9998258948326111,0.773177444934845,0.454213410615921,-0.14884240925312042,0.9587029814720154,0.6585814952850342,0.49573639035224915,-0.19168497622013092,0.9461389780044556,0.7840615510940552,0.52885502576828,-0.2554396986961365,0.9168967008590698,0.6602278351783752,0.59153151512146,-0.2442878782749176,0.9160422682762146,0.7926216721534729,0.551207959651947,-0.2858010530471802,0.852593719959259,0.6538081765174866,0.6179091334342957,-0.2673250436782837,0.8777573704719543,0.7859705686569214,0.5522292852401733,-0.30548256635665894,0.8658762574195862,0.6594371795654297,0.6173169016838074,-0.29132378101348877,0.8780181407928467,0.7804552316665649,0.5449965596199036,-0.2661871314048767,0.8473564386367798,0.6634989976882935,0.6068577766418457,-0.25371652841567993,0.8548125624656677,0.7260956764221191,0.547275722026825,0.00217478652484715,0.998659610748291,0.6858750581741333,0.5438242554664612,-0.002092919545248151,0.997880756855011,0.715724766254425,0.6579300165176392,0.09411239624023438,0.27839887142181396,0.6826289892196655,0.6534281969070435,0.09053590893745422,0.31692731380462646,0.7113267779350281,0.7359078526496887,0.3154873251914978,0.21090540289878845,0.6707876324653625,0.7401119470596313,0.3081010580062866,0.2624839246273041,0.7088088989257812,0.7462711930274963,0.33589035272598267,0.22955068945884705,0.6694060564041138,0.7510349750518799,0.32841235399246216,0.2584995925426483,0.7189587354660034,0.773461639881134,0.28295081853866577,0.2464972585439682,0.6702817678451538,0.7841170430183411,0.2589147388935089,0.3119138181209564
45,0.7345679402351379,0.3657080829143524,-0.3857264518737793,0.9998120069503784,0.741007387638092,0.3531757891178131,-0.3782520294189453,0.9996963143348694,0.7439183592796326,0.3531499207019806,-0.3782809376716614,0.9996287226676941,0.7465882301330566,0.3527524769306183,-0.3783509135246277,0.9995968341827393,0.7311626672744751,0.34900963306427,-0.3853154480457306,0.9996776580810547,0.7275339365005493,0.34568241238594055,-0.38536810874938965,0.999626874923706,0.7237415909767151,0.34160953760147095,-0.3853852152824402,0.9996247887611389,0.7484077215194702,0.34753695130348206,-0.2867695987224579,0.9989915490150452,0.7130953669548035,0.3308051824569702,-0.3203263580799103,0.9995703101158142,0.7357181310653687,0.3758356273174286,-0.34553128480911255,0.9996822476387024,0.7259519100189209,0.37359148263931274,-0.3552544414997101,0.9996979832649231,0.7571576833724976,0.3834127187728882,-0.1914035528898239,0.9999598264694214,0.6705735921859741,0.3899821937084198,-0.22409780323505402,0.999841034412384,0.7733989953994751,0.4544108510017395,-0.1348710060119629,0.9598548412322998,0.6559871435165405,0.496892511844635,-0.17692884802818298,0.9506441950798035,0.7841022610664368,0.5308562517166138,-0.20828846096992493,0.9195179343223572,0.6601011753082275,0.5936633348464966,-0.2230185568332672,0.9221699833869934,0.7931886911392212,0.5530954003334045,-0.23268835246562958,0.855889618396759,0.6532970666885376,0.6208891868591309,-0.2415807694196701,0.8855584859848022,0.7863608598709106,0.5539836287498474,-0.251792848110199,0.868958055973053,0.6592089533805847,0.6200352311134338,-0.265924870967865,0.8860113024711609,0.7805017232894897,0.5471433401107788,-0.21752314269542694,0.8514205813407898,0.6633943319320679,0.6093741655349731,-0.2319885492324829,0.8638502955436707,0.72621750831604,0.547124981880188,-0.002004606183618307,0.9986844658851624,0.6853379011154175,0.5439228415489197,0.0020809953566640615,0.9979274272918701,0.7159541249275208,0.6621139049530029,0.07438848912715912,0.2683228850364685,0.6807820796966553,0.6567829847335815,0.09484223276376724,0.3047572374343872,0.7123556733131409,0.744244396686554,0.2717891335487366,0.19805173575878143,0.6690484285354614,0.744679868221283,0.30974361300468445,0.24861744046211243,0.7099015712738037,0.7551761269569397,0.2889396548271179,0.22287990152835846,0.6686185598373413,0.7562357783317566,0.3287675678730011,0.2499644160270691,0.7197439074516296,0.7816475629806519,0.23266057670116425,0.23476293683052063,0.6641718149185181,0.7871880531311035,0.25975745916366577,0.29563871026039124
46,0.7347491383552551,0.36581501364707947,-0.366569459438324,0.9998254179954529,0.7410811185836792,0.3532789349555969,-0.35759902000427246,0.9997004866600037,0.7439666986465454,0.3532368242740631,-0.35765010118484497,0.999632716178894,0.746635913848877,0.3528270423412323,-0.35772472620010376,0.9995965361595154,0.7312252521514893,0.3490472137928009,-0.3653765916824341,0.9996896982192993,0.7275775671005249,0.34569329023361206,-0.36541515588760376,0.9996400475502014,0.7237538695335388,0.34161409735679626,-0.3654361069202423,0.9996336102485657,0.7484091520309448,0.3475263714790344,-0.26239460706710815,0.999009370803833,0.7131007313728333,0.3308425545692444,-0.2985895872116089,0.9995911121368408,0.735778272151947,0.37598350644111633,-0.3252434730529785,0.999703586101532,0.7260895371437073,0.3737408220767975,-0.33580315113067627,0.999721884727478,0.7572658658027649,0.3834207355976105,-0.16905803978443146,0.9999629855155945,0.6706295013427734,0.39000338315963745,-0.20708732306957245,0.9998540878295898,0.7739142179489136,0.4536878764629364,-0.1350918710231781,0.9604711532592773,0.6560649275779724,0.4965059161186218,-0.16591700911521912,0.9544817209243774,0.7841335535049438,0.5306633114814758,-0.2433907687664032,0.9220626950263977,0.6600755453109741,0.5927559733390808,-0.21934270858764648,0.9269587397575378,0.7932056188583374,0.553034782409668,-0.2737286388874054,0.8600111603736877,0.6533332467079163,0.6191174983978271,-0.24080999195575714,0.8914175033569336,0.7863824367523193,0.5539060235023499,-0.2930932343006134,0.8729538321495056,0.6592006683349609,0.6186662316322327,-0.2660174071788788,0.8921021819114685,0.780482828617096,0.5470420718193054,-0.25390562415122986,0.85598224401474,0.6633837819099426,0.6082149147987366,-0.2288776934146881,0.8704574108123779,0.7265169024467468,0.5522631406784058,-0.0016962640220299363,0.9987360239028931,0.6854310035705566,0.5480197072029114,0.0017589585622772574,0.9979839324951172,0.7161584496498108,0.6702874898910522,0.06458619982004166,0.2594166696071625,0.6811665296554565,0.6659390926361084,0.08195280283689499,0.29343104362487793,0.7133411765098572,0.7548288106918335,0.2678564786911011,0.18536444008350372,0.6677767634391785,0.7578009963035583,0.2975862920284271,0.23472915589809418,0.7107073068618774,0.7666419148445129,0.28560465574264526,0.21537433564662933,0.6667248010635376,0.770418107509613,0.3164661228656769,0.24000374972820282,0.721312403678894,0.7918260097503662,0.22425293922424316,0.22303710877895355,0.6642821431159973,0.8003148436546326,0.23884335160255432,0.28066232800483704
47,0.734677791595459,0.3661790192127228,-0.3763158917427063,0.9998396635055542,0.7409727573394775,0.3535960614681244,-0.36785420775413513,0.9997156262397766,0.7438551187515259,0.3536084294319153,-0.3678993582725525,0.9996516108512878,0.7465318441390991,0.3532208502292633,-0.3679785132408142,0.9996126294136047,0.7311657667160034,0.34908363223075867,-0.37492483854293823,0.9997084140777588,0.7274357080459595,0.3456772565841675,-0.37496429681777954,0.9996615052223206,0.7234803438186646,0.3415917754173279,-0.3749812841415405,0.9996515512466431,0.7483806610107422,0.347592830657959,-0.2712484300136566,0.9990699291229248,0.7126706838607788,0.3308342695236206,-0.303863525390625,0.9996209740638733,0.7356452345848083,0.37633460760116577,-0.33407407999038696,0.9997280240058899,0.7259736657142639,0.37396690249443054,-0.3436738848686218,0.9997463226318359,0.7576622366905212,0.38498446345329285,-0.17097803950309753,0.9999661445617676,0.6709002256393433,0.38997459411621094,-0.20835164189338684,0.9998670816421509,0.7739055752754211,0.4584976136684418,-0.12796473503112793,0.9615020751953125,0.6561628580093384,0.4974428415298462,-0.1618708074092865,0.9581324458122253,0.7841488122940063,0.5329612493515015,-0.23590950667858124,0.9250946640968323,0.6598699688911438,0.5922839641571045,-0.21731117367744446,0.9314152598381042,0.793381929397583,0.5543282628059387,-0.26655226945877075,0.865035355091095,0.6533047556877136,0.6184505820274353,-0.23928718268871307,0.8966907262802124,0.7867739200592041,0.5543548464775085,-0.28744983673095703,0.8777435421943665,0.6591795682907104,0.6187089681625366,-0.2657640278339386,0.8976541757583618,0.781162679195404,0.5478116273880005,-0.2468883991241455,0.8614597320556641,0.6633559465408325,0.6081459522247314,-0.22740218043327332,0.8767367601394653,0.7265090942382812,0.5553133487701416,-0.0015721078962087631,0.9987936019897461,0.6851851344108582,0.5484570264816284,0.00160975381731987,0.9980567097663879,0.7166240811347961,0.6765478849411011,0.05282822251319885,0.25480952858924866,0.6793056130409241,0.6719799637794495,0.06894049048423767,0.28886276483535767,0.7138009667396545,0.7642982602119446,0.26288682222366333,0.1742330640554428,0.6648155450820923,0.7672653794288635,0.28383320569992065,0.22376707196235657,0.7109267711639404,0.7764954566955566,0.2809675335884094,0.2082553505897522,0.664212167263031,0.7804878354072571,0.3024008870124817,0.23262770473957062,0.7216697931289673,0.8030053973197937,0.21587085723876953,0.2115575075149536,0.660211980342865,0.8111311793327332,0.21970601379871368,0.26761892437934875
48,0.7346745133399963,0.3664221167564392,-0.3735547959804535,0.9998475313186646,0.7409545183181763,0.3538070023059845,-0.36519020795822144,0.9997113943099976,0.7438369989395142,0.35385212302207947,-0.36525025963783264,0.9996455311775208,0.7465211749076843,0.353493332862854,-0.3653424382209778,0.9996013045310974,0.7311652898788452,0.3491179943084717,-0.37246137857437134,0.9997090697288513,0.7274271845817566,0.3456666171550751,-0.3725081980228424,0.9996613264083862,0.7234585285186768,0.3415863811969757,-0.37253594398498535,0.9996455907821655,0.7483440637588501,0.34762996435165405,-0.26793739199638367,0.9990766644477844,0.7126370072364807,0.33085155487060547,-0.3020573854446411,0.9996336102485657,0.7356109023094177,0.37662237882614136,-0.33103784918785095,0.9997432827949524,0.7259043455123901,0.37420356273651123,-0.34102877974510193,0.9997642040252686,0.7576616406440735,0.38595569133758545,-0.17037154734134674,0.9999686479568481,0.6710822582244873,0.38959309458732605,-0.2105656862258911,0.9998773336410522,0.7738610506057739,0.46178138256073,-0.13807764649391174,0.9609430432319641,0.6558638215065002,0.4977089464664459,-0.17406044900417328,0.960684061050415,0.7841900587081909,0.5349714756011963,-0.2507445216178894,0.9247957468032837,0.6595999002456665,0.5921276807785034,-0.2362525463104248,0.9323045015335083,0.7936795949935913,0.5560051798820496,-0.28028708696365356,0.8651773929595947,0.6532902121543884,0.618698239326477,-0.26089906692504883,0.8967214822769165,0.7871490120887756,0.5559738874435425,-0.29801759123802185,0.8782249093055725,0.6592474579811096,0.6189502477645874,-0.2863369286060333,0.8982493877410889,0.7816580533981323,0.5497198700904846,-0.26136282086372375,0.8621490001678467,0.6632676720619202,0.6078976988792419,-0.2464781552553177,0.8770598769187927,0.7264968156814575,0.5572254657745361,-0.0013417332665994763,0.9988483190536499,0.6849694848060608,0.5514482855796814,0.0013851539697498083,0.9981290698051453,0.7183536291122437,0.6778632998466492,0.06170403212308884,0.24656766653060913,0.6791179776191711,0.6731225252151489,0.08017229288816452,0.276410311460495,0.715640664100647,0.7616361975669861,0.2784757614135742,0.16249921917915344,0.6650716066360474,0.7649961709976196,0.30441778898239136,0.21051473915576935,0.7127862572669983,0.7727718949317932,0.2973036468029022,0.20144173502922058,0.6647127866744995,0.7775178551673889,0.32565879821777344,0.22202901542186737,0.7232106328010559,0.8015263080596924,0.2342403680086136,0.19920356571674347,0.6597214937210083,0.8090909123420715,0.22985050082206726,0.25273701548576355
49,0.7345223426818848,0.36646372079849243,-0.36604732275009155,0.9998555183410645,0.7407938241958618,0.35377010703086853,-0.35469532012939453,0.999706506729126,0.7437608242034912,0.353816956281662,-0.3547546863555908,0.9996391534805298,0.7464954853057861,0.35345277190208435,-0.3548433184623718,0.9995816349983215,0.7310518622398376,0.3490065336227417,-0.36261019110679626,0.9997098445892334,0.7273188829421997,0.34548187255859375,-0.3626580834388733,0.9996633529663086,0.7233574390411377,0.3413611650466919,-0.3626784682273865,0.9996390342712402,0.7483512759208679,0.34752485156059265,-0.25065869092941284,0.9990564584732056,0.7123583555221558,0.3303377032279968,-0.2875615954399109,0.9996466636657715,0.7355109453201294,0.3768194019794464,-0.32198721170425415,0.9997575879096985,0.72566157579422,0.37428250908851624,-0.33274519443511963,0.9997811317443848,0.7576651573181152,0.38794103264808655,-0.15019403398036957,0.999970555305481,0.6706053614616394,0.3895777761936188,-0.20088808238506317,0.999886155128479,0.7737356424331665,0.46287107467651367,-0.1291370540857315,0.9606196880340576,0.6550306081771851,0.4981279969215393,-0.16784456372261047,0.9636565446853638,0.7842095494270325,0.5348613262176514,-0.25470399856567383,0.9271687865257263,0.6592651009559631,0.5917369723320007,-0.2323681116104126,0.9351115226745605,0.7937544584274292,0.5562776923179626,-0.28632107377052307,0.8695192337036133,0.6532755494117737,0.618708610534668,-0.2581338584423065,0.8992602229118347,0.7871754169464111,0.5564054846763611,-0.30426982045173645,0.8821563720703125,0.6592572927474976,0.618525505065918,-0.2815544307231903,0.9010173082351685,0.7817012071609497,0.5500542521476746,-0.26466086506843567,0.8666490912437439,0.6631364226341248,0.6081749796867371,-0.24158446490764618,0.8799390196800232,0.7264391183853149,0.562903106212616,0.0015761833637952805,0.9988319277763367,0.684413492679596,0.559684693813324,-0.0014679396990686655,0.9980667233467102,0.718360960483551,0.6906816363334656,0.06500232219696045,0.2360338419675827,0.6782203316688538,0.6868882775306702,0.0703175812959671,0.268738329410553,0.7156619429588318,0.7777937054634094,0.28391462564468384,0.1496196836233139,0.6614842414855957,0.7835010290145874,0.3013114035129547,0.1972905695438385,0.7128666639328003,0.7902067303657532,0.30629223585128784,0.18831877410411835,0.6598261594772339,0.7966951727867126,0.3217450678348541,0.21006502211093903,0.7232462763786316,0.8187068700790405,0.24213151633739471,0.18508554995059967,0.6596105098724365,0.8314070701599121,0.229786679148674,0.23748639225959778
50,0.7340259552001953,0.3667844235897064,-0.37441354990005493,0.9998664259910583,0.7402964234352112,0.3538627326488495,-0.3639030456542969,0.9997202754020691,0.7433248162269592,0.3539567291736603,-0.36395692825317383,0.9996562600135803,0.7460975050926208,0.3536069691181183,-0.36403992772102356,0.9995946288108826,0.7307506799697876,0.3489896059036255,-0.3716508746147156,0.9997259378433228,0.7269919514656067,0.34538811445236206,-0.3717002868652344,0.9996830224990845,0.7230414152145386,0.3412482440471649,-0.3717179596424103,0.9996561408042908,0.7480626106262207,0.34752926230430603,-0.2586454749107361,0.9991022944450378,0.7120518684387207,0.33033081889152527,-0.2948450744152069,0.9996705651283264,0.7349228262901306,0.3772907257080078,-0.3302397131919861,0.9997760057449341,0.7250712513923645,0.3744136691093445,-0.3408486545085907,0.9997997283935547,0.7575699687004089,0.38873934745788574,-0.15685519576072693,0.9999725818634033,0.6699604988098145,0.3897552490234375,-0.1986219584941864,0.9998956322669983,0.7732686400413513,0.4637337028980255,-0.13239547610282898,0.9605945348739624,0.6544998288154602,0.4992515444755554,-0.15465113520622253,0.966288685798645,0.7842897176742554,0.5346388220787048,-0.26436272263526917,0.928134560585022,0.6590734124183655,0.5920678377151489,-0.2200068235397339,0.9374605417251587,0.7936950922012329,0.5559893250465393,-0.3007047772407532,0.8719554543495178,0.6533260345458984,0.6181585788726807,-0.24430730938911438,0.9016996622085571,0.7872697114944458,0.5562055110931396,-0.32045525312423706,0.8843747973442078,0.6594702005386353,0.6184353828430176,-0.26922664046287537,0.903717577457428,0.7821459174156189,0.5498412847518921,-0.2756125330924988,0.8689858317375183,0.6631262898445129,0.6079427003860474,-0.22940023243427277,0.8824084997177124,0.726429283618927,0.5665884017944336,0.0014096234226599336,0.9988173842430115,0.6840547323226929,0.5653916597366333,-0.0013012310955673456,0.9980332255363464,0.7187840938568115,0.7038004398345947,0.04641788452863693,0.23063921928405762,0.6776896715164185,0.7010789513587952,0.05940795689821243,0.2643113136291504,0.7186945080757141,0.7944722771644592,0.28090065717697144,0.14094719290733337,0.6610904932022095,0.8032338619232178,0.289156049489975,0.19032388925552368,0.7165539860725403,0.806524932384491,0.3019566535949707,0.18138878047466278,0.65935218334198,0.8162174820899963,0.3089293837547302,0.20486435294151306,0.7261868715286255,0.8368165493011475,0.23223300278186798,0.17680907249450684,0.6603899002075195,0.8528161644935608,0.21545608341693878,0.22870677709579468
51,0.7338873744010925,0.3668867349624634,-0.3760509490966797,0.9998765587806702,0.7401869893074036,0.35385867953300476,-0.3652830421924591,0.9997334480285645,0.7432484030723572,0.35395148396492004,-0.3653332591056824,0.9996716976165771,0.7460413575172424,0.35359635949134827,-0.36540576815605164,0.9996042251586914,0.7305749654769897,0.34897279739379883,-0.37269359827041626,0.9997420310974121,0.7267846465110779,0.345371276140213,-0.37274640798568726,0.9997028112411499,0.7228104472160339,0.3412438929080963,-0.3727617859840393,0.9996752142906189,0.7480297088623047,0.3474749028682709,-0.25676456093788147,0.9991393685340881,0.71172034740448,0.3303433060646057,-0.2916240096092224,0.9996933937072754,0.7348169088363647,0.3775535523891449,-0.3300704061985016,0.9997900128364563,0.7247446179389954,0.3745869994163513,-0.34035244584083557,0.9998154044151306,0.7575682401657104,0.3888531029224396,-0.14638356864452362,0.999973714351654,0.6701077818870544,0.38973426818847656,-0.1911589801311493,0.9999039173126221,0.7725979089736938,0.46323445439338684,-0.0925789326429367,0.9564368724822998,0.6545810103416443,0.49918705224990845,-0.13853374123573303,0.9684842228889465,0.7841449975967407,0.5344266295433044,-0.20467130839824677,0.9233306050300598,0.6591494679450989,0.588846743106842,-0.20070672035217285,0.9397962689399719,0.7933109998703003,0.5548686981201172,-0.23457598686218262,0.8667182922363281,0.653465211391449,0.6161240339279175,-0.22415168583393097,0.9037204384803772,0.7872288823127747,0.5556592345237732,-0.25691646337509155,0.8797314763069153,0.6601669788360596,0.6172186136245728,-0.2493787258863449,0.9060406684875488,0.7821753025054932,0.5494496822357178,-0.2159818708896637,0.8643215298652649,0.6640899181365967,0.606105625629425,-0.2100176066160202,0.8846634030342102,0.7263321876525879,0.5683096647262573,0.0016271531349048018,0.9987903237342834,0.6837276220321655,0.5654615163803101,-0.0015269293216988444,0.997965931892395,0.7185582518577576,0.7017177939414978,0.03907503932714462,0.228755384683609,0.6708859205245972,0.7003960013389587,0.04907429218292236,0.2604902982711792,0.7183865308761597,0.7966872453689575,0.2763950228691101,0.13588418066501617,0.6521772146224976,0.8073973655700684,0.2730170786380768,0.18944388628005981,0.7161898016929626,0.8093480467796326,0.2973633110523224,0.17860576510429382,0.6506544351577759,0.8204985857009888,0.29194095730781555,0.2039201408624649,0.7254140377044678,0.8410121202468872,0.22874434292316437,0.1726500391960144,0.6518937349319458,0.8599671125411987,0.1990891396999359,0.2254769206047058
52,0.7334411144256592,0.3676580786705017,-0.38851267099380493,0.9998866319656372,0.73984295129776,0.3544067144393921,-0.3780324161052704,0.9997503757476807,0.7429468631744385,0.3545228838920593,-0.3780807554721832,0.9996916651725769,0.7457784414291382,0.3541228175163269,-0.37815600633621216,0.9996245503425598,0.7302929759025574,0.3493472933769226,-0.38362768292427063,0.9997600317001343,0.7265464663505554,0.34571409225463867,-0.38366416096687317,0.9997234344482422,0.7225866913795471,0.34149402379989624,-0.38366708159446716,0.9996961951255798,0.7479184865951538,0.34746870398521423,-0.2582424581050873,0.9991928339004517,0.7115880250930786,0.330350399017334,-0.29803988337516785,0.9997156858444214,0.734278678894043,0.3780297636985779,-0.3392201066017151,0.9998064041137695,0.7243549823760986,0.37489211559295654,-0.34667596220970154,0.999830961227417,0.7575695514678955,0.3893377184867859,-0.1579679548740387,0.9999756217002869,0.6704340577125549,0.38975465297698975,-0.19348323345184326,0.9999118447303772,0.7727062702178955,0.4637255370616913,-0.10776536166667938,0.9567854404449463,0.6549307107925415,0.500096321105957,-0.13756361603736877,0.9703294038772583,0.7841482162475586,0.5341907143592834,-0.2247326821088791,0.9242869019508362,0.659584641456604,0.5886757969856262,-0.2022719830274582,0.9419565796852112,0.7932712435722351,0.5543922185897827,-0.2573334872722626,0.8680785894393921,0.6544727087020874,0.6159759163856506,-0.22592458128929138,0.9060605764389038,0.7872636914253235,0.5555674433708191,-0.278290718793869,0.8809535503387451,0.6607503294944763,0.616963267326355,-0.2529805302619934,0.9086260199546814,0.7823759317398071,0.5493193864822388,-0.23567810654640198,0.8656899929046631,0.6646328568458557,0.6059804558753967,-0.2124132364988327,0.887496292591095,0.7264717817306519,0.56992506980896,0.0011303011560812593,0.9988130331039429,0.683809757232666,0.5676441192626953,-0.0010415163123980165,0.9979870915412903,0.7191529273986816,0.7090611457824707,0.03792768716812134,0.22535687685012817,0.6725795269012451,0.7050855159759521,0.05058349296450615,0.2572803795337677,0.7209576368331909,0.8050806522369385,0.26752668619155884,0.12982343137264252,0.6559832692146301,0.8136298060417175,0.2718443274497986,0.18417887389659882,0.7188560366630554,0.8183679580688477,0.28752607107162476,0.17441333830356598,0.6546484231948853,0.8272262811660767,0.29090216755867004,0.20116406679153442,0.7286598086357117,0.8470252752304077,0.21672384440898895,0.1661624163389206,0.6549309492111206,0.8643692135810852,0.19890925288200378,0.21913714706897736
53,0.7334439754486084,0.3679024577140808,-0.38710108399391174,0.9998952746391296,0.7398444414138794,0.3544009327888489,-0.3752472996711731,0.9997637271881104,0.7429484724998474,0.3544955849647522,-0.37529656291007996,0.9997074007987976,0.7457860708236694,0.35402095317840576,-0.37536221742630005,0.9996395707130432,0.7302312850952148,0.349343866109848,-0.38174259662628174,0.9997748732566833,0.7264683246612549,0.3457080125808716,-0.3817698657512665,0.9997401833534241,0.7224828004837036,0.34149035811424255,-0.3817661702632904,0.999712347984314,0.7479193806648254,0.3468436002731323,-0.25928008556365967,0.9992318153381348,0.7114287614822388,0.33030590415000916,-0.2952863872051239,0.9997331500053406,0.7342661619186401,0.3782678246498108,-0.33734819293022156,0.9998183846473694,0.7243436574935913,0.37518739700317383,-0.3463847041130066,0.9998434782028198,0.757453978061676,0.38945066928863525,-0.15077687799930573,0.9999769330024719,0.6705237030982971,0.3902546763420105,-0.1918404996395111,0.9999179840087891,0.7723920941352844,0.4633546471595764,-0.09962194412946701,0.9545717239379883,0.6551734209060669,0.5009987950325012,-0.1349053978919983,0.9720140695571899,0.7839885354042053,0.5341231226921082,-0.21824702620506287,0.9240086674690247,0.6608092784881592,0.5884371399879456,-0.18888136744499207,0.9439746141433716,0.7929859757423401,0.5535526871681213,-0.25092989206314087,0.8684207797050476,0.6558319926261902,0.6158699989318848,-0.21137301623821259,0.9081754088401794,0.7872251272201538,0.555083155632019,-0.27184635400772095,0.8812477588653564,0.6623774170875549,0.6166156530380249,-0.23759308457374573,0.9108737111091614,0.7823766469955444,0.5491141676902771,-0.22931721806526184,0.8662595748901367,0.665786623954773,0.6053755283355713,-0.1985524743795395,0.8902393579483032,0.7268515825271606,0.5712581276893616,0.002800209680572152,0.9988054633140564,0.6844385266304016,0.5705538988113403,-0.002718578791245818,0.9979687333106995,0.7227987051010132,0.7044802904129028,0.048981066793203354,0.22415301203727722,0.6761021614074707,0.7066925764083862,0.057177215814590454,0.2560032606124878,0.7248987555503845,0.8014553785324097,0.27372103929519653,0.12609753012657166,0.6575661897659302,0.8151141405105591,0.2755656838417053,0.1834573745727539,0.7223247289657593,0.815498948097229,0.29331260919570923,0.17458128929138184,0.6548832654953003,0.8293165564537048,0.2942688763141632,0.20212741196155548,0.734106183052063,0.8442254662513733,0.22601814568042755,0.16357676684856415,0.6612221002578735,0.8660798072814941,0.2048252820968628,0.21657878160476685
54,0.7334364652633667,0.3682069480419159,-0.3983303904533386,0.9999029636383057,0.7397885322570801,0.3542884886264801,-0.38617008924484253,0.9997762441635132,0.7429240942001343,0.3542308509349823,-0.38621681928634644,0.9997217655181885,0.7457793951034546,0.3535517752170563,-0.386290967464447,0.9996539950370789,0.7301098108291626,0.3493386209011078,-0.39306676387786865,0.9997878670692444,0.726317822933197,0.34570515155792236,-0.39307746291160583,0.9997541904449463,0.7222919464111328,0.3415144383907318,-0.3930698037147522,0.9997254610061646,0.7479131817817688,0.3459061086177826,-0.2650909125804901,0.9992679953575134,0.7111753225326538,0.33040904998779297,-0.2993078827857971,0.9997478723526001,0.7342756986618042,0.37848803400993347,-0.34820428490638733,0.9998291730880737,0.7243489027023315,0.37560001015663147,-0.3576737940311432,0.9998545050621033,0.7574512958526611,0.3896463215351105,-0.15726487338542938,0.999978244304657,0.6706479787826538,0.3904474079608917,-0.1984691470861435,0.9999234676361084,0.7718634009361267,0.46343594789505005,-0.1117517352104187,0.9508420825004578,0.6561232805252075,0.5011758208274841,-0.14791709184646606,0.9733168482780457,0.7837401628494263,0.5340454578399658,-0.22778944671154022,0.9221091866493225,0.6616637110710144,0.5879090428352356,-0.20409607887268066,0.9446597695350647,0.7927972078323364,0.5534261465072632,-0.2519606351852417,0.8667365908622742,0.6564380526542664,0.6156450510025024,-0.22792291641235352,0.9082016944885254,0.787239670753479,0.5550143122673035,-0.2766337990760803,0.8797212839126587,0.6629034876823425,0.6163040399551392,-0.2539578080177307,0.9111588597297668,0.7824628353118896,0.549006998538971,-0.23773619532585144,0.8649123311042786,0.6661361455917358,0.6053052544593811,-0.21399827301502228,0.8908039927482605,0.7276246547698975,0.5711565017700195,0.0038410048000514507,0.9988106489181519,0.6849843263626099,0.5706106424331665,-0.003749227849766612,0.9979656338691711,0.725088894367218,0.7023440599441528,0.05213312432169914,0.22027438879013062,0.6820054650306702,0.7044826745986938,0.06162946671247482,0.2504913806915283,0.7251994013786316,0.7935860753059387,0.298735648393631,0.11931117624044418,0.6645821928977966,0.8088675737380981,0.2961268723011017,0.17758147418498993,0.7223285436630249,0.806316614151001,0.32151085138320923,0.17050054669380188,0.6619378924369812,0.8225511312484741,0.31744712591171265,0.19886505603790283,0.7336063981056213,0.8371515274047852,0.25661346316337585,0.1560973972082138,0.6677950024604797,0.8603721857070923,0.2274194210767746,0.20889532566070557
55,0.733383297920227,0.3683936297893524,-0.3987193703651428,0.9999093413352966,0.7397370338439941,0.35436296463012695,-0.38720858097076416,0.9997855424880981,0.7428790330886841,0.35432177782058716,-0.3872548043727875,0.9997316598892212,0.7457327246665955,0.3536593019962311,-0.3873300850391388,0.9996632933616638,0.730033814907074,0.3493649959564209,-0.3935782313346863,0.9997979402542114,0.7262218594551086,0.3457239270210266,-0.3936016857624054,0.9997650384902954,0.7221659421920776,0.3415221571922302,-0.3936001658439636,0.9997358322143555,0.7478494644165039,0.345921128988266,-0.2669326364994049,0.999290406703949,0.7108646631240845,0.33041706681251526,-0.3008951246738434,0.9997581243515015,0.7341659665107727,0.37876036763191223,-0.349332332611084,0.9998376965522766,0.7241673469543457,0.37569695711135864,-0.35829490423202515,0.9998637437820435,0.7574005126953125,0.3896391987800598,-0.1593257635831833,0.9999794363975525,0.6707296967506409,0.39031872153282166,-0.19671833515167236,0.9999282956123352,0.7707757949829102,0.46367403864860535,-0.10667680203914642,0.9489651322364807,0.656379759311676,0.5010675191879272,-0.14162243902683258,0.9743813872337341,0.7834632992744446,0.5341009497642517,-0.22365324199199677,0.921302318572998,0.6617484092712402,0.586316704750061,-0.20292136073112488,0.9456457495689392,0.7926139235496521,0.5533371567726135,-0.255749374628067,0.8657980561256409,0.6567122936248779,0.6137134432792664,-0.22732093930244446,0.9090903401374817,0.787338376045227,0.5549647212028503,-0.278079628944397,0.8788977265357971,0.6630611419677734,0.6150888204574585,-0.2532481551170349,0.9123021960258484,0.782666802406311,0.548923134803772,-0.23485584557056427,0.864361047744751,0.6661843657493591,0.6037736535072327,-0.21283777058124542,0.8922134041786194,0.7276066541671753,0.570328950881958,0.0036902199499309063,0.9988431930541992,0.6849933862686157,0.5693450570106506,-0.0036006015725433826,0.9979976415634155,0.7247967720031738,0.7018657922744751,0.046917758882045746,0.21416325867176056,0.6815582513809204,0.7006956338882446,0.06577639281749725,0.24229954183101654,0.7258787751197815,0.7904679179191589,0.2952711284160614,0.11299073696136475,0.6639055609703064,0.8027747869491577,0.3121455907821655,0.17146293818950653,0.7232912182807922,0.802543580532074,0.31700965762138367,0.16688422858715057,0.661535382270813,0.8157310485839844,0.334139347076416,0.19431890547275543,0.7340201139450073,0.8335785865783691,0.2523804306983948,0.15009325742721558,0.6667968034744263,0.8539218306541443,0.24853356182575226,0.20207743346691132
56,0.7334305047988892,0.3685317635536194,-0.4077703356742859,0.9999146461486816,0.7397649884223938,0.35442715883255005,-0.3959539532661438,0.9997930526733398,0.7428873181343079,0.35436582565307617,-0.3959959149360657,0.9997385740280151,0.7457337975502014,0.35370075702667236,-0.39607739448547363,0.9996688365936279,0.7300780415534973,0.34959399700164795,-0.403118759393692,0.9998079538345337,0.7263327836990356,0.34609541296958923,-0.40316829085350037,0.9997766613960266,0.7223504781723022,0.341962993144989,-0.40317362546920776,0.9997485280036926,0.7478185892105103,0.3459351360797882,-0.2759794592857361,0.9993115067481995,0.7113362550735474,0.3309318423271179,-0.3113635182380676,0.9997692704200745,0.7341701984405518,0.37881478667259216,-0.3573862910270691,0.9998433589935303,0.7242320775985718,0.37580206990242004,-0.36749109625816345,0.9998712539672852,0.7573407292366028,0.3896070718765259,-0.1605382263660431,0.999980092048645,0.670891523361206,0.3903176486492157,-0.19814148545265198,0.9999328851699829,0.7708167433738708,0.46364733576774597,-0.08942766487598419,0.9489021301269531,0.6567856669425964,0.5009563565254211,-0.14667493104934692,0.9757056832313538,0.7835224270820618,0.5347142219543457,-0.17964082956314087,0.9210904836654663,0.6624207496643066,0.5861181616783142,-0.20890292525291443,0.9478722810745239,0.7926603555679321,0.553294837474823,-0.20902380347251892,0.8644099831581116,0.6574882864952087,0.6135349869728088,-0.23267796635627747,0.9121180176734924,0.7875350117683411,0.5549198389053345,-0.23190970718860626,0.877545177936554,0.6636616587638855,0.6150299310684204,-0.2558829188346863,0.915413498878479,0.782971978187561,0.5491823554039001,-0.19062963128089905,0.8634471893310547,0.6667022705078125,0.6036496758460999,-0.218485027551651,0.8955142498016357,0.7282015681266785,0.5730078220367432,0.0019639977253973484,0.998821496963501,0.685001015663147,0.5709870457649231,-0.001905094482935965,0.9979678988456726,0.7251033782958984,0.7071284651756287,0.04046901315450668,0.21182377636432648,0.6780940294265747,0.7050542831420898,0.06626947224140167,0.23669253289699554,0.731208086013794,0.7976112961769104,0.28935739398002625,0.10858047008514404,0.6610332727432251,0.8109647035598755,0.30668237805366516,0.16777187585830688,0.7297034859657288,0.8101720213890076,0.31271982192993164,0.1653614342212677,0.6596469879150391,0.8238222002983093,0.32760801911354065,0.19095830619335175,0.7406363487243652,0.8393396139144897,0.2456895112991333,0.14712458848953247,0.6614872217178345,0.8630607724189758,0.24273920059204102,0.19763150811195374
57,0.7336107492446899,0.3684832751750946,-0.379969984292984,0.9999170303344727,0.739795982837677,0.354304701089859,-0.3676230311393738,0.9997917413711548,0.7428879737854004,0.3541981279850006,-0.3676762878894806,0.9997331500053406,0.7457091212272644,0.3535122275352478,-0.36776530742645264,0.9996626973152161,0.7301867008209229,0.3495919406414032,-0.37619203329086304,0.9998088479042053,0.7264716625213623,0.34610483050346375,-0.3762124180793762,0.9997755289077759,0.7224941253662109,0.3419889211654663,-0.3762156367301941,0.9997483491897583,0.7474528551101685,0.3458098769187927,-0.2523135542869568,0.9993003010749817,0.7113405466079712,0.3309556245803833,-0.29297906160354614,0.9997680187225342,0.7341970205307007,0.3787696957588196,-0.33087027072906494,0.9998436570167542,0.7243594527244568,0.37578946352005005,-0.3427662253379822,0.9998751282691956,0.7568885087966919,0.3887344300746918,-0.1438176929950714,0.9999806880950928,0.670943021774292,0.39008480310440063,-0.18973705172538757,0.9999361634254456,0.7708571553230286,0.4617694318294525,-0.08825928717851639,0.9461526870727539,0.6560508012771606,0.49946150183677673,-0.13834381103515625,0.9769174456596375,0.783178448677063,0.5343341827392578,-0.20298893749713898,0.9201475381851196,0.6623930931091309,0.5845364332199097,-0.1987174153327942,0.9497150778770447,0.7926408052444458,0.5530245900154114,-0.23607400059700012,0.8634518384933472,0.6573633551597595,0.6127785444259644,-0.22371356189250946,0.9142687320709229,0.7875213623046875,0.5548354387283325,-0.2579478919506073,0.876773476600647,0.6635938882827759,0.6143588423728943,-0.24887895584106445,0.9176315665245056,0.7828764915466309,0.5490560531616211,-0.2145402729511261,0.8629183769226074,0.6666268110275269,0.6023976802825928,-0.20827150344848633,0.8979673981666565,0.7281708717346191,0.5717769861221313,0.0030364112462848425,0.9988346695899963,0.684715211391449,0.5699687004089355,-0.0029743940103799105,0.997968316078186,0.7248415946960449,0.7039453983306885,0.03997855633497238,0.20901265740394592,0.6776342391967773,0.7022679448127747,0.062050797045230865,0.23109470307826996,0.7300612926483154,0.7950367331504822,0.2850688099861145,0.10360389947891235,0.660781979560852,0.8077255487442017,0.30008772015571594,0.16294290125370026,0.7291224002838135,0.8073539137840271,0.30837324261665344,0.16219186782836914,0.6593140363693237,0.8206745386123657,0.3216411769390106,0.186640664935112,0.7380421161651611,0.837480902671814,0.24204003810882568,0.14224983751773834,0.6613531112670898,0.859340488910675,0.23317596316337585,0.1917785108089447
58,0.7336093783378601,0.3678349256515503,-0.3640066683292389,0.9999194145202637,0.739790141582489,0.35404863953590393,-0.3512970805168152,0.9997931718826294,0.7428683042526245,0.35403531789779663,-0.3513522744178772,0.9997305870056152,0.7456594705581665,0.35343825817108154,-0.35144633054733276,0.9996592998504639,0.7301768064498901,0.34919020533561707,-0.35824617743492126,0.9998130202293396,0.7264585494995117,0.3456939458847046,-0.3582669496536255,0.9997794032096863,0.7224823236465454,0.3416168987751007,-0.3582721948623657,0.9997554421424866,0.7473986148834229,0.34588223695755005,-0.23669183254241943,0.9992976784706116,0.7114197015762329,0.3309425413608551,-0.2699589133262634,0.9997719526290894,0.7341709733009338,0.37844276428222656,-0.31537172198295593,0.9998418688774109,0.7243235111236572,0.3752921521663666,-0.3251573443412781,0.9998779296875,0.7568374872207642,0.3887007534503937,-0.12977012991905212,0.9999805092811584,0.6713789701461792,0.39015838503837585,-0.16704848408699036,0.9999395608901978,0.7709171772003174,0.461548775434494,-0.05853112414479256,0.9423277974128723,0.6560099124908447,0.499411940574646,-0.11393541097640991,0.9776276350021362,0.7830368280410767,0.5345128178596497,-0.1523808240890503,0.9137032628059387,0.6623430848121643,0.5840840935707092,-0.18227872252464294,0.9512379169464111,0.7925643920898438,0.5531572699546814,-0.1823091208934784,0.8541086912155151,0.6574264168739319,0.6127092838287354,-0.20675404369831085,0.9161982536315918,0.7875235676765442,0.5550473928451538,-0.20428168773651123,0.8680217862129211,0.6637523174285889,0.6143200397491455,-0.23297099769115448,0.9196742177009583,0.7828788161277771,0.5492514967918396,-0.1634311079978943,0.8545754551887512,0.6668188571929932,0.6021232008934021,-0.19215768575668335,0.9001985192298889,0.7282993793487549,0.5720492005348206,0.000685236300341785,0.9988095760345459,0.6848567724227905,0.5700550079345703,-0.0006462680175900459,0.9979442954063416,0.7246052026748657,0.7039218544960022,0.027168815955519676,0.2069699913263321,0.6776756048202515,0.703210175037384,0.06022961065173149,0.22293096780776978,0.7299562692642212,0.7970006465911865,0.2707202732563019,0.09969894587993622,0.6615158319473267,0.8099615573883057,0.2919018566608429,0.15760071575641632,0.7289432287216187,0.8092359900474548,0.2932721972465515,0.15852950513362885,0.6606135368347168,0.822662353515625,0.31301745772361755,0.18229003250598907,0.737358033657074,0.8393747210502625,0.2269067019224167,0.13841649889945984,0.6614799499511719,0.8612715005874634,0.22537080943584442,0.1858597993850708
59,0.7336957454681396,0.3678304851055145,-0.33249884843826294,0.9999204277992249,0.7397910952568054,0.35404613614082336,-0.32054603099823,0.9997888803482056,0.7428343892097473,0.3540283739566803,-0.3206155300140381,0.999721348285675,0.7455330491065979,0.35342416167259216,-0.32070624828338623,0.9996504783630371,0.7302488088607788,0.34923818707466125,-0.32776787877082825,0.9998095631599426,0.7265981435775757,0.3457874655723572,-0.3277646601200104,0.9997701644897461,0.722703218460083,0.34171172976493835,-0.3277694582939148,0.9997464418411255,0.7468559741973877,0.345892995595932,-0.21164199709892273,0.9992828369140625,0.7120402455329895,0.3310073912143707,-0.24610021710395813,0.9997611045837402,0.7341724038124084,0.37837648391723633,-0.28623247146606445,0.999840259552002,0.7244740724563599,0.37527328729629517,-0.2962382733821869,0.9998777508735657,0.756790041923523,0.3885122537612915,-0.1165277510881424,0.9999810457229614,0.6716833710670471,0.39006301760673523,-0.15129318833351135,0.9999409317970276,0.7710472345352173,0.45910707116127014,-0.07654331624507904,0.939119815826416,0.6558756828308105,0.49895739555358887,-0.10884126275777817,0.977510392665863,0.7829675078392029,0.532930850982666,-0.1742996722459793,0.9133743643760681,0.6622766256332397,0.5840646028518677,-0.172926664352417,0.9507340788841248,0.792497992515564,0.5527116060256958,-0.2208920270204544,0.8546852469444275,0.6574278473854065,0.6126764416694641,-0.1962694376707077,0.9150121808052063,0.7874471545219421,0.5548253059387207,-0.24047942459583282,0.8688114881515503,0.6638358235359192,0.614373505115509,-0.22230908274650574,0.9188104271888733,0.782757580280304,0.5487249493598938,-0.1888556033372879,0.8553174734115601,0.6668368577957153,0.602123498916626,-0.1828901469707489,0.8994100689888,0.7284470796585083,0.571792483329773,0.00012542428157757968,0.9988352656364441,0.6848853230476379,0.5710173845291138,-7.440993067575619e-05,0.9979644417762756,0.724435031414032,0.7051882147789001,0.02485472895205021,0.2051215022802353,0.6779203414916992,0.7037448287010193,0.05898502469062805,0.2158111035823822,0.729345440864563,0.7998908162117004,0.2371416836977005,0.09727203100919724,0.6618199348449707,0.812130331993103,0.2742227613925934,0.153066948056221,0.7279981374740601,0.8125841021537781,0.255885511636734,0.1566028743982315,0.6614833474159241,0.8256368637084961,0.2929483652114868,0.17783834040164948,0.7370488047599792,0.8408054113388062,0.1871100217103958,0.13562309741973877,0.6600333452224731,0.8618233799934387,0.20578043162822723,0.18000319600105286
60,0.733833909034729,0.3678511679172516,-0.33702558279037476,0.9999169707298279,0.7398019433021545,0.3541073203086853,-0.3250102996826172,0.999774158000946,0.7428188323974609,0.3540802001953125,-0.3250805139541626,0.9996957778930664,0.7454506158828735,0.35349544882774353,-0.3251807987689972,0.999626874923706,0.73039710521698,0.349532812833786,-0.3333454728126526,0.9997989535331726,0.7268191576004028,0.34626105427742004,-0.333364874124527,0.9997538924217224,0.7229863405227661,0.34227755665779114,-0.33337247371673584,0.9997345805168152,0.7465223670005798,0.3461635708808899,-0.2157859057188034,0.999225378036499,0.7126140594482422,0.33177101612091064,-0.25532636046409607,0.9997403025627136,0.7341792583465576,0.37837862968444824,-0.2904086410999298,0.9998243451118469,0.7247182130813599,0.3752901256084442,-0.30198368430137634,0.9998713135719299,0.7567298412322998,0.38841837644577026,-0.11913613229990005,0.9999808669090271,0.6716494560241699,0.3902633786201477,-0.15671874582767487,0.9999414086341858,0.7710641026496887,0.45899704098701477,-0.05771216005086899,0.9352750182151794,0.6556973457336426,0.4990127980709076,-0.10521657764911652,0.9776033163070679,0.7829738855361938,0.5327936410903931,-0.1535039097070694,0.9092840552330017,0.6622544527053833,0.5843054056167603,-0.16168639063835144,0.9509427547454834,0.792559802532196,0.552703857421875,-0.18464824557304382,0.8490815758705139,0.6573859453201294,0.6127508282661438,-0.18387849628925323,0.9148651957511902,0.7874462008476257,0.5547958612442017,-0.20599457621574402,0.8637082576751709,0.6637822985649109,0.6145861148834229,-0.20956921577453613,0.9188277721405029,0.7827484607696533,0.5487070083618164,-0.16485413908958435,0.8506805896759033,0.6667988300323486,0.6023651957511902,-0.17124448716640472,0.8993493318557739,0.7288349270820618,0.5730738043785095,-0.00028407401987351477,0.9988418221473694,0.6848777532577515,0.5726706385612488,0.0003304301935713738,0.9979471564292908,0.7252473831176758,0.7057981491088867,0.029462072998285294,0.20442168414592743,0.6808152794837952,0.7038991451263428,0.07038876414299011,0.209043949842453,0.7317231893539429,0.7983404397964478,0.25333741307258606,0.0944904014468193,0.669013500213623,0.8098903894424438,0.29445353150367737,0.14838773012161255,0.7306491136550903,0.8106753826141357,0.27193111181259155,0.15517354011535645,0.6689183712005615,0.8229795694351196,0.31524091958999634,0.17503277957439423,0.7396324276924133,0.8392940163612366,0.1911158561706543,0.13368284702301025,0.6675506830215454,0.8595855832099915,0.23404018580913544,0.1755330115556717
61,0.7338331341743469,0.3678622841835022,-0.3507034182548523,0.9999182224273682,0.7397313714027405,0.35413211584091187,-0.3329569399356842,0.9997708797454834,0.7426669001579285,0.35410022735595703,-0.3330487012863159,0.9996864795684814,0.74520343542099,0.3535236716270447,-0.33318209648132324,0.9996154308319092,0.7303972244262695,0.3496522605419159,-0.34208694100379944,0.9998002052307129,0.7268273830413818,0.34644073247909546,-0.34204986691474915,0.9997532963752747,0.7230062484741211,0.3424740135669708,-0.34204551577568054,0.9997357130050659,0.7461410760879517,0.34632793068885803,-0.23021432757377625,0.9991954565048218,0.7126762866973877,0.33200564980506897,-0.2670331597328186,0.9997371435165405,0.7341336011886597,0.3783777356147766,-0.29341262578964233,0.9998185634613037,0.7247434258460999,0.37529289722442627,-0.3059024214744568,0.999870777130127,0.7566900253295898,0.3883037269115448,-0.12962040305137634,0.9999806880950928,0.6716465950012207,0.39033204317092896,-0.16851335763931274,0.9999434947967529,0.7711139917373657,0.45841220021247864,-0.07173383980989456,0.9338169693946838,0.6556954383850098,0.49900001287460327,-0.11839654296636581,0.9784108996391296,0.7829853892326355,0.5327521562576294,-0.17891639471054077,0.9078550934791565,0.6622222065925598,0.584507405757904,-0.17385153472423553,0.9530391097068787,0.7926085591316223,0.55266934633255,-0.21111449599266052,0.8466339111328125,0.6573405861854553,0.6129336357116699,-0.2036709040403366,0.9179385900497437,0.7874501347541809,0.5547702312469482,-0.2324449121952057,0.8616533279418945,0.663747251033783,0.6148899793624878,-0.23307184875011444,0.9218758940696716,0.7827502489089966,0.5486982464790344,-0.1902952492237091,0.8486933708190918,0.6667841076850891,0.6027445197105408,-0.18595388531684875,0.9027524590492249,0.7288156151771545,0.5730301141738892,-0.0004331936070229858,0.9988347291946411,0.684726893901825,0.5727049708366394,0.00047968560829758644,0.9979447722434998,0.7250968813896179,0.7084211707115173,0.04300452023744583,0.20513761043548584,0.6796597242355347,0.7051653265953064,0.07466506212949753,0.20598582923412323,0.7310875058174133,0.8016114234924316,0.27237582206726074,0.09322474151849747,0.6666146516799927,0.811798632144928,0.3057999014854431,0.14709773659706116,0.7296334505081177,0.8141201734542847,0.29263538122177124,0.155425027012825,0.6668246984481812,0.8250852823257446,0.32676538825035095,0.17426133155822754,0.7396127581596375,0.8420733213424683,0.21832628548145294,0.13287946581840515,0.6637680530548096,0.8610703349113464,0.24127140641212463,0.1737024039030075
62,0.7337091565132141,0.36776232719421387,-0.3994061052799225,0.9999208450317383,0.739582896232605,0.3535733222961426,-0.3862764239311218,0.9997736811637878,0.7426060438156128,0.35344427824020386,-0.38632962107658386,0.9996883869171143,0.7451854944229126,0.35275211930274963,-0.38642218708992004,0.9996152520179749,0.7300280332565308,0.3490888178348541,-0.3933712840080261,0.9998043179512024,0.7263646125793457,0.34576213359832764,-0.3933940827846527,0.9997580647468567,0.722484827041626,0.34172162413597107,-0.3933951258659363,0.9997401833534241,0.746160626411438,0.34573355317115784,-0.2697135806083679,0.9991884231567383,0.7119201421737671,0.3313344717025757,-0.3031275272369385,0.9997417330741882,0.7341294884681702,0.37835440039634705,-0.34846657514572144,0.9998199343681335,0.7247100472450256,0.37529271841049194,-0.35833626985549927,0.9998739361763,0.7567511796951294,0.38798752427101135,-0.15624767541885376,0.9999810457229614,0.6716484427452087,0.3903752565383911,-0.19628775119781494,0.999945342540741,0.7710781693458557,0.45843005180358887,-0.09210812300443649,0.9304054379463196,0.6557059288024902,0.49909836053848267,-0.14135971665382385,0.9789441823959351,0.7828620672225952,0.5320340394973755,-0.1960601657629013,0.9038074016571045,0.6622205972671509,0.5846872925758362,-0.19497178494930267,0.9533019661903381,0.7926087975502014,0.5523723363876343,-0.22859156131744385,0.8413508534431458,0.6574012041091919,0.6129448413848877,-0.22050389647483826,0.9177867770195007,0.7874366044998169,0.5543731451034546,-0.24996058642864227,0.8567022085189819,0.6639276742935181,0.6149406433105469,-0.2468576729297638,0.9217823147773743,0.7826923131942749,0.5484222173690796,-0.20731261372566223,0.843994140625,0.6668847799301147,0.6029044389724731,-0.2051009237766266,0.9027323722839355,0.7281108498573303,0.571919858455658,4.7562509280396625e-05,0.9988682270050049,0.6843496561050415,0.5717912912368774,-3.0579765279981075e-06,0.9979778528213501,0.7249510884284973,0.7048475742340088,0.044731710106134415,0.2008761465549469,0.6792086362838745,0.6986746191978455,0.07971426099538803,0.2000599503517151,0.7288213968276978,0.790773332118988,0.28985682129859924,0.08970186114311218,0.6650180816650391,0.7986940741539001,0.3244478702545166,0.14333291351795197,0.7267647981643677,0.8020101189613342,0.31256046891212463,0.15404386818408966,0.6645660400390625,0.8110445737838745,0.3469506800174713,0.17224276065826416,0.7375918030738831,0.832362949848175,0.24961073696613312,0.12946511805057526,0.6625720858573914,0.8495543003082275,0.26585453748703003,0.17030708491802216
63,0.7330144047737122,0.36774805188179016,-0.3508313298225403,0.999919593334198,0.7389652132987976,0.3535015881061554,-0.3379281461238861,0.9997655153274536,0.7421354651451111,0.35340413451194763,-0.33800166845321655,0.9996736645698547,0.7448669075965881,0.352732390165329,-0.338099867105484,0.9995996952056885,0.7293473482131958,0.34886085987091064,-0.3436226546764374,0.9997962713241577,0.7255845665931702,0.3454993963241577,-0.34360870718955994,0.9997427463531494,0.7216823101043701,0.34152883291244507,-0.34360069036483765,0.9997254610061646,0.7461677193641663,0.34574565291404724,-0.22528724372386932,0.9991438388824463,0.7111170887947083,0.3313247263431549,-0.2523839771747589,0.9997214078903198,0.7337509393692017,0.3783523142337799,-0.3031269609928131,0.9998108744621277,0.7240604162216187,0.3752722144126892,-0.3109436631202698,0.9998676776885986,0.7567569017410278,0.38820478320121765,-0.1251109093427658,0.9999810457229614,0.6716517806053162,0.39076751470565796,-0.15447308123111725,0.9999446868896484,0.7713844776153564,0.4579209089279175,-0.08344621956348419,0.9234058856964111,0.6555501222610474,0.4991467297077179,-0.10441355407238007,0.9772130250930786,0.7828854322433472,0.5312773585319519,-0.19876442849636078,0.8962395787239075,0.6621860265731812,0.5845617651939392,-0.1622869372367859,0.9500491619110107,0.7926120162010193,0.5518470406532288,-0.23310375213623047,0.8338216543197632,0.6575031280517578,0.6128779053688049,-0.18532031774520874,0.9130003452301025,0.7874354124069214,0.5538321733474731,-0.2530202865600586,0.8498896360397339,0.6642104387283325,0.6149148941040039,-0.21090571582317352,0.917422354221344,0.7826911807060242,0.5478796362876892,-0.2099471390247345,0.8371745944023132,0.6670897006988525,0.6027977466583252,-0.17206761240959167,0.8980855345726013,0.7279809713363647,0.5718671679496765,-0.0003072163963224739,0.9989101886749268,0.6842873096466064,0.5716493725776672,0.00036589562660083175,0.9980186820030212,0.7242760062217712,0.704386293888092,0.04111624136567116,0.19727984070777893,0.6796119809150696,0.6986770033836365,0.08131512999534607,0.1936228722333908,0.7280327081680298,0.7904611229896545,0.2695922553539276,0.0875144749879837,0.6654281616210938,0.7985994815826416,0.3179619014263153,0.1395334005355835,0.7261297106742859,0.8017305135726929,0.2905206084251404,0.15284469723701477,0.6650477647781372,0.8110425472259521,0.3395611643791199,0.17107032239437103,0.7362788915634155,0.8317697048187256,0.22733505070209503,0.12715181708335876,0.6625674962997437,0.849076509475708,0.2597197890281677,0.1665455400943756
64,0.7318647503852844,0.36772727966308594,-0.3584100902080536,0.9999171495437622,0.7380309104919434,0.35350072383880615,-0.34584856033325195,0.9997570514678955,0.7414232492446899,0.35342493653297424,-0.34590795636177063,0.9996569156646729,0.7444275617599487,0.35279834270477295,-0.3459940254688263,0.9995832443237305,0.7283117771148682,0.348652184009552,-0.35283809900283813,0.9997868537902832,0.7245672941207886,0.3452507257461548,-0.3528435230255127,0.9997255802154541,0.7208120226860046,0.3413722813129425,-0.35284221172332764,0.9997115731239319,0.7461735010147095,0.34579676389694214,-0.23383212089538574,0.9990889430046082,0.7107143402099609,0.33132511377334595,-0.26095491647720337,0.9996986985206604,0.7329530119895935,0.37835583090782166,-0.31089693307876587,0.9997979998588562,0.72313392162323,0.3752311170101166,-0.31966495513916016,0.9998595118522644,0.7567869424819946,0.3882423937320709,-0.13024796545505524,0.9999812841415405,0.6716598272323608,0.39076465368270874,-0.15905992686748505,0.9999444484710693,0.7716156840324402,0.45788702368736267,-0.07974967360496521,0.9188465476036072,0.6555560827255249,0.499268501996994,-0.10635316371917725,0.9759994149208069,0.782889187335968,0.5311224460601807,-0.19221287965774536,0.8902937173843384,0.6621823906898499,0.5845720767974854,-0.17001928389072418,0.9479281902313232,0.7926978468894958,0.5518131256103516,-0.2263185679912567,0.826901376247406,0.6576643586158752,0.6128466129302979,-0.1942092329263687,0.90963214635849,0.7874398827552795,0.5537000298500061,-0.24649906158447266,0.8435037136077881,0.6645374894142151,0.6146491765975952,-0.21994617581367493,0.9143194556236267,0.7826829552650452,0.5477491617202759,-0.2032669484615326,0.8306053876876831,0.6673064231872559,0.6027930378913879,-0.17989647388458252,0.8946672081947327,0.7280703186988831,0.5718150734901428,-0.0009358251700177789,0.9989580512046814,0.6842851638793945,0.5714995265007019,0.0009985518408939242,0.9980631470680237,0.7242470383644104,0.7040277123451233,0.048099689185619354,0.19255059957504272,0.6799367070198059,0.6975921392440796,0.09357374906539917,0.18581268191337585,0.7279308438301086,0.7891496419906616,0.2907392680644989,0.08438443392515182,0.6661901473999023,0.7943008542060852,0.3444862365722656,0.1336759626865387,0.7260123491287231,0.7998263239860535,0.31347253918647766,0.1502612978219986,0.6657178401947021,0.8060856461524963,0.36823275685310364,0.16798928380012512,0.7359837293624878,0.8307920098304749,0.2509642243385315,0.12400307506322861,0.662562370300293,0.8302198052406311,0.29131704568862915,0.1618272215127945
65,0.7317911982536316,0.367728590965271,-0.3617914319038391,0.9999176263809204,0.7379918694496155,0.35312432050704956,-0.3494378328323364,0.9997564554214478,0.741435170173645,0.35297080874443054,-0.3494985103607178,0.9996531009674072,0.7444763779640198,0.3522348701953888,-0.3495849370956421,0.9995810389518738,0.7280125617980957,0.34820622205734253,-0.35563337802886963,0.9997859001159668,0.7240872979164124,0.34474417567253113,-0.3556477427482605,0.999721884727478,0.720037043094635,0.3409218192100525,-0.35564160346984863,0.9997110962867737,0.7466955184936523,0.34483376145362854,-0.23668405413627625,0.999065637588501,0.7091144919395447,0.3311459422111511,-0.26199445128440857,0.9996911287307739,0.7329745292663574,0.37837761640548706,-0.3139731287956238,0.9997900724411011,0.7230924963951111,0.3753538429737091,-0.32204359769821167,0.9998557567596436,0.7571347951889038,0.3883810341358185,-0.13141226768493652,0.999981701374054,0.6717633008956909,0.39076948165893555,-0.16000156104564667,0.9999454617500305,0.7724127173423767,0.4578884541988373,-0.07657662034034729,0.9154839515686035,0.6555958986282349,0.4989033639431,-0.10652969032526016,0.9754313826560974,0.7826228141784668,0.5311059355735779,-0.1849042773246765,0.8840200304985046,0.6623340249061584,0.5834303498268127,-0.16926854848861694,0.9469313025474548,0.7922912240028381,0.5517829060554504,-0.21753735840320587,0.8196581602096558,0.658109188079834,0.6113736629486084,-0.19354364275932312,0.9077913761138916,0.7872059345245361,0.5535594820976257,-0.2379240244626999,0.8364737629890442,0.6649656891822815,0.6134172081947327,-0.21941085159778595,0.9125860333442688,0.782379150390625,0.5476004481315613,-0.19584007561206818,0.8235575556755066,0.6678966879844666,0.6016197800636292,-0.17923441529273987,0.8930507898330688,0.7284902334213257,0.5716408491134644,-0.0012619370827451348,0.9990085363388062,0.6845048666000366,0.5713373422622681,0.0013084309175610542,0.9981181621551514,0.727909505367279,0.7019156217575073,0.04546767845749855,0.19366784393787384,0.685865044593811,0.6972309947013855,0.0944410189986229,0.1802017241716385,0.735146701335907,0.7903404831886292,0.264119952917099,0.08710481226444244,0.6769148707389832,0.7948455810546875,0.33479422330856323,0.1325332075357437,0.7343429327011108,0.8017529249191284,0.28389209508895874,0.1521512120962143,0.6767473816871643,0.8067722916603088,0.35708534717559814,0.16999003291130066,0.7420332431793213,0.8333941698074341,0.21720090508460999,0.1303723305463791,0.6766046285629272,0.8357100486755371,0.27969637513160706,0.16512246429920197
66,0.7313050031661987,0.36850258708000183,-0.3910791873931885,0.9999205470085144,0.7373629808425903,0.3536679148674011,-0.37978675961494446,0.999763548374176,0.7408949136734009,0.35352399945259094,-0.37984153628349304,0.9996609687805176,0.7441240549087524,0.35277920961380005,-0.3799399733543396,0.9995898604393005,0.7273909449577332,0.3487607538700104,-0.3845037817955017,0.9997934103012085,0.7234290242195129,0.3453913927078247,-0.3845290541648865,0.9997307658195496,0.7193107604980469,0.3417021334171295,-0.3845236897468567,0.9997220635414124,0.7467044591903687,0.3449849784374237,-0.2641197741031647,0.999085545539856,0.7087355852127075,0.33183467388153076,-0.28581032156944275,0.9997032880783081,0.7327481508255005,0.3794713616371155,-0.34136080741882324,0.999794065952301,0.7227562665939331,0.3765469491481781,-0.34794026613235474,0.9998601675033569,0.757266640663147,0.3884366750717163,-0.1452096849679947,0.9999821186065674,0.671741783618927,0.3911057710647583,-0.17448225617408752,0.9999483823776245,0.7730699777603149,0.45828187465667725,-0.07602480053901672,0.9145683646202087,0.6552302241325378,0.49899524450302124,-0.11209200322628021,0.9761991500854492,0.7826462984085083,0.5314322710037231,-0.1680690348148346,0.8781949281692505,0.6619279980659485,0.5842809081077576,-0.16780824959278107,0.9479507207870483,0.7923210859298706,0.5518524050712585,-0.19752667844295502,0.810905933380127,0.6576435565948486,0.6125146150588989,-0.1898680329322815,0.9087052345275879,0.7871643304824829,0.5535932183265686,-0.21888597309589386,0.8278241753578186,0.6644604802131653,0.6142187118530273,-0.21647889912128448,0.9134045243263245,0.7823659181594849,0.5476692914962769,-0.1787422001361847,0.8148450255393982,0.6673234701156616,0.6024346947669983,-0.17748691141605377,0.8939382433891296,0.7284864783287048,0.5716596245765686,-0.0015936685958877206,0.9990322589874268,0.6843042969703674,0.571299135684967,0.001645896933041513,0.9981576204299927,0.7256897687911987,0.7062713503837585,0.04188535362482071,0.19053742289543152,0.6843274831771851,0.7005437612533569,0.09145130962133408,0.17570950090885162,0.7344122529029846,0.798018217086792,0.26776087284088135,0.08468440920114517,0.6746354103088379,0.8042116165161133,0.32695186138153076,0.12857019901275635,0.7342205047607422,0.8102918267250061,0.28817296028137207,0.1500658094882965,0.6745081543922424,0.8167436122894287,0.34866195917129517,0.16821010410785675,0.7415028810501099,0.8395248651504517,0.22177720069885254,0.12805034220218658,0.6749442219734192,0.8532642126083374,0.2712336778640747,0.16140839457511902
67,0.7313517332077026,0.3712197244167328,-0.40508323907852173,0.9999238848686218,0.737377405166626,0.3562055826187134,-0.3947606682777405,0.9997736215591431,0.7410022020339966,0.35601603984832764,-0.3948093056678772,0.9996731281280518,0.744350790977478,0.35515356063842773,-0.3948977291584015,0.9996052384376526,0.72743821144104,0.3510354161262512,-0.4003221094608307,0.9998025894165039,0.7234376668930054,0.34745335578918457,-0.40035638213157654,0.9997421503067017,0.7192296981811523,0.3435264825820923,-0.4003494679927826,0.9997351765632629,0.7472733855247498,0.3458617329597473,-0.2797747254371643,0.999119758605957,0.708317756652832,0.33217036724090576,-0.3063281774520874,0.9997166991233826,0.7327567934989929,0.382184773683548,-0.35501590371131897,0.9997981190681458,0.7227756977081299,0.3792552053928375,-0.36280661821365356,0.9998635649681091,0.7574817538261414,0.38844120502471924,-0.15844985842704773,0.9999828934669495,0.6716678738594055,0.39113473892211914,-0.19229534268379211,0.9999502301216125,0.7741203904151917,0.4586515724658966,-0.07600905001163483,0.9140874743461609,0.6551835536956787,0.49941685795783997,-0.12128673493862152,0.9766111969947815,0.7828286290168762,0.5314547419548035,-0.15861405432224274,0.8774884939193726,0.6618081331253052,0.5850772857666016,-0.1722862720489502,0.9488375186920166,0.7927833199501038,0.5517676472663879,-0.18691466748714447,0.8085730075836182,0.6575158834457397,0.6133329272270203,-0.19499652087688446,0.9095686674118042,0.7872073650360107,0.5535415410995483,-0.20861327648162842,0.8255987763404846,0.6643828749656677,0.614497184753418,-0.22146160900592804,0.9142552018165588,0.7823742628097534,0.547666609287262,-0.16929246485233307,0.8125909566879272,0.6672049164772034,0.6031109094619751,-0.18202894926071167,0.8949887752532959,0.728715181350708,0.5711849927902222,-0.0024451192002743483,0.9990665316581726,0.6844724416732788,0.5707994103431702,0.00250731292180717,0.998204231262207,0.7256470918655396,0.702416718006134,0.05076535418629646,0.187108114361763,0.684194803237915,0.6976261734962463,0.09723705053329468,0.16853494942188263,0.7302725315093994,0.7935848832130432,0.29077762365341187,0.0819663479924202,0.6731973886489868,0.7990024089813232,0.3375681936740875,0.12359083443880081,0.7292970418930054,0.805281937122345,0.31310954689979553,0.14918039739131927,0.6728317737579346,0.8116912245750427,0.3601369559764862,0.16675662994384766,0.7362545728683472,0.8361791968345642,0.25292423367500305,0.12626533210277557,0.6721755266189575,0.8487787842750549,0.2843616306781769,0.15831182897090912
68,0.7307480573654175,0.37171924114227295,-0.3821415901184082,0.9999261498451233,0.7370847463607788,0.3565336763858795,-0.37466710805892944,0.9997797608375549,0.7408009767532349,0.35635697841644287,-0.3747197687625885,0.9996806383132935,0.7442305088043213,0.35549765825271606,-0.3748006224632263,0.9996147155761719,0.7266302704811096,0.35123851895332336,-0.3779219388961792,0.9998077154159546,0.7224420309066772,0.3476138710975647,-0.37796854972839355,0.9997482895851135,0.71811443567276,0.34367406368255615,-0.3779454529285431,0.9997432231903076,0.7472870945930481,0.3460162878036499,-0.27102765440940857,0.999142587184906,0.7077027559280396,0.332401305437088,-0.2846035361289978,0.9997254014015198,0.7323018312454224,0.3824513852596283,-0.33441558480262756,0.9998013973236084,0.7223443388938904,0.3796365559101105,-0.339660108089447,0.9998663067817688,0.7575523853302002,0.3884650468826294,-0.14857392013072968,0.9999837279319763,0.6717246770858765,0.3911091387271881,-0.17072463035583496,0.9999523758888245,0.7750398516654968,0.4582097828388214,-0.0615045540034771,0.9154799580574036,0.6549750566482544,0.4996592700481415,-0.09508378803730011,0.9769570827484131,0.782833456993103,0.5311915278434753,-0.13987129926681519,0.8769078850746155,0.661738932132721,0.5856533646583557,-0.1370173543691635,0.9495331645011902,0.7928040027618408,0.5512443780899048,-0.1663881540298462,0.8067588806152344,0.6574963927268982,0.6136736273765564,-0.1554790735244751,0.9100964665412903,0.786952555179596,0.5532363057136536,-0.1869954913854599,0.8235600590705872,0.6643785834312439,0.6149123907089233,-0.18210458755493164,0.9147447347640991,0.7821018695831299,0.5474274158477783,-0.14972929656505585,0.8105262517929077,0.6672086715698242,0.603579044342041,-0.14628352224826813,0.8958353996276855,0.7286884784698486,0.5711429119110107,-0.0038481377996504307,0.9991033673286438,0.6844069957733154,0.570778489112854,0.0039048250764608383,0.9982464909553528,0.7255368232727051,0.7034330368041992,0.04119659215211868,0.1850348263978958,0.6843981742858887,0.6982594132423401,0.09667157381772995,0.162124365568161,0.7308471202850342,0.7965266704559326,0.26306846737861633,0.08085814118385315,0.674038290977478,0.8010638952255249,0.31916967034339905,0.11951752007007599,0.7301065921783447,0.8085035681724548,0.2834247946739197,0.14817778766155243,0.6738614439964294,0.813724160194397,0.34037187695503235,0.16549152135849,0.7366302013397217,0.8395548462867737,0.2208254039287567,0.12631487846374512,0.6709402203559875,0.8451678156852722,0.2663321793079376,0.1558850258588791
69,0.729366660118103,0.37303870916366577,-0.4472264349460602,0.9999297261238098,0.7360883951187134,0.35764625668525696,-0.4402550160884857,0.9997896552085876,0.7399228811264038,0.3575230538845062,-0.4402805268764496,0.9996925592422485,0.7435477375984192,0.3567220866680145,-0.44035395979881287,0.999628484249115,0.7250872850418091,0.3523994982242584,-0.4424687325954437,0.9998176693916321,0.7207983732223511,0.3489128053188324,-0.4425329267978668,0.9997612833976746,0.7164883613586426,0.34521910548210144,-0.44253286719322205,0.9997578859329224,0.747287392616272,0.34729647636413574,-0.32825860381126404,0.999176561832428,0.7073714137077332,0.33395829796791077,-0.33976057171821594,0.999740719795227,0.7315094470977783,0.38366591930389404,-0.39753177762031555,0.9998072981834412,0.7212976217269897,0.3808891773223877,-0.40094900131225586,0.9998713731765747,0.757889449596405,0.38846248388290405,-0.19633212685585022,0.9999842047691345,0.6724787950515747,0.39101558923721313,-0.21953773498535156,0.9999552369117737,0.7769616842269897,0.4572736620903015,-0.10073621571063995,0.9177596569061279,0.6549831032752991,0.4991876780986786,-0.1491556316614151,0.9778449535369873,0.7829907536506653,0.530387282371521,-0.1536632478237152,0.8748417496681213,0.6612915992736816,0.5857871770858765,-0.20368671417236328,0.9512801170349121,0.7928999662399292,0.5508351922035217,-0.17440956830978394,0.8004286289215088,0.6564230918884277,0.6137183904647827,-0.2265043705701828,0.9119871854782104,0.7869232892990112,0.5528937578201294,-0.18884578347206116,0.8172978758811951,0.6636596918106079,0.6148985028266907,-0.2544947564601898,0.9165042042732239,0.782084584236145,0.5470759272575378,-0.1614498794078827,0.8041192293167114,0.6666107177734375,0.6035868525505066,-0.21402251720428467,0.8979437351226807,0.7286821007728577,0.5693889260292053,-0.004415884613990784,0.9991334676742554,0.6843882203102112,0.5687605738639832,0.004472663160413504,0.998309850692749,0.7255091667175293,0.6989392042160034,0.06420335918664932,0.1797291487455368,0.6831477284431458,0.6905444860458374,0.10764013230800629,0.15657107532024384,0.7292133569717407,0.7855740785598755,0.3124377131462097,0.07858598232269287,0.6733909845352173,0.7892751097679138,0.3569497764110565,0.11646521836519241,0.7278870344161987,0.7965234518051147,0.33539578318595886,0.1488783359527588,0.6736287474632263,0.8014100790023804,0.3805854320526123,0.16618752479553223,0.7351245880126953,0.8282157778739929,0.27380067110061646,0.12504729628562927,0.6687638759613037,0.8386076092720032,0.30411455035209656,0.15526022017002106
70,0.7284983396530151,0.375324547290802,-0.44564399123191833,0.9999332427978516,0.7354007959365845,0.3605647683143616,-0.4388639032840729,0.9997991919517517,0.7391167879104614,0.36038872599601746,-0.4388969838619232,0.9997046589851379,0.742688775062561,0.35956162214279175,-0.43899163603782654,0.9996421337127686,0.7244405150413513,0.3555417060852051,-0.44184714555740356,0.9998276829719543,0.7202193140983582,0.3522593080997467,-0.44190970063209534,0.9997746348381042,0.7160035371780396,0.34875014424324036,-0.4419201910495758,0.9997726678848267,0.7469820976257324,0.34973129630088806,-0.32663682103157043,0.9992160201072693,0.7074751257896423,0.33681926131248474,-0.3413855731487274,0.9997574090957642,0.7307736277580261,0.3848913013935089,-0.3954973518848419,0.9998170137405396,0.7209392786026001,0.3823830187320709,-0.3999168276786804,0.9998786449432373,0.7584555745124817,0.3885440528392792,-0.19335156679153442,0.9999849200248718,0.6731072664260864,0.3913067579269409,-0.22033138573169708,0.9999583959579468,0.7781634330749512,0.4571439027786255,-0.0939827486872673,0.9207854866981506,0.6549685597419739,0.4995710551738739,-0.14691588282585144,0.9789075255393982,0.7833638191223145,0.5303935408592224,-0.15125253796577454,0.8729100227355957,0.6613849401473999,0.5874342322349548,-0.19839784502983093,0.9534183144569397,0.7930434942245483,0.5506982207298279,-0.17602688074111938,0.7945473194122314,0.6566581726074219,0.6156119704246521,-0.2203461229801178,0.9148544073104858,0.7869236469268799,0.5527012348175049,-0.19709958136081696,0.8113526701927185,0.6640576124191284,0.6162253618240356,-0.24842306971549988,0.9191684722900391,0.7821016311645508,0.5470160841941833,-0.1607666164636612,0.79789137840271,0.66718590259552,0.6047946214675903,-0.20835566520690918,0.9007899165153503,0.7289747595787048,0.5694694519042969,-0.0048451898619532585,0.9991580843925476,0.6843810677528381,0.5687599778175354,0.004908752627670765,0.998350203037262,0.7253338098526001,0.7047657370567322,0.05919330194592476,0.17811955511569977,0.6819838285446167,0.6948761343955994,0.10034042596817017,0.15339495241641998,0.7288042306900024,0.7952550053596497,0.302901953458786,0.07728364318609238,0.6724347472190857,0.7984611392021179,0.3502853214740753,0.1138937696814537,0.7274285554885864,0.8067458271980286,0.32575365900993347,0.14947664737701416,0.6728988289833069,0.8110201358795166,0.3738608658313751,0.16635718941688538,0.7348838448524475,0.8376268148422241,0.25949862599372864,0.12441691756248474,0.6680444478988647,0.8503876328468323,0.2917553782463074,0.1535809487104416
71,0.728699266910553,0.3786200284957886,-0.4381498694419861,0.9999364614486694,0.7358982563018799,0.36456596851348877,-0.4307870864868164,0.9998062252998352,0.739512026309967,0.36408454179763794,-0.43081480264663696,0.9997144341468811,0.7429535984992981,0.36293357610702515,-0.43089717626571655,0.9996515512466431,0.7248063087463379,0.3594357669353485,-0.4364272952079773,0.999835729598999,0.7204620838165283,0.35577917098999023,-0.4364967346191406,0.9997864961624146,0.7161340713500977,0.35193005204200745,-0.4365011155605316,0.9997846484184265,0.7470272183418274,0.3516276776790619,-0.3191831707954407,0.9992524981498718,0.707548201084137,0.3385343849658966,-0.3465595841407776,0.9997724890708923,0.7308214902877808,0.38796061277389526,-0.388316810131073,0.9998243451118469,0.7210557460784912,0.38505634665489197,-0.39634498953819275,0.9998840689659119,0.7590335011482239,0.38944190740585327,-0.19059579074382782,0.9999856352806091,0.6731147766113281,0.39175474643707275,-0.22644367814064026,0.9999608993530273,0.7799429893493652,0.4567713439464569,-0.08564229309558868,0.9230818748474121,0.655069887638092,0.4991781413555145,-0.14884251356124878,0.9792221784591675,0.7835978865623474,0.5306620597839355,-0.1253306120634079,0.8717682361602783,0.6613845229148865,0.5870429277420044,-0.1979031264781952,0.9532991051673889,0.7931045889854431,0.5506958961486816,-0.1463220715522766,0.7901830077171326,0.6566764116287231,0.6145972609519958,-0.20900771021842957,0.9139620065689087,0.7869219779968262,0.5527076125144958,-0.16683043539524078,0.8069736361503601,0.6641311049461365,0.6151077747344971,-0.23916272819042206,0.9182955026626587,0.7821203470230103,0.5470597147941589,-0.13413819670677185,0.7929946780204773,0.6671870946884155,0.6039727926254272,-0.20779144763946533,0.8995261788368225,0.7291749119758606,0.5695513486862183,-0.004951768554747105,0.9991703629493713,0.6846197247505188,0.569684624671936,0.005025605671107769,0.9983620047569275,0.725303590297699,0.7053494453430176,0.05644708871841431,0.17903539538383484,0.6844210028648376,0.6961855292320251,0.09835649281740189,0.1506669670343399,0.7285212278366089,0.7987094521522522,0.297578901052475,0.0779760479927063,0.6735039949417114,0.8025982975959778,0.3382102847099304,0.11327128112316132,0.7272772789001465,0.8105471134185791,0.32156306505203247,0.15095213055610657,0.6737261414527893,0.8156517744064331,0.35958486795425415,0.1696910709142685,0.7337552905082703,0.8409666419029236,0.2591424584388733,0.12561021745204926,0.6687556505203247,0.8540235161781311,0.27825039625167847,0.15415021777153015
72,0.7283855676651001,0.38036054372787476,-0.4508419632911682,0.9999396204948425,0.735451340675354,0.36620181798934937,-0.44467297196388245,0.9998149871826172,0.739006757736206,0.36567044258117676,-0.44469380378723145,0.9997259378433228,0.7424359917640686,0.36449575424194336,-0.4447868764400482,0.9996646642684937,0.7245978713035583,0.36163032054901123,-0.4490148425102234,0.9998451471328735,0.7203809022903442,0.35831218957901,-0.44909533858299255,0.9997995495796204,0.7161478400230408,0.3547285497188568,-0.4491077959537506,0.9997991323471069,0.7466998100280762,0.3530704379081726,-0.33249741792678833,0.9992944002151489,0.7074009776115417,0.34113386273384094,-0.3538268506526947,0.9997891783714294,0.7304355502128601,0.38961127400398254,-0.4004231095314026,0.9998335838317871,0.7209290862083435,0.38672587275505066,-0.40679043531417847,0.9998910427093506,0.7595981359481812,0.38993796706199646,-0.19547176361083984,0.9999861121177673,0.6731361150741577,0.39241188764572144,-0.23060289025306702,0.9999638795852661,0.7810173034667969,0.45636606216430664,-0.07935960590839386,0.9250179529190063,0.654327929019928,0.4996289908885956,-0.14815901219844818,0.9801591038703918,0.7836049795150757,0.5314724445343018,-0.11488296836614609,0.8644217848777771,0.6613836288452148,0.5874905586242676,-0.1928204596042633,0.9550720453262329,0.7930962443351746,0.5508165955543518,-0.1348944753408432,0.7766660451889038,0.6567514538764954,0.6149243116378784,-0.2088116854429245,0.9161863327026367,0.7869272828102112,0.5529173612594604,-0.15721772611141205,0.7935408353805542,0.6643750667572021,0.6151607632637024,-0.23732653260231018,0.9203493595123291,0.7821641564369202,0.5474372506141663,-0.12412872165441513,0.7799611687660217,0.6673659086227417,0.6040539145469666,-0.2029312551021576,0.9016017317771912,0.7287411093711853,0.5712273716926575,-0.004840309731662273,0.999173641204834,0.684207558631897,0.5703155994415283,0.0049115139991045,0.9983880519866943,0.7250035405158997,0.7097050547599792,0.055332254618406296,0.1783544421195984,0.6824237704277039,0.7015740871429443,0.09420043975114822,0.15176624059677124,0.7289313077926636,0.802362322807312,0.3068857192993164,0.07771506160497665,0.673214316368103,0.8109185695648193,0.3355129659175873,0.1140827015042305,0.7277576923370361,0.8142923712730408,0.33027520775794983,0.1524887979030609,0.6730812788009644,0.8232948184013367,0.3571479022502899,0.17305341362953186,0.7353149056434631,0.8441830277442932,0.26260682940483093,0.12602712213993073,0.6685382127761841,0.8647648096084595,0.27451765537261963,0.15557493269443512
73,0.7262134552001953,0.38483989238739014,-0.4603482782840729,0.9999436736106873,0.7332820296287537,0.3708476126194,-0.4558860659599304,0.99982750415802,0.7366830110549927,0.37045928835868835,-0.45590296387672424,0.9997429251670837,0.7400439977645874,0.3695727586746216,-0.4559977054595947,0.999686598777771,0.7230021953582764,0.36690399050712585,-0.45884791016578674,0.9998565912246704,0.7191060185432434,0.36386236548423767,-0.4589197635650635,0.9998142719268799,0.7152568101882935,0.3604487180709839,-0.45892438292503357,0.9998151063919067,0.7453905940055847,0.3591552674770355,-0.346792608499527,0.9993484616279602,0.7074413895606995,0.3468291461467743,-0.361463725566864,0.9998062252998352,0.7285672426223755,0.39452290534973145,-0.410632461309433,0.9998458623886108,0.7197221517562866,0.3914493918418884,-0.41503119468688965,0.9998989105224609,0.7595674991607666,0.39050471782684326,-0.20976731181144714,0.9999870657920837,0.6734393835067749,0.3924161195755005,-0.2348821461200714,0.9999667406082153,0.7844415903091431,0.4542921781539917,-0.0920877605676651,0.929818332195282,0.6540168523788452,0.49942880868911743,-0.15074646472930908,0.9807677268981934,0.7836222052574158,0.5319299697875977,-0.12811805307865143,0.8646912574768066,0.6612802147865295,0.587956428527832,-0.1895892322063446,0.9565764665603638,0.7930165529251099,0.5508706569671631,-0.1496954709291458,0.7710093855857849,0.6567471027374268,0.6152509450912476,-0.20828859508037567,0.9177713990211487,0.7868201732635498,0.5531415343284607,-0.1703590452671051,0.7879878282546997,0.6643613576889038,0.615249514579773,-0.23574650287628174,0.921807050704956,0.7821410298347473,0.5477495789527893,-0.13682152330875397,0.7739995121955872,0.6673081517219543,0.6042608618736267,-0.19951532781124115,0.9030483365058899,0.7285591959953308,0.571541965007782,-0.006498417817056179,0.9992086887359619,0.6835770606994629,0.5702510476112366,0.006605376489460468,0.9984381794929504,0.7227411270141602,0.7111673355102539,0.061287157237529755,0.18396282196044922,0.6790685653686523,0.7017348408699036,0.10501785576343536,0.15396375954151154,0.7272840142250061,0.8064073920249939,0.3036903738975525,0.08088618516921997,0.6696714758872986,0.8102750778198242,0.34974369406700134,0.11481144279241562,0.7261192202568054,0.8184601664543152,0.3255932927131653,0.1561753898859024,0.6703725457191467,0.8227452039718628,0.37259045243263245,0.17643751204013824,0.7333257794380188,0.8475034236907959,0.2564601004123688,0.12974320352077484,0.6634589433670044,0.8621332049369812,0.2875891327857971,0.1573415845632553
74,0.7265429496765137,0.3909769654273987,-0.48979654908180237,0.9999473690986633,0.7335559129714966,0.3762587308883667,-0.4849952161312103,0.999838650226593,0.7369613647460938,0.375363290309906,-0.4849979281425476,0.9997579455375671,0.7402976751327515,0.37408527731895447,-0.48508182168006897,0.9997045993804932,0.7232595086097717,0.37291377782821655,-0.4894835352897644,0.9998672008514404,0.7193518877029419,0.3696453869342804,-0.48958054184913635,0.9998283386230469,0.7154614925384521,0.3658805787563324,-0.4896003305912018,0.9998300075531006,0.7454348206520081,0.3626171052455902,-0.37192827463150024,0.9993956089019775,0.7075097560882568,0.3497568666934967,-0.3937111496925354,0.9998225569725037,0.7287854552268982,0.39982733130455017,-0.43831783533096313,0.9998564124107361,0.7198281288146973,0.39699965715408325,-0.4447796940803528,0.9999061822891235,0.7598304748535156,0.3917751610279083,-0.22802305221557617,0.999987781047821,0.6734582781791687,0.3929351270198822,-0.2629006505012512,0.9999695420265198,0.786017894744873,0.45350006222724915,-0.10621020942926407,0.9330015778541565,0.6536964178085327,0.4994995892047882,-0.17652226984500885,0.9818130135536194,0.7836040258407593,0.5323044061660767,-0.1371866762638092,0.8636220693588257,0.6614220142364502,0.5885169506072998,-0.20709116756916046,0.9589511752128601,0.7928764820098877,0.5509524345397949,-0.16093944013118744,0.7657552361488342,0.657218337059021,0.6162474751472473,-0.2246870994567871,0.9211943745613098,0.7866864204406738,0.5533192157745361,-0.18194082379341125,0.7827255129814148,0.6646320819854736,0.6161637306213379,-0.2540862560272217,0.9250375032424927,0.7820361852645874,0.5479434728622437,-0.14673718810081482,0.7681187391281128,0.6677106618881226,0.6046898365020752,-0.21647341549396515,0.9065680503845215,0.7280460596084595,0.5721363425254822,-0.006877060979604721,0.9992245435714722,0.6830430626869202,0.5702897310256958,0.006993304006755352,0.9984717965126038,0.7201363444328308,0.712827742099762,0.059605129063129425,0.1912396103143692,0.6751390695571899,0.7041290402412415,0.10438412427902222,0.15691125392913818,0.7243622541427612,0.8079231381416321,0.31100228428840637,0.08587253093719482,0.6631810069084167,0.8142168521881104,0.3438057005405426,0.11824111640453339,0.723266065120697,0.8196373581886292,0.33401715755462646,0.16098544001579285,0.6637669801712036,0.8268418908119202,0.3665245771408081,0.18100164830684662,0.7299695014953613,0.8494798541069031,0.262630820274353,0.13566049933433533,0.6571084260940552,0.8658834099769592,0.2840973138809204,0.16136404871940613
75,0.7264002561569214,0.40042436122894287,-0.4952632486820221,0.9999510049819946,0.733294665813446,0.38503187894821167,-0.4915010929107666,0.9998502135276794,0.7365934252738953,0.3837931752204895,-0.4915010929107666,0.9997742176055908,0.7398415207862854,0.3822452425956726,-0.4915851950645447,0.9997248649597168,0.7233275175094604,0.38279464840888977,-0.4963410794734955,0.9998778104782104,0.7194701433181763,0.37973979115486145,-0.4964383542537689,0.9998422861099243,0.715594470500946,0.376272588968277,-0.49645480513572693,0.9998445510864258,0.7450586557388306,0.3707807660102844,-0.38045355677604675,0.9994450211524963,0.7075240015983582,0.35952115058898926,-0.4038975238800049,0.9998384118080139,0.7288742661476135,0.4070177674293518,-0.44430527091026306,0.9998671412467957,0.7198769450187683,0.4055344760417938,-0.45123496651649475,0.9999135136604309,0.760960042476654,0.39530250430107117,-0.23721694946289062,0.9999886155128479,0.6733249425888062,0.3981074094772339,-0.2681054174900055,0.9999721646308899,0.7873995900154114,0.45258432626724243,-0.10800360143184662,0.9362266063690186,0.653535008430481,0.5032816529273987,-0.17102283239364624,0.9825745224952698,0.783828854560852,0.5333475470542908,-0.1324479877948761,0.8609524965286255,0.6612322330474854,0.5907022953033447,-0.1995009481906891,0.960917055606842,0.7929946780204773,0.5515038967132568,-0.15191076695919037,0.7569681406021118,0.65693199634552,0.6183553338050842,-0.20878100395202637,0.9237004518508911,0.7867438793182373,0.5541270971298218,-0.1724734753370285,0.7742390632629395,0.6644166111946106,0.6176548004150391,-0.2417083978652954,0.9274243116378784,0.7820937037467957,0.5486911535263062,-0.14075538516044617,0.7592034935951233,0.6675310730934143,0.6062537431716919,-0.20839688181877136,0.9091742038726807,0.7282513380050659,0.5722001194953918,-0.006956795696169138,0.999260425567627,0.6830621957778931,0.5725061893463135,0.007091005332767963,0.9985397458076477,0.7203648686408997,0.7122552394866943,0.07655398547649384,0.1964428722858429,0.6758496165275574,0.7038614749908447,0.11192065477371216,0.15822815895080566,0.7236250638961792,0.8066534996032715,0.3247660994529724,0.09078922867774963,0.6634591817855835,0.8130155205726624,0.3560439944267273,0.11943080276250839,0.7221189737319946,0.818399965763092,0.3470313847064972,0.16735829412937164,0.6642104387283325,0.8256345987319946,0.37889084219932556,0.18435081839561462,0.7293781042098999,0.8482638597488403,0.27570220828056335,0.14298054575920105,0.6585941910743713,0.8640218377113342,0.29454895853996277,0.1643034666776657
76,0.7247733473777771,0.40596550703048706,-0.48837247490882874,0.9999539852142334,0.7319133281707764,0.39076054096221924,-0.48668980598449707,0.9998604655265808,0.7352100014686584,0.389469176530838,-0.48669129610061646,0.9997885227203369,0.7384862303733826,0.38768234848976135,-0.48678284883499146,0.9997431635856628,0.7221178412437439,0.3872973620891571,-0.4887049198150635,0.9998868107795715,0.718374490737915,0.38358116149902344,-0.48878780007362366,0.9998538494110107,0.7146719694137573,0.3795493543148041,-0.488797664642334,0.9998569488525391,0.7444247007369995,0.37529441714286804,-0.38365504145622253,0.9994900226593018,0.707419753074646,0.36320817470550537,-0.3937586843967438,0.999852180480957,0.7279500961303711,0.411662757396698,-0.440068781375885,0.999877393245697,0.7186288237571716,0.40986043214797974,-0.44325345754623413,0.9999200701713562,0.7617465853691101,0.397152841091156,-0.2445981204509735,0.99998939037323,0.6731545329093933,0.39948946237564087,-0.25728243589401245,0.9999744296073914,0.7889044284820557,0.45155584812164307,-0.12294002622365952,0.9400774836540222,0.6522098779678345,0.5042910575866699,-0.16400277614593506,0.9832910895347595,0.7836008071899414,0.5332982540130615,-0.13814574480056763,0.860626220703125,0.6613088250160217,0.5910179615020752,-0.19540928304195404,0.9625194072723389,0.7925912737846375,0.5514897108078003,-0.1558067351579666,0.7521454095840454,0.6571781039237976,0.6186487674713135,-0.20463916659355164,0.9254427552223206,0.7863818407058716,0.5539975762367249,-0.17882375419139862,0.7692750692367554,0.6644933819770813,0.6177607774734497,-0.2358386516571045,0.9290282726287842,0.781659722328186,0.5484848618507385,-0.14219412207603455,0.7533718347549438,0.6676552891731262,0.6062418818473816,-0.20348533987998962,0.9110466837882996,0.7282583713531494,0.5720089673995972,-0.01112949289381504,0.9993030428886414,0.6830084323883057,0.5715115666389465,0.011288649402558804,0.9986005425453186,0.7189992666244507,0.7077761888504028,0.053278081119060516,0.2028731107711792,0.6749377846717834,0.6982694268226624,0.10594566911458969,0.15783339738845825,0.7214773893356323,0.8058911561965942,0.2952389717102051,0.0966339111328125,0.6640132069587708,0.811127245426178,0.34837740659713745,0.11903778463602066,0.7204632759094238,0.8178534507751465,0.31647342443466187,0.17346620559692383,0.6647481322288513,0.8249143958091736,0.36941128969192505,0.18534065783023834,0.7252286672592163,0.8474641442298889,0.2407303750514984,0.15033118426799774,0.6579890251159668,0.8605162501335144,0.28330498933792114,0.16519349813461304
77,0.7241754531860352,0.41069841384887695,-0.4863784909248352,0.9999532103538513,0.7310129404067993,0.3959638774394989,-0.48720377683639526,0.9998595118522644,0.7344383597373962,0.3937450051307678,-0.48718786239624023,0.9997848272323608,0.7377437353134155,0.39120566844940186,-0.4872702658176422,0.9997444748878479,0.7214683294296265,0.3948671519756317,-0.4901424050331116,0.9998887181282043,0.71812504529953,0.39190414547920227,-0.49021095037460327,0.9998561143875122,0.7147074937820435,0.38852035999298096,-0.4902316629886627,0.999862790107727,0.7431660294532776,0.3772680461406708,-0.3927948772907257,0.9995126724243164,0.7075807452201843,0.36939528584480286,-0.4076354503631592,0.9998605847358704,0.7278813123703003,0.4140908122062683,-0.4406098425388336,0.9998825192451477,0.7186359763145447,0.4130789339542389,-0.4450814723968506,0.9999231696128845,0.763279914855957,0.39843350648880005,-0.256645143032074,0.999989926815033,0.673115074634552,0.4019797146320343,-0.27459004521369934,0.9999765753746033,0.7903125882148743,0.4502379596233368,-0.13205692172050476,0.9423635601997375,0.651115357875824,0.5051023960113525,-0.18589717149734497,0.9840578436851501,0.7836316227912903,0.533034086227417,-0.14016234874725342,0.8550355434417725,0.6612294912338257,0.5950065851211548,-0.2073066234588623,0.9638804793357849,0.7925937175750732,0.5512745380401611,-0.15978333353996277,0.7402054667472839,0.656980574131012,0.6232399940490723,-0.2208363115787506,0.9266251921653748,0.7863812446594238,0.5538046360015869,-0.1793864667415619,0.7576201558113098,0.6645015478134155,0.6211360692977905,-0.25041693449020386,0.9300358295440674,0.7816406488418579,0.5483132004737854,-0.14664991199970245,0.7411642670631409,0.6677224040031433,0.6092638969421387,-0.21624965965747833,0.9121914505958557,0.7284651398658752,0.5715816617012024,-0.010644292458891869,0.9993101954460144,0.6835995316505432,0.5708658695220947,0.010801850818097591,0.9986321330070496,0.7192739248275757,0.6952959299087524,0.08045235276222229,0.20750494301319122,0.6751748323440552,0.6953445672988892,0.12187723070383072,0.16170498728752136,0.7219719886779785,0.7959951758384705,0.31726476550102234,0.09984613955020905,0.6656490564346313,0.8107801079750061,0.3540319800376892,0.11883935332298279,0.720874547958374,0.8093347549438477,0.3380582928657532,0.17464745044708252,0.666707456111908,0.8246477842330933,0.37554094195365906,0.18536515533924103,0.7263917326927185,0.8346174359321594,0.2663739323616028,0.15247516334056854,0.6592894792556763,0.8603197932243347,0.29356470704078674,0.16490504145622253
78,0.7244824171066284,0.4147604703903198,-0.49554237723350525,0.9999551177024841,0.7312174439430237,0.40155020356178284,-0.49655064940452576,0.9998670816421509,0.7345637083053589,0.39938414096832275,-0.4965290129184723,0.99979567527771,0.7377767562866211,0.39675575494766235,-0.49660974740982056,0.9997594952583313,0.721679151058197,0.4008135199546814,-0.5003601312637329,0.9998958706855774,0.7182666063308716,0.3980727195739746,-0.5004306435585022,0.9998654127120972,0.714767336845398,0.39483287930488586,-0.5004450082778931,0.9998729825019836,0.7428932189941406,0.38132184743881226,-0.40187597274780273,0.999549925327301,0.7078962326049805,0.37627750635147095,-0.42054539918899536,0.9998720288276672,0.7279779314994812,0.4177267253398895,-0.44985994696617126,0.9998906254768372,0.7187825441360474,0.41733238101005554,-0.45543089509010315,0.9999281167984009,0.763839602470398,0.40083202719688416,-0.2649957537651062,0.9999905824661255,0.6732891201972961,0.4073183834552765,-0.28369709849357605,0.9999784231185913,0.7914167642593384,0.4500710666179657,-0.13223005831241608,0.9451147317886353,0.651002824306488,0.5063831210136414,-0.18516430258750916,0.9844251871109009,0.7836865782737732,0.5330250859260559,-0.13469479978084564,0.8514369130134583,0.6608551144599915,0.5964515805244446,-0.20517189800739288,0.964451789855957,0.7925244569778442,0.5512716174125671,-0.1498459428548813,0.7313452959060669,0.6563513875007629,0.6236475110054016,-0.2125718891620636,0.9260209202766418,0.786316454410553,0.5537841320037842,-0.16838960349559784,0.7492742538452148,0.6635833978652954,0.621496856212616,-0.24219858646392822,0.9294393658638,0.7816182971000671,0.5482372045516968,-0.14108210802078247,0.7321370244026184,0.6666253209114075,0.6096659302711487,-0.21599416434764862,0.9115961790084839,0.7284718751907349,0.572286069393158,-0.011628711596131325,0.9993394613265991,0.6837819814682007,0.5707762837409973,0.011799856089055538,0.9986765384674072,0.718839704990387,0.6898155808448792,0.09906250238418579,0.2210073173046112,0.6730672717094421,0.6869674324989319,0.1363586187362671,0.16537320613861084,0.7216289639472961,0.7937445044517517,0.32912778854370117,0.11098001152276993,0.6641083359718323,0.8014452457427979,0.36710095405578613,0.11957821995019913,0.7209163904190063,0.8080824017524719,0.3491177260875702,0.17801669239997864,0.6657510995864868,0.8149299025535583,0.38860681653022766,0.18398873507976532,0.72254478931427,0.8308571577072144,0.2767537236213684,0.16172781586647034,0.6559516191482544,0.8499257564544678,0.30970197916030884,0.16624803841114044
79,0.7252968549728394,0.417850524187088,-0.5122534036636353,0.9999552965164185,0.7313627600669861,0.40594401955604553,-0.5133082270622253,0.9998688697814941,0.7346914410591125,0.40416067838668823,-0.5132898092269897,0.9997979402542114,0.7379787564277649,0.4018431007862091,-0.5133733749389648,0.9997650384902954,0.7222756743431091,0.4047788977622986,-0.5177832245826721,0.9998995065689087,0.7189022302627563,0.4020659029483795,-0.5178560614585876,0.9998703002929688,0.715460479259491,0.3987845480442047,-0.5178695917129517,0.9998794198036194,0.7427147626876831,0.38616153597831726,-0.4173206686973572,0.9995755553245544,0.7079828977584839,0.38003721833229065,-0.4391527771949768,0.9998809695243835,0.7284305095672607,0.42086338996887207,-0.46574097871780396,0.9998953342437744,0.7195696830749512,0.42020949721336365,-0.472268670797348,0.9999307990074158,0.7636182904243469,0.4002297818660736,-0.2791743576526642,0.9999911189079285,0.6727960705757141,0.410079687833786,-0.2994963526725769,0.999980092048645,0.792680561542511,0.44811031222343445,-0.13975325226783752,0.9472004175186157,0.6504105925559998,0.5082604289054871,-0.19736671447753906,0.9848386645317078,0.7843176126480103,0.5329957008361816,-0.13457193970680237,0.8454790115356445,0.6607060432434082,0.6003215312957764,-0.2007453739643097,0.9654279947280884,0.7926114201545715,0.5511800646781921,-0.14851634204387665,0.7204494476318359,0.6562550067901611,0.6258947849273682,-0.2117297649383545,0.9266367554664612,0.7863140106201172,0.5537344813346863,-0.1661803126335144,0.7386372089385986,0.6634635925292969,0.6230443120002747,-0.24105675518512726,0.9299017786979675,0.7816393971443176,0.548231840133667,-0.1405627727508545,0.7203874588012695,0.6664633750915527,0.6115719079971313,-0.21041767299175262,0.9114431142807007,0.7277977466583252,0.572174608707428,-0.011143557727336884,0.9993340373039246,0.6839367747306824,0.5702576637268066,0.011312676593661308,0.9986935257911682,0.7170829772949219,0.6811142563819885,0.12878450751304626,0.21740779280662537,0.6736977100372314,0.6811285018920898,0.1556803286075592,0.16749876737594604,0.7217237949371338,0.7669448852539062,0.36267948150634766,0.11095092445611954,0.6674530506134033,0.7858816385269165,0.3930588364601135,0.11989346146583557,0.7215782999992371,0.780590832233429,0.3835662603378296,0.1775941103696823,0.6697185039520264,0.79779052734375,0.4158089756965637,0.18491071462631226,0.7238954305648804,0.7958657741546631,0.31840503215789795,0.15799842774868011,0.6581312417984009,0.8310034275054932,0.34305882453918457,0.16297724843025208
80,0.7273749113082886,0.4216459095478058,-0.5111114978790283,0.9999552965164185,0.732261598110199,0.41128069162368774,-0.5113836526870728,0.9998713731765747,0.7349573969841003,0.40943825244903564,-0.5113691687583923,0.9998021721839905,0.7381128072738647,0.4071120321750641,-0.5114526748657227,0.9997732043266296,0.7242093682289124,0.4112844169139862,-0.5174106955528259,0.9999029040336609,0.7208811640739441,0.4093186557292938,-0.5174891948699951,0.9998751282691956,0.7175814509391785,0.40674829483032227,-0.5175080299377441,0.9998853802680969,0.7416144609451294,0.3918081521987915,-0.41495829820632935,0.9996020197868347,0.7092152833938599,0.3888956606388092,-0.443460077047348,0.9998890161514282,0.7292888760566711,0.4239858090877533,-0.46473369002342224,0.9998998045921326,0.7214788198471069,0.4241992235183716,-0.47316446900367737,0.9999327063560486,0.7636587023735046,0.4024712145328522,-0.2803298830986023,0.9999916553497314,0.6726863384246826,0.4183075726032257,-0.3070964217185974,0.9999811053276062,0.7924766540527344,0.448379248380661,-0.14933635294437408,0.9484363794326782,0.6504947543144226,0.5152215957641602,-0.20690588653087616,0.9841156601905823,0.7848976254463196,0.5328588485717773,-0.15243500471115112,0.8425611853599548,0.6606225967407227,0.6047019958496094,-0.20128381252288818,0.9636954665184021,0.7927544116973877,0.5509213805198669,-0.1653648316860199,0.7148897051811218,0.6560599207878113,0.6282041072845459,-0.21259844303131104,0.9219876527786255,0.7863409519195557,0.5536041855812073,-0.18284933269023895,0.7335840463638306,0.6625407934188843,0.6267386674880981,-0.24180535972118378,0.9253698587417603,0.7817503809928894,0.5480703711509705,-0.1586100459098816,0.7143727540969849,0.6661473512649536,0.6163320541381836,-0.2104661762714386,0.9057837128639221,0.7286970019340515,0.5721873044967651,-0.009073235094547272,0.9993499517440796,0.6873488426208496,0.5738152861595154,0.009231573902070522,0.9987194538116455,0.7179431319236755,0.6808308959007263,0.13914857804775238,0.22465795278549194,0.6759442090988159,0.6834206581115723,0.16074886918067932,0.172068789601326,0.7219343185424805,0.7745771408081055,0.36744552850723267,0.12138159573078156,0.6789480447769165,0.7882519364356995,0.39327535033226013,0.12541267275810242,0.7218023538589478,0.7879475355148315,0.3877112865447998,0.18000943958759308,0.6812521815299988,0.7993459105491638,0.4152200222015381,0.18764275312423706,0.7247111201286316,0.8088077902793884,0.3182745575904846,0.17051909863948822,0.6771969795227051,0.8351696729660034,0.34233590960502625,0.17045718431472778
81,0.7268545627593994,0.42583411931991577,-0.534692645072937,0.9999150037765503,0.7316282987594604,0.41575950384140015,-0.5359057784080505,0.9997735023498535,0.7344372272491455,0.4142459034919739,-0.5358896851539612,0.9996793866157532,0.7373829483985901,0.4120780825614929,-0.5359734296798706,0.999668300151825,0.7232619524002075,0.414279043674469,-0.5397849082946777,0.9998504519462585,0.720211923122406,0.41206979751586914,-0.5398910641670227,0.9998190999031067,0.7172120809555054,0.40950697660446167,-0.5399366021156311,0.9998456835746765,0.7405432462692261,0.39651140570640564,-0.4404297471046448,0.9995099306106567,0.7092819809913635,0.39234885573387146,-0.4591911733150482,0.9998611211776733,0.728888213634491,0.4285445213317871,-0.4886236786842346,0.9998503923416138,0.7211648225784302,0.4280436336994171,-0.49434900283813477,0.9998930096626282,0.7637618184089661,0.4049001932144165,-0.3047421872615814,0.999989926815033,0.6715918183326721,0.42438048124313354,-0.32236218452453613,0.9999796152114868,0.7930148839950562,0.4484185576438904,-0.17156586050987244,0.9497109055519104,0.6504548788070679,0.5168625116348267,-0.2342013120651245,0.9833285212516785,0.7860482335090637,0.5331591367721558,-0.17894113063812256,0.8347367644309998,0.6606384515762329,0.608402669429779,-0.2538018226623535,0.9604535698890686,0.7930867075920105,0.5509342551231384,-0.19442366063594818,0.7011882662773132,0.65610671043396,0.6299577355384827,-0.27303922176361084,0.9128708243370056,0.7863978147506714,0.5536096096038818,-0.21164175868034363,0.7204743027687073,0.6626761555671692,0.6289424300193787,-0.29884952306747437,0.9162026643753052,0.781967282295227,0.5481050610542297,-0.18501093983650208,0.6942620277404785,0.6661481261253357,0.6188842058181763,-0.26308906078338623,0.888735294342041,0.7288155555725098,0.5668087601661682,-0.006499213166534901,0.998995840549469,0.6888357400894165,0.5714280605316162,0.006597553845494986,0.9984376430511475,0.7181828022003174,0.6411205530166626,0.20354466140270233,0.211148202419281,0.6799973845481873,0.647972047328949,0.2107425034046173,0.17422348260879517,0.721511960029602,0.698531448841095,0.4727405905723572,0.11627495288848877,0.686631977558136,0.7198183536529541,0.4693027138710022,0.12866343557834625,0.7216587662696838,0.7037498354911804,0.4981257915496826,0.1724957376718521,0.6894741058349609,0.7239954471588135,0.49441996216773987,0.18876755237579346,0.7181419730186462,0.7298173904418945,0.43452978134155273,0.158781960606575,0.684522807598114,0.7610284686088562,0.42341724038124084,0.16336466372013092
82,0.7264479398727417,0.43240734934806824,-0.5182456374168396,0.9999158382415771,0.7312904000282288,0.421917587518692,-0.5190352201461792,0.9997767210006714,0.734199583530426,0.4203883409500122,-0.5190148949623108,0.9996829628944397,0.7371199727058411,0.4183581471443176,-0.5191014409065247,0.9996757507324219,0.7226684093475342,0.42100846767425537,-0.5235633850097656,0.999854564666748,0.7195985317230225,0.4189684987068176,-0.5236388444900513,0.9998241066932678,0.7166539430618286,0.4165598452091217,-0.5236544609069824,0.9998518228530884,0.7404347658157349,0.40345460176467896,-0.4246433675289154,0.9995311498641968,0.7091143131256104,0.4000380337238312,-0.44618186354637146,0.9998692870140076,0.7287226915359497,0.43537193536758423,-0.47257930040359497,0.9998549222946167,0.7210582494735718,0.43473634123802185,-0.4790308475494385,0.9998961091041565,0.7638221383094788,0.40787070989608765,-0.2891201376914978,0.9999901652336121,0.6716034412384033,0.4263682961463928,-0.315430223941803,0.9999808669090271,0.7935630083084106,0.44734302163124084,-0.15813687443733215,0.9502236247062683,0.6500891447067261,0.5183151364326477,-0.22577309608459473,0.9836453795433044,0.7862300872802734,0.5331505537033081,-0.1684354543685913,0.8234142065048218,0.6605867147445679,0.6110472679138184,-0.2340879738330841,0.9597010612487793,0.7932007908821106,0.5507594347000122,-0.18517963588237762,0.6859238147735596,0.6561113595962524,0.6332746148109436,-0.25108179450035095,0.9097299575805664,0.7863680124282837,0.5535265803337097,-0.20236380398273468,0.7056423425674438,0.6628709435462952,0.6331928968429565,-0.2777929902076721,0.9127188324928284,0.7819651365280151,0.5480310320854187,-0.1747654378414154,0.6755750775337219,0.666157603263855,0.6230594515800476,-0.2430681437253952,0.8817815780639648,0.7287970185279846,0.566611111164093,-0.003096573753282428,0.9989469647407532,0.6892774105072021,0.5714883804321289,0.003210159484297037,0.9984369277954102,0.7188037633895874,0.6576424241065979,0.17519253492355347,0.20425733923912048,0.6816955208778381,0.6612216234207153,0.18396936357021332,0.18315352499485016,0.7229766249656677,0.7334185838699341,0.41454219818115234,0.11628119647502899,0.6847842335700989,0.7502790689468384,0.42384272813796997,0.13794513046741486,0.7228972911834717,0.742404580116272,0.4363695979118347,0.1693432480096817,0.6865450739860535,0.7581373453140259,0.4468611776828766,0.19692310690879822,0.7184394598007202,0.7667667865753174,0.36881428956985474,0.1521177887916565,0.6841064691543579,0.7951071262359619,0.37485718727111816,0.16250424087047577
83,0.7264533042907715,0.4404788017272949,-0.5947741270065308,0.9998894929885864,0.7313587665557861,0.42926025390625,-0.5991150140762329,0.9997472167015076,0.734272837638855,0.4274369478225708,-0.5990915298461914,0.9996470212936401,0.7371411919593811,0.42542022466659546,-0.59919273853302,0.9996479153633118,0.7226963043212891,0.4302617907524109,-0.6046608686447144,0.9998394846916199,0.7196062803268433,0.42901620268821716,-0.604794979095459,0.9998119473457336,0.7166732549667358,0.42729949951171875,-0.6048250794410706,0.9998432397842407,0.7403911352157593,0.4121173918247223,-0.5028893351554871,0.9995250701904297,0.7092180252075195,0.41326093673706055,-0.5286175012588501,0.9998696446418762,0.7287353873252869,0.4406333863735199,-0.5465835332870483,0.9998354315757751,0.7211090326309204,0.4424292743206024,-0.5543584823608398,0.999880850315094,0.7644954323768616,0.4122281074523926,-0.34828832745552063,0.9999893307685852,0.6712216734886169,0.43106529116630554,-0.3818202018737793,0.999980092048645,0.793326199054718,0.4473012387752533,-0.19284795224666595,0.9504936337471008,0.6483193635940552,0.5199432969093323,-0.2810686230659485,0.9834280610084534,0.7864696979522705,0.5331291556358337,-0.18837669491767883,0.822471022605896,0.6602116823196411,0.6103573441505432,-0.28813642263412476,0.959161639213562,0.7931579351425171,0.5503702163696289,-0.2046239674091339,0.682040274143219,0.655768096446991,0.6325085163116455,-0.3106030523777008,0.9066930413246155,0.7862123847007751,0.5533138513565063,-0.22324123978614807,0.7024921178817749,0.6628187894821167,0.6327183842658997,-0.3368052542209625,0.9096327424049377,0.7819679975509644,0.5477248430252075,-0.19491830468177795,0.6653425097465515,0.665763258934021,0.6223127841949463,-0.2975202202796936,0.8732436299324036,0.730577826499939,0.5354766249656677,0.0022828641813248396,0.9989559650421143,0.6893476247787476,0.5422734022140503,-0.002218883018940687,0.9984352588653564,0.7240413427352905,0.6024878621101379,0.24128320813179016,0.19343504309654236,0.6843619346618652,0.6044750809669495,0.24533891677856445,0.18039844930171967,0.7250024676322937,0.6492322683334351,0.5421112775802612,0.11739232391119003,0.6966041326522827,0.6540620923042297,0.5388769507408142,0.14381824433803558,0.7241411805152893,0.6522690057754517,0.5713061690330505,0.1661771982908249,0.699074923992157,0.6545704007148743,0.5679512619972229,0.19856740534305573,0.7189831733703613,0.6797877550125122,0.5066619515419006,0.14736802875995636,0.7016416192054749,0.6920778155326843,0.49938803911209106,0.16126546263694763
84,0.7265623807907104,0.4493013620376587,-0.6125560402870178,0.9998406767845154,0.7314258217811584,0.4367305338382721,-0.616389811038971,0.9996885061264038,0.7343544363975525,0.4339340329170227,-0.6163686513900757,0.9995718002319336,0.7372208833694458,0.4310080111026764,-0.6164940595626831,0.9995799660682678,0.722658097743988,0.43849682807922363,-0.6205564737319946,0.9998054504394531,0.7195403575897217,0.43672654032707214,-0.6206731796264648,0.9997807145118713,0.7165655493736267,0.4344604015350342,-0.6207151412963867,0.999821126461029,0.7405003309249878,0.4159899950027466,-0.5174093246459961,0.9994758367538452,0.7090919017791748,0.4174250364303589,-0.5370011925697327,0.9998621940612793,0.7291818857192993,0.44890734553337097,-0.5640010237693787,0.9998034834861755,0.7211917638778687,0.45062315464019775,-0.569914698600769,0.9998536705970764,0.7646061778068542,0.4131527841091156,-0.35950395464897156,0.9999890923500061,0.6712141036987305,0.4334287941455841,-0.3850794732570648,0.9999793171882629,0.7935055494308472,0.4471721649169922,-0.20780256390571594,0.9515241980552673,0.6484544277191162,0.5207764506340027,-0.2729104459285736,0.9827461242675781,0.787531316280365,0.5331980586051941,-0.2080586850643158,0.8193315863609314,0.6594364643096924,0.6165425181388855,-0.2742619812488556,0.9569390416145325,0.7935178875923157,0.5505226850509644,-0.22480466961860657,0.6754294633865356,0.6552934646606445,0.6338529586791992,-0.2949586808681488,0.9008042216300964,0.7863343954086304,0.553452730178833,-0.24366483092308044,0.6976516842842102,0.6625416874885559,0.6345458030700684,-0.32128801941871643,0.9043347239494324,0.7821403741836548,0.5482810139656067,-0.21453717350959778,0.6532337069511414,0.6650062799453735,0.6254732608795166,-0.2831653654575348,0.8617358207702637,0.7320631742477417,0.5284176468849182,0.002342191291972995,0.9989787340164185,0.6891686320304871,0.5325582027435303,-0.0022654575295746326,0.9984352588653564,0.7233434915542603,0.6117938756942749,0.23501308262348175,0.18089601397514343,0.6836986541748047,0.60539311170578,0.23879759013652802,0.17573043704032898,0.7225335836410522,0.6595559120178223,0.544928789138794,0.11304962635040283,0.6906465888023376,0.6596466898918152,0.5451345443725586,0.14144587516784668,0.7214083671569824,0.6616660356521606,0.5749993920326233,0.1579415202140808,0.6925384998321533,0.6603633761405945,0.5758873224258423,0.1973535269498825,0.7172987461090088,0.6916276812553406,0.5057924389839172,0.13842850923538208,0.6928246021270752,0.7009043097496033,0.5030255317687988,0.15515583753585815
85,0.7264114618301392,0.4538312554359436,-0.5897640585899353,0.9997411370277405,0.7307561635971069,0.4430989921092987,-0.5938553810119629,0.9995954632759094,0.7336670160293579,0.4404332935810089,-0.5938574075698853,0.9994534850120544,0.7364997267723083,0.43728283047676086,-0.594009518623352,0.9994921088218689,0.7223535180091858,0.4436420798301697,-0.5969439744949341,0.9997459053993225,0.7193893194198608,0.44173020124435425,-0.5970768928527832,0.9997149109840393,0.7165167331695557,0.43948614597320557,-0.5971071720123291,0.9997791647911072,0.7398709058761597,0.4202697277069092,-0.49761509895324707,0.9994176626205444,0.7093753218650818,0.42474114894866943,-0.5115755796432495,0.9998354911804199,0.7291474938392639,0.4533182680606842,-0.542523205280304,0.9997453093528748,0.7211962938308716,0.45409074425697327,-0.5467973351478577,0.999812662601471,0.7636207342147827,0.41481703519821167,-0.35580894351005554,0.9999886155128479,0.6712207794189453,0.4385371208190918,-0.36557537317276,0.9999779462814331,0.7926508188247681,0.44591042399406433,-0.22639605402946472,0.951910138130188,0.6480345726013184,0.5234395861625671,-0.2528156638145447,0.9810927510261536,0.787497878074646,0.5363142490386963,-0.25249260663986206,0.8131933808326721,0.6591918468475342,0.6175131797790527,-0.2696601152420044,0.9516857862472534,0.7935165166854858,0.5522719621658325,-0.27738410234451294,0.6626779437065125,0.6547574400901794,0.6349954605102539,-0.2945096790790558,0.8887304067611694,0.7862569689750671,0.5550932288169861,-0.296549916267395,0.6890517473220825,0.6624847650527954,0.6355007886886597,-0.32094481587409973,0.8945313692092896,0.7821230888366699,0.5507829785346985,-0.2599358856678009,0.6368151903152466,0.6648946404457092,0.6262922286987305,-0.2795967757701874,0.8444289565086365,0.7323254346847534,0.5159648656845093,0.002682554069906473,0.9989541172981262,0.689018964767456,0.5353288650512695,-0.002631870098412037,0.9984304904937744,0.727286696434021,0.5622653365135193,0.27798372507095337,0.16662843525409698,0.6833466291427612,0.5678977370262146,0.275901198387146,0.16836903989315033,0.7249802350997925,0.580958902835846,0.5907947421073914,0.10676877200603485,0.6899591684341431,0.5816105604171753,0.5943683385848999,0.13756133615970612,0.7223528623580933,0.5798380970954895,0.6229902505874634,0.1507750302553177,0.6910780668258667,0.5766977667808533,0.627425491809845,0.19185660779476166,0.7236250638961792,0.6027538776397705,0.5671002864837646,0.12952758371829987,0.6970440745353699,0.6076396703720093,0.5701841115951538,0.14769138395786285
86,0.7264091372489929,0.46524807810783386,-0.5710879564285278,0.9996854662895203,0.7307039499282837,0.45481711626052856,-0.579037070274353,0.9995467662811279,0.7335972189903259,0.45238253474235535,-0.5790139436721802,0.9993894100189209,0.7363882064819336,0.44942909479141235,-0.5791463851928711,0.9994418621063232,0.722300112247467,0.45464643836021423,-0.5809864401817322,0.9997177720069885,0.7193211317062378,0.4526686668395996,-0.5811269283294678,0.9996830224990845,0.7164531350135803,0.4505273103713989,-0.5811372995376587,0.999762237071991,0.739906907081604,0.43085622787475586,-0.49531054496765137,0.9993826150894165,0.7096397280693054,0.43607041239738464,-0.5034909844398499,0.9998287558555603,0.7291699051856995,0.4639638662338257,-0.5268553495407104,0.9997084736824036,0.7212287783622742,0.46415621042251587,-0.5298735499382019,0.9997950196266174,0.7641740441322327,0.4174339771270752,-0.350490927696228,0.9999866485595703,0.671751081943512,0.4400630593299866,-0.3669446110725403,0.9999786019325256,0.7917549014091492,0.4428882300853729,-0.20733642578125,0.9504362940788269,0.6481849551200867,0.5226812958717346,-0.24817168712615967,0.9812607169151306,0.7876631021499634,0.534954309463501,-0.21860142052173615,0.8055842518806458,0.6594520807266235,0.6164169311523438,-0.2582218050956726,0.9505529403686523,0.7935453653335571,0.5510682463645935,-0.2396785318851471,0.6506038308143616,0.6553680300712585,0.6343510746955872,-0.2820976972579956,0.884456992149353,0.7862576842308044,0.5540075302124023,-0.25865909457206726,0.680995523929596,0.6635202169418335,0.6346607804298401,-0.30578646063804626,0.8917962908744812,0.7820745706558228,0.5495561957359314,-0.2255888432264328,0.621863603591919,0.6658375859260559,0.6243610978126526,-0.2668454051017761,0.8381994962692261,0.734391987323761,0.5221394300460815,0.004965632222592831,0.9988700151443481,0.6899265050888062,0.5360807776451111,-0.004951649811118841,0.9984102845191956,0.7397990226745605,0.5354877710342407,0.29641222953796387,0.15340600907802582,0.6863482594490051,0.5456565618515015,0.28601476550102234,0.1609744280576706,0.7420117855072021,0.5430848598480225,0.6196222305297852,0.10051153600215912,0.7035351395606995,0.5463661551475525,0.6184029579162598,0.130769744515419,0.7383949756622314,0.5398378968238831,0.6540731191635132,0.14491967856884003,0.7052735090255737,0.5367274880409241,0.6538952589035034,0.1835799366235733,0.7492157220840454,0.5637651085853577,0.6139666438102722,0.12082681804895401,0.7158632278442383,0.5741227865219116,0.6116760969161987,0.13877557218074799
87,0.7266561388969421,0.4750736355781555,-0.5639739036560059,0.9996180534362793,0.7307835817337036,0.46361562609672546,-0.5716532468795776,0.9994908571243286,0.7336225509643555,0.4607512950897217,-0.571616530418396,0.999318540096283,0.7364565134048462,0.45753780007362366,-0.5717548131942749,0.9993792176246643,0.7224841713905334,0.464956670999527,-0.5752274990081787,0.9996899962425232,0.7194851040840149,0.4633103311061859,-0.5753761529922485,0.9996565580368042,0.7165402770042419,0.46140429377555847,-0.5753868222236633,0.9997469782829285,0.7399517893791199,0.43938949704170227,-0.48546066880226135,0.9993473291397095,0.7097188830375671,0.4462338387966156,-0.5026148557662964,0.9998272061347961,0.7295688390731812,0.47195687890052795,-0.5190370082855225,0.9996615052223206,0.7213590741157532,0.47348612546920776,-0.5241401195526123,0.9997712969779968,0.7649434804916382,0.42240744829177856,-0.3362032175064087,0.9999841451644897,0.6717535257339478,0.4460401237010956,-0.3720915913581848,0.9999791383743286,0.7904859781265259,0.44327765703201294,-0.17984196543693542,0.9438387155532837,0.647895336151123,0.5217558741569519,-0.25107625126838684,0.9813732504844666,0.7876347303390503,0.5360233187675476,-0.15615878999233246,0.784889280796051,0.6598156690597534,0.6148309707641602,-0.2547794580459595,0.9465682506561279,0.7935628890991211,0.551932156085968,-0.16817137598991394,0.624434769153595,0.6558757424354553,0.6338403820991516,-0.2766571640968323,0.8738612532615662,0.7861971259117126,0.5550376772880554,-0.1860220581293106,0.6581846475601196,0.6643007397651672,0.6343216896057129,-0.2936910092830658,0.8832777142524719,0.7818775177001953,0.5506609082221985,-0.1616586297750473,0.5938434600830078,0.6667981743812561,0.6238952875137329,-0.262188583612442,0.8230971693992615,0.7349151968955994,0.5245162844657898,0.008528139442205429,0.9987080693244934,0.6897637844085693,0.5392690896987915,-0.008525049313902855,0.9983392357826233,0.7449657917022705,0.5313665270805359,0.3006109595298767,0.14101317524909973,0.686706006526947,0.5503725409507751,0.27450448274612427,0.1533854454755783,0.748275876045227,0.5407148003578186,0.6158686280250549,0.09429051727056503,0.7047542333602905,0.5508983731269836,0.5988242030143738,0.12384440749883652,0.7447751760482788,0.5376808643341064,0.6496825218200684,0.13787317276000977,0.7066730856895447,0.5408080816268921,0.6340566277503967,0.17458698153495789,0.7544962763786316,0.5626828670501709,0.6123654246330261,0.112010657787323,0.7175222635269165,0.5793511867523193,0.591797411441803,0.1298874318599701
88,0.7280794382095337,0.4847499132156372,-0.5775442123413086,0.9995916485786438,0.732545018196106,0.4732034504413605,-0.5853631496429443,0.9994854927062988,0.7353504300117493,0.4700089395046234,-0.5853227376937866,0.9993146657943726,0.7381208539009094,0.46669524908065796,-0.5854764580726624,0.9993722438812256,0.7241033315658569,0.47487229108810425,-0.5902096033096313,0.9996899366378784,0.720894992351532,0.47291481494903564,-0.5903640389442444,0.9996593594551086,0.7176892757415771,0.47045931220054626,-0.5903875827789307,0.9997477531433105,0.7411488890647888,0.447579950094223,-0.49560755491256714,0.99936842918396,0.7102440595626831,0.45358604192733765,-0.5179635882377625,0.9998364448547363,0.7311513423919678,0.4812983572483063,-0.5310390591621399,0.9996528625488281,0.7221308350563049,0.48279041051864624,-0.5377885103225708,0.999767541885376,0.7668778896331787,0.4261073172092438,-0.3397056758403778,0.9999821186065674,0.6716861724853516,0.4530588388442993,-0.3811070919036865,0.9999791979789734,0.790523111820221,0.4456222653388977,-0.17482724785804749,0.9361362457275391,0.6458009481430054,0.521542489528656,-0.25557833909988403,0.9816761612892151,0.7876006960868835,0.5360352993011475,-0.13745787739753723,0.7623661160469055,0.6599681973457336,0.6140584349632263,-0.23476216197013855,0.9423568248748779,0.7935630083084106,0.5520662069320679,-0.1462738811969757,0.5975741744041443,0.6564052700996399,0.6337351202964783,-0.250252902507782,0.8625084161758423,0.786176323890686,0.5555644631385803,-0.1628207415342331,0.6336949467658997,0.6645323634147644,0.6327372789382935,-0.2692142128944397,0.8730229735374451,0.7817841172218323,0.550666868686676,-0.1420576572418213,0.5656342506408691,0.6669965386390686,0.6216582655906677,-0.24029715359210968,0.8067789077758789,0.7353134751319885,0.5259732007980347,0.011383496224880219,0.9986878037452698,0.6897310018539429,0.5410633683204651,-0.011324269697070122,0.9983496069908142,0.7444266080856323,0.5586698055267334,0.2904832661151886,0.13451418280601501,0.6862449049949646,0.5773525238037109,0.26271480321884155,0.15987899899482727,0.746050238609314,0.589038610458374,0.5930572748184204,0.09664460271596909,0.7043056488037109,0.6004050374031067,0.5697858333587646,0.13251893222332,0.7421781420707703,0.5899733901023865,0.624655544757843,0.14076437056064606,0.7060882449150085,0.5949299931526184,0.6023223400115967,0.18019230663776398,0.7532172203063965,0.61742103099823,0.5774791240692139,0.11139873415231705,0.7180476784706116,0.6341848969459534,0.5483794212341309,0.1323409378528595
89,0.7267624735832214,0.48340877890586853,-0.574022114276886,0.9995499849319458,0.7305519580841064,0.4711029529571533,-0.583232045173645,0.9994540214538574,0.7331957817077637,0.46773937344551086,-0.5831762552261353,0.9992712736129761,0.7357800602912903,0.4642467498779297,-0.5833070874214172,0.9993411898612976,0.7225037813186646,0.47360700368881226,-0.5872198939323425,0.9996774792671204,0.7193284034729004,0.47214922308921814,-0.5873897671699524,0.9996479153633118,0.716211199760437,0.47041070461273193,-0.5874053239822388,0.9997450709342957,0.739156186580658,0.4461594521999359,-0.4998362958431244,0.9993478655815125,0.7089816927909851,0.4551110565662384,-0.5183466672897339,0.9998396635055542,0.7301020622253418,0.4797467887401581,-0.5295737981796265,0.9996336698532104,0.7211328744888306,0.48303431272506714,-0.5353466868400574,0.9997639656066895,0.765701949596405,0.42622777819633484,-0.34891650080680847,0.9999801516532898,0.671550989151001,0.4564499855041504,-0.3892728090286255,0.9999802112579346,0.7905182242393494,0.4457717835903168,-0.18056504428386688,0.9371768832206726,0.6427310109138489,0.5214621424674988,-0.2761088013648987,0.9829569458961487,0.7875846028327942,0.537470281124115,-0.1526680588722229,0.765637218952179,0.6599982380867004,0.6133800745010376,-0.2745261788368225,0.9442473649978638,0.7936392426490784,0.5530445575714111,-0.16769225895404816,0.6006231307983398,0.6567577719688416,0.6333911418914795,-0.2996237576007843,0.8640853762626648,0.7862030267715454,0.5561806559562683,-0.18602067232131958,0.6390367150306702,0.6655721664428711,0.6319041848182678,-0.31600987911224365,0.8749135732650757,0.781758189201355,0.5517408847808838,-0.156678706407547,0.5658507347106934,0.6675621867179871,0.6204617023468018,-0.27973413467407227,0.806556761264801,0.7350276708602905,0.5269820094108582,0.01222982071340084,0.9985120296478271,0.6895732283592224,0.5420575737953186,-0.012241307646036148,0.9983171820640564,0.7428531050682068,0.5309727787971497,0.31831425428390503,0.12474235147237778,0.6849793195724487,0.5562608242034912,0.28628009557724,0.15606831014156342,0.7424793243408203,0.5423962473869324,0.6486064195632935,0.0915403813123703,0.7006590366363525,0.5581909418106079,0.6203867197036743,0.12807844579219818,0.7389312982559204,0.5396982431411743,0.6846145391464233,0.13697490096092224,0.7028102278709412,0.5478837490081787,0.6569815874099731,0.17639321088790894,0.7492464780807495,0.5635210871696472,0.6565552949905396,0.10349320620298386,0.7107096910476685,0.5873043537139893,0.6206069588661194,0.1244930773973465
90,0.7261863946914673,0.48394060134887695,-0.559718668460846,0.999522864818573,0.7297529578208923,0.4721796214580536,-0.5664090514183044,0.9994099736213684,0.732296347618103,0.46918296813964844,-0.5663005113601685,0.999215841293335,0.7347506284713745,0.4660572111606598,-0.5663784742355347,0.9992806911468506,0.7218071818351746,0.473847359418869,-0.5706731081008911,0.9996617436408997,0.7185553312301636,0.4720543622970581,-0.5708291530609131,0.9996371269226074,0.7153941988945007,0.4701128602027893,-0.5708605051040649,0.9997348785400391,0.7379499673843384,0.4486004412174225,-0.4876803457736969,0.999308168888092,0.7078479528427124,0.45614245533943176,-0.510473906993866,0.9998379349708557,0.7295652627944946,0.4801488220691681,-0.5176979303359985,0.9996139407157898,0.7206186056137085,0.4825352132320404,-0.5241504907608032,0.9997512698173523,0.7642666101455688,0.43031010031700134,-0.33064010739326477,0.9999776482582092,0.671697735786438,0.45873162150382996,-0.3810069262981415,0.9999806880950928,0.7887944579124451,0.4491666555404663,-0.14802055060863495,0.9304218888282776,0.6428078413009644,0.5214157700538635,-0.26679307222366333,0.9838031530380249,0.7872444987297058,0.5377745032310486,-0.10179008543491364,0.744990348815918,0.6597617864608765,0.612980842590332,-0.21521563827991486,0.9440538883209229,0.7929628491401672,0.5538740754127502,-0.10746853053569794,0.5795189738273621,0.6565782427787781,0.6334705352783203,-0.22665353119373322,0.8607897758483887,0.7859817743301392,0.5564729571342468,-0.12405566871166229,0.6178545355796814,0.6654981374740601,0.631682276725769,-0.2482105940580368,0.87065190076828,0.7814735174179077,0.5521196126937866,-0.10606206953525543,0.5450232625007629,0.6675376892089844,0.620337188243866,-0.22156405448913574,0.8011943697929382,0.7340100407600403,0.5355740189552307,0.013028563931584358,0.9984565377235413,0.6896491646766663,0.5537434816360474,-0.012951977550983429,0.9983476400375366,0.7402340173721313,0.5766059160232544,0.2520785629749298,0.12188559025526047,0.6817436218261719,0.6160963773727417,0.21592767536640167,0.17614510655403137,0.7422078847885132,0.6646706461906433,0.5084512233734131,0.09504163265228271,0.692846417427063,0.683879554271698,0.4736863076686859,0.15531884133815765,0.7367138862609863,0.6705340147018433,0.5344685912132263,0.13537681102752686,0.6936372518539429,0.6852489709854126,0.499994695186615,0.19212369620800018,0.7460711002349854,0.7098920941352844,0.4782505929470062,0.11014073342084885,0.7075468301773071,0.7276507616043091,0.43507319688796997,0.14765292406082153
91,0.7249055504798889,0.4945146441459656,-0.5587746500968933,0.9994879364967346,0.7287085056304932,0.4831532835960388,-0.5658065676689148,0.9993857145309448,0.7312751412391663,0.4800969064235687,-0.5657166838645935,0.9991983771324158,0.7338613271713257,0.47675877809524536,-0.5657891035079956,0.9992604851722717,0.7210575342178345,0.4837106168270111,-0.5699502825737,0.9996503591537476,0.7179133892059326,0.48150089383125305,-0.5701292157173157,0.9996293783187866,0.7148353457450867,0.4790249168872833,-0.5701614618301392,0.9997261166572571,0.7377920150756836,0.4570801556110382,-0.48138943314552307,0.9993165135383606,0.7072374820709229,0.46237465739250183,-0.502151608467102,0.9998412728309631,0.7282232642173767,0.4906954765319824,-0.5172232985496521,0.9995867609977722,0.7196875810623169,0.49141061305999756,-0.5208951830863953,0.9997370839118958,0.7642678618431091,0.4355752170085907,-0.3288535177707672,0.9999739527702332,0.671852707862854,0.4637589454650879,-0.3745216727256775,0.9999797940254211,0.7891191840171814,0.4481453001499176,-0.15682363510131836,0.9312941431999207,0.6420079469680786,0.5202544331550598,-0.26572176814079285,0.9842907786369324,0.7871151566505432,0.5376565456390381,-0.1355290412902832,0.751703143119812,0.6591218113899231,0.6075599789619446,-0.21912595629692078,0.9438790082931519,0.7929690480232239,0.553789496421814,-0.14679870009422302,0.5839712619781494,0.6560226678848267,0.6292955279350281,-0.2303330898284912,0.8579192161560059,0.7859682440757751,0.5564598441123962,-0.16357211768627167,0.6242499351501465,0.6653342843055725,0.6263924241065979,-0.264098584651947,0.8683164119720459,0.7814101576805115,0.5520938634872437,-0.14045381546020508,0.543630063533783,0.6674786806106567,0.6165004968643188,-0.23073339462280273,0.7929427027702332,0.7341243028640747,0.5256707668304443,0.012334308587014675,0.9981980919837952,0.6895970106124878,0.5429642796516418,-0.012283328920602798,0.9982136487960815,0.7408286333084106,0.5349501967430115,0.28564369678497314,0.11353353410959244,0.6842355132102966,0.5585247278213501,0.25766685605049133,0.17745321989059448,0.7403513193130493,0.56467604637146,0.5926831364631653,0.09291277825832367,0.7037680745124817,0.5804519057273865,0.5600564479827881,0.16252444684505463,0.7360056042671204,0.5635635256767273,0.6253536939620972,0.13744856417179108,0.7061379551887512,0.5735458135604858,0.5923470258712769,0.20464806258678436,0.7441846132278442,0.5931789875030518,0.587578296661377,0.10364998877048492,0.7159312963485718,0.611906886100769,0.5465742945671082,0.14318040013313293
92,0.7236331105232239,0.497254341840744,-0.5628548860549927,0.9995046854019165,0.7277606725692749,0.48627299070358276,-0.5711711645126343,0.9994174838066101,0.7304433584213257,0.4834913909435272,-0.5710997581481934,0.9992448091506958,0.7331793308258057,0.4799819886684418,-0.5712280869483948,0.9992994070053101,0.719891369342804,0.4864978790283203,-0.5744048357009888,0.9996684193611145,0.7168477773666382,0.48424842953681946,-0.5745769739151001,0.9996505379676819,0.713638424873352,0.4815830588340759,-0.5745996236801147,0.9997403025627136,0.7375873327255249,0.4588770270347595,-0.4845663011074066,0.9993649125099182,0.7058031558990479,0.463813453912735,-0.5006967186927795,0.9998533129692078,0.7269335985183716,0.4939637780189514,-0.5188672542572021,0.9996048212051392,0.7184849977493286,0.49436479806900024,-0.5229805111885071,0.9997465014457703,0.7658736705780029,0.43698620796203613,-0.32828041911125183,0.9999740719795227,0.6717014908790588,0.46355175971984863,-0.3703632056713104,0.9999806880950928,0.7964242696762085,0.4507572650909424,-0.1531895101070404,0.9316756129264832,0.6418620347976685,0.5201192498207092,-0.25912225246429443,0.9848588109016418,0.7875320911407471,0.5378878116607666,-0.11001018434762955,0.7533511519432068,0.6580848097801208,0.6083803176879883,-0.21311607956886292,0.9421152472496033,0.7930546402931213,0.5539441108703613,-0.11650661379098892,0.5798987150192261,0.6554653644561768,0.6312295198440552,-0.22711999714374542,0.8504931926727295,0.7859581708908081,0.5568466186523438,-0.1322082132101059,0.6219422817230225,0.6648663282394409,0.6283488273620605,-0.2468291074037552,0.8617343306541443,0.7814599275588989,0.5520476698875427,-0.1138300746679306,0.5353856086730957,0.6669153571128845,0.6180508732795715,-0.21893127262592316,0.7814841270446777,0.7369726300239563,0.5276669263839722,0.011430611833930016,0.9982044100761414,0.689583957195282,0.5435947179794312,-0.011374957859516144,0.9982423186302185,0.7430655360221863,0.5478932857513428,0.2865886688232422,0.10875575244426727,0.6819632053375244,0.5705758929252625,0.25655364990234375,0.1805793195962906,0.7436942458152771,0.5808025002479553,0.5845316648483276,0.0939183309674263,0.7027372121810913,0.5953118801116943,0.5572096705436707,0.16641154885292053,0.7398021817207336,0.5812207460403442,0.6160457730293274,0.13930189609527588,0.7035640478134155,0.5886126756668091,0.5893642902374268,0.20687252283096313,0.749133288860321,0.6100859642028809,0.5750539302825928,0.1009712740778923,0.7117345333099365,0.6309331655502319,0.5392727851867676,0.14175745844841003
93,0.7236565947532654,0.5038306713104248,-0.5532994270324707,0.9995145201683044,0.7277960777282715,0.4914962649345398,-0.5628994703292847,0.9994479417800903,0.7305203080177307,0.4884377419948578,-0.5628196001052856,0.9992879033088684,0.7332561016082764,0.4849604666233063,-0.5629485845565796,0.9993339776992798,0.7194846868515015,0.4928146302700043,-0.565043568611145,0.9996874332427979,0.7164380550384521,0.4911641776561737,-0.565192461013794,0.9996707439422607,0.7133646011352539,0.4893051087856293,-0.5651980638504028,0.9997529983520508,0.7373839616775513,0.46178704500198364,-0.48148292303085327,0.9994097352027893,0.7055834531784058,0.4711833596229553,-0.4964558482170105,0.9998635649681091,0.7270690202713013,0.5000582933425903,-0.5118171572685242,0.9996089339256287,0.7185783386230469,0.5008937120437622,-0.5147351026535034,0.9997482299804688,0.7663187384605408,0.43845129013061523,-0.32983753085136414,0.9999721646308899,0.6715121865272522,0.467216819524765,-0.3632737994194031,0.9999791383743286,0.794940710067749,0.45097994804382324,-0.16466179490089417,0.9321415424346924,0.6412282586097717,0.5201699137687683,-0.22862474620342255,0.9846036434173584,0.7871991395950317,0.5393123626708984,-0.11817394196987152,0.7678795456886292,0.656364381313324,0.6088867783546448,-0.19491355121135712,0.9425641894340515,0.7925121188163757,0.5542289614677429,-0.1334078013896942,0.5990043878555298,0.6529417634010315,0.6315847039222717,-0.2087506353855133,0.8517865538597107,0.7856018543243408,0.5568347573280334,-0.15448050200939178,0.6422516107559204,0.6632087826728821,0.6288843154907227,-0.22523443400859833,0.8640457987785339,0.7813752293586731,0.5520068407058716,-0.12757334113121033,0.5543897151947021,0.6656516790390015,0.6182883977890015,-0.19926026463508606,0.7833617329597473,0.737163245677948,0.5135173201560974,0.010856209322810173,0.9981080293655396,0.6902790665626526,0.5331114530563354,-0.010804606601595879,0.998238205909729,0.7436858415603638,0.5065765380859375,0.2826118469238281,0.10205414891242981,0.6910563707351685,0.5305414199829102,0.26004311442375183,0.1733020395040512,0.7441688776016235,0.5139442682266235,0.5832730531692505,0.09180161356925964,0.7111026644706726,0.533278226852417,0.559220016002655,0.16043496131896973,0.7408304214477539,0.5105896592140198,0.615260899066925,0.13873058557510376,0.7131194472312927,0.5244085788726807,0.5909107327461243,0.2015397548675537,0.7507310509681702,0.5352993607521057,0.5814750790596008,0.09751464426517487,0.7226467728614807,0.5609967708587646,0.5491894483566284,0.13619253039360046
94,0.7236675024032593,0.5083194375038147,-0.5527756214141846,0.9994838833808899,0.7279351949691772,0.4969133734703064,-0.5629383325576782,0.9994194507598877,0.7306698560714722,0.49442699551582336,-0.5628567934036255,0.9992694854736328,0.7333879470825195,0.4915449917316437,-0.5629826784133911,0.999305248260498,0.7195545434951782,0.4972632825374603,-0.5651050806045532,0.9996711611747742,0.7163912057876587,0.4955059587955475,-0.5652570724487305,0.9996572732925415,0.7133058309555054,0.493733286857605,-0.5652633905410767,0.9997365474700928,0.7374779582023621,0.46883442997932434,-0.4859691560268402,0.9994029998779297,0.7057083249092102,0.47664880752563477,-0.49677687883377075,0.9998599290847778,0.727159321308136,0.5045834183692932,-0.5116085410118103,0.999541163444519,0.718610942363739,0.5048602819442749,-0.5143481492996216,0.9996984004974365,0.7662281394004822,0.4419454038143158,-0.33553338050842285,0.9999671578407288,0.6713411808013916,0.47137123346328735,-0.3674817979335785,0.9999767541885376,0.7936481237411499,0.4497872591018677,-0.1669926792383194,0.9313011765480042,0.6415573358535767,0.5177867412567139,-0.25309327244758606,0.9848631620407104,0.7877300977706909,0.5391796827316284,-0.130011647939682,0.7807362079620361,0.6548744440078735,0.6084856390953064,-0.23586802184581757,0.9438489675521851,0.7940203547477722,0.5540422797203064,-0.13964590430259705,0.6172051429748535,0.6501864790916443,0.631192684173584,-0.25269654393196106,0.8537218570709229,0.7865856885910034,0.5568121075630188,-0.15620967745780945,0.6605689525604248,0.6612785458564758,0.6286694407463074,-0.26532167196273804,0.8663175702095032,0.7819868922233582,0.5520582795143127,-0.1349068284034729,0.5702142119407654,0.6645997762680054,0.6176712512969971,-0.23934563994407654,0.784082293510437,0.7371147274971008,0.5145654678344727,0.010765678249299526,0.9978134036064148,0.6901216506958008,0.5314883589744568,-0.010676869191229343,0.9980343580245972,0.7434924840927124,0.5037316083908081,0.2922385036945343,0.09404660016298294,0.6908627152442932,0.5244032740592957,0.2686450481414795,0.16240380704402924,0.744933009147644,0.508776068687439,0.6003271341323853,0.0878746286034584,0.7090198397636414,0.5278142094612122,0.5793546438217163,0.15289805829524994,0.7419508695602417,0.5031185150146484,0.6334021091461182,0.13528090715408325,0.7117332816123962,0.5166535973548889,0.6130121350288391,0.1954861432313919,0.7489033341407776,0.5333206057548523,0.6072871685028076,0.09037982672452927,0.7177290916442871,0.5589256882667542,0.5812644958496094,0.12703578174114227
95,0.7237517237663269,0.5111181735992432,-0.5378102660179138,0.9994322657585144,0.7280208468437195,0.49998223781585693,-0.5496693849563599,0.9993483424186707,0.7307684421539307,0.49716266989707947,-0.5495812296867371,0.9992157816886902,0.7334991097450256,0.4943552315235138,-0.5496610999107361,0.9992323517799377,0.7196108102798462,0.49936357140541077,-0.5511726140975952,0.9996345043182373,0.7164711952209473,0.4972952902317047,-0.5513367652893066,0.9996264576911926,0.7133768796920776,0.4953513741493225,-0.5513538122177124,0.999697744846344,0.7375480532646179,0.4710761308670044,-0.4852377772331238,0.9993700385093689,0.705791175365448,0.47805753350257874,-0.4898756146430969,0.9998478889465332,0.7272023558616638,0.5068914890289307,-0.4992384910583496,0.9994108080863953,0.7186329364776611,0.5054686665534973,-0.5017880201339722,0.9996036887168884,0.765520453453064,0.44488325715065,-0.33372846245765686,0.9999607801437378,0.6713688373565674,0.47283366322517395,-0.3658428490161896,0.9999733567237854,0.7933489084243774,0.44830751419067383,-0.16720882058143616,0.9261380434036255,0.6410526037216187,0.5163849592208862,-0.2543521523475647,0.9840506315231323,0.7882015705108643,0.5382834672927856,-0.12845860421657562,0.7927414774894714,0.6525819897651672,0.6078532338142395,-0.23610754311084747,0.9441478252410889,0.7943822145462036,0.5532280206680298,-0.13451692461967468,0.6345731019973755,0.6478956937789917,0.6305781602859497,-0.25173836946487427,0.8546947836875916,0.7867130637168884,0.5561285018920898,-0.14936713874340057,0.6774476170539856,0.6584978699684143,0.628597617149353,-0.26534026861190796,0.8673126101493835,0.782092273235321,0.5512060523033142,-0.13174691796302795,0.5852931141853333,0.6618697047233582,0.6173319816589355,-0.23991155624389648,0.7828165292739868,0.7378774881362915,0.5169301629066467,0.010627797804772854,0.9975277185440063,0.6900330185890198,0.5333588719367981,-0.01055555883795023,0.9978427886962891,0.7470537424087524,0.5082591772079468,0.2900736331939697,0.08729644864797592,0.6929739117622375,0.5326203107833862,0.26205307245254517,0.15163038671016693,0.7487344145774841,0.5150607824325562,0.5928235054016113,0.08373096585273743,0.7110923528671265,0.5406540036201477,0.5640566945075989,0.14376454055309296,0.7458010911941528,0.5096971392631531,0.6252668499946594,0.13046298921108246,0.7139919996261597,0.5299038887023926,0.5964291095733643,0.186262845993042,0.7512325048446655,0.5423881411552429,0.5996307134628296,0.0839906558394432,0.7200980186462402,0.5758845210075378,0.5610717535018921,0.11873891949653625
96,0.7264281511306763,0.5099694728851318,-0.5099781155586243,0.9992803335189819,0.7305029630661011,0.49828168749809265,-0.5209487676620483,0.9991652369499207,0.7329276204109192,0.49564746022224426,-0.5208617448806763,0.9990389943122864,0.7354602813720703,0.4928363263607025,-0.5209283232688904,0.9990418553352356,0.7225871086120605,0.498867928981781,-0.5238040685653687,0.9995418787002563,0.7195584774017334,0.4971926510334015,-0.5239652395248413,0.9995420575141907,0.71596360206604,0.4955003559589386,-0.523983359336853,0.9996120929718018,0.738628625869751,0.47041770815849304,-0.45814600586891174,0.9992414712905884,0.7074562311172485,0.4804459810256958,-0.47163334488868713,0.9998072981834412,0.7293812036514282,0.5057430863380432,-0.47393137216567993,0.999118983745575,0.7210594415664673,0.5058980584144592,-0.47835826873779297,0.9994092583656311,0.7654981017112732,0.44328010082244873,-0.32635778188705444,0.9999481439590454,0.6716158390045166,0.47807934880256653,-0.35169586539268494,0.9999626874923706,0.7931487560272217,0.44309869408607483,-0.1670835316181183,0.9150183200836182,0.6412312984466553,0.5168135762214661,-0.2523656487464905,0.982170820236206,0.7886720299720764,0.5377311706542969,-0.12957170605659485,0.7993541359901428,0.6523004770278931,0.6091808080673218,-0.23553724586963654,0.9419535994529724,0.7948499917984009,0.5524566769599915,-0.13527938723564148,0.6446192264556885,0.6470791697502136,0.630983829498291,-0.24770501255989075,0.8512069582939148,0.7870667576789856,0.5560445785522461,-0.14892563223838806,0.6884123682975769,0.6568754315376282,0.6297266483306885,-0.259975403547287,0.8645235300064087,0.7824548482894897,0.5511902570724487,-0.13251766562461853,0.5943270921707153,0.660887598991394,0.620020866394043,-0.23798847198486328,0.7767114639282227,0.7377547025680542,0.5133575797080994,0.011514386162161827,0.9970782399177551,0.6899887323379517,0.5323290824890137,-0.01146757137030363,0.9975016117095947,0.7483495473861694,0.4973979890346527,0.2821027934551239,0.08020602911710739,0.6941667199134827,0.5252915024757385,0.2558773159980774,0.14019399881362915,0.7490847706794739,0.5059705376625061,0.5767972469329834,0.07835579663515091,0.7122946381568909,0.5306388139724731,0.5343180298805237,0.13346756994724274,0.7461217641830444,0.5006943941116333,0.6079482436180115,0.12356012314558029,0.7145692110061646,0.5199220180511475,0.5646288990974426,0.17514339089393616,0.7515945434570312,0.5336248874664307,0.5795435905456543,0.07753302901983261,0.7222610116004944,0.564549446105957,0.5422252416610718,0.11015336960554123
97,0.7273182272911072,0.5119447708129883,-0.5213257670402527,0.9992081522941589,0.7316585183143616,0.4995127022266388,-0.5276855230331421,0.9991145730018616,0.7340452075004578,0.4971092939376831,-0.5277089476585388,0.9989814162254333,0.7365570664405823,0.49388912320137024,-0.5278705358505249,0.9989705681800842,0.7235538363456726,0.4994751811027527,-0.5333247780799866,0.9995259046554565,0.720374584197998,0.49757346510887146,-0.5334484577178955,0.9995275735855103,0.7166932225227356,0.4956737160682678,-0.5334511399269104,0.9995965361595154,0.739457905292511,0.4718269407749176,-0.4715445041656494,0.9992095232009888,0.7087673544883728,0.4820020794868469,-0.48031777143478394,0.9998053908348083,0.7302093505859375,0.5088408589363098,-0.4802118241786957,0.9989749789237976,0.7217309474945068,0.5083903670310974,-0.47899526357650757,0.9993342161178589,0.7657236456871033,0.44337108731269836,-0.3344680070877075,0.9999334812164307,0.6721444725990295,0.48072707653045654,-0.3551188111305237,0.999954104423523,0.7930775880813599,0.4401512145996094,-0.1781078279018402,0.9081370234489441,0.6414085030555725,0.5195503234863281,-0.25632819533348083,0.9814764857292175,0.7886406183242798,0.5369436740875244,-0.13999587297439575,0.8078219890594482,0.6525686979293823,0.6101565361022949,-0.24005985260009766,0.9433444738388062,0.7948980331420898,0.5514380931854248,-0.147391676902771,0.6570392847061157,0.6478832960128784,0.6315404176712036,-0.25486254692077637,0.8550890684127808,0.7871376872062683,0.5552715063095093,-0.15812131762504578,0.700861394405365,0.6575505137443542,0.6302825212478638,-0.26850974559783936,0.8681032061576843,0.7824870347976685,0.5506600141525269,-0.14211049675941467,0.6060907244682312,0.6612924337387085,0.620863139629364,-0.24386262893676758,0.7811914682388306,0.7378976941108704,0.4965595602989197,0.011378518305718899,0.997047483921051,0.6899637579917908,0.514436662197113,-0.011323233135044575,0.9975067973136902,0.7474508285522461,0.4924633800983429,0.27911069989204407,0.07469287514686584,0.6936923265457153,0.5171092748641968,0.2556215524673462,0.13276463747024536,0.7496541142463684,0.5023429989814758,0.5650292038917542,0.07637156546115875,0.7119696736335754,0.5231524109840393,0.5317950248718262,0.12890204787254333,0.7471097707748413,0.49834203720092773,0.5951695442199707,0.12274038046598434,0.7144286632537842,0.5128381252288818,0.5616567134857178,0.17195603251457214,0.7541818022727966,0.5282930135726929,0.5712264776229858,0.0739431157708168,0.7222018837928772,0.5583750009536743,0.5302911996841431,0.10572636872529984
98,0.7287012934684753,0.5118200778961182,-0.5357022285461426,0.9992328882217407,0.7331111431121826,0.49894335865974426,-0.5325320959091187,0.9991692900657654,0.7353031039237976,0.49564996361732483,-0.5324736833572388,0.9990396499633789,0.7376196980476379,0.4922604560852051,-0.5326164960861206,0.9990296959877014,0.7256397008895874,0.499362051486969,-0.5439743995666504,0.9995560050010681,0.7220941781997681,0.49713045358657837,-0.5441254377365112,0.9995551705360413,0.7185245752334595,0.4949471056461334,-0.5441064834594727,0.9996188282966614,0.7397730350494385,0.46936649084091187,-0.4719580113887787,0.9992532730102539,0.709352970123291,0.48047327995300293,-0.49029073119163513,0.9998164176940918,0.731001615524292,0.5069515705108643,-0.49621620774269104,0.9989864230155945,0.7226742506027222,0.5075502991676331,-0.5026203393936157,0.9993414282798767,0.7638188004493713,0.4423041343688965,-0.3332024812698364,0.999932050704956,0.6724664568901062,0.48335957527160645,-0.3585825264453888,0.9999449849128723,0.7905687689781189,0.43955010175704956,-0.17427365481853485,0.8966818451881409,0.6416231393814087,0.5207920670509338,-0.2496766597032547,0.977024495601654,0.7873232364654541,0.5347227454185486,-0.13738128542900085,0.817505955696106,0.6524652242660522,0.6071522235870361,-0.20389091968536377,0.9410552382469177,0.7940737009048462,0.5493895411491394,-0.14490941166877747,0.6736299395561218,0.6477659344673157,0.6242685914039612,-0.21364696323871613,0.8540334105491638,0.7868924736976624,0.5538068413734436,-0.15854975581169128,0.7173699140548706,0.6579577326774597,0.6228017807006836,-0.23031361401081085,0.8675281405448914,0.7822026014328003,0.5491665005683899,-0.14051808416843414,0.6249088048934937,0.6621738076210022,0.6170002222061157,-0.2079923450946808,0.7815587520599365,0.7356187105178833,0.4822901487350464,0.012371761724352837,0.9972423315048218,0.6888819932937622,0.5070075392723083,-0.012316024862229824,0.9976791739463806,0.7509081363677979,0.4669901430606842,0.2713823616504669,0.06999251246452332,0.6929646730422974,0.5024136304855347,0.23703685402870178,0.12553288042545319,0.7585867643356323,0.4650987982749939,0.5434838533401489,0.07613307982683182,0.7042218446731567,0.4964180886745453,0.5037628412246704,0.12743514776229858,0.7565062046051025,0.4610811769962311,0.5722411274909973,0.12405883520841599,0.7057865858078003,0.48631370067596436,0.5317727327346802,0.17001861333847046,0.7664262056350708,0.48309415578842163,0.5451658964157104,0.07250186055898666,0.7108386158943176,0.5231799483299255,0.4943923354148865,0.10339172929525375
99,0.7309862375259399,0.5095376372337341,-0.5212385058403015,0.9990507364273071,0.7352114915847778,0.49732571840286255,-0.5263758897781372,0.9990947842597961,0.7374783754348755,0.4944967031478882,-0.5262972116470337,0.9989410042762756,0.7398130297660828,0.49152129888534546,-0.5263895988464355,0.9989233613014221,0.7271437048912048,0.49719348549842834,-0.5312414765357971,0.9995289444923401,0.7235239744186401,0.4947601854801178,-0.5314030051231384,0.9995317459106445,0.7196760177612305,0.49236369132995605,-0.5314266681671143,0.9995958805084229,0.7421551942825317,0.4695759117603302,-0.45676732063293457,0.9991940855979919,0.7114957571029663,0.4772729277610779,-0.47605475783348083,0.9998036623001099,0.7333090305328369,0.5047682523727417,-0.48433804512023926,0.9987072944641113,0.7243331074714661,0.5051195025444031,-0.490161657333374,0.9991945624351501,0.7649635076522827,0.447235643863678,-0.3292517066001892,0.9998980760574341,0.6730368733406067,0.4797114431858063,-0.3473682999610901,0.9999233484268188,0.7934743165969849,0.4404463768005371,-0.17467644810676575,0.8864757418632507,0.6434690952301025,0.5172106623649597,-0.2436283528804779,0.9735744595527649,0.7872774600982666,0.5326945185661316,-0.14019401371479034,0.82170170545578,0.6478449702262878,0.5990334153175354,-0.2137058526277542,0.9399611949920654,0.7940683960914612,0.5479485988616943,-0.14925813674926758,0.6795280575752258,0.6429001092910767,0.6204245090484619,-0.22677311301231384,0.8540518879890442,0.7867622375488281,0.5536447167396545,-0.16044728457927704,0.7245659232139587,0.6534949541091919,0.6196267604827881,-0.24401383101940155,0.8679900169372559,0.7819516658782959,0.5475611090660095,-0.14286944270133972,0.6306123733520508,0.661131739616394,0.6092208623886108,-0.21815411746501923,0.7816979885101318,0.7355256676673889,0.4690093994140625,0.01213153637945652,0.9973339438438416,0.6884819269180298,0.4857599437236786,-0.012076128274202347,0.9977759122848511,0.7491508722305298,0.46375977993011475,0.2648696303367615,0.06491505354642868,0.6929268836975098,0.4882394075393677,0.23801442980766296,0.1171412318944931,0.7399781942367554,0.469239205121994,0.537061333656311,0.07321945577859879,0.6960521340370178,0.4851575195789337,0.5049156546592712,0.12280432134866714,0.7354989647865295,0.463578999042511,0.5657751560211182,0.12043656408786774,0.6962069272994995,0.47635459899902344,0.5326292514801025,0.16581176221370697,0.7430015802383423,0.4942455291748047,0.5367187857627869,0.0686618983745575,0.701781153678894,0.5115442276000977,0.495732843875885,0.09861025214195251
100,0.7336027026176453,0.5077347159385681,-0.5279078483581543,0.998871386051178,0.7379406690597534,0.4957118034362793,-0.5351903438568115,0.9989542365074158,0.7405554056167603,0.4928302764892578,-0.5351191163063049,0.9987868070602417,0.7430596351623535,0.48982784152030945,-0.5352002382278442,0.9987015128135681,0.7291263341903687,0.49584540724754333,-0.5388071537017822,0.9994828104972839,0.7254006266593933,0.4934765696525574,-0.5389727354049683,0.9994988441467285,0.7213312983512878,0.49102312326431274,-0.5390072464942932,0.9995580315589905,0.7462694644927979,0.4681394398212433,-0.46174177527427673,0.9990582466125488,0.7140498161315918,0.47575807571411133,-0.4792025089263916,0.9997909665107727,0.7365835905075073,0.5032815933227539,-0.4896441400051117,0.9983053803443909,0.726858377456665,0.5036404728889465,-0.4945918619632721,0.9990010261535645,0.7718038558959961,0.44599029421806335,-0.3312591314315796,0.9998743534088135,0.6737099289894104,0.47792914509773254,-0.3497397005558014,0.9999154210090637,0.7988327741622925,0.4406490623950958,-0.17579786479473114,0.8651594519615173,0.6431227922439575,0.5213896632194519,-0.25661784410476685,0.9731521606445312,0.7876447439193726,0.5328152179718018,-0.14001138508319855,0.8101155757904053,0.6482340097427368,0.616226077079773,-0.24125142395496368,0.9401255249977112,0.7940797209739685,0.5485619306564331,-0.14768937230110168,0.6646286249160767,0.643576979637146,0.6317213177680969,-0.2552622854709625,0.853422999382019,0.7868379354476929,0.5536110997200012,-0.15914836525917053,0.7132155895233154,0.6538459062576294,0.6345174312591553,-0.2692641317844391,0.8677808046340942,0.7821142673492432,0.5473946928977966,-0.14247314631938934,0.6154049634933472,0.6588099598884583,0.6291846632957458,-0.24526150524616241,0.7792713046073914,0.7414537668228149,0.47394922375679016,0.011333296075463295,0.9972751140594482,0.6903616189956665,0.491571843624115,-0.01125301979482174,0.9977791905403137,0.749550461769104,0.47098925709724426,0.26795288920402527,0.06006842106580734,0.6927558779716492,0.49456197023391724,0.243517205119133,0.10820654779672623,0.7409316897392273,0.47299638390541077,0.5463771224021912,0.06892679631710052,0.6917301416397095,0.48722806572914124,0.512827455997467,0.11508376896381378,0.7370175123214722,0.466999351978302,0.5771055817604065,0.11359887570142746,0.6913646459579468,0.477403849363327,0.5426834225654602,0.15647082030773163,0.7440816164016724,0.4987014830112457,0.5552630424499512,0.06351985037326813,0.696198582649231,0.5152921080589294,0.5159506797790527,0.09211985021829605
101,0.7344695329666138,0.5072199702262878,-0.5314089059829712,0.9987478256225586,0.7390667200088501,0.49564430117607117,-0.5388692021369934,0.9988428950309753,0.7417572140693665,0.49263423681259155,-0.5387941002845764,0.9986714124679565,0.7443945407867432,0.48958083987236023,-0.5388814806938171,0.9985413551330566,0.7299911975860596,0.4951324462890625,-0.5422800779342651,0.9994322657585144,0.7260666489601135,0.4928834140300751,-0.5424371957778931,0.9994590282440186,0.7222335338592529,0.4908081889152527,-0.5424609184265137,0.9995128512382507,0.7470384836196899,0.4673788249492645,-0.46336275339126587,0.9989784955978394,0.714059054851532,0.47402843832969666,-0.47963160276412964,0.9997830390930176,0.7372404932975769,0.5024303197860718,-0.4922412037849426,0.9980850219726562,0.7277108430862427,0.5028371214866638,-0.49703770875930786,0.998883068561554,0.77084881067276,0.4451829791069031,-0.33106642961502075,0.9998651146888733,0.6737604141235352,0.47773289680480957,-0.35361260175704956,0.9999120831489563,0.7977084517478943,0.4423069357872009,-0.17529280483722687,0.8511443138122559,0.6425394415855408,0.5212075114250183,-0.264954537153244,0.9725525975227356,0.7878445386886597,0.5304506421089172,-0.1396321952342987,0.7999540567398071,0.6485488414764404,0.6151516437530518,-0.2559230923652649,0.9362304210662842,0.7942180633544922,0.5474270582199097,-0.14674809575080872,0.650118350982666,0.6453894972801208,0.6316957473754883,-0.2719191908836365,0.8448359370231628,0.786821722984314,0.5517531633377075,-0.15954075753688812,0.7005261182785034,0.6542869806289673,0.6343210339546204,-0.2866620421409607,0.8599662780761719,0.7821131944656372,0.5445849299430847,-0.1423136293888092,0.5987571477890015,0.6593260169029236,0.6271423697471619,-0.26037946343421936,0.7659108638763428,0.7419171333312988,0.4807221591472626,0.011290386319160461,0.9972182512283325,0.6905806660652161,0.49769753217697144,-0.01120840571820736,0.9977543950080872,0.7514486908912659,0.47308671474456787,0.2735399603843689,0.05535304918885231,0.6927287578582764,0.4979877769947052,0.24585802853107452,0.10037965327501297,0.7459534406661987,0.47371992468833923,0.5641507506370544,0.06411068886518478,0.6922258138656616,0.49035996198654175,0.5276597738265991,0.10720155388116837,0.741719663143158,0.46905866265296936,0.5956590175628662,0.10693078488111496,0.692144513130188,0.4803571403026581,0.558817446231842,0.14773544669151306,0.7499475479125977,0.49688029289245605,0.5705671310424805,0.05812618508934975,0.6986955404281616,0.5192855596542358,0.5266193151473999,0.0849883034825325
102,0.7342711687088013,0.506071150302887,-0.5164667367935181,0.9986722469329834,0.7389266490936279,0.4950403571128845,-0.5256292223930359,0.9987747669219971,0.7418599128723145,0.49122264981269836,-0.5255592465400696,0.9986066818237305,0.7446802258491516,0.4873545467853546,-0.5256250500679016,0.9984539747238159,0.7294067144393921,0.49506640434265137,-0.5294727683067322,0.999401330947876,0.725512683391571,0.49236541986465454,-0.5296427607536316,0.9994389414787292,0.7217317223548889,0.48959338665008545,-0.5296939015388489,0.9994869232177734,0.747599720954895,0.46519339084625244,-0.45440953969955444,0.9989480972290039,0.7138639688491821,0.4707473814487457,-0.47280120849609375,0.9997776746749878,0.7376412749290466,0.5006335377693176,-0.47827857732772827,0.9980156421661377,0.7274235486984253,0.5019035935401917,-0.48372882604599,0.9988288283348083,0.7722396850585938,0.44354361295700073,-0.32065778970718384,0.999859094619751,0.6737875938415527,0.47197774052619934,-0.34564536809921265,0.9999108910560608,0.797756552696228,0.44551166892051697,-0.17137257754802704,0.847668468952179,0.6433374285697937,0.5215404033660889,-0.2613891363143921,0.9727896451950073,0.7879123091697693,0.5301778316497803,-0.139206662774086,0.7985866069793701,0.6491550207138062,0.6143943071365356,-0.2472519874572754,0.9350999593734741,0.7941974401473999,0.5473899245262146,-0.14578396081924438,0.6451674699783325,0.6455153226852417,0.6317877769470215,-0.2647154629230499,0.8409855961799622,0.7868181467056274,0.5515766739845276,-0.15816962718963623,0.6982219219207764,0.6541336178779602,0.6343787312507629,-0.28029972314834595,0.8572109937667847,0.7821165323257446,0.5445850491523743,-0.14185616374015808,0.5939937233924866,0.6576238870620728,0.626440703868866,-0.2516932785511017,0.7612402439117432,0.7428743839263916,0.48399555683135986,0.011871119029819965,0.9972289204597473,0.6929253339767456,0.4995383024215698,-0.01179981604218483,0.9977676272392273,0.751163125038147,0.48677361011505127,0.2716218829154968,0.051828380674123764,0.692812442779541,0.505684494972229,0.23879912495613098,0.09524840861558914,0.7360662817955017,0.5023760199546814,0.5509241819381714,0.06026051193475723,0.6917088031768799,0.5148477554321289,0.5071347951889038,0.10132937878370285,0.7312060594558716,0.4985497295856476,0.5808120965957642,0.10128018260002136,0.6909951567649841,0.5100209712982178,0.535720944404602,0.14218197762966156,0.7369354963302612,0.5333911180496216,0.5535233020782471,0.054224736988544464,0.6980237364768982,0.5449376702308655,0.49652737379074097,0.08057796210050583
103,0.7347115874290466,0.5013242959976196,-0.5227428674697876,0.9987102150917053,0.7396219372749329,0.4885929524898529,-0.5314005613327026,0.9988147020339966,0.7426562309265137,0.48458051681518555,-0.5313359498977661,0.9986536502838135,0.7455431818962097,0.480495423078537,-0.5314111709594727,0.9984949827194214,0.729681134223938,0.4900936186313629,-0.534799337387085,0.999423086643219,0.7256196737289429,0.4873213768005371,-0.5349732637405396,0.9994631409645081,0.7217252850532532,0.4841250479221344,-0.5350223779678345,0.9995077252388,0.7485212087631226,0.46029791235923767,-0.45741382241249084,0.9989920854568481,0.7143813967704773,0.46417006850242615,-0.4736008048057556,0.9997881650924683,0.7380766272544861,0.4965822100639343,-0.48362216353416443,0.998096764087677,0.7278328537940979,0.4979800879955292,-0.48849421739578247,0.99887615442276,0.7737160921096802,0.4412161111831665,-0.3196483254432678,0.9998610615730286,0.67485111951828,0.46763578057289124,-0.34702929854393005,0.9999160170555115,0.7927414178848267,0.451590895652771,-0.1663585603237152,0.8443723320960999,0.6468061208724976,0.5215586423873901,-0.2583739459514618,0.973347008228302,0.7879608869552612,0.533147931098938,-0.13660013675689697,0.7892290353775024,0.6513348817825317,0.6153109669685364,-0.2510546147823334,0.9351860880851746,0.7941454648971558,0.548792839050293,-0.14283396303653717,0.6295492053031921,0.6461395025253296,0.6321909427642822,-0.2668757736682892,0.839496374130249,0.7869914770126343,0.5522359609603882,-0.15606144070625305,0.6855318546295166,0.6545733213424683,0.6351197361946106,-0.28501611948013306,0.8570379018783569,0.7825157046318054,0.5460771322250366,-0.13966992497444153,0.5777695178985596,0.6581287384033203,0.627366840839386,-0.2571659982204437,0.7599146962165833,0.7441526055335999,0.4861503541469574,0.011799896135926247,0.9972731471061707,0.6951112747192383,0.5021108984947205,-0.011730056256055832,0.997826874256134,0.7510973215103149,0.48972421884536743,0.26405781507492065,0.04830525442957878,0.6977642178535461,0.5083645582199097,0.23423810303211212,0.09004168957471848,0.7377376556396484,0.5040612816810608,0.538472056388855,0.056901946663856506,0.6969321966171265,0.5151602625846863,0.5029283761978149,0.09577837586402893,0.7334689497947693,0.4996495246887207,0.5674691796302795,0.09635243564844131,0.6955503225326538,0.5115561485290527,0.5311928391456604,0.13665539026260376,0.7399351000785828,0.5353500247001648,0.5349416136741638,0.05045836791396141,0.7020509839057922,0.5459704399108887,0.48846235871315,0.07580792903900146
104,0.7342931628227234,0.49284154176712036,-0.5147519111633301,0.9988024830818176,0.7390781044960022,0.48070305585861206,-0.5236340761184692,0.9989057183265686,0.7420433759689331,0.4772317111492157,-0.5235604047775269,0.9987542629241943,0.7448697090148926,0.4737088084220886,-0.5236293077468872,0.9986072778701782,0.7293750047683716,0.4818768799304962,-0.5264221429824829,0.9994678497314453,0.7254720330238342,0.47954893112182617,-0.5265803337097168,0.9995040893554688,0.7217603921890259,0.4768366813659668,-0.5266013741493225,0.9995461106300354,0.747947096824646,0.4548046886920929,-0.4527234137058258,0.999069333076477,0.7146095037460327,0.45860037207603455,-0.46674346923828125,0.9998050928115845,0.7376030087471008,0.488073468208313,-0.47706952691078186,0.9982448220252991,0.7277582287788391,0.4895343482494354,-0.48129740357398987,0.998967707157135,0.7728909254074097,0.4350093901157379,-0.31585270166397095,0.9998684525489807,0.6763057708740234,0.46159854531288147,-0.3423486351966858,0.9999222755432129,0.7901473641395569,0.44905462861061096,-0.1668187975883484,0.84309321641922,0.6490030884742737,0.5166330337524414,-0.24399010837078094,0.9741288423538208,0.7876261472702026,0.5327242612838745,-0.14175927639007568,0.7895230054855347,0.6561937928199768,0.6048402190208435,-0.2352875918149948,0.9376999735832214,0.7936021089553833,0.5485777854919434,-0.1509508639574051,0.6264647245407104,0.6502976417541504,0.62627112865448,-0.25136715173721313,0.8445647954940796,0.7869893312454224,0.5519269704818726,-0.16504667699337006,0.6836442947387695,0.6584451794624329,0.6276228427886963,-0.2685542702674866,0.8621787428855896,0.7825762033462524,0.5457898378372192,-0.1456826776266098,0.5748504400253296,0.662339985370636,0.618567168712616,-0.24095623195171356,0.7677924036979675,0.7443550229072571,0.4692034125328064,0.01213529147207737,0.9974495768547058,0.6965279579162598,0.4879007637500763,-0.012061175890266895,0.9979755878448486,0.7595259547233582,0.4661006033420563,0.2600500285625458,0.04558918997645378,0.7007774710655212,0.4958670735359192,0.22777648270130157,0.08680003881454468,0.7556583881378174,0.47767579555511475,0.5282163619995117,0.0541502982378006,0.7069680690765381,0.4981449246406555,0.48998337984085083,0.0907479077577591,0.752334475517273,0.4744013547897339,0.5566121935844421,0.09237153083086014,0.7071490287780762,0.49081459641456604,0.5178990960121155,0.13046309351921082,0.7604700922966003,0.5034815669059753,0.526553750038147,0.04801895096898079,0.7149906158447266,0.5276949405670166,0.47791972756385803,0.07278315722942352
105,0.7336184978485107,0.47897547483444214,-0.5339047312736511,0.9989113807678223,0.7384775876998901,0.46846911311149597,-0.5414947271347046,0.9990030527114868,0.7414231300354004,0.4662781059741974,-0.5414217114448547,0.9988646507263184,0.7440841794013977,0.46365734934806824,-0.5415095090866089,0.9987305402755737,0.7285267114639282,0.4681757986545563,-0.5454989671707153,0.9995149970054626,0.7248598337173462,0.4662506878376007,-0.5456787943840027,0.999548077583313,0.7214361429214478,0.46413418650627136,-0.5456711053848267,0.9995867013931274,0.7468701601028442,0.4476037323474884,-0.4601065218448639,0.9991496801376343,0.7145660519599915,0.4506213665008545,-0.4804476797580719,0.9998228549957275,0.7368229627609253,0.47650349140167236,-0.49203166365623474,0.998406171798706,0.7275511026382446,0.4767054319381714,-0.498129665851593,0.9990634322166443,0.7705978751182556,0.42531293630599976,-0.31543779373168945,0.9998789429664612,0.6771590709686279,0.45413368940353394,-0.35656049847602844,0.9999295473098755,0.7888003587722778,0.4447738230228424,-0.15291844308376312,0.8498636484146118,0.6523246169090271,0.5080003142356873,-0.25005656480789185,0.976135790348053,0.7875851988792419,0.5293302536010742,-0.13014085590839386,0.7897157669067383,0.6589527726173401,0.5963491797447205,-0.24079446494579315,0.9415923953056335,0.7936012744903564,0.5478248000144958,-0.13924750685691833,0.6248615384101868,0.6527724862098694,0.6197631359100342,-0.258148193359375,0.8531044125556946,0.787277102470398,0.5514990091323853,-0.15597128868103027,0.6804273128509521,0.6606178879737854,0.6197593808174133,-0.2774491608142853,0.8697103261947632,0.7829383611679077,0.5453717112541199,-0.13486424088478088,0.5712578892707825,0.6647986173629761,0.6101704239845276,-0.24687302112579346,0.7791893482208252,0.7439424991607666,0.4750097990036011,0.013025583699345589,0.9975892901420593,0.6970351934432983,0.49184557795524597,-0.01298627257347107,0.9981261491775513,0.763959527015686,0.4874364137649536,0.2606889605522156,0.045199841260910034,0.6992810368537903,0.5277207493782043,0.21758365631103516,0.09198704361915588,0.7699962258338928,0.5093563795089722,0.5337653756141663,0.05349975451827049,0.7055445313453674,0.5544091463088989,0.48554569482803345,0.09310843050479889,0.7670866250991821,0.5087140798568726,0.5629251599311829,0.09309177845716476,0.7063217163085938,0.5481520891189575,0.5144388675689697,0.1314372420310974,0.7771750688552856,0.5360478162765503,0.5333454608917236,0.046126823872327805,0.7132267951965332,0.591458261013031,0.46925586462020874,0.07193194329738617
106,0.7327117919921875,0.46835869550704956,-0.5313190817832947,0.9990159273147583,0.7377369999885559,0.45957618951797485,-0.5367633104324341,0.9990970492362976,0.7407020330429077,0.4572479724884033,-0.5366906523704529,0.998970627784729,0.7433614134788513,0.4542836844921112,-0.5367558002471924,0.9988490343093872,0.7280718088150024,0.45962271094322205,-0.5407370328903198,0.9995612502098083,0.7246480584144592,0.45784199237823486,-0.5409027934074402,0.9995909929275513,0.7213962078094482,0.4556915760040283,-0.540897786617279,0.999626100063324,0.7464106678962708,0.4371582865715027,-0.4543958604335785,0.9992271661758423,0.7144604325294495,0.4407154619693756,-0.4743208885192871,0.9998399019241333,0.735809326171875,0.4664643704891205,-0.4895004630088806,0.9985584020614624,0.7270840406417847,0.46674349904060364,-0.49574074149131775,0.9991539120674133,0.7685834765434265,0.4149303138256073,-0.3041469156742096,0.9998894929885864,0.6774383187294006,0.4426901042461395,-0.35230791568756104,0.9999364018440247,0.786929726600647,0.4390617907047272,-0.1492660939693451,0.8534447550773621,0.6549113988876343,0.5053274631500244,-0.2504301369190216,0.9778562188148499,0.7875241637229919,0.5278306603431702,-0.12537585198879242,0.7864392399787903,0.661185622215271,0.5912351012229919,-0.2369329184293747,0.9454761147499084,0.7935987710952759,0.5473597049713135,-0.13337990641593933,0.6173329949378967,0.654934287071228,0.6163195967674255,-0.2534422278404236,0.8617620468139648,0.7872996926307678,0.551295280456543,-0.14902764558792114,0.670935869216919,0.6632639765739441,0.6150987148284912,-0.2731242775917053,0.8771334886550903,0.782940685749054,0.5451704859733582,-0.12986630201339722,0.5646856427192688,0.6674952507019043,0.6049630641937256,-0.24293065071105957,0.7916197180747986,0.7438144683837891,0.476431280374527,0.015093853697180748,0.9978137016296387,0.6964685320854187,0.4944811463356018,-0.015056261792778969,0.9983063340187073,0.7729090452194214,0.49612972140312195,0.24871988594532013,0.05275591462850571,0.6919921040534973,0.5431575179100037,0.19799619913101196,0.11470939218997955,0.7915918827056885,0.5226282477378845,0.5081785321235657,0.05756055936217308,0.6851836442947388,0.5876721739768982,0.4446743130683899,0.10852141678333282,0.7902465462684631,0.5251996517181396,0.5356333255767822,0.09581945091485977,0.6861741542816162,0.5856231451034546,0.4707094728946686,0.13497212529182434,0.8030343055725098,0.5476811528205872,0.5045830011367798,0.05058043450117111,0.6880919337272644,0.629987359046936,0.41866493225097656,0.08580826967954636
107,0.7312483787536621,0.4577602744102478,-0.5689119696617126,0.9991106390953064,0.7362127900123596,0.44931378960609436,-0.574502170085907,0.999184250831604,0.739212155342102,0.44675976037979126,-0.5744489431381226,0.9990692138671875,0.7419049143791199,0.44372960925102234,-0.5745531320571899,0.9989596605300903,0.7267774343490601,0.45018497109413147,-0.578518271446228,0.9996038675308228,0.7236675024032593,0.4486207664012909,-0.5786900520324707,0.9996305108070374,0.7207365036010742,0.44659602642059326,-0.5786921381950378,0.999662458896637,0.745233952999115,0.42660459876060486,-0.48534664511680603,0.9993006587028503,0.7144025564193726,0.4309871792793274,-0.5055407881736755,0.9998555779457092,0.7344992160797119,0.455483615398407,-0.5244507789611816,0.9986985921859741,0.7261756062507629,0.4571860134601593,-0.5305251479148865,0.9992369413375854,0.7675924301147461,0.413100004196167,-0.32659009099006653,0.9998994469642639,0.6772474050521851,0.4387187063694,-0.37342363595962524,0.9999426603317261,0.7861005663871765,0.4368692934513092,-0.16680908203125,0.8605761528015137,0.6574376821517944,0.5043015480041504,-0.252022385597229,0.9793853163719177,0.787552535533905,0.5281481742858887,-0.14875903725624084,0.7835599184036255,0.663079023361206,0.5911502242088318,-0.2333107888698578,0.9486705660820007,0.7935618162155151,0.5473865866661072,-0.16063779592514038,0.6109388470649719,0.6560947299003601,0.6164183616638184,-0.2506990432739258,0.8691191673278809,0.7874284982681274,0.551459550857544,-0.17888443171977997,0.66376793384552,0.6648447513580322,0.6152182221412659,-0.2722885310649872,0.8837336301803589,0.783164918422699,0.5452062487602234,-0.1546921730041504,0.5587785243988037,0.6692989468574524,0.605086624622345,-0.23975017666816711,0.8024355173110962,0.7436366081237793,0.478066623210907,0.014765717089176178,0.9980158805847168,0.6960608959197998,0.4963231682777405,-0.014723065309226513,0.9984678030014038,0.7738200426101685,0.499724805355072,0.2788633406162262,0.06342782080173492,0.6907972693443298,0.5431720614433289,0.21439781785011292,0.13527093827724457,0.7870808839797974,0.5188198685646057,0.5706122517585754,0.06370231509208679,0.6825369596481323,0.5745726227760315,0.5072811245918274,0.11905571073293686,0.7850467562675476,0.5192132592201233,0.6020762920379639,0.10332870483398438,0.683840811252594,0.569483757019043,0.5383081436157227,0.1373233199119568,0.792458176612854,0.5443024039268494,0.5719838738441467,0.05488113686442375,0.6844849586486816,0.6162344813346863,0.483828067779541,0.09340616315603256
108,0.7313799858093262,0.45102694630622864,-0.555563747882843,0.9991921782493591,0.7361115217208862,0.44007351994514465,-0.5644590258598328,0.9992566108703613,0.7388967871665955,0.4368508756160736,-0.5643404126167297,0.9991486668586731,0.7413073778152466,0.43334969878196716,-0.5644448399543762,0.9990516901016235,0.7268238067626953,0.4434165954589844,-0.5650845766067505,0.9996392726898193,0.7237159609794617,0.44271552562713623,-0.5652890801429749,0.9996621608734131,0.7207324504852295,0.44153401255607605,-0.5653223395347595,0.9996923208236694,0.7429340481758118,0.41563865542411804,-0.47405141592025757,0.9993607401847839,0.714300274848938,0.4267127215862274,-0.49609532952308655,0.9998682141304016,0.7344944477081299,0.449020653963089,-0.518352746963501,0.998820424079895,0.7262380123138428,0.4526313245296478,-0.5183662176132202,0.999309241771698,0.763339638710022,0.40492990612983704,-0.32154279947280884,0.999908983707428,0.6765702366828918,0.43359437584877014,-0.3695193827152252,0.999948263168335,0.785229504108429,0.4332532584667206,-0.17129789292812347,0.8697496652603149,0.658683180809021,0.5023913383483887,-0.2547970712184906,0.9805174469947815,0.7877657413482666,0.5300607085227966,-0.16546688973903656,0.786422610282898,0.6646167635917664,0.5920405983924866,-0.2508416175842285,0.9509431719779968,0.7941004037857056,0.548949658870697,-0.18106040358543396,0.6128780841827393,0.6577166318893433,0.6168415546417236,-0.2715159058570862,0.8740456700325012,0.788455069065094,0.5535011887550354,-0.19860337674617767,0.664341151714325,0.6661700010299683,0.6154431104660034,-0.294367253780365,0.8881623148918152,0.7843303084373474,0.548199474811554,-0.17176762223243713,0.5636532306671143,0.6702301502227783,0.6057586073875427,-0.25896772742271423,0.811189591884613,0.7428919076919556,0.4789828062057495,0.014595992863178253,0.998199462890625,0.6961946487426758,0.49947550892829895,-0.014552636072039604,0.9986145496368408,0.7776374220848083,0.5021929144859314,0.269644558429718,0.07289443910121918,0.6908683180809021,0.5501156449317932,0.21541845798492432,0.1486811339855194,0.7990001440048218,0.5187242031097412,0.5494870543479919,0.06619825214147568,0.6788267493247986,0.5893517136573792,0.48718714714050293,0.12769757211208344,0.7976884841918945,0.5165424346923828,0.5790562629699707,0.10537910461425781,0.6793249845504761,0.5887632369995117,0.5158172845840454,0.1371556520462036,0.8132396936416626,0.5349954962730408,0.5491973161697388,0.060622360557317734,0.6771978139877319,0.6269029974937439,0.4643261432647705,0.10555564612150192
109,0.7313784956932068,0.4494931995868683,-0.589640736579895,0.9992608428001404,0.7353566288948059,0.4355904161930084,-0.5935665965080261,0.9993216395378113,0.7379950284957886,0.4310365319252014,-0.5935172438621521,0.9992197155952454,0.7403008937835693,0.42644622921943665,-0.5936192870140076,0.9991335868835449,0.726453423500061,0.4411972761154175,-0.5991802215576172,0.999671220779419,0.7233055233955383,0.4405960440635681,-0.599336564540863,0.99969083070755,0.7202218770980835,0.439306378364563,-0.5993396043777466,0.9997190833091736,0.7412567734718323,0.4088737368583679,-0.49899476766586304,0.9994104504585266,0.7124601602554321,0.42388632893562317,-0.5269628763198853,0.9998795986175537,0.7344747185707092,0.447248250246048,-0.5437607169151306,0.9989215135574341,0.7262049913406372,0.45146772265434265,-0.551632821559906,0.999370276927948,0.7638487815856934,0.4052093029022217,-0.34293192625045776,0.9999164342880249,0.6739457845687866,0.4333959221839905,-0.3911394476890564,0.999952495098114,0.7837475538253784,0.4283207356929779,-0.194294273853302,0.873674213886261,0.6595593690872192,0.5035727024078369,-0.2811278700828552,0.9811351895332336,0.7875326871871948,0.5301114916801453,-0.18014322221279144,0.7873801589012146,0.6666933298110962,0.5935415625572205,-0.2596125304698944,0.9519848823547363,0.7940230369567871,0.5489422082901001,-0.19450685381889343,0.6136844754219055,0.6592064499855042,0.6175627112388611,-0.27931588888168335,0.876649022102356,0.7887764573097229,0.5535661578178406,-0.21207039058208466,0.6651886105537415,0.6669670343399048,0.6165376305580139,-0.3003283143043518,0.8907490372657776,0.7847042679786682,0.5481690168380737,-0.1861349642276764,0.5674970746040344,0.6710704565048218,0.6066999435424805,-0.26680704951286316,0.8164165019989014,0.7419388294219971,0.4669889211654663,0.014724185690283775,0.9983636140823364,0.6953514814376831,0.4940183758735657,-0.014679640531539917,0.998741865158081,0.7758776545524597,0.49339354038238525,0.28468993306159973,0.07392797619104385,0.6926878690719604,0.5403903722763062,0.22844910621643066,0.1481786072254181,0.7984189987182617,0.49698606133461,0.5714359283447266,0.06594329327344894,0.6796610951423645,0.5571061372756958,0.5143300294876099,0.1253366321325302,0.7979910969734192,0.49719691276550293,0.6024883985519409,0.10598882287740707,0.6803798675537109,0.5517162084579468,0.5453382730484009,0.13263332843780518,0.8130210041999817,0.5118928551673889,0.5745490789413452,0.06080865487456322,0.6802141070365906,0.5936340093612671,0.5002169609069824,0.1055159717798233
110,0.7273672819137573,0.43825241923332214,-0.5630369186401367,0.9993286728858948,0.7306028604507446,0.42374861240386963,-0.5645493268966675,0.9993802309036255,0.7334625720977783,0.4193931221961975,-0.5645373463630676,0.9992839694023132,0.7360330820083618,0.41514232754707336,-0.5645906925201416,0.9992074966430664,0.7216399312019348,0.42889171838760376,-0.5690828561782837,0.9996994733810425,0.7184310555458069,0.42804405093193054,-0.5691830515861511,0.9997159838676453,0.7155188918113708,0.42680177092552185,-0.5691921710968018,0.9997429847717285,0.7372725605964661,0.39773690700531006,-0.4771145284175873,0.9994537234306335,0.7084651589393616,0.4118611514568329,-0.49893054366111755,0.9998891949653625,0.7305872440338135,0.43586650490760803,-0.5214498043060303,0.9990218877792358,0.7222896218299866,0.44067928194999695,-0.5280807018280029,0.9994290471076965,0.76011723279953,0.3939949572086334,-0.3290591835975647,0.9999233484268188,0.6724004745483398,0.4247172474861145,-0.379161536693573,0.9999568462371826,0.7825050950050354,0.4239455461502075,-0.18984131515026093,0.8792412877082825,0.6601104736328125,0.5044692754745483,-0.30161917209625244,0.9825165867805481,0.7872508764266968,0.5301508903503418,-0.1918308436870575,0.7912513613700867,0.6695648431777954,0.5955526232719421,-0.3225662410259247,0.9549649357795715,0.7939873933792114,0.5489404201507568,-0.20891757309436798,0.6185053586959839,0.6619230508804321,0.6187642216682434,-0.35115155577659607,0.8828914761543274,0.7887985110282898,0.553618311882019,-0.22750382125377655,0.6693851351737976,0.6694914698600769,0.6183769106864929,-0.37107083201408386,0.8963119387626648,0.7847346663475037,0.5481246709823608,-0.19894348084926605,0.5772392153739929,0.6734904050827026,0.6098313331604004,-0.33102163672447205,0.8272873759269714,0.7416777014732361,0.46777987480163574,0.014590081758797169,0.9985063672065735,0.6955441236495972,0.49488067626953125,-0.01454082876443863,0.9988572597503662,0.776205837726593,0.47968804836273193,0.280743271112442,0.08337261527776718,0.6928858160972595,0.5381816029548645,0.225977823138237,0.16313374042510986,0.8054877519607544,0.47983309626579285,0.5574847459793091,0.06924216449260712,0.6848412752151489,0.555907130241394,0.5012284517288208,0.13131119310855865,0.8055521249771118,0.48234084248542786,0.5859527587890625,0.10833912342786789,0.686133623123169,0.5506712794303894,0.5305235385894775,0.13226450979709625,0.8238713145256042,0.49138501286506653,0.5574214458465576,0.06762276589870453,0.6861938834190369,0.5919532775878906,0.4832514822483063,0.11765846610069275
111,0.7225401997566223,0.4314080476760864,-0.5608420968055725,0.9993610978126526,0.7259005308151245,0.4175727069377899,-0.5624100565910339,0.9993950128555298,0.7286497354507446,0.4134257137775421,-0.5623312592506409,0.9992883801460266,0.7311634421348572,0.40918630361557007,-0.5623894929885864,0.9992341995239258,0.7168835401535034,0.4224942922592163,-0.567806601524353,0.9997013211250305,0.7138019800186157,0.42158225178718567,-0.5679174065589905,0.9997092485427856,0.7109416723251343,0.4203830361366272,-0.5680879950523376,0.999745786190033,0.7318697571754456,0.3910951018333435,-0.47572678327560425,0.9994386434555054,0.7037546038627625,0.4053362011909485,-0.4924778938293457,0.9998823404312134,0.7265499830245972,0.4283202588558197,-0.5174381732940674,0.999090850353241,0.7175856828689575,0.4328106641769409,-0.5255880951881409,0.9994672536849976,0.75715172290802,0.3857457935810089,-0.3342115879058838,0.9999291300773621,0.6691976189613342,0.4128584563732147,-0.3735281825065613,0.9999603033065796,0.7813428044319153,0.4241718351840973,-0.22410663962364197,0.8861926198005676,0.6613537669181824,0.5051454901695251,-0.3036530017852783,0.9831317663192749,0.7874564528465271,0.5298950672149658,-0.2548398971557617,0.7933249473571777,0.6699879765510559,0.5992552042007446,-0.3283306360244751,0.9553561806678772,0.7941441535949707,0.5484218001365662,-0.27848878502845764,0.6187983155250549,0.6619862914085388,0.6218575239181519,-0.35897350311279297,0.8819454312324524,0.7888051271438599,0.5535632967948914,-0.29938825964927673,0.670507550239563,0.6693066954612732,0.621940553188324,-0.3810036778450012,0.8958424925804138,0.7847887277603149,0.548017144203186,-0.26388365030288696,0.5783463716506958,0.6733450889587402,0.614622175693512,-0.33803313970565796,0.8276996612548828,0.7394626140594482,0.46971017122268677,0.012948036193847656,0.9986143112182617,0.6954666376113892,0.4950009286403656,-0.01295392494648695,0.9989410638809204,0.7630122303962708,0.4913107454776764,0.2877962589263916,0.0906653180718422,0.6928901672363281,0.5369465947151184,0.24731619656085968,0.16986338794231415,0.7701491117477417,0.5039567947387695,0.5882492065429688,0.07040461152791977,0.6856591701507568,0.5560907125473022,0.5467420220375061,0.12978427112102509,0.7683679461479187,0.5050127506256104,0.6199031472206116,0.10729346424341202,0.6875563859939575,0.5515742301940918,0.5779276490211487,0.12926994264125824,0.7777937054634094,0.5253769755363464,0.5797281861305237,0.06938821077346802,0.6886783242225647,0.5914254784584045,0.5245898962020874,0.1175195723772049
112,0.7142263650894165,0.4294689893722534,-0.47723525762557983,0.9994185566902161,0.7176984548568726,0.4164547920227051,-0.48541003465652466,0.9994426965713501,0.7207158803939819,0.41248542070388794,-0.4854007363319397,0.9993441104888916,0.7235490679740906,0.40801119804382324,-0.48547250032424927,0.9992969632148743,0.7086665034294128,0.4203087389469147,-0.48543110489845276,0.9997208714485168,0.7059024572372437,0.4192274808883667,-0.48551249504089355,0.9997239112854004,0.7032653093338013,0.41789186000823975,-0.4855286478996277,0.9997588992118835,0.7259138226509094,0.38829168677330017,-0.4238973557949066,0.9994775652885437,0.6980761289596558,0.40111732482910156,-0.4238061010837555,0.9998832941055298,0.7194269895553589,0.4264610707759857,-0.44416242837905884,0.9991753101348877,0.7103298902511597,0.4305591285228729,-0.44463396072387695,0.9995140433311462,0.7529767751693726,0.3831883668899536,-0.29898837208747864,0.9999356865882874,0.6660922765731812,0.41027307510375977,-0.3171859681606293,0.9999641180038452,0.7784669995307922,0.42571359872817993,-0.2036081850528717,0.8923254609107971,0.6627157330513,0.5055038332939148,-0.2678431272506714,0.9827619194984436,0.7873318195343018,0.52956223487854,-0.21543094515800476,0.8005302548408508,0.6698045134544373,0.6004484295845032,-0.30325639247894287,0.9546745419502258,0.794084906578064,0.5468782186508179,-0.23283150792121887,0.6275496482849121,0.6619986295700073,0.6225346326828003,-0.33008870482444763,0.8797081708908081,0.7883297801017761,0.552390992641449,-0.2522115111351013,0.679145872592926,0.6687783598899841,0.6228084564208984,-0.3523433804512024,0.8944180607795715,0.7843152284622192,0.5472559928894043,-0.22300870716571808,0.5931635499000549,0.6728501319885254,0.6158602237701416,-0.31336525082588196,0.8323580026626587,0.7394976019859314,0.4710792005062103,0.01097269169986248,0.998741090297699,0.6971808075904846,0.49902552366256714,-0.011006135493516922,0.9990421533584595,0.7707118988037109,0.46315798163414,0.2536739706993103,0.11937817186117172,0.6985561847686768,0.5451495051383972,0.21008829772472382,0.21049746870994568,0.8065508604049683,0.4438003599643707,0.5043936371803284,0.08472014218568802,0.705554187297821,0.5644185543060303,0.46252602338790894,0.15221033990383148,0.8078945875167847,0.4464525878429413,0.5296934247016907,0.11596506088972092,0.7078998684883118,0.5607942938804626,0.4880498945713043,0.13460810482501984,0.8269528150558472,0.44522354006767273,0.4970240592956543,0.10135159641504288,0.710555911064148,0.5970965623855591,0.4383465647697449,0.16018790006637573
113,0.7082710862159729,0.42841511964797974,-0.47668400406837463,0.9994751811027527,0.7114339470863342,0.41588589549064636,-0.4858608841896057,0.9994955658912659,0.7147704362869263,0.4122737944126129,-0.48583871126174927,0.9994064569473267,0.7180354595184326,0.40778079628944397,-0.4859074056148529,0.999363899230957,0.7025161385536194,0.41826823353767395,-0.48425355553627014,0.9997466206550598,0.6998926401138306,0.41700342297554016,-0.48434072732925415,0.9997487664222717,0.6974456310272217,0.4155412018299103,-0.4843365252017975,0.999780535697937,0.7224213480949402,0.3869973421096802,-0.4256833493709564,0.9995265603065491,0.6933895945549011,0.3987410366535187,-0.41878968477249146,0.999893069267273,0.7143226265907288,0.4272356331348419,-0.4441693425178528,0.9992559552192688,0.7049177885055542,0.4300233721733093,-0.44256871938705444,0.9995610117912292,0.7539483904838562,0.38692060112953186,-0.29918867349624634,0.9999417066574097,0.6628409624099731,0.408336341381073,-0.3123460114002228,0.9999676942825317,0.7756755948066711,0.43739646673202515,-0.2002282589673996,0.897849977016449,0.6638460755348206,0.5044029355049133,-0.2537141442298889,0.9825809001922607,0.786021888256073,0.5303415060043335,-0.1990007609128952,0.796369194984436,0.6698920130729675,0.6007252931594849,-0.2920331060886383,0.9540737271308899,0.793053388595581,0.5468966960906982,-0.21382415294647217,0.6180775165557861,0.662739098072052,0.622630774974823,-0.31685346364974976,0.8779778480529785,0.7872781157493591,0.5519596338272095,-0.23195603489875793,0.6693918108940125,0.6691597700119019,0.6228778958320618,-0.3378806710243225,0.8932136297225952,0.7832056879997253,0.5471158623695374,-0.20561690628528595,0.5891708731651306,0.6730057001113892,0.6159436702728271,-0.3013295531272888,0.8356756567955017,0.7406091094017029,0.4715839922428131,0.00766777154058218,0.9988593459129333,0.6971093416213989,0.4993171989917755,-0.007729530334472656,0.9991355538368225,0.7768133282661438,0.45034080743789673,0.2370252162218094,0.16118070483207703,0.6963034868240356,0.5521376132965088,0.19580484926700592,0.2653607130050659,0.8163482546806335,0.42372822761535645,0.4739377498626709,0.10539375245571136,0.7020922303199768,0.5741143822669983,0.4338534474372864,0.1920049488544464,0.8176051378250122,0.4260581433773041,0.49770909547805786,0.12758296728134155,0.707769513130188,0.5712152123451233,0.4581250548362732,0.1465166211128235,0.8377723693847656,0.42317453026771545,0.4659368097782135,0.1411132961511612,0.6990910768508911,0.6070777177810669,0.40740007162094116,0.21585841476917267
114,0.7023011445999146,0.42513394355773926,-0.4772425591945648,0.9995257258415222,0.705339789390564,0.4121868908405304,-0.48833805322647095,0.999540388584137,0.7089800834655762,0.4084777534008026,-0.4883180260658264,0.9994599223136902,0.7125810384750366,0.4040071368217468,-0.48837941884994507,0.9994210004806519,0.6964143514633179,0.41472652554512024,-0.48478803038597107,0.9997681379318237,0.6937223076820374,0.41353094577789307,-0.484863817691803,0.9997693300247192,0.6910713911056519,0.4120164215564728,-0.4848555028438568,0.9997981786727905,0.7185591459274292,0.38376787304878235,-0.4338725209236145,0.9995678067207336,0.6866847276687622,0.39404135942459106,-0.4191756248474121,0.9999001026153564,0.7093960046768188,0.4251441955566406,-0.4467623829841614,0.999326765537262,0.6999516487121582,0.42793402075767517,-0.4426954686641693,0.9996020793914795,0.7510112524032593,0.3824085295200348,-0.30679434537887573,0.9999470710754395,0.6591966152191162,0.40427616238594055,-0.3168473541736603,0.9999709129333496,0.7762130498886108,0.43537208437919617,-0.21388261020183563,0.9041584730148315,0.6625728607177734,0.5032290816307068,-0.258120059967041,0.9821379780769348,0.785498857498169,0.530359148979187,-0.20067384839057922,0.7900586128234863,0.6692994832992554,0.6019704937934875,-0.30617964267730713,0.9530655741691589,0.7920373678207397,0.5469038486480713,-0.2143464982509613,0.6050752401351929,0.6628462076187134,0.6232974529266357,-0.33349886536598206,0.8747988939285278,0.78580242395401,0.5518331527709961,-0.23074594140052795,0.6551851034164429,0.6688114404678345,0.623700737953186,-0.3519818186759949,0.890225350856781,0.7820802927017212,0.5468665957450867,-0.20606248080730438,0.5795174241065979,0.6726294755935669,0.6165485978126526,-0.3149159252643585,0.8365795016288757,0.7406795024871826,0.4699869751930237,0.005984720773994923,0.9989645481109619,0.6968822479248047,0.49857157468795776,-0.006040553562343121,0.9992191195487976,0.782941460609436,0.45646336674690247,0.2425611913204193,0.20804016292095184,0.6955174803733826,0.5524508357048035,0.20532377064228058,0.3136136829853058,0.8271793127059937,0.41029277443885803,0.48720040917396545,0.13587787747383118,0.6977437734603882,0.5724067687988281,0.45680394768714905,0.22673775255680084,0.8296294212341309,0.40983468294143677,0.5121954679489136,0.14737476408481598,0.7027273774147034,0.5687983632087708,0.48291221261024475,0.15657758712768555,0.8473000526428223,0.3915890157222748,0.4818803369998932,0.18585416674613953,0.6946456432342529,0.6066023111343384,0.4378054738044739,0.2645503282546997
115,0.6991373300552368,0.41622281074523926,-0.44312363862991333,0.9995700120925903,0.702008843421936,0.4039469063282013,-0.45109087228775024,0.9995713829994202,0.70537930727005,0.40030229091644287,-0.45107969641685486,0.9995002746582031,0.7086384892463684,0.39624646306037903,-0.45112496614456177,0.999461829662323,0.6935961842536926,0.4071144163608551,-0.44756215810775757,0.9997811913490295,0.6908658742904663,0.40621182322502136,-0.44763651490211487,0.9997816681861877,0.6881657242774963,0.40498390793800354,-0.44764453172683716,0.9998064041137695,0.7148738503456116,0.3783663809299469,-0.39625394344329834,0.9995934367179871,0.683344304561615,0.38932329416275024,-0.3808106482028961,0.9998987317085266,0.7054879069328308,0.414840966463089,-0.4137907922267914,0.999386727809906,0.6969931721687317,0.4186135232448578,-0.40963321924209595,0.9996362328529358,0.7482938766479492,0.3794519603252411,-0.28525811433792114,0.9999520778656006,0.6569603085517883,0.40397512912750244,-0.28378328680992126,0.9999737739562988,0.7759931683540344,0.4350360035896301,-0.210173100233078,0.9100276827812195,0.6571325063705444,0.5032907724380493,-0.24205096065998077,0.9803624153137207,0.7844341993331909,0.5325329899787903,-0.21694505214691162,0.7882568836212158,0.669207751750946,0.6042385101318359,-0.3037985861301422,0.9499409198760986,0.7910249829292297,0.5477294325828552,-0.23201391100883484,0.5996620059013367,0.6630245447158813,0.6246035695075989,-0.32591843605041504,0.8689712285995483,0.7831168174743652,0.5538032054901123,-0.24813063442707062,0.6479341387748718,0.6685791611671448,0.6251614689826965,-0.35095497965812683,0.8837243318557739,0.7795366644859314,0.548297643661499,-0.22258885204792023,0.5754464268684387,0.6723839640617371,0.6182100772857666,-0.3109090328216553,0.8336095809936523,0.738705575466156,0.48005273938179016,0.004492688924074173,0.9990544319152832,0.6958727240562439,0.5081005692481995,-0.004578232299536467,0.9992937445640564,0.7822871804237366,0.46276727318763733,0.2136705368757248,0.25182414054870605,0.6919375061988831,0.5627887845039368,0.18227513134479523,0.35976651310920715,0.8262530565261841,0.414382666349411,0.43825823068618774,0.17140886187553406,0.6867519617080688,0.5970139503479004,0.41083866357803345,0.2570640742778778,0.8291378021240234,0.41388440132141113,0.46031251549720764,0.1758853942155838,0.6890073418617249,0.5967627167701721,0.43412718176841736,0.16980811953544617,0.8467785120010376,0.4048423767089844,0.4255659580230713,0.23036520183086395,0.6819515824317932,0.6356853246688843,0.3881603181362152,0.305765837430954
116,0.6974138617515564,0.4130558371543884,-0.4773314893245697,0.9995922446250916,0.6995695233345032,0.40206918120384216,-0.48732614517211914,0.9995896816253662,0.7023298740386963,0.3986418545246124,-0.48731446266174316,0.9995201826095581,0.7055106163024902,0.39472368359565735,-0.4874134957790375,0.9994961619377136,0.691623866558075,0.40505409240722656,-0.4846859872341156,0.9997731447219849,0.6891530156135559,0.4040161669254303,-0.4847635328769684,0.999751627445221,0.6865857839584351,0.4026726186275482,-0.48475879430770874,0.999788761138916,0.7110137939453125,0.3765532970428467,-0.41311246156692505,0.9996044039726257,0.6824630498886108,0.38686642050743103,-0.418404757976532,0.9998542070388794,0.703568160533905,0.40993571281433105,-0.4457511305809021,0.9994240403175354,0.6955785155296326,0.41397544741630554,-0.44266074895858765,0.999652624130249,0.7458072304725647,0.3758898079395294,-0.33067944645881653,0.9999551177024841,0.656688928604126,0.4002634286880493,-0.31147825717926025,0.9999735355377197,0.7767874598503113,0.4225858151912689,-0.2956814169883728,0.9165058135986328,0.6561186909675598,0.5035600662231445,-0.24926543235778809,0.9745271801948547,0.8058298230171204,0.4564039409160614,-0.3422287404537201,0.8002703189849854,0.6690555810928345,0.603540301322937,-0.28461766242980957,0.9371747374534607,0.8291446566581726,0.42010176181793213,-0.37177130579948425,0.6182464361190796,0.6627026200294495,0.624645471572876,-0.3047374486923218,0.8453715443611145,0.8239737749099731,0.4225437641143799,-0.3912874162197113,0.6667672991752625,0.6684263944625854,0.6249944567680359,-0.3299521207809448,0.8640468716621399,0.8087996244430542,0.4632437527179718,-0.35171347856521606,0.5967364311218262,0.6715139150619507,0.618015468120575,-0.2947089970111847,0.8176168203353882,0.7355719804763794,0.47975969314575195,0.0008036080980673432,0.99913489818573,0.6950300931930542,0.5062573552131653,-0.0008216758142225444,0.9993468523025513,0.7694442868232727,0.4827342927455902,0.21813642978668213,0.29048073291778564,0.6909636855125427,0.5569648146629333,0.22074274718761444,0.3801429569721222,0.7623964548110962,0.5221648216247559,0.5132526159286499,0.18232284486293793,0.6867901086807251,0.5883079171180725,0.5226114988327026,0.26882311701774597,0.756286084651947,0.5246619582176208,0.5469664931297302,0.17706333100795746,0.6882268786430359,0.5872284770011902,0.5537110567092896,0.17005331814289093,0.7695350646972656,0.5604696273803711,0.5051073431968689,0.2478381097316742,0.6863435506820679,0.6240991353988647,0.5069074034690857,0.3256782591342926
117,0.6921523809432983,0.41132354736328125,-0.4852224886417389,0.9996246099472046,0.6941332221031189,0.39758795499801636,-0.496978223323822,0.9996194839477539,0.6972257494926453,0.39361482858657837,-0.4970172345638275,0.9995546340942383,0.7004677057266235,0.3892250955104828,-0.49711012840270996,0.9995348453521729,0.6858627796173096,0.40189555287361145,-0.4944661557674408,0.9997870326042175,0.6832664608955383,0.4014025926589966,-0.4945600628852844,0.999764084815979,0.6807581186294556,0.40055498480796814,-0.49453726410865784,0.9998010396957397,0.7075734734535217,0.37078845500946045,-0.4380437433719635,0.9996325969696045,0.6783527135848999,0.38581785559654236,-0.42359548807144165,0.9998586773872375,0.6996877789497375,0.41009432077407837,-0.4585862159729004,0.9994736909866333,0.6911969780921936,0.41482195258140564,-0.4519774913787842,0.999681830406189,0.7459656000137329,0.3746209740638733,-0.3334245979785919,0.9999580383300781,0.6550740003585815,0.3988288342952728,-0.3167141079902649,0.9999759197235107,0.7745653986930847,0.4422798156738281,-0.2605513632297516,0.9236165285110474,0.654664158821106,0.5050106644630432,-0.25344187021255493,0.9754763841629028,0.7801690101623535,0.5309930443763733,-0.28311383724212646,0.8075553178787231,0.6686896085739136,0.6078484654426575,-0.3086851239204407,0.9377267360687256,0.7883621454238892,0.5483232140541077,-0.3107982277870178,0.6226589679718018,0.6624633073806763,0.6292584538459778,-0.34117239713668823,0.8436281681060791,0.7785905599594116,0.5506978631019592,-0.3281206488609314,0.6703635454177856,0.6683182716369629,0.6285072565078735,-0.3618428707122803,0.8631849884986877,0.7739185690879822,0.5486926436424255,-0.2903081178665161,0.6005011796951294,0.6714152693748474,0.6213324069976807,-0.3186810314655304,0.8187368512153625,0.7370463609695435,0.4882904589176178,0.0011333751026540995,0.9991776347160339,0.6948757171630859,0.5097442865371704,-0.0011781759094446898,0.9993896484375,0.7668734192848206,0.5057578682899475,0.2486569583415985,0.30068060755729675,0.689947247505188,0.5598571300506592,0.23807963728904724,0.397742360830307,0.7719840407371521,0.4995977580547333,0.5450445413589478,0.17319658398628235,0.6860803961753845,0.5851585865020752,0.5251348614692688,0.25862714648246765,0.769027829170227,0.49926307797431946,0.5753844380378723,0.16764582693576813,0.6875233054161072,0.5826655030250549,0.5546804666519165,0.1611909717321396,0.782556414604187,0.5197620391845703,0.5358408689498901,0.24398402869701385,0.686235785484314,0.6217231750488281,0.5056514143943787,0.3220074772834778
118,0.6890732049942017,0.4062802493572235,-0.5061215162277222,0.9996392726898193,0.6912256479263306,0.3909834027290344,-0.5126872062683105,0.9996269941329956,0.6945122480392456,0.38665369153022766,-0.5127164125442505,0.999562680721283,0.6978634595870972,0.38209807872772217,-0.5128102898597717,0.999552309513092,0.6829490065574646,0.39604154229164124,-0.5064005851745605,0.9997820258140564,0.680399477481842,0.39561742544174194,-0.5064934492111206,0.9997516870498657,0.6779453158378601,0.39489036798477173,-0.5065649747848511,0.9997956156730652,0.7047702074050903,0.3652201294898987,-0.44624844193458557,0.9996318221092224,0.675665020942688,0.38184478878974915,-0.4283621311187744,0.9998400211334229,0.6968798637390137,0.405473530292511,-0.4741669297218323,0.9994986057281494,0.6884530782699585,0.411683052778244,-0.46612077951431274,0.9996949434280396,0.7425612211227417,0.3730662763118744,-0.3407444357872009,0.9999591708183289,0.6520863175392151,0.39411574602127075,-0.31702476739883423,0.9999768733978271,0.7722486257553101,0.44636523723602295,-0.3010398745536804,0.9295740723609924,0.6538666486740112,0.5068543553352356,-0.2905704379081726,0.9749408960342407,0.7681114077568054,0.5464724898338318,-0.34097203612327576,0.8137330412864685,0.6672185063362122,0.6109784245491028,-0.3490367531776428,0.9337165355682373,0.7748047113418579,0.5735570788383484,-0.37397605180740356,0.6223870515823364,0.6623733639717102,0.6320196986198425,-0.3840356171131134,0.8303350210189819,0.7654863595962524,0.5773012638092041,-0.3889560103416443,0.6702569127082825,0.6681809425354004,0.630131185054779,-0.4014359414577484,0.8517484068870544,0.7613155245780945,0.5711144804954529,-0.3482826054096222,0.5979543924331665,0.6713955402374268,0.6227014660835266,-0.3583809733390808,0.8067288994789124,0.7359430193901062,0.4865155518054962,0.0013597571523860097,0.9992214441299438,0.6925930380821228,0.5043923258781433,-0.00140148657374084,0.9994162917137146,0.7531579732894897,0.516776978969574,0.2585202157497406,0.3138326406478882,0.689257800579071,0.5571515560150146,0.23969921469688416,0.41177013516426086,0.7507232427597046,0.5269461870193481,0.5401045680046082,0.17177830636501312,0.6864537000656128,0.5802285075187683,0.5237362384796143,0.2527940273284912,0.7473670244216919,0.5272095203399658,0.568126916885376,0.16173924505710602,0.6881954669952393,0.5781564116477966,0.5522156953811646,0.15368229150772095,0.7564336657524109,0.555181622505188,0.521609902381897,0.2523261606693268,0.6877010464668274,0.6195822954177856,0.49384695291519165,0.3237128257751465
119,0.6859296560287476,0.4074559509754181,-0.5063309669494629,0.9996458888053894,0.6877498030662537,0.3933922350406647,-0.5125764012336731,0.9996331930160522,0.6909510493278503,0.38900136947631836,-0.5125985741615295,0.9995676875114441,0.6942211985588074,0.3842602074146271,-0.5126920342445374,0.999566912651062,0.6800382733345032,0.39835125207901,-0.5067317485809326,0.99978107213974,0.6777029037475586,0.3978338837623596,-0.5068314671516418,0.9997454285621643,0.675407886505127,0.3970451056957245,-0.5069035291671753,0.9997963309288025,0.7014452219009399,0.3661339282989502,-0.4458885192871094,0.9996365904808044,0.6730242371559143,0.3827804923057556,-0.4246630072593689,0.9998310804367065,0.693881630897522,0.4061754047870636,-0.4735139310359955,0.9995285868644714,0.6853607892990112,0.4120292663574219,-0.46620893478393555,0.9997104406356812,0.7416785955429077,0.37568801641464233,-0.337944895029068,0.9999596476554871,0.6498645544052124,0.39595159888267517,-0.32085826992988586,0.9999778866767883,0.7696088552474976,0.4566279649734497,-0.2887784540653229,0.9357742667198181,0.6537134051322937,0.5076673626899719,-0.27943676710128784,0.9748753905296326,0.7580755949020386,0.5597792863845825,-0.3239701986312866,0.8218821287155151,0.6667532324790955,0.6133043766021729,-0.3206303119659424,0.9308379888534546,0.7616057395935059,0.589287281036377,-0.35148680210113525,0.628704845905304,0.6621456146240234,0.633033812046051,-0.3497367799282074,0.8198234438896179,0.7528398633003235,0.5887272953987122,-0.3669619560241699,0.6759679913520813,0.6681445837020874,0.6315481662750244,-0.36793309450149536,0.8435750603675842,0.7497094869613647,0.5812579393386841,-0.33078017830848694,0.6008177995681763,0.6712805032730103,0.6245203614234924,-0.32914796471595764,0.7976664304733276,0.7338625192642212,0.49155503511428833,0.0009834666270762682,0.9992825388908386,0.6897985935211182,0.5049898028373718,-0.001033774926327169,0.99946129322052,0.7371348738670349,0.5762397646903992,0.22703950107097626,0.31965017318725586,0.6864145994186401,0.5741259455680847,0.22060415148735046,0.42036211490631104,0.724266767501831,0.5471339225769043,0.518903911113739,0.15835925936698914,0.6868418455123901,0.5770004987716675,0.4989852011203766,0.23516176640987396,0.7215654253959656,0.5375003814697266,0.5504986047744751,0.150013729929924,0.6886214017868042,0.5751208662986755,0.529105544090271,0.14435254037380219,0.7196797728538513,0.5713853240013123,0.5166476964950562,0.23785926401615143,0.6878311038017273,0.6059152483940125,0.48649317026138306,0.30653268098831177
120,0.6806074976921082,0.40387260913848877,-0.4968647360801697,0.9996047616004944,0.6826522946357727,0.3910674750804901,-0.5032198429107666,0.9996072053909302,0.6856780052185059,0.3877623677253723,-0.5032237768173218,0.9995362162590027,0.6886482238769531,0.384127140045166,-0.5033210515975952,0.9995477795600891,0.6753300428390503,0.3948301076889038,-0.4958583414554596,0.9997549057006836,0.673220157623291,0.394546240568161,-0.49595555663108826,0.9997076392173767,0.6712599992752075,0.39413854479789734,-0.49607476592063904,0.9997763633728027,0.6968286037445068,0.36756694316864014,-0.4442598819732666,0.9996284246444702,0.6714576482772827,0.3821805715560913,-0.41393011808395386,0.9998114705085754,0.6891266703605652,0.40409258008003235,-0.467274010181427,0.9995484352111816,0.6807206869125366,0.40967100858688354,-0.45757800340652466,0.999717116355896,0.7410235404968262,0.37744763493537903,-0.34494391083717346,0.9999579191207886,0.6518285870552063,0.3902842700481415,-0.31195366382598877,0.9999781847000122,0.766595721244812,0.4773561656475067,-0.30530208349227905,0.9378743171691895,0.6582823395729065,0.5076659917831421,-0.24290764331817627,0.9674135446548462,0.7446697950363159,0.5756823420524597,-0.3356163799762726,0.8051148056983948,0.6685341596603394,0.6123499274253845,-0.25708380341529846,0.9175731539726257,0.7475563883781433,0.6021479368209839,-0.360917866230011,0.6075354814529419,0.6632896065711975,0.6325134038925171,-0.2757723033428192,0.7972001433372498,0.738486647605896,0.6028404831886292,-0.3715476989746094,0.652741014957428,0.6688160300254822,0.6311546564102173,-0.2924410402774811,0.8230674862861633,0.7359296083450317,0.5922811031341553,-0.33999869227409363,0.5744891166687012,0.6720165610313416,0.6241936087608337,-0.2638082802295685,0.7777261734008789,0.7339734435081482,0.49538761377334595,-0.002365984721109271,0.9993384480476379,0.690040647983551,0.50493323802948,0.0023913774639368057,0.9994996190071106,0.7346361875534058,0.5885116457939148,0.16278278827667236,0.32957080006599426,0.6840555667877197,0.584679126739502,0.17835168540477753,0.4290113151073456,0.7246695756912231,0.5523650050163269,0.47327905893325806,0.14609600603580475,0.6876968145370483,0.5730541348457336,0.4671167731285095,0.21867085993289948,0.7232210040092468,0.5389747023582458,0.5067782998085022,0.13932819664478302,0.6894921064376831,0.564299464225769,0.4991450905799866,0.1363997459411621,0.716892421245575,0.5786494016647339,0.4846201539039612,0.22368502616882324,0.6906003952026367,0.595161497592926,0.476158082485199,0.29156386852264404
121,0.6742510199546814,0.4007479250431061,-0.4958713948726654,0.9996341466903687,0.6766822934150696,0.38765132427215576,-0.5027168989181519,0.9996355175971985,0.6798125505447388,0.38441088795661926,-0.5026990175247192,0.9995695948600769,0.6828794479370117,0.3807961344718933,-0.5027952790260315,0.9995811581611633,0.6695641279220581,0.3914141058921814,-0.49688372015953064,0.9997708201408386,0.6676778197288513,0.3912070691585541,-0.49698472023010254,0.9997267127037048,0.6659621000289917,0.39083823561668396,-0.49708279967308044,0.9997916221618652,0.691831648349762,0.3641414940357208,-0.4469131827354431,0.9996533393859863,0.666740894317627,0.37668710947036743,-0.42128127813339233,0.9998226761817932,0.6830065250396729,0.401640921831131,-0.4670898914337158,0.9995861649513245,0.6744692921638489,0.406659871339798,-0.45899128913879395,0.9997396469116211,0.7378145456314087,0.37659019231796265,-0.35049936175346375,0.9999492168426514,0.6463874578475952,0.3822879493236542,-0.3277219831943512,0.9999783039093018,0.7588434815406799,0.48190730810165405,-0.32797738909721375,0.9400242567062378,0.649807333946228,0.5046511888504028,-0.2909752130508423,0.9684267640113831,0.7355989813804626,0.5740121006965637,-0.35921627283096313,0.7985783219337463,0.665316104888916,0.6121959686279297,-0.32505810260772705,0.9167442321777344,0.7366620302200317,0.6026962995529175,-0.3835712671279907,0.6009229421615601,0.6616247892379761,0.6322355270385742,-0.3463612198829651,0.7954224348068237,0.7290317416191101,0.5970413088798523,-0.3957814574241638,0.64518803358078,0.6674248576164246,0.6309305429458618,-0.3604685366153717,0.8221349716186523,0.7269991636276245,0.5863520503044128,-0.36449697613716125,0.5670905113220215,0.6700443029403687,0.6239594221115112,-0.33088475465774536,0.7799496054649353,0.7344402074813843,0.48470941185951233,-0.0019794851541519165,0.9994016885757446,0.6873445510864258,0.49360066652297974,0.0019664764404296875,0.9995473623275757,0.7328238487243652,0.5955315232276917,0.05499307066202164,0.37279918789863586,0.6800392270088196,0.5983158946037292,0.049530141055583954,0.4786365032196045,0.723413348197937,0.5505347847938538,0.3527592122554779,0.14157183468341827,0.6879603266716003,0.5669362545013428,0.35087457299232483,0.21276679635047913,0.7210870981216431,0.545548141002655,0.3850367069244385,0.13315449655056,0.6902602910995483,0.5542017817497253,0.38483598828315735,0.13484349846839905,0.7134914398193359,0.5912560224533081,0.3831022381782532,0.2242308259010315,0.6906381845474243,0.5914611220359802,0.39206042885780334,0.28943371772766113
122,0.6711069345474243,0.40173250436782837,-0.5291005373001099,0.9996203780174255,0.6730014085769653,0.3886691927909851,-0.5347844362258911,0.9996190667152405,0.6760295033454895,0.3855772316455841,-0.5347818732261658,0.9995578527450562,0.679106593132019,0.3819607198238373,-0.5348629951477051,0.9995772242546082,0.6659085750579834,0.3920877277851105,-0.5276007652282715,0.9997456073760986,0.6640697717666626,0.3918536305427551,-0.5276997685432434,0.9996901750564575,0.6623762845993042,0.3914845287799835,-0.527840256690979,0.9997681379318237,0.6880857348442078,0.3636588752269745,-0.4757373332977295,0.9996464848518372,0.6628531217575073,0.3769187927246094,-0.4451431334018707,0.9997932314872742,0.6803259253501892,0.402985543012619,-0.498689740896225,0.9995971322059631,0.6718164682388306,0.40768012404441833,-0.4899669587612152,0.9997366070747375,0.735192596912384,0.376316100358963,-0.3881508708000183,0.9999462366104126,0.645226001739502,0.38146692514419556,-0.3424498438835144,0.9999762177467346,0.7481979727745056,0.4915315806865692,-0.3795660138130188,0.9431014060974121,0.6485887765884399,0.5043225884437561,-0.309540331363678,0.9649927616119385,0.7157227993011475,0.5929915904998779,-0.4277184009552002,0.8070254921913147,0.6634136438369751,0.6110543012619019,-0.3536234498023987,0.9111382365226746,0.7132439017295837,0.6258625388145447,-0.4645368456840515,0.6147189140319824,0.6601053476333618,0.6319653391838074,-0.38292133808135986,0.7850348949432373,0.7024247646331787,0.6209627985954285,-0.47410979866981506,0.6561440825462341,0.6655671000480652,0.6307159662246704,-0.3995217978954315,0.8123294115066528,0.7021499276161194,0.6009721159934998,-0.4329967498779297,0.5737509727478027,0.6685827374458313,0.6241286993026733,-0.36204394698143005,0.7701166272163391,0.7330396175384521,0.485027015209198,-0.005603675730526447,0.9994462728500366,0.6861976981163025,0.48626646399497986,0.005649003200232983,0.999576210975647,0.7282217741012573,0.5914714336395264,0.1551705300807953,0.386870801448822,0.679750919342041,0.5864762663841248,0.11115562915802002,0.48720288276672363,0.7134062051773071,0.5623210072517395,0.4462989270687103,0.13412049412727356,0.6868225336074829,0.5697705149650574,0.44984665513038635,0.1997663974761963,0.711976170539856,0.5522064566612244,0.4739287793636322,0.12617646157741547,0.6892169713973999,0.5597689151763916,0.4851427972316742,0.12669630348682404,0.7055145502090454,0.5908408164978027,0.4537374973297119,0.220570370554924,0.6873590350151062,0.5931766033172607,0.4636315405368805,0.28043821454048157
123,0.669772207736969,0.40188488364219666,-0.5222483277320862,0.9995868802070618,0.6712538599967957,0.38797327876091003,-0.5272711515426636,0.9996108412742615,0.6742228865623474,0.3845618665218353,-0.5272570252418518,0.9995486736297607,0.677270770072937,0.38056525588035583,-0.5272952318191528,0.9995729923248291,0.6639888286590576,0.3919263482093811,-0.5249220132827759,0.9997249245643616,0.6621170043945312,0.3918285071849823,-0.5249507427215576,0.9996623992919922,0.6603713631629944,0.3915991187095642,-0.5252333879470825,0.9997473955154419,0.685957133769989,0.3610929846763611,-0.46633538603782654,0.9996441602706909,0.6599467396736145,0.37774354219436646,-0.4406551718711853,0.9997779130935669,0.6798955202102661,0.4029983878135681,-0.48704639077186584,0.9996042251586914,0.6705144643783569,0.4085564911365509,-0.48414120078086853,0.99973064661026,0.7320362329483032,0.37532544136047363,-0.37176042795181274,0.9999291896820068,0.6444854736328125,0.37562811374664307,-0.3389177620410919,0.9999707937240601,0.7542017102241516,0.4797278642654419,-0.3560029864311218,0.9391998648643494,0.6474669575691223,0.49369311332702637,-0.3000444769859314,0.9566670656204224,0.7393225431442261,0.5870890617370605,-0.3956760764122009,0.7927998900413513,0.6596869826316833,0.604534387588501,-0.294405460357666,0.8892307877540588,0.7419514060020447,0.6020175218582153,-0.4217492938041687,0.6028162837028503,0.6586396098136902,0.6300584673881531,-0.3107357621192932,0.7575668692588806,0.7330787181854248,0.587532639503479,-0.4355233609676361,0.64333575963974,0.6641196608543396,0.6290968060493469,-0.32609444856643677,0.7864425182342529,0.7304387092590332,0.574741542339325,-0.4019451141357422,0.5597078204154968,0.6677645444869995,0.6194493770599365,-0.3001624047756195,0.746753454208374,0.7303491234779358,0.4832039773464203,-0.008442090824246407,0.999489963054657,0.6831673383712769,0.48576462268829346,0.008485430851578712,0.9996067881584167,0.7228574752807617,0.6050602197647095,0.10082300752401352,0.41036713123321533,0.6801552176475525,0.6005890965461731,0.12372565269470215,0.5144326090812683,0.7079200148582458,0.5767980217933655,0.4030792713165283,0.12744247913360596,0.686402440071106,0.5741349458694458,0.4189286231994629,0.18896648287773132,0.7065633535385132,0.5647090673446655,0.4350544512271881,0.11985454708337784,0.688887357711792,0.5612961649894714,0.4517036974430084,0.12041126191616058,0.7023177146911621,0.6061243414878845,0.41922083497047424,0.21313869953155518,0.6875902414321899,0.5970434546470642,0.441267192363739,0.2685590386390686
124,0.6659725904464722,0.40099868178367615,-0.4628947377204895,0.9995116591453552,0.6667971611022949,0.38655319809913635,-0.46957501769065857,0.9994746446609497,0.6694322824478149,0.3827027678489685,-0.46956390142440796,0.9993739724159241,0.6718775033950806,0.3783351480960846,-0.46964532136917114,0.9994542002677917,0.6609451770782471,0.39096543192863464,-0.4610489010810852,0.999606192111969,0.6594361066818237,0.39091140031814575,-0.46113649010658264,0.9994956254959106,0.6581421494483948,0.3906882703304291,-0.4612816870212555,0.999634861946106,0.6811811327934265,0.35778215527534485,-0.42660021781921387,0.9994307160377502,0.6609473824501038,0.37636277079582214,-0.3859550952911377,0.9995779395103455,0.6771710515022278,0.39937520027160645,-0.4394291937351227,0.9995104074478149,0.6687399744987488,0.4067153036594391,-0.4280737340450287,0.9996241331100464,0.7284648418426514,0.3669351041316986,-0.3394075036048889,0.9999064803123474,0.6460711359977722,0.37799596786499023,-0.3043786883354187,0.9999552965164185,0.7499524354934692,0.4667566120624542,-0.35090503096580505,0.925896942615509,0.6513782739639282,0.49407729506492615,-0.2931399941444397,0.9470589756965637,0.7437774538993835,0.5452244877815247,-0.32937729358673096,0.769644021987915,0.6600806713104248,0.6043983101844788,-0.32746779918670654,0.874619722366333,0.7475521564483643,0.5595827698707581,-0.3476290702819824,0.5854540467262268,0.6585608720779419,0.6296150088310242,-0.3480660915374756,0.7374321222305298,0.7396805286407471,0.5571759939193726,-0.36028650403022766,0.6274248957633972,0.6641913056373596,0.6286218166351318,-0.364067018032074,0.7676199078559875,0.7367615699768066,0.5507001876831055,-0.3342670500278473,0.5449160933494568,0.6678861379623413,0.619462251663208,-0.3348383903503418,0.7309259176254272,0.7295807003974915,0.492398738861084,-0.008310561068356037,0.9995070099830627,0.6843159198760986,0.48658323287963867,0.008297519758343697,0.9996055364608765,0.7121801376342773,0.6018505096435547,0.08381946384906769,0.40959081053733826,0.6833315491676331,0.5980886816978455,0.13411298394203186,0.5079952478408813,0.6944204568862915,0.6013279557228088,0.35310274362564087,0.1252065896987915,0.6819354891777039,0.6060550212860107,0.35179176926612854,0.19227391481399536,0.6950517892837524,0.5978700518608093,0.3804870545864105,0.11744380742311478,0.6820486783981323,0.6065515875816345,0.37437203526496887,0.12219343334436417,0.6811739802360535,0.6212298274040222,0.358578622341156,0.21316006779670715,0.6788395643234253,0.636689305305481,0.34730854630470276,0.2772351801395416
125,0.6595147848129272,0.4019591808319092,-0.44626641273498535,0.9995337128639221,0.6605633497238159,0.3881429135799408,-0.45341354608535767,0.9995073676109314,0.6629519462585449,0.3848009705543518,-0.45341283082962036,0.9994105100631714,0.6653691530227661,0.3807302713394165,-0.4535187780857086,0.9994910359382629,0.6551874876022339,0.3914644122123718,-0.4394896626472473,0.9996076822280884,0.6537659168243408,0.39113888144493103,-0.439558207988739,0.9994774460792542,0.6524161696434021,0.39062732458114624,-0.4396432042121887,0.9996311664581299,0.6761771440505981,0.3608681559562683,-0.42229753732681274,0.9994641542434692,0.6550005674362183,0.3764035105705261,-0.3598906695842743,0.9995458722114563,0.6683099269866943,0.4011528789997101,-0.4284690022468567,0.9995391368865967,0.6614586710929871,0.4081744849681854,-0.41054898500442505,0.9996388554573059,0.7198301553726196,0.3813932538032532,-0.37598350644111633,0.9999125599861145,0.6475099325180054,0.38154709339141846,-0.2612367272377014,0.9999514818191528,0.7116118669509888,0.5195052027702332,-0.3964335024356842,0.9317160844802856,0.6504672765731812,0.4950569272041321,-0.2429196536540985,0.9296907782554626,0.6854791045188904,0.6179471611976624,-0.42384448647499084,0.7899985909461975,0.6598149538040161,0.6135103702545166,-0.2862496078014374,0.8657432794570923,0.6828193068504333,0.6453527808189392,-0.4645279347896576,0.6211092472076416,0.652635931968689,0.6411998271942139,-0.3097890019416809,0.7277324199676514,0.6735482811927795,0.6417192816734314,-0.47177600860595703,0.659544050693512,0.6621353626251221,0.6405463814735413,-0.3296481966972351,0.7580083608627319,0.6740890741348267,0.6327293515205383,-0.4283965229988098,0.5813161134719849,0.6642066240310669,0.6330311894416809,-0.29608428478240967,0.7228296995162964,0.7255955934524536,0.502709686756134,-0.03563397005200386,0.9995519518852234,0.6852088570594788,0.4879405200481415,0.035662226378917694,0.9996370673179626,0.6869216561317444,0.5871259570121765,0.005311327986419201,0.42317232489585876,0.6760703325271606,0.5546846389770508,0.11316512525081635,0.4820433259010315,0.6926501393318176,0.6081309914588928,0.2801903188228607,0.12823091447353363,0.679491400718689,0.604233980178833,0.31980714201927185,0.19215723872184753,0.6977742910385132,0.6075629591941833,0.30805134773254395,0.12290792912244797,0.6822580099105835,0.6107861399650574,0.34128841757774353,0.12391125410795212,0.6798833608627319,0.6438874006271362,0.2872571647167206,0.22225792706012726,0.6708886027336121,0.633651077747345,0.30451762676239014,0.2815788984298706
126,0.6557696461677551,0.40006011724472046,-0.42685556411743164,0.9995151162147522,0.6565105319023132,0.3874783515930176,-0.436257928609848,0.9995070099830627,0.6585742831230164,0.3848707377910614,-0.43627244234085083,0.9994072318077087,0.6607846021652222,0.3816086947917938,-0.4363752007484436,0.9995023012161255,0.6519887447357178,0.38978344202041626,-0.42099127173423767,0.9995518326759338,0.6508075594902039,0.3892844021320343,-0.42105013132095337,0.9993709325790405,0.6496785879135132,0.3885939419269562,-0.42113494873046875,0.9995758533477783,0.6715117692947388,0.36236339807510376,-0.4182702600955963,0.9994596838951111,0.6531676650047302,0.37470749020576477,-0.35028955340385437,0.9993901252746582,0.66389000415802,0.4019433856010437,-0.41392192244529724,0.999521017074585,0.658191978931427,0.40643683075904846,-0.3942425847053528,0.9996036291122437,0.7139967679977417,0.38298654556274414,-0.383091002702713,0.9999178051948547,0.6492645144462585,0.3751094937324524,-0.24954096972942352,0.9999464750289917,0.6997234225273132,0.5264184474945068,-0.4011878967285156,0.9367594122886658,0.6502797603607178,0.49655595421791077,-0.22107164561748505,0.9007910490036011,0.6764917373657227,0.6224083304405212,-0.423220694065094,0.8080548048019409,0.6602969169616699,0.612894594669342,-0.2585889995098114,0.8485118746757507,0.6741495132446289,0.6502125859260559,-0.4643058776855469,0.6526376605033875,0.6534127593040466,0.641328752040863,-0.27875620126724243,0.7092342376708984,0.6648966073989868,0.6498239040374756,-0.4699421525001526,0.6880623698234558,0.6610705852508545,0.6410654783248901,-0.29923251271247864,0.7402185797691345,0.6656122207641602,0.6381285190582275,-0.42722123861312866,0.6127651929855347,0.6622727513313293,0.6321532130241394,-0.26838448643684387,0.7058611512184143,0.724732518196106,0.49979367852211,-0.038685139268636703,0.9995787739753723,0.6854597926139832,0.48188599944114685,0.03874780237674713,0.9996341466903687,0.6985794305801392,0.5797274112701416,0.03819525986909866,0.40905630588531494,0.6775148510932922,0.5485822558403015,0.13518626987934113,0.4450664520263672,0.6910266876220703,0.6103543639183044,0.3032122850418091,0.12714393436908722,0.6796629428863525,0.6003959774971008,0.3689333498477936,0.18396705389022827,0.694158673286438,0.6116206049919128,0.32903802394866943,0.12492682784795761,0.682315468788147,0.6066964268684387,0.3913730978965759,0.12234366685152054,0.674004316329956,0.6363399028778076,0.2990894019603729,0.22652900218963623,0.6706544756889343,0.6275436282157898,0.35691148042678833,0.27465248107910156
127,0.6552613377571106,0.400845468044281,-0.44435572624206543,0.999557614326477,0.6557839512825012,0.38836225867271423,-0.45085588097572327,0.9995492696762085,0.6578488349914551,0.3857293426990509,-0.4508541524410248,0.9994574189186096,0.6600344181060791,0.3824295997619629,-0.45091208815574646,0.9995461702346802,0.6508664488792419,0.3906346261501312,-0.43866458535194397,0.9995882511138916,0.6494755744934082,0.39005282521247864,-0.43873876333236694,0.9994200468063354,0.6480311155319214,0.3892580270767212,-0.43884506821632385,0.999610185623169,0.6700347661972046,0.363293319940567,-0.4188057780265808,0.9995048642158508,0.6502364277839661,0.3751673698425293,-0.3640788197517395,0.9994351267814636,0.6633639335632324,0.40290403366088867,-0.4261205196380615,0.9995617866516113,0.6575446128845215,0.40715137124061584,-0.4104635715484619,0.9996376633644104,0.7097731828689575,0.3805164694786072,-0.3742527961730957,0.9999247193336487,0.6492714285850525,0.3787957429885864,-0.26854199171066284,0.9999499917030334,0.6943739056587219,0.5186963677406311,-0.39073243737220764,0.941835343837738,0.6504124402999878,0.5013936758041382,-0.2439683973789215,0.9028608202934265,0.6711657047271729,0.6307498216629028,-0.42935723066329956,0.8257982134819031,0.6605111360549927,0.6250013113021851,-0.2790331542491913,0.8576567769050598,0.668224573135376,0.659183919429779,-0.47137799859046936,0.6840380430221558,0.6540525555610657,0.6525552272796631,-0.3013237416744232,0.7246830463409424,0.6579146981239319,0.6608361005783081,-0.4773952066898346,0.7162771821022034,0.660544753074646,0.6528869867324829,-0.31992417573928833,0.7540666460990906,0.6606029868125916,0.6466455459594727,-0.43399161100387573,0.6456669569015503,0.6628676056861877,0.6417101621627808,-0.28759557008743286,0.7211533188819885,0.7233582735061646,0.4988066852092743,-0.02818669006228447,0.9996146559715271,0.6860085725784302,0.48193883895874023,0.02817913517355919,0.9996622204780579,0.7095224261283875,0.5838658809661865,0.07476286590099335,0.40770062804222107,0.6848344802856445,0.5491697788238525,0.1540195494890213,0.43897494673728943,0.6948745846748352,0.5892050862312317,0.3369225859642029,0.13233532011508942,0.6800650358200073,0.5997480750083923,0.3735125660896301,0.19608017802238464,0.6956722736358643,0.5870917439460754,0.3629387617111206,0.1337696611881256,0.6831418871879578,0.6006463766098022,0.3952346742153168,0.13775132596492767,0.6776262521743774,0.6166773438453674,0.3322850465774536,0.24545572698116302,0.6742533445358276,0.6252449154853821,0.3608168959617615,0.29556623101234436
128,0.6469846963882446,0.4012354910373688,-0.4403075575828552,0.9995948076248169,0.6492372751235962,0.3889789879322052,-0.44880643486976624,0.9995818734169006,0.6513816118240356,0.3859291076660156,-0.4487707018852234,0.9994957447052002,0.6537045240402222,0.38401997089385986,-0.4487577974796295,0.9995790123939514,0.6445847153663635,0.3909492790699005,-0.43445149064064026,0.9996203780174255,0.6435103416442871,0.3901231586933136,-0.43454018235206604,0.99946528673172,0.6424553394317627,0.38907432556152344,-0.4346817135810852,0.9996423721313477,0.6648228168487549,0.365972638130188,-0.42354267835617065,0.9995272755622864,0.6484611630439758,0.3742523193359375,-0.36229562759399414,0.9994795322418213,0.6554709076881409,0.40348052978515625,-0.42561522126197815,0.9995864033699036,0.6494277715682983,0.40657421946525574,-0.4074687063694,0.9996641278266907,0.7025517225265503,0.37665507197380066,-0.3723427951335907,0.9999281167984009,0.6491275429725647,0.388022243976593,-0.28049182891845703,0.9999547004699707,0.689252495765686,0.5127871036529541,-0.3844703733921051,0.9445501565933228,0.6491913199424744,0.5149431228637695,-0.2808445394039154,0.9076464772224426,0.670438289642334,0.6359751224517822,-0.41770514845848083,0.8389254808425903,0.6608033776283264,0.6344745755195618,-0.32247230410575867,0.8686168193817139,0.6688777208328247,0.6558861136436462,-0.45579609274864197,0.7068639397621155,0.65406334400177,0.6591464877128601,-0.35414743423461914,0.7427944540977478,0.6606636643409729,0.6582031846046448,-0.46199288964271545,0.736541748046875,0.6596672534942627,0.6581268310546875,-0.3678630292415619,0.7701535820960999,0.6631870865821838,0.6445152163505554,-0.4223548471927643,0.6660661697387695,0.6623317003250122,0.6492446064949036,-0.33101513981819153,0.7380836606025696,0.7201204895973206,0.4966598451137543,-0.009762808680534363,0.9996352195739746,0.6903995871543884,0.48745304346084595,0.009498955681920052,0.9996913075447083,0.7161766290664673,0.5716773271560669,0.23820213973522186,0.3771020174026489,0.694267749786377,0.5520048141479492,0.21043679118156433,0.4382581114768982,0.7011855244636536,0.5883957147598267,0.4982643723487854,0.1315356343984604,0.6863726377487183,0.596863329410553,0.4458795487880707,0.21191111207008362,0.7019401788711548,0.5844690799713135,0.5250154733657837,0.13528312742710114,0.6871753931045532,0.5974611639976501,0.4700779318809509,0.15608596801757812,0.6894086599349976,0.6149372458457947,0.4902312755584717,0.2619548738002777,0.6860697269439697,0.6254884004592896,0.4253276288509369,0.3219451904296875
129,0.6435345411300659,0.4016903340816498,-0.42260217666625977,0.9996158480644226,0.6452234983444214,0.3893957734107971,-0.43198060989379883,0.9995989799499512,0.6472483277320862,0.3862963020801544,-0.4319499433040619,0.9995136857032776,0.649485170841217,0.3842838704586029,-0.4319435954093933,0.9995973706245422,0.6410235166549683,0.3910776376724243,-0.4159409999847412,0.9996357560157776,0.6401752829551697,0.39020806550979614,-0.41602396965026855,0.9994844198226929,0.6393584609031677,0.38916245102882385,-0.4161674976348877,0.9996595978736877,0.6609845161437988,0.36610591411590576,-0.4157823920249939,0.9995288848876953,0.6464464664459229,0.37320250272750854,-0.3449830710887909,0.9995008707046509,0.6527464389801025,0.4036799669265747,-0.411172479391098,0.999590277671814,0.6470664739608765,0.4070887565612793,-0.3904929459095001,0.9996740818023682,0.7001941204071045,0.37516745924949646,-0.3699202537536621,0.9999305605888367,0.6492800712585449,0.39401888847351074,-0.2723403871059418,0.9999577403068542,0.6900597810745239,0.5137593746185303,-0.39262524247169495,0.9475657343864441,0.6489993929862976,0.5217679142951965,-0.27555131912231445,0.9085644483566284,0.6712513566017151,0.6348457336425781,-0.4291546940803528,0.8527441024780273,0.6608828902244568,0.6375105381011963,-0.31185853481292725,0.8774757385253906,0.6684357523918152,0.6594823598861694,-0.4697166979312897,0.731361985206604,0.6541748642921448,0.6610613465309143,-0.33983078598976135,0.757636308670044,0.6613541841506958,0.6607272624969482,-0.4744293689727783,0.7585083842277527,0.6600542068481445,0.6608296036720276,-0.35531264543533325,0.7833248376846313,0.6630040407180786,0.6484757661819458,-0.43344801664352417,0.690740704536438,0.6626349091529846,0.6501150131225586,-0.3204037845134735,0.7521342039108276,0.7205446362495422,0.4962770342826843,-0.010771073400974274,0.9996579885482788,0.6926031112670898,0.4932436943054199,0.010579628869891167,0.9997139573097229,0.7179316878318787,0.5713340044021606,0.19400085508823395,0.35177081823349,0.6940624713897705,0.5478295087814331,0.20819978415966034,0.4306595027446747,0.694080650806427,0.582371711730957,0.4419739246368408,0.1331489533185959,0.6870039701461792,0.5952386856079102,0.44054001569747925,0.21796105802059174,0.6940276622772217,0.5787929892539978,0.4676688611507416,0.1405101716518402,0.6873335242271423,0.5949974656105042,0.46472978591918945,0.16819167137145996,0.6826391816139221,0.6068986654281616,0.4356781840324402,0.27870091795921326,0.688079833984375,0.6246718764305115,0.42996087670326233,0.3364129066467285
130,0.6423925161361694,0.4024321734905243,-0.4166697859764099,0.9995883703231812,0.6429677605628967,0.39023077487945557,-0.42756277322769165,0.99957275390625,0.6449753046035767,0.38784852623939514,-0.4275550842285156,0.9994823336601257,0.6472386121749878,0.3862660229206085,-0.42759260535240173,0.9995811581611633,0.63878333568573,0.39116761088371277,-0.40994954109191895,0.9995906352996826,0.637886643409729,0.39028456807136536,-0.41001930832862854,0.9994164109230042,0.637006402015686,0.3893122375011444,-0.41013994812965393,0.9996253252029419,0.6582984924316406,0.3696064352989197,-0.4180966019630432,0.9994891285896301,0.6439660787582397,0.3736843168735504,-0.34043270349502563,0.9994404315948486,0.650905966758728,0.40522322058677673,-0.4076678156852722,0.9995393753051758,0.6459020376205444,0.40719130635261536,-0.38490384817123413,0.9996381402015686,0.6979537606239319,0.3768712282180786,-0.38877588510513306,0.9999319314956665,0.6480899453163147,0.3919072151184082,-0.24826307594776154,0.9999585747718811,0.6889328360557556,0.5279436111450195,-0.41980066895484924,0.9506519436836243,0.649438202381134,0.5185325741767883,-0.22979573905467987,0.8960230350494385,0.6734415888786316,0.633515477180481,-0.44865694642066956,0.8649141788482666,0.6617991924285889,0.632743775844574,-0.2751607298851013,0.8768980503082275,0.6722019910812378,0.6609914302825928,-0.49294018745422363,0.7530234456062317,0.6555810570716858,0.6601284146308899,-0.29771488904953003,0.7585005760192871,0.6638957858085632,0.6599782109260559,-0.4958711564540863,0.7778868675231934,0.6602710485458374,0.6579854488372803,-0.319143146276474,0.7833849191665649,0.6652455925941467,0.6481127738952637,-0.45230111479759216,0.7121313810348511,0.6629105806350708,0.6471134424209595,-0.2859930396080017,0.7523638010025024,0.721576452255249,0.4976792633533478,-0.03472742810845375,0.9996635317802429,0.6929473280906677,0.4932175874710083,0.03464551642537117,0.999711811542511,0.7137095928192139,0.577883243560791,0.11854851245880127,0.3321426212787628,0.6936506032943726,0.5509199500083923,0.202867791056633,0.4030138850212097,0.6881414651870728,0.6088407039642334,0.3514593243598938,0.13896428048610687,0.6849786639213562,0.6099416017532349,0.4284588396549225,0.2107565850019455,0.6894254684448242,0.6102672815322876,0.37384599447250366,0.15104055404663086,0.6861736178398132,0.6147820949554443,0.4532071650028229,0.17018355429172516,0.6704562902450562,0.6288692951202393,0.33089324831962585,0.29668036103248596,0.6803554892539978,0.6381404399871826,0.4218108057975769,0.3313790261745453
131,0.6377106308937073,0.40398508310317993,-0.3968029022216797,0.99959796667099,0.6383474469184875,0.3921045958995819,-0.40664142370224,0.9995831847190857,0.640369176864624,0.39015495777130127,-0.4066065847873688,0.9994885921478271,0.6426769495010376,0.3885628581047058,-0.40660619735717773,0.9995901584625244,0.6343555450439453,0.39273613691329956,-0.3891501724720001,0.9996005296707153,0.6336321234703064,0.39181581139564514,-0.38924112915992737,0.9994314312934875,0.6329569816589355,0.39092251658439636,-0.38939347863197327,0.9996363520622253,0.6536378264427185,0.3717033267021179,-0.3945843577384949,0.99949049949646,0.641116201877594,0.37445151805877686,-0.3159031867980957,0.9994565844535828,0.6473666429519653,0.4066966474056244,-0.38681480288505554,0.9995490312576294,0.6430009603500366,0.40798646211624146,-0.3639485538005829,0.9996473789215088,0.6913766264915466,0.3768913149833679,-0.3591782748699188,0.9999361038208008,0.6475691199302673,0.394912987947464,-0.23188665509223938,0.9999618530273438,0.6853882074356079,0.5267083644866943,-0.41242408752441406,0.9522367119789124,0.6494876146316528,0.5208744406700134,-0.22116819024085999,0.8908815979957581,0.6713440418243408,0.6358098387718201,-0.42530161142349243,0.8759077787399292,0.6618342995643616,0.6324779391288757,-0.26989588141441345,0.8810980916023254,0.669183611869812,0.6622899174690247,-0.4587632119655609,0.7732137441635132,0.6558982133865356,0.6586707830429077,-0.29184234142303467,0.7670393586158752,0.6615604162216187,0.658793032169342,-0.4783286154270172,0.7960273027420044,0.6601731777191162,0.6554049849510193,-0.31407052278518677,0.7904452085494995,0.662261962890625,0.6490957736968994,-0.43761372566223145,0.7328158617019653,0.6628139615058899,0.6454284191131592,-0.2809383273124695,0.7605221271514893,0.7186608910560608,0.5008442997932434,-0.028288239613175392,0.9996916055679321,0.6948347687721252,0.5000908374786377,0.02826893888413906,0.9997362494468689,0.710978090763092,0.5774059295654297,0.1138933077454567,0.3076542019844055,0.705104410648346,0.5401663184165955,0.154775470495224,0.3926152288913727,0.6745579838752747,0.624635636806488,0.3363151252269745,0.1510888785123825,0.6870505213737488,0.6062946915626526,0.392755925655365,0.2112683355808258,0.6723548769950867,0.6281861066818237,0.35805413126945496,0.1664096862077713,0.6860275864601135,0.6125339269638062,0.4172864556312561,0.18440133333206177,0.6624642014503479,0.6468582153320312,0.3221725821495056,0.3190666437149048,0.6869527101516724,0.6356105804443359,0.39714714884757996,0.332913339138031
132,0.6367596983909607,0.40325605869293213,-0.34389182925224304,0.9995685815811157,0.6368082761764526,0.39187321066856384,-0.35158398747444153,0.9994639754295349,0.6385096907615662,0.38996031880378723,-0.3515259921550751,0.9993520975112915,0.6402565240859985,0.3883003294467926,-0.3514803647994995,0.9994586706161499,0.6335872411727905,0.3927173614501953,-0.3405928313732147,0.9995476603507996,0.6331684589385986,0.39191073179244995,-0.3407013416290283,0.9993875026702881,0.6327515840530396,0.39108526706695557,-0.3408799171447754,0.9996057152748108,0.6511529684066772,0.3700770437717438,-0.3333122134208679,0.9992479681968689,0.6404561400413513,0.3745484948158264,-0.2839067876338959,0.9994143843650818,0.6469094157218933,0.40494585037231445,-0.33200228214263916,0.9994611740112305,0.6434316635131836,0.40649542212486267,-0.3175402879714966,0.9995986223220825,0.6885941028594971,0.3698069751262665,-0.27688491344451904,0.9999326467514038,0.6476119756698608,0.40182071924209595,-0.23487529158592224,0.9999648332595825,0.6854041218757629,0.5019040107727051,-0.260166734457016,0.9411795139312744,0.6496044993400574,0.520967423915863,-0.23235240578651428,0.8980380892753601,0.6765029430389404,0.6046054363250732,-0.2695538401603699,0.8741464614868164,0.6619256138801575,0.6311241984367371,-0.2654854655265808,0.8899608254432678,0.676715612411499,0.6284588575363159,-0.29115670919418335,0.7772691249847412,0.6561617255210876,0.6574842929840088,-0.28777408599853516,0.7826966047286987,0.6654250025749207,0.6544957756996155,-0.3010517954826355,0.7998054623603821,0.6602537631988525,0.657338559627533,-0.3034057319164276,0.8045088052749634,0.6699683666229248,0.6238387823104858,-0.27378225326538086,0.7350462675094604,0.6630573272705078,0.646199643611908,-0.2733789384365082,0.7765470743179321,0.7181169390678406,0.5000556707382202,0.0024377370718866587,0.999706506729126,0.6981720328330994,0.5055567026138306,-0.0027065600734204054,0.9997559189796448,0.7118673324584961,0.5783180594444275,0.1432947814464569,0.29103797674179077,0.7030338048934937,0.5442380905151367,0.10595415532588959,0.41620132327079773,0.674066424369812,0.6165618300437927,0.3541408181190491,0.1694563776254654,0.6767698526382446,0.615691065788269,0.3181425631046295,0.2474961131811142,0.6718794107437134,0.6171684265136719,0.37567657232284546,0.1841135323047638,0.6731694936752319,0.6188828349113464,0.34049469232559204,0.22336378693580627,0.6600829362869263,0.6406610012054443,0.3495645225048065,0.3447219729423523,0.6728315353393555,0.6482745409011841,0.32098132371902466,0.3660892844200134
133,0.6322605013847351,0.4014239013195038,-0.30576077103614807,0.9995855689048767,0.6325458288192749,0.38917890191078186,-0.31441646814346313,0.999468207359314,0.6343823075294495,0.3871026337146759,-0.31435543298721313,0.99935382604599,0.6362544298171997,0.3851359486579895,-0.31432369351387024,0.9994469881057739,0.6292726397514343,0.39058923721313477,-0.3047493100166321,0.9995656609535217,0.6287369132041931,0.3899833559989929,-0.3048481047153473,0.999419629573822,0.6282263398170471,0.38935521245002747,-0.3050166666507721,0.999626874923706,0.6488698720932007,0.36779505014419556,-0.3019341826438904,0.999247133731842,0.6401169896125793,0.37351882457733154,-0.2583763003349304,0.999453067779541,0.6435853242874146,0.4047534465789795,-0.29607030749320984,0.9994874000549316,0.63914954662323,0.4063264727592468,-0.2833144962787628,0.9996235966682434,0.684778094291687,0.37071627378463745,-0.24142058193683624,0.9999324679374695,0.6482511758804321,0.40261512994766235,-0.22664602100849152,0.9999680519104004,0.6846820116043091,0.4880254566669464,-0.20241813361644745,0.9234634637832642,0.6486606597900391,0.5195493102073669,-0.23119592666625977,0.9053952693939209,0.6774200797080994,0.5761419534683228,-0.19630660116672516,0.8621804714202881,0.6587709188461304,0.623339831829071,-0.271185040473938,0.8990665078163147,0.6779043078422546,0.5963066816329956,-0.21387040615081787,0.769239068031311,0.6546915173530579,0.6532225608825684,-0.29704341292381287,0.7993467450141907,0.6711325645446777,0.6012089252471924,-0.22738032042980194,0.792864203453064,0.6593307852745056,0.6504203677177429,-0.31235796213150024,0.8196941614151001,0.6725503206253052,0.5915616750717163,-0.20175981521606445,0.7266257405281067,0.6623867750167847,0.6407038569450378,-0.27913370728492737,0.7935901284217834,0.7168846130371094,0.5044686198234558,0.006667891051620245,0.9997301697731018,0.6998143196105957,0.5093598961830139,-0.006987554021179676,0.9997780919075012,0.7015942931175232,0.5694383978843689,0.1511729210615158,0.28535985946655273,0.700384259223938,0.5175969004631042,0.12988296151161194,0.440121591091156,0.6802314519882202,0.5859254598617554,0.38411659002304077,0.16233256459236145,0.6777379512786865,0.5867186784744263,0.35011667013168335,0.2537354528903961,0.6807170510292053,0.5856492519378662,0.40962085127830505,0.17625559866428375,0.6750212907791138,0.5949708819389343,0.3744000494480133,0.22990261018276215,0.666858434677124,0.5955066084861755,0.41807565093040466,0.3341423273086548,0.674963116645813,0.6084370017051697,0.3637664020061493,0.3737569749355316
134,0.6284863352775574,0.39830395579338074,-0.3315271735191345,0.9996061325073242,0.6282163262367249,0.3857279121875763,-0.3390403687953949,0.999481737613678,0.6299475431442261,0.3838634192943573,-0.3389958143234253,0.9993715882301331,0.6317969560623169,0.3818627595901489,-0.3389597535133362,0.999455451965332,0.6253552436828613,0.3874410092830658,-0.33031028509140015,0.9995856881141663,0.6250386238098145,0.3870413601398468,-0.33041295409202576,0.9994531869888306,0.6247263550758362,0.38653242588043213,-0.33059161901474,0.9996464252471924,0.6461812853813171,0.36455613374710083,-0.3211196959018707,0.9992719292640686,0.6378058195114136,0.37066417932510376,-0.2820329964160919,0.9994907379150391,0.6408321857452393,0.40297797322273254,-0.31964609026908875,0.9995095133781433,0.636687695980072,0.4048362672328949,-0.308194100856781,0.9996417164802551,0.6841648817062378,0.3701333701610565,-0.25888100266456604,0.9999344944953918,0.6470626592636108,0.4021199941635132,-0.2429434061050415,0.9999708533287048,0.6839079260826111,0.4905681908130646,-0.23122434318065643,0.9147416949272156,0.6465961337089539,0.519150972366333,-0.24782510101795197,0.9127349853515625,0.671440064907074,0.5943082571029663,-0.23871655762195587,0.8641301989555359,0.6577770709991455,0.6244798302650452,-0.29144954681396484,0.9075374603271484,0.6739071607589722,0.606885552406311,-0.2626860439777374,0.7746289968490601,0.652504563331604,0.6528958082199097,-0.32260021567344666,0.8146919012069702,0.6620211601257324,0.6161361932754517,-0.27334973216056824,0.7982513308525085,0.6576996445655823,0.6511115431785583,-0.33688560128211975,0.8334707617759705,0.6680439710617065,0.5991134643554688,-0.24404168128967285,0.7316769957542419,0.6612011194229126,0.6424080729484558,-0.29968351125717163,0.808890163898468,0.7170466184616089,0.5043175220489502,0.008595539256930351,0.999754786491394,0.6999340057373047,0.5106724500656128,-0.00897398591041565,0.9997987747192383,0.6998830437660217,0.5700090527534485,0.18327994644641876,0.28133681416511536,0.6985694766044617,0.5166089534759521,0.1428944319486618,0.4631827473640442,0.6717619299888611,0.6022935509681702,0.41166481375694275,0.17450359463691711,0.6767083406448364,0.586705207824707,0.36921146512031555,0.2660003900527954,0.6714290380477905,0.6042200326919556,0.43600669503211975,0.18652430176734924,0.6738179922103882,0.5948407649993896,0.4002353549003601,0.24494518339633942,0.6585239768028259,0.6205600500106812,0.42579221725463867,0.35346734523773193,0.6746352910995483,0.6114935278892517,0.41090017557144165,0.39048030972480774
135,0.6282056570053101,0.39497262239456177,-0.35062283277511597,0.9994139075279236,0.6278555393218994,0.3823786973953247,-0.3585907220840454,0.9990068674087524,0.6297314167022705,0.37961435317993164,-0.3585408329963684,0.9987775683403015,0.6315082907676697,0.3770051598548889,-0.3585217595100403,0.9988788366317749,0.6256455183029175,0.38490578532218933,-0.351702481508255,0.9993912577629089,0.6256722211837769,0.38463786244392395,-0.3517982065677643,0.9992612600326538,0.6257324814796448,0.3841765522956848,-0.35199567675590515,0.9995383024215698,0.6472203731536865,0.3583832085132599,-0.33684054017066956,0.9986338019371033,0.6383298635482788,0.3662301003932953,-0.3044915497303009,0.9994127154350281,0.6413261890411377,0.39898812770843506,-0.33680278062820435,0.9992714524269104,0.6378152370452881,0.4017641246318817,-0.32766351103782654,0.9995312690734863,0.6826878786087036,0.35791343450546265,-0.2581527829170227,0.9999082684516907,0.6453004479408264,0.4050438702106476,-0.26877468824386597,0.9999726414680481,0.6900278329849243,0.4551071226596832,-0.19736845791339874,0.8652427196502686,0.6453920602798462,0.5243132710456848,-0.2895282506942749,0.919115424156189,0.6928761005401611,0.5406511425971985,-0.179084911942482,0.8150937557220459,0.6577082276344299,0.6390683650970459,-0.33817797899246216,0.91468745470047,0.6966339349746704,0.5558401942253113,-0.19093111157417297,0.7300909757614136,0.6502081155776978,0.6629158854484558,-0.369508296251297,0.8268598914146423,0.6913710832595825,0.5619149804115295,-0.20529887080192566,0.7565245628356934,0.6551176905632019,0.6630892157554626,-0.38380610942840576,0.844650149345398,0.6908258199691772,0.5564131140708923,-0.1845199465751648,0.6903358697891235,0.6597700715065002,0.6505539417266846,-0.34670183062553406,0.8211438655853271,0.716362476348877,0.5041382908821106,0.014273812994360924,0.99976646900177,0.6989466547966003,0.5147449970245361,-0.014558352530002594,0.9998123645782471,0.7022119760513306,0.56364905834198,0.20467868447303772,0.26607587933540344,0.6912118196487427,0.525172233581543,0.158668652176857,0.45924338698387146,0.6744614839553833,0.5877528190612793,0.4559432864189148,0.16650231182575226,0.671419620513916,0.5860410928726196,0.4138920307159424,0.2580176293849945,0.6729163527488708,0.5870609283447266,0.4826805591583252,0.17717497050762177,0.6684621572494507,0.5902520418167114,0.44166892766952515,0.23790916800498962,0.6625213027000427,0.6040365099906921,0.4696904718875885,0.341282457113266,0.6710787415504456,0.6077103018760681,0.43155407905578613,0.38307851552963257
136,0.6240876913070679,0.39411014318466187,-0.3129878044128418,0.9992489218711853,0.6237554550170898,0.38104286789894104,-0.3260520100593567,0.9986483454704285,0.625221312046051,0.3787740170955658,-0.32600587606430054,0.9983382225036621,0.6267256736755371,0.37642377614974976,-0.32599812746047974,0.998436689376831,0.6216164827346802,0.38311469554901123,-0.31092268228530884,0.9991742372512817,0.6215395927429199,0.3826293647289276,-0.3110005855560303,0.9990317225456238,0.6214886903762817,0.3819252848625183,-0.31116652488708496,0.9994077682495117,0.641065239906311,0.35923826694488525,-0.3337906002998352,0.9980618357658386,0.6352049708366394,0.3646708130836487,-0.26579418778419495,0.9992295503616333,0.6360676288604736,0.3986462950706482,-0.31097695231437683,0.9989734292030334,0.6326674222946167,0.4010203778743744,-0.2910528779029846,0.9993818998336792,0.6795225143432617,0.3613777160644531,-0.2864548861980438,0.9998777508735657,0.6446758508682251,0.4040781259536743,-0.22574269771575928,0.9999727010726929,0.6857843995094299,0.4675670564174652,-0.2548004686832428,0.8468145728111267,0.6456794738769531,0.5234025716781616,-0.23078763484954834,0.9198402166366577,0.6875513792037964,0.5565657019615173,-0.24214188754558563,0.7866604924201965,0.6570708155632019,0.6393869519233704,-0.2817786931991577,0.9181106090545654,0.6902971267700195,0.5733574628829956,-0.2638292908668518,0.7018685936927795,0.6489671468734741,0.6608853340148926,-0.30965253710746765,0.8322756290435791,0.6876853704452515,0.5783671140670776,-0.2733638286590576,0.7299424409866333,0.6545393466949463,0.6620572209358215,-0.32531529664993286,0.8497743010520935,0.6859552264213562,0.5726072788238525,-0.24632628262043,0.6617633104324341,0.6592621803283691,0.6517050862312317,-0.29124847054481506,0.827287495136261,0.7158763408660889,0.5043031573295593,-0.00957547128200531,0.99976646900177,0.6984087228775024,0.5121446251869202,0.009236150421202183,0.9998195767402649,0.699989378452301,0.5644550919532776,0.1811116635799408,0.25943484902381897,0.6852061748504639,0.5307031273841858,0.21638934314250946,0.44070929288864136,0.6736816167831421,0.5842978358268738,0.4273671507835388,0.16175200045108795,0.66838139295578,0.5862235426902771,0.4439470171928406,0.24947652220726013,0.6741534471511841,0.5845105648040771,0.453280508518219,0.17057675123214722,0.667655348777771,0.5906326770782471,0.46809086203575134,0.23114901781082153,0.6553579568862915,0.5948429703712463,0.44024109840393066,0.332365483045578,0.6615809202194214,0.6044538617134094,0.4563635289669037,0.3727145195007324
137,0.6260532140731812,0.3934154510498047,-0.3508076071739197,0.9985101819038391,0.625270664691925,0.37996676564216614,-0.36088594794273376,0.9965259432792664,0.6267676949501038,0.37776896357536316,-0.36084720492362976,0.9956823587417603,0.6283170580863953,0.3753848075866699,-0.36084896326065063,0.9960432052612305,0.6231131553649902,0.3817630410194397,-0.3477279543876648,0.9980941414833069,0.6231469511985779,0.3809923827648163,-0.3478131890296936,0.9979973435401917,0.6232224106788635,0.37998270988464355,-0.34795528650283813,0.9987956881523132,0.6423505544662476,0.35720279812812805,-0.3473992943763733,0.9943360686302185,0.6350558400154114,0.36325615644454956,-0.2873265743255615,0.9985461235046387,0.6378693580627441,0.3971583843231201,-0.3403782546520233,0.9975784420967102,0.6354779601097107,0.39983370900154114,-0.32466763257980347,0.9986493587493896,0.6831855177879333,0.3454459607601166,-0.2654762268066406,0.9998301267623901,0.6397055387496948,0.4034584164619446,-0.2672997713088989,0.9999736547470093,0.7000052332878113,0.4338358938694,-0.21371972560882568,0.8042209148406982,0.6388363838195801,0.5070525407791138,-0.2784217298030853,0.9238021969795227,0.7074699401855469,0.5236961245536804,-0.21577031910419464,0.7402170896530151,0.6465905904769897,0.6090713143348694,-0.33590802550315857,0.9204702377319336,0.7110731601715088,0.542659342288971,-0.23200134932994843,0.6572347283363342,0.6383591890335083,0.6184436082839966,-0.36745432019233704,0.83454829454422,0.7074010372161865,0.5469703078269958,-0.24580904841423035,0.6859754920005798,0.6467443704605103,0.628751814365387,-0.3821631669998169,0.8519936203956604,0.7051912546157837,0.5411576628684998,-0.22167357802391052,0.6193058490753174,0.6520902514457703,0.6218666434288025,-0.3446927070617676,0.829131543636322,0.7165018320083618,0.4970000088214874,0.017170574516057968,0.9997428059577942,0.6966837644577026,0.512173593044281,-0.01738794706761837,0.9998264312744141,0.7028777599334717,0.5639588832855225,0.2513379156589508,0.24066266417503357,0.6863096952438354,0.5516070127487183,0.19160611927509308,0.4444787800312042,0.6747769117355347,0.5884031653404236,0.5242019891738892,0.15501491725444794,0.6683738827705383,0.6112414598464966,0.42392459511756897,0.2725593149662018,0.671017587184906,0.586711585521698,0.5523473620414734,0.16490550339221954,0.6653547883033752,0.6111024618148804,0.44808417558670044,0.2516978681087494,0.6616686582565308,0.6145925521850586,0.5237945318222046,0.3254431486129761,0.6662822365760803,0.6454930901527405,0.41795164346694946,0.3980734944343567
138,0.6242147088050842,0.3921054005622864,-0.30027371644973755,0.9978542327880859,0.623510479927063,0.3781561255455017,-0.3157683312892914,0.9950817823410034,0.6249399781227112,0.37628477811813354,-0.315716415643692,0.993806004524231,0.6265126466751099,0.37411248683929443,-0.31573185324668884,0.9939936995506287,0.6210742592811584,0.3790161609649658,-0.29834628105163574,0.9972209334373474,0.620882511138916,0.377859890460968,-0.29843682050704956,0.9972923994064331,0.6207823753356934,0.3764197826385498,-0.29858067631721497,0.9984137415885925,0.638994574546814,0.3574387729167938,-0.32614803314208984,0.9912325739860535,0.6330658197402954,0.3600703477859497,-0.24820217490196228,0.997958242893219,0.634699285030365,0.39622464776039124,-0.29861748218536377,0.9966194033622742,0.6323124766349792,0.39796003699302673,-0.2760729491710663,0.9981189966201782,0.6819474101066589,0.3518144488334656,-0.27033454179763794,0.9997265338897705,0.6391648054122925,0.3876305818557739,-0.20721416175365448,0.9999749660491943,0.7021673917770386,0.43490660190582275,-0.23167212307453156,0.7799162864685059,0.6307160258293152,0.4699958860874176,-0.19519229233264923,0.925125241279602,0.7040214538574219,0.5077845454216003,-0.21725276112556458,0.6913903951644897,0.6294307112693787,0.5463322401046753,-0.2543136179447174,0.9194276928901672,0.7057721018791199,0.5249854922294617,-0.23247358202934265,0.611691951751709,0.6273972988128662,0.5719673037528992,-0.27651432156562805,0.833888053894043,0.7019460797309875,0.5244982242584229,-0.24195127189159393,0.6380284428596497,0.6344796419143677,0.5728311538696289,-0.29162362217903137,0.851301908493042,0.7007657289505005,0.5182135105133057,-0.22081010043621063,0.5750921368598938,0.6378718018531799,0.563170850276947,-0.26269376277923584,0.829249382019043,0.7165765166282654,0.49701911211013794,-0.004809104837477207,0.9996974468231201,0.6965574026107788,0.5054713487625122,0.004543774761259556,0.9998340010643005,0.7026469111442566,0.5816152095794678,0.21140365302562714,0.23679190874099731,0.680363118648529,0.5696715116500854,0.195741206407547,0.4519783854484558,0.673541247844696,0.6105951070785522,0.4604880213737488,0.16496999561786652,0.6665259599685669,0.6285749077796936,0.3861643075942993,0.3005218505859375,0.6722465753555298,0.610966682434082,0.48713597655296326,0.17810174822807312,0.6662328839302063,0.6321171522140503,0.40477365255355835,0.2847130000591278,0.6575720906257629,0.6313849687576294,0.4649972915649414,0.3396107256412506,0.6599887609481812,0.6577104926109314,0.3697468340396881,0.4238402545452118
139,0.6240381002426147,0.39104631543159485,-0.3013710379600525,0.9968250393867493,0.623023271560669,0.3774353861808777,-0.31713348627090454,0.9930238127708435,0.6243014335632324,0.37556707859039307,-0.3170936703681946,0.9907633662223816,0.6255833506584167,0.37343013286590576,-0.31713417172431946,0.991037905216217,0.6208255887031555,0.3784016966819763,-0.30018776655197144,0.9957186579704285,0.6206060647964478,0.37728458642959595,-0.30025866627693176,0.9958635568618774,0.620442271232605,0.3758741021156311,-0.30037859082221985,0.9976560473442078,0.6358815431594849,0.3549483120441437,-0.3240496516227722,0.9848600625991821,0.6287869811058044,0.3597251772880554,-0.24803201854228973,0.9966724514961243,0.6339264512062073,0.3947153687477112,-0.29787421226501465,0.995002269744873,0.6316605806350708,0.39645156264305115,-0.2759103775024414,0.9971994161605835,0.6821904182434082,0.3482084572315216,-0.2554720342159271,0.9995631575584412,0.6352953314781189,0.3874429166316986,-0.20867767930030823,0.9999732971191406,0.7171475887298584,0.40604349970817566,-0.2020304650068283,0.7553014159202576,0.6277066469192505,0.4715825319290161,-0.19890475273132324,0.9259289503097534,0.7390955686569214,0.4413200318813324,-0.18778271973133087,0.6601556539535522,0.6241832971572876,0.5360363125801086,-0.2615155577659607,0.9206295609474182,0.7454186677932739,0.44269782304763794,-0.199269637465477,0.5819370150566101,0.6227665543556213,0.5624760389328003,-0.2869831323623657,0.8361262679100037,0.7451165914535522,0.44286295771598816,-0.2164924144744873,0.6091921925544739,0.6292662620544434,0.5585442185401917,-0.30160555243492126,0.8537245392799377,0.7419072389602661,0.44462889432907104,-0.19434654712677002,0.5496962666511536,0.632522463798523,0.550277054309845,-0.2700791656970978,0.8328040242195129,0.716450035572052,0.4966751039028168,-0.006422065198421478,0.9995684027671814,0.6950806975364685,0.5064567923545837,0.0062035126611590385,0.9998218417167664,0.6994605660438538,0.577240526676178,0.2356896847486496,0.2280297428369522,0.6754754781723022,0.5737240314483643,0.21742244064807892,0.4399805963039398,0.6755307912826538,0.6065974235534668,0.4890144467353821,0.15864680707454681,0.6663147807121277,0.6341425776481628,0.42665714025497437,0.3007505536079407,0.6724238395690918,0.6089838743209839,0.5157318115234375,0.17457373440265656,0.6663070321083069,0.6409019231796265,0.44808584451675415,0.2879523038864136,0.6585660576820374,0.6259983777999878,0.49481382966041565,0.33126914501190186,0.6625796556472778,0.6580004096031189,0.41269809007644653,0.42742031812667847
140,0.624164342880249,0.3893507122993469,-0.32730960845947266,0.9963625073432922,0.6226436495780945,0.37649306654930115,-0.34159302711486816,0.9922429323196411,0.6240246891975403,0.37452226877212524,-0.34155207872390747,0.9894523620605469,0.6253833174705505,0.3722977936267853,-0.3415816128253937,0.9899383783340454,0.6206303238868713,0.3773918151855469,-0.3267325758934021,0.9949356317520142,0.6204860806465149,0.37620171904563904,-0.3268119692802429,0.9950228929519653,0.6204274892807007,0.374740332365036,-0.326938271522522,0.9972147941589355,0.6364892721176147,0.35334116220474243,-0.33393099904060364,0.9820560216903687,0.6281353831291199,0.36015617847442627,-0.2727710008621216,0.9958850145339966,0.6342616677284241,0.3916161060333252,-0.3203110098838806,0.9943548440933228,0.6326125860214233,0.3929924964904785,-0.30077844858169556,0.9967840313911438,0.6837828159332275,0.3432990312576294,-0.2672535479068756,0.9995212554931641,0.6326320171356201,0.3886626660823822,-0.22313526272773743,0.9999739527702332,0.7235230207443237,0.40345048904418945,-0.22467148303985596,0.747917115688324,0.6274164915084839,0.470445841550827,-0.20790764689445496,0.9267300963401794,0.7502948045730591,0.44709083437919617,-0.22948434948921204,0.6452178359031677,0.6215184926986694,0.5282835364341736,-0.29669424891471863,0.9195107221603394,0.7579497694969177,0.4501713216304779,-0.24864336848258972,0.5657004117965698,0.6202846765518188,0.5508795976638794,-0.32425156235694885,0.8349310755729675,0.757244884967804,0.45118358731269836,-0.25893837213516235,0.5946031808853149,0.6258372068405151,0.5497864484786987,-0.3389933705329895,0.8531756401062012,0.753085196018219,0.45243746042251587,-0.233327716588974,0.5367818474769592,0.6291102766990662,0.5429732203483582,-0.30574414134025574,0.832929253578186,0.716033399105072,0.49254950881004333,0.0012634232407435775,0.9994702935218811,0.690534770488739,0.5064404606819153,-0.0014775979798287153,0.9998236894607544,0.7000561952590942,0.5601693391799927,0.2723710834980011,0.21637682616710663,0.6749979257583618,0.5727389454841614,0.20609721541404724,0.44169846177101135,0.6796342134475708,0.5964810252189636,0.5520237684249878,0.149007648229599,0.6656609773635864,0.6308726668357849,0.4229651987552643,0.3041124939918518,0.6748088598251343,0.5988677740097046,0.5815008282661438,0.16602616012096405,0.6644054651260376,0.6362475752830505,0.445343554019928,0.2905902862548828,0.6755574941635132,0.6171714663505554,0.5614115595817566,0.3174583613872528,0.6642215847969055,0.65462327003479,0.4120381474494934,0.4345380365848541
141,0.6233396530151367,0.38790369033813477,-0.33601149916648865,0.9959939122200012,0.6220899224281311,0.375060111284256,-0.34811389446258545,0.9918467998504639,0.623602032661438,0.3731094300746918,-0.34806883335113525,0.9890338778495789,0.625005841255188,0.37089958786964417,-0.34806427359580994,0.9896996021270752,0.6200857162475586,0.37564346194267273,-0.3349074721336365,0.9942678213119507,0.6200098395347595,0.37436988949775696,-0.3349896967411041,0.9942420721054077,0.6200048923492432,0.3728601336479187,-0.33511990308761597,0.996684193611145,0.6371713876724243,0.3520450294017792,-0.3445066213607788,0.9812254309654236,0.6265316605567932,0.3594319224357605,-0.27808526158332825,0.9950008988380432,0.6332166194915771,0.39049869775772095,-0.3274478316307068,0.9939258098602295,0.6312428712844849,0.3914872407913208,-0.3089188039302826,0.9962661266326904,0.6847531199455261,0.3467126488685608,-0.27181074023246765,0.9995140433311462,0.629702091217041,0.3891591429710388,-0.22168481349945068,0.999973475933075,0.7271100282669067,0.409987211227417,-0.2413552701473236,0.7551882266998291,0.6266719698905945,0.4635928273200989,-0.1536414623260498,0.9194537997245789,0.7579441666603088,0.4484752118587494,-0.2803744971752167,0.6480526924133301,0.6206833124160767,0.5230700373649597,-0.1579863727092743,0.9067391753196716,0.7670437693595886,0.44995245337486267,-0.29879558086395264,0.5641512870788574,0.6186510324478149,0.5453051328659058,-0.17111720144748688,0.8185120224952698,0.766177773475647,0.45052316784858704,-0.31749141216278076,0.5940636396408081,0.624048113822937,0.5460821986198425,-0.1879412978887558,0.8388959169387817,0.7609964609146118,0.4524058997631073,-0.2885558009147644,0.5364627242088318,0.627360999584198,0.5386889576911926,-0.16567479074001312,0.8197546005249023,0.7152201533317566,0.4914892911911011,-0.00012484658509492874,0.9992403388023376,0.6866639256477356,0.5078602433204651,-4.017668106826022e-05,0.9998005628585815,0.7009421586990356,0.5551960468292236,0.25558096170425415,0.20507627725601196,0.6733813881874084,0.578991711139679,0.20923662185668945,0.4446629285812378,0.6847602725028992,0.5827575325965881,0.5213635563850403,0.1402822881937027,0.6668004989624023,0.6331387162208557,0.42691469192504883,0.3039890229701996,0.6824043393135071,0.5849642157554626,0.5498086810112,0.15962575376033783,0.6656633615493774,0.6381887793540955,0.4492567181587219,0.2901288866996765,0.6824184656143188,0.5982718467712402,0.5283230543136597,0.30522048473358154,0.6685399413108826,0.6552307605743408,0.4106559753417969,0.43716320395469666
142,0.6223902106285095,0.3885854482650757,-0.3334351181983948,0.9954861998558044,0.6212626099586487,0.37563031911849976,-0.3477950096130371,0.9911619424819946,0.6226744651794434,0.3736729621887207,-0.34774965047836304,0.9881747961044312,0.624282956123352,0.37141579389572144,-0.3477633595466614,0.9889581799507141,0.6191303730010986,0.3764598071575165,-0.3315720558166504,0.9934133291244507,0.6190167665481567,0.3752972483634949,-0.33165910840034485,0.9931970238685608,0.6189541816711426,0.3739088773727417,-0.33179324865341187,0.996086835861206,0.6365536451339722,0.35288551449775696,-0.3456416428089142,0.9801528453826904,0.6274071931838989,0.35975539684295654,-0.27311038970947266,0.9939336180686951,0.632537305355072,0.39135369658470154,-0.32629311084747314,0.9933489561080933,0.6304481625556946,0.39258474111557007,-0.305278480052948,0.995689868927002,0.6846021413803101,0.346813827753067,-0.2732226848602295,0.99949049949646,0.6297267079353333,0.3898624777793884,-0.21483516693115234,0.9999722242355347,0.7204129099845886,0.42200350761413574,-0.2435498982667923,0.7541292309761047,0.6255843639373779,0.46369022130966187,-0.16706326603889465,0.9138063192367554,0.7391347289085388,0.4832213222980499,-0.27304983139038086,0.6367895007133484,0.6200078725814819,0.5201253294944763,-0.19489622116088867,0.896395206451416,0.7445868849754333,0.5067765116691589,-0.2919311821460724,0.5494155883789062,0.6175888776779175,0.5400930643081665,-0.21313145756721497,0.8022391200065613,0.7444318532943726,0.5058284997940063,-0.3129578232765198,0.5788756608963013,0.6222283840179443,0.5405821204185486,-0.22839966416358948,0.8248198628425598,0.7450727820396423,0.4979526400566101,-0.28324148058891296,0.5207262635231018,0.6254247426986694,0.5348238348960876,-0.20278248190879822,0.806938886642456,0.7141348719596863,0.4919483959674835,-0.003087510820478201,0.9991563558578491,0.6856412887573242,0.5080784559249878,0.002891003852710128,0.9997923374176025,0.701330304145813,0.55565345287323,0.2520672380924225,0.19536946713924408,0.6726381182670593,0.5811113119125366,0.21153071522712708,0.4488539695739746,0.6949701905250549,0.5763861536979675,0.517737865447998,0.1342778205871582,0.6683951616287231,0.6352338790893555,0.42356330156326294,0.304679811000824,0.6962295770645142,0.5765339732170105,0.5458179712295532,0.15593785047531128,0.6691386699676514,0.6394026279449463,0.4459211826324463,0.29041802883148193,0.6911101937294006,0.5927191972732544,0.5234394073486328,0.2979970872402191,0.6724730730056763,0.6636255979537964,0.41030001640319824,0.4400821328163147
143,0.620558500289917,0.3890478014945984,-0.3334605097770691,0.9953251481056213,0.6195007562637329,0.37610527873039246,-0.3490046560764313,0.9911139011383057,0.6208618879318237,0.37412235140800476,-0.3489605486392975,0.9882370829582214,0.6223222613334656,0.3718298077583313,-0.34897810220718384,0.9890792965888977,0.6173025369644165,0.37703487277030945,-0.33061158657073975,0.9930444359779358,0.6171300411224365,0.37592315673828125,-0.3306957185268402,0.992652177810669,0.6170412302017212,0.37459033727645874,-0.3308226466178894,0.9957308173179626,0.6347566843032837,0.35335859656333923,-0.3508191704750061,0.980688750743866,0.6267396211624146,0.3600393831729889,-0.27046769857406616,0.9932335615158081,0.6300719976425171,0.39189863204956055,-0.3281717002391815,0.9933398365974426,0.6282318830490112,0.39325717091560364,-0.30483874678611755,0.9955112338066101,0.684072732925415,0.3475247919559479,-0.2989885210990906,0.9995098114013672,0.6291877627372742,0.3885231018066406,-0.20497450232505798,0.9999717473983765,0.7188192009925842,0.4328501522541046,-0.27325472235679626,0.7662907242774963,0.6267560720443726,0.4608156383037567,-0.14184729754924774,0.9097810983657837,0.7367879152297974,0.5188746452331543,-0.2875560522079468,0.6460119485855103,0.6200680732727051,0.5205638408660889,-0.16302210092544556,0.8912243843078613,0.7393026947975159,0.5408691167831421,-0.3092692792415619,0.555202066898346,0.6173282861709595,0.5392143726348877,-0.177949458360672,0.7940401434898376,0.7439994812011719,0.5417378544807434,-0.32227104902267456,0.5840482115745544,0.6213023662567139,0.5397372841835022,-0.19589824974536896,0.8185282945632935,0.7364300489425659,0.5333682894706726,-0.29283973574638367,0.5234233140945435,0.6245763897895813,0.5345316529273987,-0.1718432903289795,0.8021318912506104,0.7132535576820374,0.49207356572151184,-0.012744146399199963,0.9991515874862671,0.6844792366027832,0.5078620910644531,0.01255478709936142,0.9997923374176025,0.7015779614448547,0.55791836977005,0.2389608919620514,0.19259901344776154,0.6713553667068481,0.5799229145050049,0.22163662314414978,0.45328226685523987,0.6940928101539612,0.5790184736251831,0.5028601884841919,0.13039293885231018,0.668535053730011,0.6336333155632019,0.4319095015525818,0.3066784143447876,0.6938871145248413,0.5788578391075134,0.5308910012245178,0.15610714256763458,0.670272707939148,0.6381138563156128,0.4540771543979645,0.29592129588127136,0.6855099201202393,0.5960222482681274,0.5080438852310181,0.29695600271224976,0.6721081733703613,0.6616451144218445,0.41566553711891174,0.447174072265625
144,0.6191931962966919,0.3892990052700043,-0.32684916257858276,0.9943297505378723,0.6173350214958191,0.37633928656578064,-0.342986524105072,0.9898062348365784,0.6186771988868713,0.37433332204818726,-0.34295639395713806,0.9868245124816895,0.6199861168861389,0.3719587028026581,-0.3429936468601227,0.9880661368370056,0.6157652139663696,0.37725377082824707,-0.32247650623321533,0.9911706447601318,0.6158424615859985,0.37605905532836914,-0.32255226373672485,0.9902575612068176,0.6159979104995728,0.3746598958969116,-0.32267293334007263,0.994282603263855,0.6319140195846558,0.35412150621414185,-0.35004210472106934,0.9792281985282898,0.6257680654525757,0.3603510856628418,-0.25947105884552,0.9906234741210938,0.6288858652114868,0.3922622799873352,-0.3236754536628723,0.9922762513160706,0.6281693577766418,0.39369451999664307,-0.29740315675735474,0.9942082762718201,0.6834213733673096,0.3491553068161011,-0.3005407452583313,0.9995086789131165,0.6293228268623352,0.3849586546421051,-0.19432801008224487,0.9999658465385437,0.7176914215087891,0.43456557393074036,-0.2910158038139343,0.7731980681419373,0.6276542544364929,0.46471497416496277,-0.13444730639457703,0.8950477242469788,0.7326532006263733,0.5187386274337769,-0.3172469139099121,0.6453698873519897,0.6201239228248596,0.5210919976234436,-0.15366755425930023,0.8724073171615601,0.7381330132484436,0.538947343826294,-0.3423934578895569,0.5502625107765198,0.6173399090766907,0.5398663878440857,-0.16811081767082214,0.7693086266517639,0.735139012336731,0.5396896600723267,-0.35359638929367065,0.5785909295082092,0.6209420561790466,0.539804995059967,-0.18542037904262543,0.7961313128471375,0.7305451035499573,0.5322073101997375,-0.3224051892757416,0.5157320499420166,0.6243239641189575,0.5332868099212646,-0.16250839829444885,0.781984269618988,0.7131344676017761,0.49272024631500244,-0.016231099143624306,0.999076247215271,0.6838958263397217,0.5080245733261108,0.016049092635512352,0.9997740983963013,0.7025643587112427,0.5621341466903687,0.23379330337047577,0.18523427844047546,0.6699665784835815,0.584939181804657,0.2230202853679657,0.4516030251979828,0.691979706287384,0.5843717455863953,0.49483928084373474,0.12617473304271698,0.6679515242576599,0.6448976993560791,0.43861645460128784,0.30516865849494934,0.692423403263092,0.5847350358963013,0.5223873853683472,0.1544312685728073,0.6697912216186523,0.6500272750854492,0.4611557424068451,0.29594430327415466,0.6832696199417114,0.6070559024810791,0.5046219825744629,0.29333603382110596,0.6688883900642395,0.6775190234184265,0.42016106843948364,0.4483698904514313
145,0.6174190640449524,0.3893800973892212,-0.3100014328956604,0.9940181970596313,0.6153512001037598,0.3764629364013672,-0.32659056782722473,0.9893608689308167,0.6165291666984558,0.3743990659713745,-0.32656413316726685,0.986487627029419,0.6179134249687195,0.3720041513442993,-0.32659900188446045,0.9878551363945007,0.6136540770530701,0.3773628771305084,-0.30519670248031616,0.9903429746627808,0.6136330366134644,0.3761574327945709,-0.3052612841129303,0.9892308712005615,0.613728404045105,0.3747580349445343,-0.30537644028663635,0.993645191192627,0.6292876601219177,0.3547646999359131,-0.3396863043308258,0.9792730808258057,0.6233812570571899,0.36057862639427185,-0.2439378798007965,0.9891428351402283,0.6269690990447998,0.39251118898391724,-0.3089035749435425,0.9919344186782837,0.6260936260223389,0.3939913809299469,-0.28126898407936096,0.9935747981071472,0.6781779527664185,0.35297074913978577,-0.3013167679309845,0.9995231628417969,0.6291505098342896,0.38590964674949646,-0.1790454089641571,0.9999592304229736,0.712400496006012,0.4429243803024292,-0.2960072159767151,0.7830081582069397,0.6278530359268188,0.46682286262512207,-0.140750914812088,0.8813259601593018,0.7222566604614258,0.534152626991272,-0.3106820285320282,0.6513493657112122,0.6208957433700562,0.5249991416931152,-0.18461650609970093,0.8601847887039185,0.7277990579605103,0.553234338760376,-0.3377949595451355,0.5526267290115356,0.6179190278053284,0.5427423119544983,-0.20350809395313263,0.7524403929710388,0.7212320566177368,0.555738091468811,-0.3454134166240692,0.5797716379165649,0.6208140850067139,0.5415326952934265,-0.22208523750305176,0.7806520462036133,0.717534065246582,0.5485538244247437,-0.3144832253456116,0.5145093202590942,0.624889075756073,0.5371310710906982,-0.19478188455104828,0.7682843804359436,0.7104994058609009,0.5007206201553345,-0.027679581195116043,0.9990421533584595,0.6842178702354431,0.5102507472038269,0.027504583820700645,0.9997418522834778,0.69865483045578,0.5726775527000427,0.21810385584831238,0.18512476980686188,0.6703848838806152,0.5855998992919922,0.2496422529220581,0.43788591027259827,0.6912040710449219,0.603349506855011,0.4642898440361023,0.1310059130191803,0.6695712804794312,0.6457720398902893,0.47986191511154175,0.3005978465080261,0.6910540461540222,0.6064701080322266,0.4898436665534973,0.16437529027462006,0.6731982231140137,0.6521708369255066,0.5039415955543518,0.29907965660095215,0.6785052418708801,0.6256040334701538,0.4601425230503082,0.30682215094566345,0.6688117980957031,0.6767144203186035,0.46865788102149963,0.4483518600463867
146,0.6171272993087769,0.389631062746048,-0.3987213671207428,0.9941325783729553,0.6141268014907837,0.3766433000564575,-0.41075482964515686,0.9897122979164124,0.615476667881012,0.3745567798614502,-0.4107593894004822,0.987066388130188,0.6168492436408997,0.37217170000076294,-0.41080528497695923,0.9885132908821106,0.6125133037567139,0.37766319513320923,-0.39166057109832764,0.9904263615608215,0.612537682056427,0.37645116448402405,-0.39171332120895386,0.9890394806861877,0.6123372316360474,0.3748452961444855,-0.3918330669403076,0.9935013055801392,0.627699077129364,0.35491228103637695,-0.40133267641067505,0.9806075096130371,0.6210628747940063,0.36099451780319214,-0.3159498870372772,0.9888280630111694,0.6271752119064331,0.39246320724487305,-0.3893178403377533,0.9921086430549622,0.6262312531471252,0.394133985042572,-0.364656925201416,0.993478536605835,0.6762745976448059,0.3530077338218689,-0.36716195940971375,0.9995608329772949,0.6252386569976807,0.3918117582798004,-0.22899694740772247,0.9999430179595947,0.7014453411102295,0.4638909101486206,-0.388815701007843,0.8010538816452026,0.628118634223938,0.47784894704818726,-0.2069510966539383,0.8638222813606262,0.7015460729598999,0.5843898057937622,-0.4186022877693176,0.6784533858299255,0.64012211561203,0.5930949449539185,-0.26025390625,0.847802996635437,0.7058567404747009,0.6095256805419922,-0.45855242013931274,0.5816874504089355,0.6360366940498352,0.6147875785827637,-0.28769269585609436,0.7349486947059631,0.6957956552505493,0.6153720617294312,-0.46261540055274963,0.6068736910820007,0.6386705636978149,0.6165010929107666,-0.30933281779289246,0.7639608979225159,0.6934704780578613,0.6062391996383667,-0.42217403650283813,0.5396754741668701,0.6428844332695007,0.6082051396369934,-0.2729564309120178,0.7514527440071106,0.7083833813667297,0.5004081130027771,-0.03216147422790527,0.9990872144699097,0.6792398691177368,0.5101579427719116,0.0320327952504158,0.9997204542160034,0.6977595686912537,0.5724935531616211,0.22127750515937805,0.1927422285079956,0.6673651933670044,0.583139181137085,0.26803892850875854,0.42235076427459717,0.6856676340103149,0.6006307005882263,0.4945772588253021,0.13970564305782318,0.6661760807037354,0.6368178725242615,0.5244207978248596,0.2923307418823242,0.6880739331245422,0.6025247573852539,0.5219131112098694,0.1747516244649887,0.6696866154670715,0.6405034065246582,0.5504273772239685,0.29233068227767944,0.6720693707466125,0.6263098120689392,0.4614807665348053,0.32919415831565857,0.6626623868942261,0.6746187806129456,0.5031424164772034,0.4485916197299957
147,0.613628089427948,0.3898141086101532,-0.3843914270401001,0.9945170879364014,0.6112251877784729,0.37671011686325073,-0.39896416664123535,0.9904444217681885,0.6125537157058716,0.37465497851371765,-0.3989560008049011,0.9880806803703308,0.6139350533485413,0.3724540174007416,-0.39898186922073364,0.9894323945045471,0.6092087626457214,0.37784716486930847,-0.37780681252479553,0.9908964037895203,0.60910564661026,0.37668487429618835,-0.3778495490550995,0.989475429058075,0.609115481376648,0.3751758933067322,-0.3779531717300415,0.9936582446098328,0.6251064538955688,0.35614264011383057,-0.404776006937027,0.9822688102722168,0.6188423037528992,0.3610858917236328,-0.3102208077907562,0.9888587594032288,0.6236242651939392,0.392572283744812,-0.38072121143341064,0.9925344586372375,0.6225870847702026,0.39412933588027954,-0.35346031188964844,0.9936439990997314,0.667730450630188,0.365850031375885,-0.39539650082588196,0.9996006488800049,0.6252654790878296,0.3836984932422638,-0.22623081505298615,0.9999336004257202,0.6791623830795288,0.5055307745933533,-0.42662009596824646,0.8199860453605652,0.6363789439201355,0.4810752868652344,-0.20477287471294403,0.8427603244781494,0.6693204641342163,0.6360297203063965,-0.44623908400535583,0.7093753218650818,0.6390259265899658,0.5849976539611816,-0.24327194690704346,0.839539647102356,0.6713067293167114,0.6627682447433472,-0.4906899333000183,0.6203495860099792,0.6344279050827026,0.6045764088630676,-0.2667803168296814,0.724327564239502,0.6627455949783325,0.6639091372489929,-0.49216341972351074,0.6431627869606018,0.6378081440925598,0.607552170753479,-0.2877662479877472,0.7531682252883911,0.6621429920196533,0.6544341444969177,-0.4488138258457184,0.5798927545547485,0.6415466666221619,0.6006818413734436,-0.2547387182712555,0.7400147318840027,0.7025428414344788,0.5016026496887207,-0.044091757386922836,0.9991400837898254,0.6775521636009216,0.50749272108078,0.043895501643419266,0.9997016787528992,0.692112147808075,0.5724157691001892,0.22153499722480774,0.19735026359558105,0.6669950485229492,0.5734840631484985,0.2926989495754242,0.4026623070240021,0.6809607744216919,0.6092425584793091,0.501280665397644,0.15717177093029022,0.6655580401420593,0.6297728419303894,0.5745538473129272,0.2872823178768158,0.6846486330032349,0.6112841963768005,0.5287702083587646,0.1941782534122467,0.6692126989364624,0.6339383721351624,0.6025073528289795,0.29039445519447327,0.6670264005661011,0.641705334186554,0.4647738039493561,0.3613475263118744,0.6577714085578918,0.6725313067436218,0.5570619702339172,0.4517212212085724
148,0.6134102940559387,0.38980454206466675,-0.4003121852874756,0.9947851300239563,0.6104452610015869,0.3767901062965393,-0.4124282896518707,0.9909663200378418,0.6117281317710876,0.37472084164619446,-0.41242122650146484,0.9888063669204712,0.6130080819129944,0.3724842369556427,-0.4124515652656555,0.990105926990509,0.6089721322059631,0.37798139452934265,-0.3926631212234497,0.9912942051887512,0.6089475750923157,0.3768908977508545,-0.3927118182182312,0.9898524284362793,0.6090356707572937,0.3754786550998688,-0.3928345739841461,0.9938502907752991,0.6242237091064453,0.3557286560535431,-0.4074293076992035,0.9834935665130615,0.6175646185874939,0.3610997200012207,-0.3193334937095642,0.989155113697052,0.6230911612510681,0.39245858788490295,-0.392845094203949,0.9928185939788818,0.6220110654830933,0.3940810263156891,-0.36728304624557495,0.9937847852706909,0.6665738821029663,0.3646918535232544,-0.3800007700920105,0.9996351599693298,0.6237796545028687,0.3862953186035156,-0.233629509806633,0.9999299049377441,0.6825243830680847,0.49011924862861633,-0.4029400944709778,0.8346834778785706,0.6323367953300476,0.4857877492904663,-0.2179991453886032,0.8327879309654236,0.6695734262466431,0.6278332471847534,-0.4275902211666107,0.7341622114181519,0.6507748365402222,0.6314783096313477,-0.2726765275001526,0.8419779539108276,0.6744480729103088,0.6493600010871887,-0.46850961446762085,0.6495617032051086,0.6401962637901306,0.6333891749382019,-0.30007824301719666,0.7271242737770081,0.6634365916252136,0.6591928005218506,-0.47209087014198303,0.6704791188240051,0.650629460811615,0.6517358422279358,-0.3214153051376343,0.7549856901168823,0.6658083200454712,0.6410643458366394,-0.43100324273109436,0.6075802445411682,0.651643693447113,0.6410357356071472,-0.28492385149002075,0.7410335540771484,0.7005807757377625,0.501285970211029,-0.039650507271289825,0.9992006421089172,0.6756569147109985,0.5074776411056519,0.03944862633943558,0.9997011423110962,0.6859380602836609,0.5763005018234253,0.2138739377260208,0.21115565299987793,0.663127064704895,0.5735093951225281,0.27658507227897644,0.38710999488830566,0.6730293035507202,0.6232075691223145,0.48324495553970337,0.18295422196388245,0.660277783870697,0.6319522261619568,0.5459198951721191,0.2856476902961731,0.677466094493866,0.6279177069664001,0.509004533290863,0.21817822754383087,0.6640917062759399,0.6373318433761597,0.5727428197860718,0.287600040435791,0.65704345703125,0.6531509757041931,0.4543151259422302,0.39434614777565,0.6509981155395508,0.6699609160423279,0.5256734490394592,0.4559360444545746
149,0.6103535890579224,0.3876224160194397,-0.39729148149490356,0.994544267654419,0.6067929267883301,0.374642550945282,-0.4099601209163666,0.9906230568885803,0.6078672409057617,0.3728097677230835,-0.4098939001560211,0.9887480139732361,0.6094253659248352,0.3705001771450043,-0.41000109910964966,0.9900755882263184,0.6056380271911621,0.3755949139595032,-0.37876513600349426,0.990464448928833,0.6058286428451538,0.3745836913585663,-0.37879958748817444,0.9887639284133911,0.6061447262763977,0.37331423163414,-0.3789656460285187,0.9928850531578064,0.6208177208900452,0.3547387719154358,-0.3903510868549347,0.983839213848114,0.6156305074691772,0.359211802482605,-0.31321871280670166,0.987418532371521,0.6198880672454834,0.3904457986354828,-0.376045823097229,0.992300808429718,0.619673490524292,0.3916063606739044,-0.3616907298564911,0.9928554892539978,0.6597074866294861,0.36656177043914795,-0.3716169595718384,0.999662458896637,0.6236480474472046,0.38125529885292053,-0.21524615585803986,0.9999213814735413,0.6681452393531799,0.49779731035232544,-0.3944399058818817,0.8479892015457153,0.6261692047119141,0.4764620363712311,-0.1935451626777649,0.8113874793052673,0.6632786989212036,0.6316257119178772,-0.4120888113975525,0.7559114694595337,0.6439669132232666,0.625074028968811,-0.24953265488147736,0.8272243738174438,0.6659576296806335,0.6612446904182434,-0.4495062828063965,0.6750026345252991,0.638076663017273,0.6237273216247559,-0.27113595604896545,0.7108079791069031,0.6584129333496094,0.6599406599998474,-0.45297425985336304,0.6940214037895203,0.6376168131828308,0.6448414921760559,-0.298391193151474,0.7379917502403259,0.658315122127533,0.6479378938674927,-0.41468530893325806,0.6310055255889893,0.6404696106910706,0.6286090612411499,-0.2655087411403656,0.7225819826126099,0.69551020860672,0.5030261874198914,-0.0358252078294754,0.9992265701293945,0.6743391752243042,0.5070310235023499,0.035606808960437775,0.9996895790100098,0.6829537153244019,0.5780529975891113,0.21501751244068146,0.207381471991539,0.6605838537216187,0.5789947509765625,0.26029959321022034,0.38208359479904175,0.6701069474220276,0.631758451461792,0.4834910035133362,0.19600258767604828,0.6577625870704651,0.6438236832618713,0.5153513550758362,0.2937200367450714,0.6737286448478699,0.6380293369293213,0.5094349980354309,0.23568451404571533,0.6611410975456238,0.6501991152763367,0.5407561659812927,0.29574206471443176,0.655861496925354,0.6602189540863037,0.46189379692077637,0.4160620868206024,0.6488324403762817,0.6796693801879883,0.49429336190223694,0.4646756052970886
150,0.6075576543807983,0.38473764061927795,-0.38921546936035156,0.9945322871208191,0.6047776341438293,0.37147900462150574,-0.40283268690109253,0.9906710386276245,0.6061347126960754,0.36980530619621277,-0.4026947021484375,0.9890762567520142,0.6076701879501343,0.3677443265914917,-0.40268826484680176,0.9903654456138611,0.603020191192627,0.3722003102302551,-0.3709145486354828,0.989958643913269,0.603216290473938,0.37112998962402344,-0.3710061013698578,0.9880920052528381,0.6035261154174805,0.36981433629989624,-0.37118059396743774,0.9921373128890991,0.6193777322769165,0.35305091738700867,-0.3850589990615845,0.9843339323997498,0.6136795282363892,0.35643529891967773,-0.30454784631729126,0.9854021072387695,0.6178362369537354,0.3879874050617218,-0.36925023794174194,0.9920351505279541,0.6172082424163818,0.3885597288608551,-0.35270291566848755,0.9921731352806091,0.6579896211624146,0.37749895453453064,-0.37243959307670593,0.9996886849403381,0.6220699548721313,0.3693811595439911,-0.20838823914527893,0.9999078512191772,0.6662293672561646,0.5162461996078491,-0.39954879879951477,0.861002504825592,0.6265075206756592,0.4560467302799225,-0.13717710971832275,0.7763214707374573,0.6648410558700562,0.6402677893638611,-0.41816267371177673,0.7782535552978516,0.6162621974945068,0.5239396095275879,-0.12473245710134506,0.7890634536743164,0.666115403175354,0.6653218865394592,-0.4560620188713074,0.7024518847465515,0.6132668256759644,0.5354169011116028,-0.1323319971561432,0.674873411655426,0.657837450504303,0.663696825504303,-0.4590303301811218,0.7196135520935059,0.6156885623931885,0.5369188785552979,-0.15339544415473938,0.7012842297554016,0.657051682472229,0.6547435522079468,-0.42046037316322327,0.6587803959846497,0.6174309253692627,0.5338234305381775,-0.13425573706626892,0.6865586638450623,0.6919944286346436,0.5037798285484314,-0.03793521970510483,0.9992506504058838,0.6716107130050659,0.5022165775299072,0.03772019222378731,0.9996882081031799,0.6767699122428894,0.5815514922142029,0.23172590136528015,0.20350226759910583,0.6573392152786255,0.5830087065696716,0.23858051002025604,0.3834514617919922,0.6705895066261292,0.6393251419067383,0.5044887661933899,0.21436968445777893,0.652783989906311,0.668439507484436,0.46098318696022034,0.2984762489795685,0.6746069192886353,0.6467454433441162,0.5315248966217041,0.25025251507759094,0.6563506722450256,0.6785556077957153,0.4826710820198059,0.2950744926929474,0.6575646996498108,0.6682726740837097,0.48496922850608826,0.438663125038147,0.6426106691360474,0.706214189529419,0.4263550341129303,0.46948152780532837
151,0.6037925481796265,0.3820793628692627,-0.3759298026561737,0.9948850274085999,0.6009045839309692,0.36841702461242676,-0.3894963264465332,0.9913020730018616,0.6025395393371582,0.3668322265148163,-0.3894326090812683,0.9898971915245056,0.6041327714920044,0.36499813199043274,-0.38944700360298157,0.9911061525344849,0.5995734930038452,0.3688521385192871,-0.36546483635902405,0.9904363751411438,0.5999596118927002,0.3677885830402374,-0.3655425012111664,0.9886260628700256,0.6004994511604309,0.3664778769016266,-0.36569246649742126,0.9924076795578003,0.6172500848770142,0.3516887426376343,-0.3925755023956299,0.9855319857597351,0.6114892959594727,0.354015976190567,-0.30154794454574585,0.9857204556465149,0.6145241260528564,0.3863576352596283,-0.36752933263778687,0.9925422668457031,0.613683819770813,0.3865371346473694,-0.34398627281188965,0.9924979209899902,0.6558893918991089,0.38698136806488037,-0.3880603313446045,0.9997156858444214,0.620662271976471,0.36705154180526733,-0.2100006639957428,0.9999026656150818,0.6666921377182007,0.5228798985481262,-0.4216030240058899,0.8735719919204712,0.6247729063034058,0.45282652974128723,-0.13821923732757568,0.7506493330001831,0.6639289855957031,0.6411259174346924,-0.44155946373939514,0.7991293668746948,0.6094026565551758,0.5161581635475159,-0.12571515142917633,0.7597423791885376,0.6653062701225281,0.6675440669059753,-0.48286691308021545,0.7289783954620361,0.6068056225776672,0.5276616215705872,-0.134852796792984,0.6473358869552612,0.6563838720321655,0.6660457849502563,-0.486781507730484,0.744407594203949,0.6084264516830444,0.5307309627532959,-0.15690210461616516,0.6729925870895386,0.6558864116668701,0.6579903960227966,-0.4446210265159607,0.6867115497589111,0.6115226149559021,0.5267789363861084,-0.13583603501319885,0.6598138213157654,0.6896587610244751,0.5092920660972595,-0.04240841418504715,0.9992784857749939,0.6703535914421082,0.5023355484008789,0.04221424087882042,0.9996764659881592,0.670046329498291,0.590064525604248,0.23035450279712677,0.20282551646232605,0.6542461514472961,0.5911158919334412,0.2533798813819885,0.38396045565605164,0.6661426424980164,0.6534954309463501,0.4985026717185974,0.23904961347579956,0.6525545120239258,0.6782327890396118,0.4961160719394684,0.30371344089508057,0.6711727380752563,0.6638705134391785,0.5254175066947937,0.27302926778793335,0.6564517617225647,0.6890676617622375,0.5200251340866089,0.29869675636291504,0.650705873966217,0.6786041855812073,0.4803982675075531,0.4668637812137604,0.6416836380958557,0.7141480445861816,0.4655598998069763,0.47560548782348633
152,0.5960252285003662,0.3788796663284302,-0.3588463068008423,0.9948859810829163,0.5941537618637085,0.36558008193969727,-0.3744576573371887,0.9913239479064941,0.5956457853317261,0.36423972249031067,-0.3744015395641327,0.9901252388954163,0.5972469449043274,0.3626643717288971,-0.37441954016685486,0.9913603067398071,0.5926433801651001,0.3658227324485779,-0.34973210096359253,0.9899997115135193,0.5930510759353638,0.36470451951026917,-0.3497968316078186,0.9880916476249695,0.5936889052391052,0.36332249641418457,-0.3499254584312439,0.9918419122695923,0.6106202006340027,0.35089224576950073,-0.38875067234039307,0.9859172105789185,0.6062649488449097,0.3513001799583435,-0.2904280424118042,0.9840683341026306,0.6071935296058655,0.38398563861846924,-0.36159104108810425,0.9925195574760437,0.606255054473877,0.38401439785957336,-0.33164697885513306,0.9920299053192139,0.6497896909713745,0.3860958516597748,-0.3880121111869812,0.9997342228889465,0.6173875331878662,0.3576461374759674,-0.20116734504699707,0.9998940825462341,0.6594279408454895,0.5132443904876709,-0.42048734426498413,0.8841774463653564,0.621124267578125,0.4402061998844147,-0.13207513093948364,0.7212290167808533,0.661560595035553,0.6377084255218506,-0.4293355941772461,0.8160277605056763,0.604588508605957,0.5147209763526917,-0.12453462183475494,0.7255595922470093,0.6632229089736938,0.659907341003418,-0.4676644206047058,0.7491154074668884,0.6019195318222046,0.5257176160812378,-0.13198775053024292,0.6161182522773743,0.6550953984260559,0.663411021232605,-0.4702168107032776,0.762998104095459,0.6041243076324463,0.5308818221092224,-0.15545228123664856,0.6412878632545471,0.6545141935348511,0.654186487197876,-0.4317106306552887,0.7059760093688965,0.6070205569267273,0.5269453525543213,-0.13540716469287872,0.630830705165863,0.6865527033805847,0.5088834166526794,-0.047108639031648636,0.9992687106132507,0.6679903268814087,0.49890437722206116,0.046876221895217896,0.9996278882026672,0.6682509779930115,0.5890234112739563,0.20467396080493927,0.20213784277439117,0.6514854431152344,0.5897988080978394,0.26078641414642334,0.37537693977355957,0.6607744693756104,0.6578473448753357,0.46184247732162476,0.2591862678527832,0.6512296795845032,0.6728295683860779,0.5094810724258423,0.3056677579879761,0.6651657819747925,0.6691954731941223,0.4870261549949646,0.29035860300064087,0.6550995111465454,0.6835822463035583,0.5338776111602783,0.3023172616958618,0.643191933631897,0.6815258264541626,0.4412153661251068,0.4888979494571686,0.6401022672653198,0.7045601606369019,0.4855593144893646,0.4766794741153717
153,0.595497727394104,0.3780137300491333,-0.36836951971054077,0.9952819347381592,0.5931231379508972,0.36504966020584106,-0.3829391598701477,0.9920156598091125,0.5946756601333618,0.3636755347251892,-0.3828931748867035,0.990953803062439,0.5963790416717529,0.3620310127735138,-0.3829065263271332,0.9920931458473206,0.591776430606842,0.36528515815734863,-0.3592073917388916,0.9907032251358032,0.5922715067863464,0.3641633689403534,-0.3592771887779236,0.9889252185821533,0.5929625630378723,0.36274459958076477,-0.35940080881118774,0.9923772811889648,0.6104328632354736,0.3500371277332306,-0.396332323551178,0.9871042966842651,0.6053985953330994,0.3504532277584076,-0.2972712814807892,0.9850966930389404,0.6066957712173462,0.38301408290863037,-0.36994269490242004,0.9931303262710571,0.6054596900939941,0.3830561339855194,-0.3408988416194916,0.9926084280014038,0.6506680250167847,0.3848242461681366,-0.3889976441860199,0.9997590184211731,0.6149365305900574,0.3595212697982788,-0.20436696708202362,0.999899685382843,0.6661235690116882,0.5128906965255737,-0.42070135474205017,0.8948516845703125,0.6157301664352417,0.4400143623352051,-0.11952797323465347,0.7047529220581055,0.6658238172531128,0.6413228511810303,-0.44048914313316345,0.833584725856781,0.5996226072311401,0.5156359076499939,-0.08453641831874847,0.7141168117523193,0.6672511696815491,0.665095329284668,-0.4786224961280823,0.7720994353294373,0.5968034863471985,0.5309165716171265,-0.08958865702152252,0.6056578159332275,0.6578329205513,0.6666296124458313,-0.48550885915756226,0.7845959067344666,0.6006220579147339,0.5336387157440186,-0.11197833716869354,0.6312366724014282,0.6569384336471558,0.6587724685668945,-0.4443872570991516,0.7312067747116089,0.6024389266967773,0.5300098657608032,-0.09412931650876999,0.6222781538963318,0.6861911416053772,0.5085780620574951,-0.04204336181282997,0.9993205070495605,0.6655863523483276,0.4986478090286255,0.041825659573078156,0.9996488690376282,0.6680430769920349,0.5881755948066711,0.22392818331718445,0.20341446995735168,0.6465117335319519,0.5905991196632385,0.2499532401561737,0.38386064767837524,0.6548823118209839,0.6533402800559998,0.49495822191238403,0.2788178622722626,0.6418039798736572,0.6742073893547058,0.4962843060493469,0.3187345266342163,0.6577131748199463,0.6622560024261475,0.521870493888855,0.30830374360084534,0.6447396278381348,0.6841211318969727,0.5192411541938782,0.3107658326625824,0.6333916187286377,0.6808961033821106,0.4719820022583008,0.512874186038971,0.6308580636978149,0.7074073553085327,0.4601857662200928,0.48915863037109375
154,0.5893862843513489,0.3764561414718628,-0.37769144773483276,0.9955384135246277,0.587733268737793,0.36356526613235474,-0.3923646807670593,0.9924673438072205,0.5892399549484253,0.3624236583709717,-0.3923250138759613,0.9915341138839722,0.5908529758453369,0.36102402210235596,-0.39235934615135193,0.99263596534729,0.5858479142189026,0.3635057806968689,-0.3680759370326996,0.9909642934799194,0.5860644578933716,0.3623568117618561,-0.36814671754837036,0.9892178177833557,0.5865243673324585,0.36090171337127686,-0.3682699203491211,0.9925330281257629,0.603688657283783,0.3499077558517456,-0.40688571333885193,0.9880132675170898,0.598987877368927,0.348974347114563,-0.3013409972190857,0.9852818846702576,0.5999704599380493,0.3822035789489746,-0.37859323620796204,0.9935973286628723,0.5985084772109985,0.38213157653808594,-0.34801793098449707,0.9928876161575317,0.6452583074569702,0.3859342336654663,-0.4042165279388428,0.9997798800468445,0.6099927425384521,0.3552805781364441,-0.2026948630809784,0.9998988509178162,0.6637998819351196,0.5155566930770874,-0.4366630017757416,0.9041764736175537,0.6117695569992065,0.43888604640960693,-0.11898013204336166,0.6924434900283813,0.6632437109947205,0.6426681280136108,-0.45066601037979126,0.8487237691879272,0.5954177379608154,0.5168334245681763,-0.10506649315357208,0.7049108147621155,0.6657466888427734,0.6655904054641724,-0.4909352660179138,0.7913962602615356,0.5933592319488525,0.5323148369789124,-0.11162307113409042,0.5987960696220398,0.6546598672866821,0.668565034866333,-0.4968823492527008,0.8026407957077026,0.5959078073501587,0.5365098118782043,-0.1377831995487213,0.6237319707870483,0.6547167897224426,0.6595677137374878,-0.45439785718917847,0.751575231552124,0.5978018641471863,0.5320879817008972,-0.11676152050495148,0.616669237613678,0.6821672916412354,0.5093371272087097,-0.054181285202503204,0.9993333220481873,0.6620121598243713,0.496521532535553,0.0540156289935112,0.9996127486228943,0.6568347811698914,0.5952104926109314,0.17968952655792236,0.21819818019866943,0.6431320905685425,0.5916558504104614,0.2626039981842041,0.38361626863479614,0.654066801071167,0.6653677821159363,0.4385527968406677,0.3053540289402008,0.6430076360702515,0.6805629134178162,0.5172417759895325,0.3216191232204437,0.6597830057144165,0.6775797009468079,0.4632253050804138,0.32597875595092773,0.6471962332725525,0.692989706993103,0.5418422818183899,0.31412550806999207,0.6290938854217529,0.6840941309928894,0.4117078185081482,0.5343747138977051,0.6227632164955139,0.7006308436393738,0.4928728938102722,0.49021708965301514
155,0.5813126564025879,0.37393057346343994,-0.3213733732700348,0.9957386255264282,0.5800591707229614,0.3610023558139801,-0.3373914957046509,0.9927061796188354,0.581513524055481,0.3599204123020172,-0.3373463749885559,0.9917922616004944,0.5830156207084656,0.35861143469810486,-0.33736830949783325,0.9928783774375916,0.5788812041282654,0.36085841059684753,-0.31522074341773987,0.9912323951721191,0.5795196890830994,0.35968726873397827,-0.3153097927570343,0.989531397819519,0.5803552269935608,0.35818299651145935,-0.3154586851596832,0.9927383661270142,0.5955581665039062,0.348984032869339,-0.356892853975296,0.9883505702018738,0.592869222164154,0.34727466106414795,-0.25806230306625366,0.985689640045166,0.5927184224128723,0.38066190481185913,-0.32320719957351685,0.9939776659011841,0.5921403169631958,0.38046759366989136,-0.29475295543670654,0.993279218673706,0.6389102339744568,0.38576775789260864,-0.34736916422843933,0.9997857809066772,0.6073237657546997,0.35281074047088623,-0.1664448082447052,0.9999034404754639,0.6511849761009216,0.5102647542953491,-0.3440476655960083,0.9089469313621521,0.6055511236190796,0.43841320276260376,-0.10308222472667694,0.7038062214851379,0.6430912613868713,0.6090120673179626,-0.33480843901634216,0.8524225950241089,0.5911906957626343,0.5201141834259033,-0.12132767587900162,0.7071414589881897,0.6445125341415405,0.6353590488433838,-0.36401382088661194,0.7954026460647583,0.5896981954574585,0.5364781022071838,-0.1316581815481186,0.6008718609809875,0.6391862034797668,0.6321343779563904,-0.3735535144805908,0.8055047988891602,0.5925300121307373,0.5393134951591492,-0.15815338492393494,0.6250221133232117,0.6385968923568726,0.6209093928337097,-0.3387793004512787,0.7531975507736206,0.594123125076294,0.534481406211853,-0.13346025347709656,0.6182345747947693,0.6766698956489563,0.5162824988365173,-0.05188616365194321,0.999324381351471,0.65882408618927,0.4984247088432312,0.05171114206314087,0.9996193051338196,0.6466233134269714,0.6258255243301392,0.09081414341926575,0.2777421474456787,0.6384730339050293,0.6390244960784912,0.13062040507793427,0.4333978295326233,0.6511062979698181,0.6985865831375122,0.34787118434906006,0.35266533493995667,0.6464179754257202,0.7625724673271179,0.30478769540786743,0.3744151294231415,0.6586840748786926,0.710792064666748,0.37206029891967773,0.35497164726257324,0.6486097574234009,0.7800570726394653,0.3202424943447113,0.3567740023136139,0.6259881258010864,0.7261423468589783,0.3319135904312134,0.5609561204910278,0.6295685172080994,0.8043274879455566,0.2618209421634674,0.5237894058227539
156,0.578364372253418,0.37312474846839905,-0.2363702803850174,0.9955939054489136,0.576177716255188,0.3595321774482727,-0.255624383687973,0.9925684928894043,0.5774513483047485,0.35843127965927124,-0.25557050108909607,0.9915595054626465,0.5789218544960022,0.35706713795661926,-0.2555815875530243,0.9926756620407104,0.574953556060791,0.35944318771362305,-0.23318473994731903,0.990966796875,0.5754417777061462,0.358263224363327,-0.23325438797473907,0.989250123500824,0.5761249661445618,0.35670310258865356,-0.23337776958942413,0.9925025701522827,0.5914170742034912,0.3481783866882324,-0.29299068450927734,0.988284707069397,0.5894083380699158,0.34559088945388794,-0.19184079766273499,0.9854876399040222,0.5897917151451111,0.38042593002319336,-0.24456384778022766,0.9940807819366455,0.5889867544174194,0.38040533661842346,-0.21540680527687073,0.9933783411979675,0.6258813738822937,0.38716137409210205,-0.2963862121105194,0.9997867941856384,0.6094616651535034,0.34618160128593445,-0.1133582815527916,0.9999019503593445,0.6187726259231567,0.4869610667228699,-0.26964086294174194,0.9103872179985046,0.6060174703598022,0.43508559465408325,-0.059121984988451004,0.6880509853363037,0.6037091016769409,0.5532829761505127,-0.22151298820972443,0.8429991006851196,0.5897237062454224,0.5192199945449829,-0.08450935035943985,0.6841327548027039,0.615984320640564,0.5931064486503601,-0.24653956294059753,0.7831512093544006,0.587526798248291,0.5368192791938782,-0.09310506284236908,0.5803534984588623,0.6075202822685242,0.5707864761352539,-0.25004929304122925,0.7922208905220032,0.5902652740478516,0.5380967259407043,-0.11997971683740616,0.6030149459838867,0.6019200086593628,0.5554937720298767,-0.22238007187843323,0.7387447953224182,0.592238187789917,0.5326107740402222,-0.09653711318969727,0.5982192158699036,0.6689820885658264,0.5254350304603577,-0.05989593267440796,0.9993169903755188,0.6608771085739136,0.4996863603591919,0.05972401425242424,0.9995658993721008,0.628703773021698,0.6479429602622986,0.04451410099864006,0.3375259339809418,0.6440238952636719,0.6262142062187195,0.1957777887582779,0.44428008794784546,0.6430641412734985,0.7117729187011719,0.28226619958877563,0.38782161474227905,0.648867130279541,0.7457388043403625,0.3947671055793762,0.39588385820388794,0.6523619890213013,0.7211757898330688,0.3069223165512085,0.3837085962295532,0.6556425094604492,0.7637274265289307,0.41401100158691406,0.37788155674934387,0.6240285634994507,0.7345757484436035,0.30052244663238525,0.5776530504226685,0.6338827013969421,0.7814899682998657,0.38394349813461304,0.5295051336288452
157,0.5750412940979004,0.37409213185310364,-0.2321350872516632,0.9959301352500916,0.5727981328964233,0.360213041305542,-0.24994054436683655,0.9931554794311523,0.5741943120956421,0.35896891355514526,-0.24992041289806366,0.9922083616256714,0.5757819414138794,0.3574085533618927,-0.24997302889823914,0.9932425022125244,0.5711463689804077,0.36040374636650085,-0.2251986712217331,0.9916408061981201,0.5714296102523804,0.3592948019504547,-0.2252730131149292,0.99001544713974,0.5718669295310974,0.3578035235404968,-0.2253984957933426,0.9930208921432495,0.5876120328903198,0.3474658727645874,-0.28057974576950073,0.989310622215271,0.5850618481636047,0.3454072177410126,-0.16889739036560059,0.9866688251495361,0.5864673852920532,0.3809353709220886,-0.238493874669075,0.9946237206459045,0.5851569175720215,0.3810442090034485,-0.20618584752082825,0.9939874410629272,0.624397873878479,0.38839098811149597,-0.2970377802848816,0.9998033046722412,0.6070724725723267,0.34853360056877136,-0.06661178171634674,0.999907374382019,0.617094874382019,0.48697328567504883,-0.29893428087234497,0.9166796207427979,0.6081987619400024,0.4353596866130829,-0.0030605015344917774,0.6701807975769043,0.6140291690826416,0.5751925110816956,-0.28055340051651,0.8431524038314819,0.5884141325950623,0.5202249884605408,-0.03132284805178642,0.6539871096611023,0.6153866052627563,0.6069695949554443,-0.31199514865875244,0.782212495803833,0.586882472038269,0.5372418165206909,-0.03394653648138046,0.5546613335609436,0.610991358757019,0.5970391035079956,-0.3160284757614136,0.7906436324119568,0.588058590888977,0.5384743809700012,-0.06467606127262115,0.5771467089653015,0.610534131526947,0.5849863886833191,-0.28254297375679016,0.7351098656654358,0.5905625224113464,0.532913088798523,-0.044652268290519714,0.5740483999252319,0.6706697344779968,0.5305142998695374,-0.07446851581335068,0.9993764162063599,0.6575176119804382,0.505544126033783,0.07447320222854614,0.9996039867401123,0.6209204196929932,0.6761415600776672,-0.11557044088840485,0.39807823300361633,0.6415303945541382,0.6403162479400635,0.06655906140804291,0.48595350980758667,0.6332257986068726,0.712611198425293,0.14256222546100616,0.41883519291877747,0.6432584524154663,0.7840679883956909,0.19625703990459442,0.44421184062957764,0.641116738319397,0.7112892270088196,0.1690441220998764,0.4099900722503662,0.6511268019676208,0.8023663759231567,0.20775321125984192,0.4170730710029602,0.6166800260543823,0.7487688064575195,0.16959354281425476,0.5918033123016357,0.6207035183906555,0.837907075881958,0.1656213402748108,0.5607481002807617
158,0.5722489953041077,0.3743601441383362,-0.15730582177639008,0.9962265491485596,0.569459080696106,0.36068254709243774,-0.17629209160804749,0.9936681985855103,0.5708581209182739,0.35933393239974976,-0.17628268897533417,0.992770791053772,0.572314441204071,0.35766181349754333,-0.17631520330905914,0.9937165975570679,0.5681725740432739,0.360940158367157,-0.15079335868358612,0.9922394752502441,0.5685528516769409,0.35982611775398254,-0.15083937346935272,0.99070805311203,0.5690750479698181,0.35832294821739197,-0.1509401500225067,0.9934954643249512,0.5836467742919922,0.34687620401382446,-0.21552757918834686,0.9901813864707947,0.5814660787582397,0.34500038623809814,-0.09985844790935516,0.9877075552940369,0.5826911330223083,0.38058945536613464,-0.16736772656440735,0.995083749294281,0.5818362832069397,0.3808307349681854,-0.13384008407592773,0.9945169687271118,0.6154012680053711,0.3878459930419922,-0.24908721446990967,0.9998190402984619,0.6082128882408142,0.3499041497707367,-0.0006706834537908435,0.9999114274978638,0.5981656312942505,0.47744518518447876,-0.25089961290359497,0.9199415445327759,0.6103596091270447,0.43606945872306824,0.05813007429242134,0.6480477452278137,0.584191620349884,0.5378854274749756,-0.22122569382190704,0.8368146419525146,0.5893913507461548,0.5193982124328613,0.019059661775827408,0.6269518733024597,0.5837336778640747,0.5540927648544312,-0.2502560615539551,0.7761655449867249,0.587783932685852,0.5377099514007568,0.018102340400218964,0.5328341722488403,0.5848443508148193,0.5528783798217773,-0.24937260150909424,0.783961832523346,0.5876168012619019,0.5402239561080933,-0.012830691412091255,0.5543693900108337,0.5852051973342896,0.5474390983581543,-0.22084632515907288,0.7245633602142334,0.5909029245376587,0.5343431830406189,0.005589878652244806,0.5517758131027222,0.6689039468765259,0.5324196219444275,-0.08558332175016403,0.9994250535964966,0.658612847328186,0.5134350061416626,0.0856347531080246,0.9996339082717896,0.6120145320892334,0.6779473423957825,-0.1365746259689331,0.45376062393188477,0.6351982355117798,0.6455809473991394,0.055335987359285355,0.5101345181465149,0.631074070930481,0.7413514256477356,0.06623809039592743,0.4602971076965332,0.6382995843887329,0.7978330254554749,0.15519481897354126,0.4822827875614166,0.6403360962867737,0.7397050857543945,0.08721356838941574,0.44760167598724365,0.6471267342567444,0.8184547424316406,0.16310428082942963,0.4494978189468384,0.6155306100845337,0.7903789281845093,0.08333399146795273,0.6157499551773071,0.6197998523712158,0.837652862071991,0.11773288249969482,0.5839014053344727
159,0.567313551902771,0.37620773911476135,-0.1641194224357605,0.9963899254798889,0.5640484094619751,0.3623283803462982,-0.18342092633247375,0.9939640164375305,0.5653973817825317,0.36094164848327637,-0.1833985447883606,0.9930719137191772,0.5668786764144897,0.35922741889953613,-0.1834324598312378,0.9939664006233215,0.5628725290298462,0.3625674843788147,-0.15724293887615204,0.992599606513977,0.5632855892181396,0.3614630401134491,-0.15729613602161407,0.9911245703697205,0.5638383030891418,0.35996028780937195,-0.15740300714969635,0.9937842488288879,0.5786242485046387,0.34783512353897095,-0.22586865723133087,0.9907515048980713,0.5762144923210144,0.3454214930534363,-0.107485830783844,0.9883847832679749,0.5781703591346741,0.3823743462562561,-0.17569896578788757,0.995380163192749,0.5770621299743652,0.38246363401412964,-0.14137449860572815,0.9948708415031433,0.6112851500511169,0.38704368472099304,-0.2633037269115448,0.9998291730880737,0.6035935878753662,0.3520287275314331,-0.012730121612548828,0.999909520149231,0.5950706005096436,0.47738146781921387,-0.27175670862197876,0.922226071357727,0.6077740788459778,0.4372747242450714,0.033720411360263824,0.6273287534713745,0.5800166726112366,0.5404731631278992,-0.23838090896606445,0.8226166367530823,0.5870380997657776,0.5210390686988831,-0.01346020121127367,0.5968801379203796,0.5805668830871582,0.5558908581733704,-0.2666782736778259,0.761167585849762,0.588790774345398,0.5392575860023499,-0.015663068741559982,0.5082504153251648,0.5817082524299622,0.5543360114097595,-0.2643471360206604,0.7683292627334595,0.5852495431900024,0.5418478846549988,-0.044560838490724564,0.5283812880516052,0.582943320274353,0.5478114485740662,-0.23723748326301575,0.70386803150177,0.5880798101425171,0.5356274843215942,-0.026541534811258316,0.5264061689376831,0.6669068932533264,0.5345527529716492,-0.08820648491382599,0.9994418025016785,0.6572695970535278,0.5169873833656311,0.08822546154260635,0.9996285438537598,0.6160605549812317,0.6728712916374207,-0.13169394433498383,0.502162754535675,0.6232158541679382,0.6559410095214844,0.057324208319187164,0.5173006057739258,0.6300696134567261,0.7811335921287537,0.021574310958385468,0.5059999227523804,0.6322094202041626,0.7944910526275635,0.1595267802476883,0.5081344842910767,0.6410714983940125,0.7896677851676941,0.03635913133621216,0.4901822805404663,0.6420305967330933,0.8184120059013367,0.1672859638929367,0.47492775321006775,0.6087157726287842,0.8334561586380005,0.014684781432151794,0.6442900896072388,0.6132493019104004,0.833195149898529,0.12396685779094696,0.5968785285949707
160,0.5605363249778748,0.38123732805252075,-0.13749179244041443,0.9960910081863403,0.5557406544685364,0.36733224987983704,-0.15839578211307526,0.9939361810684204,0.5566303133964539,0.3662734031677246,-0.1583738923072815,0.9929541349411011,0.5578134059906006,0.36487138271331787,-0.15841065347194672,0.9939395785331726,0.5553576350212097,0.3667648434638977,-0.1340794712305069,0.9924820065498352,0.5558961629867554,0.36540114879608154,-0.13413164019584656,0.9908280372619629,0.5565626621246338,0.3636433780193329,-0.1342308223247528,0.9935547113418579,0.5693390965461731,0.3539222478866577,-0.21392996609210968,0.9908841848373413,0.568335235118866,0.3497110903263092,-0.10454274713993073,0.9883907437324524,0.5706908106803894,0.3869984447956085,-0.15418776869773865,0.9953157305717468,0.5703974366188049,0.3863731026649475,-0.12243694067001343,0.9948912858963013,0.5970433354377747,0.4050687551498413,-0.2652788758277893,0.9998345971107483,0.6053597927093506,0.3423655927181244,-0.017383765429258347,0.9998791217803955,0.588210940361023,0.48557162284851074,-0.2868233323097229,0.9164455533027649,0.6132693290710449,0.4048435091972351,0.0742030143737793,0.5822235941886902,0.5744657516479492,0.5481870770454407,-0.23839063942432404,0.7933019399642944,0.6071616411209106,0.46646130084991455,0.11416057497262955,0.543921947479248,0.5746780633926392,0.5659267902374268,-0.2625367045402527,0.7340887784957886,0.608262300491333,0.47951841354370117,0.1270422637462616,0.4645485579967499,0.5745757818222046,0.561380922794342,-0.2568252682685852,0.7404738068580627,0.6031593084335327,0.48158174753189087,0.10252741724252701,0.48291268944740295,0.5760446786880493,0.5553406476974487,-0.2355348765850067,0.6712028980255127,0.6018979549407959,0.47956112027168274,0.10516472160816193,0.4819421172142029,0.6608327627182007,0.5414314866065979,-0.08961661905050278,0.9994105100631714,0.658368706703186,0.516903281211853,0.08960046619176865,0.9995119571685791,0.6127954125404358,0.6702632904052734,-0.09240736067295074,0.5405797362327576,0.619965136051178,0.6526669859886169,0.06501569598913193,0.513500452041626,0.6252241730690002,0.804259181022644,0.03411548584699631,0.5457409024238586,0.6275915503501892,0.7978554368019104,0.17721156775951385,0.5170044302940369,0.6369836330413818,0.8143011927604675,0.04651765897870064,0.5230479836463928,0.6414211988449097,0.818583071231842,0.1862218677997589,0.48476722836494446,0.6004288792610168,0.8363755941390991,0.01904299110174179,0.6693552732467651,0.6085902452468872,0.8343812823295593,0.14432436227798462,0.5948666930198669
161,0.5510349869728088,0.39058756828308105,-0.16118885576725006,0.9960730075836182,0.5463442802429199,0.3770606219768524,-0.18089452385902405,0.9939899444580078,0.5472061634063721,0.3759753406047821,-0.18088656663894653,0.9929957985877991,0.5481654405593872,0.37470465898513794,-0.1809285581111908,0.9940129518508911,0.5457096099853516,0.3764437735080719,-0.1550026684999466,0.9925870895385742,0.5461277961730957,0.3749750256538391,-0.15507814288139343,0.990939736366272,0.5466651320457458,0.3731984496116638,-0.15521535277366638,0.9936193823814392,0.5602940917015076,0.3616330921649933,-0.22893106937408447,0.9911746382713318,0.5587404370307922,0.3578376770019531,-0.11253056675195694,0.98868727684021,0.5623582601547241,0.39396965503692627,-0.17460449039936066,0.9955254197120667,0.5620192885398865,0.39349326491355896,-0.14088845252990723,0.9950788617134094,0.5965054631233215,0.4015151858329773,-0.2724384665489197,0.9998449683189392,0.5912865400314331,0.34537646174430847,-0.017557252198457718,0.9998740553855896,0.5915851593017578,0.48787829279899597,-0.2882968783378601,0.9194241762161255,0.6008098125457764,0.41795873641967773,0.06735444813966751,0.5642947554588318,0.5742929577827454,0.5535682439804077,-0.2537042796611786,0.7887067794799805,0.5946301817893982,0.480508029460907,0.07226862013339996,0.5172252655029297,0.5777126550674438,0.5765564441680908,-0.28143030405044556,0.7299799919128418,0.5811911821365356,0.5323195457458496,0.07905267924070358,0.44437530636787415,0.5743545293807983,0.568787693977356,-0.27896302938461304,0.7354125380516052,0.5771960616111755,0.540421187877655,0.050165098160505295,0.4618822932243347,0.5755888223648071,0.5647157430648804,-0.25231021642684937,0.6613409519195557,0.5821398496627808,0.5289756655693054,0.06042660027742386,0.46285325288772583,0.6621533632278442,0.5467022657394409,-0.08968199044466019,0.9994351863861084,0.6516029834747314,0.5183641314506531,0.08967126160860062,0.999489963054657,0.6109598875045776,0.6788461208343506,-0.0997634306550026,0.5811580419540405,0.6142855286598206,0.662064790725708,0.09093721210956573,0.5214165449142456,0.6220381855964661,0.8136196732521057,0.0624585822224617,0.5866838097572327,0.6254389882087708,0.7958759069442749,0.23697419464588165,0.5382207036018372,0.633476972579956,0.8240079283714294,0.07785625010728836,0.5621256232261658,0.6390444040298462,0.8199185729026794,0.24962179362773895,0.5069176554679871,0.5922666788101196,0.84397292137146,0.04373060166835785,0.6967124938964844,0.5996415615081787,0.8357895612716675,0.20832033455371857,0.6083765625953674
162,0.5454202890396118,0.4004617929458618,-0.1258750855922699,0.9959843754768372,0.5404455661773682,0.3875488340854645,-0.14634951949119568,0.9940803647041321,0.5412200093269348,0.38626450300216675,-0.14635710418224335,0.993080198764801,0.5419849157333374,0.38490939140319824,-0.1464020013809204,0.9941380023956299,0.5395454168319702,0.38714367151260376,-0.12194584310054779,0.9927375316619873,0.5397364497184753,0.38557514548301697,-0.12202735245227814,0.9910789132118225,0.5399786233901978,0.38374871015548706,-0.12216146290302277,0.9936881065368652,0.5518498420715332,0.37095603346824646,-0.20148833096027374,0.9914315938949585,0.5506330132484436,0.36665862798690796,-0.09202640503644943,0.9889474511146545,0.5562955141067505,0.4017787575721741,-0.14193584024906158,0.9955658316612244,0.5553432703018188,0.40203946828842163,-0.11025772243738174,0.9951257109642029,0.5865670442581177,0.41127437353134155,-0.25507912039756775,0.9998487234115601,0.5875741243362427,0.34559524059295654,-0.0018167266389355063,0.9998491406440735,0.5779651403427124,0.5032193660736084,-0.26823270320892334,0.9201231002807617,0.6041769981384277,0.412747859954834,0.10443256795406342,0.532759428024292,0.5654520392417908,0.5592455863952637,-0.2117747962474823,0.7776932120323181,0.5950191020965576,0.47993922233581543,0.1509401947259903,0.4793919324874878,0.5653766393661499,0.5819164514541626,-0.23346081376075745,0.7190945744514465,0.5891656875610352,0.5018666386604309,0.16558432579040527,0.4155050814151764,0.5640055537223816,0.5755482912063599,-0.22904548048973083,0.7234198451042175,0.5790355801582336,0.5055296421051025,0.13890118896961212,0.43167293071746826,0.5664337873458862,0.5698496103286743,-0.20882561802864075,0.6444963812828064,0.5872066020965576,0.5006580948829651,0.14127230644226074,0.43366795778274536,0.6604040861129761,0.548777163028717,-0.09016944468021393,0.9994504451751709,0.6511494517326355,0.5198334455490112,0.09014850854873657,0.9994713664054871,0.6138983964920044,0.6763930916786194,-0.07776252180337906,0.6130944490432739,0.6182448267936707,0.6610496640205383,0.08227190375328064,0.5296259522438049,0.6195145845413208,0.8089628219604492,0.08249446749687195,0.6194627285003662,0.6257144212722778,0.7969299554824829,0.2205539494752884,0.5550327301025391,0.627646267414093,0.8327018618583679,0.09804394096136093,0.5917026996612549,0.6401172876358032,0.822080671787262,0.23282551765441895,0.5261239409446716,0.5898774266242981,0.8366472721099854,0.06601552665233612,0.7179129123687744,0.6008167266845703,0.8488060832023621,0.19418080151081085,0.6188464760780334
163,0.5359312891960144,0.4112154245376587,-0.11924407631158829,0.9953213930130005,0.5304431915283203,0.3998064398765564,-0.14139923453330994,0.9936210513114929,0.5309215784072876,0.3985106945037842,-0.14141029119491577,0.9925960898399353,0.5313838720321655,0.39712220430374146,-0.14144480228424072,0.9937355518341064,0.5300916433334351,0.3992825746536255,-0.11681703478097916,0.992047905921936,0.5303767919540405,0.3975500464439392,-0.1168854832649231,0.9902711510658264,0.5306676626205444,0.39551737904548645,-0.11701762676239014,0.9929143786430359,0.5391753911972046,0.3822544515132904,-0.20216992497444153,0.991252601146698,0.538158655166626,0.3778829872608185,-0.09149009734392166,0.9880643486976624,0.5461382865905762,0.4108368754386902,-0.13685856759548187,0.99516761302948,0.5453512668609619,0.4111306369304657,-0.1049029603600502,0.99456787109375,0.57677161693573,0.4134758710861206,-0.2595440745353699,0.9998520612716675,0.5777780413627625,0.3476686179637909,0.005399144720286131,0.9997986555099487,0.5660544037818909,0.5224307775497437,-0.24888595938682556,0.922920823097229,0.5916093587875366,0.4170234203338623,0.1161823645234108,0.4943801760673523,0.5662553310394287,0.5943849086761475,-0.15552236139774323,0.7752416729927063,0.5833631157875061,0.4918285012245178,0.16491541266441345,0.4416830837726593,0.5624138116836548,0.6008725762367249,-0.1722014993429184,0.7153729200363159,0.5824950337409973,0.5122204422950745,0.18316595256328583,0.38459262251853943,0.5626178979873657,0.6029727458953857,-0.16762861609458923,0.719250500202179,0.5767996311187744,0.5154366493225098,0.1564580500125885,0.39936503767967224,0.5618325471878052,0.5934756398200989,-0.1512865424156189,0.6376165151596069,0.5741608142852783,0.5092802047729492,0.15545688569545746,0.4023773670196533,0.6527562141418457,0.5447062253952026,-0.09195903688669205,0.9994534254074097,0.644372820854187,0.522606611251831,0.09190209209918976,0.9994279742240906,0.6171600222587585,0.6732510924339294,-0.06722205877304077,0.6430369019508362,0.6131476163864136,0.6594416499137878,0.10103149712085724,0.5386609435081482,0.6206055879592896,0.8110572099685669,0.09501127898693085,0.650500476360321,0.6233264803886414,0.7957865595817566,0.2554461359977722,0.5715017318725586,0.6245744824409485,0.8220021724700928,0.11009962856769562,0.6177307963371277,0.6369721293449402,0.8131730556488037,0.26952606439590454,0.5468125939369202,0.5902260541915894,0.8382110595703125,0.0678597018122673,0.7382427453994751,0.6006082892417908,0.8458487391471863,0.23013587296009064,0.6300864815711975
164,0.5230423212051392,0.4237687885761261,-0.1212373748421669,0.9946779608726501,0.5184869170188904,0.41344887018203735,-0.14327940344810486,0.9932461380958557,0.5190315842628479,0.41223016381263733,-0.14329753816127777,0.992292046546936,0.5196086764335632,0.41082313656806946,-0.14332130551338196,0.9934666752815247,0.5181627869606018,0.4124372601509094,-0.11704970896244049,0.9914494752883911,0.5185675621032715,0.4104348421096802,-0.11713306605815887,0.98956698179245,0.5189289450645447,0.40813910961151123,-0.1172829121351242,0.9921619892120361,0.5282752513885498,0.39497870206832886,-0.2053644359111786,0.9910170435905457,0.5273414254188538,0.3892287313938141,-0.08813851326704025,0.9873112440109253,0.533894419670105,0.42242103815078735,-0.1396818459033966,0.9948791861534119,0.5332151055335999,0.422342985868454,-0.10577692091464996,0.9941904544830322,0.571658730506897,0.42658504843711853,-0.2645356357097626,0.9998456239700317,0.5627681016921997,0.35768094658851624,0.01086611207574606,0.9997392296791077,0.563507616519928,0.5421320796012878,-0.2753376364707947,0.9269936680793762,0.5701898336410522,0.42036017775535583,0.1471455842256546,0.4551346004009247,0.5667970180511475,0.650935709476471,-0.21907083690166473,0.7791914343833923,0.5549881458282471,0.49672338366508484,0.23181435465812683,0.4026820659637451,0.554116427898407,0.6702263951301575,-0.2429887056350708,0.7191210985183716,0.5652838945388794,0.5115174055099487,0.25701937079429626,0.3519957363605499,0.5508084297180176,0.6631813645362854,-0.23894564807415009,0.7223429083824158,0.5565629601478577,0.5201624035835266,0.22976598143577576,0.36547988653182983,0.5508946180343628,0.65311598777771,-0.21654865145683289,0.6365054845809937,0.556561291217804,0.5129082798957825,0.2230706512928009,0.3693210184574127,0.6532115340232849,0.5454011559486389,-0.09195499867200851,0.9994401335716248,0.6371949911117554,0.5263412594795227,0.09195456653833389,0.9993977546691895,0.6170715093612671,0.6728054881095886,-0.09438977390527725,0.6662685871124268,0.6075261831283569,0.6700408458709717,0.08591484278440475,0.5636467933654785,0.5964005589485168,0.7888635396957397,0.04050891101360321,0.677875816822052,0.6244652271270752,0.8087384700775146,0.2195816934108734,0.5976769328117371,0.601184606552124,0.807251513004303,0.0526297502219677,0.6438449025154114,0.6439746618270874,0.822780966758728,0.2310856282711029,0.5771709680557251,0.5795487761497498,0.8261409997940063,0.005111744161695242,0.756735622882843,0.606109082698822,0.8438192009925842,0.1866367757320404,0.6494569778442383
165,0.5109610557556152,0.44168561697006226,-0.14863504469394684,0.9946713447570801,0.5061665773391724,0.43298614025115967,-0.15058767795562744,0.9933965802192688,0.5066892504692078,0.4324997067451477,-0.1507149189710617,0.9924785494804382,0.5071595907211304,0.43208473920822144,-0.15063250064849854,0.9936358332633972,0.5055321455001831,0.4309645891189575,-0.13093043863773346,0.9914565682411194,0.5057281255722046,0.4289635121822357,-0.13069823384284973,0.9896299242973328,0.5059617757797241,0.42667943239212036,-0.13059869408607483,0.9921513199806213,0.5151828527450562,0.41792961955070496,-0.25574079155921936,0.9910203218460083,0.5144151449203491,0.40661731362342834,-0.1320280134677887,0.9870977997779846,0.5210373997688293,0.44046252965927124,-0.15854007005691528,0.9950894117355347,0.5209125280380249,0.4393554627895355,-0.10953853279352188,0.9943666458129883,0.5662482976913452,0.4547942280769348,-0.2997470498085022,0.9998471736907959,0.5526641011238098,0.37199684977531433,-0.0010062598157674074,0.9997252821922302,0.5698367357254028,0.5838374495506287,-0.29349786043167114,0.9292439818382263,0.5593539476394653,0.44247734546661377,0.09341298788785934,0.4258822202682495,0.5633514523506165,0.6823293566703796,-0.23695826530456543,0.7860940098762512,0.5468971133232117,0.5432853698730469,0.1488337516784668,0.3783097267150879,0.5578776597976685,0.709827721118927,-0.26285886764526367,0.7276259660720825,0.5484856367111206,0.5630596876144409,0.1644376814365387,0.3338792026042938,0.5511263012886047,0.689173698425293,-0.2607772946357727,0.7308273911476135,0.5471084713935852,0.5738101005554199,0.13234582543373108,0.3470146954059601,0.5507481694221497,0.6630414724349976,-0.23550555109977722,0.6445425152778625,0.5501323938369751,0.5629014372825623,0.1377096176147461,0.3529348075389862,0.6486079692840576,0.5532692074775696,-0.09095469862222672,0.9994508028030396,0.6291754245758057,0.5279433727264404,0.09097407758235931,0.9993484616279602,0.6095759272575378,0.675367534160614,-0.08098236471414566,0.687354564666748,0.6016973257064819,0.6639460325241089,0.10043690353631973,0.5615981817245483,0.6106020212173462,0.8093462586402893,0.09373755753040314,0.7051661014556885,0.6267963647842407,0.793910562992096,0.29883795976638794,0.6095358729362488,0.610348641872406,0.8202815651893616,0.11001573503017426,0.6682792901992798,0.6432679891586304,0.8098612427711487,0.31802472472190857,0.5960459113121033,0.5858563184738159,0.8377677798271179,0.0644245520234108,0.7755812406539917,0.6067553162574768,0.8354417681694031,0.2798837721347809,0.6606034636497498
166,0.499063104391098,0.4569769501686096,-0.13549834489822388,0.9951409697532654,0.49507594108581543,0.44924396276474,-0.1590946614742279,0.993989884853363,0.49567827582359314,0.44918110966682434,-0.15906856954097748,0.993148684501648,0.4962683618068695,0.44920679926872253,-0.15904466807842255,0.9942010641098022,0.49425920844078064,0.4459706246852875,-0.13324633240699768,0.9922063946723938,0.4943962097167969,0.44353076815605164,-0.1333206593990326,0.9905452132225037,0.49458247423171997,0.44096896052360535,-0.13342268764972687,0.9928479194641113,0.504952073097229,0.4352709949016571,-0.23708076775074005,0.9917667508125305,0.50323086977005,0.4217691123485565,-0.11714674532413483,0.988237202167511,0.5079523921012878,0.45612743496894836,-0.15649613738059998,0.9955347776412964,0.5077332854270935,0.4528857469558716,-0.12090054899454117,0.9948831796646118,0.5603073835372925,0.47343483567237854,-0.28802672028541565,0.9998511075973511,0.5436078906059265,0.37945663928985596,-0.024098806083202362,0.9997404217720032,0.5606704354286194,0.5966070294380188,-0.28385695815086365,0.9329151511192322,0.5489493012428284,0.454822838306427,0.10720092058181763,0.4040837287902832,0.551578938961029,0.69534832239151,-0.21746143698692322,0.7993532419204712,0.5344039797782898,0.561931848526001,0.1794460117816925,0.3652668595314026,0.5482381582260132,0.7226265668869019,-0.24601547420024872,0.7434821724891663,0.5347887873649597,0.5826714634895325,0.19915279746055603,0.3253971338272095,0.5418915748596191,0.707478404045105,-0.23888762295246124,0.7463210821151733,0.5354148149490356,0.5898103713989258,0.1652907133102417,0.33843082189559937,0.5434136390686035,0.7002652883529663,-0.21469569206237793,0.6623294949531555,0.538148045539856,0.5815726518630981,0.1683872640132904,0.34673190116882324,0.6403955817222595,0.5587857365608215,-0.09021469205617905,0.9994314312934875,0.6280789971351624,0.52875816822052,0.09022141247987747,0.9993016719818115,0.5938985347747803,0.6710414886474609,-0.06785949319601059,0.7117271423339844,0.6028534173965454,0.6648476123809814,0.1296389400959015,0.5705011487007141,0.608516275882721,0.7989259362220764,0.10660640895366669,0.7299266457557678,0.6399192214012146,0.7952214479446411,0.32116737961769104,0.62911057472229,0.6025586128234863,0.8039743304252625,0.12455727905035019,0.6919127106666565,0.6523198485374451,0.810389518737793,0.340005099773407,0.6198645830154419,0.5856152772903442,0.8333678245544434,0.10073584318161011,0.7927129864692688,0.62176913022995,0.8489832282066345,0.31509336829185486,0.6762876510620117
167,0.48877859115600586,0.47160348296165466,-0.06631437689065933,0.9955623745918274,0.4849107265472412,0.46416231989860535,-0.0908404290676117,0.9945282936096191,0.4856913089752197,0.46414914727211,-0.09080855548381805,0.9937591552734375,0.4865003228187561,0.4641774892807007,-0.09078634530305862,0.9947172403335571,0.48412513732910156,0.46057161688804626,-0.06513891369104385,0.9929024577140808,0.48446521162986755,0.4579659402370453,-0.06521894037723541,0.9914003610610962,0.48482006788253784,0.45525431632995605,-0.06530188024044037,0.9934957027435303,0.4962921142578125,0.4508541524410248,-0.16746225953102112,0.9924545884132385,0.4938812851905823,0.4369475543498993,-0.052163850516080856,0.9893038272857666,0.49883732199668884,0.4700058698654175,-0.09038912504911423,0.9959074854850769,0.4982779026031494,0.46638378500938416,-0.05699946731328964,0.9953252077102661,0.5494056940078735,0.48840293288230896,-0.2281172275543213,0.9998487234115601,0.532640814781189,0.39092880487442017,0.019136464223265648,0.9997448921203613,0.5532668828964233,0.607769250869751,-0.21322517096996307,0.9352757930755615,0.5463297367095947,0.4761577248573303,0.15298305451869965,0.374271422624588,0.5397005677223206,0.692641019821167,-0.10295768827199936,0.8078622817993164,0.5313783884048462,0.5818164944648743,0.24476417899131775,0.3424023389816284,0.532547652721405,0.7086782455444336,-0.12027662992477417,0.7535260915756226,0.5307056307792664,0.5931509137153625,0.2692806124687195,0.30846652388572693,0.5276570320129395,0.6865471601486206,-0.1121603474020958,0.7560440301895142,0.5290420651435852,0.6014178991317749,0.24108748137950897,0.3205137550830841,0.5288532972335815,0.6783613562583923,-0.09828636795282364,0.6726730465888977,0.5324242115020752,0.5997002124786377,0.2366148680448532,0.32982203364372253,0.636302649974823,0.5619670748710632,-0.0895344465970993,0.9994162917137146,0.6179540753364563,0.5321065783500671,0.08954579383134842,0.9993053674697876,0.5873796939849854,0.6718515157699585,-0.07432149350643158,0.7343264818191528,0.5912356376647949,0.6617603302001953,0.08684112131595612,0.5863431096076965,0.5995692014694214,0.7905994057655334,0.07538570463657379,0.752126157283783,0.6394528150558472,0.7927848696708679,0.22262391448020935,0.6518049240112305,0.6060516238212585,0.7986078858375549,0.09177663922309875,0.7130951285362244,0.6521456837654114,0.8073128461837769,0.23676195740699768,0.6450676321983337,0.5888890027999878,0.8361952900886536,0.08470766991376877,0.8077269196510315,0.6198025941848755,0.8439585566520691,0.22480857372283936,0.6943241357803345
168,0.4770757257938385,0.48973456025123596,-0.08394740521907806,0.9959643483161926,0.47170504927635193,0.48148849606513977,-0.11120979487895966,0.9950453042984009,0.4722460210323334,0.48145613074302673,-0.11119212210178375,0.9943486452102661,0.47281351685523987,0.4814308285713196,-0.11118706315755844,0.9952157735824585,0.4710220694541931,0.477848082780838,-0.08432646840810776,0.9935685396194458,0.47116708755493164,0.4752524793148041,-0.08440877497196198,0.9922168254852295,0.4713587164878845,0.4725151062011719,-0.08447585999965668,0.9941139221191406,0.4827477037906647,0.46867281198501587,-0.1915668249130249,0.9931527376174927,0.4806877672672272,0.45465797185897827,-0.07119952142238617,0.990319013595581,0.4870838522911072,0.4896256625652313,-0.10906875133514404,0.9962941408157349,0.4868249297142029,0.48551690578460693,-0.07397912442684174,0.9957638382911682,0.540576696395874,0.5093504190444946,-0.24451394379138947,0.9998551607131958,0.5228966474533081,0.4131682813167572,0.0058895377442240715,0.999754011631012,0.5429005026817322,0.6462824940681458,-0.22268696129322052,0.9395517110824585,0.5425899028778076,0.5065538883209229,0.12436805665493011,0.3463870882987976,0.5332602858543396,0.734375536441803,-0.11176571995019913,0.8217579126358032,0.5292847752571106,0.6129562258720398,0.18752047419548035,0.32592344284057617,0.5311734676361084,0.7555164098739624,-0.1326148808002472,0.7705427408218384,0.524870753288269,0.6240132451057434,0.207718163728714,0.2984827756881714,0.5252864956855774,0.7489786148071289,-0.123255655169487,0.7725886106491089,0.5217759609222412,0.6345085501670837,0.17476406693458557,0.31027525663375854,0.5267702341079712,0.7402873635292053,-0.1067778468132019,0.6931959986686707,0.5228357911109924,0.6303749680519104,0.1768006831407547,0.32158225774765015,0.6310461759567261,0.569066047668457,-0.08838675171136856,0.9994420409202576,0.6118596196174622,0.539656937122345,0.0884041115641594,0.9993038773536682,0.5825196504592896,0.6764066219329834,-0.06903696805238724,0.7576941251754761,0.5877352356910706,0.6601433157920837,0.1700478494167328,0.5823402404785156,0.6096221208572388,0.8081011176109314,0.08077314496040344,0.7744504809379578,0.6268218159675598,0.7826584577560425,0.3285256028175354,0.6624307632446289,0.6101990938186646,0.8155980706214905,0.09669611603021622,0.7352325320243835,0.6404050588607788,0.7952907085418701,0.34587210416793823,0.6587817072868347,0.5913070440292358,0.8413947820663452,0.08895890414714813,0.8237971067428589,0.6069030165672302,0.842746913433075,0.3472658693790436,0.7058336734771729
169,0.46243196725845337,0.50367671251297,-0.10838975757360458,0.9961704611778259,0.45762762427330017,0.49245762825012207,-0.1340191513299942,0.9953930377960205,0.45843300223350525,0.4919261932373047,-0.13400861620903015,0.9947555661201477,0.45934000611305237,0.4913923144340515,-0.13400688767433167,0.9955586791038513,0.45692411065101624,0.4887705147266388,-0.10792827606201172,0.9939939975738525,0.45727548003196716,0.4855348467826843,-0.10800991952419281,0.9927876591682434,0.4577549993991852,0.48209741711616516,-0.10808898508548737,0.9945368766784668,0.4704318642616272,0.47762399911880493,-0.2077394723892212,0.9936211109161377,0.46907487511634827,0.46506592631340027,-0.09082230925559998,0.9910144209861755,0.47354158759117126,0.5026394128799438,-0.131310373544693,0.9965453147888184,0.47355324029922485,0.49952396750450134,-0.09733415395021439,0.9960116744041443,0.5193323493003845,0.5134119987487793,-0.25664541125297546,0.9998508095741272,0.510905385017395,0.434133917093277,-0.01027673203498125,0.9997270107269287,0.5245900750160217,0.6532973051071167,-0.24710360169410706,0.944604754447937,0.531580924987793,0.5373818874359131,0.0937008187174797,0.3205920159816742,0.5212494134902954,0.7567849159240723,-0.15525397658348083,0.8364728093147278,0.5239850282669067,0.6513829231262207,0.12445928901433945,0.3117605745792389,0.5220288038253784,0.7794912457466125,-0.1770949363708496,0.7878864407539368,0.519180953502655,0.6659486889839172,0.1421217918395996,0.28974634408950806,0.5186330080032349,0.7776873111724854,-0.16633443534374237,0.7894444465637207,0.5177873373031616,0.6752282381057739,0.10575635731220245,0.3013191521167755,0.5185526609420776,0.7706726789474487,-0.1496090292930603,0.7139431834220886,0.5209012031555176,0.6721544861793518,0.11181652545928955,0.3135295510292053,0.6151915192604065,0.5714734196662903,-0.08312344551086426,0.9994223713874817,0.6079283952713013,0.5431464910507202,0.0831264927983284,0.9992360472679138,0.5851725339889526,0.6948908567428589,-0.04321631044149399,0.77701735496521,0.5845690965652466,0.6715335249900818,0.1638045608997345,0.5847999453544617,0.6164183020591736,0.8082273006439209,0.09569458663463593,0.7924285531044006,0.6294860243797302,0.7842245101928711,0.3154264986515045,0.6723224520683289,0.6273413896560669,0.8266241550445557,0.10362164676189423,0.750738263130188,0.6430550217628479,0.7960387468338013,0.331497460603714,0.6709140539169312,0.5925182104110718,0.8427903652191162,0.11239640414714813,0.8348485231399536,0.6081165075302124,0.8399766683578491,0.3240757882595062,0.7147806286811829
170,0.458944171667099,0.519672155380249,-0.15067796409130096,0.9963576197624207,0.4535139203071594,0.5095065236091614,-0.17578047513961792,0.9956858158111572,0.45406574010849,0.5085982084274292,-0.1757950782775879,0.9951041340827942,0.454733282327652,0.5076751708984375,-0.17581091821193695,0.9958526492118835,0.4528420567512512,0.506830096244812,-0.14793890714645386,0.9943721294403076,0.45294976234436035,0.503989040851593,-0.14804193377494812,0.9932849407196045,0.4532197415828705,0.501031219959259,-0.1481160968542099,0.9948946833610535,0.46254855394363403,0.4934624433517456,-0.23986943066120148,0.9940186738967896,0.4613071084022522,0.4845815896987915,-0.11673315614461899,0.9916563034057617,0.4685734808444977,0.5158268213272095,-0.16990022361278534,0.9967349767684937,0.4685220718383789,0.5142567753791809,-0.13398386538028717,0.9962052702903748,0.5147205591201782,0.5122657418251038,-0.28797516226768494,0.9998498558998108,0.4991989731788635,0.457619845867157,-0.027540570124983788,0.9997159838676453,0.5189633965492249,0.6578872799873352,-0.30157607793807983,0.9496071934700012,0.5212621688842773,0.5527540445327759,0.07826158404350281,0.2980138659477234,0.5145237445831299,0.7601194381713867,-0.22966250777244568,0.8514395356178284,0.5169761776924133,0.6552900671958923,0.11751774698495865,0.2974701523780823,0.5142801403999329,0.78370201587677,-0.2532215714454651,0.806365966796875,0.513175904750824,0.6713495850563049,0.13336656987667084,0.28007522225379944,0.50968337059021,0.7815334796905518,-0.24222131073474884,0.8076285719871521,0.512029767036438,0.677634060382843,0.10087660700082779,0.29190295934677124,0.5100880861282349,0.7732453346252441,-0.22376683354377747,0.7367331981658936,0.5101101398468018,0.6732153296470642,0.10597988218069077,0.3043566048145294,0.6178184747695923,0.5675461888313293,-0.07835377007722855,0.9994044303894043,0.5906630158424377,0.5672998428344727,0.07840216159820557,0.999267041683197,0.5901787877082825,0.689351499080658,-0.05769839137792587,0.7867068648338318,0.571194052696228,0.6862941980361938,0.016321303322911263,0.6057528257369995,0.6253989338874817,0.801680862903595,0.12598299980163574,0.8023478388786316,0.6273784637451172,0.7838365435600281,0.16418935358524323,0.6863049864768982,0.6392956376075745,0.8153528571128845,0.14369061589241028,0.75603848695755,0.6421493291854858,0.7960649132728577,0.17933721840381622,0.6874393224716187,0.6110714077949524,0.8405298590660095,0.12124564498662949,0.8396133184432983,0.6135550737380981,0.838146448135376,0.15612879395484924,0.7289499044418335
171,0.44969063997268677,0.5375910997390747,-0.15106916427612305,0.9964272975921631,0.44381898641586304,0.5268255472183228,-0.17379747331142426,0.9957931041717529,0.4446168541908264,0.5257357954978943,-0.17380927503108978,0.995241641998291,0.44562649726867676,0.5245222449302673,-0.17382490634918213,0.9959896206855774,0.4424709677696228,0.5244199633598328,-0.1470949351787567,0.9945581555366516,0.4423910081386566,0.5217509269714355,-0.14720116555690765,0.9936001896858215,0.4425516724586487,0.5189988613128662,-0.14728938043117523,0.9951509237289429,0.4547158181667328,0.5088513493537903,-0.23149411380290985,0.9939714670181274,0.4507208466529846,0.5038266777992249,-0.11435655504465103,0.992020308971405,0.4602440297603607,0.5341166257858276,-0.16815638542175293,0.996796727180481,0.4595566689968109,0.5325750708580017,-0.1337561011314392,0.9963098168373108,0.5086060166358948,0.521914541721344,-0.2702594995498657,0.9998041391372681,0.48111462593078613,0.4838774502277374,-0.029836859554052353,0.9997046589851379,0.5251153111457825,0.6562052369117737,-0.29277846217155457,0.9531458020210266,0.501319169998169,0.5535329580307007,0.07544553279876709,0.2824074327945709,0.5131768584251404,0.7694114446640015,-0.24536406993865967,0.8632599711418152,0.48942136764526367,0.6577561497688293,0.10440592467784882,0.2977677285671234,0.5107941627502441,0.7927185297012329,-0.27074894309043884,0.8205448985099792,0.4864225387573242,0.671807050704956,0.11315695196390152,0.28591644763946533,0.5030067563056946,0.7869330644607544,-0.26283103227615356,0.8213583827018738,0.4851742386817932,0.6796601414680481,0.08222836256027222,0.2987212836742401,0.5047503709793091,0.776435911655426,-0.24166572093963623,0.7528690695762634,0.49004918336868286,0.6731376051902771,0.09285689145326614,0.3104289472103119,0.6073302030563354,0.5652136206626892,-0.07006725668907166,0.9993901252746582,0.572925329208374,0.5775187015533447,0.07015278190374374,0.9993113875389099,0.600298285484314,0.6844450831413269,-0.08704863488674164,0.7966071367263794,0.560935914516449,0.6883714199066162,-0.0828908383846283,0.6262979507446289,0.6265637278556824,0.8008193969726562,0.09876962751150131,0.812587320804596,0.6259244680404663,0.783786952495575,0.04688118398189545,0.7041715383529663,0.6414911150932312,0.8111951947212219,0.11652159690856934,0.7629832029342651,0.6425333619117737,0.7862396240234375,0.05959008261561394,0.7044931650161743,0.6156221628189087,0.8380066156387329,0.07545371353626251,0.8467308282852173,0.6190157532691956,0.8365063071250916,0.01380379032343626,0.7482850551605225
172,0.4362195134162903,0.5641033053398132,-0.30144184827804565,0.995765745639801,0.4305480420589447,0.5534763336181641,-0.32088562846183777,0.9951756596565247,0.4314640462398529,0.5519028306007385,-0.32091766595840454,0.9946648478507996,0.4325691759586334,0.5501460433006287,-0.3209914267063141,0.9956636428833008,0.4289530813694,0.5520210862159729,-0.29124951362609863,0.9935438632965088,0.4287916123867035,0.549465537071228,-0.29134389758110046,0.9924252033233643,0.4288225769996643,0.546708345413208,-0.291443794965744,0.9943075776100159,0.44233790040016174,0.5310096144676208,-0.3499780595302582,0.9931989312171936,0.43757492303848267,0.5275229811668396,-0.21688267588615417,0.9899487495422363,0.448212206363678,0.5586210489273071,-0.3065500855445862,0.9962509870529175,0.44704556465148926,0.5585194230079651,-0.2679632008075714,0.9951233863830566,0.49813008308410645,0.5277458429336548,-0.3656744062900543,0.999794602394104,0.46495580673217773,0.5214869379997253,-0.10122537612915039,0.9996734261512756,0.5069517493247986,0.6742169857025146,-0.4146059453487396,0.956732988357544,0.48705118894577026,0.5960918664932251,-0.017935317009687424,0.26806384325027466,0.49179625511169434,0.7789146304130554,-0.4147936701774597,0.8748841285705566,0.4971146583557129,0.6726045608520508,-0.039724741131067276,0.2894635796546936,0.4877482056617737,0.8090193867683411,-0.4590589106082916,0.8352802395820618,0.49633175134658813,0.6839711666107178,-0.0440087653696537,0.2829422950744629,0.47990769147872925,0.8049852848052979,-0.45310163497924805,0.8359376192092896,0.49621453881263733,0.6839990019798279,-0.07679438591003418,0.2955991327762604,0.4812816083431244,0.7934126853942871,-0.4133622646331787,0.7699909210205078,0.49882039427757263,0.681079626083374,-0.05371706560254097,0.3059695065021515,0.5887264013290405,0.5643507242202759,-0.07252494990825653,0.9992881417274475,0.556015133857727,0.5865591764450073,0.0725974440574646,0.9992926716804504,0.6073090434074402,0.6826832890510559,-0.07438861578702927,0.7997621297836304,0.5637462735176086,0.7060881853103638,-0.008784470148384571,0.6375675201416016,0.629614531993866,0.7957286238670349,0.15370754897594452,0.8173338174819946,0.6269280314445496,0.7839962244033813,0.1768183410167694,0.7192752957344055,0.6465474963188171,0.7991639971733093,0.17381751537322998,0.7622666358947754,0.6428345441818237,0.7856300473213196,0.19304443895816803,0.7205332517623901,0.6296595931053162,0.8365558981895447,0.10960496962070465,0.8471658229827881,0.6275580525398254,0.8430919051170349,0.14929722249507904,0.7637166976928711
173,0.42755579948425293,0.5868755578994751,-0.31200987100601196,0.9958878755569458,0.4214492440223694,0.5775819420814514,-0.3307678997516632,0.9952748417854309,0.4220965504646301,0.5753942728042603,-0.33078810572624207,0.9947795867919922,0.4229459762573242,0.5729424953460693,-0.3308526575565338,0.9958391785621643,0.4201204180717468,0.5772929787635803,-0.29860013723373413,0.9935113787651062,0.41984009742736816,0.5749111771583557,-0.2986561059951782,0.9923105835914612,0.4197140634059906,0.5722630620002747,-0.29870590567588806,0.9943522810935974,0.43007105588912964,0.5531593561172485,-0.357601135969162,0.9934515357017517,0.4256509840488434,0.5520271062850952,-0.21234150230884552,0.9898678660392761,0.43805375695228577,0.5793511867523193,-0.31693002581596375,0.9963622093200684,0.4370841383934021,0.5799710750579834,-0.274508535861969,0.9949886202812195,0.4768594205379486,0.529237687587738,-0.38313499093055725,0.9998059272766113,0.4536280632019043,0.5462141633033752,-0.09092842787504196,0.9996559023857117,0.4875456690788269,0.6694539785385132,-0.4539337754249573,0.9603337049484253,0.4661983847618103,0.65467369556427,-0.042516421526670456,0.27587610483169556,0.4692227244377136,0.7883710861206055,-0.4686630666255951,0.8865712881088257,0.4737056791782379,0.7667005658149719,-0.11072065681219101,0.30284684896469116,0.46523410081863403,0.8197066187858582,-0.5188761949539185,0.8504238724708557,0.46806731820106506,0.7832573056221008,-0.11922436952590942,0.2967372238636017,0.45603904128074646,0.8193232417106628,-0.5053974390029907,0.8508963584899902,0.46840542554855347,0.7864616513252258,-0.15887029469013214,0.3089480698108673,0.45866888761520386,0.8090519309043884,-0.46531882882118225,0.7893267273902893,0.47260919213294983,0.7819831967353821,-0.1300819218158722,0.3198045492172241,0.5789979100227356,0.5635858774185181,-0.07541760802268982,0.9992350339889526,0.5470985770225525,0.5935218334197998,0.0756804496049881,0.9992018342018127,0.6119458675384521,0.6928029656410217,-0.1422228366136551,0.8143153190612793,0.5635994672775269,0.7180207371711731,-0.03334226459264755,0.6580331921577454,0.6564317941665649,0.8097108006477356,0.04074455425143242,0.8326306939125061,0.6319726705551147,0.7882838845252991,0.15206769108772278,0.7397900819778442,0.6691865921020508,0.8062803745269775,0.054573219269514084,0.7794191241264343,0.6558589339256287,0.7857471704483032,0.1681891828775406,0.741416335105896,0.6622079610824585,0.8482472896575928,-0.020819419994950294,0.8582857251167297,0.6349881291389465,0.8500494360923767,0.10542517900466919,0.781625509262085
174,0.41809993982315063,0.617412269115448,-0.2838367521762848,0.9956853985786438,0.41246145963668823,0.6100419759750366,-0.3043387234210968,0.9949235916137695,0.4131278097629547,0.6082763075828552,-0.3043386936187744,0.9944117069244385,0.41393232345581055,0.6062520146369934,-0.304386705160141,0.995630145072937,0.410515695810318,0.609550416469574,-0.27243712544441223,0.9927443265914917,0.40987429022789,0.6075251698493958,-0.2724989950656891,0.9914319515228271,0.4092888832092285,0.6051508784294128,-0.27254432439804077,0.993940532207489,0.41914302110671997,0.5872480273246765,-0.3379140794277191,0.9930731654167175,0.4134955406188965,0.5846834778785706,-0.19415205717086792,0.9891788959503174,0.4275830388069153,0.6105965375900269,-0.291046679019928,0.9962252378463745,0.4259936809539795,0.6108507513999939,-0.24918413162231445,0.9945809841156006,0.46003228425979614,0.5530372858047485,-0.3643171191215515,0.9998157024383545,0.43323931097984314,0.5583637952804565,-0.07984305918216705,0.9996585845947266,0.4669249951839447,0.6994713544845581,-0.42882663011550903,0.9635645747184753,0.4461994171142578,0.6662522554397583,-0.023120300844311714,0.28392916917800903,0.449141263961792,0.8138084411621094,-0.43459343910217285,0.8969367146492004,0.450306236743927,0.7654262185096741,-0.07572472840547562,0.3178838789463043,0.4449000954627991,0.8449552655220032,-0.48303914070129395,0.863837718963623,0.4437900483608246,0.7779861688613892,-0.08231837302446365,0.3126786947250366,0.4395446181297302,0.8450688719749451,-0.46740657091140747,0.8641040921211243,0.44333139061927795,0.7806496620178223,-0.11979705095291138,0.3248647451400757,0.4408671259880066,0.8340798020362854,-0.4301656186580658,0.8063485026359558,0.44778722524642944,0.7784183025360107,-0.09331575036048889,0.3359730839729309,0.5636470913887024,0.5632797479629517,-0.07562004029750824,0.9992309212684631,0.5341797471046448,0.6016684770584106,0.07593809068202972,0.9991959929466248,0.6104891300201416,0.694616436958313,-0.11035363376140594,0.827163577079773,0.5616224408149719,0.722970724105835,-0.027944261208176613,0.6678712368011475,0.6648609638214111,0.8067104816436768,0.08356296271085739,0.8454517722129822,0.6393866539001465,0.7903494238853455,0.1546100527048111,0.7542749643325806,0.6735235452651978,0.8049145936965942,0.10001174360513687,0.7905048727989197,0.6562910079956055,0.7862723469734192,0.17125581204891205,0.7541138529777527,0.6763898730278015,0.8485398292541504,0.043252792209386826,0.8666567802429199,0.6399624943733215,0.8494572043418884,0.10946067422628403,0.7955999970436096
176,0.38546669483184814,0.7113631963729858,-0.39409250020980835,0.9959532618522644,0.380083292722702,0.7056971788406372,-0.4142478108406067,0.9953422546386719,0.38080745935440063,0.7026849389076233,-0.4142916798591614,0.9948818683624268,0.381586492061615,0.6996325850486755,-0.4144248366355896,0.9960119724273682,0.3780940771102905,0.7091802358627319,-0.3944837152957916,0.9933513402938843,0.37778884172439575,0.7093123197555542,-0.39459189772605896,0.9921493530273438,0.3774755597114563,0.7094231247901917,-0.3946459889411926,0.9944286942481995,0.38940712809562683,0.6750682592391968,-0.43365389108657837,0.9936496615409851,0.3804056644439697,0.6908971071243286,-0.33970457315444946,0.9901265501976013,0.39455652236938477,0.701209545135498,-0.39303067326545715,0.9964505434036255,0.39287206530570984,0.7054035663604736,-0.36560916900634766,0.9948939085006714,0.42489558458328247,0.6609681248664856,-0.4317801594734192,0.9996058940887451,0.39228957891464233,0.6736717820167542,-0.21484117209911346,0.9991258382797241,0.4148116707801819,0.7772436141967773,-0.5621261596679688,0.9635922908782959,0.39229241013526917,0.7645825147628784,-0.1454448401927948,0.2959839105606079,0.3797650635242462,0.875823438167572,-0.6750569939613342,0.9025611281394958,0.37787705659866333,0.8498299717903137,-0.20392605662345886,0.34382569789886475,0.3730294704437256,0.8918424248695374,-0.7452731132507324,0.8719695210456848,0.3719092607498169,0.8588009476661682,-0.2152954339981079,0.34394457936286926,0.3662412762641907,0.8872455954551697,-0.7399142384529114,0.8719308972358704,0.3740042448043823,0.8648790717124939,-0.2594544589519501,0.35652539134025574,0.3687014579772949,0.880393922328949,-0.6804038882255554,0.8170005679130554,0.3783598840236664,0.8640002012252808,-0.22346992790699005,0.36720094084739685,0.5115765333175659,0.5739164352416992,-0.08399578928947449,0.9992680549621582,0.47909802198410034,0.5875032544136047,0.08428934961557388,0.9991859197616577,0.5758195519447327,0.7100246548652649,-0.1344287097454071,0.8419530391693115,0.5188585519790649,0.7424932718276978,0.09536381810903549,0.6617518067359924,0.6479380130767822,0.8077688217163086,-0.027344960719347,0.8599526882171631,0.5924925208091736,0.7866814732551575,0.2353704869747162,0.7514146566390991,0.672376811504364,0.8109970092773438,-0.02316386252641678,0.8094316720962524,0.6095906496047974,0.7839438319206238,0.2461998164653778,0.746626615524292,0.6495254039764404,0.881193995475769,-0.12166780233383179,0.8779398202896118,0.5963810086250305,0.837380051612854,0.19338154792785645,0.792081892490387
177,0.3745991885662079,0.7358697056770325,-0.18349432945251465,0.9963369965553284,0.3689715564250946,0.7252128720283508,-0.21145251393318176,0.9957960247993469,0.37127119302749634,0.7248846292495728,-0.2114592045545578,0.995381772518158,0.37292319536209106,0.7251101136207581,-0.21156100928783417,0.996399998664856,0.3655017018318176,0.7220878005027771,-0.18575099110603333,0.9939985275268555,0.36477023363113403,0.7203871607780457,-0.1858217418193817,0.9929161071777344,0.3641709089279175,0.7190626263618469,-0.185855895280838,0.9949663281440735,0.37921661138534546,0.715954601764679,-0.2838808596134186,0.9942677617073059,0.36694100499153137,0.7030695080757141,-0.16589486598968506,0.9910978078842163,0.37959524989128113,0.7266781330108643,-0.20388901233673096,0.9967938661575317,0.38150253891944885,0.7274553775787354,-0.16961023211479187,0.9953944683074951,0.4178991913795471,0.7169145941734314,-0.3245072364807129,0.9996343851089478,0.3805317282676697,0.6722697019577026,-0.08540291339159012,0.9991653561592102,0.4159746766090393,0.8336488604545593,-0.3892969787120819,0.9664407968521118,0.3768581748008728,0.7659353613853455,-0.018506880849599838,0.31814149022102356,0.3732946515083313,0.9035913944244385,-0.4273145794868469,0.9113261699676514,0.35728389024734497,0.8476640582084656,-0.09370232373476028,0.3904903531074524,0.36111003160476685,0.9174033403396606,-0.48764705657958984,0.8829127550125122,0.3485721945762634,0.8587052822113037,-0.10337555408477783,0.3933444321155548,0.35345420241355896,0.9039336442947388,-0.48294734954833984,0.882693886756897,0.35170382261276245,0.8652256727218628,-0.14675036072731018,0.40658554434776306,0.35809603333473206,0.8985987305641174,-0.43075641989707947,0.8322180509567261,0.3614667057991028,0.863490879535675,-0.1132587343454361,0.4160788953304291,0.5136550664901733,0.6061831712722778,-0.08403683453798294,0.9993401765823364,0.48156943917274475,0.6025198101997375,0.08430405706167221,0.9992641806602478,0.5948446989059448,0.7255054712295532,-0.1285812258720398,0.8566111326217651,0.47891220450401306,0.7197510004043579,0.1739475578069687,0.6423977017402649,0.6242192983627319,0.808020293712616,0.15402890741825104,0.8555615544319153,0.5218024253845215,0.7485693097114563,0.3537884056568146,0.7213594913482666,0.6258438229560852,0.8108770847320557,0.1838521510362625,0.8076926469802856,0.5324019193649292,0.7480846047401428,0.3726527988910675,0.71087247133255,0.6257913112640381,0.8597803115844727,0.19414487481117249,0.85721755027771,0.5186129808425903,0.7775822877883911,0.376228928565979,0.7646265625953674
178,0.3414142429828644,0.7708686590194702,-0.17187142372131348,0.9966726303100586,0.3382832705974579,0.7662277817726135,-0.19829949736595154,0.9961995482444763,0.34020179510116577,0.76640784740448,-0.19827981293201447,0.9958255290985107,0.34213221073150635,0.7671641111373901,-0.19831202924251556,0.9967416524887085,0.33388033509254456,0.762793242931366,-0.1716812402009964,0.9945685267448425,0.33298903703689575,0.7610142230987549,-0.17173591256141663,0.9935945272445679,0.3322744369506836,0.7595957517623901,-0.17173567414283752,0.9954392313957214,0.3514760136604309,0.7559187412261963,-0.262481153011322,0.9948198795318604,0.33857986330986023,0.7461135983467102,-0.1415098011493683,0.9919488430023193,0.3512236773967743,0.7673333287239075,-0.18994297087192535,0.9970923662185669,0.34782883524894714,0.7635217308998108,-0.1551000475883484,0.9958352446556091,0.40232357382774353,0.7478958368301392,-0.2959044277667999,0.9996600151062012,0.36376962065696716,0.7071846723556519,-0.045106373727321625,0.9989108443260193,0.4121730923652649,0.8678664565086365,-0.33860793709754944,0.9676133394241333,0.35702186822891235,0.7828682661056519,0.05559394881129265,0.3004826009273529,0.3681959807872772,0.9192464351654053,-0.35737162828445435,0.9183934330940247,0.33417582511901855,0.8680502772331238,0.03693510591983795,0.38447538018226624,0.3552388846874237,0.930218517780304,-0.4078710675239563,0.8911793231964111,0.3263346552848816,0.8680226802825928,0.034090809524059296,0.39162540435791016,0.34797608852386475,0.9148334264755249,-0.4048737585544586,0.8908783197402954,0.3277547359466553,0.8717467188835144,-0.0013608282897621393,0.40562325716018677,0.35320401191711426,0.9108127355575562,-0.35974112153053284,0.8441583514213562,0.3332984447479248,0.8726523518562317,0.02140098437666893,0.4149107336997986,0.5085613131523132,0.6420472264289856,-0.08342694491147995,0.9994052052497864,0.47307267785072327,0.6287163496017456,0.08361899852752686,0.9993331432342529,0.5897567868232727,0.7365753054618835,-0.05268717557191849,0.8705078363418579,0.43113404512405396,0.7483659386634827,0.1013355627655983,0.6256209015846252,0.6262161135673523,0.8115676641464233,0.20501597225666046,0.8663262724876404,0.4167340397834778,0.8493403196334839,0.232822984457016,0.7266901731491089,0.6295855641365051,0.8157786726951599,0.2288333922624588,0.8175441026687622,0.42320743203163147,0.8711708188056946,0.24401870369911194,0.7170926928520203,0.6316174864768982,0.8572338819503784,0.16016295552253723,0.8649073839187622,0.38761797547340393,0.8655363917350769,0.17914968729019165,0.7769358158111572
179,0.3255089819431305,0.8139073848724365,-0.13683515787124634,0.9969605803489685,0.32349056005477905,0.8087998032569885,-0.16088677942752838,0.9965554475784302,0.32555392384529114,0.8083882927894592,-0.16086030006408691,0.9962125420570374,0.3277324140071869,0.8082324266433716,-0.1609025001525879,0.9970458149909973,0.31892263889312744,0.8064616918563843,-0.14174789190292358,0.9950757622718811,0.3179561495780945,0.8041988611221313,-0.14178374409675598,0.9941877126693726,0.3169485032558441,0.80147385597229,-0.14181402325630188,0.9958600401878357,0.3347800672054291,0.7939474582672119,-0.21998655796051025,0.9952859878540039,0.3220735490322113,0.7846136093139648,-0.13310334086418152,0.9926926493644714,0.33680254220962524,0.8080418109893799,-0.15191873908042908,0.9973205327987671,0.3367908000946045,0.8047530055046082,-0.1270492523908615,0.9961983561515808,0.3945068120956421,0.7788352966308594,-0.2548104226589203,0.9996462464332581,0.3410644233226776,0.727626383304596,-0.05384635925292969,0.998576819896698,0.4154489040374756,0.8654992580413818,-0.24165232479572296,0.9656475186347961,0.3336634039878845,0.780515193939209,0.07576064765453339,0.28759974241256714,0.3778345286846161,0.9103221297264099,-0.19792476296424866,0.9192280769348145,0.3236164450645447,0.866058886051178,0.11882124096155167,0.3908347487449646,0.3632277846336365,0.9224435687065125,-0.23403485119342804,0.8914986252784729,0.31570419669151306,0.8667925596237183,0.12283758819103241,0.4000468850135803,0.3481585681438446,0.9101918339729309,-0.23843388259410858,0.891668438911438,0.3134703040122986,0.8700534105300903,0.09435952454805374,0.41498956084251404,0.3535175621509552,0.905363917350769,-0.201285719871521,0.8473095297813416,0.31630951166152954,0.8690615892410278,0.10877978801727295,0.42221659421920776,0.4915277063846588,0.6873395442962646,-0.08290429413318634,0.9994356632232666,0.45743799209594727,0.6624988913536072,0.0829576924443245,0.9992424249649048,0.5675204396247864,0.7495520114898682,0.012467069551348686,0.8824871182441711,0.4382780194282532,0.7535175085067749,0.21212872862815857,0.5905665755271912,0.6303693056106567,0.7763947248458862,0.18856871128082275,0.8733552098274231,0.5331217646598816,0.8350328207015991,0.3875964283943176,0.6894748210906982,0.6410268545150757,0.7620734572410583,0.20590782165527344,0.8141779899597168,0.5518728494644165,0.8514003157615662,0.4060102105140686,0.681745707988739,0.6358133554458618,0.8484750390052795,0.17471541464328766,0.8625527024269104,0.5350728631019592,0.8643704056739807,0.39380908012390137,0.7470956444740295
180,0.3220428228378296,0.8343989849090576,-0.06924089044332504,0.9962000250816345,0.31660348176956177,0.8291999697685242,-0.09190835058689117,0.9962270855903625,0.3173201084136963,0.8283243179321289,-0.0918954610824585,0.9958346486091614,0.31829148530960083,0.8276596069335938,-0.09192647784948349,0.9966774582862854,0.31465405225753784,0.8278506994247437,-0.0708862692117691,0.9944937229156494,0.3142259120941162,0.8257577419281006,-0.07092343270778656,0.9934596419334412,0.31372857093811035,0.823185384273529,-0.07099543511867523,0.995345950126648,0.3227200508117676,0.8124367594718933,-0.15654189884662628,0.9945275783538818,0.31718000769615173,0.8092985153198242,-0.06285718083381653,0.9922935962677002,0.330576092004776,0.8267296552658081,-0.08809781074523926,0.9962360858917236,0.3292085528373718,0.8239724040031433,-0.0610651895403862,0.9954811334609985,0.3786773979663849,0.7974004149436951,-0.19415132701396942,0.9989497065544128,0.340792179107666,0.7543858289718628,-0.0066049546003341675,0.9969499111175537,0.415736585855484,0.8707936406135559,-0.17700645327568054,0.9579938650131226,0.346774697303772,0.8099881410598755,0.09798932075500488,0.26817286014556885,0.3745322823524475,0.9071821570396423,-0.10871126502752304,0.9133447408676147,0.331489622592926,0.8723334670066833,0.13968123495578766,0.3786446750164032,0.3608585298061371,0.9165005087852478,-0.1298075020313263,0.885204553604126,0.32409805059432983,0.8791475892066956,0.14555512368679047,0.3932631015777588,0.3496676981449127,0.9033356308937073,-0.13063421845436096,0.8859503269195557,0.3223033845424652,0.8803091049194336,0.1254020780324936,0.40875694155693054,0.3544098734855652,0.8993710875511169,-0.10878459364175797,0.84332674741745,0.32689154148101807,0.8790606260299683,0.13263148069381714,0.415407657623291,0.4820929169654846,0.7212677597999573,-0.0699654370546341,0.999257504940033,0.46222296357154846,0.7009201645851135,0.06994509696960449,0.9989907145500183,0.555450439453125,0.7508782148361206,0.05074257403612137,0.8815345764160156,0.5334949493408203,0.7549627423286438,0.1844187080860138,0.5583732724189758,0.6249796152114868,0.7748196721076965,0.19937895238399506,0.8580572009086609,0.6051733493804932,0.7908638715744019,0.3328055143356323,0.6526422500610352,0.6359937191009521,0.7712677717208862,0.21493616700172424,0.8029741644859314,0.6218761205673218,0.7957642674446106,0.3484193682670593,0.6566817164421082,0.6336789131164551,0.8211607933044434,0.19634723663330078,0.8394458889961243,0.6159548163414001,0.8351926803588867,0.33167320489883423,0.7126908302307129
181,0.31250959634780884,0.8481982946395874,-0.0994156152009964,0.9960982799530029,0.30507761240005493,0.8405056595802307,-0.11642316728830338,0.9963135719299316,0.3050931394100189,0.8386639356613159,-0.11645789444446564,0.9959865212440491,0.30530741810798645,0.8371355533599854,-0.11654474586248398,0.996785581111908,0.3046182692050934,0.8412525653839111,-0.09231355041265488,0.9945343732833862,0.30428510904312134,0.8396880030632019,-0.09232721477746964,0.9935135841369629,0.30407285690307617,0.8383996486663818,-0.09238135814666748,0.9953305125236511,0.30884313583374023,0.8201318383216858,-0.15521539747714996,0.9947155714035034,0.3073044717311859,0.8239967226982117,-0.04916292428970337,0.9925327301025391,0.32056742906570435,0.8391907811164856,-0.10973607003688812,0.9959984421730042,0.3197835087776184,0.8409556746482849,-0.07903674989938736,0.9951387047767639,0.35654905438423157,0.7867656946182251,-0.19142013788223267,0.9988957643508911,0.3388308882713318,0.7779840230941772,0.03122309222817421,0.9964713454246521,0.41216740012168884,0.853809118270874,-0.1879630982875824,0.9579082131385803,0.3658778667449951,0.8327248692512512,0.11579260975122452,0.25578826665878296,0.3610718846321106,0.9042313694953918,-0.11480363458395004,0.9150092005729675,0.3389512300491333,0.8795415163040161,0.14520621299743652,0.36125990748405457,0.3441784381866455,0.9181725978851318,-0.13190147280693054,0.8863039612770081,0.3284572660923004,0.8867611289024353,0.14925771951675415,0.3763760030269623,0.3309796452522278,0.9033265709877014,-0.1292809695005417,0.8867178559303284,0.32212916016578674,0.8889546990394592,0.14139947295188904,0.390493780374527,0.3380553126335144,0.8994960188865662,-0.11204435676336288,0.8449407815933228,0.3285849094390869,0.8863648176193237,0.14150996506214142,0.3959449827671051,0.47265759110450745,0.7453216314315796,-0.07105891406536102,0.9990923404693604,0.4625774025917053,0.7314390540122986,0.0710970088839531,0.9986206889152527,0.5484496355056763,0.7548402547836304,0.056275539100170135,0.8565072417259216,0.5383822917938232,0.7590407729148865,0.19610661268234253,0.5156607627868652,0.6197878122329712,0.766626238822937,0.19480332732200623,0.8178510069847107,0.6097356081008911,0.7671619653701782,0.3407087028026581,0.59988933801651,0.6296340227127075,0.7533226013183594,0.2091154307126999,0.7848140001296997,0.6218668222427368,0.7599982619285583,0.3557123839855194,0.6190127730369568,0.630028486251831,0.8114296793937683,0.1835205852985382,0.8017274141311646,0.6132120490074158,0.8188306093215942,0.3420209586620331,0.6634886860847473
182,0.29872751235961914,0.875997006893158,-0.2103859931230545,0.9946863055229187,0.29080814123153687,0.8611131310462952,-0.22218891978263855,0.9955787062644958,0.291382372379303,0.8577651977539062,-0.22219666838645935,0.9953914880752563,0.2921426296234131,0.8543118834495544,-0.22230131924152374,0.9962342977523804,0.28950226306915283,0.8630682826042175,-0.19239822030067444,0.9933652877807617,0.28915512561798096,0.8610992431640625,-0.19249756634235382,0.9925278425216675,0.28894516825675964,0.8590718507766724,-0.1927592009305954,0.9945968389511108,0.2996635437011719,0.8286299705505371,-0.17318369448184967,0.9938686490058899,0.2955016493797302,0.8374527096748352,-0.12831410765647888,0.9920108318328857,0.30887141823768616,0.8697015643119812,-0.21006815135478973,0.9945857524871826,0.307222843170166,0.8730117082595825,-0.17577150464057922,0.9933740496635437,0.36243173480033875,0.7851288914680481,-0.26968398690223694,0.9983723163604736,0.33006006479263306,0.8237035274505615,-0.04255721718072891,0.9961743950843811,0.4232025742530823,0.8466451168060303,-0.2726714015007019,0.9526582956314087,0.3714991509914398,0.8724449276924133,0.03759821876883507,0.25025632977485657,0.3804934322834015,0.914158284664154,-0.23021070659160614,0.9106508493423462,0.3426324427127838,0.9112030267715454,0.07353495061397552,0.3559199273586273,0.36731237173080444,0.9372811317443848,-0.255648136138916,0.8801202178001404,0.3316934108734131,0.9198951721191406,0.076522096991539,0.37180864810943604,0.34972938895225525,0.9265435934066772,-0.25430068373680115,0.880354106426239,0.3297514319419861,0.918544590473175,0.06265295296907425,0.3855014145374298,0.35582172870635986,0.9181689620018005,-0.22898848354816437,0.8370401263237,0.3354181945323944,0.9155747294425964,0.06876670569181442,0.3900577127933502,0.46355050802230835,0.7616323828697205,-0.06904733926057816,0.9973428845405579,0.4491061568260193,0.7803360819816589,0.06910596787929535,0.996781051158905,0.5532529950141907,0.7731819748878479,0.04157315194606781,0.838475227355957,0.5388606786727905,0.7921496033668518,0.18789586424827576,0.4839812219142914,0.6230621933937073,0.7744418382644653,0.18203817307949066,0.7851202487945557,0.6146248579025269,0.7730229496955872,0.320742666721344,0.5598241090774536,0.6345514059066772,0.7672832012176514,0.19499340653419495,0.7574621438980103,0.6262354850769043,0.7686982154846191,0.3343328833580017,0.581301212310791,0.6378036737442017,0.8265386819839478,0.15287086367607117,0.7669836282730103,0.6299141049385071,0.8195095658302307,0.30621084570884705,0.6260847449302673
183,0.2868363559246063,0.8877838253974915,-0.17330440878868103,0.9939919710159302,0.2817826569080353,0.8724794387817383,-0.18757358193397522,0.9948954582214355,0.2824209928512573,0.8691418766975403,-0.1876107007265091,0.9947180151939392,0.28315478563308716,0.865592896938324,-0.18767555058002472,0.995671272277832,0.28052037954330444,0.8741310834884644,-0.16071771085262299,0.9926667213439941,0.28027886152267456,0.872113049030304,-0.16077974438667297,0.9918906092643738,0.28008484840393066,0.869929313659668,-0.16087572276592255,0.9941282272338867,0.28900495171546936,0.8424419164657593,-0.20580048859119415,0.9928856492042542,0.2852798402309418,0.8510818481445312,-0.09189625084400177,0.9915496110916138,0.2958034574985504,0.8813573122024536,-0.1774768978357315,0.9940523505210876,0.29439008235931396,0.884084939956665,-0.14320127665996552,0.9924232959747314,0.34161120653152466,0.8000199794769287,-0.23336899280548096,0.9982157349586487,0.3192659020423889,0.8290399312973022,-0.005704097915440798,0.9961978197097778,0.3994615375995636,0.8251318335533142,-0.3164505064487457,0.9534441828727722,0.37039893865585327,0.8599194884300232,0.0950533077120781,0.2355801910161972,0.38082873821258545,0.92872554063797,-0.3987192213535309,0.9126077890396118,0.3657282888889313,0.9199610948562622,0.12189998477697372,0.33910536766052246,0.37542712688446045,0.9550140500068665,-0.437992662191391,0.8829236030578613,0.3609709143638611,0.9326711893081665,0.12675829231739044,0.356995552778244,0.3620162308216095,0.9517715573310852,-0.42209067940711975,0.8824518918991089,0.35850638151168823,0.9372414350509644,0.10087041556835175,0.3706124722957611,0.3633981943130493,0.9410474300384521,-0.3950839340686798,0.8370985984802246,0.36162275075912476,0.9339548945426941,0.11113578081130981,0.3763868808746338,0.4535312056541443,0.7712916731834412,-0.06996447592973709,0.9969486594200134,0.4468303322792053,0.7936569452285767,0.07002565264701843,0.9959669709205627,0.5393974781036377,0.792389988899231,-0.009746449068188667,0.8392511010169983,0.5326755046844482,0.80193692445755,0.09332089126110077,0.465467631816864,0.6214752793312073,0.7784413695335388,0.0500035285949707,0.793789267539978,0.6133590936660767,0.7747377753257751,0.17666879296302795,0.5545748472213745,0.6344765424728394,0.7717146277427673,0.05469437688589096,0.7661701440811157,0.6262708902359009,0.7701980471611023,0.18220965564250946,0.5775700211524963,0.6368315815925598,0.8287516832351685,-0.01121841836720705,0.7730403542518616,0.6274477243423462,0.8222583532333374,0.12464545667171478,0.6283121705055237
184,0.28755730390548706,0.8964675664901733,-0.12324851751327515,0.9940999746322632,0.28148218989372253,0.8858197331428528,-0.13898244500160217,0.9949396848678589,0.2820042371749878,0.8826484084129333,-0.13902559876441956,0.9947588443756104,0.2825393080711365,0.8791944980621338,-0.13905218243598938,0.9956825375556946,0.2799350619316101,0.8879728317260742,-0.11096179485321045,0.9928299188613892,0.27946463227272034,0.8863884806632996,-0.1109965443611145,0.9920972585678101,0.2789866328239441,0.8846455812454224,-0.1110682487487793,0.9942265152931213,0.28587526082992554,0.854154646396637,-0.16508221626281738,0.9929301142692566,0.28171756863594055,0.8638450503349304,-0.04211593046784401,0.9916847944259644,0.29590263962745667,0.8860782384872437,-0.12994666397571564,0.9942128658294678,0.29409947991371155,0.8893803954124451,-0.09415435045957565,0.9925289750099182,0.33569663763046265,0.8086356520652771,-0.19657745957374573,0.9982441663742065,0.31656599044799805,0.8338514566421509,0.0360664501786232,0.9964145421981812,0.38655298948287964,0.8426202535629272,-0.2942052185535431,0.955183207988739,0.35803136229515076,0.8809958696365356,0.07721079140901566,0.23141632974147797,0.37213730812072754,0.9437689185142517,-0.3519970178604126,0.9173374772071838,0.36261990666389465,0.9460641741752625,0.04499820992350578,0.33749252557754517,0.3741840422153473,0.9670836329460144,-0.3902587890625,0.8884224891662598,0.35701805353164673,0.962451696395874,0.034830573946237564,0.35522589087486267,0.3618525564670563,0.9663538336753845,-0.37481024861335754,0.8874469995498657,0.3552325665950775,0.9645630121231079,0.014929354190826416,0.36829492449760437,0.36068305373191833,0.9587237238883972,-0.3472537696361542,0.8413949608802795,0.35853734612464905,0.9591296911239624,0.02996760979294777,0.37547624111175537,0.44405755400657654,0.7758411765098572,-0.06725001335144043,0.9965780973434448,0.4402654767036438,0.7959471940994263,0.06729745864868164,0.9952412843704224,0.5329307317733765,0.7962873578071594,-0.07022755593061447,0.8309465646743774,0.5300784111022949,0.7999709248542786,0.04991433024406433,0.4524148106575012,0.6213385462760925,0.7959023118019104,-0.032649487257003784,0.8028482794761658,0.6182661056518555,0.7865903377532959,0.09192764759063721,0.551301121711731,0.636172890663147,0.793041467666626,-0.033211320638656616,0.779016375541687,0.6336134076118469,0.7812395095825195,0.0923493355512619,0.5763970613479614,0.6332591772079468,0.8323021531105042,-0.10829166322946548,0.7823958396911621,0.6261676549911499,0.8234160542488098,0.02654518559575081,0.6306593418121338
185,0.281891405582428,0.9007335305213928,-0.1510998010635376,0.9944924116134644,0.27390050888061523,0.8922820091247559,-0.16193540394306183,0.9952592253684998,0.2740497887134552,0.8877836465835571,-0.16200068593025208,0.9950928092002869,0.2742276191711426,0.8828267455101013,-0.16204944252967834,0.9959404468536377,0.2731987237930298,0.8991912007331848,-0.13719230890274048,0.9933111667633057,0.27289295196533203,0.8997901082038879,-0.1372220814228058,0.9926002621650696,0.27254170179367065,0.9003655910491943,-0.13728180527687073,0.9945293664932251,0.2776084542274475,0.8588762879371643,-0.15514738857746124,0.9934906959533691,0.2745477557182312,0.8832679986953735,-0.046894364058971405,0.9920402765274048,0.2906952500343323,0.886622428894043,-0.14589287340641022,0.9946414232254028,0.28903132677078247,0.8950665593147278,-0.11454900354146957,0.9930106401443481,0.31644150614738464,0.810909628868103,-0.1748715341091156,0.9983329176902771,0.31448885798454285,0.8655051589012146,0.05782376602292061,0.9966311454772949,0.3728086054325104,0.8444438576698303,-0.21991118788719177,0.9560486078262329,0.35775431990623474,0.8945746421813965,0.07315685600042343,0.23094193637371063,0.3646101951599121,0.9387381076812744,-0.21998412907123566,0.9175814390182495,0.36100444197654724,0.9461453557014465,-0.057190798223018646,0.34592387080192566,0.3685627579689026,0.963284969329834,-0.24679143726825714,0.8872299790382385,0.35744571685791016,0.962290346622467,-0.07330123335123062,0.3655155897140503,0.35541293025016785,0.9634192585945129,-0.24224619567394257,0.8856363296508789,0.35419130325317383,0.9625344276428223,-0.09237805753946304,0.37799420952796936,0.35312336683273315,0.9530079364776611,-0.2162228375673294,0.8376389145851135,0.35687336325645447,0.9548310041427612,-0.06988731026649475,0.38403183221817017,0.43501192331314087,0.7813778519630432,-0.06310603022575378,0.9964393377304077,0.4300896227359772,0.8158713579177856,0.06317684054374695,0.995158851146698,0.527829110622406,0.8005270957946777,-0.09048409759998322,0.8168725967407227,0.5268719792366028,0.8092514276504517,0.019326133653521538,0.4507833421230316,0.6167460680007935,0.806378185749054,-0.00978791806846857,0.8007416725158691,0.61468905210495,0.8058726787567139,0.08684007823467255,0.5538986325263977,0.6328099966049194,0.8055932521820068,-0.006106590386480093,0.7836701273918152,0.626137375831604,0.7979525327682495,0.08968479931354523,0.5764626264572144,0.6324397325515747,0.8328840732574463,-0.08600088953971863,0.7841729521751404,0.6262257099151611,0.8339925408363342,0.010666738264262676,0.6326596140861511
186,0.27917250990867615,0.9001052975654602,-0.08610601723194122,0.9949570298194885,0.27009814977645874,0.8929979801177979,-0.10125617682933807,0.9956559538841248,0.2699311673641205,0.8891246318817139,-0.10128483921289444,0.9955078959465027,0.2698798179626465,0.8843237161636353,-0.10131585597991943,0.9962671995162964,0.27011048793792725,0.8984567523002625,-0.07484551519155502,0.9938915371894836,0.26996177434921265,0.8986318707466125,-0.07485617697238922,0.9932408928871155,0.2698690891265869,0.898710310459137,-0.07490374147891998,0.9949883818626404,0.27227312326431274,0.8641968369483948,-0.11869293451309204,0.9940728545188904,0.27136823534965515,0.884129524230957,-0.0018089839722961187,0.9927070736885071,0.28685498237609863,0.8874675035476685,-0.08858924359083176,0.9950594902038574,0.2858806848526001,0.893365204334259,-0.05489952489733696,0.9935755729675293,0.3086825907230377,0.8136176466941833,-0.14643310010433197,0.9983264803886414,0.3074711263179779,0.8589870929718018,0.0799461156129837,0.9968903660774231,0.35979562997817993,0.892478346824646,-0.1606210172176361,0.9542714953422546,0.34681206941604614,0.9185491800308228,0.054991625249385834,0.25048837065696716,0.3388041853904724,0.9498064517974854,-0.07020171731710434,0.9015713334083557,0.3287884294986725,0.942700207233429,-0.08932216465473175,0.365062952041626,0.33275264501571655,0.966765820980072,-0.07939015328884125,0.8659245371818542,0.3214562237262726,0.950908899307251,-0.10293501615524292,0.37977877259254456,0.32674580812454224,0.9578268527984619,-0.07527988404035568,0.8623591661453247,0.3171536326408386,0.9477418065071106,-0.10752856731414795,0.39004725217819214,0.3299127221107483,0.9506470561027527,-0.06480593979358673,0.8127298951148987,0.320591002702713,0.9421899318695068,-0.09577973186969757,0.39347466826438904,0.4277874529361725,0.7837774753570557,-0.06301717460155487,0.9965202212333679,0.42682012915611267,0.8104789853096008,0.06305760890245438,0.9954607486724854,0.5208292603492737,0.802443265914917,-0.09967447072267532,0.8153533935546875,0.5254067182540894,0.8047728538513184,0.025599628686904907,0.4621210992336273,0.6116721630096436,0.8062171936035156,-0.060454439371824265,0.808394193649292,0.6100032329559326,0.8044909834861755,0.05406171828508377,0.574134349822998,0.631912112236023,0.8043407797813416,-0.060631297528743744,0.792709231376648,0.6236152052879333,0.7960324883460999,0.053932614624500275,0.5919591784477234,0.6276078224182129,0.8342047929763794,-0.12463553249835968,0.793220043182373,0.6208041906356812,0.8380022644996643,-0.0019806097261607647,0.6488242149353027
187,0.27866169810295105,0.90041184425354,-0.06572461873292923,0.9953960180282593,0.27013248205184937,0.8978241682052612,-0.08498946577310562,0.9960422515869141,0.26977354288101196,0.8944215774536133,-0.08501875400543213,0.9959125518798828,0.26960259675979614,0.8922476172447205,-0.08506212383508682,0.996592104434967,0.2693858742713928,0.9005028605461121,-0.05705415457487106,0.9944311380386353,0.26871341466903687,0.9003126621246338,-0.05704472213983536,0.9938371181488037,0.2681899964809418,0.9005042910575867,-0.05709069222211838,0.9954149127006531,0.2687758803367615,0.8744338750839233,-0.1186966672539711,0.9946314096450806,0.26753127574920654,0.8852477073669434,0.0059767127968370914,0.9933545589447021,0.2841871380805969,0.8889874815940857,-0.073758065700531,0.9954851865768433,0.28324905037879944,0.8917904496192932,-0.037766095250844955,0.9941350817680359,0.2998739182949066,0.819107711315155,-0.1474403440952301,0.9984407424926758,0.29811757802963257,0.8525921106338501,0.08401985466480255,0.9971519112586975,0.35336312651634216,0.9076039791107178,-0.14130599796772003,0.9535439014434814,0.3390659689903259,0.9155020117759705,0.09133051335811615,0.2616056203842163,0.3241373896598816,0.9496549963951111,-0.015334734693169594,0.893119752407074,0.31837818026542664,0.9452277421951294,0.01419756282120943,0.3712730407714844,0.3153437077999115,0.9630417823791504,-0.018339382484555244,0.852545976638794,0.31078219413757324,0.9530255794525146,0.011562293395400047,0.38166794180870056,0.3103620409965515,0.9522606134414673,-0.0181332565844059,0.847992479801178,0.3071722388267517,0.9491338133811951,0.009085780009627342,0.38989707827568054,0.3147450387477875,0.9463635087013245,-0.010365714319050312,0.7976758480072021,0.31067168712615967,0.9435663223266602,0.010351264849305153,0.39157330989837646,0.4246712327003479,0.7831563353538513,-0.06153944134712219,0.9966621398925781,0.4230503439903259,0.8108912706375122,0.0616382472217083,0.9957694411277771,0.516961932182312,0.8027904033660889,-0.09517434239387512,0.807758629322052,0.5193279981613159,0.8094161152839661,0.02537756785750389,0.47002339363098145,0.6082712411880493,0.8067779541015625,-0.04625283181667328,0.8068626523017883,0.6069976091384888,0.8099761009216309,0.06414473056793213,0.585952639579773,0.6312665343284607,0.8099889159202576,-0.04493476822972298,0.7939143180847168,0.6214714050292969,0.8005127906799316,0.06508833914995193,0.5970681309700012,0.6267541646957397,0.8352735042572021,-0.10544214397668839,0.7938721776008606,0.6203915476799011,0.8387421369552612,0.008900637738406658,0.6554070711135864
188,0.2743179500102997,0.9055653214454651,-0.03152979165315628,0.9958144426345825,0.26652196049690247,0.9062548279762268,-0.051783811300992966,0.9964084029197693,0.26600509881973267,0.904688835144043,-0.051807135343551636,0.9962909817695618,0.26551300287246704,0.9034853577613831,-0.05184198543429375,0.9969046115875244,0.2661294937133789,0.907243013381958,-0.026099657639861107,0.9949433207511902,0.2654544711112976,0.9065601825714111,-0.026079514995217323,0.9943958520889282,0.2648242115974426,0.9061070084571838,-0.0261002779006958,0.9958255290985107,0.26338836550712585,0.8874134421348572,-0.09157085418701172,0.9951432943344116,0.26314371824264526,0.8928890824317932,0.02279714122414589,0.9939568042755127,0.27907243371009827,0.8960989117622375,-0.041470881551504135,0.9958633780479431,0.27889472246170044,0.8972548842430115,-0.008409732021391392,0.99464350938797,0.29408425092697144,0.8364717960357666,-0.12593674659729004,0.9985634684562683,0.2918959856033325,0.8489159345626831,0.08674941956996918,0.9973852634429932,0.3474898636341095,0.9349457025527954,-0.11553285270929337,0.9552031755447388,0.33472079038619995,0.9127422571182251,0.08223539590835571,0.27156373858451843,0.3158499598503113,0.9489307999610901,0.022884173318743706,0.8831906914710999,0.3140462338924408,0.9366849064826965,0.013466139324009418,0.3605358898639679,0.30554500222206116,0.9582383036613464,0.023469313979148865,0.8352928161621094,0.30665525794029236,0.9435300827026367,0.01129353791475296,0.3659593164920807,0.3015454411506653,0.948881983757019,0.024427127093076706,0.8294976949691772,0.30313557386398315,0.9415903091430664,0.007665687240660191,0.372379332780838,0.3066456913948059,0.9422404766082764,0.028174320235848427,0.7804703116416931,0.3065433204174042,0.936657726764679,0.009269162081182003,0.374191552400589,0.417153924703598,0.79743891954422,-0.05553249642252922,0.9968104958534241,0.4170040190219879,0.8106600642204285,0.05563245341181755,0.9960329532623291,0.5103186368942261,0.8039636611938477,-0.0806683674454689,0.7840182781219482,0.5107656717300415,0.8091924786567688,0.028530683368444443,0.467011034488678,0.6085504293441772,0.8064888119697571,-0.05225673317909241,0.7930116653442383,0.6046251058578491,0.8042144179344177,0.04286801442503929,0.5871344804763794,0.6285487413406372,0.8071600198745728,-0.0533895418047905,0.7854024767875671,0.6188467144966125,0.7934239506721497,0.042035870254039764,0.5985046625137329,0.6239517331123352,0.825869083404541,-0.10139115154743195,0.7877114415168762,0.6170073747634888,0.82246333360672,0.0012200387427583337,0.6562743782997131
189,0.2707829773426056,0.9103667140007019,0.006195278838276863,0.9962128400802612,0.2624991238117218,0.9107800126075745,-0.008597742766141891,0.9967531561851501,0.26156556606292725,0.9089793562889099,-0.00861578993499279,0.996648907661438,0.26046550273895264,0.9063855409622192,-0.008677907288074493,0.9972004890441895,0.2630214989185333,0.9127432107925415,0.013510066084563732,0.9954283833503723,0.2625422775745392,0.9123297929763794,0.013539282605051994,0.9949318766593933,0.2620607018470764,0.9121292233467102,0.013511106371879578,0.9962221384048462,0.2568829655647278,0.8932021260261536,-0.02582264505326748,0.9956198930740356,0.2595008611679077,0.9020929336547852,0.07202732563018799,0.9945386052131653,0.27423161268234253,0.8974619507789612,0.004872115794569254,0.9962369799613953,0.2753291726112366,0.9011033177375793,0.03295997530221939,0.9951297044754028,0.28180980682373047,0.8314958214759827,-0.058878809213638306,0.9986964464187622,0.2861965298652649,0.8722409009933472,0.1299218237400055,0.9976263642311096,0.33814939856529236,0.9352738261222839,-0.04899599775671959,0.9562582969665527,0.3296929597854614,0.9396914839744568,0.059052594006061554,0.2979358434677124,0.3165414035320282,0.9460298418998718,0.07748395204544067,0.8710981011390686,0.3198913037776947,0.9435096979141235,-0.11219064146280289,0.3701413571834564,0.30908504128456116,0.9555873274803162,0.08063261210918427,0.8156188726425171,0.31519946455955505,0.9471592307090759,-0.12733174860477448,0.36833781003952026,0.3050127327442169,0.9482247233390808,0.08295615017414093,0.8092877864837646,0.31086745858192444,0.9405118227005005,-0.12164324522018433,0.37231868505477905,0.3093891739845276,0.9400166869163513,0.08350788801908493,0.7616948485374451,0.31318199634552,0.9355592727661133,-0.1148480623960495,0.37261366844177246,0.40662258863449097,0.8002552390098572,-0.055907972157001495,0.9970418810844421,0.4064196050167084,0.8263638019561768,0.05601236969232559,0.996337354183197,0.5039104223251343,0.8101296424865723,-0.10142077505588531,0.7791911363601685,0.5050126910209656,0.8186302781105042,-0.002368105109781027,0.4552331566810608,0.6102060079574585,0.8130688071250916,-0.11652692407369614,0.7867411971092224,0.6040652990341187,0.8034750819206238,-0.002616278128698468,0.5764747262001038,0.6299425363540649,0.8069440126419067,-0.12067218124866486,0.7788755297660828,0.6173666715621948,0.7902764081954956,-0.004708574619144201,0.5868462324142456,0.6258866190910339,0.8351709246635437,-0.1778980791568756,0.7846999764442444,0.6178950667381287,0.8325281143188477,-0.05614350363612175,0.6457790732383728
190,0.26494812965393066,0.8983903527259827,-0.011130250990390778,0.9965329170227051,0.2547454237937927,0.9000707268714905,-0.015785861760377884,0.9970256686210632,0.25299784541130066,0.8972856402397156,-0.015828324481844902,0.9969362616539001,0.2513481080532074,0.8945677280426025,-0.015895871445536613,0.9974313974380493,0.2585173547267914,0.9089321494102478,-2.71671360678738e-05,0.9958192110061646,0.2593047320842743,0.9119334816932678,-2.9121529223630205e-05,0.995358943939209,0.26002585887908936,0.9149823784828186,-9.829354530666023e-05,0.9965347051620483,0.24822655320167542,0.8848180174827576,0.008671457879245281,0.9960197806358337,0.258701890707016,0.9113221168518066,0.07859523594379425,0.9949856400489807,0.2675849199295044,0.8845584392547607,0.002402751473709941,0.996475338935852,0.27253177762031555,0.8916909694671631,0.022418204694986343,0.99539715051651,0.26818785071372986,0.821215033531189,0.0011009767185896635,0.9988095164299011,0.2865527272224426,0.8929812908172607,0.13474398851394653,0.9977774024009705,0.32213303446769714,0.8733977675437927,-0.015408282168209553,0.9500792622566223,0.3313795328140259,0.9500282406806946,0.021082798019051552,0.33836859464645386,0.3151783347129822,0.9070829749107361,0.025056937709450722,0.860389232635498,0.296797513961792,0.9419583678245544,-0.18008044362068176,0.40344783663749695,0.313989520072937,0.9158255457878113,0.021265016868710518,0.7991920709609985,0.2902945876121521,0.9426968097686768,-0.2061755657196045,0.39176660776138306,0.3089054226875305,0.9112197756767273,0.022254053503274918,0.7922114133834839,0.2792443037033081,0.9380298852920532,-0.19616076350212097,0.3931408226490021,0.31110092997550964,0.9078307151794434,0.029008880257606506,0.742568850517273,0.2863759398460388,0.933526873588562,-0.1816188097000122,0.3900028467178345,0.39864540100097656,0.793924868106842,-0.051807839423418045,0.9972131252288818,0.4020196497440338,0.8367648720741272,0.05188428610563278,0.9965477585792542,0.49904966354370117,0.8120136857032776,-0.12273607403039932,0.7749667167663574,0.500889003276825,0.8286315202713013,-0.04518117755651474,0.4447014629840851,0.6064783334732056,0.811997652053833,-0.14963242411613464,0.7804370522499084,0.6028188467025757,0.8094384670257568,-0.056195326149463654,0.563450038433075,0.6267341375350952,0.8058188557624817,-0.15595513582229614,0.7613412737846375,0.6167042255401611,0.789795458316803,-0.05999720096588135,0.5669054985046387,0.6260935068130493,0.8381331562995911,-0.2425447702407837,0.7808012366294861,0.6186683773994446,0.8452006578445435,-0.13968594372272491,0.6341556906700134
191,0.260501503944397,0.8958629369735718,0.022140825167298317,0.996859610080719,0.250168114900589,0.8987615704536438,0.008745046332478523,0.9973074793815613,0.24859435856342316,0.8964215517044067,0.008716047741472721,0.99722820520401,0.2469620406627655,0.89366215467453,0.008657758124172688,0.9976732730865479,0.25325316190719604,0.9070521593093872,0.02965500019490719,0.9962167739868164,0.2538607716560364,0.9100606441497803,0.029673736542463303,0.9957981705665588,0.2544506788253784,0.9131772518157959,0.029652222990989685,0.9968610405921936,0.244045227766037,0.8858985304832458,-0.0055588302202522755,0.9964054226875305,0.2525590658187866,0.9074633121490479,0.08779339492321014,0.9954606294631958,0.2639681398868561,0.8820353150367737,0.02215990237891674,0.9967679977416992,0.26799649000167847,0.8902838230133057,0.04887363687157631,0.995784342288971,0.2646768391132355,0.8297673463821411,-0.0389682836830616,0.9989216923713684,0.2749694585800171,0.8707404136657715,0.14643511176109314,0.9979712963104248,0.32002800703048706,0.922189474105835,-0.02435041218996048,0.9519931077957153,0.32601016759872437,0.9418421387672424,0.07302270829677582,0.35763779282569885,0.3099901080131531,0.9206151962280273,0.09608207643032074,0.8437553644180298,0.30297499895095825,0.9424446225166321,-0.09422199428081512,0.403606653213501,0.30692917108535767,0.919341504573822,0.09961963444948196,0.775805652141571,0.29701313376426697,0.9444312453269958,-0.10402146726846695,0.387214332818985,0.3029256761074066,0.9116823077201843,0.10158181190490723,0.7684983015060425,0.2908781170845032,0.9384952783584595,-0.16988423466682434,0.38687074184417725,0.3058796525001526,0.9117023944854736,0.1019490584731102,0.7200525999069214,0.29434284567832947,0.9342217445373535,-0.1109844446182251,0.38287726044654846,0.3945471942424774,0.8024003505706787,-0.05914574861526489,0.9974517226219177,0.3981803059577942,0.8241508603096008,0.0591663233935833,0.9968297481536865,0.5000704526901245,0.8204337954521179,-0.12253902852535248,0.784920871257782,0.49948224425315857,0.8205245137214661,-0.00245106965303421,0.4367261230945587,0.6085425615310669,0.8126261234283447,-0.15147675573825836,0.7923335433006287,0.6021411418914795,0.7972424626350403,-0.009460944682359695,0.5666627287864685,0.6281963586807251,0.804189145565033,-0.15646673738956451,0.7740093469619751,0.6167749762535095,0.7741157412528992,-0.01250188983976841,0.5703141689300537,0.6268130540847778,0.8426682353019714,-0.2126048058271408,0.7934048771858215,0.6197673082351685,0.8437654972076416,-0.06542658060789108,0.6391346454620361
192,0.25821346044540405,0.8988840579986572,-0.0024314369075000286,0.9971427917480469,0.24763497710227966,0.9018534421920776,-0.016243671998381615,0.9975519180297852,0.24634189903736115,0.8997325301170349,-0.016293488442897797,0.9974826574325562,0.24446049332618713,0.8972321152687073,-0.016365189105272293,0.9978835582733154,0.24962648749351501,0.908937931060791,0.006408172659575939,0.9965624213218689,0.24985364079475403,0.9113447666168213,0.006434394977986813,0.9961773753166199,0.25008976459503174,0.913908064365387,0.0064022121950984,0.9971409440040588,0.24200975894927979,0.8900706768035889,-0.03067873790860176,0.9967449307441711,0.24818618595600128,0.9085765480995178,0.07094310224056244,0.9958654642105103,0.26229530572891235,0.8858934044837952,-0.0026830954011529684,0.9970055818557739,0.26487433910369873,0.8932181596755981,0.026411425322294235,0.9960889220237732,0.26005780696868896,0.8282920122146606,-0.061346374452114105,0.999016523361206,0.2743716239929199,0.8700228929519653,0.137511745095253,0.9981088638305664,0.30832961201667786,0.9081696271896362,-0.05740850046277046,0.9532610774040222,0.3228189945220947,0.9420944452285767,0.08647801727056503,0.3649299442768097,0.29844242334365845,0.9253056645393372,0.0481451116502285,0.8378702998161316,0.30002790689468384,0.9427956342697144,-0.07358942925930023,0.40394139289855957,0.2955823242664337,0.9222875237464905,0.04764903336763382,0.7659510970115662,0.2940766215324402,0.9438225626945496,-0.09871012717485428,0.38412317633628845,0.2923073172569275,0.9163710474967957,0.04796486347913742,0.757955014705658,0.2880203127861023,0.937690794467926,-0.09827453643083572,0.3827848434448242,0.2951395511627197,0.9170466065406799,0.053279001265764236,0.7091109752655029,0.2907429337501526,0.9340838193893433,-0.07643832266330719,0.3779311776161194,0.39410141110420227,0.8021107316017151,-0.063876673579216,0.9976239800453186,0.39754974842071533,0.8232263326644897,0.06390716135501862,0.9970299601554871,0.5001331567764282,0.8199454545974731,-0.11603926122188568,0.7926437854766846,0.4995384216308594,0.8194506168365479,0.011606368236243725,0.4358227550983429,0.6023749113082886,0.815140962600708,-0.13307371735572815,0.802487850189209,0.6020768284797668,0.7929382920265198,0.008549770340323448,0.5763532519340515,0.6230692267417908,0.8111068606376648,-0.1379479020833969,0.7851202487945557,0.6166187524795532,0.7710211873054504,0.005538109689950943,0.5772393941879272,0.6247175931930542,0.8428012132644653,-0.20309989154338837,0.8047158122062683,0.6187120676040649,0.8428598046302795,-0.05185795575380325,0.6489365100860596
193,0.2558813691139221,0.8999266028404236,0.0019175714114680886,0.9974053502082825,0.24727019667625427,0.9022558331489563,-0.013051064684987068,0.997779905796051,0.24645574390888214,0.9007071852684021,-0.013098284602165222,0.9977172613143921,0.2454616129398346,0.899576723575592,-0.01316814310848713,0.9980803728103638,0.2482208013534546,0.9080698490142822,0.01076525915414095,0.9968823790550232,0.24820812046527863,0.9101940393447876,0.010781760327517986,0.996526837348938,0.24818897247314453,0.9127194881439209,0.010758510790765285,0.9974024295806885,0.24233479797840118,0.8932417035102844,-0.033412396907806396,0.9970552921295166,0.24710896611213684,0.9087775945663452,0.07301779836416245,0.9962408542633057,0.2605152428150177,0.889007031917572,-0.0006146157393231988,0.9972472190856934,0.26200565695762634,0.8955007195472717,0.02987661026418209,0.9964052438735962,0.261922150850296,0.8377591371536255,-0.07126449048519135,0.999106764793396,0.27268198132514954,0.8634647727012634,0.14763158559799194,0.9982483386993408,0.3175053894519806,0.9281248450279236,-0.052588529884815216,0.955562174320221,0.32370203733444214,0.9382278323173523,0.13889825344085693,0.36166277527809143,0.2974812090396881,0.9324430823326111,0.08229345828294754,0.8330555558204651,0.30535709857940674,0.9410826563835144,0.053936541080474854,0.3913749158382416,0.2929382920265198,0.9318391680717468,0.08620095252990723,0.7580127716064453,0.30014973878860474,0.9432576298713684,0.05078694224357605,0.3705291748046875,0.28980448842048645,0.9255082011222839,0.08671184629201889,0.7497381567955017,0.2948460876941681,0.9374127984046936,0.04737526550889015,0.3689444363117218,0.29307061433792114,0.9246553778648376,0.08815564215183258,0.7010664343833923,0.2973705530166626,0.9339849948883057,0.049942389130592346,0.36461734771728516,0.3965744078159332,0.8099038600921631,-0.07394205033779144,0.9978040456771851,0.3967978358268738,0.8224156498908997,0.07401762902736664,0.9972394108772278,0.4981783330440521,0.8241766095161438,-0.11911934614181519,0.8019214272499084,0.4964069426059723,0.8204111456871033,0.020082999020814896,0.42861491441726685,0.6000550985336304,0.815152645111084,-0.13451872766017914,0.8138318061828613,0.5979231595993042,0.7942855954170227,0.021025927737355232,0.5830453634262085,0.6221620440483093,0.8039920330047607,-0.13821782171726227,0.7958013415336609,0.6134242415428162,0.7681688666343689,0.018717505037784576,0.583137035369873,0.6195204854011536,0.8651973009109497,-0.19832202792167664,0.8171290755271912,0.6183754205703735,0.8424559831619263,-0.033285655081272125,0.6599214673042297
194,0.255783349275589,0.9017810225486755,0.005811787210404873,0.9976239800453186,0.24744614958763123,0.9038376808166504,-0.011362121440470219,0.9979750514030457,0.24683061242103577,0.9026727676391602,-0.011404486373066902,0.9979182481765747,0.24616417288780212,0.9020137190818787,-0.011463180184364319,0.9982481002807617,0.2480020970106125,0.9080668091773987,0.013796026818454266,0.9971553683280945,0.24790024757385254,0.9095897078514099,0.013804078102111816,0.9968200325965881,0.2478562593460083,0.911570131778717,0.013777950778603554,0.9976204633712769,0.2439257651567459,0.8953582048416138,-0.04149218648672104,0.9973230957984924,0.24726244807243347,0.9077194929122925,0.07009363919496536,0.9965501427650452,0.25981923937797546,0.8925932049751282,-0.0005854734336026013,0.9974076747894287,0.2607742249965668,0.895885705947876,0.031547531485557556,0.9966233968734741,0.2627779543399811,0.8406874537467957,-0.08912407606840134,0.9991843700408936,0.2700900435447693,0.8629462122917175,0.14471808075904846,0.9983596205711365,0.31807178258895874,0.9385182857513428,-0.06614112854003906,0.9578949213027954,0.3203677535057068,0.9316237568855286,0.14385738968849182,0.3576850891113281,0.3000941872596741,0.9413354396820068,0.08832348138093948,0.8264653086662292,0.3045382797718048,0.9397091269493103,0.07818175107240677,0.37505313754081726,0.29497820138931274,0.9430041909217834,0.09269578754901886,0.7479732036590576,0.29905766248703003,0.942645788192749,0.07949329912662506,0.35357728600502014,0.2916373610496521,0.9343026876449585,0.09190181642770767,0.7399283051490784,0.29427921772003174,0.9373239278793335,0.07515360414981842,0.3519399166107178,0.2948775887489319,0.9320727586746216,0.09389723837375641,0.6917777061462402,0.2967146635055542,0.934033215045929,0.07415246963500977,0.3482435941696167,0.3970900774002075,0.8102798461914062,-0.08059749752283096,0.9979556202888489,0.3967110514640808,0.8161866068840027,0.08068501204252243,0.9974113702774048,0.4981172978878021,0.8257618546485901,-0.1197088360786438,0.810678243637085,0.4957944452762604,0.8209754824638367,0.038795676082372665,0.4200223982334137,0.5990147590637207,0.8144015669822693,-0.1280289590358734,0.8247258067131042,0.5946425199508667,0.7967410683631897,0.039462972432374954,0.5888357758522034,0.6227210760116577,0.7949775457382202,-0.13005290925502777,0.8093297481536865,0.6129364371299744,0.7676488161087036,0.03844037652015686,0.5906301140785217,0.6177055835723877,0.8614931702613831,-0.17784705758094788,0.8292551636695862,0.617677628993988,0.8453092575073242,-0.02481076307594776,0.6682493686676025
195,0.2545943558216095,0.9017727375030518,0.03974559158086777,0.9978190064430237,0.24652116000652313,0.9039602279663086,0.021339640021324158,0.9981487989425659,0.24592506885528564,0.9030786156654358,0.02130541019141674,0.9980989694595337,0.24527104198932648,0.902678370475769,0.021248262375593185,0.9983983039855957,0.2469921112060547,0.9069990515708923,0.047147464007139206,0.997398316860199,0.24685028195381165,0.9080491662025452,0.04716762527823448,0.9970824718475342,0.24674001336097717,0.9095252752304077,0.047146741300821304,0.9978144764900208,0.24320562183856964,0.8961127400398254,-0.018822381272912025,0.997563362121582,0.24590790271759033,0.904895007610321,0.09596510231494904,0.9968194961547852,0.25891607999801636,0.8930661678314209,0.029672538861632347,0.9975155591964722,0.2598094344139099,0.8949577212333679,0.06270021945238113,0.9967749714851379,0.2610915005207062,0.8460071086883545,-0.08353728801012039,0.9992581605911255,0.2667527198791504,0.8516736626625061,0.16828469932079315,0.9984476566314697,0.3225221037864685,0.9394701719284058,-0.05298113822937012,0.9602117538452148,0.32120779156684875,0.9178071022033691,0.17071667313575745,0.34874212741851807,0.30281776189804077,0.9465689063072205,0.11394645273685455,0.8175278306007385,0.3047531247138977,0.9395501613616943,0.12188317626714706,0.35300973057746887,0.297356516122818,0.950040340423584,0.12040503323078156,0.7346012592315674,0.29837852716445923,0.94211745262146,0.12862369418144226,0.332173228263855,0.2937399446964264,0.9402600526809692,0.12216627597808838,0.7266454100608826,0.29375845193862915,0.9372947812080383,0.12594901025295258,0.3303535282611847,0.2970326840877533,0.9368706345558167,0.12091422080993652,0.6790978312492371,0.296413779258728,0.93401038646698,0.11906830221414566,0.32722389698028564,0.39459872245788574,0.8160169720649719,-0.08646281063556671,0.9980956315994263,0.39531221985816956,0.8129829168319702,0.08650792390108109,0.9975529909133911,0.496998131275177,0.828625500202179,-0.125008687376976,0.8179420828819275,0.4949781894683838,0.8201655745506287,0.05311477184295654,0.4030572175979614,0.5993717908859253,0.8145912289619446,-0.13992001116275787,0.8326882719993591,0.593957245349884,0.7971645593643188,0.04564744979143143,0.5826975107192993,0.6231123208999634,0.7927157878875732,-0.1418357640504837,0.8205536603927612,0.6128991842269897,0.7678947448730469,0.04542190954089165,0.5899750590324402,0.6186754703521729,0.8701843023300171,-0.18055686354637146,0.8387452960014343,0.6172376871109009,0.8507859706878662,0.0010634611826390028,0.6663009524345398
196,0.2541964054107666,0.9013219475746155,0.052381210029125214,0.9979996681213379,0.2453833371400833,0.9033677577972412,0.040143415331840515,0.9983022809028625,0.24422700703144073,0.9020642042160034,0.04009385406970978,0.9982604384422302,0.24305658042430878,0.9007821083068848,0.0400305911898613,0.9985314011573792,0.24663102626800537,0.9073637127876282,0.06137736886739731,0.9976179599761963,0.24664776027202606,0.908657431602478,0.06139769405126572,0.9973235130310059,0.24669763445854187,0.9103351831436157,0.061358969658613205,0.9979925155639648,0.24064867198467255,0.8939646482467651,0.025179436430335045,0.9977808594703674,0.2459368258714676,0.9077088832855225,0.11924424022436142,0.9970729947090149,0.2578094005584717,0.891597330570221,0.05151834338903427,0.9976203441619873,0.2594590187072754,0.8943301439285278,0.07843982428312302,0.996908962726593,0.2577890157699585,0.8397022485733032,-0.020231006667017937,0.9993231296539307,0.2691780924797058,0.8647994995117188,0.17238742113113403,0.9985334873199463,0.3097720146179199,0.9210871458053589,-0.02754126489162445,0.9606307148933411,0.32048311829566956,0.9324848651885986,0.13784469664096832,0.3500365614891052,0.3000141680240631,0.9425516724586487,0.07738600671291351,0.8132227063179016,0.3063344359397888,0.9389010667800903,-0.03755795583128929,0.34524139761924744,0.2969011068344116,0.9466471076011658,0.07752671092748642,0.7269347310066223,0.30096980929374695,0.9416600465774536,-0.050881922245025635,0.32282403111457825,0.29345518350601196,0.9380871057510376,0.08284605294466019,0.7183921933174133,0.29625728726387024,0.9369111061096191,-0.045825112611055374,0.32034388184547424,0.2961573898792267,0.9349741339683533,0.08420680463314056,0.6702715158462524,0.2986023426055908,0.9338400959968567,-0.04026311635971069,0.3174513578414917,0.3941073417663574,0.8132346868515015,-0.07180675119161606,0.9982171058654785,0.39457520842552185,0.8312422633171082,0.07177390158176422,0.9976859092712402,0.4965837001800537,0.825305163860321,-0.12254384905099869,0.8251421451568604,0.4958116114139557,0.8224888443946838,-0.011383491568267345,0.4089014232158661,0.5983787775039673,0.8144097328186035,-0.15077845752239227,0.8377299904823303,0.5941038727760315,0.8065297603607178,-0.02441254071891308,0.5898476839065552,0.6238162517547607,0.7920331954956055,-0.15645632147789001,0.8216124176979065,0.6130396723747253,0.7710486650466919,-0.027750134468078613,0.5886496901512146,0.619637668132782,0.8533808588981628,-0.22062082588672638,0.8440672755241394,0.6167595982551575,0.8548933267593384,-0.08777948468923569,0.673076331615448
197,0.25414860248565674,0.9022923707962036,0.02860218659043312,0.9980856776237488,0.24577872455120087,0.904933512210846,0.01519057434052229,0.9983752369880676,0.24472518265247345,0.9037226438522339,0.015149587765336037,0.9983333349227905,0.2437443733215332,0.9028283953666687,0.015090718865394592,0.9985859990119934,0.24689917266368866,0.9089607000350952,0.03692200034856796,0.9977265000343323,0.24688240885734558,0.9103638529777527,0.03693966567516327,0.9974157810211182,0.2469319999217987,0.9121687412261963,0.03690626844763756,0.9980628490447998,0.24110731482505798,0.8971899151802063,-0.0023109563626348972,0.9978896379470825,0.2455829679965973,0.9096174240112305,0.09382306039333344,0.9971588850021362,0.25803929567337036,0.8926664590835571,0.02691718377172947,0.9974655508995056,0.25954729318618774,0.8966060876846313,0.05447936803102493,0.996742308139801,0.25822722911834717,0.8397752642631531,-0.03944725915789604,0.9993671774864197,0.269512802362442,0.8639678955078125,0.15200582146644592,0.9985451698303223,0.3098488450050354,0.9215579628944397,-0.05886035040020943,0.9597880840301514,0.31713730096817017,0.9290757179260254,0.12449336051940918,0.3446391224861145,0.2946496605873108,0.9348196387290955,0.05130777880549431,0.8078232407569885,0.29986709356307983,0.9384909868240356,-0.0250014029443264,0.3345772624015808,0.2892356514930725,0.9415791034698486,0.04854704439640045,0.7186722159385681,0.2934563457965851,0.9413589239120483,-0.034997645765542984,0.3115520775318146,0.2857269048690796,0.9336724281311035,0.05884639173746109,0.7092264890670776,0.28902459144592285,0.9367213845252991,-0.034335263073444366,0.3085256516933441,0.28910449147224426,0.9303699135780334,0.07084834575653076,0.6606537699699402,0.2918262779712677,0.9339497089385986,-0.028561502695083618,0.3060782551765442,0.39509645104408264,0.8181970119476318,-0.07081303745508194,0.9983019828796387,0.39481261372566223,0.8256911635398865,0.07076878845691681,0.9977619647979736,0.4979793131351471,0.827679455280304,-0.11900325864553452,0.8296046257019043,0.4963252544403076,0.8229446411132812,0.005779101978987455,0.40281087160110474,0.5976518392562866,0.8141565918922424,-0.1357414275407791,0.8431897759437561,0.5930898785591125,0.8058355450630188,0.008418711833655834,0.5888574719429016,0.6223791837692261,0.7905843257904053,-0.13959576189517975,0.8286919593811035,0.6123151779174805,0.7706236243247986,0.006413416005671024,0.5864467024803162,0.6197185516357422,0.8383062481880188,-0.19783219695091248,0.8501885533332825,0.6168829202651978,0.8441097736358643,-0.0488324910402298,0.6726691722869873
198,0.2539077401161194,0.9011439085006714,0.017161039635539055,0.9982119202613831,0.24545016884803772,0.9032533168792725,0.00712290545925498,0.9984720945358276,0.24428705871105194,0.901879608631134,0.00707570556551218,0.9984285235404968,0.24313907325267792,0.9008296728134155,0.007012799382209778,0.9986657500267029,0.24713274836540222,0.9081258177757263,0.026849230751395226,0.9978795051574707,0.24730399250984192,0.910070538520813,0.02685903012752533,0.9975714683532715,0.24752077460289001,0.9124755263328552,0.026803776621818542,0.9981838464736938,0.24065330624580383,0.8939769268035889,0.008305437862873077,0.9980182647705078,0.246804878115654,0.9105644226074219,0.09320373833179474,0.9973111152648926,0.25786900520324707,0.8912796974182129,0.02148166485130787,0.9974648952484131,0.2599570155143738,0.8965939879417419,0.04615681618452072,0.9967460036277771,0.25886374711990356,0.8395914435386658,-0.014383876696228981,0.999393880367279,0.27267852425575256,0.8751761317253113,0.15268166363239288,0.9985591173171997,0.3057764172554016,0.8753774762153625,-0.03690743446350098,0.9580440521240234,0.3189312517642975,0.9416877031326294,0.12150885164737701,0.36020082235336304,0.28974172472953796,0.9202950596809387,0.034711502492427826,0.8084189295768738,0.2957167327404022,0.9447051286697388,-0.028048038482666016,0.3510189652442932,0.28477102518081665,0.9316157102584839,0.03200589865446091,0.7182930111885071,0.28962722420692444,0.9465950727462769,-0.04009837284684181,0.32256022095680237,0.2807292938232422,0.9250665307044983,0.03975636512041092,0.7076659202575684,0.2841182351112366,0.9405792355537415,-0.037885673344135284,0.31847405433654785,0.28413254022598267,0.9211783409118652,0.04467097669839859,0.6581835746765137,0.28702232241630554,0.9383454918861389,-0.03097308799624443,0.31551578640937805,0.39600661396980286,0.8160143494606018,-0.06533347070217133,0.9983536005020142,0.39645010232925415,0.8314602375030518,0.06528496742248535,0.9978175759315491,0.4993705153465271,0.8261085748672485,-0.11701842397451401,0.8350298404693604,0.49684077501296997,0.8265427350997925,0.0005227864603511989,0.408490389585495,0.5964713096618652,0.8135251402854919,-0.13672539591789246,0.8485603332519531,0.5938175320625305,0.8082732558250427,-0.004718787036836147,0.5943361520767212,0.6216345429420471,0.7884727716445923,-0.14156068861484528,0.8337690830230713,0.612852931022644,0.7719327211380005,-0.007642692886292934,0.5882755517959595,0.6197465658187866,0.8301916122436523,-0.20799310505390167,0.8557223081588745,0.6183295249938965,0.8420916795730591,-0.06949205696582794,0.6767402291297913
199,0.2548622786998749,0.9022898077964783,0.03534220904111862,0.9982248544692993,0.24667124450206757,0.905102550983429,0.01587418094277382,0.9984961748123169,0.2458532750606537,0.9046194553375244,0.015848901122808456,0.9984537959098816,0.24501696228981018,0.9046074151992798,0.015805084258317947,0.9986791610717773,0.24747414886951447,0.9076738953590393,0.038740791380405426,0.9979137778282166,0.2473641335964203,0.9090538024902344,0.038760509341955185,0.9975775480270386,0.24731841683387756,0.9111216068267822,0.03871150314807892,0.9981849193572998,0.24255439639091492,0.8990347981452942,-0.006115728057920933,0.9980337619781494,0.24598857760429382,0.9081867933273315,0.08111001551151276,0.9973071813583374,0.2591080963611603,0.8943489789962769,0.02463756874203682,0.9971147179603577,0.2601378858089447,0.8960950970649719,0.053757935762405396,0.9965152740478516,0.2628442943096161,0.8600025773048401,-0.07045415788888931,0.9994228482246399,0.2694648504257202,0.844370424747467,0.14466029405593872,0.9985703825950623,0.30984586477279663,0.9374566078186035,-0.05498230457305908,0.9577609896659851,0.31520935893058777,0.9160698056221008,0.17964959144592285,0.34557345509529114,0.29393652081489563,0.949553370475769,0.07064829766750336,0.7906187176704407,0.29600533843040466,0.9421384334564209,0.20706729590892792,0.32603687047958374,0.28634151816368103,0.955014705657959,0.0753878802061081,0.6975811123847961,0.2887652814388275,0.9448873996734619,0.22324296832084656,0.29943975806236267,0.2829824984073639,0.94336998462677,0.08003266155719757,0.6871379613876343,0.2851334512233734,0.9401193261146545,0.219291090965271,0.29548412561416626,0.2871565520763397,0.9398703575134277,0.0777100920677185,0.6396484971046448,0.28834956884384155,0.9378967881202698,0.20617489516735077,0.29308655858039856,0.3979271650314331,0.8272218704223633,-0.07043921202421188,0.998343825340271,0.397722065448761,0.8214462995529175,0.07040015608072281,0.9977622628211975,0.5002551674842834,0.8277468085289001,-0.10126010328531265,0.8322640657424927,0.49702757596969604,0.8254060745239258,0.052044790238142014,0.400188148021698,0.5970404148101807,0.8133265972137451,-0.10979525744915009,0.8507323265075684,0.5938636064529419,0.8081842064857483,0.057534366846084595,0.5880217552185059,0.6221112012863159,0.786647617816925,-0.11073311418294907,0.8409457206726074,0.6135328412055969,0.7707168459892273,0.05618646740913391,0.5864616632461548,0.6202148199081421,0.8312304019927979,-0.14231836795806885,0.8594067096710205,0.6182543039321899,0.8341148495674133,0.02342124469578266,0.6697095036506653
200,0.25528642535209656,0.9045173525810242,0.07137662172317505,0.9982328414916992,0.24731966853141785,0.9083454608917236,0.04582590609788895,0.9985295534133911,0.2467344105243683,0.9090635776519775,0.04582947492599487,0.9984832406044006,0.2460939586162567,0.9102612137794495,0.045807547867298126,0.9986951351165771,0.24745769798755646,0.9073019027709961,0.06871668249368668,0.9979590773582458,0.24710257351398468,0.9084113836288452,0.06871937215328217,0.9976174831390381,0.2467927634716034,0.910090982913971,0.06865586340427399,0.9982091188430786,0.24389591813087463,0.9043012261390686,-0.01765727996826172,0.9980380535125732,0.24540862441062927,0.9046363234519958,0.07773073017597198,0.9973434209823608,0.259721577167511,0.8989591598510742,0.04922700300812721,0.9968870878219604,0.2598748207092285,0.8957976698875427,0.07870174944400787,0.9964525699615479,0.2639274597167969,0.8846907019615173,-0.09385976940393448,0.9994609951972961,0.26443442702293396,0.8088987469673157,0.13535229861736298,0.9985928535461426,0.31096887588500977,0.9509239196777344,-0.06218152493238449,0.9577404856681824,0.31362149119377136,0.859578549861908,0.20698758959770203,0.3260999917984009,0.296127587556839,0.9638150334358215,0.08040337264537811,0.769713282585144,0.29921525716781616,0.9155534505844116,0.2881264090538025,0.2998768389225006,0.2900386452674866,0.9662439227104187,0.08623804897069931,0.6766113042831421,0.29432493448257446,0.9244722127914429,0.3146839141845703,0.2766507565975189,0.28629863262176514,0.9542226791381836,0.09084616601467133,0.667457103729248,0.29326575994491577,0.9266899824142456,0.3062747120857239,0.27308976650238037,0.2900858521461487,0.9506062269210815,0.08711172640323639,0.6217790246009827,0.29559391736984253,0.9256422519683838,0.28731614351272583,0.27130576968193054,0.3989345133304596,0.8385013937950134,-0.08042455464601517,0.9983959794044495,0.39834123849868774,0.7972625494003296,0.08036278188228607,0.9976999163627625,0.5007005333900452,0.833650529384613,-0.09096968919038773,0.8365014791488647,0.49723610281944275,0.8196887373924255,0.09806492179632187,0.3897877037525177,0.5977023243904114,0.8159533143043518,-0.10504263639450073,0.8579781651496887,0.5920957326889038,0.8009752035140991,0.11517675966024399,0.5810092091560364,0.622421145439148,0.7861823439598083,-0.10552258789539337,0.8520385026931763,0.6120476722717285,0.7658191323280334,0.11600993573665619,0.587270200252533,0.6204828023910522,0.8372776508331299,-0.12223664671182632,0.8656286001205444,0.6126343011856079,0.830304741859436,0.10061568021774292,0.659344494342804
201,0.25586816668510437,0.9054628014564514,0.08103929460048676,0.9983096122741699,0.2479507029056549,0.9096556901931763,0.05696646124124527,0.9986100792884827,0.24741864204406738,0.9106723070144653,0.056963641196489334,0.998568058013916,0.24681779742240906,0.9121224880218506,0.056925155222415924,0.9987636804580688,0.24790902435779572,0.907305121421814,0.07976426929235458,0.9980614185333252,0.24748234450817108,0.9078870415687561,0.0797896608710289,0.997727632522583,0.2471034824848175,0.9097029566764832,0.07974286377429962,0.998283863067627,0.24461416900157928,0.9066047072410583,-0.011894901283085346,0.9981324076652527,0.2453707903623581,0.9043636918067932,0.08815653622150421,0.9974535703659058,0.2603590786457062,0.9006434082984924,0.060588330030441284,0.9968339204788208,0.2602757215499878,0.8959619998931885,0.08978886902332306,0.9964872598648071,0.26514482498168945,0.8876611590385437,-0.0878920629620552,0.9995028972625732,0.265188604593277,0.8040837049484253,0.14155671000480652,0.9986105561256409,0.3176432251930237,0.9522931575775146,-0.0522434338927269,0.9586595296859741,0.3117353320121765,0.8513315916061401,0.22873637080192566,0.3086138367652893,0.29768532514572144,0.965345025062561,0.10168353468179703,0.7548481822013855,0.30044007301330566,0.9004729986190796,0.3147055506706238,0.2745962142944336,0.2893764078617096,0.9675870537757874,0.11010011285543442,0.6602405905723572,0.29516854882240295,0.9076952338218689,0.3425735831260681,0.2540785074234009,0.2856179177761078,0.9545806050300598,0.11463160812854767,0.6523278951644897,0.2934845983982086,0.9115765690803528,0.3371428847312927,0.25083035230636597,0.29005327820777893,0.9511495232582092,0.10871852934360504,0.6077660918235779,0.29593342542648315,0.9117197394371033,0.31527119874954224,0.24942876398563385,0.3993717133998871,0.8427918553352356,-0.08236311376094818,0.9984874725341797,0.39874857664108276,0.7964636087417603,0.08231262117624283,0.9977287650108337,0.5007659196853638,0.836505651473999,-0.09453465044498444,0.8393189907073975,0.4976053237915039,0.8194692730903625,0.09006185829639435,0.37918248772621155,0.5980792045593262,0.8166981339454651,-0.1184096708893776,0.8642743229866028,0.5919684171676636,0.8007468581199646,0.0997789278626442,0.5761290788650513,0.6242550611495972,0.7871350646018982,-0.11900459229946136,0.861642599105835,0.6123157739639282,0.7667534947395325,0.0995519757270813,0.5864142775535583,0.6199444532394409,0.8530911207199097,-0.13815423846244812,0.8723558783531189,0.6127780079841614,0.8312048316001892,0.07973779737949371,0.6527673006057739
202,0.25598272681236267,0.9059880375862122,0.08454357087612152,0.9983701109886169,0.2481357306241989,0.9102698564529419,0.06048545986413956,0.9986763596534729,0.2477114498615265,0.911354660987854,0.06047319248318672,0.9986417889595032,0.24721291661262512,0.9128211736679077,0.060429900884628296,0.9988234043121338,0.2478495091199875,0.9071919918060303,0.0835869312286377,0.9981497526168823,0.24735721945762634,0.9075453281402588,0.08360826224088669,0.9978182315826416,0.24691560864448547,0.9092124700546265,0.08355370163917542,0.9983428120613098,0.24509188532829285,0.9070468544960022,-0.01058550551533699,0.9982154965400696,0.2451368272304535,0.9030179977416992,0.09148846566677094,0.9975244402885437,0.26058250665664673,0.9014671444892883,0.06321214139461517,0.9967396259307861,0.26024848222732544,0.895818829536438,0.09279541671276093,0.9964708089828491,0.2652348279953003,0.8872247338294983,-0.08800525963306427,0.9995394945144653,0.2657065987586975,0.8014707565307617,0.14527355134487152,0.9985840916633606,0.32328060269355774,0.9527354836463928,-0.050427746027708054,0.9584943056106567,0.3106730878353119,0.8508712649345398,0.23626811802387238,0.29022639989852905,0.29799169301986694,0.966278076171875,0.11485423147678375,0.7338202595710754,0.2999246418476105,0.9001017212867737,0.325691282749176,0.251975417137146,0.2907301187515259,0.9678270220756531,0.12442394345998764,0.6403509378433228,0.29455867409706116,0.907169759273529,0.35348641872406006,0.23426857590675354,0.286894828081131,0.9546582698822021,0.12547603249549866,0.6337630748748779,0.2924800515174866,0.9106796979904175,0.34870296716690063,0.23138847947120667,0.2910640239715576,0.9512501358985901,0.12104368209838867,0.5903118848800659,0.2949530780315399,0.910764217376709,0.3264506757259369,0.23030264675617218,0.39924880862236023,0.8413740992546082,-0.08723770081996918,0.9985791444778442,0.39906251430511475,0.7908315658569336,0.08718828111886978,0.9977566599845886,0.5004406571388245,0.8398932814598083,-0.10909716039896011,0.8449221849441528,0.4978009760379791,0.8184086084365845,0.10774669796228409,0.3639843761920929,0.5982085466384888,0.8173823952674866,-0.14158698916435242,0.8712694644927979,0.5920319557189941,0.7983155250549316,0.1260627806186676,0.5676583647727966,0.6230700612068176,0.804483950138092,-0.14334264397621155,0.8707808256149292,0.6120160818099976,0.76352858543396,0.1267097443342209,0.5836147665977478,0.6197718381881714,0.8663111925125122,-0.15652166306972504,0.8792897462844849,0.6111437678337097,0.8343409299850464,0.11205911636352539,0.6442439556121826
203,0.2554177939891815,0.9064610004425049,0.060113631188869476,0.9984419941902161,0.2475854456424713,0.9104143977165222,0.040003396570682526,0.9987439513206482,0.24720880389213562,0.9112747311592102,0.039979927241802216,0.9987102746963501,0.2467997521162033,0.912465512752533,0.0399288535118103,0.9988799095153809,0.24725067615509033,0.9074421525001526,0.062361784279346466,0.9982406497001648,0.24675197899341583,0.9073962569236755,0.06237657740712166,0.99791020154953,0.24632544815540314,0.9087241291999817,0.062325723469257355,0.9984079003334045,0.24477985501289368,0.9061263203620911,-0.0269184410572052,0.9982982277870178,0.24481865763664246,0.9026216268539429,0.08213608711957932,0.997612476348877,0.2598569989204407,0.9014272093772888,0.04692144691944122,0.996746301651001,0.25951653718948364,0.8960884809494019,0.07512371242046356,0.9965426921844482,0.2662782669067383,0.8801990747451782,-0.10243799537420273,0.9995709657669067,0.266460120677948,0.8093444108963013,0.14094014465808868,0.9986221194267273,0.3250422775745392,0.9524495601654053,-0.06859444081783295,0.9601532220840454,0.3122779130935669,0.8660346865653992,0.20147749781608582,0.2805292010307312,0.2983401119709015,0.9654382467269897,0.08880992978811264,0.7221876978874207,0.30146336555480957,0.906001091003418,0.25378963351249695,0.23311761021614075,0.2916814982891083,0.9673624038696289,0.09461767971515656,0.6255573034286499,0.29599428176879883,0.9121142625808716,0.2756558060646057,0.21702151000499725,0.28778916597366333,0.9540676474571228,0.09716031700372696,0.6194495558738708,0.2941221594810486,0.914058268070221,0.27016693353652954,0.21441972255706787,0.29178929328918457,0.9508383870124817,0.0950140431523323,0.5777112245559692,0.2965310215950012,0.9135445356369019,0.25303584337234497,0.21373754739761353,0.3994922339916229,0.8372116088867188,-0.08494866639375687,0.9986183643341064,0.39931520819664,0.7918097376823425,0.08493445813655853,0.9977638721466064,0.5003710389137268,0.8375630974769592,-0.0999961867928505,0.8482341170310974,0.4979921281337738,0.8183268904685974,0.09292113780975342,0.3656647801399231,0.5974538326263428,0.8173190355300903,-0.11153993755578995,0.877122163772583,0.5919226408004761,0.7984892725944519,0.10484921932220459,0.5736371874809265,0.6231891512870789,0.7975844740867615,-0.11144617944955826,0.8786590695381165,0.6118119955062866,0.7644474506378174,0.10469089448451996,0.5889331102371216,0.6195518374443054,0.8635630011558533,-0.1296108216047287,0.8852308988571167,0.6113690137863159,0.8345986008644104,0.08423861861228943,0.6483322978019714
204,0.2541774809360504,0.9065457582473755,0.06388823688030243,0.9985060691833496,0.24610452353954315,0.9103090167045593,0.04065269976854324,0.9988001585006714,0.2457306683063507,0.9108994603157043,0.04063785448670387,0.9987645745277405,0.24533149600028992,0.9118268489837646,0.04059700667858124,0.9989237785339355,0.2458728551864624,0.907929003238678,0.06408053636550903,0.9983228445053101,0.2454303801059723,0.907679557800293,0.06410403549671173,0.9979977607727051,0.24509365856647491,0.9085727334022522,0.06405757367610931,0.9984715580940247,0.2436419427394867,0.9055801630020142,-0.026014793664216995,0.9983633756637573,0.24379535019397736,0.9024352431297302,0.08150371164083481,0.9977012872695923,0.25885438919067383,0.9013938903808594,0.04600536450743675,0.9967666864395142,0.2586227357387543,0.8964042067527771,0.07592423260211945,0.9966337084770203,0.266416072845459,0.8840237259864807,-0.10039154440164566,0.9996015429496765,0.26658332347869873,0.808768630027771,0.1399039924144745,0.9986885786056519,0.32570019364356995,0.952008068561554,-0.06966567784547806,0.9610407948493958,0.31307870149612427,0.8590307235717773,0.20283344388008118,0.27353280782699585,0.29990965127944946,0.9659023880958557,0.08626626431941986,0.7024608850479126,0.30734726786613464,0.894561767578125,0.2644747495651245,0.2158648669719696,0.2929791212081909,0.9685572981834412,0.09207651764154434,0.6040881276130676,0.3041617274284363,0.8991839289665222,0.288765013217926,0.2014094889163971,0.28922179341316223,0.9556803107261658,0.09651696681976318,0.598540723323822,0.30193138122558594,0.9019109010696411,0.2817447781562805,0.19906923174858093,0.29309961199760437,0.9520764946937561,0.09318659454584122,0.5588909983634949,0.30349838733673096,0.9021825194358826,0.2635915279388428,0.19883069396018982,0.3991527855396271,0.8410475254058838,-0.08514739573001862,0.9986497759819031,0.3987124562263489,0.7942501306533813,0.08511340618133545,0.9977518916130066,0.5003929138183594,0.8361878395080566,-0.09610925614833832,0.8498251438140869,0.4980824589729309,0.8165099024772644,0.09195275604724884,0.3611169159412384,0.5975325107574463,0.8167965412139893,-0.10498128831386566,0.8810517191886902,0.5914800763130188,0.7977801561355591,0.10204271227121353,0.5728558301925659,0.6198144555091858,0.8036580681800842,-0.10491843521595001,0.8851737380027771,0.6118224263191223,0.7635334730148315,0.10172154009342194,0.5923011898994446,0.6198254823684692,0.851395308971405,-0.12434576451778412,0.8890852928161621,0.6115265488624573,0.83198082447052,0.08161211013793945,0.645654559135437
205,0.2543838620185852,0.9068478941917419,0.06147126108407974,0.9985596537590027,0.2464047223329544,0.9107187986373901,0.03675195574760437,0.9988550543785095,0.24607494473457336,0.9114028811454773,0.0367441400885582,0.9988199472427368,0.24567797780036926,0.9124542474746704,0.0367094986140728,0.9989668130874634,0.2460099458694458,0.9080605506896973,0.060122050344944,0.9984021186828613,0.24552702903747559,0.9076004028320312,0.06013723090291023,0.9980862736701965,0.24513192474842072,0.9083418250083923,0.060085128992795944,0.9985324740409851,0.2438921183347702,0.9065940976142883,-0.03427491337060928,0.9984270930290222,0.24392127990722656,0.9022364020347595,0.07104998826980591,0.9978103637695312,0.2591361701488495,0.9022881388664246,0.04169311746954918,0.9968084692955017,0.25880250334739685,0.8970662355422974,0.07155384123325348,0.996752917766571,0.26792171597480774,0.8886255025863647,-0.10829496383666992,0.9996268153190613,0.26465320587158203,0.8074444532394409,0.12582284212112427,0.9987289309501648,0.32689446210861206,0.9525891542434692,-0.08051709830760956,0.9601797461509705,0.31334012746810913,0.850048303604126,0.2108936309814453,0.2614762783050537,0.2999381721019745,0.9659276604652405,0.07606399804353714,0.6959817409515381,0.310619056224823,0.8905989527702332,0.30448973178863525,0.19979941844940186,0.2917192280292511,0.9686242938041687,0.08279837667942047,0.599094033241272,0.308366596698761,0.8962769508361816,0.3323032557964325,0.18743513524532318,0.2879081070423126,0.9557227492332458,0.08713583648204803,0.5945501923561096,0.30612102150917053,0.8977161049842834,0.3250036835670471,0.1853152960538864,0.29211336374282837,0.9520620703697205,0.08276110142469406,0.5546072721481323,0.30741554498672485,0.8982380628585815,0.3043974041938782,0.18545174598693848,0.3997804820537567,0.8420649170875549,-0.08527227491140366,0.9986920952796936,0.39884889125823975,0.793605625629425,0.08524450659751892,0.9977390766143799,0.5011836886405945,0.8360328674316406,-0.09247972816228867,0.8534372448921204,0.49811801314353943,0.8156846165657043,0.10417149215936661,0.3567999303340912,0.5975504517555237,0.8170812726020813,-0.10175976902246475,0.8860918283462524,0.5908941030502319,0.7972500920295715,0.1278524398803711,0.5711925625801086,0.6215943098068237,0.7947942018508911,-0.10181130468845367,0.8921552300453186,0.6117984056472778,0.7639938592910767,0.12899650633335114,0.5941036939620972,0.6191831827163696,0.8559515476226807,-0.12186803668737411,0.8931047320365906,0.6105002164840698,0.8319445848464966,0.11029651015996933,0.6387307047843933
206,0.2541138529777527,0.9068626165390015,0.04743780940771103,0.9985668063163757,0.2461487501859665,0.9104676842689514,0.02284432388842106,0.9988719820976257,0.24587638676166534,0.9110187888145447,0.02283855900168419,0.9988338351249695,0.2455645501613617,0.9119376540184021,0.022817030549049377,0.9989744424819946,0.24571053683757782,0.9081476926803589,0.04751986265182495,0.9984290599822998,0.24524971842765808,0.9076521992683411,0.047519393265247345,0.9981021881103516,0.24488131701946259,0.9082175493240356,0.04745841398835182,0.9985425472259521,0.24402792751789093,0.9062002301216125,-0.04209209233522415,0.9984295964241028,0.2439967393875122,0.902409017086029,0.06578520685434341,0.9978258609771729,0.2590023875236511,0.9022889733314514,0.028103556483983994,0.9966941475868225,0.25867924094200134,0.8977910280227661,0.05955689400434494,0.9967135190963745,0.26798880100250244,0.8838754296302795,-0.11268820613622665,0.9996416568756104,0.26532119512557983,0.8104789853096008,0.1273430585861206,0.9987212419509888,0.3271712064743042,0.950664758682251,-0.09782841056585312,0.9597976803779602,0.31361597776412964,0.8521967530250549,0.20513689517974854,0.2502923607826233,0.3001287281513214,0.965488076210022,0.04302353411912918,0.6910933256149292,0.3103964030742645,0.9061793684959412,0.27365046739578247,0.18727877736091614,0.2915439009666443,0.9693494439125061,0.046510398387908936,0.5935189127922058,0.30732548236846924,0.9132394790649414,0.29821762442588806,0.1764286607503891,0.2876989543437958,0.9565425515174866,0.052228718996047974,0.5890940427780151,0.30544862151145935,0.9153382778167725,0.2906970679759979,0.17450113594532013,0.2920289635658264,0.9527696967124939,0.05001981183886528,0.5488393306732178,0.30697980523109436,0.914890706539154,0.2724779546260834,0.17498502135276794,0.39990586042404175,0.8396865129470825,-0.08679605275392532,0.9986754655838013,0.39891284704208374,0.7946572303771973,0.08680413663387299,0.9976566433906555,0.5012317895889282,0.8356124758720398,-0.09304939210414886,0.8567444682121277,0.498198926448822,0.8153517842292786,0.10076983273029327,0.35399115085601807,0.5971964597702026,0.8170540928840637,-0.09638659656047821,0.8913341760635376,0.5903111696243286,0.7965933084487915,0.12455853074789047,0.5740050077438354,0.6212931275367737,0.7888863682746887,-0.09636865556240082,0.8985867500305176,0.6079780459403992,0.7706698179244995,0.12541216611862183,0.5976829528808594,0.6187854409217834,0.8575067520141602,-0.1217380166053772,0.897954523563385,0.6096839904785156,0.8321751952171326,0.1027897447347641,0.6406655311584473
207,0.25415703654289246,0.9068039655685425,0.048177123069763184,0.9986435174942017,0.24624350666999817,0.9103785157203674,0.0234312005341053,0.9989359974861145,0.2459750473499298,0.9108918309211731,0.023431366309523582,0.9989013671875,0.24566993117332458,0.9117726683616638,0.023412907496094704,0.9990288019180298,0.24582478404045105,0.9081577062606812,0.048208706080913544,0.9985185265541077,0.2453664243221283,0.9076135158538818,0.04820995032787323,0.9982073307037354,0.2450089454650879,0.9080827236175537,0.04815375432372093,0.998617947101593,0.24411018192768097,0.9060903787612915,-0.04024418443441391,0.9985116124153137,0.24404188990592957,0.9023184776306152,0.066892609000206,0.9979432225227356,0.25895261764526367,0.9022588133811951,0.028221096843481064,0.9967983365058899,0.2586674094200134,0.8979441523551941,0.05998384207487106,0.9968533515930176,0.2681274712085724,0.8822075128555298,-0.1113768219947815,0.9996640682220459,0.26584139466285706,0.8098475337028503,0.12807336449623108,0.9987682700157166,0.32806506752967834,0.9528090357780457,-0.09216435253620148,0.9602115750312805,0.31498563289642334,0.8567864894866943,0.20537665486335754,0.24306754767894745,0.29930779337882996,0.9661344885826111,0.04977831244468689,0.6917165517807007,0.3103073239326477,0.9097325801849365,0.2774069905281067,0.17638666927814484,0.28913021087646484,0.9702399969100952,0.05305590108036995,0.59389328956604,0.3064606785774231,0.916507363319397,0.3032945692539215,0.1668306142091751,0.2855382561683655,0.956803560256958,0.05723295733332634,0.5897266268730164,0.3041991591453552,0.9187543392181396,0.29666218161582947,0.16504615545272827,0.29045620560646057,0.9530336856842041,0.056340306997299194,0.5493713021278381,0.3060566782951355,0.9184701442718506,0.2768171429634094,0.16578085720539093,0.4006812572479248,0.8383195400238037,-0.08708958327770233,0.9986913800239563,0.3989313840866089,0.7954521775245667,0.08709550648927689,0.997651994228363,0.501991868019104,0.8352111577987671,-0.09244389832019806,0.861162543296814,0.4985150694847107,0.815366804599762,0.10028501600027084,0.3557453751564026,0.5970891118049622,0.8169368505477905,-0.09625633805990219,0.8964488506317139,0.5904061794281006,0.7966340184211731,0.12199379503726959,0.578872561454773,0.622312068939209,0.7880501747131348,-0.09635648876428604,0.9048522114753723,0.6086244583129883,0.7691522240638733,0.12275375425815582,0.6034637689590454,0.6201919317245483,0.8564077615737915,-0.12102855741977692,0.9022527933120728,0.6097831130027771,0.8335373997688293,0.1006394475698471,0.6425662636756897
208,0.2542668581008911,0.906833291053772,0.03308885172009468,0.9986951351165771,0.246347114443779,0.9102317690849304,0.010388151742517948,0.9989848136901855,0.2460438460111618,0.9106640219688416,0.010372576303780079,0.9989513754844666,0.24572515487670898,0.9115530848503113,0.010338082909584045,0.9990698099136353,0.2459859400987625,0.9088508486747742,0.035626012831926346,0.9985851049423218,0.24554109573364258,0.9086260199546814,0.03563712537288666,0.9982762932777405,0.24519841372966766,0.9092340469360352,0.035592950880527496,0.9986679553985596,0.24415895342826843,0.9057318568229675,-0.045221514999866486,0.9985819458961487,0.2442212849855423,0.9040088057518005,0.06507021188735962,0.9980340600013733,0.2590535283088684,0.9019957780838013,0.017528291791677475,0.9968623518943787,0.25882455706596375,0.8986194133758545,0.0498676598072052,0.9969428777694702,0.26759809255599976,0.8798321485519409,-0.11215363442897797,0.9996852874755859,0.26612141728401184,0.8099476099014282,0.13160181045532227,0.9988099336624146,0.32834967970848083,0.9516341090202332,-0.09826928377151489,0.9612811207771301,0.3172570466995239,0.8757187724113464,0.20086602866649628,0.2387455850839615,0.29945164918899536,0.9653348326683044,0.035440996289253235,0.6955817341804504,0.3124140202999115,0.9185140132904053,0.2524537742137909,0.1676245778799057,0.2897077202796936,0.9699537754058838,0.03618241474032402,0.5972477793693542,0.3079914450645447,0.9239708781242371,0.27386564016342163,0.15863485634326935,0.2860744297504425,0.9564558863639832,0.04148366302251816,0.5929880142211914,0.30521413683891296,0.9259183406829834,0.2674435079097748,0.15693922340869904,0.29083573818206787,0.95271897315979,0.04205663502216339,0.5521962642669678,0.30727875232696533,0.9254099726676941,0.2512408196926117,0.15809300541877747,0.4007231593132019,0.8374964594841003,-0.08856415748596191,0.9987123012542725,0.3990147113800049,0.7975797653198242,0.08859941363334656,0.9976521730422974,0.5020275712013245,0.8354228734970093,-0.09505871683359146,0.8633726239204407,0.4985710680484772,0.8156694769859314,0.09906712919473648,0.3500977158546448,0.597445547580719,0.8168052434921265,-0.09734305739402771,0.9002266526222229,0.5904275178909302,0.7967395186424255,0.12013419717550278,0.5773748159408569,0.6232463121414185,0.786741316318512,-0.09732318669557571,0.9100215435028076,0.6093178987503052,0.7671120762825012,0.12063758075237274,0.6046811938285828,0.6202248930931091,0.8571881651878357,-0.12476824223995209,0.9060261249542236,0.6110607385635376,0.8371278643608093,0.0949796587228775,0.6420703530311584
209,0.2540976405143738,0.9074611067771912,0.052939824759960175,0.9987065196037292,0.2463100403547287,0.9106579422950745,0.027929360046982765,0.9990051984786987,0.2460443675518036,0.9111912846565247,0.027916576713323593,0.998968780040741,0.24577975273132324,0.9121940732002258,0.02788401022553444,0.9990846514701843,0.2457902878522873,0.9089230895042419,0.051681630313396454,0.998613715171814,0.2453131228685379,0.9085775017738342,0.0516970157623291,0.9982951879501343,0.24493928253650665,0.9091222286224365,0.05165005847811699,0.9986802935600281,0.2442130595445633,0.9065714478492737,-0.04433756321668625,0.9985987544059753,0.24406349658966064,0.9039826393127441,0.06589037925004959,0.9980422258377075,0.2590337097644806,0.9029817581176758,0.03207598999142647,0.9968062043190002,0.25869590044021606,0.8991062641143799,0.06263581663370132,0.9969445466995239,0.26777535676956177,0.8949506878852844,-0.11055328696966171,0.9997022747993469,0.26562657952308655,0.8077298402786255,0.12827995419502258,0.998803973197937,0.32850202918052673,0.9522961974143982,-0.0943237692117691,0.9611636400222778,0.3152357339859009,0.8502131104469299,0.208716481924057,0.22873829305171967,0.3025783896446228,0.9674186110496521,0.06299246847629547,0.6825558543205261,0.3122998774051666,0.8911110162734985,0.2911074161529541,0.15552769601345062,0.2945617139339447,0.9706059098243713,0.06813205778598785,0.5854135751724243,0.3088850975036621,0.8960791826248169,0.3177921772003174,0.148109570145607,0.29030975699424744,0.9575467705726624,0.07095175981521606,0.5821393728256226,0.3060554563999176,0.8997794389724731,0.31000959873199463,0.14666017889976501,0.2941676676273346,0.953794538974762,0.06906720995903015,0.5419253706932068,0.30766934156417847,0.9003487229347229,0.29041463136672974,0.14796292781829834,0.40057021379470825,0.8396525979042053,-0.08805568516254425,0.9987534880638123,0.39893144369125366,0.7963830828666687,0.08807551860809326,0.9976393580436707,0.5014763474464417,0.8367068767547607,-0.09545184671878815,0.8661034107208252,0.4983791410923004,0.8155890703201294,0.10472575575113297,0.3420393168926239,0.5974540710449219,0.8169108629226685,-0.10117121785879135,0.903985857963562,0.5903409719467163,0.7964950799942017,0.12815892696380615,0.5756913423538208,0.6225683689117432,0.7870107889175415,-0.10080651193857193,0.914681613445282,0.6087432503700256,0.765155017375946,0.12917478382587433,0.6044114828109741,0.620090126991272,0.8610802292823792,-0.12601317465305328,0.9096947908401489,0.6100893616676331,0.8369379043579102,0.11100675910711288,0.6397960186004639
210,0.2540208697319031,0.9082924127578735,0.020824845880270004,0.9986781477928162,0.24615442752838135,0.910983681678772,-0.0012151255505159497,0.998996376991272,0.24584665894508362,0.9111835956573486,-0.0012522493489086628,0.9989632964134216,0.24554553627967834,0.9119879007339478,-0.0013083966914564371,0.999069094657898,0.2457539588212967,0.9107382893562317,0.02372039668262005,0.9985947012901306,0.24530963599681854,0.9108412265777588,0.023743685334920883,0.998255729675293,0.24496755003929138,0.9116342067718506,0.023707835003733635,0.9986386299133301,0.2439582347869873,0.9062986373901367,-0.05449720099568367,0.9986088871955872,0.2441251575946808,0.9065417647361755,0.05706160515546799,0.9980283379554749,0.25892895460128784,0.9030096530914307,0.006766706705093384,0.9966890811920166,0.258684903383255,0.9004701972007751,0.03886715695261955,0.9968450665473938,0.26510006189346313,0.879639208316803,-0.1176661029458046,0.999716579914093,0.26415058970451355,0.8269315361976624,0.12854540348052979,0.99881511926651,0.32754626870155334,0.9514994025230408,-0.11371974647045135,0.9618175029754639,0.31466931104660034,0.8872126340866089,0.1959921270608902,0.2280082404613495,0.3012055456638336,0.9668248295783997,0.010329937562346458,0.6836197972297668,0.30167508125305176,0.9191337823867798,0.2269139587879181,0.15112294256687164,0.2925083339214325,0.9704102277755737,0.00943790003657341,0.5853685140609741,0.2935233414173126,0.9218152165412903,0.24395418167114258,0.14367657899856567,0.28805503249168396,0.9573155045509338,0.01391227263957262,0.5819393992424011,0.29039859771728516,0.9250656962394714,0.2347487211227417,0.1423501819372177,0.29220807552337646,0.953609824180603,0.016347508877515793,0.5412672162055969,0.29383569955825806,0.9249048829078674,0.223637655377388,0.14395710825920105,0.4002172350883484,0.8357389569282532,-0.08951976895332336,0.9987815618515015,0.398562490940094,0.8040297627449036,0.08958986401557922,0.9976639151573181,0.5004408359527588,0.8361326456069946,-0.10269045829772949,0.8697023987770081,0.49792689085006714,0.8173899054527283,0.10039699077606201,0.34111347794532776,0.5968749523162842,0.8131594061851501,-0.10098220407962799,0.9081259369850159,0.5902907848358154,0.7967697381973267,0.12118629366159439,0.5804691314697266,0.6212846040725708,0.7831344604492188,-0.10050158202648163,0.9195730686187744,0.6071341633796692,0.7739864587783813,0.12151392549276352,0.6102594137191772,0.619896411895752,0.8551527261734009,-0.1269727200269699,0.9137698411941528,0.6110082864761353,0.8408459424972534,0.10064450651407242,0.6436508893966675
211,0.253988116979599,0.9082539677619934,0.027012120932340622,0.9986990690231323,0.24583935737609863,0.9109327793121338,0.004215904977172613,0.9990215301513672,0.24546821415424347,0.9109923243522644,0.004190958570688963,0.998986542224884,0.24511098861694336,0.9116050004959106,0.004146060906350613,0.9990860819816589,0.2456423044204712,0.910699725151062,0.029037972912192345,0.9986318945884705,0.24526789784431458,0.9108563661575317,0.02905132807791233,0.9982885122299194,0.24498477578163147,0.9116604328155518,0.029004791751503944,0.9986626505851746,0.24353532493114471,0.9061216711997986,-0.052502911537885666,0.9986498355865479,0.24409806728363037,0.9064899682998657,0.05847199633717537,0.9980876445770264,0.25888967514038086,0.9026474952697754,0.011633951216936111,0.9967131614685059,0.25873181223869324,0.9003875851631165,0.04348679259419441,0.9968941807746887,0.2654229700565338,0.8785455226898193,-0.1172294169664383,0.9997282028198242,0.26331430673599243,0.8262787461280823,0.12865357100963593,0.9988221526145935,0.32829952239990234,0.9510076642036438,-0.1093333512544632,0.9622849225997925,0.3147781491279602,0.8791075944900513,0.19854333996772766,0.2238636016845703,0.3007814586162567,0.963029146194458,0.023247506469488144,0.6829397082328796,0.3027312159538269,0.9141227006912231,0.25366514921188354,0.14410382509231567,0.2917065918445587,0.9678650498390198,0.024667976424098015,0.5832387208938599,0.2957284152507782,0.918211817741394,0.27582284808158875,0.13721828162670135,0.287442684173584,0.9548906683921814,0.030397677794098854,0.5795604586601257,0.2929780185222626,0.9206896424293518,0.26720258593559265,0.13594157993793488,0.29180774092674255,0.9509937763214111,0.030060481280088425,0.5386488437652588,0.29602354764938354,0.9202362895011902,0.25148504972457886,0.13792717456817627,0.4003520905971527,0.8355867862701416,-0.08971192687749863,0.9987711310386658,0.39861100912094116,0.8036996722221375,0.08978061378002167,0.9976016879081726,0.5005072355270386,0.8358895778656006,-0.09996555000543594,0.86997389793396,0.49796485900878906,0.8173642754554749,0.10170392692089081,0.33630460500717163,0.5971213579177856,0.8131201863288879,-0.09699873626232147,0.9102053046226501,0.5901652574539185,0.7965955138206482,0.1239287257194519,0.5778899192810059,0.6213803887367249,0.7826489210128784,-0.09663133323192596,0.9229639768600464,0.606794536113739,0.7748830318450928,0.12447303533554077,0.6106866598129272,0.6198285818099976,0.857220470905304,-0.12418793141841888,0.9159290790557861,0.6110565662384033,0.8406749367713928,0.10019072145223618,0.6415805220603943
212,0.2540268301963806,0.9082015156745911,0.01810365542769432,0.9987707734107971,0.24586109817028046,0.9105732440948486,-0.0037399972788989544,0.9990805387496948,0.24547739326953888,0.9102855920791626,-0.003772574244067073,0.999047577381134,0.24510712921619415,0.9104673862457275,-0.0038256298284977674,0.9991406798362732,0.24569499492645264,0.9106721878051758,0.021237295120954514,0.998713493347168,0.24531979858875275,0.9109398722648621,0.02125024050474167,0.9983800649642944,0.24502313137054443,0.9118748903274536,0.021207964047789574,0.9987326264381409,0.2435033768415451,0.9049248695373535,-0.05298660323023796,0.9987376928329468,0.24413371086120605,0.9068500995635986,0.057618044316768646,0.9981969594955444,0.25891247391700745,0.9023312330245972,0.005664735101163387,0.9968768358230591,0.2587788999080658,0.900508463382721,0.03759343549609184,0.9970506429672241,0.26547470688819885,0.875841498374939,-0.11457140743732452,0.9997451305389404,0.2634531855583191,0.825959324836731,0.13309739530086517,0.9988626837730408,0.32890787720680237,0.95062655210495,-0.09350166469812393,0.9630487561225891,0.3151624798774719,0.8798390626907349,0.20873253047466278,0.22314918041229248,0.30043649673461914,0.9594597816467285,0.06560949981212616,0.6823111772537231,0.30298635363578796,0.9152885675430298,0.2636808753013611,0.1391071081161499,0.2910749018192291,0.964116096496582,0.0706925243139267,0.5818030834197998,0.2959022521972656,0.920396089553833,0.28520306944847107,0.13260561227798462,0.28701120615005493,0.9508848190307617,0.07290931046009064,0.5781052112579346,0.29344770312309265,0.9214779138565063,0.27710050344467163,0.13142481446266174,0.2915610074996948,0.9473748207092285,0.07207019627094269,0.5371650457382202,0.29644086956977844,0.9206358790397644,0.2617793083190918,0.13360735774040222,0.4004271924495697,0.8352524042129517,-0.09012316167354584,0.9988253712654114,0.39864835143089294,0.8031089901924133,0.0902075469493866,0.9976711273193359,0.5005577206611633,0.8357614874839783,-0.11061166226863861,0.8722406625747681,0.4979843199253082,0.8168168663978577,0.10647176206111908,0.33113786578178406,0.5981050133705139,0.8135818243026733,-0.11732107400894165,0.913060188293457,0.5903776288032532,0.7961708307266235,0.13405238091945648,0.5753390192985535,0.6235508322715759,0.782041072845459,-0.11777180433273315,0.9267931580543518,0.6083272099494934,0.7652587890625,0.13501504063606262,0.6113465428352356,0.619841992855072,0.8583145141601562,-0.14769552648067474,0.9190549850463867,0.6116183400154114,0.8405724167823792,0.11040098965167999,0.6399194002151489
213,0.2538580894470215,0.9081332087516785,0.022812191396951675,0.998822033405304,0.24561703205108643,0.9105163812637329,0.0006946453358978033,0.9991216659545898,0.24521207809448242,0.9102471470832825,0.0006636889884248376,0.9990897178649902,0.2448340654373169,0.9103291034698486,0.0006113608833402395,0.999178946018219,0.24555674195289612,0.9107750654220581,0.02522873319685459,0.998771607875824,0.24522431194782257,0.911110520362854,0.025245508179068565,0.9984420537948608,0.2449728548526764,0.9120559692382812,0.025202199816703796,0.9987795352935791,0.24330024421215057,0.9048895835876465,-0.050447821617126465,0.998799204826355,0.24403110146522522,0.9070338010787964,0.05883198231458664,0.9982574582099915,0.258819580078125,0.9022210240364075,0.009564811363816261,0.9969621896743774,0.2587457299232483,0.9006329774856567,0.04098318889737129,0.997127115726471,0.26558342576026917,0.8757593035697937,-0.1136644035577774,0.9997562170028687,0.26377764344215393,0.8253533840179443,0.13332900404930115,0.9988667964935303,0.3276776373386383,0.9503783583641052,-0.08370223641395569,0.9639766812324524,0.315182626247406,0.8792319297790527,0.20758633315563202,0.2230713963508606,0.2996910810470581,0.9566161036491394,0.08248208463191986,0.6725175976753235,0.30287662148475647,0.9108604192733765,0.2586730420589447,0.13230104744434357,0.2902338206768036,0.9597488641738892,0.08919481188058853,0.5693365931510925,0.29652613401412964,0.9154408574104309,0.27959316968917847,0.1259896606206894,0.2864171862602234,0.9463946223258972,0.09139837324619293,0.56563800573349,0.29376623034477234,0.9156251549720764,0.27042490243911743,0.1248825192451477,0.29103320837020874,0.9434252977371216,0.08900170773267746,0.5262880921363831,0.2965119481086731,0.914553165435791,0.25608280301094055,0.12719279527664185,0.4003952145576477,0.8347378373146057,-0.08979694545269012,0.9988431334495544,0.3986364006996155,0.804986298084259,0.08987165987491608,0.9976765513420105,0.500594973564148,0.8346598148345947,-0.10847824811935425,0.8741201758384705,0.49800634384155273,0.8168449997901917,0.10358164459466934,0.3307291567325592,0.5979584455490112,0.8135907649993896,-0.1141495555639267,0.9153037071228027,0.590488851070404,0.7973626255989075,0.13097435235977173,0.5784739851951599,0.6239112615585327,0.7823321223258972,-0.11454248428344727,0.9292481541633606,0.6093446016311646,0.7647792100906372,0.13052651286125183,0.6138824820518494,0.6196179389953613,0.8586459755897522,-0.14414680004119873,0.9216476082801819,0.6118165850639343,0.8419820070266724,0.10686036199331284,0.6436914801597595
