2,0.70911705493927,0.23691214621067047,0.11199309676885605,0.999209463596344,0.7064497470855713,0.22773058712482452,0.07918386906385422,0.9989333748817444,0.7050158977508545,0.22749261558055878,0.07916334271430969,0.9990338087081909,0.70350581407547,0.22738546133041382,0.0791073814034462,0.9989665150642395,0.7114202976226807,0.22765621542930603,0.09001518785953522,0.9984972476959229,0.7133735418319702,0.22736689448356628,0.0900154858827591,0.9984054565429688,0.7153045535087585,0.22718876600265503,0.08991462737321854,0.9984404444694519,0.703608512878418,0.23101133108139038,-0.032883498817682266,0.999037504196167,0.7207932472229004,0.23130753636360168,0.015610599890351295,0.9983449578285217,0.7074205279350281,0.24451549351215363,0.07824587821960449,0.9990890026092529,0.7132472395896912,0.2455509603023529,0.09206689149141312,0.9982503056526184,0.6892139911651611,0.28271520137786865,-0.09882278740406036,0.9999323487281799,0.7605549693107605,0.28791195154190063,0.01037105917930603,0.9991384744644165,0.6811533570289612,0.37014007568359375,-0.10618235915899277,0.9747661352157593,0.7682086825370789,0.3843616545200348,0.0270810779184103,0.24264444410800934,0.6646043062210083,0.4524160623550415,-0.06461004167795181,0.9392451047897339,0.7631421685218811,0.4653802216053009,0.03225983679294586,0.37152236700057983,0.6563881039619446,0.4753207564353943,-0.0705515444278717,0.9030532836914062,0.7648993730545044,0.48517683148384094,0.035191889852285385,0.36111384630203247,0.6615334153175354,0.47286608815193176,-0.06649687141180038,0.8990712761878967,0.7587159872055054,0.486709326505661,0.025427838787436485,0.3515006899833679,0.6654050946235657,0.4676101803779602,-0.06225978210568428,0.8535526394844055,0.7564979791641235,0.4798237979412079,0.027648070827126503,0.3373548090457916,0.6921700835227966,0.4548795819282532,-0.05514959245920181,0.9997405409812927,0.7310811281204224,0.4537160098552704,0.054921697825193405,0.9994328022003174,0.6916269659996033,0.5705655813217163,0.03728705644607544,0.9844868779182434,0.7138362526893616,0.565764844417572,0.14303870499134064,0.8783947825431824,0.7039852142333984,0.6940122246742249,0.13142643868923187,0.9648116230964661,0.6979196071624756,0.6678053736686707,0.25458940863609314,0.8836507797241211,0.7074351906776428,0.7189266681671143,0.13963088393211365,0.8617268800735474,0.700192928314209,0.7035267353057861,0.2650388181209564,0.76568603515625,0.6922903060913086,0.7200162410736084,0.09567219763994217,0.9472344517707825,0.6805593371391296,0.6963109374046326,0.2242610901594162,0.8547303080558777
3,0.7083280682563782,0.23622916638851166,0.12321462482213974,0.998975932598114,0.7059649229049683,0.22678706049919128,0.09298978745937347,0.9986011385917664,0.704639732837677,0.22642633318901062,0.09296868741512299,0.9986964464187622,0.7032510042190552,0.2261924296617508,0.09289123117923737,0.9985930323600769,0.710582971572876,0.2269551157951355,0.10266995429992676,0.9982112050056458,0.7123928070068359,0.22670015692710876,0.1026567816734314,0.998128354549408,0.7141549587249756,0.2265423834323883,0.10255464166402817,0.9981045722961426,0.7035936117172241,0.22981132566928864,-0.007697974797338247,0.9987290501594543,0.7195515036582947,0.23060569167137146,0.03513571247458458,0.9979974627494812,0.7068824768066406,0.24395529925823212,0.09320589154958725,0.9988626837730408,0.7120457887649536,0.24512171745300293,0.10544832050800323,0.9980779886245728,0.6890345811843872,0.28208687901496887,-0.07482744008302689,0.999922513961792,0.7583152055740356,0.2878853380680084,0.03582305461168289,0.9991705417633057,0.6860781908035278,0.36676162481307983,-0.08205081522464752,0.96205735206604,0.7658027410507202,0.38317710161209106,0.04251162335276604,0.3117150664329529,0.6729437112808228,0.4472791850566864,-0.04797213152050972,0.8875479102134705,0.7612898349761963,0.46211081743240356,0.033161621540784836,0.38196003437042236,0.6656216382980347,0.47018903493881226,-0.055742520838975906,0.8460327386856079,0.7624748349189758,0.4827033281326294,0.035173721611499786,0.3619442582130432,0.6698650121688843,0.4699963331222534,-0.05435631424188614,0.841401994228363,0.7559396028518677,0.48362115025520325,0.02574598789215088,0.3504801094532013,0.6744166016578674,0.4630964994430542,-0.047320038080215454,0.7961978316307068,0.7538392543792725,0.47516533732414246,0.028482263907790184,0.3339346647262573,0.6920160055160522,0.4525265097618103,-0.05613500997424126,0.9996344447135925,0.7309042811393738,0.4512884020805359,0.055943213403224945,0.9991278648376465,0.689577043056488,0.5677365660667419,0.026299651712179184,0.9800796508789062,0.708980917930603,0.5634394884109497,0.13902053236961365,0.858212411403656,0.7022562026977539,0.689416229724884,0.1140921339392662,0.9582473039627075,0.697921097278595,0.6696626543998718,0.24427802860736847,0.8605933785438538,0.7085159420967102,0.7036626935005188,0.12196804583072662,0.8692910075187683,0.7010743021965027,0.6973819136619568,0.2536560595035553,0.768430233001709,0.6871371269226074,0.7133674621582031,0.07535023987293243,0.9204152226448059,0.6812714338302612,0.6963170170783997,0.2117231786251068,0.8066568374633789
4,0.7073119878768921,0.23312030732631683,0.12462707608938217,0.9989892244338989,0.7048595547676086,0.22369109094142914,0.09450355917215347,0.9986080527305603,0.7035737633705139,0.22343336045742035,0.09449688345193863,0.9986985921859741,0.7022157907485962,0.22330661118030548,0.09442867338657379,0.998583197593689,0.7094345688819885,0.2238021343946457,0.10321684181690216,0.9982650876045227,0.7112823724746704,0.22359874844551086,0.10319827497005463,0.998188853263855,0.713114857673645,0.22351333498954773,0.10310494899749756,0.9981399178504944,0.7022753953933716,0.22763678431510925,-0.0067132944241166115,0.9987473487854004,0.7188112735748291,0.22819508612155914,0.031547077000141144,0.9980490207672119,0.7057493925094604,0.24093946814537048,0.09441805630922318,0.9988840222358704,0.710680365562439,0.24217438697814941,0.10524895042181015,0.9981802105903625,0.6868752837181091,0.28207018971443176,-0.07528241723775864,0.9999130964279175,0.7566519379615784,0.2878848910331726,0.02824023738503456,0.9992157816886902,0.6856375932693481,0.36753737926483154,-0.08730069547891617,0.956290602684021,0.7640225887298584,0.38318464159965515,0.02051384747028351,0.3762553632259369,0.6757875680923462,0.4476477801799774,-0.0515366867184639,0.846190333366394,0.7596580982208252,0.46029314398765564,-0.006950066890567541,0.39368435740470886,0.6690743565559387,0.47051873803138733,-0.05897597596049309,0.7979808449745178,0.7605229616165161,0.4809967279434204,-0.009430832229554653,0.36418062448501587,0.6743765473365784,0.47014203667640686,-0.056626081466674805,0.7920022010803223,0.754034161567688,0.4803687334060669,-0.01610981859266758,0.3511632978916168,0.6785891056060791,0.46337515115737915,-0.05046616867184639,0.7466524839401245,0.7520803213119507,0.4718581736087799,-0.011231857351958752,0.3319017291069031,0.690628707408905,0.4523252546787262,-0.05146614834666252,0.9995577931404114,0.7307837605476379,0.45127809047698975,0.051360320299863815,0.999031662940979,0.6832224130630493,0.5627304315567017,0.04597518965601921,0.9756335616111755,0.7085937261581421,0.5642326474189758,0.13692787289619446,0.8534939289093018,0.6978572607040405,0.671919047832489,0.15223677456378937,0.9506665468215942,0.6970507502555847,0.6752611398696899,0.23909544944763184,0.8531623482704163,0.704185962677002,0.6870400309562683,0.16264593601226807,0.8767480850219727,0.700005054473877,0.6979150176048279,0.2484176903963089,0.7814488410949707,0.6839366555213928,0.6913347840309143,0.12908557057380676,0.8870158791542053,0.6827203035354614,0.6965650320053101,0.21010473370552063,0.7664783000946045
5,0.7045304179191589,0.23146669566631317,0.09571938216686249,0.999020516872406,0.702477753162384,0.22206935286521912,0.06596612930297852,0.9986055493354797,0.7013741135597229,0.22182369232177734,0.06596367061138153,0.9986926913261414,0.7001515626907349,0.22169233858585358,0.0659107118844986,0.9985687136650085,0.7063263654708862,0.22197717428207397,0.07808138430118561,0.9983139038085938,0.7079982757568359,0.22166307270526886,0.07807514071464539,0.9982419610023499,0.709688663482666,0.22145305573940277,0.07798902690410614,0.9981717467308044,0.7008556723594666,0.22571076452732086,-0.032183196395635605,0.9987371563911438,0.7153228521347046,0.22586661577224731,0.0212344191968441,0.9980644583702087,0.7035254240036011,0.23931311070919037,0.06598414480686188,0.9989044070243835,0.7073976993560791,0.24019582569599152,0.08123365044593811,0.9982843399047852,0.6859700679779053,0.2813092768192291,-0.1041533574461937,0.9999115467071533,0.751700758934021,0.28485459089279175,0.02692069113254547,0.9992769956588745,0.6869581341743469,0.3675873577594757,-0.12424035370349884,0.946527898311615,0.7600647211074829,0.3809394836425781,0.024066632613539696,0.4280310869216919,0.6772996187210083,0.44798487424850464,-0.09381590783596039,0.8209384083747864,0.754977822303772,0.4564225971698761,-0.0021889887284487486,0.413207471370697,0.6705318689346313,0.47198376059532166,-0.10586663335561752,0.769041121006012,0.754946231842041,0.47732415795326233,-0.001874306588433683,0.37855297327041626,0.6751123070716858,0.4721328616142273,-0.10124991089105606,0.7616512179374695,0.7494651079177856,0.47675880789756775,-0.01590638794004917,0.3645719289779663,0.6794610619544983,0.4646179974079132,-0.09148837625980377,0.7139503359794617,0.746871829032898,0.46932974457740784,-0.009200616739690304,0.34141165018081665,0.6897372603416443,0.4499734938144684,-0.05381543189287186,0.9995304346084595,0.7295429706573486,0.44941043853759766,0.05369224026799202,0.9990416765213013,0.6763067245483398,0.5552586317062378,0.04759776592254639,0.972910463809967,0.706923246383667,0.5646415948867798,0.1287592351436615,0.8451342582702637,0.6923809051513672,0.6644008159637451,0.12925300002098083,0.9505128264427185,0.6941081881523132,0.6771727204322815,0.18206927180290222,0.855581521987915,0.6972784996032715,0.6794863343238831,0.1356150507926941,0.8861753344535828,0.6960981488227844,0.697869062423706,0.18576020002365112,0.7953687310218811,0.6786283850669861,0.6848257184028625,0.10518165677785873,0.8813552260398865,0.6815019845962524,0.6971642374992371,0.13892027735710144,0.7563514113426208
6,0.6951859593391418,0.22894197702407837,0.08874358236789703,0.9990501403808594,0.6948076486587524,0.21918341517448425,0.05606209114193916,0.998612105846405,0.6940892338752747,0.21893928945064545,0.05606688931584358,0.9987001419067383,0.6932574510574341,0.2187943309545517,0.05601833388209343,0.9985643625259399,0.6980897784233093,0.21889229118824005,0.07264881581068039,0.9983572959899902,0.6998621225357056,0.21840034425258636,0.07266010344028473,0.9982931613922119,0.70168137550354,0.21796473860740662,0.0725739523768425,0.9981950521469116,0.6960521936416626,0.22271481156349182,-0.05516505986452103,0.9987156987190247,0.7083715796470642,0.22181476652622223,0.01964656449854374,0.9980661869049072,0.6957098841667175,0.2370229810476303,0.05450211837887764,0.9989036917686462,0.6987804770469666,0.2375946193933487,0.07563038170337677,0.9983631372451782,0.685360848903656,0.2796647250652313,-0.13596998155117035,0.9999107718467712,0.7491745948791504,0.2804669737815857,0.026743358001112938,0.9993336200714111,0.6866076588630676,0.36716508865356445,-0.15706530213356018,0.9440093636512756,0.7572458982467651,0.3752155601978302,0.0304705947637558,0.47394421696662903,0.6758018732070923,0.44818630814552307,-0.1161804050207138,0.809684157371521,0.7528281807899475,0.45196205377578735,0.0059419842436909676,0.42759445309638977,0.668876051902771,0.4721051752567291,-0.127773255109787,0.7542786002159119,0.7529317736625671,0.4748353064060211,-6.547149041580269e-06,0.3880140483379364,0.6735116839408875,0.472195565700531,-0.12310049682855606,0.7460098266601562,0.7469931840896606,0.47484180331230164,-0.004316623322665691,0.3734111785888672,0.6779125332832336,0.46470993757247925,-0.11326150596141815,0.6955486536026001,0.7441521883010864,0.4667488634586334,0.0007556792115792632,0.3484869599342346,0.6882597804069519,0.4450984001159668,-0.05879586189985275,0.9995295405387878,0.728155255317688,0.44712239503860474,0.05855678766965866,0.9990720152854919,0.6714498400688171,0.546916663646698,0.07375721633434296,0.9720538258552551,0.7070326209068298,0.5592067241668701,0.1669999659061432,0.8460822105407715,0.6861540675163269,0.6537717580795288,0.1642478108406067,0.9516539573669434,0.6940109729766846,0.6694934368133545,0.18729597330093384,0.8611799478530884,0.6910861730575562,0.6709344983100891,0.1732925921678543,0.8948820233345032,0.6964020133018494,0.6855443716049194,0.20432376861572266,0.8090106844902039,0.6718192100524902,0.6794759035110474,0.14868313074111938,0.8799603581428528,0.6814450025558472,0.68829345703125,0.17916454374790192,0.7527977824211121
7,0.6871025562286377,0.22661685943603516,0.07969357073307037,0.9990653395652771,0.6878777146339417,0.21652807295322418,0.047388046979904175,0.9986217617988586,0.6875062584877014,0.21629412472248077,0.047392819076776505,0.9987117648124695,0.6870737671852112,0.21612899005413055,0.047357216477394104,0.9985694289207458,0.6907673478126526,0.21608656644821167,0.06705213338136673,0.9983921647071838,0.6925095915794373,0.21548224985599518,0.0670662447810173,0.9983317255973816,0.6943814754486084,0.21488632261753082,0.06697680056095123,0.9982135891914368,0.6914154291152954,0.22000738978385925,-0.060195643454790115,0.9986987709999084,0.7021812796592712,0.2183411717414856,0.023571904748678207,0.9980698227882385,0.6889731287956238,0.23501691222190857,0.046421900391578674,0.9988781809806824,0.6914571523666382,0.23541587591171265,0.07130049169063568,0.9984177947044373,0.6841174364089966,0.27761945128440857,-0.1484653502702713,0.9999092817306519,0.7472807765007019,0.2763018012046814,0.048103563487529755,0.999371349811554,0.6842774152755737,0.36676234006881714,-0.1763986498117447,0.9416906237602234,0.7560649514198303,0.36601731181144714,0.07987602800130844,0.48787811398506165,0.6750619411468506,0.4483449161052704,-0.13587430119514465,0.8049120903015137,0.7454391717910767,0.43091586232185364,0.0841946005821228,0.41316717863082886,0.6679384708404541,0.47221773862838745,-0.15086597204208374,0.7480488419532776,0.7424457669258118,0.4504911005496979,0.09459006041288376,0.3750474154949188,0.6725987195968628,0.47211068868637085,-0.14472272992134094,0.739151656627655,0.7365542054176331,0.44819119572639465,0.0741628035902977,0.3613232970237732,0.6773390173912048,0.46476542949676514,-0.13250254094600677,0.6856552958488464,0.7349183559417725,0.44802045822143555,0.07567359507083893,0.33763933181762695,0.6868020296096802,0.44144660234451294,-0.06601494550704956,0.9995207190513611,0.7265886068344116,0.4443482458591461,0.06578993052244186,0.9990692138671875,0.6662713289260864,0.5443519353866577,0.06365218013525009,0.9730392694473267,0.7072822451591492,0.5556859374046326,0.1729864627122879,0.8521004915237427,0.6777944564819336,0.6538704633712769,0.15472684800624847,0.9539400935173035,0.6940912008285522,0.6662255525588989,0.2487303763628006,0.8666226863861084,0.6821731328964233,0.6718218922615051,0.16454239189624786,0.9035793542861938,0.6966739892959595,0.6839340329170227,0.25911223888397217,0.8205947875976562,0.6610745191574097,0.6731882095336914,0.14214420318603516,0.8799059391021729,0.6795102953910828,0.6800488233566284,0.2382313758134842,0.7467054724693298
8,0.6858437657356262,0.2250567376613617,0.08637453615665436,0.9991129636764526,0.6854941844940186,0.21521076560020447,0.0513618104159832,0.9986867904663086,0.6848425269126892,0.21503189206123352,0.05139761418104172,0.998781681060791,0.6841402053833008,0.21491454541683197,0.051395852118730545,0.9986363053321838,0.6889317035675049,0.21450059115886688,0.0798686146736145,0.9984814524650574,0.6907317042350769,0.2137506753206253,0.07987113296985626,0.99843430519104,0.6926343441009521,0.21300677955150604,0.07980861514806747,0.9983021020889282,0.6873385310173035,0.21839521825313568,-0.05509251356124878,0.9987672567367554,0.6997600197792053,0.21595355868339539,0.042129311710596085,0.9981709122657776,0.6870367527008057,0.23342247307300568,0.05316634103655815,0.9989241361618042,0.6900292634963989,0.23362256586551666,0.08602777123451233,0.99852055311203,0.6825054883956909,0.275357723236084,-0.13124099373817444,0.9999110102653503,0.7447617650032043,0.2730950713157654,0.0609857439994812,0.9994090795516968,0.681270182132721,0.36564499139785767,-0.15284815430641174,0.9433263540267944,0.754392683506012,0.36365458369255066,0.0910976380109787,0.510204553604126,0.6742573976516724,0.44657328724861145,-0.11504359543323517,0.8016731142997742,0.7419984340667725,0.42016470432281494,0.101096011698246,0.3917701542377472,0.6677190065383911,0.4704705774784088,-0.12329284846782684,0.7433282732963562,0.738478422164917,0.4398108422756195,0.11176755279302597,0.35541415214538574,0.6721486449241638,0.4694666862487793,-0.12153525650501251,0.7334710359573364,0.7348515391349792,0.4439104497432709,0.09286146610975266,0.3426385521888733,0.6769669055938721,0.46143046021461487,-0.11609069257974625,0.6764606237411499,0.7336548566818237,0.43783122301101685,0.09316899627447128,0.32056909799575806,0.685524582862854,0.4378581941127777,-0.06482501327991486,0.9995290040969849,0.7241348028182983,0.44152969121932983,0.06460634618997574,0.9990835189819336,0.6654871106147766,0.5431553721427917,0.06515099108219147,0.9749359488487244,0.7070210576057434,0.554714560508728,0.16887842118740082,0.8643346428871155,0.6710740327835083,0.6536129117012024,0.16289107501506805,0.9569383263587952,0.6935876607894897,0.665142297744751,0.2553112804889679,0.8760054111480713,0.674545168876648,0.6710452437400818,0.1734013706445694,0.9122887253761292,0.6963149905204773,0.6834471225738525,0.2653305232524872,0.8360486626625061,0.6549676656723022,0.6625379323959351,0.15161225199699402,0.8753897547721863,0.6780298948287964,0.6698204874992371,0.2451002150774002,0.7405838966369629
9,0.6815173625946045,0.22478266060352325,0.09104952961206436,0.9991692304611206,0.6810800433158875,0.2150069624185562,0.058224260807037354,0.9987676739692688,0.6805098056793213,0.21489033102989197,0.05823884531855583,0.9988641142845154,0.6799004673957825,0.21483474969863892,0.05821062996983528,0.9987186789512634,0.6841470003128052,0.21407628059387207,0.07992545515298843,0.9985795617103577,0.685785174369812,0.21325156092643738,0.07992184162139893,0.9985443353652954,0.6875798106193542,0.21243403851985931,0.07988332957029343,0.9984039068222046,0.6834985613822937,0.2181466519832611,-0.048638977110385895,0.9988513588905334,0.6945012807846069,0.2152434140443802,0.03983648121356964,0.9983046650886536,0.6830236315727234,0.23318563401699066,0.05797872692346573,0.9989917874336243,0.6860340237617493,0.23309598863124847,0.08772560209035873,0.9986366033554077,0.6788039207458496,0.274748831987381,-0.12532711029052734,0.9999139904975891,0.7423170804977417,0.2695617377758026,0.05001218244433403,0.9994558691978455,0.6744561195373535,0.3650568127632141,-0.1462959349155426,0.9446174502372742,0.7517423033714294,0.3555806279182434,0.10125972330570221,0.5276003479957581,0.6728352904319763,0.44455990195274353,-0.10345938056707382,0.7947489023208618,0.7375355958938599,0.409776508808136,0.15847274661064148,0.3647649884223938,0.6675034761428833,0.46759089827537537,-0.11261199414730072,0.7360644340515137,0.7350050210952759,0.43330544233322144,0.17615456879138947,0.3306833803653717,0.6716021299362183,0.4663381278514862,-0.10991424322128296,0.725261926651001,0.7291533946990967,0.43264472484588623,0.15782983601093292,0.3188571035861969,0.6750179529190063,0.4586171805858612,-0.10323923826217651,0.6641559600830078,0.7281293272972107,0.42673641443252563,0.15222685039043427,0.2992728650569916,0.6824219822883606,0.43326103687286377,-0.04837895557284355,0.999555230140686,0.7219648957252502,0.43568965792655945,0.04811617359519005,0.99913489818573,0.6647326946258545,0.5348497033119202,0.08836652338504791,0.9768489003181458,0.7066045999526978,0.5520089864730835,0.1703692376613617,0.8769115805625916,0.6665032505989075,0.6395459771156311,0.19225940108299255,0.9600546956062317,0.6926530003547668,0.658125102519989,0.269670695066452,0.8863051533699036,0.6682649254798889,0.657335638999939,0.2043602019548416,0.9202414155006409,0.6937599778175354,0.6781033873558044,0.2815210819244385,0.8508327603340149,0.6554837226867676,0.6463086009025574,0.19290658831596375,0.8719290494918823,0.6832321286201477,0.6587873697280884,0.26687711477279663,0.7393622994422913
10,0.6760242581367493,0.22501406073570251,0.0939428061246872,0.9992356300354004,0.6760282516479492,0.21520105004310608,0.061155956238508224,0.9988601207733154,0.6757392287254333,0.2150716930627823,0.061154913157224655,0.9989540576934814,0.6754246354103088,0.2150106281042099,0.061117224395275116,0.9988139271736145,0.6787598133087158,0.21420639753341675,0.08061759173870087,0.9986903071403503,0.6802777051925659,0.2133588045835495,0.0806216448545456,0.998662531375885,0.6818552017211914,0.21254654228687286,0.08057130873203278,0.9985228180885315,0.6799070835113525,0.21770597994327545,-0.0458664745092392,0.9989465475082397,0.688801646232605,0.2148755043745041,0.04034017398953438,0.9984461069107056,0.678522527217865,0.23323355615139008,0.06124820560216904,0.9990702867507935,0.6810999512672424,0.23308774828910828,0.08791918307542801,0.9987553954124451,0.6755484342575073,0.2734747529029846,-0.12354589998722076,0.9999199509620667,0.7390061020851135,0.26627859473228455,0.04806407541036606,0.9995058178901672,0.671224057674408,0.3635483980178833,-0.14333924651145935,0.946318507194519,0.7482300400733948,0.3499751389026642,0.10173662006855011,0.5461195111274719,0.6705140471458435,0.4411144554615021,-0.09947358071804047,0.7925867438316345,0.7331329584121704,0.406534880399704,0.16013088822364807,0.345176100730896,0.6669155955314636,0.4633229076862335,-0.11081675440073013,0.7334997057914734,0.7319494485855103,0.4296281635761261,0.17684033513069153,0.31177854537963867,0.6702216863632202,0.46201807260513306,-0.10524012893438339,0.7216509580612183,0.7250007390975952,0.4285532534122467,0.15855373442173004,0.3007337749004364,0.672376275062561,0.4543914794921875,-0.09733835607767105,0.6568939685821533,0.7240046262741089,0.4230107367038727,0.15386275947093964,0.2831927537918091,0.6798814535140991,0.43158838152885437,-0.040005382150411606,0.9995791912078857,0.7192877531051636,0.43335506319999695,0.039725519716739655,0.9991922974586487,0.6642789840698242,0.5301011204719543,0.10655704885721207,0.9782097935676575,0.7056125402450562,0.5524402260780334,0.16571490466594696,0.8883006572723389,0.6608064770698547,0.6282786130905151,0.2253742218017578,0.9620872139930725,0.6926218271255493,0.6600955724716187,0.2618409991264343,0.8959905505180359,0.6620250344276428,0.6477478742599487,0.23907789587974548,0.9268914461135864,0.6920601725578308,0.6789886355400085,0.27260252833366394,0.8644300103187561,0.6443682909011841,0.6372407078742981,0.23224368691444397,0.864480197429657,0.6850412487983704,0.6619413495063782,0.2526184022426605,0.7420057058334351
11,0.6705772280693054,0.22552701830863953,0.09301234781742096,0.9992969632148743,0.6708827614784241,0.21532998979091644,0.0609656497836113,0.9989455938339233,0.6708015203475952,0.21514424681663513,0.06095658615231514,0.9990360736846924,0.6706885099411011,0.21506476402282715,0.060916684567928314,0.9989033341407776,0.6734886765480042,0.2144862860441208,0.08012384176254272,0.9987914562225342,0.6751377582550049,0.21381334960460663,0.08014939725399017,0.99876868724823,0.6768602728843689,0.2131260484457016,0.0800991877913475,0.9986308217048645,0.6758978962898254,0.2181323617696762,-0.044350601732730865,0.9990325570106506,0.6843751072883606,0.21548104286193848,0.04184632748365402,0.9985683560371399,0.6737349629402161,0.23372332751750946,0.061664365231990814,0.9991416335105896,0.6763320565223694,0.2331431657075882,0.08726340532302856,0.9988625049591064,0.6725023984909058,0.2732795774936676,-0.12171071767807007,0.9999262094497681,0.7356442213058472,0.26431137323379517,0.05042991787195206,0.9995509386062622,0.6694952845573425,0.36289137601852417,-0.144724503159523,0.9484774470329285,0.7452095746994019,0.34701937437057495,0.103224016726017,0.5632179975509644,0.6657017469406128,0.44175979495048523,-0.10459902137517929,0.7975156903266907,0.7303419709205627,0.4050294756889343,0.14967820048332214,0.33022770285606384,0.6625924110412598,0.46288079023361206,-0.12057425826787949,0.7384752631187439,0.7269315123558044,0.42305558919906616,0.16219650208950043,0.2967982888221741,0.6651245951652527,0.4617643356323242,-0.11353886127471924,0.7257727980613708,0.7219080924987793,0.42891231179237366,0.14292658865451813,0.28633904457092285,0.6669435501098633,0.45472002029418945,-0.10152707248926163,0.6579959988594055,0.7212439775466919,0.42344143986701965,0.1423458755016327,0.2704192101955414,0.678422212600708,0.4298403859138489,-0.038205958902835846,0.9996069669723511,0.7178847789764404,0.43227413296699524,0.0379268154501915,0.9992506504058838,0.6627718210220337,0.5259856581687927,0.12577800452709198,0.9784044027328491,0.7036772966384888,0.5519182682037354,0.1734161078929901,0.8981423377990723,0.653689444065094,0.6204537749290466,0.26608672738075256,0.9624340534210205,0.6924459338188171,0.6611104607582092,0.28148984909057617,0.9042596817016602,0.651591420173645,0.6415367126464844,0.28190600872039795,0.9317435622215271,0.690791666507721,0.6815205216407776,0.29370009899139404,0.8763618469238281,0.6339060068130493,0.625985324382782,0.2724277973175049,0.8547087907791138,0.6910884380340576,0.6640833616256714,0.27214840054512024,0.7438883781433105
12,0.6684527397155762,0.22581055760383606,0.11004583537578583,0.9993313550949097,0.6679556369781494,0.21569602191448212,0.07850764691829681,0.9989889860153198,0.6675571203231812,0.2155037820339203,0.07849247008562088,0.9990847110748291,0.6670843958854675,0.2154141217470169,0.07844977080821991,0.998952329158783,0.6712811589241028,0.2149016112089157,0.09499397873878479,0.9988468289375305,0.6731627583503723,0.21422120928764343,0.09502123296260834,0.9988325834274292,0.6750856637954712,0.21353712677955627,0.09494656324386597,0.9986830353736877,0.6717339158058167,0.2183937281370163,-0.02431815303862095,0.9990913271903992,0.6828739047050476,0.21584075689315796,0.04946092143654823,0.9986539483070374,0.6712966561317444,0.2338438332080841,0.07929027825593948,0.9991909265518188,0.6747291684150696,0.23348258435726166,0.10071717202663422,0.9989457130432129,0.6682182550430298,0.2735486328601837,-0.08966080844402313,0.9999307990074158,0.733332097530365,0.2640881836414337,0.04759365692734718,0.9995898008346558,0.6646574139595032,0.36318665742874146,-0.1210976392030716,0.9505144357681274,0.7405695915222168,0.34837666153907776,0.09100201725959778,0.5835511684417725,0.6625982522964478,0.4420478641986847,-0.09475712478160858,0.8024704456329346,0.7274580001831055,0.4055185317993164,0.13594365119934082,0.31529778242111206,0.6607598066329956,0.46280619502067566,-0.11857505887746811,0.7433344721794128,0.723685622215271,0.42259252071380615,0.1465948522090912,0.2814808189868927,0.6624330282211304,0.4619399607181549,-0.10968218743801117,0.7297354340553284,0.7189086675643921,0.42153221368789673,0.12736335396766663,0.27152881026268005,0.6651701927185059,0.45458564162254333,-0.092572882771492,0.6587051153182983,0.7182314991950989,0.4174033999443054,0.12860414385795593,0.25720271468162537,0.67596036195755,0.4299984574317932,-0.017781419679522514,0.9996229410171509,0.7155600786209106,0.4327682852745056,0.017511259764432907,0.9992901682853699,0.6614152193069458,0.5239219069480896,0.12907811999320984,0.9771908521652222,0.7018409371376038,0.5523384809494019,0.15254870057106018,0.9070729613304138,0.6404560804367065,0.6210719347000122,0.2556958794593811,0.959987998008728,0.6912354826927185,0.6613022089004517,0.259706050157547,0.9111624360084534,0.6338822841644287,0.6436527371406555,0.2696479260921478,0.9347403645515442,0.6866108179092407,0.6821620464324951,0.2729314863681793,0.8872430920600891,0.6250385642051697,0.6248000860214233,0.2574048638343811,0.825143039226532,0.6905618906021118,0.6671835780143738,0.2534230351448059,0.7324894666671753
13,0.6689003705978394,0.22624844312667847,0.13552752137184143,0.9993401169776917,0.6670101284980774,0.216119185090065,0.10508781671524048,0.9989872574806213,0.6662800312042236,0.21594223380088806,0.10508137941360474,0.9990970492362976,0.6654995679855347,0.2158801406621933,0.10504217445850372,0.9989511966705322,0.6706457734107971,0.2152744084596634,0.11376647651195526,0.9988635182380676,0.6724131107330322,0.21455667912960052,0.11377020180225372,0.9988631010055542,0.674223005771637,0.2138417363166809,0.11367311328649521,0.9986863732337952,0.6682706475257874,0.21846166253089905,0.007541838102042675,0.9991233944892883,0.6801210641860962,0.2159428596496582,0.048598580062389374,0.9987162351608276,0.6705649495124817,0.2344108670949936,0.10751771926879883,0.9992254376411438,0.6744477152824402,0.23393011093139648,0.11867445707321167,0.999010443687439,0.6630464792251587,0.2737419307231903,-0.03539968281984329,0.9999311566352844,0.7288646101951599,0.2634734809398651,0.021890589967370033,0.9996247887611389,0.661640465259552,0.36324676871299744,-0.05604312941431999,0.9445339441299438,0.7361078262329102,0.34946635365486145,0.03907712176442146,0.6164255738258362,0.6608531475067139,0.43700072169303894,-0.0417814739048481,0.7828661203384399,0.7267144918441772,0.4039311707019806,0.06354264169931412,0.3147359788417816,0.6588538885116577,0.45800507068634033,-0.05619487166404724,0.7245035171508789,0.7281076908111572,0.4251227080821991,0.0643676370382309,0.2774996757507324,0.6613110303878784,0.45712268352508545,-0.05342114716768265,0.7092127799987793,0.7197762131690979,0.420320063829422,0.05154160410165787,0.2671203017234802,0.6636030673980713,0.4493309259414673,-0.041684847325086594,0.6357914209365845,0.7188066244125366,0.4129290282726288,0.058142997324466705,0.2524745762348175,0.6727722883224487,0.42984089255332947,0.005042649805545807,0.9996359348297119,0.7121004462242126,0.4325116276741028,-0.005342818796634674,0.9993350505828857,0.6601899862289429,0.5218496322631836,0.1432710736989975,0.9763803482055664,0.7009156942367554,0.5527267456054688,0.11622436344623566,0.915515124797821,0.6335186958312988,0.6157527565956116,0.2764340043067932,0.9574607610702515,0.6905877590179443,0.6665017008781433,0.218187615275383,0.9182391166687012,0.6258081793785095,0.6368474364280701,0.29128381609916687,0.9380402565002441,0.6873794198036194,0.6909632086753845,0.22950133681297302,0.8977057933807373,0.6215299963951111,0.618157684803009,0.2773675322532654,0.7859398126602173,0.6922606229782104,0.6694196462631226,0.19656388461589813,0.7192389965057373
14,0.6678370833396912,0.2264130562543869,0.1673070341348648,0.9993762969970703,0.6645483374595642,0.21628236770629883,0.13708749413490295,0.9990332722663879,0.6633161902427673,0.21622194349765778,0.13709351420402527,0.9991443753242493,0.6620861291885376,0.21628230810165405,0.13706699013710022,0.9990002512931824,0.668946385383606,0.21534985303878784,0.1418035328388214,0.998926043510437,0.6708208322525024,0.21467500925064087,0.1417895257472992,0.998932421207428,0.6728515028953552,0.21401837468147278,0.14168000221252441,0.9987508058547974,0.6632963418960571,0.21889697015285492,0.03678246587514877,0.9991725087165833,0.677897036075592,0.21619729697704315,0.05863966792821884,0.9987984299659729,0.6682716608047485,0.2345716953277588,0.13811151683330536,0.9992759823799133,0.6730638742446899,0.23420698940753937,0.1440279483795166,0.9990847706794739,0.6585955619812012,0.27441516518592834,0.0005694102146662772,0.9999303221702576,0.7245047688484192,0.26236626505851746,0.016322175040841103,0.9996554851531982,0.6581217646598816,0.3628281354904175,-0.01552339643239975,0.9433915615081787,0.7340384125709534,0.34790533781051636,0.03458886221051216,0.650126039981842,0.6539473533630371,0.43370822072029114,-0.004522149451076984,0.7770041823387146,0.7271217107772827,0.3996141850948334,0.06789621710777283,0.3195577561855316,0.6527135968208313,0.45450904965400696,-0.014898955821990967,0.7165703773498535,0.7256125211715698,0.4196791350841522,0.06895078718662262,0.27693668007850647,0.6564725637435913,0.4534316956996918,-0.015201966278254986,0.7001123428344727,0.7211602926254272,0.4169405698776245,0.05839258432388306,0.2659572660923004,0.6582747101783752,0.4459180235862732,-0.005447379779070616,0.6243528127670288,0.7192134261131287,0.4088515639305115,0.06382795423269272,0.2498101145029068,0.6688104271888733,0.42800721526145935,0.021000834181904793,0.999639093875885,0.7087878584861755,0.43057525157928467,-0.021336521953344345,0.9993805289268494,0.6590439081192017,0.5165631175041199,0.15420475602149963,0.9760140180587769,0.7004185318946838,0.5518166422843933,0.06776721030473709,0.9235789775848389,0.6331029534339905,0.6030405759811401,0.2817355990409851,0.9546974897384644,0.6902799606323242,0.6683058142662048,0.1344527304172516,0.9253206253051758,0.6248009204864502,0.6228844523429871,0.29606422781944275,0.9409216642379761,0.6870564222335815,0.6926760077476501,0.14119330048561096,0.9074459075927734,0.6258646845817566,0.6115363240242004,0.2817367911338806,0.7443892955780029,0.6946466565132141,0.6697950959205627,0.09883219003677368,0.7108851671218872
15,0.6614630818367004,0.22673633694648743,0.16186848282814026,0.9994227886199951,0.6582779884338379,0.21737040579319,0.13158322870731354,0.9990993738174438,0.657009482383728,0.217464879155159,0.13158656656742096,0.9992039799690247,0.655786395072937,0.21766208112239838,0.13155418634414673,0.9990683794021606,0.6628580093383789,0.21603141725063324,0.140322744846344,0.9990071654319763,0.6647447347640991,0.2152213305234909,0.1403181254863739,0.9990150332450867,0.6668564677238464,0.2144116461277008,0.14023146033287048,0.9988431334495544,0.6575071215629578,0.2201564908027649,0.03157259523868561,0.9992336630821228,0.6727428436279297,0.21624073386192322,0.07022706419229507,0.9988901615142822,0.6621893048286438,0.23477333784103394,0.13223204016685486,0.9993301033973694,0.6668391823768616,0.23433810472488403,0.14317753911018372,0.9991617202758789,0.6548084020614624,0.27560797333717346,-0.020162085071206093,0.9999310374259949,0.7215660810470581,0.26256105303764343,0.03784232586622238,0.9996838569641113,0.6535267233848572,0.36220768094062805,-0.04334458336234093,0.945275068283081,0.7324168682098389,0.34718653559684753,0.04383309558033943,0.6774768233299255,0.647370457649231,0.43278181552886963,-0.02029285579919815,0.7767515778541565,0.7244452834129333,0.3986194431781769,0.0731942281126976,0.3191107213497162,0.6469734907150269,0.4527037441730499,-0.030396362766623497,0.7142691612243652,0.7255234122276306,0.4133325219154358,0.0761847048997879,0.2735339403152466,0.6495158076286316,0.45171862840652466,-0.027864139527082443,0.6969459652900696,0.7167176604270935,0.41185998916625977,0.06496860086917877,0.2625797986984253,0.6517072916030884,0.444345086812973,-0.019464926794171333,0.6190958619117737,0.7158173322677612,0.4070345461368561,0.06876327097415924,0.24571900069713593,0.6656690239906311,0.4263310134410858,0.004198678303509951,0.9996419548988342,0.7066115736961365,0.4284958243370056,-0.004488565027713776,0.9994199872016907,0.6571950316429138,0.5119994282722473,0.1308385729789734,0.9764524102210999,0.699388325214386,0.5455819964408875,0.06878136843442917,0.9308457374572754,0.6288365125656128,0.5960176587104797,0.2492460459470749,0.9541980624198914,0.6900250315666199,0.6664551496505737,0.11515680700540543,0.9318183660507202,0.627216637134552,0.6156442761421204,0.2623433768749237,0.9438120722770691,0.6876298189163208,0.6908079385757446,0.11997638642787933,0.9161866307258606,0.6231369376182556,0.6059331297874451,0.24752649664878845,0.7194908857345581,0.6934653520584106,0.6691335439682007,0.08430807292461395,0.7117539644241333
16,0.6571489572525024,0.22685524821281433,0.16569621860980988,0.9994598627090454,0.6536105871200562,0.21750520169734955,0.1361539214849472,0.9991517663002014,0.6521241068840027,0.2177003175020218,0.13616696000099182,0.9992512464523315,0.6506951451301575,0.2179921567440033,0.13614411652088165,0.9991222023963928,0.6584469079971313,0.21611346304416656,0.1429188847541809,0.9990748167037964,0.6603979468345642,0.215322807431221,0.14291003346443176,0.9990851283073425,0.6626306176185608,0.21454645693302155,0.14282670617103577,0.9989205002784729,0.6518345475196838,0.22083653509616852,0.03873235732316971,0.9992800354957581,0.6684021353721619,0.2163970172405243,0.06888110190629959,0.9989649653434753,0.6576555371284485,0.2349102944135666,0.13694782555103302,0.9993744492530823,0.6626282930374146,0.2344687134027481,0.14524242281913757,0.9992267489433289,0.6486169099807739,0.2772609293460846,-0.0059706950560212135,0.9999275207519531,0.7170857191085815,0.2621762156486511,0.03541548177599907,0.9997078776359558,0.6479480862617493,0.3615817427635193,-0.024653006345033646,0.9453719854354858,0.7292999029159546,0.3471997082233429,0.03233487159013748,0.7029556632041931,0.6425119638442993,0.4316650629043579,-0.0018537633586674929,0.7683002352714539,0.7200416922569275,0.400778204202652,0.03643491119146347,0.3169882893562317,0.6420985460281372,0.45061275362968445,-0.010131197050213814,0.7040499448776245,0.7161583304405212,0.4167323708534241,0.03627665340900421,0.26994016766548157,0.6445281505584717,0.44995778799057007,-0.008655255660414696,0.6858544945716858,0.7106894850730896,0.41518327593803406,0.026636984199285507,0.25892192125320435,0.647304117679596,0.4427879750728607,-0.0014150305651128292,0.606631338596344,0.7105234861373901,0.4091431200504303,0.03251098468899727,0.2410435974597931,0.6617398262023926,0.42389485239982605,0.01032618060708046,0.9996540546417236,0.7038935422897339,0.4244968593120575,-0.010625800117850304,0.9994620084762573,0.6543717384338379,0.5091143250465393,0.12674252688884735,0.9776913523674011,0.6975066661834717,0.5388160347938538,0.055542051792144775,0.937539279460907,0.6327409744262695,0.5894351601600647,0.2402040958404541,0.9557685256004333,0.6897209882736206,0.6605483889579773,0.09281480312347412,0.9379711151123047,0.6287189722061157,0.6110869646072388,0.25302553176879883,0.9476370215415955,0.687080442905426,0.6820216774940491,0.09684090316295624,0.9242008328437805,0.6223462820053101,0.6060572266578674,0.2380772829055786,0.7011287808418274,0.6927096247673035,0.6621609330177307,0.06050899624824524,0.7137466669082642
17,0.6517255902290344,0.22694414854049683,0.1627373993396759,0.999488353729248,0.6478798985481262,0.21771083772182465,0.13323497772216797,0.9991918802261353,0.6464243531227112,0.2179795801639557,0.13324977457523346,0.9992889761924744,0.6450377106666565,0.21833910048007965,0.13322506844997406,0.999163031578064,0.6527634859085083,0.21614454686641693,0.1399078220129013,0.9991283416748047,0.6547644138336182,0.21536794304847717,0.1398988664150238,0.9991427063941956,0.6570517420768738,0.2146284580230713,0.13981638848781586,0.998982310295105,0.6466047763824463,0.22130374610424042,0.036352790892124176,0.9993156790733337,0.6633306741714478,0.21652841567993164,0.06621605902910233,0.9990290999412537,0.6526949405670166,0.23499800264835358,0.13443990051746368,0.9994105100631714,0.6578575372695923,0.23446395993232727,0.14264924824237823,0.9992817640304565,0.64388507604599,0.27791377902030945,-0.002753462176769972,0.9999239444732666,0.711679220199585,0.2607080042362213,0.031973421573638916,0.9997305274009705,0.6428267955780029,0.3607706129550934,-0.010294894687831402,0.94251549243927,0.7243323922157288,0.3450789451599121,0.03781124949455261,0.7276902794837952,0.6366413831710815,0.4280955195426941,0.02072080597281456,0.7507889866828918,0.7173070907592773,0.4023574888706207,0.05272405594587326,0.3183944821357727,0.6357241868972778,0.4474145174026489,0.013911309652030468,0.6860464215278625,0.7181829810142517,0.41989773511886597,0.05431434512138367,0.2690024971961975,0.638853907585144,0.44655758142471313,0.014891961589455605,0.6669850945472717,0.7087637186050415,0.4174717366695404,0.04400903359055519,0.25767773389816284,0.6409856081008911,0.43978968262672424,0.021234188228845596,0.5872035026550293,0.7076916098594666,0.4118099808692932,0.048839982599020004,0.23859135806560516,0.6578100323677063,0.41891151666641235,0.009283960796892643,0.9996674656867981,0.7005389928817749,0.4193517565727234,-0.009582066908478737,0.9995004534721375,0.6505831480026245,0.5085164904594421,0.1140931025147438,0.9790018796920776,0.694304347038269,0.5348033905029297,0.04522566497325897,0.9435138702392578,0.6304949522018433,0.5917818546295166,0.21195320785045624,0.9574993252754211,0.6895667910575867,0.658940851688385,0.07631530612707138,0.9433875679969788,0.6269351840019226,0.6122122406959534,0.2235397845506668,0.9512718319892883,0.6874080896377563,0.6806479096412659,0.07976332306861877,0.931361734867096,0.6200588941574097,0.6088365912437439,0.20742729306221008,0.684528112411499,0.6919617652893066,0.6607528924942017,0.04101013019680977,0.7123386859893799
18,0.6450985074043274,0.22677257657051086,0.15905049443244934,0.9995247721672058,0.6411924958229065,0.21778707206249237,0.13028012216091156,0.9992460012435913,0.6399437189102173,0.2180168628692627,0.1303047090768814,0.9993385672569275,0.6387339234352112,0.2183593213558197,0.13028107583522797,0.999218761920929,0.6457869410514832,0.21629682183265686,0.13734003901481628,0.999192476272583,0.6476730108261108,0.21550507843494415,0.13734057545661926,0.9992089867591858,0.6498310565948486,0.21473409235477448,0.1372610181570053,0.9990570545196533,0.6407476663589478,0.2213294953107834,0.03541187942028046,0.9993600845336914,0.6568294763565063,0.21660441160202026,0.06672549247741699,0.9991024732589722,0.6468894481658936,0.23443393409252167,0.13125811517238617,0.9994532465934753,0.6515559554100037,0.23353871703147888,0.14005449414253235,0.9993402361869812,0.6391558647155762,0.27762117981910706,-0.0007527518318966031,0.9999251961708069,0.7035132646560669,0.2572546601295471,0.029017645865678787,0.9997543096542358,0.6388164758682251,0.3571087718009949,-0.00682256231084466,0.9404224157333374,0.7186191082000732,0.3382272720336914,0.02957732602953911,0.7534246444702148,0.6303509473800659,0.4249199330806732,0.01402569841593504,0.748455286026001,0.7203323841094971,0.40316301584243774,0.029842501506209373,0.3529011905193329,0.6279375553131104,0.4436871409416199,0.006177328526973724,0.684294581413269,0.7205123901367188,0.42158186435699463,0.02731371484696865,0.2960364818572998,0.6326915621757507,0.4415154755115509,0.005356840323656797,0.6647504568099976,0.7091434001922607,0.41889098286628723,0.019309701398015022,0.28367316722869873,0.6351895332336426,0.43587949872016907,0.01408377755433321,0.5832943320274353,0.7108857035636902,0.4138253927230835,0.02711193636059761,0.25994494557380676,0.6539407968521118,0.41032031178474426,0.0076099238358438015,0.9996852874755859,0.6948700547218323,0.40933436155319214,-0.007943469099700451,0.9995394349098206,0.6482317447662354,0.5057695508003235,0.10128945112228394,0.980564296245575,0.6908836364746094,0.5232897996902466,0.03017846681177616,0.9489232897758484,0.6293745040893555,0.5942137241363525,0.1889341175556183,0.960209846496582,0.6884056925773621,0.6445094347000122,0.05777255445718765,0.9484052062034607,0.6266553997993469,0.6137905716896057,0.19905665516853333,0.9550455808639526,0.6867349743843079,0.6680365800857544,0.060985613614320755,0.9377834796905518,0.6216206550598145,0.6078718900680542,0.1760384887456894,0.6799483299255371,0.6916950345039368,0.6492576003074646,0.0161440446972847,0.716079592704773
19,0.6398338079452515,0.22522702813148499,0.16012921929359436,0.9995577335357666,0.636254072189331,0.21719183027744293,0.13129863142967224,0.9992961883544922,0.6351699829101562,0.21743646264076233,0.13131333887577057,0.9993851184844971,0.6341102123260498,0.21778444945812225,0.1312810182571411,0.9992708563804626,0.6404596567153931,0.21550099551677704,0.14007090032100677,0.9992495179176331,0.642256498336792,0.21456141769886017,0.14008525013923645,0.9992685317993164,0.6443502306938171,0.2136286348104477,0.14001493155956268,0.9991236925125122,0.6365657448768616,0.2202533334493637,0.0357133187353611,0.9994044303894043,0.6512724757194519,0.21499213576316833,0.075374536216259,0.999169111251831,0.6419298648834229,0.23229090869426727,0.13214626908302307,0.9994903802871704,0.646048903465271,0.23097513616085052,0.14323656260967255,0.9993903636932373,0.6352754235267639,0.2750787138938904,-0.0051927524618804455,0.9999293684959412,0.696226179599762,0.25395533442497253,0.037346161901950836,0.9997759461402893,0.6346622109413147,0.35283586382865906,-0.011216072365641594,0.9428107738494873,0.7133186459541321,0.3334198594093323,0.03385678306221962,0.7763434052467346,0.6276245713233948,0.4208395779132843,0.018672430887818336,0.7522481679916382,0.7187031507492065,0.40354257822036743,0.0434756800532341,0.38061290979385376,0.6235922574996948,0.43902695178985596,0.01246302854269743,0.6864111423492432,0.7207615375518799,0.4220781624317169,0.045839257538318634,0.3150438368320465,0.6278494596481323,0.4369599223136902,0.013282137922942638,0.6667080521583557,0.7125028371810913,0.4205009341239929,0.02648943103849888,0.30149686336517334,0.6310009956359863,0.4315733313560486,0.019850922748446465,0.5845891833305359,0.7113174200057983,0.41508591175079346,0.03490593284368515,0.275026798248291,0.6498844623565674,0.4059734344482422,0.0028121175710111856,0.9997007250785828,0.6892796754837036,0.40374040603637695,-0.0031188700813800097,0.9995713829994202,0.6442151069641113,0.5033842921257019,0.0782041996717453,0.9818812012672424,0.6870269179344177,0.515835702419281,0.025706106796860695,0.9536316394805908,0.6288788914680481,0.5927155613899231,0.15215261280536652,0.9623504877090454,0.6874788999557495,0.6353998780250549,0.04238954558968544,0.952715277671814,0.6266464591026306,0.61384516954422,0.1604173332452774,0.958103358745575,0.6861386895179749,0.6583983302116394,0.04438216984272003,0.9433732032775879,0.619498610496521,0.6058782339096069,0.1402360498905182,0.6768471002578735,0.6908326148986816,0.6388482451438904,0.004360928200185299,0.7196465134620667
20,0.6341168284416199,0.22303323447704315,0.13162487745285034,0.9995943307876587,0.6310827732086182,0.2154168039560318,0.10288442671298981,0.9993524551391602,0.6301377415657043,0.21560753881931305,0.10290199518203735,0.9994354248046875,0.6292372941970825,0.21589669585227966,0.10287868976593018,0.9993292689323425,0.6350711584091187,0.2135959416627884,0.1143837720155716,0.9993114471435547,0.6368523836135864,0.21251049637794495,0.1143949031829834,0.9993307590484619,0.6389424800872803,0.21140719950199127,0.11433621495962143,0.9991967082023621,0.6323714256286621,0.21758756041526794,0.008965777233242989,0.9994512796401978,0.6464344263076782,0.21216458082199097,0.06170659139752388,0.999237596988678,0.6364080309867859,0.2297348529100418,0.10388901084661484,0.9995300769805908,0.6402105689048767,0.22837170958518982,0.11848695576190948,0.9994415044784546,0.6312997937202454,0.27032315731048584,-0.03341139107942581,0.9999335408210754,0.6931747794151306,0.2500044107437134,0.0347556546330452,0.9997954368591309,0.6293632984161377,0.3479031026363373,-0.03739926218986511,0.946639895439148,0.7111235857009888,0.3292533755302429,0.038553230464458466,0.796840488910675,0.6205909848213196,0.4162159860134125,2.4883215701265726e-06,0.7646657824516296,0.7196900844573975,0.40025365352630615,0.04615305736660957,0.4073864817619324,0.6169067621231079,0.43442681431770325,-0.002317267470061779,0.6985824108123779,0.7210550904273987,0.4169994592666626,0.04849274456501007,0.3346059024333954,0.6202101707458496,0.4326734244823456,0.0005551305366680026,0.6792513728141785,0.7138203382492065,0.41903167963027954,0.03673667460680008,0.320391982793808,0.6233960390090942,0.4274638295173645,0.004685503896325827,0.5965378880500793,0.7125934958457947,0.4133070409297943,0.04167989641427994,0.2909259796142578,0.6470032930374146,0.4031876027584076,-0.004394419025629759,0.9997099041938782,0.686477780342102,0.4021252393722534,0.004096152260899544,0.9995948076248169,0.6411304473876953,0.5008189678192139,0.06264901906251907,0.9832022786140442,0.6826319694519043,0.5086808800697327,0.03470032662153244,0.9579662680625916,0.6294227242469788,0.5923089981079102,0.1320829540491104,0.9650967121124268,0.6846890449523926,0.6232343316078186,0.05832178518176079,0.9567887187004089,0.6288686394691467,0.6121299862861633,0.13935022056102753,0.9612770676612854,0.6827952861785889,0.6429654359817505,0.06100541353225708,0.9483492970466614,0.6201699376106262,0.6052025556564331,0.11328289657831192,0.6897151470184326,0.6862909197807312,0.6331925988197327,0.02146289125084877,0.7321665287017822
21,0.6294966340065002,0.22030340135097504,0.11669616401195526,0.999629020690918,0.6269966959953308,0.21299533545970917,0.08815113455057144,0.9994065165519714,0.626226007938385,0.21317921578884125,0.08816318213939667,0.9994832277297974,0.625496506690979,0.21345682442188263,0.08813486993312836,0.9993852376937866,0.6306449770927429,0.2110593169927597,0.10130369663238525,0.9993696808815002,0.6323177218437195,0.20989182591438293,0.1013142317533493,0.9993888735771179,0.6342149376869202,0.2087329775094986,0.101263128221035,0.999265730381012,0.6290981769561768,0.21473915874958038,-0.004832264967262745,0.9994967579841614,0.641788899898529,0.20918259024620056,0.05493387579917908,0.9993026256561279,0.6319765448570251,0.22670641541481018,0.08904697000980377,0.9995677471160889,0.6353400945663452,0.22531470656394958,0.10572203248739243,0.999488890171051,0.6274788975715637,0.2662404179573059,-0.05166991427540779,0.999937891960144,0.6893779039382935,0.24735206365585327,0.034710705280303955,0.9998130798339844,0.6257851719856262,0.3435225784778595,-0.060883648693561554,0.9506759643554688,0.7083061337471008,0.32501059770584106,0.038945965468883514,0.8154128789901733,0.6155632734298706,0.41057726740837097,-0.02812727726995945,0.7771917581558228,0.7198461294174194,0.39350101351737976,0.05050823092460632,0.43442514538764954,0.6116515398025513,0.42960765957832336,-0.03477907553315163,0.7106202840805054,0.72142493724823,0.4086320102214813,0.05343874171376228,0.35479673743247986,0.6141417026519775,0.42790472507476807,-0.03106698952615261,0.6919233202934265,0.7148914933204651,0.41278916597366333,0.04246543347835541,0.33987411856651306,0.6179957985877991,0.4220639765262604,-0.02476056106388569,0.6091107726097107,0.7130962610244751,0.406934916973114,0.04655807837843895,0.30751872062683105,0.6437543630599976,0.40059712529182434,-0.015016150660812855,0.9997166991233826,0.6814712285995483,0.39778316020965576,0.014767447486519814,0.9996083378791809,0.6394960880279541,0.5013978481292725,0.03178495913743973,0.9843392372131348,0.6779436469078064,0.5044981241226196,0.03504696488380432,0.96175217628479,0.6311753988265991,0.5935190320014954,0.08189843595027924,0.967662513256073,0.682331919670105,0.616080641746521,0.054885197430849075,0.9603512287139893,0.6304706931114197,0.610690712928772,0.08666001260280609,0.9642730355262756,0.6810991764068604,0.6358665823936462,0.056763142347335815,0.9526780247688293,0.6193292140960693,0.608355700969696,0.05370835214853287,0.7067009806632996,0.6824241280555725,0.6288284659385681,0.014980284497141838,0.7454292178153992
22,0.6266642212867737,0.21673433482646942,0.11732269823551178,0.999663233757019,0.6241961121559143,0.20963507890701294,0.09405135363340378,0.9994608759880066,0.6233265995979309,0.2098596692085266,0.09403791278600693,0.9995307922363281,0.622505247592926,0.21015839278697968,0.09401185810565948,0.9994414448738098,0.6278842687606812,0.2077438086271286,0.11331474781036377,0.9994274377822876,0.6295409798622131,0.20663422346115112,0.11335396766662598,0.9994456171989441,0.6314396262168884,0.20553556084632874,0.1133650541305542,0.9993334412574768,0.6256521344184875,0.21155524253845215,0.005016721785068512,0.9995431900024414,0.6386238932609558,0.2059958130121231,0.07306937873363495,0.9993658065795898,0.6286036372184753,0.22332429885864258,0.09023536741733551,0.9996060132980347,0.6321324706077576,0.22199279069900513,0.11585783958435059,0.999534547328949,0.6238483786582947,0.2618992328643799,-0.048260774463415146,0.9999425411224365,0.6858023405075073,0.24526125192642212,0.0592489130795002,0.9998281002044678,0.6212424039840698,0.3398785889148712,-0.05985848978161812,0.9550739526748657,0.7069863677024841,0.3234449326992035,0.06110058352351189,0.8325543403625488,0.6107242107391357,0.4059223532676697,-0.026747819036245346,0.7922799587249756,0.7192950248718262,0.39245766401290894,0.05420044809579849,0.46567168831825256,0.6067554354667664,0.423591285943985,-0.03185218200087547,0.7255174517631531,0.7221881151199341,0.4088616371154785,0.05876285955309868,0.3796551823616028,0.608643651008606,0.42183735966682434,-0.02740684151649475,0.7079219222068787,0.715518593788147,0.4118399918079376,0.051844220608472824,0.36338871717453003,0.6122260093688965,0.4166363477706909,-0.02230553887784481,0.626427948474884,0.7129321098327637,0.4061906039714813,0.051498156040906906,0.32788267731666565,0.6413973569869995,0.3976767659187317,-0.03207789361476898,0.9997183084487915,0.677443265914917,0.39418765902519226,0.03190551698207855,0.9995974898338318,0.6367594599723816,0.5030475854873657,-0.01662331260740757,0.9855810403823853,0.6732239723205566,0.5017592906951904,0.044226668775081635,0.9650716781616211,0.6319258213043213,0.595064103603363,0.007102539297193289,0.970274031162262,0.6791543960571289,0.6130561232566833,0.058347899466753006,0.9634456634521484,0.630749523639679,0.61362624168396,0.008969111368060112,0.9673333168029785,0.6787947416305542,0.6341145038604736,0.05911125987768173,0.9564300775527954,0.6183101534843445,0.6115614771842957,-0.028757214546203613,0.7275094985961914,0.6761860251426697,0.6277374625205994,0.01812715455889702,0.7583016157150269
23,0.6234676837921143,0.2152319997549057,0.12135505676269531,0.9996955394744873,0.6214412450790405,0.20789971947669983,0.0984594002366066,0.999512255191803,0.6206517815589905,0.20803038775920868,0.09844796359539032,0.9995754957199097,0.619892954826355,0.20823213458061218,0.09843216836452484,0.9994946122169495,0.6247857213020325,0.20629282295703888,0.12090152502059937,0.9994821548461914,0.6262774467468262,0.20528526604175568,0.12095068395137787,0.9994988441467285,0.6279794573783875,0.20428071916103363,0.12096633017063141,0.9993973970413208,0.6231173276901245,0.20949597656726837,0.015567757189273834,0.9995867013931274,0.6350163817405701,0.20466122031211853,0.08919404447078705,0.9994257688522339,0.6255564093589783,0.2217685729265213,0.09050725400447845,0.9996429681777954,0.6286890506744385,0.22070837020874023,0.12366882711648941,0.9995785355567932,0.6212335824966431,0.25894370675086975,-0.04805756360292435,0.9999472498893738,0.6825402975082397,0.24512051045894623,0.08286755532026291,0.999843180179596,0.6184573173522949,0.3369152247905731,-0.06434936821460724,0.9589574337005615,0.7023184895515442,0.32037708163261414,0.07830297201871872,0.8477249145507812,0.6084149479866028,0.4013034701347351,-0.030169617384672165,0.8052189946174622,0.7158299684524536,0.3871701955795288,0.05533413961529732,0.49618878960609436,0.6047131419181824,0.41836783289909363,-0.038128577172756195,0.7388308644294739,0.7209160923957825,0.4027153551578522,0.059405844658613205,0.40505051612854004,0.6072869896888733,0.4167746901512146,-0.033555008471012115,0.7221754789352417,0.7149629592895508,0.4047887921333313,0.052733249962329865,0.38809460401535034,0.6105319857597351,0.411233127117157,-0.02658393420279026,0.6421471238136292,0.7112671136856079,0.3996417820453644,0.0521262101829052,0.35000261664390564,0.6403313875198364,0.3918418288230896,-0.0434551015496254,0.999730110168457,0.6746469736099243,0.38757720589637756,0.04329655319452286,0.9996027946472168,0.6340986490249634,0.4998745322227478,-0.032639335840940475,0.9867454171180725,0.6674394607543945,0.49490684270858765,0.05462072417140007,0.96792072057724,0.6307109594345093,0.5965853929519653,-0.016251692548394203,0.9728118181228638,0.6727803945541382,0.6044546961784363,0.07031162083148956,0.9661654829978943,0.6316505670547485,0.614425539970398,-0.015164511278271675,0.9702291488647461,0.6728777885437012,0.623205840587616,0.0709141343832016,0.9597686529159546,0.6148155927658081,0.6130726337432861,-0.05391650274395943,0.7495521306991577,0.6669667363166809,0.620141327381134,0.03318309038877487,0.7712108492851257
24,0.6204279661178589,0.2144877165555954,0.12400572001934052,0.9997237324714661,0.6187902092933655,0.2069418877363205,0.09761807322502136,0.9995565414428711,0.6181593537330627,0.20707961916923523,0.09761330485343933,0.9996139407157898,0.6175377368927002,0.20730504393577576,0.09758777916431427,0.9995401501655579,0.6217594146728516,0.2053988128900528,0.11619756370782852,0.9995296597480774,0.6231139302253723,0.20445767045021057,0.1162460446357727,0.9995453953742981,0.6246315240859985,0.20354226231575012,0.1162535771727562,0.9994531273841858,0.6210528612136841,0.20847372710704803,0.009599259123206139,0.9996238946914673,0.6316537261009216,0.20391100645065308,0.08092646300792694,0.9994772672653198,0.6226075887680054,0.22104611992835999,0.09513852000236511,0.9996737241744995,0.6254261136054993,0.22000892460346222,0.11972115933895111,0.9996156096458435,0.618717610836029,0.2569648325443268,-0.059987086802721024,0.9999509453773499,0.6792604923248291,0.2444511502981186,0.07397810369729996,0.9998558759689331,0.6162535548210144,0.33302685618400574,-0.0723554939031601,0.9624703526496887,0.698134183883667,0.32036706805229187,0.07002958655357361,0.8611739277839661,0.6042996644973755,0.38968273997306824,-0.028758034110069275,0.8105548620223999,0.7144318222999573,0.3860878646373749,0.0560091957449913,0.5201101303100586,0.6004314422607422,0.40553438663482666,-0.03563471883535385,0.741298496723175,0.7195146083831787,0.4005107283592224,0.06111053377389908,0.4233019948005676,0.6023857593536377,0.40402790904045105,-0.02955152653157711,0.7253506183624268,0.714410126209259,0.40160101652145386,0.0564509741961956,0.40519535541534424,0.6061009168624878,0.3981061279773712,-0.02646813727915287,0.6453834772109985,0.7103055715560913,0.39678189158439636,0.05224126577377319,0.36516979336738586,0.6402003169059753,0.3894725739955902,-0.048120155930519104,0.9997388124465942,0.6724095344543457,0.38537710905075073,0.04795616865158081,0.9995965957641602,0.6339975595474243,0.4945777654647827,-0.02453560009598732,0.987811267375946,0.6636753082275391,0.4885181188583374,0.0828346461057663,0.9702861309051514,0.6292287707328796,0.5933408737182617,0.0010067819384858012,0.9751724004745483,0.665296733379364,0.5948390960693359,0.10921071469783783,0.9687346816062927,0.6313412189483643,0.6110617518424988,0.0031554773449897766,0.972874641418457,0.6656697988510132,0.6137889623641968,0.11135965585708618,0.9628697633743286,0.6110342741012573,0.6125481128692627,-0.027619535103440285,0.7708536982536316,0.6556150913238525,0.6083338856697083,0.08510739356279373,0.7854930758476257
25,0.6153711080551147,0.21515898406505585,0.09372285008430481,0.9997442364692688,0.6142367720603943,0.20733585953712463,0.06662577390670776,0.9995900392532349,0.613732099533081,0.20742200314998627,0.06660885363817215,0.9996420741081238,0.6132510900497437,0.20758581161499023,0.06655870378017426,0.9995740652084351,0.6172969937324524,0.20579884946346283,0.08467375487089157,0.9995653629302979,0.6187744140625,0.20483508706092834,0.08472229540348053,0.999579906463623,0.6203047633171082,0.20391593873500824,0.08469090610742569,0.9994942545890808,0.6173551678657532,0.2081896960735321,-0.02237549051642418,0.9996491074562073,0.6275655031204224,0.20385199785232544,0.05823510140180588,0.9995115995407104,0.6178401708602905,0.2215285301208496,0.06601273268461227,0.9996920824050903,0.6206710338592529,0.22047771513462067,0.08912263065576553,0.9996381402015686,0.615097165107727,0.25411665439605713,-0.09691322594881058,0.9999542236328125,0.6763556599617004,0.24401754140853882,0.06489744037389755,0.9998621344566345,0.6107140779495239,0.3276919722557068,-0.10054315626621246,0.9660452008247375,0.6964608430862427,0.3187178671360016,0.071819968521595,0.8732404708862305,0.5986880660057068,0.38359278440475464,-0.04016979783773422,0.822993278503418,0.7126708626747131,0.3853960931301117,0.0727069228887558,0.540436327457428,0.5955653786659241,0.39935222268104553,-0.043672122061252594,0.7533780336380005,0.7172137498855591,0.40031567215919495,0.08275846391916275,0.43691956996917725,0.5975223779678345,0.39858362078666687,-0.03919311240315437,0.7385712265968323,0.7117299437522888,0.40144607424736023,0.0753902867436409,0.41748613119125366,0.6008821129798889,0.39265891909599304,-0.036412354558706284,0.6608620882034302,0.7075719833374023,0.39645400643348694,0.06923960149288177,0.37698277831077576,0.6392595171928406,0.3893374502658844,-0.061408691108226776,0.9997335076332092,0.669508159160614,0.385080486536026,0.061216212809085846,0.9995246529579163,0.634484589099884,0.4909760355949402,-0.0011132450308650732,0.9879365563392639,0.6593058109283447,0.48464950919151306,0.126046821475029,0.9656898379325867,0.6316569447517395,0.593865156173706,0.04913858324289322,0.9759441018104553,0.6583543419837952,0.5860055685043335,0.18777154386043549,0.9666016697883606,0.6408280730247498,0.6117881536483765,0.05378720164299011,0.9744037985801697,0.660666823387146,0.602310836315155,0.19379600882530212,0.9628089666366577,0.6135931611061096,0.6096593737602234,0.025093991309404373,0.7873799204826355,0.633225679397583,0.5942742824554443,0.17091569304466248,0.790852963924408
26,0.6124230027198792,0.21503940224647522,0.09300863742828369,0.9997637271881104,0.6112927198410034,0.2071511298418045,0.06686262786388397,0.9996232986450195,0.610748827457428,0.20719298720359802,0.06683619320392609,0.9996706247329712,0.6102390885353088,0.20728373527526855,0.06678305566310883,0.9996087551116943,0.6146186590194702,0.20558682084083557,0.08439898490905762,0.999600350856781,0.6162307858467102,0.2045927196741104,0.08444245159626007,0.9996135830879211,0.6178935766220093,0.203643798828125,0.08440723270177841,0.999534547328949,0.6141552925109863,0.20737123489379883,-0.02078927680850029,0.9996777772903442,0.6251720190048218,0.20314529538154602,0.0576789565384388,0.9995470643043518,0.6148103475570679,0.2209005504846573,0.06565865129232407,0.9997144341468811,0.6179221868515015,0.2199210524559021,0.08811844885349274,0.9996631741523743,0.612493634223938,0.2520104646682739,-0.09734275937080383,0.9999582171440125,0.6729344129562378,0.24380254745483398,0.06902819871902466,0.9998689293861389,0.6064638495445251,0.3263860046863556,-0.10340829938650131,0.9693271517753601,0.6937834620475769,0.318569540977478,0.07807577401399612,0.8840610384941101,0.594357967376709,0.3844623863697052,-0.046837158501148224,0.837617814540863,0.7096755504608154,0.385637104511261,0.07072384655475616,0.56771320104599,0.5921279191970825,0.40003502368927,-0.05287368968129158,0.7706814408302307,0.7126162648200989,0.40080028772354126,0.07774318754673004,0.4603469967842102,0.5939589738845825,0.4002646505832672,-0.04955030232667923,0.7569375038146973,0.7056611180305481,0.40245580673217773,0.06913027167320251,0.4401266276836395,0.5959268808364868,0.39486968517303467,-0.04323617368936539,0.6828485131263733,0.7025811076164246,0.3977563679218292,0.06663919985294342,0.3989398777484894,0.6377976536750793,0.3880816400051117,-0.06684926152229309,0.9997348785400391,0.6665781736373901,0.3843189775943756,0.06664504110813141,0.9994411468505859,0.6308901906013489,0.49168503284454346,-0.010399320162832737,0.9871873259544373,0.6546030640602112,0.48215702176094055,0.14164553582668304,0.947986900806427,0.631104588508606,0.5940667986869812,0.03912440687417984,0.9745381474494934,0.6548646688461304,0.5814977288246155,0.21082165837287903,0.951865553855896,0.6403402090072632,0.6126033663749695,0.04318379983305931,0.9742782711982727,0.6587256789207458,0.5993597507476807,0.21756048500537872,0.9572533369064331,0.610202968120575,0.6098806262016296,0.008122384548187256,0.79625004529953,0.6314655542373657,0.5912259817123413,0.19330261647701263,0.7765315175056458
27,0.6071990728378296,0.21486149728298187,0.08639924228191376,0.9997822046279907,0.6067752838134766,0.20670226216316223,0.06122271344065666,0.9996546506881714,0.6064502000808716,0.20664991438388824,0.06120041012763977,0.9996972680091858,0.6061278581619263,0.20663514733314514,0.0611489936709404,0.9996413588523865,0.6095658540725708,0.205205500125885,0.08011767268180847,0.9996336102485657,0.6110919713973999,0.20416773855686188,0.08015341311693192,0.9996449947357178,0.6127041578292847,0.20317350327968597,0.08011814206838608,0.9995729327201843,0.6106680631637573,0.20633527636528015,-0.021915283054113388,0.9997047781944275,0.6202667951583862,0.20237557590007782,0.05937998369336128,0.9995818138122559,0.6100258231163025,0.22049130499362946,0.060275088995695114,0.9997360110282898,0.6126591563224792,0.21957486867904663,0.08443151414394379,0.9996888041496277,0.6097482442855835,0.25028517842292786,-0.10197125375270844,0.9999618530273438,0.6684900522232056,0.24272207915782928,0.08336345106363297,0.9998749494552612,0.6045161485671997,0.3257206082344055,-0.11096610873937607,0.9723275899887085,0.6882768869400024,0.3154431879520416,0.09664204716682434,0.893427312374115,0.5902957320213318,0.381896048784256,-0.05573045462369919,0.8517041802406311,0.7036294937133789,0.38147369027137756,0.08963589370250702,0.5863206386566162,0.5871680378913879,0.3968450725078583,-0.06347214430570602,0.7881298661231995,0.7064238786697388,0.3983926773071289,0.09747222810983658,0.4744430184364319,0.5886533260345459,0.39722320437431335,-0.06065613776445389,0.7754746079444885,0.6997761726379395,0.400172621011734,0.08644522726535797,0.4538438618183136,0.5909792184829712,0.3923150897026062,-0.052253831177949905,0.7054116129875183,0.6971842050552368,0.3952818214893341,0.08434221148490906,0.4126213788986206,0.6358603239059448,0.3863065838813782,-0.07057736068964005,0.999710202217102,0.662644624710083,0.3825377821922302,0.07041852176189423,0.9993132948875427,0.6283293962478638,0.4907943606376648,-0.021625667810440063,0.9858600497245789,0.6454377770423889,0.48101896047592163,0.11931369453668594,0.9307259917259216,0.6297244429588318,0.5945631861686707,0.025111105293035507,0.9723119735717773,0.6419955492019653,0.5838412046432495,0.16884851455688477,0.9377355575561523,0.6392539739608765,0.6132466793060303,0.02840752899646759,0.9738608002662659,0.6467384099960327,0.6039363741874695,0.1729697287082672,0.9512355923652649,0.6084334254264832,0.6106622815132141,-0.008841713890433311,0.8052083253860474,0.6154060959815979,0.5944511890411377,0.14197561144828796,0.765497624874115
28,0.6023877263069153,0.21513716876506805,0.0739077627658844,0.9997915625572205,0.602359414100647,0.2070397436618805,0.047825444489717484,0.9996746778488159,0.6022416353225708,0.20696832239627838,0.04779353365302086,0.9997137784957886,0.6021161079406738,0.20691035687923431,0.04773375019431114,0.9996623992919922,0.6047660112380981,0.2055482715368271,0.06761914491653442,0.9996542930603027,0.6062507033348083,0.20450903475284576,0.06765583902597427,0.9996635913848877,0.6078752279281616,0.2034972608089447,0.06760730594396591,0.9995957016944885,0.6072518229484558,0.2062685638666153,-0.03679783642292023,0.9997237920761108,0.6158250570297241,0.20247133076190948,0.051660746335983276,0.9996013641357422,0.6054303050041199,0.22095781564712524,0.04733700677752495,0.9997473955154419,0.6077325940132141,0.22004394233226776,0.0727636069059372,0.9997012615203857,0.6072651147842407,0.24921835958957672,-0.1168065220117569,0.9999651312828064,0.6648725271224976,0.2415943294763565,0.07893738895654678,0.9998779296875,0.6030067205429077,0.3243308365345001,-0.12613898515701294,0.9750051498413086,0.6845716238021851,0.3135814368724823,0.09546871483325958,0.9008723497390747,0.5865663290023804,0.3807176649570465,-0.0704936757683754,0.8638762831687927,0.700046181678772,0.3806808888912201,0.09282205998897552,0.5987303256988525,0.5825660228729248,0.3955574035644531,-0.07860296219587326,0.8027175068855286,0.7026354074478149,0.3976874053478241,0.10126949846744537,0.48228153586387634,0.5838680863380432,0.39627936482429504,-0.07626359909772873,0.790969967842102,0.6959100365638733,0.3990873396396637,0.09022483229637146,0.4611910879611969,0.5857831239700317,0.3917817175388336,-0.06721054762601852,0.7238916158676147,0.6933720707893372,0.3939318060874939,0.0874180942773819,0.4204498529434204,0.6344293355941772,0.3866756856441498,-0.07291989028453827,0.9996840953826904,0.6600374579429626,0.38207054138183594,0.07276211678981781,0.999164342880249,0.6278932690620422,0.4899253249168396,-0.017562385648489,0.9836000204086304,0.6397882699966431,0.47902441024780273,0.1216411143541336,0.9056234359741211,0.6285165548324585,0.595102846622467,0.03742212802171707,0.9684510827064514,0.6325067281723022,0.581312894821167,0.17781373858451843,0.9181485772132874,0.6382474899291992,0.6135777235031128,0.04113015905022621,0.9698235988616943,0.6367747783660889,0.6016623377799988,0.18229661881923676,0.9392830729484558,0.6077824234962463,0.6105247139930725,0.001493950141593814,0.8121288418769836,0.61078280210495,0.5940427780151367,0.15042169392108917,0.754723310470581
29,0.5999194383621216,0.2151956558227539,0.07869701832532883,0.9997989535331726,0.5996575355529785,0.20717516541481018,0.0529179573059082,0.9996916651725769,0.599444568157196,0.2071509212255478,0.052889447659254074,0.999727725982666,0.5992417931556702,0.20714372396469116,0.05282853916287422,0.9996806979179382,0.6020793914794922,0.2056586742401123,0.07233413308858871,0.9996711015701294,0.60347580909729,0.20463985204696655,0.07236603647470474,0.9996787905693054,0.6049916744232178,0.20365236699581146,0.07231928408145905,0.9996141195297241,0.6040058135986328,0.20669025182724,-0.03259185701608658,0.9997403025627136,0.6124525666236877,0.20284433662891388,0.05370890349149704,0.9996150732040405,0.6024803519248962,0.22118596732616425,0.051621317863464355,0.9997562170028687,0.6049204468727112,0.22025561332702637,0.07658244669437408,0.9997091889381409,0.6039376854896545,0.24975162744522095,-0.11422009766101837,0.9999680519104004,0.6611725091934204,0.24082380533218384,0.08245794475078583,0.9998779892921448,0.5999716520309448,0.3242073357105255,-0.12199856340885162,0.9774229526519775,0.6813907623291016,0.3115672171115875,0.0977763831615448,0.9068815112113953,0.5826727151870728,0.3806346356868744,-0.06383869796991348,0.8752114772796631,0.6956149935722351,0.37834247946739197,0.09355390071868896,0.6099914908409119,0.5785137414932251,0.395548552274704,-0.07158120721578598,0.8166893124580383,0.6990998983383179,0.39540067315101624,0.10219220817089081,0.4905088543891907,0.5795813202857971,0.39587321877479553,-0.06871716678142548,0.8058164715766907,0.6925057172775269,0.3964877426624298,0.09075836092233658,0.46899816393852234,0.5815644860267639,0.3912845253944397,-0.06035890430212021,0.7419739961624146,0.6898820400238037,0.39149710536003113,0.08789819478988647,0.42839735746383667,0.6319636106491089,0.3865896463394165,-0.07364807277917862,0.9996581673622131,0.6585036516189575,0.38105008006095886,0.07348768413066864,0.998984694480896,0.6264286041259766,0.49034979939460754,-0.025432046502828598,0.9820743799209595,0.6331713199615479,0.4779866933822632,0.11783070862293243,0.8814286589622498,0.6269246339797974,0.5973390340805054,0.02434716746211052,0.9647287130355835,0.6258658170700073,0.5834819078445435,0.16985474526882172,0.8984031677246094,0.6371605396270752,0.6147805452346802,0.027369564399123192,0.9652578830718994,0.6303292512893677,0.6037959456443787,0.1739126592874527,0.9260761141777039,0.6069419384002686,0.610801637172699,-0.01249639131128788,0.8168532252311707,0.5977721214294434,0.5898206233978271,0.14286580681800842,0.7422095537185669
30,0.598257839679718,0.21534103155136108,0.07094527035951614,0.9997868537902832,0.5978104472160339,0.20736874639987946,0.04542360082268715,0.9996851086616516,0.5974743962287903,0.20735011994838715,0.04539329558610916,0.9997199177742004,0.597129225730896,0.20734305679798126,0.04532579332590103,0.9996762871742249,0.6003931760787964,0.2058083415031433,0.0634254664182663,0.9996595978736877,0.601796567440033,0.20476628839969635,0.06345442682504654,0.999665379524231,0.6032772660255432,0.20375458896160126,0.06340017914772034,0.9995982050895691,0.6011638045310974,0.2069859802722931,-0.040135033428668976,0.9997356534004211,0.6105874180793762,0.20311260223388672,0.04053547605872154,0.9995801448822021,0.6003235578536987,0.2213984578847885,0.04387398436665535,0.9997415542602539,0.6030195951461792,0.2203703224658966,0.0669790655374527,0.9996815323829651,0.601183295249939,0.2500166594982147,-0.12057746946811676,0.9999704360961914,0.6572568416595459,0.23971913754940033,0.07393473386764526,0.9998676180839539,0.5973657369613647,0.32375431060791016,-0.12951704859733582,0.9795244336128235,0.6790214776992798,0.3089686632156372,0.0907914787530899,0.9114318490028381,0.5796257853507996,0.38126862049102783,-0.07601756602525711,0.8841888904571533,0.6929510831832886,0.3757212460041046,0.0871431827545166,0.6119568347930908,0.5750716328620911,0.39540550112724304,-0.08438717573881149,0.8266586065292358,0.6968593001365662,0.3923754394054413,0.09448093920946121,0.4893890917301178,0.5758476257324219,0.3954378664493561,-0.08174833655357361,0.8164501190185547,0.6904996037483215,0.39346420764923096,0.08392444998025894,0.46729418635368347,0.5779179930686951,0.39143991470336914,-0.07294365018606186,0.7540040016174316,0.687833309173584,0.3886890411376953,0.08204373717308044,0.42674797773361206,0.6316162943840027,0.3866734206676483,-0.07371588051319122,0.9996489882469177,0.6569087505340576,0.37910595536231995,0.07349283993244171,0.9988449811935425,0.6256688833236694,0.48867836594581604,-0.013615479692816734,0.9810159206390381,0.6309273838996887,0.4751001298427582,0.14036841690540314,0.8515786528587341,0.6267367005348206,0.5958220958709717,0.05310116335749626,0.9618238806724548,0.6234031915664673,0.5742972493171692,0.21741147339344025,0.8740508556365967,0.6370786428451538,0.6120514273643494,0.05848005414009094,0.960629940032959,0.6296621561050415,0.5949016213417053,0.22435852885246277,0.9089978337287903,0.6062955856323242,0.6084306836128235,-0.002479394432157278,0.8212403655052185,0.5957196354866028,0.5798348188400269,0.19395744800567627,0.7268723249435425
31,0.5940758585929871,0.21664343774318695,0.027682403102517128,0.9997819066047668,0.5936084985733032,0.2083154320716858,0.0027243797667324543,0.9996891021728516,0.5933206081390381,0.2081945538520813,0.0026964861899614334,0.9997232556343079,0.5930248498916626,0.20805852115154266,0.00263504171743989,0.9996830224990845,0.5961071252822876,0.2069564014673233,0.02199425734579563,0.9996585845947266,0.5975637435913086,0.20594140887260437,0.022031530737876892,0.9996625185012817,0.5991052389144897,0.20494946837425232,0.021975098177790642,0.9995924830436707,0.597358763217926,0.20753046870231628,-0.07882434129714966,0.9997378587722778,0.6068987846374512,0.20400620996952057,0.007496169302612543,0.9995642304420471,0.5963743925094604,0.22279903292655945,0.002052308525890112,0.9997326135635376,0.5990777611732483,0.22205953299999237,0.026912715286016464,0.9996579885482788,0.5986393690109253,0.2508162558078766,-0.15472538769245148,0.9999730587005615,0.6548988819122314,0.23947642743587494,0.046179722994565964,0.9998667240142822,0.5914715528488159,0.3252968192100525,-0.1668488085269928,0.9813761711120605,0.6775921583175659,0.3066520094871521,0.07536263018846512,0.9130961298942566,0.5752992630004883,0.3821195363998413,-0.12157639116048813,0.8934045433998108,0.6902221441268921,0.37395256757736206,0.08670562505722046,0.6249690055847168,0.5711028575897217,0.3985844850540161,-0.13220097124576569,0.8383362293243408,0.6945778131484985,0.39047420024871826,0.09150945395231247,0.5017054080963135,0.5718304514884949,0.3983903229236603,-0.1289532482624054,0.8288775682449341,0.6881660223007202,0.3915756046772003,0.08206279575824738,0.4793601334095001,0.5740678906440735,0.39355558156967163,-0.1182703748345375,0.7686398029327393,0.6854109168052673,0.3870500326156616,0.08048687875270844,0.43865492939949036,0.6306740641593933,0.3857664167881012,-0.07706724107265472,0.9996697306632996,0.6551482677459717,0.37733766436576843,0.07676950842142105,0.9988415241241455,0.6250008940696716,0.48394763469696045,-0.006471683271229267,0.9809139370918274,0.6277833580970764,0.46781158447265625,0.17004743218421936,0.8152977824211121,0.6268934011459351,0.5892461538314819,0.07421758025884628,0.9613725543022156,0.6227968335151672,0.5529195666313171,0.28079769015312195,0.847186803817749,0.637710452079773,0.604726254940033,0.08022235333919525,0.9558945894241333,0.6274051666259766,0.5764974355697632,0.2916186451911926,0.8844059705734253,0.6074710488319397,0.6063258647918701,0.03138645738363266,0.830740213394165,0.5913112163543701,0.5614693760871887,0.27029600739479065,0.7184006571769714
32,0.5893982648849487,0.21907107532024384,0.024161990731954575,0.999785304069519,0.5888399481773376,0.21063700318336487,-0.0008191773667931557,0.9997020363807678,0.5886790156364441,0.21042980253696442,-0.0008373174932785332,0.9997344017028809,0.5885462164878845,0.210165336728096,-0.0008874632185325027,0.999697208404541,0.5909355282783508,0.20940208435058594,0.019783014431595802,0.999669075012207,0.5922165513038635,0.20835134387016296,0.019823294132947922,0.9996712803840637,0.5936604738235474,0.20725569128990173,0.019771398976445198,0.9996012449264526,0.5935726761817932,0.20957176387310028,-0.08344301581382751,0.9997474551200867,0.6014925241470337,0.20597760379314423,0.008559438399970531,0.9995690584182739,0.5923289060592651,0.22537940740585327,-0.0022560672368854284,0.9997349381446838,0.594612181186676,0.22457630932331085,0.024345465004444122,0.9996545314788818,0.5968160629272461,0.2532934844493866,-0.16264469921588898,0.9999754428863525,0.6518154740333557,0.23920221626758575,0.04668353870511055,0.9998685121536255,0.5892654657363892,0.3269893527030945,-0.17796579003334045,0.9830231666564941,0.6764090657234192,0.30411508679389954,0.0722702369093895,0.9117535352706909,0.5716444849967957,0.3930612802505493,-0.1298004537820816,0.9017893075942993,0.6881399750709534,0.3705057203769684,0.08114992082118988,0.6359409689903259,0.566622257232666,0.40638506412506104,-0.1411254107952118,0.8491154909133911,0.6933472752571106,0.3870144188404083,0.09116082638502121,0.5126491785049438,0.5673146843910217,0.40637311339378357,-0.13572266697883606,0.8403065204620361,0.6862989068031311,0.3880476653575897,0.07786653935909271,0.4904312193393707,0.569854736328125,0.40296193957328796,-0.1256794035434723,0.7821576595306396,0.6833111047744751,0.38340094685554504,0.07429929822683334,0.44980084896087646,0.6302244067192078,0.38482603430747986,-0.07904984802007675,0.9996890425682068,0.6536017656326294,0.3763098418712616,0.07875838130712509,0.9988396167755127,0.624871551990509,0.4808196425437927,-0.0049820770509541035,0.9809165000915527,0.6256981492042542,0.4614180028438568,0.1761278659105301,0.7819181084632874,0.6272371411323547,0.5870463252067566,0.07208655029535294,0.9613336324691772,0.6199889779090881,0.5448295474052429,0.2890336513519287,0.8225895166397095,0.6388763189315796,0.602100670337677,0.07758477330207825,0.9515364170074463,0.6256014704704285,0.563059389591217,0.3002472221851349,0.8601455688476562,0.6081448793411255,0.604672372341156,0.033081717789173126,0.8405912518501282,0.5879676342010498,0.5540637373924255,0.28199130296707153,0.7135962247848511
33,0.5846654176712036,0.22362467646598816,0.031130647286772728,0.9998019337654114,0.5832473039627075,0.21517011523246765,0.00704357773065567,0.9997268319129944,0.5830453634262085,0.21495358645915985,0.007028297986835241,0.9997563362121582,0.5829126238822937,0.21462343633174896,0.006985756102949381,0.999722957611084,0.5855686664581299,0.21389348804950714,0.027871806174516678,0.9996958374977112,0.5868345499038696,0.21277622878551483,0.027904260903596878,0.9996970295906067,0.5882478952407837,0.21149425208568573,0.02784827910363674,0.9996321797370911,0.5879893898963928,0.21372629702091217,-0.07364224642515182,0.9997674822807312,0.596168041229248,0.2093227058649063,0.01868276856839657,0.9995994567871094,0.5881015658378601,0.22978167235851288,0.005142668727785349,0.9997544884681702,0.5903352499008179,0.22862347960472107,0.031967923045158386,0.9996774792671204,0.5940743088722229,0.256559282541275,-0.15362778306007385,0.9999777674674988,0.6486709117889404,0.23937790095806122,0.04882998764514923,0.9998739957809448,0.5846949815750122,0.3292044699192047,-0.162492573261261,0.9845064878463745,0.6758116483688354,0.30203455686569214,0.0768175721168518,0.9123899340629578,0.5679351091384888,0.39918947219848633,-0.10895960032939911,0.9097836017608643,0.6861945986747742,0.36585190892219543,0.07861296087503433,0.6544912457466125,0.5628811717033386,0.41215023398399353,-0.1198895201086998,0.8599830269813538,0.6913226842880249,0.3812936246395111,0.0883902832865715,0.533270001411438,0.5637308359146118,0.4121342599391937,-0.11535505205392838,0.8517941236495972,0.6844314336776733,0.3825457990169525,0.07283452898263931,0.5117958784103394,0.5662512183189392,0.4089392125606537,-0.10479005426168442,0.796364963054657,0.6814785003662109,0.37804096937179565,0.07129421830177307,0.47050365805625916,0.6296601891517639,0.38394802808761597,-0.07991431653499603,0.999714732170105,0.6524671316146851,0.3759245276451111,0.07966068387031555,0.9988836646080017,0.6244755983352661,0.47990044951438904,-0.021719247102737427,0.981528103351593,0.6235448718070984,0.4517935812473297,0.19016587734222412,0.7455236911773682,0.6281079053878784,0.588017463684082,0.029102783650159836,0.9623203873634338,0.6117548942565918,0.5153425931930542,0.3239404857158661,0.7956439256668091,0.6400074362754822,0.6034259796142578,0.03191949054598808,0.9488028883934021,0.6193058490753174,0.5453532338142395,0.33740168809890747,0.8361713886260986,0.6085700392723083,0.6039348840713501,-0.014265107922255993,0.8512954115867615,0.5868887305259705,0.5225583910942078,0.3265937864780426,0.7089110016822815
34,0.5788098573684692,0.23092375695705414,0.0397879034280777,0.999815046787262,0.5772658586502075,0.2219499945640564,0.015446451492607594,0.9997467994689941,0.5771826505661011,0.22173890471458435,0.015437224879860878,0.9997738599777222,0.5771982073783875,0.22143295407295227,0.015401443466544151,0.9997437596321106,0.5791658163070679,0.22071118652820587,0.03698325529694557,0.999716579914093,0.5803343057632446,0.21962858736515045,0.03701845183968544,0.9997165203094482,0.5817880630493164,0.21838252246379852,0.03696931526064873,0.999656081199646,0.5826584100723267,0.22034479677677155,-0.06700374186038971,0.9997832775115967,0.5900105834007263,0.21574729681015015,0.02593776024878025,0.9996212720870972,0.5825949907302856,0.2366437315940857,0.012994252145290375,0.999769389629364,0.5844466686248779,0.2353622317314148,0.040791723877191544,0.9996956586837769,0.5904588103294373,0.2611221969127655,-0.14948871731758118,0.9999796748161316,0.6440901756286621,0.2395203709602356,0.0655326098203659,0.9998785853385925,0.581291675567627,0.3338865339756012,-0.16254864633083344,0.9858680963516235,0.6746534705162048,0.29703933000564575,0.0903191864490509,0.9143269658088684,0.5640088319778442,0.4072069525718689,-0.11115716397762299,0.9171895384788513,0.6847517490386963,0.35714977979660034,0.0853998139500618,0.6723175644874573,0.5597637891769409,0.41937705874443054,-0.12328211218118668,0.8701527118682861,0.6894818544387817,0.3743831217288971,0.09619398415088654,0.5540832877159119,0.5604430437088013,0.4193280041217804,-0.11702504009008408,0.8625566959381104,0.6831583380699158,0.3758831322193146,0.07983718067407608,0.5334423780441284,0.5629396438598633,0.41613224148750305,-0.1065027266740799,0.8096646666526794,0.6803856492042542,0.37085139751434326,0.07808895409107208,0.49185100197792053,0.6283667683601379,0.3829388916492462,-0.07913066446781158,0.9997180700302124,0.6508050560951233,0.3758637011051178,0.07889650017023087,0.9988423585891724,0.6226507425308228,0.47827818989753723,-0.018320783972740173,0.9808014035224915,0.6235852837562561,0.4597265124320984,0.16250324249267578,0.7254078388214111,0.6283302903175354,0.586529552936554,0.033873483538627625,0.9618218541145325,0.6209681034088135,0.5367009043693542,0.25722119212150574,0.7806572318077087,0.6397197246551514,0.6028117537498474,0.03717096894979477,0.9465141892433167,0.6250428557395935,0.5664449334144592,0.266230046749115,0.820331335067749,0.6087242364883423,0.5996609330177307,-0.005436398088932037,0.8600735068321228,0.590807318687439,0.5490620732307434,0.24397246539592743,0.7093873023986816
35,0.572995662689209,0.24062111973762512,0.0250011645257473,0.9998158812522888,0.5712116360664368,0.23105797171592712,0.001044625649228692,0.9997547268867493,0.5713425874710083,0.2307889461517334,0.0010431470582261682,0.9997794032096863,0.5715692043304443,0.23046010732650757,0.0010226566810160875,0.999751627445221,0.5726836323738098,0.2296968400478363,0.022902611643075943,0.9997218251228333,0.5737079977989197,0.22855119407176971,0.022927062585949898,0.9997198581695557,0.5749537944793701,0.22723910212516785,0.022879330441355705,0.9996625781059265,0.5776588320732117,0.22765900194644928,-0.07827538251876831,0.9997878670692444,0.5836262106895447,0.2226550579071045,0.01880328729748726,0.9996240139007568,0.5777205228805542,0.2461046576499939,-0.0006421055877581239,0.9997727870941162,0.5791764855384827,0.24445632100105286,0.027557089924812317,0.9997010827064514,0.5878432989120483,0.2657301723957062,-0.15604270994663239,0.9999810457229614,0.6395326256752014,0.23966434597969055,0.06254468858242035,0.9998819231987,0.5768508315086365,0.3410416543483734,-0.16837957501411438,0.9870955944061279,0.6743835806846619,0.2928675711154938,0.09120022505521774,0.9148197770118713,0.5581427216529846,0.41368380188941956,-0.1123681291937828,0.9238712787628174,0.680701494216919,0.3515365421772003,0.09567774832248688,0.6813042163848877,0.5533457398414612,0.4266217350959778,-0.12514075636863708,0.8793148994445801,0.6845887899398804,0.36875590682029724,0.10843448340892792,0.5645022392272949,0.5531014800071716,0.42661717534065247,-0.11657128483057022,0.8722171783447266,0.679642915725708,0.36994847655296326,0.09042422473430634,0.5448257923126221,0.5558162331581116,0.4232531189918518,-0.10684601962566376,0.8212941884994507,0.6770921945571899,0.3650253415107727,0.08833034336566925,0.5035426020622253,0.6263337135314941,0.3834739327430725,-0.07656683772802353,0.9996605515480042,0.6481060981750488,0.3767991364002228,0.07634288817644119,0.998619556427002,0.6204200983047485,0.4799847900867462,-0.005386630538851023,0.9758636355400085,0.6236506700515747,0.4600066840648651,0.14966042339801788,0.696575939655304,0.6271225810050964,0.5873898267745972,0.06252448260784149,0.9546874761581421,0.6246244311332703,0.5514090061187744,0.22560207545757294,0.7552915811538696,0.6383001804351807,0.6035516858100891,0.0674079954624176,0.9389287829399109,0.6280153393745422,0.571453869342804,0.2325431853532791,0.8008732795715332,0.605364203453064,0.6003248691558838,0.030942481011152267,0.8615077137947083,0.5956684350967407,0.5676038265228271,0.2035423070192337,0.6998551487922668
36,0.5666458010673523,0.24817027151584625,0.019906209781765938,0.9998102784156799,0.5646446943283081,0.2385725975036621,-0.0037772427313029766,0.9997567534446716,0.5649551153182983,0.23821893334388733,-0.0037813528906553984,0.9997798800468445,0.5653587579727173,0.23782581090927124,-0.003801146987825632,0.9997527003288269,0.5657109022140503,0.2372245043516159,0.01776290312409401,0.9997197985649109,0.566633939743042,0.23601587116718292,0.017784299328923225,0.9997158646583557,0.5677679181098938,0.23464450240135193,0.017734358087182045,0.9996598362922668,0.572119414806366,0.23348523676395416,-0.0816137045621872,0.9997875094413757,0.5764117240905762,0.22876828908920288,0.014407424256205559,0.9996201395988464,0.572173535823822,0.25343382358551025,-0.0050038122572004795,0.9997684955596924,0.5732332468032837,0.2518623173236847,0.022762257605791092,0.9996963143348694,0.5841004252433777,0.2692922055721283,-0.15734514594078064,0.9999821782112122,0.6328727006912231,0.23976784944534302,0.0579768642783165,0.9998807907104492,0.5749441385269165,0.3458809554576874,-0.16752958297729492,0.988196611404419,0.6685620546340942,0.2905192971229553,0.09136825054883957,0.9108529090881348,0.5562099814414978,0.4188752770423889,-0.10615557432174683,0.9294820427894592,0.6757210493087769,0.34899502992630005,0.10839122533798218,0.6736279726028442,0.550022542476654,0.4311729967594147,-0.11819876730442047,0.8866061568260193,0.6785579323768616,0.3648248016834259,0.12235279381275177,0.5571420192718506,0.5488491058349609,0.43138235807418823,-0.10979803651571274,0.8798987865447998,0.6737796068191528,0.36622899770736694,0.10555221885442734,0.5383598208427429,0.552879273891449,0.42767229676246643,-0.10067107528448105,0.8300528526306152,0.671453595161438,0.3612254559993744,0.10177509486675262,0.4984038174152374,0.6240397095680237,0.38390296697616577,-0.07580039650201797,0.9996036887168884,0.645382821559906,0.37727612257003784,0.07557569444179535,0.9984036087989807,0.6196692585945129,0.4807436168193817,0.006593487225472927,0.9714299440383911,0.623742401599884,0.46176499128341675,0.14778897166252136,0.667383074760437,0.6256909370422363,0.587385892868042,0.08369846642017365,0.9483861327171326,0.6253833174705505,0.5568150281906128,0.22725632786750793,0.7333121299743652,0.6368306875228882,0.6038593053817749,0.0899537205696106,0.9330152869224548,0.6295700073242188,0.5752360224723816,0.23469777405261993,0.7847999930381775,0.6003726124763489,0.6010960340499878,0.05693409591913223,0.8633753657341003,0.5951774716377258,0.5777528285980225,0.20535102486610413,0.6915910840034485
37,0.5620867013931274,0.2559743821620941,0.012622842565178871,0.9998020529747009,0.5595676898956299,0.24669581651687622,-0.010209979489445686,0.9997547268867493,0.5598218441009521,0.24631428718566895,-0.010213466361165047,0.9997762441635132,0.5601903200149536,0.2458750605583191,-0.010231930762529373,0.9997506737709045,0.5606623888015747,0.2452610582113266,0.010317487642168999,0.9997125267982483,0.5615788102149963,0.2438967376947403,0.010336310602724552,0.9997052550315857,0.5627476572990417,0.2422812283039093,0.010281240567564964,0.9996504187583923,0.5665428638458252,0.24015620350837708,-0.0853433758020401,0.9997801184654236,0.5708159804344177,0.23515041172504425,0.0064043342135846615,0.9996066093444824,0.5677897930145264,0.2604600191116333,-0.011165957897901535,0.9997664093971252,0.5687412023544312,0.2589091658592224,0.015342255122959614,0.9996898174285889,0.5799456834793091,0.2719893157482147,-0.1583079695701599,0.9999836087226868,0.6256647109985352,0.24113290011882782,0.050565194338560104,0.9998789429664612,0.5716906785964966,0.349189430475235,-0.1680540144443512,0.9891921877861023,0.6642634272575378,0.2883605360984802,0.08964750170707703,0.9059756398200989,0.5532154440879822,0.4253568947315216,-0.11326531320810318,0.9349932074546814,0.6695222854614258,0.3469972312450409,0.10125839710235596,0.6672024726867676,0.5465224981307983,0.4374338686466217,-0.12823382019996643,0.8942446112632751,0.6707257628440857,0.36285480856895447,0.11309760808944702,0.5502306222915649,0.5442463159561157,0.43736785650253296,-0.11864612996578217,0.8879420757293701,0.666326642036438,0.36386531591415405,0.09668668359518051,0.5321990251541138,0.5478644967079163,0.43388667702674866,-0.10756739228963852,0.8396464586257935,0.6644560098648071,0.3588772714138031,0.09467431902885437,0.493434876203537,0.6230846047401428,0.38396427035331726,-0.076072558760643,0.999622642993927,0.6435845494270325,0.3775056302547455,0.07584518194198608,0.9983775615692139,0.6194391250610352,0.4812937378883362,0.004284075926989317,0.970727264881134,0.6235607266426086,0.46407172083854675,0.18967604637145996,0.6244435906410217,0.6252778768539429,0.5877819657325745,0.07441437989473343,0.945554256439209,0.6247653961181641,0.5514851212501526,0.3180191218852997,0.6943718791007996,0.6365900039672852,0.6043492555618286,0.07978899031877518,0.926680862903595,0.6303234100341797,0.5701342821121216,0.33092236518859863,0.7526868581771851,0.5985807180404663,0.6015169024467468,0.046462081372737885,0.8669314980506897,0.5943413972854614,0.5693925619125366,0.3123267590999603,0.6729574203491211
38,0.5570082664489746,0.2631378471851349,0.026986155658960342,0.9997962713241577,0.554479718208313,0.2547692358493805,0.002558816457167268,0.9997552633285522,0.5549906492233276,0.2542344629764557,0.0025529200211167336,0.9997752904891968,0.5556058883666992,0.25365471839904785,0.002511363010853529,0.9997527599334717,0.5548047423362732,0.2537056505680084,0.022264940664172173,0.9997097253799438,0.5554212331771851,0.25249725580215454,0.022290734574198723,0.9996991157531738,0.5562329888343811,0.2511005997657776,0.02224057726562023,0.9996476769447327,0.562026858329773,0.24578280746936798,-0.07286034524440765,0.9997779130935669,0.5645419955253601,0.24170561134815216,0.023390602320432663,0.999599039554596,0.5632322430610657,0.26610851287841797,0.0013032143469899893,0.9997652769088745,0.5635272264480591,0.2651652693748474,0.026511987671256065,0.9996874928474426,0.5773267149925232,0.27333498001098633,-0.15100622177124023,0.9999849796295166,0.6197828054428101,0.24287332594394684,0.07381746917963028,0.9998756647109985,0.5684792399406433,0.35247451066970825,-0.16755381226539612,0.9901168346405029,0.6593409180641174,0.28629156947135925,0.11687956005334854,0.8934515118598938,0.5494208335876465,0.4250776469707489,-0.10179668664932251,0.9401305913925171,0.662767767906189,0.34460487961769104,0.13821355998516083,0.646787166595459,0.5434809923171997,0.43862029910087585,-0.1208687424659729,0.9017643332481384,0.6633617877960205,0.3606542646884918,0.15341320633888245,0.5327262282371521,0.5406959652900696,0.43868187069892883,-0.10534431040287018,0.8958728313446045,0.6582967638969421,0.3615194857120514,0.13557711243629456,0.5156515836715698,0.5435343980789185,0.43492788076400757,-0.09428305923938751,0.849354088306427,0.6567412614822388,0.35632601380348206,0.13155360519886017,0.4786214828491211,0.621907651424408,0.38419315218925476,-0.07749025523662567,0.9996170401573181,0.6423619985580444,0.3773304224014282,0.07730225473642349,0.9982046484947205,0.6184969544410706,0.4815005660057068,-0.016398880630731583,0.9686654210090637,0.6238120794296265,0.4655647873878479,0.16991935670375824,0.5864377617835999,0.6240392923355103,0.587652862071991,0.02787146344780922,0.941275417804718,0.6240330338478088,0.5548452734947205,0.2706841826438904,0.6594097018241882,0.634731113910675,0.6044275164604187,0.030957218259572983,0.9206241369247437,0.6309305429458618,0.5738685727119446,0.28038808703422546,0.7264820337295532,0.5984698534011841,0.6061770915985107,-0.005439209286123514,0.8690471649169922,0.5962454676628113,0.5697824954986572,0.257994145154953,0.6545634865760803
39,0.5531109571456909,0.2704910635948181,0.03628367930650711,0.9996504187583923,0.5501662492752075,0.2624233067035675,0.015185545198619366,0.9996544718742371,0.5506760478019714,0.2617289125919342,0.015127358958125114,0.999678909778595,0.5512937307357788,0.26100999116897583,0.015091268345713615,0.9996713995933533,0.5502880811691284,0.2615124583244324,0.036562856286764145,0.9995412826538086,0.550757646560669,0.26030081510543823,0.03658970445394516,0.9995039105415344,0.5514050722122192,0.25901657342910767,0.03651098534464836,0.9994431734085083,0.557721734046936,0.2521120607852936,-0.05418463796377182,0.9996894598007202,0.5595942735671997,0.24934795498847961,0.042154841125011444,0.999337375164032,0.5597150325775146,0.27234792709350586,0.014813365414738655,0.9996700286865234,0.5599683523178101,0.2718159258365631,0.042511530220508575,0.9995198845863342,0.5748122334480286,0.27902066707611084,-0.13066156208515167,0.9999861121177673,0.6144471764564514,0.24725310504436493,0.09717246145009995,0.9998238682746887,0.5677523016929626,0.3574981391429901,-0.1489008367061615,0.9909887909889221,0.653117299079895,0.28941595554351807,0.16687113046646118,0.8300131559371948,0.5460962057113647,0.4298860728740692,-0.08166267722845078,0.9448951482772827,0.6425738334655762,0.33687514066696167,0.2156633585691452,0.5905744433403015,0.5389537811279297,0.44526052474975586,-0.09543944895267487,0.9088080525398254,0.6422406435012817,0.34404265880584717,0.23694439232349396,0.4874725937843323,0.5352665185928345,0.44620826840400696,-0.0827483981847763,0.9032872319221497,0.6355119347572327,0.34443995356559753,0.21903467178344727,0.47203007340431213,0.538625180721283,0.44194814562797546,-0.07418389618396759,0.8579269051551819,0.6353452205657959,0.34254637360572815,0.20955324172973633,0.43887898325920105,0.6212117671966553,0.38441991806030273,-0.07768882811069489,0.9996305108070374,0.6410630941390991,0.3775034546852112,0.07751981914043427,0.9980421662330627,0.6176439523696899,0.4820566773414612,-0.03859855979681015,0.9688767790794373,0.6221283674240112,0.4654231369495392,0.1647506058216095,0.5505756139755249,0.6231672167778015,0.5893056988716125,-0.008249253034591675,0.9401414394378662,0.6188824772834778,0.5482723116874695,0.26180094480514526,0.6234541535377502,0.6337080597877502,0.606530487537384,-0.006039154250174761,0.9145593047142029,0.6250694990158081,0.5651008486747742,0.2713700234889984,0.6953333616256714,0.5989974141120911,0.6107593774795532,-0.04322630912065506,0.8710138201713562,0.5911437273025513,0.5607147812843323,0.25286364555358887,0.6298668384552002
40,0.5495376586914062,0.27566805481910706,0.037251606583595276,0.9995708465576172,0.5468747019767761,0.26740753650665283,0.01547223050147295,0.9996050596237183,0.5474687218666077,0.26646122336387634,0.015431093983352184,0.9996326565742493,0.5481842160224915,0.2654648721218109,0.015397479757666588,0.9996402859687805,0.5466065406799316,0.26706406474113464,0.037213776260614395,0.999447226524353,0.5469134449958801,0.26602816581726074,0.03724577650427818,0.9993776679039001,0.5473681092262268,0.2649758458137512,0.03716680034995079,0.999305784702301,0.554977297782898,0.2559826672077179,-0.051134444773197174,0.9996567368507385,0.5556713938713074,0.25553321838378906,0.047563690692186356,0.9991465210914612,0.556652843952179,0.2768362760543823,0.015297368168830872,0.9996190071105957,0.5564331412315369,0.2769012153148651,0.044128574430942535,0.9994080662727356,0.5743877291679382,0.2824074625968933,-0.12865473330020905,0.9999872446060181,0.6076105833053589,0.2503019869327545,0.11016831547021866,0.9997472763061523,0.5667780637741089,0.3609189987182617,-0.1494697481393814,0.991813063621521,0.643516480922699,0.2887507379055023,0.19276173412799835,0.7651611566543579,0.5447074770927429,0.43169164657592773,-0.08517403900623322,0.9496210217475891,0.6372536420822144,0.32002002000808716,0.25413942337036133,0.5367082357406616,0.5372768044471741,0.44760531187057495,-0.09653712809085846,0.9160842895507812,0.6379855871200562,0.3241764307022095,0.2791249454021454,0.4440958797931671,0.5329040884971619,0.4493800699710846,-0.08800709992647171,0.9109529852867126,0.6305388808250427,0.3242373466491699,0.26108303666114807,0.4301886260509491,0.5362471342086792,0.4450249671936035,-0.07893817126750946,0.8673765063285828,0.6299824118614197,0.3234507441520691,0.24834437668323517,0.4006558060646057,0.622064471244812,0.38436299562454224,-0.07863572239875793,0.9996417760848999,0.6404028534889221,0.3764224648475647,0.07849334180355072,0.9979028701782227,0.6174902319908142,0.48245617747306824,-0.04174695909023285,0.9698482751846313,0.6211611032485962,0.4610935151576996,0.16266702115535736,0.5285086631774902,0.6232489943504333,0.5893504023551941,-0.004720319528132677,0.9411931037902832,0.6171603202819824,0.544157087802887,0.25660240650177,0.6037112474441528,0.6327587366104126,0.606550931930542,-0.0016397051513195038,0.9133222103118896,0.6231523752212524,0.5617013573646545,0.2655426859855652,0.6773970723152161,0.599478006362915,0.6106840968132019,-0.03513569384813309,0.875740110874176,0.5870499610900879,0.5544303059577942,0.24560078978538513,0.6174678802490234
41,0.5466143488883972,0.2801162004470825,0.003725186688825488,0.9995439052581787,0.5436133146286011,0.27159935235977173,-0.016845326870679855,0.9995942115783691,0.5442348718643188,0.27061736583709717,-0.01689579337835312,0.9996224641799927,0.5450006723403931,0.2695353329181671,-0.016925672069191933,0.999640166759491,0.5432097315788269,0.2712242007255554,0.006052784621715546,0.999426007270813,0.5434583425521851,0.27018076181411743,0.006081033032387495,0.9993430376052856,0.5438710451126099,0.2690981328487396,0.006021706387400627,0.9992612600326538,0.5520790219306946,0.25998735427856445,-0.07785273343324661,0.9996548295021057,0.5524294972419739,0.25957605242729187,0.026814540848135948,0.9990686178207397,0.5540183782577515,0.28078219294548035,-0.015011647716164589,0.999622642993927,0.5538116693496704,0.2809794843196869,0.01481955498456955,0.9993950128555298,0.5732619762420654,0.2857196629047394,-0.15613378584384918,0.9999884366989136,0.6022081971168518,0.25302135944366455,0.0985659584403038,0.9997192025184631,0.5652310252189636,0.3635219633579254,-0.18281450867652893,0.9925549030303955,0.637220025062561,0.29302504658699036,0.1748116910457611,0.6997483968734741,0.542928159236908,0.4341468811035156,-0.12363219261169434,0.9537091851234436,0.630801260471344,0.3281887471675873,0.2164756804704666,0.4876863360404968,0.5350048542022705,0.44989386200904846,-0.141181081533432,0.9222449064254761,0.6323654651641846,0.33413800597190857,0.2374553680419922,0.4043865203857422,0.5306633710861206,0.45207342505455017,-0.12893836200237274,0.9173941612243652,0.6250247359275818,0.334847092628479,0.2188301980495453,0.3918752372264862,0.5339272618293762,0.4477614462375641,-0.11605240404605865,0.8749616146087646,0.6243968605995178,0.33352145552635193,0.2097862958908081,0.3653394877910614,0.6226329803466797,0.38343486189842224,-0.08478853851556778,0.9996740221977234,0.6377360224723816,0.37240859866142273,0.08467762172222137,0.9980001449584961,0.6178738474845886,0.482294499874115,-0.054830968379974365,0.9726638197898865,0.607977032661438,0.4175950586795807,0.2135862112045288,0.5143099427223206,0.6242750287055969,0.5873127579689026,-0.020035158842802048,0.9465587735176086,0.5901812314987183,0.48588302731513977,0.33693093061447144,0.6051449179649353,0.6341744661331177,0.6010688543319702,-0.017521627247333527,0.9188128709793091,0.5949117541313171,0.5023882389068604,0.34898263216018677,0.6741248965263367,0.5999759435653687,0.6105496287345886,-0.06256474554538727,0.88701993227005,0.5566481351852417,0.4912290573120117,0.3422992527484894,0.63107830286026
42,0.5456019639968872,0.2831862270832062,-0.0007273424416780472,0.999287486076355,0.5421146750450134,0.27459853887557983,-0.018139025196433067,0.9993760585784912,0.5426734089851379,0.27350032329559326,-0.018177935853600502,0.999417245388031,0.5433675646781921,0.2723240256309509,-0.018183138221502304,0.9994856119155884,0.5417730808258057,0.2743576765060425,0.005467510782182217,0.9990967512130737,0.5419862270355225,0.27330952882766724,0.005497537087649107,0.9989330172538757,0.5423885583877563,0.27218273282051086,0.005426317919045687,0.9988756775856018,0.5502502918243408,0.26254624128341675,-0.07412300258874893,0.9994726181030273,0.5505397915840149,0.2620750665664673,0.030205408111214638,0.998333752155304,0.5524784326553345,0.2830522358417511,-0.017789997160434723,0.9994901418685913,0.5522829294204712,0.2835254669189453,0.01304461807012558,0.9990900158882141,0.5725753307342529,0.28457972407341003,-0.15434035658836365,0.9999893307685852,0.5972179174423218,0.25557729601860046,0.1073000580072403,0.9996601343154907,0.5642796158790588,0.3632695972919464,-0.1823572814464569,0.9931521415710449,0.6236263513565063,0.3183993995189667,0.1502770632505417,0.6349565982818604,0.5422874689102173,0.4365409314632416,-0.13146543502807617,0.9566189050674438,0.6162657141685486,0.37601885199546814,0.1268627941608429,0.44192904233932495,0.5353647470474243,0.451579749584198,-0.15126438438892365,0.926176905632019,0.616820216178894,0.38812321424484253,0.13854841887950897,0.36711716651916504,0.5315786004066467,0.45373833179473877,-0.13724155724048615,0.9213858842849731,0.6101504564285278,0.3909933269023895,0.1159571036696434,0.3558053970336914,0.5344371199607849,0.4494067132472992,-0.12350906431674957,0.8787180781364441,0.6105836629867554,0.38655832409858704,0.11672927439212799,0.33205464482307434,0.6238813996315002,0.3806154429912567,-0.08483486622571945,0.9996876120567322,0.6373894810676575,0.36822041869163513,0.08471925556659698,0.9978671669960022,0.618313729763031,0.4813932180404663,-0.05815870314836502,0.9743967056274414,0.6130697727203369,0.43413466215133667,0.19611167907714844,0.48151999711990356,0.6249198913574219,0.5837059617042542,-0.024325218051671982,0.9492793679237366,0.600347638130188,0.5004549622535706,0.3060571551322937,0.5745233297348022,0.6351531744003296,0.5953050851821899,-0.022092871367931366,0.9177569150924683,0.6061599850654602,0.515802800655365,0.3168030381202698,0.6471378803253174,0.6002305150032043,0.610748291015625,-0.0637657567858696,0.8933497667312622,0.5685932040214539,0.5107107758522034,0.309814453125,0.6160744428634644
43,0.5433955788612366,0.28308284282684326,-0.010459276847541332,0.9991139769554138,0.5404733419418335,0.27393290400505066,-0.02793743647634983,0.9992335438728333,0.5410064458847046,0.27293676137924194,-0.027970090508461,0.9992774128913879,0.541654646396637,0.271890252828598,-0.027971643954515457,0.9993835687637329,0.5402367115020752,0.27381208539009094,-0.004903566092252731,0.9989047646522522,0.5405005216598511,0.27295181155204773,-0.004884477239102125,0.9986856579780579,0.5408816337585449,0.27209559082984924,-0.004968355875462294,0.9986478686332703,0.5489782094955444,0.2632165551185608,-0.08126164972782135,0.9993502497673035,0.5490995049476624,0.26299118995666504,0.0231302659958601,0.9978917241096497,0.5500948429107666,0.28381338715553284,-0.026843229308724403,0.9994085431098938,0.5499671697616577,0.2842939794063568,0.0032499847002327442,0.9988921880722046,0.5708169937133789,0.28531625866889954,-0.15782181918621063,0.9999901652336121,0.5940459966659546,0.2563539743423462,0.09808186441659927,0.9996182918548584,0.5629099607467651,0.3635171949863434,-0.18622538447380066,0.9937038421630859,0.6218056082725525,0.31911343336105347,0.1406293511390686,0.5788863897323608,0.5413273572921753,0.43680304288864136,-0.1419275403022766,0.9593172073364258,0.6198199391365051,0.37550801038742065,0.10704076290130615,0.40190258622169495,0.5350650548934937,0.45118385553359985,-0.16231988370418549,0.9298295974731445,0.621864378452301,0.3875259757041931,0.11776737868785858,0.3345012962818146,0.5310288667678833,0.4527817368507385,-0.1486421823501587,0.9250733256340027,0.6156406998634338,0.39018312096595764,0.09634120017290115,0.3242652714252472,0.5336461067199707,0.44873520731925964,-0.13415946066379547,0.8821471333503723,0.6155356168746948,0.3857415020465851,0.09766863286495209,0.3030036687850952,0.6252066493034363,0.3762527108192444,-0.08344633877277374,0.9997079968452454,0.6377413272857666,0.362798810005188,0.08331280201673508,0.9978820085525513,0.6185954213142395,0.47559767961502075,-0.05801226571202278,0.9760753512382507,0.6137769818305969,0.42900434136390686,0.2047288715839386,0.45099300146102905,0.6259347796440125,0.5777281522750854,-0.026599887758493423,0.9519022703170776,0.6031516194343567,0.49903857707977295,0.3214244842529297,0.5467708706855774,0.6384996175765991,0.5892531275749207,-0.02472122758626938,0.9173597097396851,0.6094087362289429,0.5143914818763733,0.33302706480026245,0.6245882511138916,0.6004095673561096,0.6084039807319641,-0.0678228884935379,0.8991437554359436,0.570407509803772,0.5101811289787292,0.32927268743515015,0.6025950908660889
44,0.5424451231956482,0.28346648812294006,0.002405031817033887,0.9989147186279297,0.5392217040061951,0.2748487889766693,-0.017588507384061813,0.9991183876991272,0.5396881699562073,0.274000346660614,-0.017631758004426956,0.9991649985313416,0.5402852296829224,0.273097962141037,-0.017658071592450142,0.9993025064468384,0.5391144156455994,0.2744445502758026,0.0034801792353391647,0.9987185597419739,0.5394091606140137,0.27347877621650696,0.0034908491652458906,0.9984456300735474,0.5398432016372681,0.27246150374412537,0.003405651543289423,0.998379647731781,0.5475820302963257,0.264236718416214,-0.07983884960412979,0.9992619752883911,0.5477913618087769,0.2624812424182892,0.013961883261799812,0.997527539730072,0.5492904782295227,0.2847590744495392,-0.016933705657720566,0.999321460723877,0.5491787195205688,0.28474175930023193,0.010454845614731312,0.9986795783042908,0.5695695877075195,0.29065611958503723,-0.15337203443050385,0.999990701675415,0.5929889678955078,0.25522011518478394,0.08457273989915848,0.9995022416114807,0.5636619329452515,0.36432015895843506,-0.177940234541893,0.9942381381988525,0.6246318221092224,0.2870641052722931,0.16680079698562622,0.5334850549697876,0.5423725247383118,0.4370063841342926,-0.12955312430858612,0.9622601866722107,0.6218892335891724,0.3099730908870697,0.225500226020813,0.36611706018447876,0.5351698398590088,0.4513658881187439,-0.14652210474014282,0.9342604279518127,0.6243642568588257,0.31298133730888367,0.24828512966632843,0.3054167330265045,0.5319260358810425,0.45202428102493286,-0.13415971398353577,0.9297842979431152,0.6178697347640991,0.31465181708335876,0.23042583465576172,0.29615306854248047,0.5344246625900269,0.448399156332016,-0.12272877991199493,0.8873562812805176,0.6171714663505554,0.3141004741191864,0.2200145274400711,0.2772580087184906,0.62720787525177,0.3711966276168823,-0.08162206411361694,0.999729573726654,0.6383594870567322,0.354695200920105,0.08151047676801682,0.9979345798492432,0.618660569190979,0.46928849816322327,-0.062031131237745285,0.9775703549385071,0.6153048276901245,0.43131718039512634,0.19207793474197388,0.4311760365962982,0.6294194459915161,0.5728951692581177,-0.029016535729169846,0.9545696973800659,0.6052617430686951,0.5080329179763794,0.30111759901046753,0.5299561023712158,0.6419974565505981,0.5842477679252625,-0.026469465345144272,0.918164074420929,0.6099785566329956,0.5243256092071533,0.3118877410888672,0.6105107665061951,0.6034348011016846,0.6038839221000671,-0.07005153596401215,0.9047278165817261,0.5745472311973572,0.5205904245376587,0.3003796935081482,0.5912387371063232
45,0.5422278046607971,0.28196051716804504,-0.023158814758062363,0.9988211989402771,0.539043128490448,0.2730746567249298,-0.040544308722019196,0.9990680813789368,0.5395202040672302,0.27229127287864685,-0.04057719185948372,0.9991095662117004,0.5401099324226379,0.2714552879333496,-0.04057757928967476,0.9992719888687134,0.5389314889907837,0.27290111780166626,-0.018697589635849,0.9986539483070374,0.539231538772583,0.27214133739471436,-0.018696695566177368,0.9983540773391724,0.5396363139152527,0.2713344395160675,-0.0187804214656353,0.9983042478561401,0.5472301244735718,0.2637563943862915,-0.0925927385687828,0.9992160797119141,0.5470665693283081,0.26262548565864563,0.005222247447818518,0.9974111914634705,0.5489698052406311,0.28409716486930847,-0.03915472328662872,0.9993022084236145,0.5488294363021851,0.2841389775276184,-0.010732709430158138,0.9986212849617004,0.5696001648902893,0.2903916537761688,-0.16201230883598328,0.9999913573265076,0.5904711484909058,0.25558242201805115,0.08286308497190475,0.9994755983352661,0.5643260478973389,0.3655245900154114,-0.1921643167734146,0.9947401285171509,0.6159098148345947,0.3021015524864197,0.15311507880687714,0.4861282408237457,0.5435569286346436,0.43670913577079773,-0.1571306437253952,0.9651299118995667,0.6160193085670471,0.3418228328227997,0.17165963351726532,0.3339868187904358,0.5362597703933716,0.45235374569892883,-0.18031778931617737,0.9386489987373352,0.618604302406311,0.34892866015434265,0.18579372763633728,0.27962490916252136,0.5332959890365601,0.4527009129524231,-0.16747500002384186,0.9343830943107605,0.6133635640144348,0.35216009616851807,0.15813575685024261,0.27123576402664185,0.53617924451828,0.44827884435653687,-0.15016606450080872,0.8930370211601257,0.6130493879318237,0.34907668828964233,0.16091933846473694,0.25436392426490784,0.6305660605430603,0.36790186166763306,-0.08121112734079361,0.9997480511665344,0.6386332511901855,0.35230839252471924,0.08109122514724731,0.9980150461196899,0.6192532181739807,0.46937841176986694,-0.06238666921854019,0.9788320064544678,0.6161139607429504,0.43460243940353394,0.1888810098171234,0.4131278693675995,0.6308468580245972,0.5698785781860352,-0.025505071505904198,0.957173228263855,0.6063834428787231,0.5063343644142151,0.3010750412940979,0.5136284232139587,0.643983781337738,0.5797154903411865,-0.023298291489481926,0.9193748831748962,0.6115629076957703,0.5215376019477844,0.3121580481529236,0.5968937277793884,0.6046205759048462,0.6041765213012695,-0.06993671506643295,0.910420298576355,0.5762335062026978,0.522010087966919,0.30204591155052185,0.5869149565696716
46,0.5420182943344116,0.2798076570034027,-0.033358827233314514,0.9986240863800049,0.5392283201217651,0.2708517611026764,-0.050319425761699677,0.998953104019165,0.5398398637771606,0.27006402611732483,-0.05033985897898674,0.9989799857139587,0.5405313372612,0.26923245191574097,-0.05033568665385246,0.99918133020401,0.5389366149902344,0.27071523666381836,-0.0283216442912817,0.9985285997390747,0.5392675995826721,0.2699790894985199,-0.028329620137810707,0.9982001781463623,0.5397050976753235,0.2691660225391388,-0.028417523950338364,0.9981728196144104,0.5477343797683716,0.26195651292800903,-0.10053731501102448,0.9990971088409424,0.5469764471054077,0.26100361347198486,-0.0021148945670574903,0.9972435832023621,0.549077033996582,0.28248539566993713,-0.04887428134679794,0.9992416501045227,0.5488414168357849,0.28254255652427673,-0.020310308784246445,0.9985103607177734,0.5703844428062439,0.2894306182861328,-0.1656421720981598,0.9999917149543762,0.5890566110610962,0.2556131184101105,0.07477619498968124,0.9994682669639587,0.5653075575828552,0.36545971035957336,-0.19562342762947083,0.9951258301734924,0.6104112863540649,0.31231600046157837,0.13307179510593414,0.4422818720340729,0.5447016954421997,0.4355756640434265,-0.16510659456253052,0.9671918749809265,0.6117710471153259,0.35954222083091736,0.12392766773700714,0.30496981739997864,0.5376186370849609,0.4518536925315857,-0.18818789720535278,0.9416019320487976,0.6143950819969177,0.36826780438423157,0.13677161931991577,0.2564742863178253,0.5346041917800903,0.45173507928848267,-0.17490455508232117,0.9374293088912964,0.6094492077827454,0.37109941244125366,0.11309883743524551,0.24882543087005615,0.5375747680664062,0.44703367352485657,-0.1580132395029068,0.8960232138633728,0.6091999411582947,0.36773788928985596,0.11476310342550278,0.23375947773456573,0.6308162808418274,0.3631463646888733,-0.07881201803684235,0.9997638463973999,0.6389137506484985,0.3498794436454773,0.07873774319887161,0.9981144070625305,0.6193177103996277,0.46592384576797485,-0.0691414624452591,0.979323148727417,0.616283118724823,0.43260282278060913,0.17550037801265717,0.391612708568573,0.6306607723236084,0.5684816837310791,-0.043228574097156525,0.9586359858512878,0.6071324944496155,0.5064048171043396,0.2704029679298401,0.49441251158714294,0.6406990885734558,0.5789719820022583,-0.042299069464206696,0.9201276898384094,0.6130750775337219,0.5222821831703186,0.27962714433670044,0.581159770488739,0.6045500040054321,0.603506326675415,-0.08723282068967819,0.9138265252113342,0.5750502347946167,0.5220862030982971,0.26984503865242004,0.5774247646331787
47,0.5429188013076782,0.27830740809440613,-0.08653831481933594,0.9983099699020386,0.540219783782959,0.26941806077957153,-0.10325709730386734,0.9987954497337341,0.5408836603164673,0.26860806345939636,-0.10327377170324326,0.9988111257553101,0.5415999889373779,0.2677449584007263,-0.10327880084514618,0.9990713000297546,0.5397447347640991,0.269403874874115,-0.08106954395771027,0.9983007311820984,0.5400233268737793,0.2687324285507202,-0.08109552413225174,0.9979124069213867,0.5403754711151123,0.267978698015213,-0.08117752522230148,0.9979123473167419,0.5485403537750244,0.2604099214076996,-0.147454634308815,0.9989519119262695,0.5471675395965576,0.25968125462532043,-0.04892159625887871,0.996895432472229,0.5501071810722351,0.2809028923511505,-0.09980468451976776,0.9991568922996521,0.5496777892112732,0.28106003999710083,-0.07121676951646805,0.9983068704605103,0.5708219408988953,0.2881700098514557,-0.19871148467063904,0.9999917149543762,0.5866200923919678,0.2554316520690918,0.03518862649798393,0.9994404315948486,0.569442093372345,0.36477431654930115,-0.23148150742053986,0.9954085946083069,0.604021430015564,0.3073456585407257,0.11665626615285873,0.4033054709434509,0.5465890169143677,0.4348779022693634,-0.2093544751405716,0.9688209891319275,0.6041864156723022,0.34122103452682495,0.1298123598098755,0.27906668186187744,0.5397186875343323,0.4506286084651947,-0.23405706882476807,0.944097101688385,0.6064369082450867,0.34604504704475403,0.14503152668476105,0.23624171316623688,0.5359764099121094,0.45110365748405457,-0.22287850081920624,0.9401062726974487,0.6012414693832397,0.34818756580352783,0.12237025797367096,0.22934027016162872,0.5389233231544495,0.446926087141037,-0.20332451164722443,0.898309051990509,0.601094663143158,0.34706228971481323,0.1216585785150528,0.21573108434677124,0.63341224193573,0.3581918478012085,-0.07514022290706635,0.9997764825820923,0.6358751058578491,0.34525659680366516,0.07514601945877075,0.998178243637085,0.6206162571907043,0.45803242921829224,-0.09288813173770905,0.979597270488739,0.6167780160903931,0.4324412941932678,0.14606550335884094,0.3789253830909729,0.6307849884033203,0.5655099153518677,-0.07374387979507446,0.9613451957702637,0.6064308881759644,0.5088059306144714,0.22690355777740479,0.48933735489845276,0.6403698921203613,0.5763540863990784,-0.07386863976716995,0.9243131875991821,0.6122981309890747,0.5245947241783142,0.23368780314922333,0.5749620199203491,0.6056861877441406,0.5988797545433044,-0.12759248912334442,0.9199939966201782,0.5760606527328491,0.5247692465782166,0.21235258877277374,0.5804361701011658
48,0.5436856746673584,0.2773681581020355,-0.12598614394664764,0.9981927275657654,0.5410391092300415,0.26850032806396484,-0.14440777897834778,0.9987640976905823,0.5417043566703796,0.2676997482776642,-0.14440575242042542,0.9987691044807434,0.5424443483352661,0.2668493092060089,-0.14441217482089996,0.9990469813346863,0.5405161380767822,0.2684110105037689,-0.12265583127737045,0.9982365965843201,0.5407726764678955,0.267686665058136,-0.12270724773406982,0.9978420734405518,0.5410923361778259,0.2668748199939728,-0.12277990579605103,0.9978688955307007,0.549420952796936,0.25977569818496704,-0.18976137042045593,0.9989265203475952,0.5478881001472473,0.25882506370544434,-0.09350719302892685,0.99691241979599,0.5509046912193298,0.2799299359321594,-0.13906320929527283,0.9991481304168701,0.5503696203231812,0.2800326943397522,-0.11111913621425629,0.9982738494873047,0.5738154649734497,0.2881383001804352,-0.22766855359077454,0.9999912977218628,0.5853540301322937,0.25517702102661133,-0.007690782193094492,0.9994296431541443,0.5726659893989563,0.36413466930389404,-0.24993272125720978,0.995621383190155,0.598328709602356,0.29295578598976135,0.0950600877404213,0.3705425560474396,0.5508912801742554,0.4312659502029419,-0.2239578515291214,0.9704099297523499,0.5936259627342224,0.3171151578426361,0.13382937014102936,0.25743943452835083,0.5446427464485168,0.4477759301662445,-0.24800288677215576,0.9467569589614868,0.591008186340332,0.3234595060348511,0.15517251193523407,0.22006984055042267,0.5400850772857666,0.44591522216796875,-0.23761332035064697,0.9429978132247925,0.5829054117202759,0.32265904545783997,0.12826046347618103,0.2139320820569992,0.5429233908653259,0.44137442111968994,-0.21844065189361572,0.9015379548072815,0.5892232656478882,0.32095158100128174,0.12365126609802246,0.20167209208011627,0.6350117325782776,0.35843127965927124,-0.06953458487987518,0.9997800588607788,0.6335476636886597,0.3437495231628418,0.06958308815956116,0.9981728792190552,0.6211696863174438,0.45628416538238525,-0.09213574230670929,0.979713499546051,0.6167030334472656,0.4342413544654846,0.1277710646390915,0.3769698143005371,0.6303895711898804,0.5614050626754761,-0.06727950274944305,0.9639267921447754,0.6059800982475281,0.509102463722229,0.20564131438732147,0.4938421845436096,0.6388053894042969,0.5710669755935669,-0.06693358719348907,0.9283608794212341,0.6116434335708618,0.5241981148719788,0.21197199821472168,0.577126145362854,0.6059901714324951,0.5905611515045166,-0.11836493015289307,0.9257178902626038,0.5768271684646606,0.5255500078201294,0.19035319983959198,0.5895902514457703
49,0.5446542501449585,0.27604061365127563,-0.06922204047441483,0.997577428817749,0.5419082641601562,0.26715904474258423,-0.08685274422168732,0.9984073042869568,0.5425347089767456,0.26628127694129944,-0.08687406033277512,0.998396098613739,0.5432395339012146,0.2652897834777832,-0.08688205480575562,0.9987903237342834,0.5415067076683044,0.26698264479637146,-0.06492627412080765,0.997793972492218,0.541788637638092,0.2661801874637604,-0.06494501233100891,0.9973514676094055,0.5421259999275208,0.2653157711029053,-0.06501998752355576,0.9974609017372131,0.5499686002731323,0.2573398947715759,-0.1378771960735321,0.9986167550086975,0.548626720905304,0.25738969445228577,-0.04107465222477913,0.996391236782074,0.5517686009407043,0.2779555916786194,-0.08402268588542938,0.9989368915557861,0.5513219237327576,0.2777574956417084,-0.05570433288812637,0.9979126453399658,0.5760520100593567,0.283624529838562,-0.20360460877418518,0.9999904036521912,0.586575448513031,0.2527105212211609,0.02207246422767639,0.999367356300354,0.5788944959640503,0.3584098815917969,-0.21952565014362335,0.9957363605499268,0.5988807678222656,0.29475995898246765,0.12451829016208649,0.3361499309539795,0.5559895038604736,0.42064446210861206,-0.18712183833122253,0.971418559551239,0.5903595685958862,0.32777461409568787,0.1441613882780075,0.23544929921627045,0.5501346588134766,0.4384937882423401,-0.2098398655653,0.9484781622886658,0.5893596410751343,0.3348969519138336,0.16206775605678558,0.20302562415599823,0.545822262763977,0.4370703101158142,-0.19813969731330872,0.9448155164718628,0.5837792158126831,0.33586180210113525,0.1342720091342926,0.19754953682422638,0.5483522415161133,0.4321802258491516,-0.1809631735086441,0.9029669761657715,0.5849781632423401,0.33377161622047424,0.1340888887643814,0.18664389848709106,0.6348674893379211,0.3583725690841675,-0.07070183008909225,0.9997840523719788,0.6342755556106567,0.3442787230014801,0.07072113454341888,0.998187780380249,0.6211707592010498,0.45311954617500305,-0.08682536333799362,0.9789493680000305,0.6167857050895691,0.43533581495285034,0.1340971291065216,0.364429235458374,0.6279954314231873,0.5605264902114868,-0.07070446759462357,0.9655267596244812,0.6056233048439026,0.5106566548347473,0.20398235321044922,0.48819100856781006,0.6359948515892029,0.5709199905395508,-0.07098991423845291,0.9310013651847839,0.6113322377204895,0.5260688662528992,0.2096763402223587,0.5730794668197632,0.5995875597000122,0.5813696384429932,-0.11828102171421051,0.9298052787780762,0.5761977434158325,0.5260617733001709,0.18974310159683228,0.5923383831977844
50,0.5452250838279724,0.27191969752311707,-0.0587763786315918,0.9964528679847717,0.5424972176551819,0.26272645592689514,-0.07576975971460342,0.9977381229400635,0.5430864095687866,0.2617432177066803,-0.07579710334539413,0.9976648688316345,0.5437695980072021,0.2606876492500305,-0.07580980658531189,0.9982761740684509,0.5421914458274841,0.2625461518764496,-0.05383152514696121,0.9969921112060547,0.5424990057945251,0.2616214454174042,-0.05385392904281616,0.9964922666549683,0.5428719520568848,0.2606152892112732,-0.053937364369630814,0.996753990650177,0.5505190491676331,0.25290217995643616,-0.12621697783470154,0.9979371428489685,0.549537718296051,0.25230681896209717,-0.02917616441845894,0.9953356981277466,0.5520836114883423,0.27338892221450806,-0.0730864554643631,0.9984583854675293,0.5518380999565125,0.27307987213134766,-0.044771742075681686,0.997143566608429,0.5781558752059937,0.2804641127586365,-0.1856420934200287,0.9999868869781494,0.5879327654838562,0.25057169795036316,0.03759370371699333,0.9992461800575256,0.5847161412239075,0.35308709740638733,-0.20742294192314148,0.995051920413971,0.6012223958969116,0.2958342134952545,0.1348404586315155,0.30443987250328064,0.5596535205841064,0.4121619760990143,-0.1757834255695343,0.9686461091041565,0.5848052501678467,0.32441648840904236,0.14725983142852783,0.21501478552818298,0.5538896322250366,0.43036317825317383,-0.1971118152141571,0.9450163245201111,0.5829013586044312,0.332346647977829,0.16332659125328064,0.18721812963485718,0.5496553182601929,0.4276752471923828,-0.18560826778411865,0.9412869811058044,0.5794259309768677,0.3327999413013458,0.13486753404140472,0.18236598372459412,0.5520539879798889,0.4224562346935272,-0.16935418546199799,0.8955597281455994,0.5822970271110535,0.3293319344520569,0.13724510371685028,0.17274239659309387,0.6350424885749817,0.35777345299720764,-0.07141828536987305,0.9997751116752625,0.6344988346099854,0.34347954392433167,0.07142568379640579,0.9981181621551514,0.6214392185211182,0.45090314745903015,-0.09533069282770157,0.9768078327178955,0.6170080900192261,0.43415918946266174,0.1226750835776329,0.34873053431510925,0.6279975175857544,0.5596386790275574,-0.07946912944316864,0.966279923915863,0.6059603095054626,0.511168360710144,0.18503162264823914,0.47909054160118103,0.6354113221168518,0.5685473084449768,-0.07989630103111267,0.9323174357414246,0.611691951751709,0.5266718864440918,0.18976990878582,0.566624641418457,0.6040927767753601,0.5865909457206726,-0.1260613054037094,0.9323905110359192,0.5764768719673157,0.5264119505882263,0.16909366846084595,0.5898189544677734
51,0.545393168926239,0.2646797299385071,-0.12308766692876816,0.9948179721832275,0.5428431034088135,0.25553229451179504,-0.13965484499931335,0.9967307448387146,0.5435452461242676,0.2543784976005554,-0.13967828452587128,0.9966307878494263,0.5443565845489502,0.25305405259132385,-0.13970717787742615,0.9975452423095703,0.5423077344894409,0.2559479773044586,-0.11521963775157928,0.9955159425735474,0.5427275896072388,0.25518834590911865,-0.11526142060756683,0.9949690699577332,0.5432022213935852,0.2542412579059601,-0.11535026133060455,0.9954748749732971,0.5513834357261658,0.24558661878108978,-0.17670948803424835,0.9968418478965759,0.549933135509491,0.24550606310367584,-0.06853432953357697,0.9933950304985046,0.5529600977897644,0.26554685831069946,-0.1337067037820816,0.9979389905929565,0.5520584583282471,0.26592740416526794,-0.10219274461269379,0.995970606803894,0.5846309065818787,0.2743312418460846,-0.21239876747131348,0.9999812841415405,0.5856241583824158,0.2501501739025116,0.02336835488677025,0.9990950226783752,0.5900306105613708,0.3502730429172516,-0.23741415143013,0.9931068420410156,0.594803512096405,0.2980899214744568,0.10515622794628143,0.27638378739356995,0.5628656148910522,0.40584543347358704,-0.22903427481651306,0.9644808173179626,0.5816159844398499,0.3239348232746124,0.10454536974430084,0.1972842812538147,0.5574069619178772,0.4213792681694031,-0.25785133242607117,0.9406738877296448,0.5796661376953125,0.3307271897792816,0.11498214304447174,0.17395338416099548,0.5527064800262451,0.41811320185661316,-0.2497754991054535,0.9371895790100098,0.5760143995285034,0.3268459141254425,0.08921526372432709,0.1697557121515274,0.5546208620071411,0.41358619928359985,-0.2253721058368683,0.8870660662651062,0.57648104429245,0.3252156376838684,0.09451877325773239,0.16129279136657715,0.6367743611335754,0.35559508204460144,-0.07183466851711273,0.999760091304779,0.6313305497169495,0.34141770005226135,0.07185310870409012,0.997966468334198,0.6218574643135071,0.44870054721832275,-0.11193142831325531,0.9738767743110657,0.6156269311904907,0.4338286817073822,0.11322478204965591,0.3354208469390869,0.6280572414398193,0.5574381351470947,-0.08357778191566467,0.967674970626831,0.604962170124054,0.5092815160751343,0.19288015365600586,0.4704858064651489,0.6352547407150269,0.5663368701934814,-0.08363547176122665,0.9347997307777405,0.6104636788368225,0.5240541100502014,0.19879232347011566,0.5610101819038391,0.6051100492477417,0.5877737402915955,-0.14119908213615417,0.935853898525238,0.5764301419258118,0.5262745022773743,0.1722465306520462,0.5891626477241516
52,0.5472050905227661,0.2595368027687073,-0.11202716827392578,0.9930967688560486,0.5448887348175049,0.2505609095096588,-0.1287684589624405,0.9955446124076843,0.5456602573394775,0.24945908784866333,-0.12878641486167908,0.9953433275222778,0.5464652180671692,0.248290553689003,-0.12881720066070557,0.9965870976448059,0.5440027117729187,0.25085484981536865,-0.1045398861169815,0.9937959313392639,0.5442335605621338,0.24998924136161804,-0.10458482801914215,0.9932118058204651,0.5444890260696411,0.24893203377723694,-0.10467127710580826,0.9939950108528137,0.5540562272071838,0.24021963775157928,-0.16707921028137207,0.9954344034194946,0.5518392324447632,0.23971718549728394,-0.05944900959730148,0.9909833669662476,0.5546490550041199,0.26079556345939636,-0.12327214330434799,0.9972650408744812,0.5532428622245789,0.26109781861305237,-0.09195307642221451,0.9945846199989319,0.5886803865432739,0.2662634551525116,-0.20376022160053253,0.9999703168869019,0.5831341743469238,0.250195175409317,0.027498852461576462,0.9988566040992737,0.5956717729568481,0.34188956022262573,-0.22815337777137756,0.9892469644546509,0.5903236269950867,0.2983461022377014,0.10959042608737946,0.2510181665420532,0.567435085773468,0.39544355869293213,-0.21424786746501923,0.9546091556549072,0.5742801427841187,0.3183346390724182,0.11428278684616089,0.18225674331188202,0.5617692470550537,0.4110408127307892,-0.23984773457050323,0.9295806884765625,0.5721930265426636,0.3194971978664398,0.12478548288345337,0.16341735422611237,0.5571082830429077,0.4076313078403473,-0.23317401111125946,0.9265035390853882,0.5711373090744019,0.3217131495475769,0.10111752897500992,0.15998901426792145,0.5591088533401489,0.40290743112564087,-0.21080747246742249,0.870021641254425,0.5713894367218018,0.32071033120155334,0.10503383725881577,0.15267875790596008,0.6367018222808838,0.3534674346446991,-0.07191052287817001,0.9997479915618896,0.6258985996246338,0.3421459496021271,0.07196775823831558,0.9978668093681335,0.6221692562103271,0.44373685121536255,-0.12275546789169312,0.9720008373260498,0.6088758111000061,0.427924782037735,0.10468079894781113,0.32648375630378723,0.6280919313430786,0.5521456003189087,-0.09148533642292023,0.9688528776168823,0.5995891094207764,0.5020497441291809,0.18697479367256165,0.46578627824783325,0.6350287199020386,0.5615341663360596,-0.0910264179110527,0.9363375306129456,0.6046493649482727,0.5164092779159546,0.19316057860851288,0.5575071573257446,0.6091813445091248,0.5821918845176697,-0.147100031375885,0.93855881690979,0.5724219083786011,0.520106852054596,0.1680050790309906,0.5884798765182495
53,0.5507628321647644,0.2538233995437622,-0.10090543329715729,0.9923296570777893,0.5481870770454407,0.24495024979114532,-0.11408282816410065,0.9948759078979492,0.5488091111183167,0.24398227035999298,-0.11411494016647339,0.9945762753486633,0.5494118332862854,0.24296678602695465,-0.11419202387332916,0.9960147142410278,0.5474060773849487,0.24484966695308685,-0.08073534071445465,0.9930087924003601,0.5475518703460693,0.2438385784626007,-0.08075711876153946,0.9924348592758179,0.5476991534233093,0.24269112944602966,-0.08081203699111938,0.9934435486793518,0.5568126440048218,0.23544172942638397,-0.1397233009338379,0.9947429895401001,0.5553066730499268,0.2343711256980896,-0.022970352321863174,0.9898850917816162,0.5576853156089783,0.25521788001060486,-0.10528746992349625,0.9969721436500549,0.5563794374465942,0.2553662955760956,-0.06497040390968323,0.9941565990447998,0.5901782512664795,0.26105228066444397,-0.18118731677532196,0.9999635219573975,0.5852758884429932,0.24748393893241882,0.059957921504974365,0.9987743496894836,0.5925483703613281,0.336423397064209,-0.20598630607128143,0.987021803855896,0.5893154740333557,0.2988394796848297,0.11368731409311295,0.22933809459209442,0.5694981217384338,0.38241246342658997,-0.19464227557182312,0.9484914541244507,0.5758481621742249,0.320974200963974,0.08261893689632416,0.16985385119915009,0.563775897026062,0.3972269296646118,-0.22857102751731873,0.922370433807373,0.5705597400665283,0.32632187008857727,0.08806227892637253,0.15491719543933868,0.5592314004898071,0.39350029826164246,-0.2243761569261551,0.9192926287651062,0.5661420822143555,0.328106552362442,0.0638730525970459,0.1522325873374939,0.5612586736679077,0.3880802392959595,-0.19319374859333038,0.8586505055427551,0.5671853423118591,0.32625916600227356,0.07168205827474594,0.14593759179115295,0.6365255117416382,0.3541678488254547,-0.07217466086149216,0.9997144341468811,0.6270512938499451,0.34259912371635437,0.0722884088754654,0.9976781606674194,0.6218303442001343,0.4448620080947876,-0.11215285956859589,0.9706989526748657,0.6107311844825745,0.42789915204048157,0.1119115948677063,0.3167700171470642,0.627651572227478,0.5520651936531067,-0.07540766894817352,0.969443142414093,0.6011518239974976,0.5044026970863342,0.187468022108078,0.46289387345314026,0.6338104605674744,0.5602285265922546,-0.07454083114862442,0.9371676445007324,0.606428861618042,0.5192602276802063,0.19299709796905518,0.5576605200767517,0.6095544099807739,0.5839920043945312,-0.12660732865333557,0.9404475688934326,0.5728054642677307,0.5217909812927246,0.17052264511585236,0.5923584699630737
54,0.5526173710823059,0.2473725825548172,-0.08738283812999725,0.9926030039787292,0.5505509972572327,0.23822860419750214,-0.10260827839374542,0.9949415326118469,0.5511596202850342,0.23720258474349976,-0.10263276100158691,0.9946250319480896,0.5517715811729431,0.23611457645893097,-0.10266462713479996,0.9960372447967529,0.5498605966567993,0.23827233910560608,-0.07566139101982117,0.9931444525718689,0.5500265955924988,0.2373104989528656,-0.07568030804395676,0.9926279783248901,0.5502200722694397,0.23620671033859253,-0.07574570924043655,0.9936550855636597,0.5598489046096802,0.2289571911096573,-0.1378151923418045,0.9947299361228943,0.5583925843238831,0.2286512553691864,-0.021930016577243805,0.9898513555526733,0.5596519708633423,0.2495720088481903,-0.0980624407529831,0.9970901608467102,0.5584836006164551,0.24998679757118225,-0.06333062052726746,0.9943386912345886,0.5983790755271912,0.2548767924308777,-0.18138675391674042,0.9999608993530273,0.5822551250457764,0.249943807721138,0.05742780491709709,0.9987999796867371,0.6100617051124573,0.32422351837158203,-0.20606020092964172,0.9865844249725342,0.5848666429519653,0.30975401401519775,0.0935492068529129,0.21724684536457062,0.5764635801315308,0.3659382462501526,-0.19668933749198914,0.9474837779998779,0.5703095197677612,0.35103410482406616,0.029803022742271423,0.16832824051380157,0.5686756372451782,0.37954995036125183,-0.22490116953849792,0.92027747631073,0.5707626342773438,0.3581976294517517,0.029010409489274025,0.15564829111099243,0.5646512508392334,0.3755456507205963,-0.21817812323570251,0.9174086451530457,0.5621494054794312,0.3586457073688507,0.004649240057915449,0.15419429540634155,0.5674861073493958,0.37023410201072693,-0.1937861293554306,0.8553439378738403,0.5643516182899475,0.355672687292099,0.017433660104870796,0.1490488350391388,0.6375781297683716,0.3526943325996399,-0.07207988202571869,0.9996873736381531,0.6238735914230347,0.34354960918426514,0.07217853516340256,0.997582197189331,0.6213685274124146,0.4456769824028015,-0.1125166267156601,0.968551754951477,0.6105072498321533,0.42835748195648193,0.11369552463293076,0.307196706533432,0.6276594996452332,0.5505587458610535,-0.07117962092161179,0.9691241979598999,0.5994911789894104,0.5049431920051575,0.19966712594032288,0.457722544670105,0.6333697438240051,0.5596991181373596,-0.07209496200084686,0.9359723329544067,0.6037421226501465,0.5192753076553345,0.20609502494335175,0.554693877696991,0.6107212901115417,0.5777572393417358,-0.11967222392559052,0.9415004849433899,0.5713955163955688,0.5168545246124268,0.18115225434303284,0.5965195894241333
55,0.5546551942825317,0.2416582703590393,-0.08150594681501389,0.9928218126296997,0.5530472993850708,0.23219147324562073,-0.10011132806539536,0.994937539100647,0.5536733865737915,0.23117056488990784,-0.10014430433511734,0.9946099519729614,0.5542986989021301,0.23008275032043457,-0.10017162561416626,0.9960035681724548,0.5524402260780334,0.23228344321250916,-0.07292484492063522,0.99324631690979,0.552669882774353,0.23132441937923431,-0.07293199747800827,0.9928076267242432,0.5529506206512451,0.2302234172821045,-0.07296635210514069,0.9938404560089111,0.5627881288528442,0.22369177639484406,-0.13107715547084808,0.9946799874305725,0.5616819262504578,0.2234330177307129,-0.015476671047508717,0.9897868037223816,0.5615624785423279,0.24437996745109558,-0.09485652297735214,0.997157096862793,0.560653030872345,0.2450076937675476,-0.06045039743185043,0.9944524765014648,0.6007987260818481,0.251542329788208,-0.1752806007862091,0.9999567270278931,0.5835678577423096,0.24802236258983612,0.05951855331659317,0.9988037943840027,0.6157134771347046,0.31608355045318604,-0.1939263641834259,0.9854487776756287,0.5892144441604614,0.3082665503025055,0.09731416404247284,0.20351511240005493,0.5802741646766663,0.3525533378124237,-0.1708606779575348,0.9441081881523132,0.578618586063385,0.3466607332229614,0.043985262513160706,0.16262182593345642,0.5738435387611389,0.36593687534332275,-0.1949659287929535,0.914939820766449,0.5747084617614746,0.3563977777957916,0.044796377420425415,0.15222133696079254,0.570172131061554,0.36188820004463196,-0.18834835290908813,0.9121299982070923,0.5702685713768005,0.35575103759765625,0.021927807480096817,0.15158489346504211,0.5731820464134216,0.35588538646698,-0.16747896373271942,0.8474448323249817,0.5719732046127319,0.35295331478118896,0.03260502219200134,0.1476178616285324,0.6375608444213867,0.3512881398200989,-0.07179820537567139,0.9996579885482788,0.6239669919013977,0.34356382489204407,0.07188424468040466,0.9975182414054871,0.6202826499938965,0.4408429265022278,-0.10780908167362213,0.9674186110496521,0.6111267805099487,0.4277525246143341,0.11765937507152557,0.3024299144744873,0.6265138387680054,0.5438922047615051,-0.051407478749752045,0.9693270921707153,0.5982764959335327,0.5048494935035706,0.19972781836986542,0.46017345786094666,0.6294254660606384,0.5548906326293945,-0.04919877648353577,0.9351396560668945,0.6026901006698608,0.5194931626319885,0.2055731564760208,0.5554837584495544,0.6007985472679138,0.566419243812561,-0.09740911424160004,0.9431754350662231,0.5703600645065308,0.5184854865074158,0.18070797622203827,0.605824887752533
56,0.5585785508155823,0.23591820895671844,-0.08413344621658325,0.9932381510734558,0.557604193687439,0.22610239684581757,-0.0999554917216301,0.9951626062393188,0.5583825707435608,0.22502803802490234,-0.0999826192855835,0.9948726892471313,0.5591793060302734,0.22389179468154907,-0.10001559555530548,0.9961718320846558,0.5566617250442505,0.22646133601665497,-0.07487940043210983,0.9935616254806519,0.556799054145813,0.22562114894390106,-0.07489251345396042,0.9931962490081787,0.5570050477981567,0.22465427219867706,-0.07493710517883301,0.9941421151161194,0.5673609375953674,0.21817417442798615,-0.1312006115913391,0.9949631690979004,0.5657946467399597,0.21854494512081146,-0.01855921559035778,0.990058958530426,0.5652194619178772,0.2388027161359787,-0.09474816918373108,0.9973157048225403,0.5639697313308716,0.23990197479724884,-0.06226927787065506,0.9947051405906677,0.6023011803627014,0.24805019795894623,-0.17265206575393677,0.9999524354934692,0.5846256613731384,0.24792006611824036,0.056168489158153534,0.9987689256668091,0.6121625900268555,0.31128960847854614,-0.18777358531951904,0.9837849736213684,0.5891097187995911,0.30635306239128113,0.06459175050258636,0.18912993371486664,0.5819411277770996,0.342453271150589,-0.15591643750667572,0.9372904300689697,0.5787414908409119,0.33590781688690186,-0.02508864738047123,0.15610730648040771,0.5764468908309937,0.354362428188324,-0.17843139171600342,0.9062803983688354,0.5757180452346802,0.34114065766334534,-0.030847620218992233,0.1496378481388092,0.5725550651550293,0.34911662340164185,-0.17386361956596375,0.903606116771698,0.572757363319397,0.33702051639556885,-0.05017524212598801,0.14975586533546448,0.5751673579216003,0.34440863132476807,-0.15300080180168152,0.8363249897956848,0.5740782022476196,0.33538109064102173,-0.03606148436665535,0.14667727053165436,0.6374955773353577,0.3519430160522461,-0.07068581879138947,0.9996518492698669,0.624538779258728,0.34629330039024353,0.07076527923345566,0.9975512623786926,0.6202839016914368,0.440794974565506,-0.10418660938739777,0.9682523608207703,0.6093640327453613,0.42722728848457336,0.11997298896312714,0.30618417263031006,0.6251803636550903,0.5444919466972351,-0.05049831420183182,0.9709609150886536,0.598437488079071,0.5001276135444641,0.20242197811603546,0.47813424468040466,0.6267350316047668,0.5552927255630493,-0.048794958740472794,0.9370618462562561,0.6027551889419556,0.5145910382270813,0.2084342986345291,0.5677745342254639,0.5974090099334717,0.5616272687911987,-0.10059748589992523,0.9464490413665771,0.5709283947944641,0.5149329900741577,0.18271775543689728,0.6249901652336121
57,0.5619118213653564,0.2313416451215744,-0.07549408078193665,0.9936092495918274,0.5612298250198364,0.22133606672286987,-0.0913330689072609,0.9953782558441162,0.5620913505554199,0.22043226659297943,-0.0913534164428711,0.9951029419898987,0.5629432201385498,0.21947850286960602,-0.09139857441186905,0.9962877035140991,0.5603069067001343,0.22147461771965027,-0.06687422096729279,0.9938886165618896,0.5605666041374207,0.22064921259880066,-0.06689922511577606,0.993598222732544,0.5609062910079956,0.21968919038772583,-0.0669436827301979,0.9944840669631958,0.5713145136833191,0.2141764611005783,-0.12390998750925064,0.9952242970466614,0.5699526071548462,0.21407221257686615,-0.015613350085914135,0.9905905723571777,0.5684074759483337,0.23509737849235535,-0.08532482385635376,0.9974181652069092,0.5672445297241211,0.23585520684719086,-0.05382903292775154,0.9949580430984497,0.6027411222457886,0.24805207550525665,-0.16033022105693817,0.9999256730079651,0.5852116346359253,0.24569171667099,0.05574888736009598,0.998776376247406,0.6097803115844727,0.3167016804218292,-0.14176210761070251,0.9670107364654541,0.5885211229324341,0.3030123710632324,0.06917643547058105,0.17662672698497772,0.5844732522964478,0.3343844711780548,-0.057615719735622406,0.8895905613899231,0.5808311700820923,0.3236890137195587,0.004304429050534964,0.14744101464748383,0.5803542733192444,0.34308287501335144,-0.0677194744348526,0.8601545691490173,0.5784367918968201,0.33572712540626526,0.0029704072512686253,0.14397595822811127,0.5768296718597412,0.3352985978126526,-0.06799636781215668,0.8579055666923523,0.5747414231300354,0.3254489302635193,-0.013513254001736641,0.144617959856987,0.579316258430481,0.3308899700641632,-0.055147357285022736,0.7909290790557861,0.5760558843612671,0.32469695806503296,-0.004679822828620672,0.14280197024345398,0.6367903351783752,0.35343125462532043,-0.06747739017009735,0.9996172785758972,0.623324453830719,0.3494017422199249,0.06754209101200104,0.9975601434707642,0.6214249134063721,0.44232234358787537,-0.10936516523361206,0.9672457575798035,0.609520435333252,0.42571359872817993,0.09512080252170563,0.3096980154514313,0.6237260699272156,0.5455848574638367,-0.06923431158065796,0.9706858992576599,0.5973373651504517,0.5014382600784302,0.16043779253959656,0.488500714302063,0.6262309551239014,0.5572081804275513,-0.06836547702550888,0.9343103766441345,0.601253867149353,0.5161932110786438,0.16466565430164337,0.5706447958946228,0.5957791805267334,0.5653403401374817,-0.11896558851003647,0.9468940496444702,0.5709647536277771,0.5165932178497314,0.13912424445152283,0.6360329389572144
58,0.5655083060264587,0.22715964913368225,-0.04559633880853653,0.9940847754478455,0.5650439262390137,0.21656842529773712,-0.06248585507273674,0.9956907629966736,0.5659596920013428,0.21580763161182404,-0.06249884516000748,0.9954338073730469,0.5668842196464539,0.2149890810251236,-0.06251972913742065,0.9965018033981323,0.564268171787262,0.2166081964969635,-0.038809917867183685,0.9943485856056213,0.5646759867668152,0.21587324142456055,-0.0388309583067894,0.9941039681434631,0.5651549100875854,0.2150270789861679,-0.038884345442056656,0.9949264526367188,0.5759163498878479,0.2102610170841217,-0.10389436781406403,0.9955565929412842,0.5745290517807007,0.20971637964248657,0.0015165270306169987,0.9913408756256104,0.5717578530311584,0.23121671378612518,-0.05899758264422417,0.997553288936615,0.5708389282226562,0.2318388670682907,-0.028358567506074905,0.9953085780143738,0.6047672033309937,0.24557965993881226,-0.14570443332195282,0.9998869299888611,0.5908116102218628,0.24188391864299774,0.05934185907244682,0.9988262057304382,0.6035314798355103,0.3161110281944275,-0.12322308868169785,0.9542211294174194,0.5892098546028137,0.30219581723213196,0.06209271401166916,0.168008491396904,0.586992621421814,0.33303794264793396,-0.030102599412202835,0.8469092845916748,0.5806772708892822,0.32448962330818176,-0.005841657053679228,0.14096683263778687,0.581976056098938,0.3399204611778259,-0.03900144621729851,0.8169786334037781,0.5798800587654114,0.33653393387794495,-0.008401526138186455,0.13959163427352905,0.5794644355773926,0.3292694389820099,-0.03857892006635666,0.815243124961853,0.5753997564315796,0.32720673084259033,-0.02325783669948578,0.14074236154556274,0.5817223191261292,0.3266417682170868,-0.02733500674366951,0.7498576045036316,0.577679455280304,0.3245273232460022,-0.014397312887012959,0.13990268111228943,0.6343353986740112,0.3551340401172638,-0.06402155011892319,0.9994599223136902,0.6237704157829285,0.3509254455566406,0.06406257301568985,0.9974845051765442,0.6210706830024719,0.4400235116481781,-0.09667913615703583,0.9626959562301636,0.6095402240753174,0.42733681201934814,0.10084043443202972,0.31359168887138367,0.6200402975082397,0.5335417985916138,-0.053342003375291824,0.9667887687683105,0.6019546389579773,0.5053321719169617,0.16615965962409973,0.495663583278656,0.6247605681419373,0.5483962893486023,-0.051484208554029465,0.9277300238609314,0.6063307523727417,0.5191839337348938,0.17062681913375854,0.5712430477142334,0.5954152941703796,0.5560790300369263,-0.09033942222595215,0.9441279768943787,0.579212486743927,0.5242646932601929,0.1479800045490265,0.6406422257423401
59,0.5710613131523132,0.22395041584968567,-0.10618706047534943,0.9943467974662781,0.5711263418197632,0.2133554369211197,-0.122148297727108,0.9957996606826782,0.5722543597221375,0.21260768175125122,-0.12217868864536285,0.9955899715423584,0.5734292268753052,0.21177519857883453,-0.12223075330257416,0.9965410232543945,0.5697625875473022,0.21353884041309357,-0.09816156327724457,0.9944920539855957,0.5699697732925415,0.21293164789676666,-0.0981961339712143,0.9943116307258606,0.5702260136604309,0.21220488846302032,-0.09825699776411057,0.9950595498085022,0.5826109051704407,0.2076161950826645,-0.14758571982383728,0.9957553148269653,0.5800580978393555,0.20718662440776825,-0.04129182547330856,0.9916173219680786,0.5773502588272095,0.22804221510887146,-0.11265242099761963,0.9976098537445068,0.5757586359977722,0.22872065007686615,-0.08185049146413803,0.9954460859298706,0.6140500903129578,0.244841530919075,-0.15832075476646423,0.9998533129692078,0.594497561454773,0.2416519671678543,0.034129783511161804,0.9988306760787964,0.6062228083610535,0.3173685073852539,-0.15447655320167542,0.9437071681022644,0.5900471210479736,0.2987387776374817,0.04536811262369156,0.16110682487487793,0.5902007818222046,0.3296819031238556,-0.08300036936998367,0.813685417175293,0.5816637277603149,0.31763699650764465,-0.02908090129494667,0.136871337890625,0.5837888717651367,0.33477863669395447,-0.09529587626457214,0.7830748558044434,0.5806684494018555,0.321130633354187,-0.03448450565338135,0.137966126203537,0.5809993147850037,0.3246936500072479,-0.09609932452440262,0.7814623117446899,0.5775506496429443,0.3164743483066559,-0.0498371459543705,0.13962382078170776,0.5839020013809204,0.32224366068840027,-0.08070920407772064,0.7156493067741394,0.5809876918792725,0.3140454590320587,-0.03793824091553688,0.13984526693820953,0.6336339712142944,0.3579293191432953,-0.0630149096250534,0.9993337392807007,0.6215977668762207,0.35289886593818665,0.06308707594871521,0.9973188638687134,0.6216644048690796,0.44115182757377625,-0.09130872786045074,0.9487012624740601,0.6097064018249512,0.4321172833442688,0.08725905418395996,0.3113861680030823,0.6205523610115051,0.5377539396286011,-0.044388528913259506,0.9613947868347168,0.6088224649429321,0.5101196765899658,0.16341614723205566,0.4922979772090912,0.6245030760765076,0.5488158464431763,-0.043055810034275055,0.9183799028396606,0.6133133172988892,0.5235133767127991,0.16848285496234894,0.5658245086669922,0.5967802405357361,0.5607367753982544,-0.09587916731834412,0.9383776187896729,0.5886009931564331,0.5292887091636658,0.1315273642539978,0.6362011432647705
60,0.5755247473716736,0.22089427709579468,-0.09472431242465973,0.994732141494751,0.5758513808250427,0.21045662462711334,-0.10996372997760773,0.9960174560546875,0.5770300626754761,0.20978589355945587,-0.1099921464920044,0.9958434700965881,0.5782394409179688,0.20903895795345306,-0.11003243923187256,0.9966930150985718,0.5744930505752563,0.21054592728614807,-0.08614481985569,0.9948043823242188,0.5747008919715881,0.2099679857492447,-0.08617065101861954,0.994663655757904,0.5749425292015076,0.20927977561950684,-0.08623898029327393,0.9953407645225525,0.5878926515579224,0.20554055273532867,-0.1428806185722351,0.9960024356842041,0.5848017930984497,0.20514075458049774,-0.03512825816869736,0.9920221567153931,0.5821007490158081,0.22541171312332153,-0.10201265662908554,0.9977288246154785,0.5802656412124634,0.22595061361789703,-0.07133878022432327,0.9956591725349426,0.6228089928627014,0.2429903894662857,-0.15461185574531555,0.9998238682746887,0.5964633226394653,0.24072666466236115,0.038945190608501434,0.998825192451477,0.6136857867240906,0.3163439929485321,-0.15279214084148407,0.9358932375907898,0.5907770395278931,0.296259343624115,0.022514093667268753,0.15555328130722046,0.593855082988739,0.32751551270484924,-0.10064829885959625,0.7913248538970947,0.5844699144363403,0.3154521584510803,-0.09876112639904022,0.13885970413684845,0.5869666934013367,0.3322735130786896,-0.11567660421133041,0.7606599926948547,0.5818401575088501,0.321358859539032,-0.11265341937541962,0.14341621100902557,0.5843008756637573,0.32299402356147766,-0.11605127900838852,0.7590348720550537,0.5806558728218079,0.31716930866241455,-0.12713918089866638,0.14576709270477295,0.5865830779075623,0.31983405351638794,-0.09874328225851059,0.6925787329673767,0.5841184854507446,0.31475135684013367,-0.10876276344060898,0.1469566375017166,0.633522629737854,0.3584434688091278,-0.06308535486459732,0.9993039965629578,0.6186580657958984,0.3538249135017395,0.06315317749977112,0.9972712397575378,0.6225360035896301,0.4425320029258728,-0.09367398917675018,0.9495222568511963,0.6076728105545044,0.4297071099281311,0.09924954175949097,0.31719228625297546,0.620620846748352,0.5403819680213928,-0.08204347640275955,0.9626485705375671,0.6077398061752319,0.5073903203010559,0.17287996411323547,0.49437427520751953,0.6253465414047241,0.5504633784294128,-0.08458525687456131,0.9172675609588623,0.6125115156173706,0.5207890868186951,0.17880180478096008,0.5609313249588013,0.5975261926651001,0.5637919306755066,-0.15282300114631653,0.9403908252716064,0.58650141954422,0.5277726054191589,0.15033265948295593,0.639577329158783
61,0.5806624293327332,0.2183927744626999,-0.10657385736703873,0.9949900507926941,0.5813037157058716,0.20822174847126007,-0.12070582807064056,0.996059000492096,0.5826467871665955,0.20741048455238342,-0.1207345724105835,0.9959416389465332,0.5840150713920593,0.20652292668819427,-0.12077558040618896,0.9966892004013062,0.5796212553977966,0.20847199857234955,-0.09683535993099213,0.9948234558105469,0.5796679258346558,0.20793630182743073,-0.09686005860567093,0.994733989238739,0.5797399282455444,0.2073054164648056,-0.0969180092215538,0.9953463077545166,0.5943911075592041,0.20278503000736237,-0.14296701550483704,0.9961289763450623,0.5898915529251099,0.20326422154903412,-0.03650908172130585,0.9919724464416504,0.5874484777450562,0.2234555333852768,-0.11147002875804901,0.9977757334709167,0.5851401090621948,0.2239389270544052,-0.0808335691690445,0.9957239627838135,0.6291784048080444,0.24196738004684448,-0.15983809530735016,0.9998066425323486,0.5993212461471558,0.23930078744888306,0.03322982043027878,0.998828649520874,0.6277503967285156,0.3117539584636688,-0.17206276953220367,0.9391649961471558,0.5908786058425903,0.2887713313102722,0.020222872495651245,0.15722954273223877,0.5981507897377014,0.32643353939056396,-0.15345241129398346,0.8002336025238037,0.58631432056427,0.3138691782951355,-0.09589110314846039,0.1472177654504776,0.5900512933731079,0.3305642008781433,-0.17572510242462158,0.7674160599708557,0.5834463238716125,0.32335662841796875,-0.11042632907629013,0.1539139449596405,0.5868099927902222,0.32127535343170166,-0.17480476200580597,0.7659851908683777,0.5824598073959351,0.3161727488040924,-0.12730365991592407,0.1573428362607956,0.5896415114402771,0.31914836168289185,-0.15207716822624207,0.6991496086120605,0.5856386423110962,0.3133251965045929,-0.10681509971618652,0.15938538312911987,0.6332595944404602,0.3596285283565521,-0.06214766949415207,0.9989920258522034,0.6173338890075684,0.35520046949386597,0.06221649795770645,0.996901273727417,0.6207648515701294,0.44073885679244995,-0.07466824352741241,0.9398407340049744,0.6088262796401978,0.43540510535240173,0.0887027233839035,0.31895971298217773,0.6201437711715698,0.5263206362724304,-0.01563512347638607,0.9568031430244446,0.616974949836731,0.5129191875457764,0.16727446019649506,0.49737289547920227,0.6255455017089844,0.5376798510551453,-0.012690810486674309,0.9080644845962524,0.6229169964790344,0.5249016284942627,0.172474667429924,0.5640837550163269,0.5974723100662231,0.5532310009002686,-0.0701746791601181,0.9348330497741699,0.5988149046897888,0.5355373620986938,0.1286829710006714,0.639835774898529
62,0.5860331058502197,0.21598270535469055,-0.1169959083199501,0.9953896403312683,0.5872122645378113,0.20584675669670105,-0.13107895851135254,0.996288001537323,0.5886991024017334,0.20486049354076385,-0.13111841678619385,0.9962068796157837,0.5902551412582397,0.20379774272441864,-0.13119080662727356,0.9968758225440979,0.5851050615310669,0.2063860297203064,-0.10789692401885986,0.995111346244812,0.5849655866622925,0.20588304102420807,-0.10789690911769867,0.9950425028800964,0.5848535895347595,0.2053183913230896,-0.10794655978679657,0.9955743551254272,0.6005434989929199,0.20009799301624298,-0.1464512199163437,0.9964262843132019,0.5940257906913757,0.20147483050823212,-0.042739417403936386,0.9924184679985046,0.5927289724349976,0.22122634947299957,-0.11921893060207367,0.9979535937309265,0.5898798108100891,0.221438467502594,-0.08939964324235916,0.9960170388221741,0.6359465718269348,0.2398226410150528,-0.15962669253349304,0.9998157024383545,0.5997209548950195,0.23654937744140625,0.028745094314217567,0.9988707900047302,0.6429059505462646,0.3090392053127289,-0.1707456409931183,0.9435061812400818,0.593291163444519,0.28605321049690247,0.017272068187594414,0.16175198554992676,0.6020040512084961,0.32487305998802185,-0.14778056740760803,0.811186671257019,0.5892511606216431,0.3126412630081177,-0.09784743189811707,0.15301162004470825,0.5924580693244934,0.3292420506477356,-0.16818618774414062,0.775787889957428,0.5863050222396851,0.323865681886673,-0.1140352264046669,0.1604887843132019,0.5893107056617737,0.32001304626464844,-0.166749969124794,0.7744025588035583,0.5858731269836426,0.31777268648147583,-0.1289122849702835,0.1642707884311676,0.592174232006073,0.31811967492103577,-0.14539675414562225,0.7078701853752136,0.587949275970459,0.311730295419693,-0.1081707626581192,0.16638757288455963,0.6334104537963867,0.3629816472530365,-0.05747465416789055,0.9989714622497559,0.6119164228439331,0.36088842153549194,0.057559967041015625,0.9968563914299011,0.6232932209968567,0.456217497587204,-0.07842614501714706,0.9373335242271423,0.6068099737167358,0.442994087934494,0.09006059914827347,0.3428017795085907,0.623295247554779,0.5425127148628235,-0.025282252579927444,0.9542165398597717,0.6153762340545654,0.514690101146698,0.20205926895141602,0.4989035725593567,0.6292760372161865,0.5485965609550476,-0.02359025925397873,0.8939682841300964,0.6211581826210022,0.5252929925918579,0.2114073783159256,0.5582435131072998,0.6116695404052734,0.5722094178199768,-0.08857704699039459,0.9317628145217896,0.5988736152648926,0.5406152009963989,0.16785839200019836,0.6400471925735474
63,0.5916193723678589,0.21429304778575897,-0.10407079756259918,0.9955368041992188,0.5934986472129822,0.20426759123802185,-0.11850415170192719,0.9961413741111755,0.5950616598129272,0.20328885316848755,-0.11854495108127594,0.9961879849433899,0.596747636795044,0.20224280655384064,-0.11860810220241547,0.9967567920684814,0.5911532044410706,0.2047567218542099,-0.09552572667598724,0.9947977662086487,0.5909696221351624,0.20418541133403778,-0.09552161395549774,0.9947799444198608,0.590827226638794,0.20357324182987213,-0.09557533264160156,0.9951794743537903,0.6070903539657593,0.19885188341140747,-0.13600166141986847,0.9965835809707642,0.5995210409164429,0.20036688446998596,-0.042491935193538666,0.9922958016395569,0.5982042551040649,0.22004808485507965,-0.10927800089120865,0.9980488419532776,0.5952375531196594,0.22003546357154846,-0.07883740961551666,0.9960880875587463,0.6396841406822205,0.23950819671154022,-0.14134222269058228,0.9998226165771484,0.6024065613746643,0.23469504714012146,0.03407769277691841,0.9988820552825928,0.6475540399551392,0.30913975834846497,-0.15512433648109436,0.9471481442451477,0.5964428186416626,0.2874423563480377,0.03757399693131447,0.1585482507944107,0.6046261191368103,0.322599321603775,-0.14210748672485352,0.8216437101364136,0.5905081629753113,0.3137592673301697,-0.060975171625614166,0.15534725785255432,0.5938137769699097,0.32718122005462646,-0.16237229108810425,0.7845858931541443,0.5874856114387512,0.32383784651756287,-0.07533587515354156,0.16527843475341797,0.5906461477279663,0.3182196617126465,-0.159206822514534,0.7830486297607422,0.5870183706283569,0.3178134262561798,-0.09021005779504776,0.16942572593688965,0.593915581703186,0.3163853585720062,-0.13946539163589478,0.7170053720474243,0.5890012383460999,0.3116154968738556,-0.07104407995939255,0.17148803174495697,0.6334432363510132,0.36705586314201355,-0.050033409148454666,0.9989551901817322,0.6092345118522644,0.3670904040336609,0.05011066794395447,0.9968608021736145,0.6247581243515015,0.46214190125465393,-0.0666273832321167,0.9362393021583557,0.6057536602020264,0.4531969428062439,0.05764045566320419,0.3858387768268585,0.6245402693748474,0.5462853312492371,0.012198460288345814,0.9516436457633972,0.6206303238868713,0.5201090574264526,0.1887812316417694,0.5154215693473816,0.6292638778686523,0.5501189827919006,0.016638852655887604,0.876261830329895,0.62730872631073,0.5276801586151123,0.20280122756958008,0.5577819347381592,0.6163575649261475,0.5806283950805664,-0.05031188577413559,0.9294493198394775,0.6093181371688843,0.5507596731185913,0.15635067224502563,0.6507945656776428
64,0.5972384214401245,0.21273599565029144,-0.10790543258190155,0.995713472366333,0.599864661693573,0.20282875001430511,-0.11987970769405365,0.9961220026016235,0.6016227006912231,0.20175884664058685,-0.11995027959346771,0.9962365627288818,0.6035054922103882,0.20063120126724243,-0.12003786861896515,0.9967514872550964,0.5970808267593384,0.20339153707027435,-0.09828595817089081,0.9945724010467529,0.5967899560928345,0.20280486345291138,-0.0982666015625,0.9945318698883057,0.5965350866317749,0.20219817757606506,-0.09831570088863373,0.9948323965072632,0.6138015985488892,0.19720642268657684,-0.12822598218917847,0.9968103766441345,0.6043176651000977,0.1992136836051941,-0.04234571009874344,0.99228835105896,0.6036554574966431,0.2185387760400772,-0.10739123821258545,0.9981860518455505,0.6001957058906555,0.21845942735671997,-0.07899387180805206,0.9962823987007141,0.6444479823112488,0.2380896955728531,-0.132918119430542,0.9998360276222229,0.6045661568641663,0.2326647937297821,0.04131041839718819,0.9989030957221985,0.6534436941146851,0.3087165653705597,-0.1545220911502838,0.9516075253486633,0.6025129556655884,0.2876996695995331,0.05335629731416702,0.1513376533985138,0.6081904768943787,0.3211502730846405,-0.1524963676929474,0.836217999458313,0.5936989188194275,0.31521761417388916,-0.0417277067899704,0.15594786405563354,0.5959872007369995,0.32659444212913513,-0.17425887286663055,0.7991412281990051,0.589637815952301,0.32512223720550537,-0.05508210137486458,0.16850414872169495,0.592831015586853,0.3179055452346802,-0.1704932302236557,0.7975448369979858,0.5902450680732727,0.3194740116596222,-0.07216886430978775,0.17302869260311127,0.5963923335075378,0.3159171938896179,-0.14914634823799133,0.7335665225982666,0.5914739370346069,0.3133791983127594,-0.052321940660476685,0.1748744398355484,0.6335948705673218,0.37095725536346436,-0.04600243642926216,0.9989386200904846,0.6074279546737671,0.37049371004104614,0.04607129842042923,0.996879518032074,0.6267246603965759,0.4695574939250946,-0.058925747871398926,0.9350032210350037,0.6054142713546753,0.45807555317878723,0.024872969835996628,0.43131503462791443,0.6259862184524536,0.5510589480400085,0.056160818785429,0.9468330144882202,0.6216222643852234,0.5328924655914307,0.15279649198055267,0.5422706604003906,0.629985511302948,0.5561326742172241,0.06389381736516953,0.8523202538490295,0.6278066039085388,0.5404779314994812,0.1635379046201706,0.5654923915863037,0.6191457509994507,0.5829063653945923,-0.00894943904131651,0.9245129227638245,0.6128846406936646,0.5655308365821838,0.10635104030370712,0.6686988472938538
65,0.6040910482406616,0.21070964634418488,-0.12188071012496948,0.9960803985595703,0.607108473777771,0.20047955214977264,-0.12886840105056763,0.9964078664779663,0.6093616485595703,0.1992034763097763,-0.1289534866809845,0.9965236186981201,0.6118680834770203,0.19793443381786346,-0.12904728949069977,0.9969865083694458,0.6031198501586914,0.20177695155143738,-0.11100269854068756,0.994896650314331,0.6023911833763123,0.20145978033542633,-0.11097706854343414,0.9948054552078247,0.6017171144485474,0.2011398822069168,-0.11101067066192627,0.9950238466262817,0.6216684579849243,0.19522227346897125,-0.1133590117096901,0.9971068501472473,0.6075295805931091,0.1984141319990158,-0.0384971909224987,0.9927262663841248,0.6109323501586914,0.21619504690170288,-0.11103160679340363,0.9983568787574768,0.6059744358062744,0.21674199402332306,-0.08762317150831223,0.9966093301773071,0.6507435441017151,0.2376847267150879,-0.10740718990564346,0.9998510479927063,0.6060953140258789,0.23134851455688477,0.051379311829805374,0.9989603757858276,0.6577955484390259,0.30996260046958923,-0.12947480380535126,0.9561283588409424,0.6028311252593994,0.2883201539516449,0.05613851547241211,0.14931727945804596,0.6134248971939087,0.3204217851161957,-0.14721718430519104,0.8512880206108093,0.5957099199295044,0.3154807686805725,-0.06148020178079605,0.16714610159397125,0.6002801060676575,0.3261905014514923,-0.16882973909378052,0.8156531453132629,0.5919819474220276,0.3251396715641022,-0.08069507777690887,0.1823177933692932,0.5973584651947021,0.3167230188846588,-0.16560015082359314,0.8141708970069885,0.591476559638977,0.31732526421546936,-0.09774835407733917,0.18713803589344025,0.6010231375694275,0.3147939145565033,-0.14397263526916504,0.7542429566383362,0.5933624505996704,0.3131507635116577,-0.07291889190673828,0.18807251751422882,0.6342763900756836,0.3728025257587433,-0.03976281359791756,0.9989725947380066,0.6076828241348267,0.3709182143211365,0.03986280411481857,0.9969900250434875,0.6267491579055786,0.46957966685295105,-0.05877234414219856,0.9317250847816467,0.605859637260437,0.4584728181362152,0.02255818620324135,0.471285343170166,0.6270156502723694,0.549984335899353,0.07259969413280487,0.9378706216812134,0.6236028671264648,0.5341070890426636,0.14928171038627625,0.5708110332489014,0.6299694776535034,0.5558868050575256,0.08180795609951019,0.8296307325363159,0.6285980343818665,0.5424121022224426,0.15907156467437744,0.5794624090194702,0.6200295686721802,0.582403302192688,0.0023813475854694843,0.9158148765563965,0.6151508092880249,0.5697129964828491,0.08945164829492569,0.6856074929237366
66,0.6083275675773621,0.20838676393032074,-0.11951204389333725,0.9964478015899658,0.6117643117904663,0.1981590837240219,-0.12559294700622559,0.9967243075370789,0.6140532493591309,0.1969059258699417,-0.125667542219162,0.996830940246582,0.6165418028831482,0.195693701505661,-0.12575607001781464,0.997250497341156,0.6075684428215027,0.19953100383281708,-0.10848598182201385,0.9953098297119141,0.606769323348999,0.1992986649274826,-0.10845470428466797,0.9951925277709961,0.6059740781784058,0.19906014204025269,-0.10847119241952896,0.9953712224960327,0.6268435716629028,0.19375592470169067,-0.10171941667795181,0.9973862171173096,0.6113643646240234,0.19682154059410095,-0.030471131205558777,0.993288516998291,0.6146725416183472,0.21437646448612213,-0.10823384672403336,0.9985173344612122,0.6097143888473511,0.2149074822664261,-0.08498750627040863,0.9969305396080017,0.6555491089820862,0.23790790140628815,-0.09063033759593964,0.9998654127120972,0.6076046228408813,0.22907604277133942,0.055599819868803024,0.9990408420562744,0.6622830629348755,0.3101365864276886,-0.11100490391254425,0.9603407979011536,0.6034808158874512,0.2845512628555298,0.05702490359544754,0.15960142016410828,0.6201905608177185,0.31989866495132446,-0.14483849704265594,0.8656339645385742,0.5954358577728271,0.3136696219444275,-0.07508336752653122,0.2027513086795807,0.6055091619491577,0.3266189396381378,-0.1681644469499588,0.8325072526931763,0.5923071503639221,0.3236129581928253,-0.09886939823627472,0.2182033360004425,0.602838397026062,0.3166872262954712,-0.16621777415275574,0.831146240234375,0.5923004150390625,0.31526294350624084,-0.11725018173456192,0.2236659824848175,0.6061859130859375,0.31447988748550415,-0.14202120900154114,0.7760744094848633,0.5941483378410339,0.31179025769233704,-0.08749033510684967,0.222661092877388,0.635003924369812,0.37337031960487366,-0.03486695513129234,0.9990336894989014,0.6074718236923218,0.3703960180282593,0.03495332598686218,0.9971781969070435,0.6276661157608032,0.4706246256828308,-0.0475212000310421,0.9299229979515076,0.6058746576309204,0.46094968914985657,0.025668194517493248,0.5096079111099243,0.6271690130233765,0.5496367812156677,0.09778760373592377,0.9287198781967163,0.6217182874679565,0.5357770919799805,0.16013136506080627,0.595984697341919,0.6299111247062683,0.5560547113418579,0.10855497419834137,0.8008801937103271,0.6270650625228882,0.5447686314582825,0.16997085511684418,0.5903472304344177,0.6199467778205872,0.5817419290542603,0.0285244882106781,0.9065205454826355,0.6149164438247681,0.5677745342254639,0.10552021116018295,0.7006263136863708
67,0.6136785745620728,0.20846563577651978,-0.14572957158088684,0.9967924952507019,0.6174332499504089,0.19867807626724243,-0.15055444836616516,0.9970303177833557,0.6197230219841003,0.1977131962776184,-0.15060698986053467,0.9971276521682739,0.6222730278968811,0.19667083024978638,-0.15068039298057556,0.997505247592926,0.6129734516143799,0.1996709704399109,-0.1355431079864502,0.9957309365272522,0.6120709180831909,0.19932805001735687,-0.1355210393667221,0.9956106543540955,0.6111953854560852,0.19894570112228394,-0.13554155826568604,0.9957600831985474,0.6317113041877747,0.19489553570747375,-0.10873249918222427,0.9976412057876587,0.6160718202590942,0.19682684540748596,-0.049277935177087784,0.9938852787017822,0.6198429465293884,0.21494926512241364,-0.12883464992046356,0.998663604259491,0.6146094799041748,0.21509139239788055,-0.10925694555044174,0.9972293972969055,0.6606863737106323,0.23880772292613983,-0.09734969586133957,0.999878466129303,0.608517050743103,0.22627292573451996,0.032279208302497864,0.9991273880004883,0.6657615900039673,0.3104899823665619,-0.11919556558132172,0.9641566276550293,0.6026169061660767,0.2780129313468933,0.04797149822115898,0.19962385296821594,0.6263571381568909,0.31928279995918274,-0.17428214848041534,0.8787739276885986,0.5948585271835327,0.3096939027309418,-0.07000710815191269,0.2613583505153656,0.6119304299354553,0.327853798866272,-0.20091497898101807,0.8483518958091736,0.5921506881713867,0.31944143772125244,-0.09139095991849899,0.27354896068573,0.6083465814590454,0.3182949125766754,-0.2016744166612625,0.8471176028251648,0.592790424823761,0.3137137293815613,-0.11097177118062973,0.2793503999710083,0.6116853952407837,0.3159692585468292,-0.17322561144828796,0.7968258857727051,0.5946058630943298,0.31045499444007874,-0.08176611363887787,0.2762638330459595,0.6364575028419495,0.3749062716960907,-0.02907414175570011,0.9990894794464111,0.6076135039329529,0.37086254358291626,0.02912559174001217,0.9973723888397217,0.6292301416397095,0.47404733300209045,-0.04097970575094223,0.9313090443611145,0.6064254641532898,0.4630318582057953,0.024764975532889366,0.5504087805747986,0.6269030570983887,0.552655816078186,0.1152181625366211,0.9252271056175232,0.6201187372207642,0.543507993221283,0.16221296787261963,0.6257352232933044,0.6287908554077148,0.5583599805831909,0.1269548386335373,0.7817891240119934,0.6257418394088745,0.5525790452957153,0.1727076768875122,0.6041088700294495,0.6186411380767822,0.5901784896850586,0.04440011456608772,0.9032201170921326,0.6122926473617554,0.5799168348312378,0.10049988329410553,0.7200329899787903
68,0.6208667159080505,0.20802833139896393,-0.15503467619419098,0.9970861673355103,0.6249146461486816,0.198191836476326,-0.15607178211212158,0.9972636103630066,0.6273338198661804,0.19736407697200775,-0.1561279594898224,0.9973545074462891,0.6299871206283569,0.1964966207742691,-0.15618649125099182,0.9976932406425476,0.6198720335960388,0.19895045459270477,-0.14424662292003632,0.9960304498672485,0.618611216545105,0.19864074885845184,-0.14423179626464844,0.9958825707435608,0.6174056529998779,0.19832630455493927,-0.14424815773963928,0.9959799647331238,0.6376796364784241,0.19531568884849548,-0.11012627184391022,0.9978453516960144,0.6205669641494751,0.19668763875961304,-0.05642176792025566,0.9942238926887512,0.6264084577560425,0.21473026275634766,-0.133890300989151,0.9987896084785461,0.6204190254211426,0.2149006724357605,-0.1185896247625351,0.9974804520606995,0.665004551410675,0.2394530326128006,-0.07963500916957855,0.9998899698257446,0.6097525358200073,0.22600117325782776,0.01799032837152481,0.9992009401321411,0.6691659688949585,0.31004810333251953,-0.09712454676628113,0.9675220251083374,0.602068305015564,0.27892425656318665,0.014558370225131512,0.24474206566810608,0.6330791711807251,0.31990644335746765,-0.16506828367710114,0.890451967716217,0.59615159034729,0.30784544348716736,-0.12666644155979156,0.31571123003959656,0.6200133562088013,0.3294290602207184,-0.191849485039711,0.8622068762779236,0.595163881778717,0.31794169545173645,-0.15358692407608032,0.3248094916343689,0.6158086061477661,0.3196704685688019,-0.19422471523284912,0.8611032962799072,0.5960789918899536,0.3125976026058197,-0.17141732573509216,0.3303311765193939,0.6196140646934509,0.3172256648540497,-0.16487284004688263,0.8149572014808655,0.5978499054908752,0.3094947636127472,-0.1379411667585373,0.3249130845069885,0.6390030980110168,0.37571635842323303,-0.019280986860394478,0.9991390705108643,0.6083770990371704,0.36994633078575134,0.019351089373230934,0.9975214004516602,0.6314380764961243,0.470889687538147,-0.033421047031879425,0.9288286566734314,0.6067219972610474,0.45916154980659485,0.01488341111689806,0.5799133777618408,0.6255336403846741,0.5522271394729614,0.10415603965520859,0.9140841364860535,0.6103009581565857,0.5375210642814636,0.16385836899280548,0.6382462382316589,0.62491375207901,0.5581179857254028,0.11383751779794693,0.7609931230545044,0.6127553582191467,0.5478783249855042,0.1747753620147705,0.5973607897758484,0.6214783787727356,0.5873425006866455,0.030628729611635208,0.8922346830368042,0.6097424030303955,0.5693644285202026,0.10093554109334946,0.7255238890647888
69,0.6278204321861267,0.2076478898525238,-0.17530791461467743,0.9973397254943848,0.6319841146469116,0.19795846939086914,-0.17182324826717377,0.9974578022956848,0.6346577405929565,0.19718626141548157,-0.17188838124275208,0.9975500106811523,0.6372341513633728,0.19633594155311584,-0.1719532310962677,0.9978513717651367,0.6260672211647034,0.19864943623542786,-0.16393649578094482,0.9962774515151978,0.6247557997703552,0.19832904636859894,-0.16393281519412994,0.996097207069397,0.6232402920722961,0.19803524017333984,-0.1639481484889984,0.9961179494857788,0.6435977220535278,0.19554224610328674,-0.11004817485809326,0.9980208277702332,0.6245828866958618,0.19692273437976837,-0.07152961939573288,0.9944769740104675,0.6333448886871338,0.21435819566249847,-0.147806316614151,0.9988988637924194,0.6259860396385193,0.21458129584789276,-0.13745564222335815,0.9976905584335327,0.669447124004364,0.23984995484352112,-0.07211889326572418,0.9999000430107117,0.6104491949081421,0.22675742208957672,0.006649457849562168,0.9992523193359375,0.6716755628585815,0.31002724170684814,-0.09158747643232346,0.9703834056854248,0.6018956303596497,0.2804330885410309,0.0033719849307090044,0.2845836281776428,0.6366203427314758,0.31898945569992065,-0.1705051064491272,0.9005110859870911,0.6005387902259827,0.3080061078071594,-0.13375303149223328,0.35724949836730957,0.6246070861816406,0.3285912573337555,-0.1979219764471054,0.8738094568252563,0.6005438566207886,0.31905433535575867,-0.15984567999839783,0.36361411213874817,0.6195112466812134,0.3193408250808716,-0.2023281306028366,0.8728393316268921,0.6017954349517822,0.31335052847862244,-0.177235409617424,0.36870673298835754,0.6232324838638306,0.3171180486679077,-0.1716630756855011,0.8300155401229858,0.6038257479667664,0.3101383149623871,-0.14436015486717224,0.3610237240791321,0.6422126889228821,0.37611907720565796,-0.017412928864359856,0.9991809725761414,0.609108567237854,0.36976420879364014,0.01751561090350151,0.9976107478141785,0.6336048245429993,0.4710296392440796,-0.037312332540750504,0.9312571287155151,0.6066510677337646,0.4580119848251343,0.020278487354516983,0.6095253825187683,0.625994086265564,0.5532993078231812,0.0861392468214035,0.9114994406700134,0.6029001474380493,0.5288691520690918,0.18397460877895355,0.6438079476356506,0.62531578540802,0.5588139295578003,0.09417563676834106,0.7458351254463196,0.6050148606300354,0.5363603830337524,0.19797368347644806,0.5854845643043518,0.6217498779296875,0.586887001991272,0.009326677769422531,0.8868669867515564,0.5992299914360046,0.5633415579795837,0.12286027520895004,0.7232058644294739
70,0.6318985223770142,0.2070668637752533,-0.19866932928562164,0.9975188970565796,0.6363692283630371,0.1976543813943863,-0.19473493099212646,0.9974961876869202,0.639053463935852,0.19698424637317657,-0.1947881430387497,0.9976019263267517,0.6416807174682617,0.1962490826845169,-0.19483952224254608,0.9978659749031067,0.6302567720413208,0.19809158146381378,-0.18933147192001343,0.9963170289993286,0.628693163394928,0.19779661297798157,-0.18935024738311768,0.9960747361183167,0.6273885369300842,0.19749030470848083,-0.1893845498561859,0.9960019588470459,0.6477133631706238,0.19598554074764252,-0.1256140172481537,0.9980477094650269,0.6282631158828735,0.19687937200069427,-0.1028856635093689,0.9943709969520569,0.6372554898262024,0.2140350490808487,-0.1698714792728424,0.9989688992500305,0.6295868754386902,0.21404685080051422,-0.16275718808174133,0.9978156685829163,0.6724294424057007,0.24015454947948456,-0.08026230335235596,0.9999064207077026,0.6113646626472473,0.22732481360435486,-0.03280356526374817,0.9992948770523071,0.673989474773407,0.30998581647872925,-0.0957639068365097,0.9724882245063782,0.6016036868095398,0.28264185786247253,-0.03176361694931984,0.33536291122436523,0.6373082399368286,0.31827861070632935,-0.18090784549713135,0.907875657081604,0.6083407402038574,0.3085533082485199,-0.14893630146980286,0.39837703108787537,0.6242837905883789,0.32497331500053406,-0.20764534175395966,0.880951464176178,0.6117498278617859,0.31963807344436646,-0.1751038134098053,0.40032872557640076,0.6203944087028503,0.31595224142074585,-0.21280701458454132,0.8800766468048096,0.6134565472602844,0.31411609053611755,-0.18935179710388184,0.4047613739967346,0.625129759311676,0.3143655061721802,-0.18277406692504883,0.8391036987304688,0.6134837865829468,0.31053173542022705,-0.15732812881469727,0.39419621229171753,0.6446216702461243,0.3759312033653259,-0.010151063092052937,0.99920654296875,0.6094558238983154,0.3691319227218628,0.0102129727602005,0.9976877570152283,0.6353582143783569,0.4698277711868286,-0.02147449366748333,0.9336331486701965,0.6066395044326782,0.44994959235191345,0.03199602663516998,0.6387152075767517,0.6265919208526611,0.5529442429542542,0.10102327167987823,0.9108909368515015,0.600349485874176,0.5195411443710327,0.2038646936416626,0.6560859680175781,0.6254791617393494,0.5584450960159302,0.10909024626016617,0.7353643774986267,0.602516770362854,0.52640300989151,0.21794608235359192,0.577599287033081,0.6233518123626709,0.5874505639076233,0.02122298628091812,0.8847706913948059,0.5953223705291748,0.5545543432235718,0.14465013146400452,0.7271381616592407
71,0.6368056535720825,0.2075519561767578,-0.1998678743839264,0.9977229237556458,0.6413522362709045,0.19805797934532166,-0.19586996734142303,0.9976315498352051,0.6437969207763672,0.19734030961990356,-0.19590502977371216,0.9977232217788696,0.6464111804962158,0.19653937220573425,-0.1959380805492401,0.9979544281959534,0.6349697709083557,0.19850488007068634,-0.19342347979545593,0.996549129486084,0.6331530809402466,0.19817370176315308,-0.1934526115655899,0.996300458908081,0.6314516067504883,0.1978520303964615,-0.1934889405965805,0.9962213039398193,0.6515904068946838,0.19615204632282257,-0.1261633038520813,0.9980818629264832,0.6314920783042908,0.19704623520374298,-0.11475111544132233,0.9947105050086975,0.6418666839599609,0.214499369263649,-0.16953414678573608,0.9990451335906982,0.634041428565979,0.21453003585338593,-0.16628113389015198,0.9979894757270813,0.6742070317268372,0.24037189781665802,-0.06660118699073792,0.9999114274978638,0.6124573945999146,0.22721362113952637,-0.05129602551460266,0.9993494153022766,0.677226185798645,0.30974388122558594,-0.0741695761680603,0.9732072353363037,0.601539134979248,0.28521525859832764,-0.06540508568286896,0.3927716612815857,0.6462790966033936,0.31942203640937805,-0.17380312085151672,0.9117603302001953,0.6122153401374817,0.30870431661605835,-0.1858448088169098,0.4454954266548157,0.6348408460617065,0.3256494402885437,-0.19976189732551575,0.8837553858757019,0.6173772811889648,0.31956207752227783,-0.2129582166671753,0.44313281774520874,0.6330567002296448,0.3164151906967163,-0.20563392341136932,0.882980465888977,0.6206477284431458,0.31289154291152954,-0.2240850031375885,0.4469417631626129,0.636907696723938,0.3145237863063812,-0.1762467324733734,0.8428837656974792,0.6195396184921265,0.30943572521209717,-0.19230161607265472,0.4335351288318634,0.6466491222381592,0.3753308653831482,-0.004800484515726566,0.9992501735687256,0.6101232767105103,0.36906394362449646,0.004835962783545256,0.9978172779083252,0.6370702981948853,0.4694802463054657,-0.016483787447214127,0.9380916953086853,0.6067091226577759,0.4437236785888672,0.05475718528032303,0.6678670048713684,0.6272209882736206,0.550616979598999,0.09239103645086288,0.9156104326248169,0.6005909442901611,0.5054328441619873,0.23883214592933655,0.6741203665733337,0.6254538297653198,0.5548899173736572,0.0992278903722763,0.7409958839416504,0.6018543839454651,0.5132353901863098,0.25431060791015625,0.5808098316192627,0.6256390810012817,0.5868017673492432,0.01306813396513462,0.8902938961982727,0.5916086435317993,0.5314611792564392,0.18907250463962555,0.7379745244979858
72,0.6434625387191772,0.20655663311481476,-0.21010935306549072,0.9979090094566345,0.6473979353904724,0.19726060330867767,-0.2043754756450653,0.9977697134017944,0.6497466564178467,0.19659024477005005,-0.2044130563735962,0.9978472590446472,0.6518447995185852,0.1958952397108078,-0.20445194840431213,0.9980508089065552,0.6407965421676636,0.19776281714439392,-0.20368078351020813,0.9967761635780334,0.6387196779251099,0.19744232296943665,-0.20371076464653015,0.9965316653251648,0.6369680762290955,0.1971329301595688,-0.20373912155628204,0.9964514374732971,0.6560526490211487,0.19599515199661255,-0.1293739527463913,0.9981456995010376,0.6353797316551208,0.19672891497612,-0.12638570368289948,0.9950794577598572,0.6478967070579529,0.21359284222126007,-0.17817041277885437,0.9991183876991272,0.6401717066764832,0.2135079950094223,-0.17732924222946167,0.9981554746627808,0.676271378993988,0.24041590094566345,-0.06967361271381378,0.9999164342880249,0.6140302419662476,0.22759801149368286,-0.06037483364343643,0.9993962645530701,0.6807361245155334,0.3092656433582306,-0.07458007335662842,0.9738236665725708,0.6013577580451965,0.28723105788230896,-0.07246316224336624,0.44622862339019775,0.6524671912193298,0.3198162615299225,-0.17766480147838593,0.9153713583946228,0.6155744791030884,0.30896759033203125,-0.19249452650547028,0.49046674370765686,0.6422131061553955,0.32585608959198,-0.20489244163036346,0.8866463303565979,0.6221165657043457,0.31960436701774597,-0.22015652060508728,0.4849659502506256,0.640893280506134,0.3160213530063629,-0.21237313747406006,0.8859745860099792,0.6251596212387085,0.31188592314720154,-0.23144903779029846,0.4883684813976288,0.6437546610832214,0.3140483498573303,-0.18128646910190582,0.8469984531402588,0.6238398551940918,0.3086177110671997,-0.1989634484052658,0.4726039171218872,0.6486927270889282,0.37507164478302,-0.004555611405521631,0.9992900490760803,0.6118850111961365,0.3686729967594147,0.004592735320329666,0.9979321956634521,0.6379534602165222,0.46890926361083984,-0.009841063991189003,0.9417240023612976,0.6064258217811584,0.44198524951934814,0.05952667444944382,0.6933885216712952,0.6275256872177124,0.5499058365821838,0.11088424921035767,0.9190385937690735,0.5995326638221741,0.5023375153541565,0.23505549132823944,0.6916416883468628,0.6254969239234924,0.5538650751113892,0.11886174976825714,0.7443015575408936,0.6002427339553833,0.5125517249107361,0.24970468878746033,0.5859124064445496,0.625838041305542,0.5862091779708862,0.03262969106435776,0.893952488899231,0.5884461998939514,0.5287171602249146,0.18154451251029968,0.7482072710990906
73,0.6483627557754517,0.2063416689634323,-0.20752255618572235,0.998051106929779,0.6514711976051331,0.19697411358356476,-0.20103397965431213,0.9978419542312622,0.6535893082618713,0.19627639651298523,-0.20106597244739532,0.9978976845741272,0.6556918621063232,0.1956569105386734,-0.20109744369983673,0.9980774521827698,0.6453124284744263,0.19756026566028595,-0.20168951153755188,0.9969195127487183,0.6432518362998962,0.19720987975597382,-0.20171494781970978,0.9966655969619751,0.6413905620574951,0.1969049572944641,-0.2017480880022049,0.9965840578079224,0.658936619758606,0.19600656628608704,-0.1284080296754837,0.9981183409690857,0.6391171216964722,0.1966739296913147,-0.1266186535358429,0.9953328371047974,0.6522549986839294,0.2134179025888443,-0.17480559647083282,0.9991711974143982,0.6452399492263794,0.21341024339199066,-0.17565050721168518,0.9982874393463135,0.6778799295425415,0.2404940128326416,-0.06103191897273064,0.9999192357063293,0.6163793206214905,0.22776766121387482,-0.06581773608922958,0.999432384967804,0.6819427609443665,0.3082547187805176,-0.06883473694324493,0.9736617803573608,0.6025829911231995,0.28833988308906555,-0.08251171559095383,0.4943138659000397,0.6563504934310913,0.3191896080970764,-0.1824287474155426,0.9185319542884827,0.6192775964736938,0.30924782156944275,-0.19764354825019836,0.5298708081245422,0.646227240562439,0.325167179107666,-0.21120662987232208,0.8893564939498901,0.6254355907440186,0.31988292932510376,-0.22514677047729492,0.5215867757797241,0.6441192030906677,0.3151792585849762,-0.21893921494483948,0.8888081312179565,0.629288375377655,0.3121255934238434,-0.23715336620807648,0.5247329473495483,0.6466854810714722,0.3132106065750122,-0.18674588203430176,0.8509378433227539,0.628118097782135,0.30893972516059875,-0.20425443351268768,0.506788969039917,0.6501374840736389,0.3751586079597473,1.4300027032732032e-05,0.9993097186088562,0.6138231754302979,0.3684801459312439,1.4120561900199391e-05,0.9980126619338989,0.6392038464546204,0.4686104655265808,-0.003756605787202716,0.9447624683380127,0.6064467430114746,0.4426952600479126,0.056937891989946365,0.7162965536117554,0.627798318862915,0.5498999357223511,0.12004287540912628,0.9220748543739319,0.5987060070037842,0.5069717764854431,0.2188054621219635,0.7094757556915283,0.6255104541778564,0.554008424282074,0.12823525071144104,0.7484713196754456,0.6003088355064392,0.5165821313858032,0.23203745484352112,0.5901728868484497,0.6264358162879944,0.5859906673431396,0.04129881411790848,0.8974876999855042,0.5901442766189575,0.5318463444709778,0.16472597420215607,0.7591208219528198
74,0.65346360206604,0.20697252452373505,-0.2056082934141159,0.9981523156166077,0.6564379334449768,0.19744297862052917,-0.19902130961418152,0.9978387951850891,0.658546507358551,0.19658979773521423,-0.19904889166355133,0.9978563189506531,0.6605162024497986,0.19570235908031464,-0.19907262921333313,0.9980059862136841,0.6502084732055664,0.19814251363277435,-0.20108120143413544,0.996995747089386,0.6478913426399231,0.1977851688861847,-0.20111005008220673,0.996735692024231,0.6457854509353638,0.19746099412441254,-0.20114751160144806,0.9966630935668945,0.6631138920783997,0.1967628002166748,-0.12569864094257355,0.9979552030563354,0.6421014070510864,0.19690750539302826,-0.13117583096027374,0.9955388903617859,0.6563902497291565,0.213838130235672,-0.17276336252689362,0.9991938471794128,0.649613618850708,0.21388576924800873,-0.17548808455467224,0.9983898401260376,0.6797126531600952,0.24054592847824097,-0.05739497393369675,0.9999167919158936,0.6180142760276794,0.2278614640235901,-0.07516546547412872,0.9994667172431946,0.6828965544700623,0.3080074191093445,-0.05778931826353073,0.972030520439148,0.6045520901679993,0.29072248935699463,-0.08932136744260788,0.5393625497817993,0.6585114002227783,0.31891757249832153,-0.1700863093137741,0.9181649088859558,0.6241053342819214,0.30951589345932007,-0.18780282139778137,0.565983235836029,0.6494078636169434,0.32540300488471985,-0.19897541403770447,0.8873842358589172,0.6311914324760437,0.32006779313087463,-0.21298722922801971,0.5547127723693848,0.6470298171043396,0.3152938783168793,-0.21299779415130615,0.8869280815124512,0.6337992548942566,0.3124180734157562,-0.22485598921775818,0.5575476884841919,0.6497207880020142,0.3129299283027649,-0.17783497273921967,0.8497973680496216,0.6326409578323364,0.3092283308506012,-0.19380590319633484,0.537760317325592,0.6511820554733276,0.3761144280433655,0.003509820206090808,0.9993067979812622,0.6158318519592285,0.3685195744037628,-0.003476811107248068,0.9980747699737549,0.639633059501648,0.46868589520454407,0.012123236432671547,0.9458893537521362,0.6064969897270203,0.4432111978530884,0.05652644485235214,0.7366703748703003,0.6280462741851807,0.5492308139801025,0.13457097113132477,0.9227003455162048,0.5989586710929871,0.5083497762680054,0.2122741937637329,0.7251701354980469,0.6255349516868591,0.5531947016716003,0.14291885495185852,0.7523962259292603,0.5992217063903809,0.5186512470245361,0.22495415806770325,0.5980818271636963,0.6273787617683411,0.5857589244842529,0.062313515692949295,0.8982532620429993,0.590827465057373,0.5365477204322815,0.15293166041374207,0.7673380374908447
75,0.656490683555603,0.20711079239845276,-0.2162143737077713,0.9982657432556152,0.6595842838287354,0.1979871541261673,-0.20929792523384094,0.997866153717041,0.6615009903907776,0.1974802166223526,-0.20931419730186462,0.9978522062301636,0.6633756756782532,0.19692513346672058,-0.2093369960784912,0.9979817867279053,0.6535848379135132,0.19837704300880432,-0.21236467361450195,0.9970950484275818,0.6512333154678345,0.198123499751091,-0.21239230036735535,0.9968352317810059,0.6490219831466675,0.19783137738704681,-0.21242544054985046,0.996781587600708,0.6653257608413696,0.19775985181331635,-0.1291745901107788,0.9978187084197998,0.6449816226959229,0.19713029265403748,-0.14304032921791077,0.9957632422447205,0.6586614847183228,0.21394062042236328,-0.18213121592998505,0.9992247223854065,0.6521725654602051,0.21420994400978088,-0.18620291352272034,0.9984970688819885,0.6813105344772339,0.2405838966369629,-0.05870548635721207,0.9999171495437622,0.6195393204689026,0.2280009388923645,-0.0858873650431633,0.9995061755180359,0.683509349822998,0.3079245984554291,-0.052581943571567535,0.9708444476127625,0.6050290465354919,0.2920796275138855,-0.08510853350162506,0.5819096565246582,0.6608290672302246,0.3192629814147949,-0.16119752824306488,0.9181454181671143,0.6289342045783997,0.3101591169834137,-0.16419696807861328,0.5999076962471008,0.652906596660614,0.3258504271507263,-0.18836231529712677,0.8848806023597717,0.6375519037246704,0.32011154294013977,-0.18726733326911926,0.5846444368362427,0.6507627367973328,0.3156944215297699,-0.1992381364107132,0.8844248056411743,0.6403887867927551,0.31264132261276245,-0.19990798830986023,0.5870209336280823,0.6528939604759216,0.31319180130958557,-0.16760161519050598,0.8477357029914856,0.6388815641403198,0.30932047963142395,-0.1704883724451065,0.5653209090232849,0.6518197059631348,0.37600985169410706,0.007094481028616428,0.9992943406105042,0.6175720691680908,0.3677252531051636,-0.007084903307259083,0.9981318116188049,0.6402139663696289,0.4677486717700958,0.01581624522805214,0.9462252259254456,0.6078900694847107,0.44338831305503845,0.04033280536532402,0.7563700079917908,0.6287539601325989,0.5480009317398071,0.14581972360610962,0.9231849312782288,0.5997873544692993,0.5094329118728638,0.19215677678585052,0.741596519947052,0.6257789134979248,0.5522776246070862,0.15511968731880188,0.7541885375976562,0.6007653474807739,0.5210127830505371,0.2042115032672882,0.6053386330604553,0.628308117389679,0.5854572057723999,0.07498163729906082,0.8997187614440918,0.597594141960144,0.5481624603271484,0.1261003315448761,0.7779887318611145
76,0.658255934715271,0.20967911183834076,-0.22952313721179962,0.9983146786689758,0.6618258953094482,0.20109693706035614,-0.22261521220207214,0.9977352619171143,0.6637469530105591,0.20082956552505493,-0.22263364493846893,0.9976793527603149,0.6656403541564941,0.200486958026886,-0.22266678512096405,0.9977921843528748,0.6557514071464539,0.2002638727426529,-0.22717002034187317,0.9970387816429138,0.6533981561660767,0.1995220184326172,-0.22720420360565186,0.9967667460441589,0.6511555910110474,0.1987924873828888,-0.22724243998527527,0.9967540502548218,0.6673423051834106,0.1999838948249817,-0.14098043739795685,0.9973204135894775,0.6469202041625977,0.19738678634166718,-0.1615879237651825,0.9958571791648865,0.6599191427230835,0.21636277437210083,-0.19469335675239563,0.999208927154541,0.6535042524337769,0.21559931337833405,-0.2005181610584259,0.9985576272010803,0.6821315288543701,0.24064503610134125,-0.06507296860218048,0.9999140501022339,0.6203529834747314,0.22833147644996643,-0.10424534231424332,0.9995403289794922,0.6836782693862915,0.3079531788825989,-0.06676845252513885,0.967884361743927,0.6056572198867798,0.29461395740509033,-0.0919327661395073,0.6209295392036438,0.6613022089004517,0.3188921809196472,-0.1875068098306656,0.9129587411880493,0.6321324110031128,0.31181472539901733,-0.1605633795261383,0.6320682168006897,0.653178334236145,0.32550695538520813,-0.2160332202911377,0.8758881688117981,0.6409319639205933,0.32062891125679016,-0.1753370314836502,0.6133950352668762,0.6514708399772644,0.31459006667137146,-0.2212129533290863,0.8753781318664551,0.6436735391616821,0.31276634335517883,-0.18415606021881104,0.6153936982154846,0.6538136005401611,0.31167343258857727,-0.1918981522321701,0.8386510014533997,0.6421335935592651,0.30946701765060425,-0.15838949382305145,0.5918232202529907,0.652882993221283,0.3750040829181671,0.008969280868768692,0.9992709159851074,0.6191274523735046,0.3667970597743988,-0.008950592018663883,0.998135507106781,0.6410022974014282,0.4658873975276947,0.012441571801900864,0.9461807012557983,0.6113576889038086,0.44347721338272095,0.0413602739572525,0.7711624503135681,0.6289528608322144,0.5468099117279053,0.1345236897468567,0.923624575138092,0.6047176122665405,0.5089126229286194,0.20677411556243896,0.7501757144927979,0.6258021593093872,0.5513116717338562,0.14321371912956238,0.7551750540733337,0.6065635085105896,0.5197301506996155,0.2204519510269165,0.6039138436317444,0.628206729888916,0.5850324034690857,0.06451742351055145,0.9011499285697937,0.6048897504806519,0.5456924438476562,0.14849427342414856,0.7829171419143677
77,0.6619167923927307,0.21034498512744904,-0.22504198551177979,0.9983668327331543,0.6650434732437134,0.202037051320076,-0.2173779457807541,0.9976514577865601,0.6667689681053162,0.20185406506061554,-0.21739983558654785,0.997567355632782,0.668502688407898,0.20156845450401306,-0.21743567287921906,0.9976626634597778,0.6594060659408569,0.2007759064435959,-0.22335299849510193,0.9970217347145081,0.6570509672164917,0.19983264803886414,-0.2233828604221344,0.9967424869537354,0.6546621322631836,0.19890476763248444,-0.2234228551387787,0.9967607259750366,0.6693631410598755,0.2007075846195221,-0.13665565848350525,0.9969205260276794,0.6498614549636841,0.1974780112504959,-0.1614386886358261,0.9959983825683594,0.6629548072814941,0.21693776547908783,-0.18982507288455963,0.99919193983078,0.6569196581840515,0.21587255597114563,-0.19744257628917694,0.9986149072647095,0.6832103133201599,0.2405993789434433,-0.05716791749000549,0.9999104142189026,0.6215581893920898,0.2290169894695282,-0.10398674011230469,0.9995681047439575,0.6852754950523376,0.3079336881637573,-0.05892637372016907,0.964214563369751,0.6058547496795654,0.29515373706817627,-0.07975083589553833,0.6558622717857361,0.6628307700157166,0.3181568682193756,-0.18392625451087952,0.9057872295379639,0.6346760988235474,0.3122866749763489,-0.11502249538898468,0.6593956351280212,0.6542913317680359,0.32462450861930847,-0.212736576795578,0.864275336265564,0.6442599892616272,0.320656955242157,-0.1311718374490738,0.6366689205169678,0.6525896787643433,0.31354600191116333,-0.21748003363609314,0.8638099431991577,0.646928608417511,0.3128819465637207,-0.14348553121089935,0.6383794546127319,0.6550125479698181,0.31031981110572815,-0.18817400932312012,0.8268308639526367,0.645150899887085,0.30962660908699036,-0.11788077652454376,0.6126499772071838,0.6544095873832703,0.3732110559940338,0.011031165719032288,0.9991970658302307,0.6206888556480408,0.36613795161247253,-0.010987730696797371,0.9980517625808716,0.6424437761306763,0.4639764428138733,0.006549519952386618,0.9462457895278931,0.6155250668525696,0.4436928629875183,0.03238491714000702,0.7849688529968262,0.628759503364563,0.5468699932098389,0.1215149387717247,0.924079954624176,0.6115562915802002,0.5099621415138245,0.186763197183609,0.7593177556991577,0.6255218982696533,0.5515637993812561,0.12950251996517181,0.7568877935409546,0.6113065481185913,0.5230887532234192,0.19913345575332642,0.6046014428138733,0.6276602745056152,0.5848707556724548,0.04976329207420349,0.901955783367157,0.6110793352127075,0.5524660348892212,0.12581166625022888,0.7879006862640381
78,0.6642487049102783,0.21158473193645477,-0.23657174408435822,0.9984471797943115,0.6672191023826599,0.20341485738754272,-0.22685673832893372,0.9976851344108582,0.6688398122787476,0.2033187597990036,-0.2268921434879303,0.9975875616073608,0.6704613566398621,0.20307989418506622,-0.22693271934986115,0.9976736307144165,0.6618372797966003,0.20166707038879395,-0.2349683791399002,0.9971073865890503,0.6595629453659058,0.20042596757411957,-0.2349955290555954,0.9968297481536865,0.6572059988975525,0.19920946657657623,-0.2350277155637741,0.9968623518943787,0.6707185506820679,0.20172032713890076,-0.1366521418094635,0.9968305230140686,0.6517550945281982,0.19755668938159943,-0.1712980717420578,0.9961907863616943,0.6647077798843384,0.21803298592567444,-0.19807377457618713,0.9991993308067322,0.6590093970298767,0.21665726602077484,-0.20849771797657013,0.998688280582428,0.6838008165359497,0.24057240784168243,-0.05569653958082199,0.9999078512191772,0.6223318576812744,0.2304012030363083,-0.10887114703655243,0.9995896816253662,0.686098575592041,0.30754852294921875,-0.062093473970890045,0.9596601128578186,0.6059786081314087,0.29632678627967834,-0.09277383983135223,0.6880248188972473,0.6665304899215698,0.3183857500553131,-0.20406217873096466,0.8988646864891052,0.6361016631126404,0.31238824129104614,-0.14054974913597107,0.6871927976608276,0.6589140892028809,0.3249269425868988,-0.23745229840278625,0.8533471822738647,0.645014226436615,0.32068708539009094,-0.16201354563236237,0.6622682809829712,0.6580043435096741,0.3140093982219696,-0.2457125186920166,0.8530422449111938,0.6488301753997803,0.312956303358078,-0.17414651811122894,0.663729190826416,0.6597726345062256,0.3108881711959839,-0.21070285141468048,0.8155831098556519,0.64720618724823,0.30961117148399353,-0.14279697835445404,0.6360395550727844,0.6556622385978699,0.3727814853191376,0.011559931561350822,0.9990581274032593,0.6224586963653564,0.3657662570476532,-0.011498936451971531,0.9978971481323242,0.6433583498001099,0.46387922763824463,0.0013706845929846168,0.9435404539108276,0.6199222207069397,0.4459676146507263,0.01805940642952919,0.797390878200531,0.6220797300338745,0.5472297072410583,0.11766961961984634,0.9228454828262329,0.6248803734779358,0.5242429375648499,0.1441715657711029,0.7734999060630798,0.6150727272033691,0.5542446374893188,0.12532976269721985,0.7613906860351562,0.6270972490310669,0.5323510766029358,0.1528918445110321,0.6189384460449219,0.6264789700508118,0.5847703218460083,0.045849401503801346,0.9021393656730652,0.6244153380393982,0.5611941814422607,0.07013614475727081,0.7983272671699524
79,0.665758490562439,0.21374695003032684,-0.2387983351945877,0.9985383749008179,0.6685553193092346,0.2054326832294464,-0.22885501384735107,0.9977673888206482,0.6700818538665771,0.20527949929237366,-0.22889471054077148,0.9976641535758972,0.6716006398200989,0.20497412979602814,-0.22893619537353516,0.9977403879165649,0.6632724404335022,0.20351584255695343,-0.23753948509693146,0.9972450733184814,0.6610352396965027,0.20205266773700714,-0.23756742477416992,0.9969782829284668,0.6587183475494385,0.20055831968784332,-0.237599179148674,0.9970177412033081,0.6717121005058289,0.20296283066272736,-0.13562579452991486,0.9968711733818054,0.653265118598938,0.19801168143749237,-0.17278432846069336,0.9964176416397095,0.66595059633255,0.21989037096500397,-0.1990181803703308,0.999220609664917,0.6604089140892029,0.21833807229995728,-0.2101801633834839,0.9987689852714539,0.6844011545181274,0.240596741437912,-0.05095580220222473,0.9999050498008728,0.6229120492935181,0.2321937382221222,-0.10741280019283295,0.9996115565299988,0.6867722868919373,0.3076281249523163,-0.060686927288770676,0.9557219743728638,0.60633385181427,0.2990878224372864,-0.09548468887805939,0.7169786691665649,0.668016791343689,0.319187194108963,-0.21021297574043274,0.8920711278915405,0.6385858058929443,0.31416627764701843,-0.158573180437088,0.7127648591995239,0.6604924201965332,0.3257421851158142,-0.24438028037548065,0.8425102829933167,0.6474012136459351,0.32215359807014465,-0.18241922557353973,0.6864009499549866,0.6592368483543396,0.3141530752182007,-0.25306540727615356,0.8424972295761108,0.651189386844635,0.3131391406059265,-0.19509752094745636,0.6876819133758545,0.6609572172164917,0.3111199736595154,-0.21714189648628235,0.804267406463623,0.6492336392402649,0.3099523186683655,-0.16239884495735168,0.6580783724784851,0.6564378142356873,0.37319010496139526,0.012537645176053047,0.9988270998001099,0.6230698823928833,0.36639899015426636,-0.012464066967368126,0.9976967573165894,0.644041895866394,0.46536287665367126,-0.0011523186694830656,0.936758279800415,0.622014582157135,0.45353811979293823,-0.0033971171360462904,0.8089442253112793,0.6174768805503845,0.5523955225944519,0.1060277447104454,0.9205265641212463,0.6297621130943298,0.5397914052009583,0.09882042557001114,0.7885973453521729,0.6091941595077515,0.5630092024803162,0.11177472025156021,0.7675109505653381,0.6308932900428772,0.5596641898155212,0.10469494760036469,0.6381294131278992,0.6227480173110962,0.5897496938705444,0.024999301880598068,0.9018335938453674,0.6288369297981262,0.5755921602249146,0.016435183584690094,0.8094989657402039
80,0.6675319671630859,0.21448303759098053,-0.2359858751296997,0.9986549615859985,0.6705357432365417,0.2059459686279297,-0.22572128474712372,0.9979201555252075,0.672114372253418,0.20577318966388702,-0.22576983273029327,0.9978188872337341,0.6736162304878235,0.20545890927314758,-0.2258124053478241,0.9978806376457214,0.6649804711341858,0.20401866734027863,-0.23295709490776062,0.9974530339241028,0.6625853776931763,0.2025049477815628,-0.23298723995685577,0.9972046613693237,0.6601920127868652,0.2009485363960266,-0.23301716148853302,0.9972427487373352,0.6735197305679321,0.20346003770828247,-0.13012777268886566,0.9970665574073792,0.6543546915054321,0.198188915848732,-0.16033312678337097,0.9967068433761597,0.6676497459411621,0.22084686160087585,-0.1948486715555191,0.9992715716362,0.6619393229484558,0.21922093629837036,-0.20431554317474365,0.998871922492981,0.6855853199958801,0.2405705451965332,-0.04304742068052292,0.9999087452888489,0.6233685612678528,0.23334389925003052,-0.09018419682979584,0.9996378421783447,0.6871644258499146,0.30768364667892456,-0.05693233758211136,0.9549283981323242,0.6063229441642761,0.30078908801078796,-0.10029976069927216,0.7429239749908447,0.669561505317688,0.32074156403541565,-0.21137762069702148,0.8918777108192444,0.639067530632019,0.3156571686267853,-0.21423573791980743,0.7362571358680725,0.6618586182594299,0.32819244265556335,-0.24743053317070007,0.840327799320221,0.6486303806304932,0.32449349761009216,-0.2442292720079422,0.7090444564819336,0.6609293222427368,0.315580278635025,-0.2565498650074005,0.8406952023506165,0.6524714231491089,0.3136120140552521,-0.25570473074913025,0.7101576328277588,0.6627275347709656,0.31250467896461487,-0.21822676062583923,0.8016657829284668,0.6501078009605408,0.31037455797195435,-0.2191050797700882,0.6789458990097046,0.6568809151649475,0.37453794479370117,0.010473442263901234,0.9986580610275269,0.6234462857246399,0.36817267537117004,-0.010370559059083462,0.9975730776786804,0.6432640552520752,0.47108781337738037,-0.01606052741408348,0.9223372936248779,0.6277109384536743,0.4716605246067047,-0.019197724759578705,0.8118970394134521,0.6124851703643799,0.5648388266563416,0.06860686093568802,0.9131451845169067,0.6288959980010986,0.5653322339057922,0.06840422004461288,0.7969164848327637,0.6041518449783325,0.5773618221282959,0.07206503301858902,0.7696580290794373,0.6304290294647217,0.5750567317008972,0.07234557718038559,0.6503283977508545,0.6153794527053833,0.6008654832839966,-0.020658958703279495,0.8971852660179138,0.6242637038230896,0.5983150005340576,-0.02281518653035164,0.8132781386375427
81,0.6685807108879089,0.21546031534671783,-0.2272653877735138,0.998764157295227,0.6711100339889526,0.20663033425807953,-0.22153589129447937,0.9980600476264954,0.6724838018417358,0.20638440549373627,-0.2216016799211502,0.9979588389396667,0.6738423109054565,0.2059926837682724,-0.22160716354846954,0.9980081915855408,0.6659691333770752,0.20478813350200653,-0.2222890555858612,0.9976513981819153,0.6637138724327087,0.20325078070163727,-0.22231490910053253,0.9974226951599121,0.6613867878913879,0.20163536071777344,-0.2223472148180008,0.9974609017372131,0.6733590364456177,0.2036961168050766,-0.11215032637119293,0.9972309470176697,0.6557385325431824,0.19845835864543915,-0.1533847153186798,0.996982991695404,0.6684885621070862,0.22148342430591583,-0.1847764104604721,0.9993208050727844,0.663029670715332,0.21993513405323029,-0.1952226459980011,0.9989698529243469,0.6860755681991577,0.24044756591320038,-0.026475826278328896,0.9999129772186279,0.6239398717880249,0.2346249520778656,-0.08794070035219193,0.9996662735939026,0.6888587474822998,0.30691030621528625,-0.029038861393928528,0.9543397426605225,0.6061861515045166,0.3010779917240143,-0.10405781120061874,0.7677541971206665,0.6733070611953735,0.32272475957870483,-0.18154165148735046,0.8945975303649902,0.6395785212516785,0.3181130290031433,-0.20993629097938538,0.7605802416801453,0.6665660738945007,0.33050063252449036,-0.21942082047462463,0.8428974747657776,0.6496866941452026,0.32815971970558167,-0.23963162302970886,0.7341236472129822,0.6660275459289551,0.3182621896266937,-0.23729057610034943,0.843652606010437,0.6544206738471985,0.3157164454460144,-0.2492876499891281,0.735026478767395,0.6670144200325012,0.3152041733264923,-0.19101876020431519,0.8048201203346252,0.6522215604782104,0.31262025237083435,-0.21366897225379944,0.7042157649993896,0.658387303352356,0.3758459985256195,0.014618675224483013,0.9984650015830994,0.6251228451728821,0.37021830677986145,-0.014494596049189568,0.9974460601806641,0.642952024936676,0.4726770222187042,-0.014918710105121136,0.9116137027740479,0.6288361549377441,0.4716305434703827,-0.030150821432471275,0.8180844783782959,0.6136468648910522,0.5697569251060486,0.07434140890836716,0.9073160290718079,0.6298524737358093,0.5695006251335144,0.05363650992512703,0.8066299557685852,0.6054508686065674,0.5824136734008789,0.07818031311035156,0.7723551392555237,0.631184458732605,0.5782988667488098,0.057190846651792526,0.6634488105773926,0.6159647703170776,0.6052723526954651,-0.010470404289662838,0.8943178057670593,0.6273828148841858,0.6047991514205933,-0.03843802958726883,0.8184467554092407
82,0.6704061627388,0.2154027819633484,-0.21062099933624268,0.9988465905189514,0.672873318195343,0.20647908747196198,-0.1989177167415619,0.9981485605239868,0.6742519736289978,0.20621201395988464,-0.19897426664829254,0.9980380535125732,0.6755876541137695,0.205806165933609,-0.1989934891462326,0.998082160949707,0.6675335168838501,0.20475010573863983,-0.20936718583106995,0.997800886631012,0.665151834487915,0.20325160026550293,-0.20939545333385468,0.9975833892822266,0.6627838015556335,0.2016533762216568,-0.20943017303943634,0.997631311416626,0.6747945547103882,0.2036609947681427,-0.09737104922533035,0.9972856640815735,0.6572366952896118,0.19852103292942047,-0.15116187930107117,0.9972074627876282,0.6703968644142151,0.22157856822013855,-0.1676521897315979,0.9993534684181213,0.6648135781288147,0.22011280059814453,-0.183130145072937,0.9990531206130981,0.686972439289093,0.24055491387844086,-0.012690311297774315,0.9999133944511414,0.6256364583969116,0.23615016043186188,-0.08470291644334793,0.9996901750564575,0.6899586319923401,0.3065447211265564,-0.01950022764503956,0.9522806406021118,0.6063793897628784,0.3015078008174896,-0.10073965787887573,0.790010929107666,0.6757065057754517,0.3240663707256317,-0.1742214560508728,0.8950387239456177,0.6408034563064575,0.31936338543891907,-0.2010435163974762,0.7817480564117432,0.6689931154251099,0.3316825330257416,-0.2113364040851593,0.8431857228279114,0.6508966684341431,0.3298364281654358,-0.23063406348228455,0.7554030418395996,0.6682202219963074,0.31993892788887024,-0.22848264873027802,0.8442419767379761,0.6555102467536926,0.31713202595710754,-0.2397245466709137,0.7560908794403076,0.6692078709602356,0.31707942485809326,-0.18328975141048431,0.8053948283195496,0.6534199714660645,0.31404048204421997,-0.20449218153953552,0.7252116203308105,0.6595994234085083,0.3769698143005371,0.02193998172879219,0.9980253577232361,0.627409815788269,0.3729364275932312,-0.02182520367205143,0.997133195400238,0.6428934335708618,0.47486013174057007,-0.0008257833542302251,0.9000860452651978,0.6324822306632996,0.4750569462776184,-0.042249634861946106,0.8260166049003601,0.6144211888313293,0.5692043304443359,0.08357447385787964,0.9004747867584229,0.6330443620681763,0.5745294094085693,0.034803662449121475,0.8163858652114868,0.6059351563453674,0.5810232162475586,0.08814527839422226,0.7716517448425293,0.6335569620132446,0.5824697613716125,0.037732746452093124,0.6755803823471069,0.61672443151474,0.6085682511329651,0.0015557168517261744,0.8902641534805298,0.6381749510765076,0.6109508872032166,-0.059219323098659515,0.8238112926483154
83,0.6721736788749695,0.21676594018936157,-0.20118741691112518,0.9988951086997986,0.6744471788406372,0.20750181376934052,-0.1895744949579239,0.998153805732727,0.6756641864776611,0.20721814036369324,-0.18963108956813812,0.9980315566062927,0.6768554449081421,0.2067701667547226,-0.18965834379196167,0.9980674982070923,0.6694022417068481,0.20574945211410522,-0.20187929272651672,0.9978786110877991,0.6670114398002625,0.2041866034269333,-0.20191141963005066,0.997663676738739,0.664652943611145,0.20250658690929413,-0.2019486427307129,0.9977215528488159,0.6757188439369202,0.20431236922740936,-0.09206230193376541,0.9971426129341125,0.6586397290229797,0.19901971518993378,-0.14856742322444916,0.9973554015159607,0.671756386756897,0.22275838255882263,-0.1598084568977356,0.9993563890457153,0.6663005948066711,0.22128364443778992,-0.17610672116279602,0.9991136789321899,0.6873705387115479,0.24139972031116486,-0.007855932228267193,0.9999114274978638,0.6259722113609314,0.23841744661331177,-0.08552242815494537,0.9997109174728394,0.690256655216217,0.3069663345813751,-0.0220665130764246,0.9486688375473022,0.6064992547035217,0.30467310547828674,-0.1029830351471901,0.8099681735038757,0.6767021417617798,0.32590505480766296,-0.1848963052034378,0.8925544023513794,0.6428712010383606,0.3219364583492279,-0.20434817671775818,0.8005402684211731,0.6703910827636719,0.3325849771499634,-0.22401030361652374,0.8402430415153503,0.6534432172775269,0.3316258192062378,-0.2341526448726654,0.7742981314659119,0.6696353554725647,0.32110098004341125,-0.23691733181476593,0.8419248461723328,0.6579442620277405,0.3191381096839905,-0.2430969774723053,0.7747602462768555,0.6705072522163391,0.3185708224773407,-0.19458124041557312,0.8027347326278687,0.6555343866348267,0.3164251148700714,-0.20757317543029785,0.7434738874435425,0.6607629060745239,0.3778723478317261,0.026486292481422424,0.9974687695503235,0.6287763714790344,0.37525680661201477,-0.026360249146819115,0.9967365264892578,0.6426792740821838,0.4762316048145294,0.009442823939025402,0.8750617504119873,0.6347955465316772,0.47778913378715515,-0.04846303537487984,0.8273195624351501,0.6154978275299072,0.5736438035964966,0.07938472926616669,0.8874075412750244,0.6344990134239197,0.5822334289550781,0.02443351410329342,0.8203356266021729,0.6083349585533142,0.5842182636260986,0.08149830996990204,0.7694990634918213,0.6336709260940552,0.5915602445602417,0.026717547327280045,0.6830464601516724,0.6226024031639099,0.6078084707260132,-0.0032899952493608,0.8812270164489746,0.6437822580337524,0.6162143349647522,-0.0698653981089592,0.8229203224182129
84,0.6726415157318115,0.2178298979997635,-0.19048567116260529,0.9989767074584961,0.6749825477600098,0.2083147168159485,-0.17905762791633606,0.9982610940933228,0.6762223243713379,0.2080795168876648,-0.17910900712013245,0.9981421828269958,0.6774265170097351,0.20770147442817688,-0.17913493514060974,0.9981741309165955,0.66997891664505,0.20636723935604095,-0.19034336507320404,0.9980242848396301,0.6676412224769592,0.20475415885448456,-0.19036874175071716,0.9978198409080505,0.6653350591659546,0.20305542647838593,-0.190397709608078,0.9978792071342468,0.6763311624526978,0.20517794787883759,-0.08205264061689377,0.9972692728042603,0.659238338470459,0.19953392446041107,-0.1336272656917572,0.9975540637969971,0.6722174882888794,0.22374966740608215,-0.1496943086385727,0.9993941783905029,0.6668251752853394,0.22204111516475677,-0.16450172662734985,0.9991855621337891,0.6878918409347534,0.24257124960422516,-0.0012091780081391335,0.9999148845672607,0.626653790473938,0.2397407740354538,-0.07400832325220108,0.9997313618659973,0.6903303861618042,0.3083966374397278,-0.021085910499095917,0.9472934603691101,0.6070044636726379,0.3082723915576935,-0.09630163758993149,0.8274052143096924,0.6770020723342896,0.32800227403640747,-0.18713250756263733,0.8931134343147278,0.6456116437911987,0.3247264325618744,-0.2028517723083496,0.8167737722396851,0.6707360148429871,0.33392173051834106,-0.22543096542358398,0.8407142162322998,0.655988335609436,0.3334867060184479,-0.2333735227584839,0.7903367877006531,0.669908344745636,0.32249200344085693,-0.2362326681613922,0.8427750468254089,0.6602250337600708,0.3210822343826294,-0.24115309119224548,0.7906013131141663,0.6709285974502563,0.32030096650123596,-0.19589833915233612,0.8033367991447449,0.6576314568519592,0.31868889927864075,-0.20595768094062805,0.7585261464118958,0.6616758108139038,0.380304753780365,0.023051228374242783,0.9973061680793762,0.6298443078994751,0.3773438632488251,-0.02292538806796074,0.996670126914978,0.6426464915275574,0.4804958999156952,0.009138335473835468,0.8660818338394165,0.6368189454078674,0.48129987716674805,-0.04077998921275139,0.8339735269546509,0.6156774163246155,0.5777340531349182,0.07563985139131546,0.888129711151123,0.6413403153419495,0.5866313576698303,0.03252021223306656,0.8310309648513794,0.6093789339065552,0.5900480151176453,0.07721278071403503,0.775982677936554,0.6421453952789307,0.5970463156700134,0.03476911410689354,0.6981168389320374,0.6217231750488281,0.6122977137565613,-0.010585449635982513,0.8831180930137634,0.6482552289962769,0.6219494342803955,-0.0604335181415081,0.8307554125785828
85,0.674184262752533,0.219167098402977,-0.1752164512872696,0.999036967754364,0.676628589630127,0.20954683423042297,-0.16330762207508087,0.9983184337615967,0.6777410507202148,0.20939408242702484,-0.16335901618003845,0.9981959462165833,0.6788272261619568,0.2091280072927475,-0.1633797585964203,0.998228132724762,0.6718298196792603,0.20738495886325836,-0.17540773749351501,0.9981274008750916,0.6694332361221313,0.20572727918624878,-0.17543017864227295,0.9979255795478821,0.6670300364494324,0.2039889693260193,-0.17546597123146057,0.9979932308197021,0.6772990822792053,0.2065878063440323,-0.068015918135643,0.9972814321517944,0.6604942083358765,0.20058341324329376,-0.12284866720438004,0.9976978898048401,0.673311173915863,0.22532415390014648,-0.13548316061496735,0.9994122982025146,0.668008029460907,0.22327320277690887,-0.15138722956180573,0.999241828918457,0.6880890130996704,0.24426034092903137,0.007640865631401539,0.9999149441719055,0.6271083354949951,0.24133090674877167,-0.0662059411406517,0.9997478127479553,0.6905693411827087,0.3102249801158905,-0.010644087567925453,0.9453520178794861,0.6079363226890564,0.31196174025535583,-0.08524410426616669,0.8427910804748535,0.6783114671707153,0.3311089873313904,-0.1799839735031128,0.8929558992385864,0.6486677527427673,0.32864558696746826,-0.18735501170158386,0.8312098979949951,0.6724720597267151,0.3356781601905823,-0.21871836483478546,0.8406278491020203,0.6588741540908813,0.3360929489135742,-0.22087466716766357,0.8047170639038086,0.6717650890350342,0.32431378960609436,-0.23059847950935364,0.8430888056755066,0.6628803014755249,0.3244646191596985,-0.2249874770641327,0.8048840761184692,0.6727365255355835,0.3225509822368622,-0.188882514834404,0.8035120368003845,0.6603652238845825,0.32218530774116516,-0.18881464004516602,0.7720897793769836,0.6627834439277649,0.3821926414966583,0.021760474890470505,0.996873676776886,0.631231427192688,0.3803057074546814,-0.02162371203303337,0.9964642524719238,0.642514705657959,0.48310422897338867,0.014551302418112755,0.8568186163902283,0.6384404897689819,0.48414167761802673,-0.0451839454472065,0.8391594886779785,0.6158199310302734,0.5772972702980042,0.0800478607416153,0.8871501088142395,0.6450806260108948,0.5897806286811829,0.022438248619437218,0.8403067588806152,0.6080237627029419,0.5901814103126526,0.08239397406578064,0.7797616720199585,0.6465728878974915,0.5983906984329224,0.024079713970422745,0.711685836315155,0.6207152605056763,0.6120484471321106,-0.004196099005639553,0.8831588625907898,0.6501957178115845,0.6271364688873291,-0.07125133275985718,0.8373101353645325
86,0.6757308840751648,0.22079452872276306,-0.1752016842365265,0.999081015586853,0.6780995726585388,0.21097449958324432,-0.16319677233695984,0.9983378648757935,0.6791716814041138,0.21084551513195038,-0.1632501184940338,0.9982048273086548,0.6802130341529846,0.21061082184314728,-0.16326776146888733,0.9982411861419678,0.6732820272445679,0.20873236656188965,-0.1759093552827835,0.9981940388679504,0.6708141565322876,0.20707540214061737,-0.175930917263031,0.9979900121688843,0.668272852897644,0.20536208152770996,-0.17596785724163055,0.9980729222297668,0.6781069040298462,0.2078646570444107,-0.06812026351690292,0.9971852898597717,0.6616660356521606,0.20203422009944916,-0.1250101625919342,0.997795820236206,0.6745558977127075,0.2273367941379547,-0.13561895489692688,0.9994181990623474,0.6693207621574402,0.2249639928340912,-0.15227945148944855,0.9992884397506714,0.6882030367851257,0.24590784311294556,0.009385145269334316,0.9999139904975891,0.627319872379303,0.24363210797309875,-0.06712763756513596,0.9997639656066895,0.6907981634140015,0.3126629889011383,-0.006856939755380154,0.9423214793205261,0.6087591052055359,0.3143528699874878,-0.08765513449907303,0.8567951321601868,0.6787977814674377,0.3343270421028137,-0.173270121216774,0.8916923403739929,0.6501184701919556,0.3306761682033539,-0.18548816442489624,0.8440313339233398,0.6723755598068237,0.3382301926612854,-0.21025559306144714,0.8394124507904053,0.6606726050376892,0.3377794921398163,-0.21621406078338623,0.8173900246620178,0.6719002723693848,0.3267766237258911,-0.22207844257354736,0.8421976566314697,0.6645213961601257,0.32612961530685425,-0.22309932112693787,0.8174837231636047,0.6732326149940491,0.3250364065170288,-0.18199342489242554,0.8022192120552063,0.6621461510658264,0.3238718807697296,-0.18790704011917114,0.7838475108146667,0.663162350654602,0.38515758514404297,0.02546290121972561,0.9964877963066101,0.6320153474807739,0.38334742188453674,-0.025324160233139992,0.9963821172714233,0.6424084305763245,0.48481255769729614,0.02888430655002594,0.8465774059295654,0.640295147895813,0.48561036586761475,-0.06615664064884186,0.8458651900291443,0.6161893606185913,0.5778494477272034,0.09943045675754547,0.8852571249008179,0.648352324962616,0.5920423269271851,-0.00794893503189087,0.8495825529098511,0.6071795225143433,0.5904753804206848,0.10132546722888947,0.7824764847755432,0.6500910520553589,0.5998193621635437,-0.007257999386638403,0.7257497310638428,0.620751678943634,0.614054799079895,0.01484992541372776,0.882606029510498,0.6525498032569885,0.6298713088035583,-0.10599116235971451,0.8449368476867676
87,0.6769436597824097,0.22231425344944,-0.15607009828090668,0.9991180300712585,0.6789511442184448,0.21241042017936707,-0.14358332753181458,0.9983440041542053,0.6799564957618713,0.21228043735027313,-0.14363890886306763,0.998195230960846,0.6809553503990173,0.2120397537946701,-0.1436517983675003,0.9982441663742065,0.6742541193962097,0.21018284559249878,-0.1570405513048172,0.9982447028160095,0.6717809438705444,0.2085874229669571,-0.15705513954162598,0.9980319142341614,0.6691888570785522,0.20696599781513214,-0.1570950150489807,0.9981362223625183,0.6785876154899597,0.2093784660100937,-0.04983266070485115,0.9970698356628418,0.6625198125839233,0.20394013822078705,-0.1105552464723587,0.9978548288345337,0.6758288145065308,0.22902025282382965,-0.11716725677251816,0.9994180798530579,0.6706191897392273,0.22662661969661713,-0.1347925215959549,0.9993270039558411,0.6884775161743164,0.24752303957939148,0.02328154817223549,0.9999129176139832,0.6279414892196655,0.24590228497982025,-0.0614614374935627,0.9997770190238953,0.6911091804504395,0.31323495507240295,0.013719083741307259,0.9382950663566589,0.6101551651954651,0.31635716557502747,-0.07616619020700455,0.8689953088760376,0.6799298524856567,0.33472368121147156,-0.14439262449741364,0.8906475901603699,0.6505692601203918,0.3324875831604004,-0.1642361432313919,0.8549662828445435,0.6736555099487305,0.33981016278266907,-0.1794658750295639,0.8391021490097046,0.660590648651123,0.3394106328487396,-0.19356673955917358,0.8281034231185913,0.6724900007247925,0.32803308963775635,-0.1915312111377716,0.8421809673309326,0.6643336415290833,0.32833826541900635,-0.20260410010814667,0.8282259702682495,0.6738114356994629,0.32611769437789917,-0.15306808054447174,0.8020955324172974,0.6620321273803711,0.3260039687156677,-0.16746357083320618,0.7938495874404907,0.664259135723114,0.3872089684009552,0.026312166824936867,0.9961228966712952,0.6332691311836243,0.3851873576641083,-0.026169950142502785,0.9963542222976685,0.6425601243972778,0.4874444007873535,0.028808359056711197,0.838538646697998,0.6415157914161682,0.4869452714920044,-0.08054496347904205,0.8514591455459595,0.6164692044258118,0.579423189163208,0.11154632270336151,0.8831541538238525,0.6489861607551575,0.5944545269012451,-0.026948880404233932,0.8583791255950928,0.6073025465011597,0.5898098349571228,0.11492452770471573,0.7835061550140381,0.6510456204414368,0.6026102304458618,-0.026746969670057297,0.7392780780792236,0.6208909153938293,0.6141368746757507,0.030203362926840782,0.8819090127944946,0.652186930179596,0.6324498057365417,-0.12751498818397522,0.8524976372718811
88,0.6777231693267822,0.22324945032596588,-0.1647297441959381,0.9991450309753418,0.6794670820236206,0.2132755070924759,-0.15259453654289246,0.9983310699462891,0.6804179549217224,0.21309992671012878,-0.1526496559381485,0.9981615543365479,0.6813780069351196,0.21281583607196808,-0.152663454413414,0.9982245564460754,0.6748697757720947,0.21122664213180542,-0.16564348340034485,0.9982807040214539,0.6723908185958862,0.20974186062812805,-0.16565850377082825,0.9980584979057312,0.6697791814804077,0.20825956761837006,-0.16569869220256805,0.9981861710548401,0.6787596940994263,0.21030929684638977,-0.05855538696050644,0.9968976974487305,0.6629706621170044,0.20551319420337677,-0.11692549288272858,0.9978997707366943,0.6764928102493286,0.23009878396987915,-0.12563057243824005,0.9994123578071594,0.6712265610694885,0.22784562408924103,-0.1426836997270584,0.9993609189987183,0.6890469193458557,0.24801085889339447,0.01649281568825245,0.9999109506607056,0.6284507513046265,0.24802103638648987,-0.06394065171480179,0.9997895956039429,0.6919257640838623,0.3138098120689392,0.006677606143057346,0.9348815679550171,0.6113576292991638,0.31894782185554504,-0.07657401263713837,0.880264401435852,0.6817890405654907,0.3345552086830139,-0.15337514877319336,0.8910136222839355,0.6517925262451172,0.3347761034965515,-0.16823548078536987,0.8653704524040222,0.6752692461013794,0.3406926095485687,-0.18911711871623993,0.8405258655548096,0.6616098880767822,0.34189572930336,-0.1967748999595642,0.8386218547821045,0.6735579967498779,0.32823827862739563,-0.20076894760131836,0.8438510894775391,0.6656073331832886,0.33025437593460083,-0.2060028612613678,0.8387719392776489,0.674767792224884,0.32611244916915894,-0.1619078367948532,0.8037914633750916,0.663445234298706,0.32769525051116943,-0.1717952936887741,0.8040164709091187,0.6659959554672241,0.3872772455215454,0.027239784598350525,0.9957379698753357,0.6348949670791626,0.385504812002182,-0.027097124606370926,0.9963337779045105,0.6436383724212646,0.48701220750808716,0.03533153608441353,0.8308460712432861,0.642426609992981,0.48674747347831726,-0.08414506167173386,0.857453465461731,0.6165128946304321,0.5791157484054565,0.11758287250995636,0.8811416625976562,0.6504790186882019,0.593191385269165,-0.035485345870256424,0.8665516972541809,0.6073790788650513,0.5889350175857544,0.12096421420574188,0.7852237224578857,0.6536985635757446,0.602430522441864,-0.03580125421285629,0.7518730163574219,0.6229893565177917,0.6155685186386108,0.036954838782548904,0.8814610838890076,0.6519953012466431,0.6331915259361267,-0.13737253844738007,0.8596194386482239
89,0.6777670979499817,0.22485022246837616,-0.17260436713695526,0.9991361498832703,0.6794291138648987,0.21495994925498962,-0.16071739792823792,0.9982205629348755,0.6803930997848511,0.2146865576505661,-0.16077378392219543,0.9980090260505676,0.681367039680481,0.21428124606609344,-0.16078926622867584,0.9980881214141846,0.6747686266899109,0.21316996216773987,-0.17287056148052216,0.9982331991195679,0.6722244024276733,0.21177805960178375,-0.17288683354854584,0.9979858994483948,0.6696155667304993,0.2103244513273239,-0.17292530834674835,0.9981551170349121,0.678594172000885,0.211494579911232,-0.06448176503181458,0.9964370727539062,0.6626888513565063,0.2072935253381729,-0.1197449341416359,0.9978318214416504,0.676707923412323,0.23158982396125793,-0.13303925096988678,0.9993628859519958,0.6713111996650696,0.22956593334674835,-0.14904119074344635,0.9993700385093689,0.6891387701034546,0.24859124422073364,0.015122143551707268,0.9999003410339355,0.6284691095352173,0.25150856375694275,-0.0688953548669815,0.9997957944869995,0.692218542098999,0.3139125406742096,0.005849699955433607,0.9253020286560059,0.613284170627594,0.32223063707351685,-0.08097124844789505,0.8899545669555664,0.6833935976028442,0.3344169557094574,-0.1581043004989624,0.8815895915031433,0.6548454165458679,0.3364602327346802,-0.16833509504795074,0.8729228973388672,0.6766610145568848,0.3411705791950226,-0.19407767057418823,0.8312200903892517,0.6647875905036926,0.34192922711372375,-0.19993451237678528,0.845672607421875,0.6741166114807129,0.32863739132881165,-0.20580609142780304,0.8350910544395447,0.6681786775588989,0.3306339979171753,-0.21032312512397766,0.8459427952766418,0.6753621697425842,0.32652178406715393,-0.16693854331970215,0.7945200204849243,0.6658483743667603,0.32849690318107605,-0.17189443111419678,0.8097891211509705,0.6682969927787781,0.388977974653244,0.029082736000418663,0.9950042963027954,0.6365571022033691,0.38818076252937317,-0.02893676795065403,0.996181845664978,0.6450409293174744,0.48714080452919006,0.0443166121840477,0.8237731456756592,0.6442463994026184,0.4883663058280945,-0.08727778494358063,0.8647233843803406,0.6182991862297058,0.5775938630104065,0.14594541490077972,0.8786917924880981,0.6510170698165894,0.5947690606117249,-0.037070274353027344,0.8750249743461609,0.6089855432510376,0.5876315236091614,0.15127474069595337,0.7872738838195801,0.653798520565033,0.6026314496994019,-0.03730958327651024,0.7652072310447693,0.6261187195777893,0.6143271923065186,0.06712555140256882,0.8811465501785278,0.6519780158996582,0.6350942254066467,-0.14230526983737946,0.8671349883079529
90,0.6773854494094849,0.225731760263443,-0.18424484133720398,0.9991283416748047,0.6791245937347412,0.21587221324443817,-0.17126169800758362,0.9981178045272827,0.6801365613937378,0.21555766463279724,-0.17132093012332916,0.9978691339492798,0.6811378598213196,0.2150932252407074,-0.1713331639766693,0.9979623556137085,0.6743162274360657,0.21422189474105835,-0.18570902943611145,0.9981861114501953,0.671711802482605,0.21284250915050507,-0.1857219785451889,0.9979195594787598,0.6691139340400696,0.21138885617256165,-0.1857667863368988,0.9981272220611572,0.6784344911575317,0.21205557882785797,-0.06898399442434311,0.9960382580757141,0.6621600389480591,0.2081877589225769,-0.13255104422569275,0.9977784752845764,0.6764798164367676,0.2323322743177414,-0.14081749320030212,0.999322235584259,0.6710432767868042,0.23053069412708282,-0.16005225479602814,0.9993780851364136,0.689687192440033,0.24840044975280762,0.009050416760146618,0.9998915791511536,0.628704845905304,0.2532559037208557,-0.07636522501707077,0.9997991323471069,0.6930045485496521,0.31401482224464417,0.001249107182957232,0.91706383228302,0.6145438551902771,0.32405224442481995,-0.08878691494464874,0.8989096283912659,0.6840360760688782,0.3345032334327698,-0.15998490154743195,0.8730440139770508,0.6550339460372925,0.3362404406070709,-0.18269135057926178,0.8803529739379883,0.6773370504379272,0.34167593717575073,-0.19627594947814941,0.8223539590835571,0.6657927632331848,0.34209010004997253,-0.2143714874982834,0.8525384068489075,0.674705982208252,0.32918229699134827,-0.2116270512342453,0.8267446756362915,0.669223427772522,0.33097368478775024,-0.224842831492424,0.8528530597686768,0.67578125,0.32704031467437744,-0.16879916191101074,0.7856292128562927,0.6666041016578674,0.3288237452507019,-0.1864701360464096,0.8156048059463501,0.6699029803276062,0.3895375430583954,0.027804147452116013,0.9944612979888916,0.6375879049301147,0.3885916471481323,-0.027657052502036095,0.995966911315918,0.6450282335281372,0.487326979637146,0.033644597977399826,0.8206378817558289,0.6441309452056885,0.48868465423583984,-0.07985163480043411,0.8704742193222046,0.6181098818778992,0.5781734585762024,0.13609552383422852,0.8778241872787476,0.649794340133667,0.5962123870849609,-0.014176080003380775,0.8824824690818787,0.6089862585067749,0.5884777307510376,0.1416453868150711,0.7901653051376343,0.6528240442276001,0.604146420955658,-0.01279924251139164,0.7762515544891357,0.6251910924911499,0.6159154176712036,0.05403215438127518,0.8813846111297607,0.6510120630264282,0.636137843132019,-0.11937300115823746,0.8735563158988953
91,0.6768323183059692,0.22662097215652466,-0.19054487347602844,0.999115526676178,0.6787062883377075,0.21673068404197693,-0.17753258347511292,0.997985303401947,0.6798074245452881,0.2163601517677307,-0.17759199440479279,0.9976904392242432,0.6808815598487854,0.21582967042922974,-0.1776006519794464,0.9977887272834778,0.6736820936203003,0.2152363806962967,-0.19164317846298218,0.9981233477592468,0.6710737347602844,0.21383360028266907,-0.19165487587451935,0.9978424310684204,0.6684572100639343,0.21234391629695892,-0.1917017102241516,0.9980859756469727,0.6783971786499023,0.21250934898853302,-0.0710156112909317,0.9954624772071838,0.6616224646568298,0.20883965492248535,-0.13586989045143127,0.9976922869682312,0.6761866807937622,0.23299401998519897,-0.14634482562541962,0.9992536306381226,0.6706505417823792,0.23147696256637573,-0.16510561108589172,0.999372661113739,0.6901546716690063,0.24827174842357635,0.01056654192507267,0.999873697757721,0.6289485096931458,0.25412702560424805,-0.0806720107793808,0.999802827835083,0.6939573884010315,0.31391629576683044,0.008533153682947159,0.9043707251548767,0.6161049604415894,0.32544243335723877,-0.08952422440052032,0.9075869917869568,0.6859585642814636,0.33431896567344666,-0.15685060620307922,0.8587035536766052,0.6574458479881287,0.3352506756782532,-0.18022802472114563,0.8881598114967346,0.679164469242096,0.34169453382492065,-0.19323739409446716,0.8075673580169678,0.6690841913223267,0.3413429260253906,-0.21140670776367188,0.8599637150764465,0.6766678690910339,0.3296831548213959,-0.2076243907213211,0.8126342296600342,0.6722874045372009,0.33029401302337646,-0.22240838408470154,0.8602551817893982,0.6776601672172546,0.3273809850215912,-0.1665395200252533,0.7711560130119324,0.6693551540374756,0.32812318205833435,-0.18359574675559998,0.8224709630012512,0.6720216274261475,0.39124196767807007,0.029174238443374634,0.9937100410461426,0.6394177675247192,0.39003562927246094,-0.029026776552200317,0.9957466125488281,0.6481031179428101,0.48761242628097534,0.03945881128311157,0.8130240440368652,0.6455671191215515,0.4892806112766266,-0.07568792998790741,0.8758188486099243,0.618119478225708,0.5780085921287537,0.1605384647846222,0.8734684586524963,0.6495028138160706,0.5987085103988647,-0.009823666885495186,0.8889771699905396,0.6090902090072632,0.5885447859764099,0.16794706881046295,0.792207658290863,0.6522023677825928,0.6063970923423767,-0.008544502779841423,0.7871514558792114,0.6266695261001587,0.6149027347564697,0.08374010026454926,0.8800453543663025,0.6518173813819885,0.6377454400062561,-0.11567636579275131,0.8791103363037109
92,0.6768757700920105,0.2266828417778015,-0.1901177167892456,0.9990664124488831,0.6785207986831665,0.21669553220272064,-0.17742156982421875,0.9977365136146545,0.6795759797096252,0.21629327535629272,-0.1774814873933792,0.9973717927932739,0.6806260347366333,0.21574558317661285,-0.17748817801475525,0.9974942803382874,0.6736524701118469,0.21530482172966003,-0.19063334167003632,0.9979888200759888,0.6710934042930603,0.21393968164920807,-0.19064684212207794,0.9976857900619507,0.6685413122177124,0.21249604225158691,-0.19069109857082367,0.9979895949363708,0.6781824827194214,0.21248604357242584,-0.0734729990363121,0.9945453405380249,0.6615790128707886,0.20909251272678375,-0.1367066651582718,0.9974951148033142,0.676225483417511,0.23299895226955414,-0.1463172733783722,0.9991326928138733,0.6708627939224243,0.23155483603477478,-0.16459916532039642,0.9993415474891663,0.6907789707183838,0.24821732938289642,0.010657807812094688,0.9998419880867004,0.6293347477912903,0.2542301118373871,-0.08474767208099365,0.9998061060905457,0.6944149732589722,0.31383880972862244,0.015304962173104286,0.8865492939949036,0.6166223883628845,0.32730045914649963,-0.0892961248755455,0.9154266715049744,0.6873788833618164,0.33481067419052124,-0.14194892346858978,0.8358603119850159,0.6575009822845459,0.33551961183547974,-0.16988638043403625,0.8945424556732178,0.6817636489868164,0.34206056594848633,-0.17639915645122528,0.784542441368103,0.668886125087738,0.34199973940849304,-0.1988065242767334,0.8655413389205933,0.6794480085372925,0.33019399642944336,-0.1908765584230423,0.790523886680603,0.6725687384605408,0.33057668805122375,-0.20923352241516113,0.865801990032196,0.6801038980484009,0.3278387486934662,-0.1519588679075241,0.748542308807373,0.6696916818618774,0.32842445373535156,-0.17300143837928772,0.8269783854484558,0.6735562086105347,0.3926362097263336,0.03071635030210018,0.9929202795028687,0.6409755349159241,0.3910852372646332,-0.03056931495666504,0.9956290125846863,0.6520950794219971,0.4875550866127014,0.042011525481939316,0.8027130365371704,0.6470773220062256,0.489690899848938,-0.07940874993801117,0.8807653784751892,0.6193557381629944,0.577835738658905,0.17164763808250427,0.8663312196731567,0.6497764587402344,0.6003120541572571,-0.014532213099300861,0.8948606252670288,0.6095951795578003,0.5883446931838989,0.1801207959651947,0.7915290594100952,0.652328610420227,0.6097253561019897,-0.013357030227780342,0.7968109846115112,0.6286250352859497,0.6142629981040955,0.09927338361740112,0.8772218823432922,0.6525924801826477,0.6384433507919312,-0.11953083425760269,0.8841935396194458
93,0.6770200133323669,0.22696441411972046,-0.19471098482608795,0.9990524649620056,0.6785584688186646,0.21686981618404388,-0.18289946019649506,0.9976134896278381,0.6796075105667114,0.21645162999629974,-0.18294444680213928,0.997209906578064,0.6806553602218628,0.21588753163814545,-0.18295150995254517,0.9973454475402832,0.6736944913864136,0.2154662311077118,-0.1961423009634018,0.9979289174079895,0.6711710095405579,0.2140999138355255,-0.1961604803800583,0.9976150393486023,0.6686736345291138,0.21267151832580566,-0.1962093859910965,0.9979462623596191,0.6782057285308838,0.21259595453739166,-0.08218373358249664,0.9941495656967163,0.6616513729095459,0.20939138531684875,-0.14302602410316467,0.9973961114883423,0.6764671802520752,0.23321956396102905,-0.1523606926202774,0.9990783929824829,0.6711239814758301,0.23170100152492523,-0.16990980505943298,0.9993305802345276,0.691895604133606,0.24815790355205536,0.00936952792108059,0.9998266696929932,0.629648745059967,0.25493136048316956,-0.0891985073685646,0.9998080730438232,0.6973246932029724,0.31405436992645264,0.00886743888258934,0.8809932470321655,0.6175846457481384,0.3283463716506958,-0.09152825176715851,0.922851026058197,0.6895133256912231,0.335396945476532,-0.14590111374855042,0.8292365670204163,0.6583446264266968,0.3360588252544403,-0.16895952820777893,0.9016895890235901,0.6836909651756287,0.3425754904747009,-0.1803474873304367,0.7760199904441833,0.6699398159980774,0.34240660071372986,-0.19688867032527924,0.8724760413169861,0.6813972592353821,0.33038946986198425,-0.19380944967269897,0.7825573086738586,0.6734822392463684,0.3305436074733734,-0.207058385014534,0.8726555705070496,0.6820529699325562,0.32801491022109985,-0.15530380606651306,0.7403673529624939,0.670523464679718,0.3284153342247009,-0.17197859287261963,0.8337824940681458,0.6758401393890381,0.394701212644577,0.029561247676610947,0.9924784302711487,0.642408549785614,0.3923509418964386,-0.02941744588315487,0.995452880859375,0.6550688147544861,0.48912954330444336,0.033573027700185776,0.7982075810432434,0.6478443145751953,0.4916086792945862,-0.06685172766447067,0.8842657208442688,0.6212373971939087,0.5792306661605835,0.15766490995883942,0.8609360456466675,0.6494501829147339,0.6001494526863098,0.020272526890039444,0.8992865681648254,0.6110643148422241,0.5897385478019714,0.16612938046455383,0.7929147481918335,0.6516971588134766,0.610095202922821,0.02351215109229088,0.8035902380943298,0.6281231045722961,0.614486038684845,0.08418305218219757,0.8750168681144714,0.6530086994171143,0.6394052505493164,-0.08179928362369537,0.8873326182365417
94,0.6774980425834656,0.22866059839725494,-0.21403244137763977,0.9989897012710571,0.6790751814842224,0.2183825820684433,-0.20313361287117004,0.9973224997520447,0.6801921129226685,0.21790242195129395,-0.20317420363426208,0.9968201518058777,0.6812873482704163,0.2172565758228302,-0.20320191979408264,0.9970136284828186,0.6739306449890137,0.2170439064502716,-0.2153303325176239,0.9977623820304871,0.671337366104126,0.21566970646381378,-0.21535828709602356,0.9974063038825989,0.6687816381454468,0.2142445296049118,-0.21542373299598694,0.9978062510490417,0.6789952516555786,0.2135441154241562,-0.10359705984592438,0.9935848712921143,0.661830723285675,0.21076659858226776,-0.1580718457698822,0.9971222281455994,0.6772842407226562,0.23469039797782898,-0.17174437642097473,0.9989755749702454,0.6716381311416626,0.23329371213912964,-0.18755893409252167,0.9992835521697998,0.693406879901886,0.24835602939128876,-0.010359409265220165,0.99980628490448,0.6302792429924011,0.2557612359523773,-0.09849683195352554,0.9998044371604919,0.7000192403793335,0.3151354491710663,0.005690540187060833,0.8780078887939453,0.6188468337059021,0.32944631576538086,-0.10432152450084686,0.9293614625930786,0.6917290687561035,0.33582842350006104,-0.14548084139823914,0.8241493701934814,0.6595856547355652,0.33775031566619873,-0.18897248804569244,0.9074113368988037,0.686440110206604,0.3427191376686096,-0.17856386303901672,0.7683895230293274,0.6713407039642334,0.3438778817653656,-0.21731388568878174,0.8775506615638733,0.6840039491653442,0.33052846789360046,-0.19246073067188263,0.7753787636756897,0.6748172044754028,0.3315536677837372,-0.22691133618354797,0.8776822686195374,0.6844597458839417,0.3281804621219635,-0.15461716055870056,0.7328002452850342,0.6717299818992615,0.3293835520744324,-0.19202002882957458,0.8382609486579895,0.6785687804222107,0.39528772234916687,0.02863970957696438,0.9917095899581909,0.6438348889350891,0.3939672112464905,-0.02845875360071659,0.9951881766319275,0.6636461019515991,0.48989400267601013,0.006332410965114832,0.797143280506134,0.6483415365219116,0.4942643344402313,-0.059417836368083954,0.8862186074256897,0.6260814666748047,0.5771523714065552,0.15663877129554749,0.8461306095123291,0.6492694616317749,0.601556658744812,0.03440096974372864,0.9012338519096375,0.6156250238418579,0.5852770209312439,0.16782830655574799,0.7853036522865295,0.6512774229049683,0.612211287021637,0.038282256573438644,0.8057118058204651,0.6332231760025024,0.6142218112945557,0.08865697681903839,0.8654580116271973,0.6525214910507202,0.6398515105247498,-0.0667586401104927,0.8867286443710327
95,0.678735613822937,0.22908924520015717,-0.22619518637657166,0.9989084005355835,0.6802929639816284,0.21887731552124023,-0.21480408310890198,0.9970207214355469,0.6813580393791199,0.21846126019954681,-0.21485097706317902,0.9964223504066467,0.6824068427085876,0.21787609159946442,-0.21489635109901428,0.9966769814491272,0.6751342415809631,0.21747775375843048,-0.2269432246685028,0.9975660443305969,0.672446608543396,0.21613602340221405,-0.2269701212644577,0.9971400499343872,0.6698216199874878,0.21475259959697723,-0.22703270614147186,0.997594952583313,0.6801018118858337,0.21436241269111633,-0.11393928527832031,0.993211030960083,0.6624733805656433,0.2115681916475296,-0.1679278314113617,0.9967564344406128,0.678420901298523,0.23543791472911835,-0.18348155915737152,0.9989213943481445,0.6727110147476196,0.2340165674686432,-0.1992255300283432,0.9992513060569763,0.6950613260269165,0.24940066039562225,-0.024637829512357712,0.999798059463501,0.63044273853302,0.2578151822090149,-0.10344048589468002,0.9998016953468323,0.7033978700637817,0.3194364607334137,-0.024244748055934906,0.8830409049987793,0.6201397180557251,0.3332265615463257,-0.10795998573303223,0.9348436594009399,0.6923604607582092,0.3362899720668793,-0.18368227779865265,0.8284298777580261,0.660198450088501,0.34126016497612,-0.19698378443717957,0.9117950797080994,0.6862130165100098,0.3428316116333008,-0.21881695091724396,0.7705718874931335,0.6714083552360535,0.3467627465724945,-0.22626712918281555,0.8812864422798157,0.6835839152336121,0.3305659294128418,-0.2295963019132614,0.7774824500083923,0.6747170686721802,0.3338989019393921,-0.23531000316143036,0.8813637495040894,0.6844078302383423,0.32827988266944885,-0.19136427342891693,0.7348653078079224,0.6717898845672607,0.33168932795524597,-0.20001578330993652,0.8408926725387573,0.6807586550712585,0.39707547426223755,0.02522456645965576,0.9915135502815247,0.6446102261543274,0.3966522216796875,-0.02501910924911499,0.9952285289764404,0.6700324416160583,0.4930513799190521,-0.001346526201814413,0.7988541126251221,0.6482990980148315,0.49999570846557617,-0.05000721663236618,0.8875378370285034,0.6333513259887695,0.5680722594261169,0.1890973448753357,0.8205856680870056,0.6492587924003601,0.6034490466117859,0.0612054243683815,0.9027798175811768,0.6233606934547424,0.5715281963348389,0.20578697323799133,0.7705374360084534,0.6510528922080994,0.6143603920936584,0.06724204123020172,0.8063830733299255,0.63805091381073,0.6070432662963867,0.13581496477127075,0.8464047312736511,0.6526933312416077,0.6411367654800415,-0.03609072044491768,0.8849999904632568
96,0.6798582077026367,0.2299332469701767,-0.23689427971839905,0.9988466501235962,0.6816902756690979,0.21979336440563202,-0.2246844470500946,0.996801495552063,0.6828848123550415,0.2194472998380661,-0.22473256289958954,0.9961199164390564,0.684061586856842,0.21894921362400055,-0.22477857768535614,0.9963998794555664,0.6761113405227661,0.21826274693012238,-0.2370620220899582,0.9974595308303833,0.6732853055000305,0.21688054502010345,-0.2370903491973877,0.9969966411590576,0.6705435514450073,0.21544386446475983,-0.23715195059776306,0.9974839091300964,0.6819592714309692,0.21554653346538544,-0.1208069697022438,0.9929187297821045,0.6633187532424927,0.21223169565200806,-0.1758921891450882,0.9965406060218811,0.6797928810119629,0.23648487031459808,-0.193194180727005,0.9988624453544617,0.6736186146736145,0.2349669486284256,-0.20928290486335754,0.9992319941520691,0.696564793586731,0.25090473890304565,-0.02950579859316349,0.9997822642326355,0.6311295628547668,0.2590026557445526,-0.11309673637151718,0.9998024702072144,0.7063950896263123,0.32080331444740295,-0.03254521265625954,0.8864469528198242,0.6211934685707092,0.33370405435562134,-0.12980179488658905,0.940116822719574,0.6935956478118896,0.3367815613746643,-0.19321787357330322,0.8310337066650391,0.6607578992843628,0.34124457836151123,-0.23159949481487274,0.9170107245445251,0.6880975961685181,0.3430582582950592,-0.22847680747509003,0.7715683579444885,0.6711705327033997,0.3479342460632324,-0.2635088562965393,0.8866670727729797,0.6853204965591431,0.3312634229660034,-0.23942382633686066,0.7782170176506042,0.6748870015144348,0.33551472425460815,-0.2710966467857361,0.886677086353302,0.685965359210968,0.32901445031166077,-0.20105847716331482,0.7356441617012024,0.6721721887588501,0.3328668475151062,-0.23431646823883057,0.8461728692054749,0.6827362179756165,0.39869964122772217,0.02472112514078617,0.9915569424629211,0.6458028554916382,0.39892521500587463,-0.024519464001059532,0.995437741279602,0.6766350269317627,0.49504417181015015,0.005993252620100975,0.8075467944145203,0.6492511034011841,0.5045574307441711,-0.044323310256004333,0.8926711082458496,0.6399884223937988,0.5473237633705139,0.22712066769599915,0.80448317527771,0.6509183645248413,0.6048511862754822,0.06879107654094696,0.9078868627548218,0.6276936531066895,0.5487581491470337,0.24680106341838837,0.763739824295044,0.6532534956932068,0.6166006922721863,0.07536430656909943,0.8132919073104858,0.6380590796470642,0.5945823192596436,0.1832231879234314,0.8342211842536926,0.6524104475975037,0.6421255469322205,-0.027546728029847145,0.8883281946182251
97,0.6806149482727051,0.23078347742557526,-0.251840740442276,0.9988330602645874,0.6830147504806519,0.22085846960544586,-0.240940123796463,0.99672931432724,0.6843945980072021,0.22056575119495392,-0.24097533524036407,0.9960082769393921,0.6858412027359009,0.22011439502239227,-0.2410232126712799,0.996304988861084,0.6769257187843323,0.21915102005004883,-0.25200355052948,0.9974359273910522,0.674066960811615,0.2177063673734665,-0.25203391909599304,0.9969548583030701,0.671208381652832,0.2161896973848343,-0.25208231806755066,0.9974581003189087,0.6845208406448364,0.21656812727451324,-0.13863052427768707,0.9929436445236206,0.6643741130828857,0.21282467246055603,-0.1876428872346878,0.9964661598205566,0.680987536907196,0.23744754493236542,-0.20831647515296936,0.9988423585891724,0.6743972301483154,0.23577097058296204,-0.22260940074920654,0.9992285370826721,0.6981159448623657,0.2512996792793274,-0.04557992145419121,0.9997764825820923,0.6321274042129517,0.2598612606525421,-0.11941298097372055,0.9998043179512024,0.7088740468025208,0.32208308577537537,-0.049384184181690216,0.890293538570404,0.6228432059288025,0.3343205749988556,-0.1334156095981598,0.9451101422309875,0.6956992149353027,0.3376586139202118,-0.21343016624450684,0.8354332447052002,0.6614453792572021,0.3432092070579529,-0.23755362629890442,0.9225478172302246,0.6903219223022461,0.34377288818359375,-0.249640554189682,0.7751933932304382,0.6712412238121033,0.34994059801101685,-0.268535315990448,0.8928685784339905,0.6877384781837463,0.3319926857948303,-0.2605215311050415,0.7814491391181946,0.6749588847160339,0.33759790658950806,-0.27678006887435913,0.8928101062774658,0.6883102655410767,0.32986146211624146,-0.22129741311073303,0.7389376759529114,0.6723910570144653,0.33487844467163086,-0.24051089584827423,0.8530508279800415,0.6847745180130005,0.398732453584671,0.02240917645394802,0.9917393326759338,0.647284746170044,0.39865192770957947,-0.022242257371544838,0.9955469369888306,0.682439923286438,0.49696752429008484,-0.030377373099327087,0.8183609247207642,0.6493799686431885,0.5035848617553711,-0.03487848490476608,0.8967088460922241,0.6431769728660583,0.5500823855400085,0.22279533743858337,0.7955237627029419,0.6519525051116943,0.6030816435813904,0.08421699702739716,0.9112608432769775,0.6298130750656128,0.5545513033866882,0.20726601779460907,0.7595142722129822,0.6542032957077026,0.6160621047019958,0.09155084192752838,0.8166517615318298,0.6404598355293274,0.597718358039856,0.12701250612735748,0.8273885846138,0.6524105668067932,0.6413106322288513,-0.0074277883395552635,0.8897073268890381
98,0.6819702386856079,0.23150382936000824,-0.2544225752353668,0.9988752603530884,0.6847831010818481,0.22173002362251282,-0.24338014423847198,0.9968534111976624,0.6863565444946289,0.22145947813987732,-0.24340680241584778,0.9961457848548889,0.6879689693450928,0.22102497518062592,-0.24345000088214874,0.9964362382888794,0.6784630417823792,0.21991731226444244,-0.25384652614593506,0.9975446462631226,0.6756187081336975,0.21845845878124237,-0.25387728214263916,0.9970749616622925,0.6726973652839661,0.2168695479631424,-0.25391489267349243,0.9975582361221313,0.686951756477356,0.21749278903007507,-0.14077171683311462,0.9933093786239624,0.6663579344749451,0.21332964301109314,-0.18714287877082825,0.9965901970863342,0.6825932264328003,0.23812083899974823,-0.2109908163547516,0.9988968968391418,0.6757527589797974,0.2363068163394928,-0.22448690235614777,0.9992679953575134,0.6997169852256775,0.2525801360607147,-0.04880697280168533,0.9997819662094116,0.6336153149604797,0.2604559361934662,-0.12032107263803482,0.9998114705085754,0.710831344127655,0.32542508840560913,-0.06196270510554314,0.8959814310073853,0.6244393587112427,0.3353986442089081,-0.1418982893228531,0.9498192667961121,0.6972701549530029,0.3385516107082367,-0.23665113747119904,0.8432239294052124,0.661952018737793,0.34536322951316833,-0.2567141354084015,0.9282194375991821,0.6917852163314819,0.34428849816322327,-0.2750186324119568,0.7836243510246277,0.6714366674423218,0.35207638144493103,-0.28894609212875366,0.8996191620826721,0.6895595788955688,0.3325059115886688,-0.28458040952682495,0.7894036769866943,0.6749683618545532,0.3396054804325104,-0.2966200113296509,0.8994823694229126,0.6901837587356567,0.3305421769618988,-0.24421556293964386,0.7471189498901367,0.6726122498512268,0.33679449558258057,-0.2596825957298279,0.8608920574188232,0.6866384744644165,0.40023231506347656,0.02219575271010399,0.9922612905502319,0.6482527256011963,0.3992273509502411,-0.022046227008104324,0.9957686066627502,0.6874766945838928,0.5012603402137756,-0.06414926797151566,0.8317413330078125,0.650189995765686,0.5056202411651611,-0.027366438880562782,0.9019452333450317,0.6432527899742126,0.5544979572296143,0.13716742396354675,0.7945427298545837,0.6518033742904663,0.6020017862319946,0.10210371017456055,0.91493159532547,0.6300750970840454,0.558742344379425,0.15179041028022766,0.7595781087875366,0.6537790894508362,0.6143141984939575,0.11042497307062149,0.8192417621612549,0.6394580006599426,0.5982335805892944,0.08102679252624512,0.827410101890564,0.6525582075119019,0.6405472159385681,0.013015052303671837,0.8922430276870728
99,0.6842504739761353,0.231683149933815,-0.24278613924980164,0.9988406896591187,0.68696528673172,0.22177419066429138,-0.23094770312309265,0.9967608451843262,0.6885531544685364,0.2215072363615036,-0.230979323387146,0.9960274696350098,0.690085768699646,0.2210957109928131,-0.23101699352264404,0.9962978363037109,0.6806350946426392,0.22000566124916077,-0.24122440814971924,0.9974632263183594,0.6777719259262085,0.2185998409986496,-0.24125345051288605,0.9970017671585083,0.674765944480896,0.2170843929052353,-0.24129743874073029,0.9974955916404724,0.6890767812728882,0.21779604256153107,-0.12809650599956512,0.9932364821434021,0.6686477661132812,0.21379920840263367,-0.17629972100257874,0.9965038895606995,0.6850184202194214,0.23842522501945496,-0.19958674907684326,0.998874843120575,0.6779558658599854,0.2367430180311203,-0.21291764080524445,0.9992597699165344,0.7019133567810059,0.25453343987464905,-0.03997698798775673,0.9997794032096863,0.635772168636322,0.26051661372184753,-0.11666395515203476,0.9998069405555725,0.7117144465446472,0.3276216387748718,-0.052236158400774,0.8994604349136353,0.625848650932312,0.3351936340332031,-0.12857411801815033,0.95391845703125,0.6984935402870178,0.34018561244010925,-0.22103933990001678,0.848105788230896,0.6625546216964722,0.3467327952384949,-0.24157340824604034,0.9328440427780151,0.6932713389396667,0.3454379141330719,-0.2587606906890869,0.788110077381134,0.6718117594718933,0.35348138213157654,-0.2733875811100006,0.9048405885696411,0.6911705136299133,0.3336230218410492,-0.26875433325767517,0.7935307025909424,0.6752924919128418,0.3413079082965851,-0.2819797396659851,0.9046409130096436,0.6917114853858948,0.3318905532360077,-0.22880709171295166,0.7511284351348877,0.6730296611785889,0.3386401832103729,-0.24507689476013184,0.8668329119682312,0.6884261965751648,0.4029078185558319,0.019490422680974007,0.9926018118858337,0.6493510007858276,0.40085068345069885,-0.01937614008784294,0.995814323425293,0.689020037651062,0.5065685510635376,-0.05458754301071167,0.8435726165771484,0.6505447626113892,0.5096609592437744,-0.03337334468960762,0.9066779613494873,0.6523277163505554,0.5693734884262085,0.13946935534477234,0.7955611348152161,0.651452898979187,0.6013575196266174,0.09872366487979889,0.9172518849372864,0.6417914628982544,0.5714291930198669,0.15491119027137756,0.7520511746406555,0.6522582769393921,0.6140453815460205,0.10705280303955078,0.8153476119041443,0.6493462324142456,0.6102915406227112,0.07687442004680634,0.8275232315063477,0.652439296245575,0.6399192810058594,0.0045172590762376785,0.8939248919487
100,0.6865092515945435,0.23226822912693024,-0.26235121488571167,0.9988130927085876,0.6891191601753235,0.22194117307662964,-0.25127938389778137,0.996681809425354,0.6906713843345642,0.22162918746471405,-0.25130897760391235,0.9959695339202881,0.6921147108078003,0.2211763709783554,-0.2513570785522461,0.9962212443351746,0.6830385327339172,0.22025629878044128,-0.26176777482032776,0.9973779320716858,0.6803007125854492,0.2189018577337265,-0.261806458234787,0.9969359040260315,0.6773784160614014,0.217458114027977,-0.2618519067764282,0.9974161386489868,0.6908705830574036,0.21792346239089966,-0.1481465995311737,0.9931752681732178,0.6710397005081177,0.21437951922416687,-0.19515779614448547,0.9964475035667419,0.6871416568756104,0.23900143802165985,-0.21881771087646484,0.9988476037979126,0.6803930401802063,0.23731298744678497,-0.23248231410980225,0.9992355108261108,0.7038974165916443,0.2556880712509155,-0.05688326433300972,0.9997788071632385,0.6373759508132935,0.2606270909309387,-0.12634411454200745,0.9998030066490173,0.7135350704193115,0.3292243182659149,-0.07307963818311691,0.9033858180046082,0.6269205808639526,0.33609917759895325,-0.13841772079467773,0.9578031301498413,0.7004368305206299,0.34201106429100037,-0.2470051795244217,0.8523164987564087,0.6657935976982117,0.3474397659301758,-0.23864273726940155,0.9368731379508972,0.6950933933258057,0.34701818227767944,-0.28638479113578796,0.7910914421081543,0.6751822233200073,0.3536432087421417,-0.2692486643791199,0.9090641140937805,0.69306880235672,0.33493179082870483,-0.2963416576385498,0.7964197993278503,0.6787574291229248,0.34145912528038025,-0.2782783508300781,0.9087892174720764,0.6936525106430054,0.3332940638065338,-0.25499436259269714,0.7537106871604919,0.676081120967865,0.3391112685203552,-0.2419818937778473,0.8710965514183044,0.6903935670852661,0.40390852093696594,0.018344014883041382,0.9928541779518127,0.6514765024185181,0.4021843671798706,-0.018234681338071823,0.9957739114761353,0.6899923086166382,0.5074211955070496,-0.04355384036898613,0.8534935116767883,0.6512162685394287,0.5097724199295044,-0.03158145770430565,0.9116104245185852,0.6621527671813965,0.5804787278175354,0.12281252443790436,0.803512692451477,0.6514497995376587,0.601573646068573,0.09472136199474335,0.9194685220718384,0.6536499261856079,0.5850049257278442,0.13543257117271423,0.7556622624397278,0.6511369943618774,0.6131795048713684,0.10201291739940643,0.8104990720748901,0.6628144979476929,0.6202229857444763,0.048216938972473145,0.8338027000427246,0.6525208353996277,0.640325665473938,-0.0020668855868279934,0.89541095495224
101,0.687836766242981,0.23266802728176117,-0.24684730172157288,0.9988626837730408,0.6907896995544434,0.2221124768257141,-0.2327597439289093,0.9968357682228088,0.6924606561660767,0.22182923555374146,-0.2327817678451538,0.9961522817611694,0.6939953565597534,0.22141656279563904,-0.23283147811889648,0.9963633418083191,0.6844991445541382,0.22041240334510803,-0.23783323168754578,0.9974660873413086,0.681776762008667,0.2190937101840973,-0.2378641664981842,0.9970508217811584,0.67891526222229,0.21771904826164246,-0.23789334297180176,0.9975051283836365,0.6930807828903198,0.21848438680171967,-0.12358268350362778,0.993492603302002,0.6729578375816345,0.21497733891010284,-0.15716616809368134,0.996637761592865,0.6885908842086792,0.23956042528152466,-0.20188076794147491,0.9989089965820312,0.6817072033882141,0.23781919479370117,-0.20905454456806183,0.999273419380188,0.7068639993667603,0.25807031989097595,-0.039919447153806686,0.9997935891151428,0.6392805576324463,0.2608696222305298,-0.09061907231807709,0.9998118877410889,0.7148072719573975,0.33160480856895447,-0.06212104484438896,0.9080596566200256,0.6275163888931274,0.3364018499851227,-0.1173279881477356,0.961079478263855,0.7021766304969788,0.34438738226890564,-0.2227400243282318,0.8607346415519714,0.6660897731781006,0.34790703654289246,-0.23203317821025848,0.9407428503036499,0.6961231231689453,0.35006818175315857,-0.26030370593070984,0.8013239502906799,0.675944983959198,0.354928582906723,-0.2635312080383301,0.9135650992393494,0.6939311027526855,0.3371686339378357,-0.2709256708621979,0.806331992149353,0.6791965365409851,0.34256449341773987,-0.27255111932754517,0.913250207901001,0.6947533488273621,0.33528420329093933,-0.23083467781543732,0.7645530700683594,0.6765261888504028,0.3399496376514435,-0.23565849661827087,0.8765169382095337,0.6918655633926392,0.40817514061927795,0.017718102782964706,0.9934374690055847,0.6524502635002136,0.40629884600639343,-0.017633626237511635,0.9960358738899231,0.6925134658813477,0.516390860080719,-0.043778903782367706,0.8651347160339355,0.6513760685920715,0.5164660215377808,-0.032008882611989975,0.9168679714202881,0.6661723852157593,0.5976396799087524,0.13299444317817688,0.8140665888786316,0.6514137387275696,0.6039690375328064,0.11541662365198135,0.9201762080192566,0.6609306931495667,0.6030458211898804,0.14621809124946594,0.7565415501594543,0.6511069536209106,0.6134840846061707,0.12637023627758026,0.7979706525802612,0.6683356761932373,0.6346922516822815,0.05914289876818657,0.8405356407165527,0.6515123248100281,0.6403204202651978,0.026362929493188858,0.8962695598602295
102,0.689998984336853,0.2330245077610016,-0.24119329452514648,0.9989147782325745,0.6929492354393005,0.22238264977931976,-0.2286279946565628,0.9969815611839294,0.694556474685669,0.22215867042541504,-0.22866037487983704,0.9963331818580627,0.6960685849189758,0.2218286395072937,-0.2287081927061081,0.9965141415596008,0.6869568228721619,0.22068502008914948,-0.2358592450618744,0.9975486397743225,0.6843668222427368,0.21941810846328735,-0.2358875721693039,0.9971525073051453,0.6816469430923462,0.21810540556907654,-0.23592233657836914,0.9975860714912415,0.6951206922531128,0.2196122705936432,-0.1235567182302475,0.9938064813613892,0.6754018068313599,0.21574361622333527,-0.1578715741634369,0.9968054294586182,0.690578281879425,0.24017234146595,-0.19767308235168457,0.9989680647850037,0.6839857697486877,0.23830822110176086,-0.20740874111652374,0.9993112087249756,0.7096223831176758,0.26011425256729126,-0.04112908989191055,0.9998049139976501,0.6407201886177063,0.26086166501045227,-0.08561667799949646,0.9998156428337097,0.7146788835525513,0.33242589235305786,-0.05615232139825821,0.9115054607391357,0.6284401416778564,0.3361878991127014,-0.10594826936721802,0.9635242223739624,0.7033544778823853,0.34900161623954773,-0.22429227828979492,0.8673951625823975,0.6678414344787598,0.3488978147506714,-0.2286337912082672,0.9428914785385132,0.6976464986801147,0.3550267815589905,-0.2631687521934509,0.8100308775901794,0.6779694557189941,0.357575923204422,-0.2608557343482971,0.915573000907898,0.6958600282669067,0.34081825613975525,-0.27650272846221924,0.814809262752533,0.6807664632797241,0.34411412477493286,-0.269919216632843,0.9152490496635437,0.6963826417922974,0.33873477578163147,-0.2331937551498413,0.7736923098564148,0.67804354429245,0.34115949273109436,-0.2324666678905487,0.8786174654960632,0.6929615139961243,0.40997225046157837,0.01244936604052782,0.9939370155334473,0.6535167694091797,0.40747299790382385,-0.012365893460810184,0.996262788772583,0.6932410001754761,0.5189311504364014,-0.04036048427224159,0.8772625923156738,0.6515698432922363,0.5188862085342407,-0.022856827825307846,0.923401415348053,0.6740076541900635,0.6027915477752686,0.16319520771503448,0.8289005160331726,0.6526086926460266,0.604602038860321,0.1402401477098465,0.9256795644760132,0.6686228513717651,0.6084260940551758,0.17761480808258057,0.7635477185249329,0.6527353525161743,0.6135187745094299,0.15132562816143036,0.7982103228569031,0.6765569448471069,0.642918050289154,0.07891570776700974,0.8514582514762878,0.651528000831604,0.6407613158226013,0.045542433857917786,0.9027590155601501
103,0.6911941766738892,0.23297381401062012,-0.2288791686296463,0.9989857077598572,0.6943507790565491,0.22233746945858002,-0.21763893961906433,0.9971818327903748,0.6960495710372925,0.22214676439762115,-0.21767783164978027,0.9965787529945374,0.6976537704467773,0.22186724841594696,-0.2177191972732544,0.9967311024665833,0.6881811618804932,0.22064842283725739,-0.22330811619758606,0.9976915717124939,0.6856735348701477,0.219416081905365,-0.22332367300987244,0.9973227977752686,0.6830362677574158,0.21815776824951172,-0.22335341572761536,0.9977237582206726,0.6972626447677612,0.22016777098178864,-0.11714321374893188,0.9941918849945068,0.6774854063987732,0.21616071462631226,-0.14605458080768585,0.9970356822013855,0.6922560930252075,0.24026288092136383,-0.1874428391456604,0.9990329146385193,0.685437798500061,0.23835641145706177,-0.19516949355602264,0.9993550777435303,0.7125828266143799,0.260897696018219,-0.03923103213310242,0.99981689453125,0.6429873704910278,0.26075151562690735,-0.07796400785446167,0.9998247027397156,0.7149125337600708,0.33130472898483276,-0.054279930889606476,0.9145116209983826,0.6298021078109741,0.33615097403526306,-0.09806640446186066,0.9660717844963074,0.7052730321884155,0.35260024666786194,-0.21686065196990967,0.8747473359107971,0.6696373224258423,0.3492339551448822,-0.22024908661842346,0.9457643628120422,0.6997628808021545,0.3602082431316376,-0.2570071816444397,0.8199341893196106,0.6803864240646362,0.3586045205593109,-0.2528459429740906,0.9188359975814819,0.6980002522468567,0.3456646502017975,-0.27012899518013,0.8244754672050476,0.6835688352584839,0.3451239764690399,-0.2639003396034241,0.9184733629226685,0.6985026597976685,0.343112975358963,-0.22883340716362,0.7844879031181335,0.68067467212677,0.34216728806495667,-0.2253071814775467,0.8827928900718689,0.6940167546272278,0.4118151366710663,0.01164026279002428,0.9944296479225159,0.6545839905738831,0.40932175517082214,-0.011562923900783062,0.9965168833732605,0.6939369440078735,0.5238742828369141,-0.01606500707566738,0.8879541754722595,0.6517513990402222,0.5211454033851624,-0.016318118199706078,0.9295452237129211,0.6819207668304443,0.6158071756362915,0.1335897296667099,0.843306303024292,0.653885006904602,0.6065292358398438,0.1201539859175682,0.9306798577308655,0.6756924390792847,0.6232950091362,0.14147791266441345,0.7740193009376526,0.6550634503364563,0.6163710951805115,0.12831005454063416,0.7981582283973694,0.6904629468917847,0.6572809815406799,0.041544895619153976,0.8625549077987671,0.6520265936851501,0.6413509845733643,0.02512165904045105,0.9087544679641724
104,0.6940991282463074,0.23341922461986542,-0.23102204501628876,0.9989978671073914,0.6973830461502075,0.22261899709701538,-0.22005760669708252,0.9972221851348877,0.6989994049072266,0.22247298061847687,-0.2201002538204193,0.9966436624526978,0.7005035877227783,0.22225743532180786,-0.22014792263507843,0.9967624545097351,0.6912797689437866,0.22093206644058228,-0.22703143954277039,0.99770587682724,0.6887272000312805,0.21973425149917603,-0.22704926133155823,0.9973505735397339,0.6861030459403992,0.21854153275489807,-0.2270851880311966,0.9977329969406128,0.6996954083442688,0.22095347940921783,-0.12029963731765747,0.994183361530304,0.6802476644515991,0.21687303483486176,-0.15348228812217712,0.9971507787704468,0.6949437856674194,0.24097181856632233,-0.1896151304244995,0.9990394711494446,0.688073456287384,0.23903651535511017,-0.1990375518798828,0.9993637800216675,0.7146626710891724,0.262393593788147,-0.040438003838062286,0.9998222589492798,0.6452854871749878,0.26080968976020813,-0.08327092230319977,0.9998273849487305,0.715222179889679,0.33089789748191833,-0.050112731754779816,0.9112694263458252,0.6318173408508301,0.3367372155189514,-0.10964898765087128,0.9682164788246155,0.7061837911605835,0.3525109887123108,-0.2139481008052826,0.8737594485282898,0.67186439037323,0.34990808367729187,-0.22870361804962158,0.9479269981384277,0.7015519738197327,0.3604409992694855,-0.25319868326187134,0.8204599022865295,0.6827279925346375,0.35955432057380676,-0.26099902391433716,0.9211200475692749,0.699245274066925,0.3474128842353821,-0.2657376229763031,0.8250371217727661,0.6857894659042358,0.34684258699417114,-0.27132123708724976,0.9207146763801575,0.6994091272354126,0.3446514308452606,-0.22423584759235382,0.7845911979675293,0.6826285123825073,0.34375467896461487,-0.23335817456245422,0.8853350281715393,0.6956155896186829,0.41337624192237854,0.011421753093600273,0.9948851466178894,0.6557331085205078,0.4103517532348633,-0.011344684287905693,0.9967231154441833,0.6950945854187012,0.5258165001869202,-0.015956079587340355,0.8979968428611755,0.6523331999778748,0.52085942029953,0.005162439309060574,0.9345932006835938,0.690138578414917,0.6213268637657166,0.1081085354089737,0.8567231297492981,0.6558616757392883,0.6058660745620728,0.16281047463417053,0.9338922500610352,0.6834858059883118,0.6291229128837585,0.11429895460605621,0.7825028896331787,0.657670259475708,0.6159387826919556,0.17334213852882385,0.7924768924713135,0.695925772190094,0.6645392775535583,0.010303088463842869,0.8729067444801331,0.6546246409416199,0.6417211294174194,0.07485850900411606,0.9129769802093506
105,0.6972198486328125,0.2353447824716568,-0.23299570381641388,0.9989423155784607,0.7005308866500854,0.22476054728031158,-0.22213439643383026,0.997104287147522,0.7021533250808716,0.22466863691806793,-0.2221803367137909,0.9965165853500366,0.7036615610122681,0.22453048825263977,-0.22222772240638733,0.9965742826461792,0.6944020986557007,0.22305618226528168,-0.230376198887825,0.9976212382316589,0.6917107701301575,0.2218712419271469,-0.2304040491580963,0.9972712993621826,0.6890612840652466,0.22068184614181519,-0.23045428097248077,0.9976498484611511,0.7030360102653503,0.22341389954090118,-0.1217719316482544,0.9936932921409607,0.6832667589187622,0.21889503300189972,-0.15970207750797272,0.9972021579742432,0.6979517936706543,0.24316352605819702,-0.19119074940681458,0.9989805221557617,0.691017746925354,0.24119499325752258,-0.202066108584404,0.999342679977417,0.7167395949363708,0.26459071040153503,-0.040586456656455994,0.9998151659965515,0.6476366519927979,0.26208025217056274,-0.09591542184352875,0.9998288750648499,0.7154639363288879,0.3315632939338684,-0.04924631118774414,0.8952834010124207,0.6342894434928894,0.337439626455307,-0.13064110279083252,0.9701472520828247,0.7069658041000366,0.3550105690956116,-0.21256789565086365,0.8571194410324097,0.674070417881012,0.35134199261665344,-0.24881306290626526,0.9500749707221985,0.7027894258499146,0.36367669701576233,-0.2510055601596832,0.8074975609779358,0.6856268048286438,0.3610239624977112,-0.2819478213787079,0.9236038327217102,0.7009269595146179,0.3510890305042267,-0.2646595239639282,0.8123022317886353,0.6887593865394592,0.3490507900714874,-0.29157546162605286,0.9231790900230408,0.7008745074272156,0.3479524254798889,-0.22268791496753693,0.7712063193321228,0.6854968667030334,0.3460502624511719,-0.2532299757003784,0.8882692456245422,0.6974229216575623,0.4180801212787628,0.011900179088115692,0.995323896408081,0.6570014953613281,0.41476038098335266,-0.011809548363089561,0.9969266653060913,0.695686936378479,0.5300010442733765,-0.02028617262840271,0.9071440100669861,0.6528578400611877,0.521905779838562,0.028456827625632286,0.9386598467826843,0.6934471130371094,0.6273908019065857,0.08394506573677063,0.8690384030342102,0.655674159526825,0.6054326295852661,0.20879466831684113,0.9353667497634888,0.6862589120864868,0.6386411190032959,0.08873684704303741,0.7926731705665588,0.6573951840400696,0.615553081035614,0.22198346257209778,0.7854176163673401,0.7007688283920288,0.6746457815170288,-0.017468098551034927,0.8826355934143066,0.6545900106430054,0.6417407989501953,0.1296779364347458,0.9155535101890564
106,0.6996880769729614,0.237404003739357,-0.24261467158794403,0.9988521337509155,0.7031371593475342,0.22687846422195435,-0.2322494089603424,0.9968530535697937,0.7048429250717163,0.22683805227279663,-0.23229341208934784,0.9962305426597595,0.706424355506897,0.22676028311252594,-0.23234042525291443,0.9962092638015747,0.6969229578971863,0.22513385117053986,-0.24088653922080994,0.9974706172943115,0.6942309141159058,0.22398100793361664,-0.24092476069927216,0.9971194267272949,0.6916148662567139,0.22282972931861877,-0.24098071455955505,0.9975176453590393,0.7062197923660278,0.2256004959344864,-0.1319667398929596,0.9926921129226685,0.6864539384841919,0.220945343375206,-0.17052558064460754,0.9971901774406433,0.7006920576095581,0.24507766962051392,-0.2004944533109665,0.9988662600517273,0.6936911940574646,0.2432725578546524,-0.21174056828022003,0.9993014931678772,0.7199514508247375,0.2668127715587616,-0.045889660716056824,0.9997966885566711,0.6507600545883179,0.2628175914287567,-0.10444559156894684,0.9998308420181274,0.7184739112854004,0.3336530029773712,-0.04914013668894768,0.8768082857131958,0.6363335847854614,0.3384612500667572,-0.13126850128173828,0.9720417857170105,0.709356963634491,0.35650956630706787,-0.2109367549419403,0.8314850926399231,0.6761760711669922,0.35431942343711853,-0.2457699477672577,0.952475905418396,0.7058868408203125,0.36565250158309937,-0.2462300807237625,0.7857246994972229,0.687883734703064,0.3643415570259094,-0.2782735824584961,0.9265360832214355,0.7039667963981628,0.3526906669139862,-0.26356998085975647,0.790877640247345,0.6913173794746399,0.3524611294269562,-0.2876116633415222,0.926111102104187,0.7032517194747925,0.34902089834213257,-0.2223149985074997,0.749000608921051,0.6878783702850342,0.34925803542137146,-0.24985043704509735,0.8918699026107788,0.6985355019569397,0.4211307168006897,0.011296902783215046,0.9957139492034912,0.6579951643943787,0.4166361689567566,-0.011201472021639347,0.9970977902412415,0.6961154937744141,0.5325624346733093,-0.03050575591623783,0.9154369831085205,0.6533862948417664,0.5229322910308838,0.04365428537130356,0.9422032833099365,0.7020822763442993,0.6338256597518921,0.055262286216020584,0.8804411292076111,0.6553913354873657,0.6051799654960632,0.2312811315059662,0.9365617632865906,0.6970774531364441,0.6448850631713867,0.058058738708496094,0.8012940883636475,0.6569191217422485,0.6153590083122253,0.2453596591949463,0.7792763710021973,0.7073410749435425,0.6798112988471985,-0.05268476530909538,0.8917262554168701,0.6543861627578735,0.6419221758842468,0.1547972708940506,0.9178341627120972
107,0.7034416198730469,0.2397383153438568,-0.2428113967180252,0.9986238479614258,0.7070103883743286,0.22931823134422302,-0.2329474240541458,0.9961526989936829,0.7086858749389648,0.22935651242733002,-0.23298437893390656,0.9954032897949219,0.7102396488189697,0.22934682667255402,-0.23302443325519562,0.9952867031097412,0.7010641694068909,0.22729867696762085,-0.2432006150484085,0.9970393180847168,0.6984279155731201,0.22603364288806915,-0.24324698746204376,0.9966269135475159,0.6958345174789429,0.2247517704963684,-0.2433135211467743,0.9971052408218384,0.7100468873977661,0.2279190868139267,-0.1338396966457367,0.9896984696388245,0.6904373168945312,0.22251898050308228,-0.17991609871387482,0.9969508647918701,0.7041357755661011,0.2474803775548935,-0.20076346397399902,0.9985629916191101,0.697441816329956,0.2454163283109665,-0.21390756964683533,0.999171793460846,0.7236238121986389,0.2697729468345642,-0.0435965433716774,0.9997621178627014,0.6538426280021667,0.2637236714363098,-0.11798195540904999,0.9998340010643005,0.7215638160705566,0.3391181230545044,-0.04394594579935074,0.8558389544487,0.6386938691139221,0.33976998925209045,-0.12735110521316528,0.9740215539932251,0.7108825445175171,0.35974282026290894,-0.2031874656677246,0.8003361225128174,0.6788362264633179,0.3575217127799988,-0.21066904067993164,0.9545251131057739,0.7072321176528931,0.3682839274406433,-0.23662838339805603,0.7567323446273804,0.6904568076133728,0.3670315742492676,-0.23858240246772766,0.9285379648208618,0.705778956413269,0.3553999364376068,-0.2534239888191223,0.7625487446784973,0.6939259767532349,0.3553239107131958,-0.24987368285655975,0.928115725517273,0.705289363861084,0.3514774441719055,-0.21422621607780457,0.7196761965751648,0.6905789375305176,0.35222169756889343,-0.2144022285938263,0.8940191268920898,0.7001681327819824,0.42388662695884705,0.013454662635922432,0.9960336089134216,0.6594408750534058,0.41880616545677185,-0.013355717062950134,0.9972158670425415,0.6978840827941895,0.5358266234397888,-0.03182122856378555,0.9227116107940674,0.6539854407310486,0.5247036814689636,0.042392097413539886,0.9453092813491821,0.7070437669754028,0.6420743465423584,0.033219609409570694,0.8907506465911865,0.6553577184677124,0.6070831418037415,0.23384490609169006,0.9368156790733337,0.7021444439888,0.6570193767547607,0.03347458690404892,0.8088780045509338,0.6561606526374817,0.617679238319397,0.24796977639198303,0.7701095342636108,0.7130560278892517,0.6859186887741089,-0.08250787109136581,0.8998854756355286,0.6542260646820068,0.6426141262054443,0.15475845336914062,0.9192940592765808
108,0.7060555219650269,0.2432728260755539,-0.2500995993614197,0.9986217617988586,0.7100757956504822,0.23284612596035004,-0.24026787281036377,0.9961317181587219,0.711962103843689,0.23292823135852814,-0.24030223488807678,0.9953622817993164,0.7137067914009094,0.23289431631565094,-0.24033614993095398,0.9952061176300049,0.7035720348358154,0.23054184019565582,-0.2490512579679489,0.9970529079437256,0.700799286365509,0.22908858954906464,-0.24909904599189758,0.9966307282447815,0.6981666088104248,0.22762145102024078,-0.24915990233421326,0.9971102476119995,0.7143412828445435,0.23082974553108215,-0.13900695741176605,0.9890964031219482,0.6935675144195557,0.22479748725891113,-0.17842049896717072,0.9970110058784485,0.7072885036468506,0.250743567943573,-0.20723171532154083,0.9985042810440063,0.7001964449882507,0.24838323891162872,-0.2185191661119461,0.999151885509491,0.7274478673934937,0.2739231288433075,-0.044808529317379,0.9997439384460449,0.65733802318573,0.26513224840164185,-0.11342163383960724,0.9998397827148438,0.7255757451057434,0.34535491466522217,-0.04430745169520378,0.8429651260375977,0.6408618092536926,0.3405952751636505,-0.11907913535833359,0.9756850004196167,0.7148240804672241,0.36394068598747253,-0.2032073438167572,0.7762691974639893,0.6805127859115601,0.35934144258499146,-0.20136873424053192,0.9561794996261597,0.7105268239974976,0.3721555173397064,-0.23676466941833496,0.7329345941543579,0.692170262336731,0.369019478559494,-0.2286963015794754,0.9298300743103027,0.7111181616783142,0.3591724932193756,-0.252723753452301,0.7391802668571472,0.6957015991210938,0.3573232889175415,-0.24119992554187775,0.9294059872627258,0.7108306288719177,0.3553924858570099,-0.21380122005939484,0.6949239373207092,0.6925708651542664,0.35405489802360535,-0.20564261078834534,0.89547199010849,0.7013577222824097,0.4267290234565735,0.01320822536945343,0.9963545203208923,0.6606119871139526,0.4210464358329773,-0.013109509833157063,0.9973615407943726,0.6994327306747437,0.5382816791534424,-0.042421434074640274,0.9292644262313843,0.6547129154205322,0.527243435382843,0.0551232285797596,0.9479900598526001,0.7101309895515442,0.6493263840675354,0.0031096129678189754,0.9001821279525757,0.6543870568275452,0.6102553009986877,0.24904079735279083,0.9367414712905884,0.7062118649482727,0.6655099987983704,0.001262981677427888,0.8164928555488586,0.65412437915802,0.6204943060874939,0.2634665369987488,0.7635690569877625,0.7162437438964844,0.691774308681488,-0.118949756026268,0.9074013829231262,0.6525880098342896,0.6439505219459534,0.17053382098674774,0.9204488396644592
109,0.7110329270362854,0.24441079795360565,-0.24802687764167786,0.9986322522163391,0.7150889039039612,0.23373572528362274,-0.23754361271858215,0.996152400970459,0.7168800234794617,0.23387600481510162,-0.237574502825737,0.9953745007514954,0.7184858322143555,0.23396237194538116,-0.23760123550891876,0.995201051235199,0.7087994813919067,0.23137034475803375,-0.24697689712047577,0.9970927238464355,0.7061053514480591,0.2299625426530838,-0.24702322483062744,0.9966660141944885,0.7034654021263123,0.22855111956596375,-0.24708299338817596,0.9971345663070679,0.7184690237045288,0.2326011210680008,-0.13566939532756805,0.9886663556098938,0.6986346244812012,0.2261790633201599,-0.17750932276248932,0.997061014175415,0.7117215394973755,0.25224101543426514,-0.20514746010303497,0.9984726309776306,0.7048689126968384,0.2497154325246811,-0.217350035905838,0.9991452693939209,0.7307522892951965,0.27876535058021545,-0.043797485530376434,0.9997259974479675,0.6618436574935913,0.2667711079120636,-0.11530877649784088,0.9998418092727661,0.7293382883071899,0.35270604491233826,-0.04905787110328674,0.832828938961029,0.6444355249404907,0.34147757291793823,-0.13410544395446777,0.9770612716674805,0.7171766757965088,0.3684210181236267,-0.21255788207054138,0.760002851486206,0.6832970380783081,0.36049139499664307,-0.229832261800766,0.9572648406028748,0.7124851942062378,0.3766009211540222,-0.24674412608146667,0.7164897322654724,0.6941172480583191,0.3704895079135895,-0.25932642817497253,0.9302806258201599,0.7131243944168091,0.36361151933670044,-0.2613080143928528,0.7232133150100708,0.6982333064079285,0.3592154085636139,-0.2700822353363037,0.9298161864280701,0.7125041484832764,0.36046963930130005,-0.22238454222679138,0.677119255065918,0.6952448487281799,0.35599786043167114,-0.23384162783622742,0.8956160545349121,0.7047668695449829,0.43059250712394714,0.014551696367561817,0.9966661334037781,0.6635591387748718,0.42433345317840576,-0.014473594725131989,0.9975231289863586,0.7040839791297913,0.5428316593170166,-0.03926294669508934,0.9356842637062073,0.6555875539779663,0.5290161371231079,0.06289917230606079,0.9512667059898376,0.7144160270690918,0.6524805426597595,0.014584138989448547,0.9093582034111023,0.6523072123527527,0.6102403402328491,0.2655344009399414,0.9392428994178772,0.7098604440689087,0.6667822003364563,0.01351083256304264,0.8265267014503479,0.651650071144104,0.6197874546051025,0.28061443567276,0.7611645460128784,0.7214041948318481,0.6949554085731506,-0.10946907103061676,0.9152820706367493,0.6513839960098267,0.6441074013710022,0.18519890308380127,0.923981785774231
110,0.7143850922584534,0.24643808603286743,-0.24730129539966583,0.9986823201179504,0.718673050403595,0.23577912151813507,-0.23677757382392883,0.9962889552116394,0.7205291390419006,0.2359003871679306,-0.23680739104747772,0.9955382347106934,0.7221983671188354,0.23599690198898315,-0.23683395981788635,0.9953628778457642,0.7123058438301086,0.23340007662773132,-0.2455095499753952,0.9971922039985657,0.7096126079559326,0.23195120692253113,-0.24555203318595886,0.9967718720436096,0.7070337533950806,0.23051030933856964,-0.24560651183128357,0.9972108006477356,0.7227041721343994,0.2347666174173355,-0.13518697023391724,0.9889297485351562,0.7028713822364807,0.22813503444194794,-0.1770515739917755,0.997137188911438,0.7154207229614258,0.2543836534023285,-0.20466108620166779,0.9985201358795166,0.7085024118423462,0.2517264187335968,-0.21604487299919128,0.9991632699966431,0.7349258661270142,0.28150320053100586,-0.04634774476289749,0.9997327327728271,0.6664368510246277,0.26747646927833557,-0.11335301399230957,0.9998422265052795,0.7351436614990234,0.35807594656944275,-0.054635919630527496,0.8352646827697754,0.6477365493774414,0.34311315417289734,-0.1329336017370224,0.977545976638794,0.7188348770141602,0.37197351455688477,-0.21211457252502441,0.7590532898902893,0.6858947277069092,0.36148351430892944,-0.2435624897480011,0.9574922323226929,0.7136465311050415,0.3783017694950104,-0.24454960227012634,0.7136844396591187,0.6960737109184265,0.3715507388114929,-0.2744200825691223,0.9298741817474365,0.7139697074890137,0.3653624355792999,-0.2562251091003418,0.7201682329177856,0.700201153755188,0.3610039949417114,-0.2841801047325134,0.9293651580810547,0.7144474387168884,0.3621552288532257,-0.22054782509803772,0.6724480390548706,0.6975122094154358,0.35787373781204224,-0.24781951308250427,0.8947909474372864,0.7075002789497375,0.4327092468738556,0.013492926955223083,0.996968150138855,0.6659355759620667,0.4258817732334137,-0.013435806147754192,0.9976919293403625,0.7068742513656616,0.5457342267036438,-0.044388893991708755,0.9417002201080322,0.6583113074302673,0.5298886299133301,0.0684528648853302,0.9545762538909912,0.7152329683303833,0.6542219519615173,0.015968317165970802,0.9178459048271179,0.6522295475006104,0.609722375869751,0.28379613161087036,0.9420061707496643,0.7111780047416687,0.6650762557983398,0.015964919701218605,0.8362717032432556,0.6517413258552551,0.6182693839073181,0.3008273243904114,0.7625231742858887,0.7193915247917175,0.6954739093780518,-0.10371311008930206,0.9226826429367065,0.6504613757133484,0.6440039873123169,0.21407504379749298,0.9278647899627686
111,0.7191498875617981,0.24799005687236786,-0.2425198256969452,0.998710572719574,0.7233309745788574,0.2374744415283203,-0.2322758436203003,0.9963729977607727,0.7250348329544067,0.23760554194450378,-0.23230037093162537,0.9956225156784058,0.7265997529029846,0.23770233988761902,-0.23231716454029083,0.9954493641853333,0.717488706111908,0.23499716818332672,-0.24141450226306915,0.9972674250602722,0.7150329351425171,0.23348619043827057,-0.24146702885627747,0.9968495965003967,0.712563157081604,0.23196545243263245,-0.24153701961040497,0.9972694516181946,0.7269624471664429,0.23647204041481018,-0.13100220263004303,0.9889466762542725,0.7079982161521912,0.22955921292304993,-0.17322193086147308,0.9972079992294312,0.7197740077972412,0.2558107376098633,-0.19985978305339813,0.9985674619674683,0.7132973670959473,0.2532939016819,-0.21176958084106445,0.9991814494132996,0.7394006848335266,0.28335216641426086,-0.03901994600892067,0.999742329120636,0.6705905795097351,0.2682249844074249,-0.1115119457244873,0.9998478293418884,0.7401498556137085,0.3607754409313202,-0.040854837745428085,0.8369118571281433,0.6512404680252075,0.3443273901939392,-0.13787402212619781,0.9785666465759277,0.7233975529670715,0.3755439519882202,-0.19011887907981873,0.7585432529449463,0.6891393065452576,0.3632802665233612,-0.2532937526702881,0.9590986371040344,0.71791011095047,0.3808194696903229,-0.22197361290454865,0.7115834951400757,0.6994568109512329,0.37349933385849,-0.28535181283950806,0.9319330453872681,0.7193091511726379,0.3675432801246643,-0.23438718914985657,0.7181216478347778,0.703728199005127,0.36275020241737366,-0.2954978346824646,0.9313806891441345,0.719873309135437,0.3647351562976837,-0.19806773960590363,0.6686244606971741,0.7010642290115356,0.35956236720085144,-0.2576395273208618,0.8972734212875366,0.7108973264694214,0.434575617313385,0.013959008269011974,0.9972487092018127,0.669347882270813,0.4276103675365448,-0.013909833505749702,0.9978669881820679,0.7087857723236084,0.5492249727249146,-0.0481603778898716,0.9470527172088623,0.6607468724250793,0.5344725251197815,0.057480793446302414,0.957221269607544,0.7157605886459351,0.6578443646430969,0.016394738107919693,0.9252951741218567,0.6520398855209351,0.6093973517417908,0.2938879132270813,0.941490650177002,0.7112587094306946,0.6682062149047852,0.016951216384768486,0.8440859913825989,0.6517521142959595,0.617001473903656,0.3135371804237366,0.7558981776237488,0.7192859053611755,0.6979283690452576,-0.1005166620016098,0.929044246673584,0.6494663953781128,0.643920361995697,0.2327456921339035,0.9289399981498718
112,0.7235552668571472,0.24820049107074738,-0.24907203018665314,0.9987531900405884,0.7278258800506592,0.23782025277614594,-0.23885861039161682,0.9964783787727356,0.7294804453849792,0.2379472255706787,-0.23888103663921356,0.995745837688446,0.7310620546340942,0.23802967369556427,-0.23890383541584015,0.9955742955207825,0.7222162485122681,0.2352788895368576,-0.24752891063690186,0.9973445534706116,0.7199419736862183,0.2337096631526947,-0.24758145213127136,0.9969387650489807,0.7175904512405396,0.23214681446552277,-0.24764397740364075,0.9973343014717102,0.731540858745575,0.23697978258132935,-0.13704988360404968,0.9891257286071777,0.7128463387489319,0.2298174351453781,-0.17645858228206635,0.9972825050354004,0.7241894602775574,0.2561178207397461,-0.20619924366474152,0.9986222982406616,0.7178657054901123,0.25357958674430847,-0.2175830900669098,0.9992038011550903,0.7442814111709595,0.28337499499320984,-0.04242805019021034,0.9997549653053284,0.6761004328727722,0.26797208189964294,-0.11423011124134064,0.9998531937599182,0.7461363077163696,0.3604932725429535,-0.03804566711187363,0.8437526822090149,0.6561179757118225,0.344126433134079,-0.13911069929599762,0.9795016646385193,0.7262712121009827,0.3786581754684448,-0.17895694077014923,0.7674635052680969,0.6917296648025513,0.36516740918159485,-0.2545836269855499,0.9606068134307861,0.72034752368927,0.38446372747421265,-0.21109601855278015,0.7188077569007874,0.7018843293190002,0.375882089138031,-0.2874646782875061,0.9339219927787781,0.7213295698165894,0.3711894452571869,-0.22524750232696533,0.7253056764602661,0.7062519788742065,0.36509257555007935,-0.298824280500412,0.9333710074424744,0.7222382426261902,0.36825329065322876,-0.187251478433609,0.675110399723053,0.7036891579627991,0.3617681562900543,-0.25949108600616455,0.8999046683311462,0.7142432928085327,0.43447569012641907,0.014890988357365131,0.9974957704544067,0.6728247404098511,0.42652302980422974,-0.014851178042590618,0.9980226159095764,0.7105376720428467,0.550229012966156,-0.033011890947818756,0.9516863226890564,0.6628724336624146,0.5340539216995239,0.047871463000774384,0.9595269560813904,0.7150859832763672,0.6580979228019714,0.029212843626737595,0.9317317605018616,0.6520280241966248,0.6092818975448608,0.26883167028427124,0.9417662620544434,0.7105200290679932,0.6692444682121277,0.03453497588634491,0.8496533036231995,0.6517816781997681,0.6168549060821533,0.28664082288742065,0.7495416402816772,0.7195921540260315,0.6989865899085999,-0.07352814078330994,0.9343315362930298,0.6494066715240479,0.6439384818077087,0.20126374065876007,0.9301445484161377
113,0.7297511100769043,0.24828307330608368,-0.2511964738368988,0.998774528503418,0.7341340780258179,0.2380494326353073,-0.24076929688453674,0.9965184330940247,0.7357740998268127,0.2381589412689209,-0.24079430103302002,0.9957939386367798,0.7373542785644531,0.23822148144245148,-0.24082104861736298,0.995621919631958,0.7284975647926331,0.23546910285949707,-0.24993547797203064,0.9973732829093933,0.7261427044868469,0.2338394820690155,-0.24998435378074646,0.9969742298126221,0.7237609624862671,0.2322339117527008,-0.2500411868095398,0.997352659702301,0.7373305559158325,0.23708206415176392,-0.13901452720165253,0.9890685677528381,0.7178431153297424,0.22965653240680695,-0.18039892613887787,0.9972962737083435,0.7299927473068237,0.25606095790863037,-0.2083834707736969,0.9986393451690674,0.723577618598938,0.2534593939781189,-0.2204495668411255,0.9992058277130127,0.7487932443618774,0.2836243808269501,-0.04623884707689285,0.999761164188385,0.679901123046875,0.26780471205711365,-0.11772958934307098,0.9998539686203003,0.7499834895133972,0.3604889512062073,-0.04008109122514725,0.8475631475448608,0.6604326963424683,0.3441447913646698,-0.1427685022354126,0.9801075458526611,0.7295745015144348,0.3785102963447571,-0.18590351939201355,0.7707464694976807,0.696264922618866,0.3655488193035126,-0.254204660654068,0.9612806439399719,0.7238306403160095,0.3843325972557068,-0.21889641880989075,0.7194667458534241,0.7060915231704712,0.3763863742351532,-0.2865925133228302,0.9346017837524414,0.7242583632469177,0.3715842664241791,-0.23213577270507812,0.7259822487831116,0.7106752395629883,0.3662758767604828,-0.2971155643463135,0.9340230226516724,0.7253094911575317,0.36862775683403015,-0.19412851333618164,0.6748082041740417,0.7082136869430542,0.36303094029426575,-0.2587127983570099,0.9005510210990906,0.7179749608039856,0.43496784567832947,0.01520781684666872,0.9977124333381653,0.6767258644104004,0.4260651469230652,-0.015173865482211113,0.9981487393379211,0.7122750282287598,0.5506107211112976,-0.024362199008464813,0.9558728933334351,0.6642288565635681,0.5338336229324341,0.05212268978357315,0.961570143699646,0.7148869633674622,0.6559252142906189,0.05271304398775101,0.937619149684906,0.6519914269447327,0.609593391418457,0.271991491317749,0.9432204961776733,0.7098939418792725,0.6673345565795898,0.05603451654314995,0.8558367490768433,0.6517148613929749,0.6168162822723389,0.2894454598426819,0.7465400695800781,0.7194818258285522,0.6984100937843323,-0.059422869235277176,0.9393395781517029,0.6494338512420654,0.6441555023193359,0.2014578878879547,0.9322487711906433
114,0.7328871488571167,0.24875058233737946,-0.25449317693710327,0.9988121390342712,0.7380135655403137,0.2383498102426529,-0.2444106787443161,0.9966108202934265,0.7398114204406738,0.23845553398132324,-0.2444339096546173,0.9959052801132202,0.7416011691093445,0.2384936809539795,-0.24446487426757812,0.9957413077354431,0.7320293188095093,0.2355622947216034,-0.2532408535480499,0.9974250793457031,0.7297483682632446,0.23382969200611115,-0.2532845437526703,0.9970361590385437,0.7272945642471313,0.2321184128522873,-0.25333690643310547,0.9973933696746826,0.7424046993255615,0.2371777892112732,-0.14246197044849396,0.9893336892127991,0.722474992275238,0.22929146885871887,-0.18232640624046326,0.9973331689834595,0.7335073947906494,0.2564310133457184,-0.2113891839981079,0.9986903667449951,0.7269524335861206,0.2535865008831024,-0.22310535609722137,0.9992258548736572,0.753583550453186,0.28425800800323486,-0.05084960535168648,0.9997718334197998,0.6840371489524841,0.26766568422317505,-0.11770570278167725,0.9998552203178406,0.7540988326072693,0.3624161183834076,-0.048281241208314896,0.8529738783836365,0.6645108461380005,0.3439960777759552,-0.14225193858146667,0.9799622297286987,0.7328429818153381,0.3790513575077057,-0.18679183721542358,0.7764244079589844,0.6988999247550964,0.36614879965782166,-0.2544844448566437,0.9600314497947693,0.7258986234664917,0.38429024815559387,-0.22098949551582336,0.7230944037437439,0.7083448171615601,0.3764166235923767,-0.2870343029499054,0.9325211644172668,0.7265006303787231,0.3712424635887146,-0.23604264855384827,0.7294920682907104,0.7129245400428772,0.36625805497169495,-0.297756165266037,0.9319286346435547,0.7282446026802063,0.3685867488384247,-0.19692368805408478,0.6776477694511414,0.7108129858970642,0.3632766604423523,-0.2592511773109436,0.8975672125816345,0.72178715467453,0.43603941798210144,0.015243293717503548,0.997911274433136,0.6801145076751709,0.42610082030296326,-0.015216308645904064,0.9982696771621704,0.7151292562484741,0.5529271364212036,-0.016324050724506378,0.9596928954124451,0.6660452485084534,0.5348014235496521,0.04875018820166588,0.9636843204498291,0.7149203419685364,0.6539389491081238,0.09514538198709488,0.9429423809051514,0.6520734429359436,0.6097589731216431,0.269337922334671,0.9455626010894775,0.7097674608230591,0.6647804975509644,0.1009615808725357,0.8609658479690552,0.6518283486366272,0.6167402267456055,0.2869768440723419,0.746624767780304,0.7190264463424683,0.6993044018745422,-0.012669454328715801,0.94389408826828,0.6494724750518799,0.6446055769920349,0.1965113878250122,0.9351615905761719
115,0.7368768453598022,0.2486690878868103,-0.27280157804489136,0.9988767504692078,0.7422043085098267,0.23811796307563782,-0.263097882270813,0.9967888593673706,0.7441153526306152,0.23824746906757355,-0.2631140351295471,0.9961109161376953,0.7459886074066162,0.23831228911876678,-0.2631463408470154,0.9959564805030823,0.7361730933189392,0.23528200387954712,-0.270465612411499,0.9975550174713135,0.7339283227920532,0.23355139791965485,-0.27050864696502686,0.9971851706504822,0.7315093874931335,0.2318350374698639,-0.27055174112319946,0.9975186586380005,0.7472565770149231,0.23718054592609406,-0.16013088822364807,0.9898560643196106,0.7271121144294739,0.229033961892128,-0.19352810084819794,0.9974619150161743,0.7377194166183472,0.25645774602890015,-0.22924275696277618,0.9987722039222717,0.7310628890991211,0.2535175681114197,-0.2390987128019333,0.9992706775665283,0.7587379217147827,0.28535348176956177,-0.06794644892215729,0.9997832179069519,0.6885449290275574,0.26754239201545715,-0.12641063332557678,0.999860942363739,0.7594341039657593,0.3646438717842102,-0.07594960182905197,0.8603383302688599,0.6674507856369019,0.34384921193122864,-0.1568291038274765,0.980426549911499,0.737318217754364,0.3805362582206726,-0.2272728681564331,0.7860291600227356,0.7005726099014282,0.36630547046661377,-0.2791212499141693,0.9603580236434937,0.7294692397117615,0.3847483694553375,-0.2635166049003601,0.7320464253425598,0.7105880975723267,0.37668848037719727,-0.31451693177223206,0.9327877759933472,0.730558454990387,0.370674729347229,-0.2748018503189087,0.7380836606025696,0.7150267958641052,0.3660393953323364,-0.32415086030960083,0.9321188926696777,0.732445240020752,0.36823397874832153,-0.23478174209594727,0.6861861348152161,0.7127147912979126,0.3630959093570709,-0.28387075662612915,0.8976372480392456,0.7251923680305481,0.4388108551502228,0.0146242780610919,0.9980987906455994,0.6831036806106567,0.4278050661087036,-0.014608992263674736,0.9983990788459778,0.7171286940574646,0.5548862814903259,-0.0036137711722403765,0.96315598487854,0.6691019535064697,0.5358602404594421,0.0714249536395073,0.9658617377281189,0.7147148847579956,0.6542518734931946,0.12078388035297394,0.9477595686912537,0.6542819738388062,0.6096541881561279,0.30219489336013794,0.9483299851417542,0.7091931104660034,0.6642466187477112,0.1278248131275177,0.8667357563972473,0.6539499759674072,0.6166775822639465,0.3209659159183502,0.7516652941703796,0.7184609174728394,0.6990950107574463,0.014549312181770802,0.9480997323989868,0.6506763696670532,0.6450439095497131,0.22925639152526855,0.9385012984275818
116,0.7382891178131104,0.25005510449409485,-0.29384946823120117,0.9989593625068665,0.7442392110824585,0.2396264672279358,-0.2844392657279968,0.9970211386680603,0.7466562390327454,0.2398700714111328,-0.2844504714012146,0.996387243270874,0.7489489316940308,0.23997782170772552,-0.28448837995529175,0.9962425827980042,0.7374832630157471,0.23637361824512482,-0.2882239520549774,0.9977260828018188,0.7351869344711304,0.23441053926944733,-0.2882705330848694,0.997381329536438,0.7329530119895935,0.2324916571378708,-0.28830191493034363,0.9976875185966492,0.7517389059066772,0.23882773518562317,-0.18146410584449768,0.9905606508255005,0.7298232316970825,0.22947731614112854,-0.19880279898643494,0.9976304769515991,0.7399951815605164,0.25779372453689575,-0.25051772594451904,0.9988670945167542,0.7331026792526245,0.2543911635875702,-0.25567522644996643,0.9993224740028381,0.763495683670044,0.2875806391239166,-0.0901859849691391,0.9997953176498413,0.6930239796638489,0.26762667298316956,-0.1266108602285385,0.9998686909675598,0.7628813982009888,0.3680727779865265,-0.11213245242834091,0.8689757585525513,0.6712357997894287,0.34406089782714844,-0.1556018441915512,0.9806978106498718,0.7417444586753845,0.38130342960357666,-0.272462397813797,0.7967532277107239,0.7025352716445923,0.3666190803050995,-0.2856939733028412,0.9603683948516846,0.7334007024765015,0.38484764099121094,-0.31000131368637085,0.7427287697792053,0.7131388783454895,0.37720292806625366,-0.3211771845817566,0.9325153827667236,0.7347076535224915,0.37033525109291077,-0.31985947489738464,0.7483248710632324,0.7176849842071533,0.36638614535331726,-0.3311443626880646,0.931796133518219,0.7367503046989441,0.36828723549842834,-0.2791917026042938,0.6963468790054321,0.7152376174926758,0.3635455369949341,-0.2908128798007965,0.8973094820976257,0.7289482951164246,0.43985769152641296,0.00948421098291874,0.9982706904411316,0.6870991587638855,0.42826804518699646,-0.009498218074440956,0.9985237717628479,0.7196059823036194,0.5550923943519592,-0.009800737723708153,0.9664211869239807,0.6725577712059021,0.5356283187866211,0.07236850261688232,0.9683493375778198,0.7142210006713867,0.6560720205307007,0.1094626933336258,0.9522820711135864,0.6595116853713989,0.6083529591560364,0.31463807821273804,0.9508189558982849,0.7090052366256714,0.6656665802001953,0.1159399002790451,0.871753990650177,0.6605921983718872,0.6145141124725342,0.3350582718849182,0.7566379308700562,0.7185312509536743,0.7004745006561279,0.003794620977714658,0.952046275138855,0.6522838473320007,0.6458846926689148,0.2510530352592468,0.9414962530136108
117,0.7413191795349121,0.2520867586135864,-0.29355233907699585,0.9990494847297668,0.7473497986793518,0.24157454073429108,-0.28364989161491394,0.9972761273384094,0.7499368190765381,0.2418750822544098,-0.2836558222770691,0.99669349193573,0.752458930015564,0.24202899634838104,-0.28368955850601196,0.996557891368866,0.7400999665260315,0.23809988796710968,-0.2876765727996826,0.9979171752929688,0.7376166582107544,0.23602096736431122,-0.28771695494651794,0.9976015686988831,0.7352287173271179,0.2339395135641098,-0.28773945569992065,0.997879683971405,0.7556565999984741,0.24084801971912384,-0.1790056973695755,0.9913654923439026,0.7318028211593628,0.23047995567321777,-0.19731631875038147,0.9978281855583191,0.7431307435035706,0.25996091961860657,-0.24942660331726074,0.9989650845527649,0.7362215518951416,0.2561582028865814,-0.254925012588501,0.9993793368339539,0.7666978240013123,0.28905221819877625,-0.08708642423152924,0.9998099207878113,0.6965001821517944,0.2677352726459503,-0.12462539970874786,0.9998775124549866,0.76731938123703,0.3698936700820923,-0.10533883422613144,0.8767738938331604,0.6730099320411682,0.344189316034317,-0.15257275104522705,0.9811386466026306,0.7455936670303345,0.38450807332992554,-0.264665424823761,0.8075621128082275,0.7048472762107849,0.36756861209869385,-0.2785933017730713,0.9611836671829224,0.7372577786445618,0.38927870988845825,-0.30138418078422546,0.7538396716117859,0.7159170508384705,0.37914666533470154,-0.31342583894729614,0.9335530400276184,0.7385111451148987,0.3758101165294647,-0.31293389201164246,0.7589907050132751,0.7209781408309937,0.368541419506073,-0.3231452703475952,0.9328221082687378,0.7404540181159973,0.37327682971954346,-0.27201592922210693,0.7077662348747253,0.7183497548103333,0.36534789204597473,-0.2834201455116272,0.8989508748054504,0.7322339415550232,0.44130125641822815,0.008721173740923405,0.998431384563446,0.6898413896560669,0.4294902980327606,-0.008754298090934753,0.9986479878425598,0.722204327583313,0.5572672486305237,-0.008199621923267841,0.9694305062294006,0.6757424473762512,0.536063015460968,0.06321144849061966,0.9707736968994141,0.7142012715339661,0.6563975214958191,0.12153701484203339,0.956464946269989,0.6660965085029602,0.6075302958488464,0.2920936048030853,0.9538406729698181,0.7087160348892212,0.6664091944694519,0.12925663590431213,0.8780387043952942,0.6688488125801086,0.6141283512115479,0.3110767602920532,0.7643370032310486,0.7188881039619446,0.7015542984008789,0.021091563627123833,0.9558822512626648,0.6553128957748413,0.6466928720474243,0.22850927710533142,0.9449783563613892
118,0.7438925504684448,0.2529434859752655,-0.3072645664215088,0.999110996723175,0.7497926950454712,0.24207927286624908,-0.29794007539749146,0.9974336624145508,0.7524185180664062,0.24240687489509583,-0.2979452908039093,0.9968814253807068,0.7549771070480347,0.24259141087532043,-0.29798802733421326,0.9967520833015442,0.7425931096076965,0.23868702352046967,-0.3012234568595886,0.9980371594429016,0.7402288317680359,0.23675034940242767,-0.3012687563896179,0.9977421164512634,0.7378892302513123,0.23477526009082794,-0.3012964129447937,0.9980010390281677,0.7579911351203918,0.2418079823255539,-0.19586268067359924,0.9918824434280396,0.7345315217971802,0.23160164058208466,-0.21037307381629944,0.9979428648948669,0.7455331087112427,0.2610924541950226,-0.2641643285751343,0.9990307092666626,0.7386907339096069,0.25752776861190796,-0.2686921954154968,0.9994151592254639,0.7704537510871887,0.2904786765575409,-0.10570774972438812,0.9998190999031067,0.6992922425270081,0.2682494819164276,-0.13248848915100098,0.9998827576637268,0.7720975279808044,0.3707989752292633,-0.11496882140636444,0.8838551640510559,0.6753805875778198,0.34442436695098877,-0.1589069366455078,0.9811094999313354,0.7496171593666077,0.38646310567855835,-0.2593597173690796,0.814976692199707,0.706328272819519,0.3691249489784241,-0.2871834933757782,0.9610781669616699,0.7410861253738403,0.3918156027793884,-0.2957551181316376,0.760509729385376,0.7177172303199768,0.3815291225910187,-0.32289907336235046,0.9334213733673096,0.7411696314811707,0.3792908489704132,-0.30802053213119507,0.7650943398475647,0.723089337348938,0.3709033727645874,-0.3336719274520874,0.9326158165931702,0.742996335029602,0.3763919174671173,-0.2666817009449005,0.7138288617134094,0.7202691435813904,0.3673124611377716,-0.29278987646102905,0.8989028930664062,0.7347257733345032,0.44372180104255676,0.004338628612458706,0.9985664486885071,0.692246675491333,0.4308895766735077,-0.004344836808741093,0.9987464547157288,0.7231702208518982,0.5573268532752991,-0.004363612271845341,0.9721341133117676,0.6791014671325684,0.5355603694915771,0.0851261168718338,0.9728237986564636,0.7143391370773315,0.6589564085006714,0.11217480897903442,0.9602761268615723,0.6720766425132751,0.6080400347709656,0.30071407556533813,0.9570699334144592,0.7088658213615417,0.6694316267967224,0.11803873628377914,0.8846314549446106,0.6749296188354492,0.6158967614173889,0.317791223526001,0.776001513004303,0.7183405756950378,0.7016813158988953,0.006969327572733164,0.9594234824180603,0.6594005227088928,0.6482896208763123,0.23193350434303284,0.948680579662323
119,0.7451671957969666,0.2544615864753723,-0.31238311529159546,0.9991507530212402,0.7512423396110535,0.24349458515644073,-0.30376216769218445,0.9975196123123169,0.7539330720901489,0.24383102357387543,-0.30376866459846497,0.9969878792762756,0.7566062211990356,0.24397535622119904,-0.30381709337234497,0.9968584775924683,0.7440367341041565,0.2400379776954651,-0.30659395456314087,0.9980954527854919,0.7417612075805664,0.2381402999162674,-0.3066396415233612,0.9978172183036804,0.7395795583724976,0.23618580400943756,-0.30666863918304443,0.9980631470680237,0.7597350478172302,0.24273890256881714,-0.20254333317279816,0.9922541379928589,0.7368650436401367,0.2328755408525467,-0.2148105353116989,0.9979984760284424,0.7470661401748657,0.262473464012146,-0.2692188620567322,0.9990791082382202,0.7399718761444092,0.2588902711868286,-0.27310019731521606,0.9994373321533203,0.7732848525047302,0.2912140488624573,-0.11172419786453247,0.9998282194137573,0.7015351057052612,0.26847562193870544,-0.13279390335083008,0.9998868703842163,0.7755491733551025,0.37173619866371155,-0.12218830734491348,0.8910623788833618,0.6771963834762573,0.34459832310676575,-0.15588095784187317,0.9807969331741333,0.7521917223930359,0.3866539001464844,-0.2666208744049072,0.8220922350883484,0.7072269320487976,0.3703845143318176,-0.28248968720436096,0.9605778455734253,0.7437164187431335,0.3920546770095825,-0.3035624623298645,0.7667738795280457,0.7189640402793884,0.3827705979347229,-0.3179101347923279,0.9327439665794373,0.7430099248886108,0.3799920976161957,-0.31543147563934326,0.7707428336143494,0.7245522141456604,0.372562438249588,-0.32900291681289673,0.9318718910217285,0.7449652552604675,0.37706148624420166,-0.27371612191200256,0.7195801734924316,0.7216616868972778,0.36894434690475464,-0.28821927309036255,0.8981484770774841,0.7371807098388672,0.4452190399169922,0.0013308440102264285,0.9986782073974609,0.6946539282798767,0.43252626061439514,-0.0013306841719895601,0.9988205432891846,0.7243214249610901,0.5580328106880188,-0.005815139971673489,0.9745495319366455,0.6810117959976196,0.5355595946311951,0.079762764275074,0.9746701121330261,0.7148719429969788,0.6595391631126404,0.11843337118625641,0.9636596441268921,0.6768603324890137,0.6116622686386108,0.2883605360984802,0.9601094722747803,0.7096153497695923,0.6695254445075989,0.12504494190216064,0.8895744681358337,0.6801523566246033,0.6202880144119263,0.3058546185493469,0.7880121469497681,0.7182363867759705,0.7019123435020447,0.013414126820862293,0.9625008702278137,0.6636645793914795,0.6535365581512451,0.21933773159980774,0.9521761536598206
120,0.749487042427063,0.25398215651512146,-0.30615174770355225,0.9991543292999268,0.7547982931137085,0.24326710402965546,-0.29678767919540405,0.9974862337112427,0.7573257684707642,0.2435716688632965,-0.29680320620536804,0.9969488382339478,0.7598525881767273,0.2437128722667694,-0.29685574769973755,0.9968065619468689,0.7475810647010803,0.24005569517612457,-0.3015851080417633,0.9980669021606445,0.7451514005661011,0.23828938603401184,-0.30163073539733887,0.9978060722351074,0.7427909970283508,0.23646502196788788,-0.3016679584980011,0.9980488419532776,0.7616606950759888,0.24250760674476624,-0.1946456879377365,0.992310643196106,0.7388167977333069,0.23346631228923798,-0.2160108983516693,0.9979881048202515,0.7506289482116699,0.2620507776737213,-0.2627638578414917,0.99908846616745,0.7433758974075317,0.25882625579833984,-0.26924461126327515,0.9994360208511353,0.7758156657218933,0.2913859188556671,-0.1036454290151596,0.9998319745063782,0.7030118703842163,0.2691120207309723,-0.13834847509860992,0.9998890161514282,0.7781451940536499,0.37280893325805664,-0.11113609373569489,0.8960389494895935,0.6793085932731628,0.34479042887687683,-0.1635640263557434,0.9808775782585144,0.7518119215965271,0.3872905671596527,-0.2549784779548645,0.8264975547790527,0.7089036107063293,0.37177950143814087,-0.28747883439064026,0.9608194828033447,0.7430160641670227,0.3924359381198883,-0.2915746569633484,0.7694263458251953,0.7203275561332703,0.3840389847755432,-0.3237456679344177,0.9333581924438477,0.742215633392334,0.38081061840057373,-0.3036383092403412,0.7729529142379761,0.7257798314094543,0.37402254343032837,-0.33468547463417053,0.9324706792831421,0.7440553903579712,0.377827525138855,-0.26236164569854736,0.7217515110969543,0.7228872776031494,0.37044984102249146,-0.2931221127510071,0.8989613652229309,0.7398488521575928,0.44607290625572205,0.003088215598836541,0.9987678527832031,0.6969337463378906,0.4333830773830414,-0.003081906121224165,0.9988805055618286,0.7252947688102722,0.5591625571250916,7.551940507255495e-05,0.9764953851699829,0.684748113155365,0.5384888052940369,0.06961626559495926,0.9760765433311462,0.7150336503982544,0.6614363789558411,0.13361439108848572,0.9663612842559814,0.6794059872627258,0.6253703236579895,0.2501784563064575,0.9626319408416748,0.7093804478645325,0.6724117994308472,0.14132988452911377,0.8930259943008423,0.6819549202919006,0.6359905004501343,0.2639913260936737,0.7967857718467712,0.7185815572738647,0.7033495306968689,0.03351559489965439,0.9648215174674988,0.6695007085800171,0.6641376614570618,0.17091020941734314,0.9549462199211121
121,0.7504410743713379,0.2550482749938965,-0.3293536901473999,0.9991341829299927,0.7558066844940186,0.2439127117395401,-0.3213368058204651,0.9973809123039246,0.7584937810897827,0.24407722055912018,-0.3213497996330261,0.9968437552452087,0.761195182800293,0.2441084235906601,-0.3214160203933716,0.9966690540313721,0.7482963800430298,0.24120894074440002,-0.3253176808357239,0.9979636669158936,0.7457507252693176,0.23961088061332703,-0.325382262468338,0.9977418184280396,0.7434009909629822,0.23800869286060333,-0.32543134689331055,0.9979885816574097,0.7633519768714905,0.2426605075597763,-0.21884863078594208,0.9923158884048462,0.7397306561470032,0.23489268124103546,-0.23629188537597656,0.9979424476623535,0.7522463798522949,0.263096421957016,-0.28505972027778625,0.9990689158439636,0.7445711493492126,0.260470449924469,-0.29044589400291443,0.9994112849235535,0.7792304158210754,0.29155394434928894,-0.12170799821615219,0.9998335242271423,0.7048317790031433,0.2699483633041382,-0.15556080639362335,0.9998917579650879,0.780520498752594,0.37466853857040405,-0.13092301785945892,0.9007070660591125,0.682574450969696,0.3458283245563507,-0.18111634254455566,0.9807375073432922,0.7515842914581299,0.388351708650589,-0.2690339684486389,0.8273642063140869,0.7103620767593384,0.37350618839263916,-0.3041660189628601,0.9605317115783691,0.7417469620704651,0.39374056458473206,-0.3047519326210022,0.7664092183113098,0.7213412523269653,0.386070191860199,-0.3402795195579529,0.9331055283546448,0.7406677603721619,0.3816608786582947,-0.31557461619377136,0.7695596218109131,0.7264881134033203,0.37564435601234436,-0.35104548931121826,0.9322572350502014,0.7428370714187622,0.3785513639450073,-0.27571824193000793,0.7181105613708496,0.7236630916595459,0.37193626165390015,-0.3096449077129364,0.8986040949821472,0.7417205572128296,0.44705647230148315,0.003754550125449896,0.9988213181495667,0.6984162926673889,0.4348677694797516,-0.0037626519333571196,0.9989145994186401,0.7259141206741333,0.5620526671409607,0.00469531025737524,0.9779236912727356,0.6875399351119995,0.544166624546051,0.04316052794456482,0.9772457480430603,0.7152466773986816,0.6626404523849487,0.15254364907741547,0.9683108925819397,0.6833520531654358,0.6367477774620056,0.2137289047241211,0.9646377563476562,0.7094004154205322,0.6726009249687195,0.16194090247154236,0.8922554850578308,0.6860318779945374,0.64841228723526,0.22637388110160828,0.8019033074378967,0.7187831401824951,0.7051097750663757,0.05584189295768738,0.9661426544189453,0.6738578677177429,0.6762712001800537,0.12997114658355713,0.9570372700691223
122,0.7509912848472595,0.2547784745693207,-0.31569358706474304,0.9991578459739685,0.7566407322883606,0.24363701045513153,-0.30683213472366333,0.9974358677864075,0.7594995498657227,0.24377277493476868,-0.3068464398384094,0.9969174265861511,0.7623205184936523,0.24379496276378632,-0.30691447854042053,0.9967361092567444,0.7489350438117981,0.24118810892105103,-0.31092554330825806,0.9979913234710693,0.7464120984077454,0.23975536227226257,-0.31098735332489014,0.9977962970733643,0.7441409230232239,0.2383650690317154,-0.31102830171585083,0.9980398416519165,0.7646822333335876,0.2424507737159729,-0.20319168269634247,0.9926998615264893,0.7403849959373474,0.23551081120967865,-0.22216081619262695,0.9980093836784363,0.753217339515686,0.2628980278968811,-0.2712656557559967,0.9990897178649902,0.7451158165931702,0.26058605313301086,-0.2768486738204956,0.9994175434112549,0.7804991006851196,0.29189616441726685,-0.10886033624410629,0.9998345375061035,0.7063959836959839,0.27070602774620056,-0.14574483036994934,0.9998956322669983,0.7808746695518494,0.37532666325569153,-0.12004777044057846,0.9052887558937073,0.6845647096633911,0.3461344838142395,-0.1714661419391632,0.9805042743682861,0.7509435415267944,0.3883468806743622,-0.25858670473098755,0.8289822936058044,0.7104579210281372,0.3745008409023285,-0.29442355036735535,0.9602799415588379,0.7405754327774048,0.3952474594116211,-0.29434406757354736,0.7638357281684875,0.7209542989730835,0.38750141859054565,-0.3291298449039459,0.9329185485839844,0.7389827966690063,0.382773756980896,-0.30604177713394165,0.7666528820991516,0.72615647315979,0.3778619170188904,-0.33820006251335144,0.9322264790534973,0.7411637902259827,0.37947022914886475,-0.2658024728298187,0.7155769467353821,0.7236032485961914,0.3739473521709442,-0.2984660863876343,0.8988738656044006,0.7423869371414185,0.447856605052948,0.0033189028035849333,0.9988483190536499,0.6996824741363525,0.4363659918308258,-0.0033327776473015547,0.998948872089386,0.7263020277023315,0.5658321976661682,0.005672723986208439,0.9792301058769226,0.6899799704551697,0.5506868362426758,0.02333265170454979,0.9784809947013855,0.7148974537849426,0.6633324027061462,0.16229631006717682,0.9699789881706238,0.6862789988517761,0.6486456990242004,0.1789764165878296,0.966812014579773,0.7091585993766785,0.6722971200942993,0.17255434393882751,0.8913770318031311,0.6891742944717407,0.6600772142410278,0.18952783942222595,0.808008074760437,0.7189690470695496,0.7068191766738892,0.06886259466409683,0.9671802520751953,0.6752790212631226,0.6880091428756714,0.08742837607860565,0.9592118263244629
123,0.7485125660896301,0.25481534004211426,-0.30782872438430786,0.9992051720619202,0.7546733617782593,0.24372394382953644,-0.29877379536628723,0.9975883364677429,0.7574933171272278,0.24383868277072906,-0.29878711700439453,0.9971106052398682,0.7603611946105957,0.24384887516498566,-0.2988510727882385,0.9969407916069031,0.7473864555358887,0.2414833903312683,-0.30354589223861694,0.9980885982513428,0.7452590465545654,0.24017921090126038,-0.3035973012447357,0.9979096055030823,0.7432915568351746,0.23888763785362244,-0.3036458194255829,0.9981383085250854,0.763508677482605,0.24270091950893402,-0.1965220868587494,0.9932820796966553,0.7407875061035156,0.23625865578651428,-0.2012125700712204,0.9981146454811096,0.7512209415435791,0.26319169998168945,-0.26375502347946167,0.9991469979286194,0.7431703805923462,0.26082679629325867,-0.2745576798915863,0.9994446635246277,0.7809677720069885,0.29263320565223694,-0.10786408185958862,0.9998424649238586,0.7077360153198242,0.2719399034976959,-0.11386708170175552,0.9998993873596191,0.7818516492843628,0.3754287362098694,-0.11823008209466934,0.9118210673332214,0.6868499517440796,0.3471599519252777,-0.1317068338394165,0.9792160391807556,0.750669538974762,0.38793033361434937,-0.26177817583084106,0.8357293009757996,0.7129250168800354,0.37652939558029175,-0.2530841529369354,0.9570723176002502,0.7402277588844299,0.3952597975730896,-0.3010018467903137,0.7676336765289307,0.7237227559089661,0.3899521827697754,-0.28861358761787415,0.9283350110054016,0.7380789518356323,0.38225844502449036,-0.30970868468284607,0.7703192830085754,0.7281162738800049,0.3806976079940796,-0.30270859599113464,0.9278774857521057,0.7403958439826965,0.3791253864765167,-0.2680889666080475,0.7194036841392517,0.7258728742599487,0.37689265608787537,-0.26010361313819885,0.8936032652854919,0.7431604862213135,0.448741614818573,0.001378976390697062,0.9988595247268677,0.70058673620224,0.4377710521221161,-0.0013364071492105722,0.9989688396453857,0.7266870737075806,0.5683059692382812,-0.0016477409517392516,0.9802866578102112,0.6932622790336609,0.5578754544258118,0.005284043960273266,0.9796551465988159,0.7146605253219604,0.6666377782821655,0.14296001195907593,0.9715494513511658,0.6861822605133057,0.6575570702552795,0.1499137580394745,0.9688763618469238,0.7091444730758667,0.6748788356781006,0.15184053778648376,0.892187774181366,0.6888319253921509,0.6677968502044678,0.1587631106376648,0.8138349652290344,0.7187580466270447,0.7084817886352539,0.043279748409986496,0.9681718945503235,0.6755521893501282,0.6988325119018555,0.04828326031565666,0.9611201286315918
124,0.7476562261581421,0.255994975566864,-0.3113197684288025,0.9992501139640808,0.7538530230522156,0.24468418955802917,-0.30301424860954285,0.9977279901504517,0.7566790580749512,0.24477264285087585,-0.3030276894569397,0.9972871541976929,0.7595995664596558,0.24476899206638336,-0.3030930161476135,0.9971289038658142,0.7467595338821411,0.24253962934017181,-0.3052385449409485,0.9981858730316162,0.7447289228439331,0.24126076698303223,-0.30529850721359253,0.9980196952819824,0.742843508720398,0.2399737685918808,-0.3053363859653473,0.9982341527938843,0.763576865196228,0.24351593852043152,-0.197199285030365,0.9937974810600281,0.7408406734466553,0.2370717078447342,-0.20135223865509033,0.9982063174247742,0.7507979869842529,0.2645530700683594,-0.2657935917377472,0.9991960525512695,0.7428049445152283,0.2620110511779785,-0.2706608176231384,0.9994666576385498,0.7821385264396667,0.29267606139183044,-0.10215061902999878,0.9998492002487183,0.7082247734069824,0.2734691798686981,-0.11571210622787476,0.9999029636383057,0.7833464741706848,0.376902312040329,-0.12705937027931213,0.9182092547416687,0.6877880692481995,0.3491755723953247,-0.13245652616024017,0.9786636233329773,0.7521127462387085,0.3878772556781769,-0.2831937372684479,0.8443121314048767,0.7147184014320374,0.3780673146247864,-0.255928099155426,0.9561620354652405,0.7407165169715881,0.3949514627456665,-0.3234490752220154,0.7754200100898743,0.7256094217300415,0.3907928764820099,-0.2909691631793976,0.9267942905426025,0.7381738424301147,0.3817823529243469,-0.3315304219722748,0.7779625058174133,0.7299710512161255,0.38146159052848816,-0.3045129179954529,0.9264575242996216,0.7410762310028076,0.3789028525352478,-0.2891462743282318,0.7274643778800964,0.7278748750686646,0.3779807686805725,-0.26242727041244507,0.8917357325553894,0.7447830438613892,0.44894859194755554,0.0008682018960826099,0.9987944960594177,0.7021692395210266,0.437756210565567,-0.0008186342311091721,0.9989330172538757,0.7262917757034302,0.5669055581092834,-0.014355878345668316,0.9788022637367249,0.6973952054977417,0.5575065016746521,-0.0053828503005206585,0.9787856340408325,0.7110301852226257,0.6690667867660522,0.09732759743928909,0.9706801176071167,0.6916114091873169,0.665136456489563,0.10545811802148819,0.9688599109649658,0.706283688545227,0.6774572134017944,0.10249008238315582,0.8863487839698792,0.6924055814743042,0.6756754517555237,0.11073990166187286,0.8139858245849609,0.716950535774231,0.7107323408126831,-0.010023185983300209,0.9665356278419495,0.6793434023857117,0.7078164219856262,1.3823383596900385e-05,0.9603312015533447
125,0.7494953274726868,0.25796201825141907,-0.3205990791320801,0.9992969632148743,0.7552779316902161,0.24628598988056183,-0.31107622385025024,0.9978763461112976,0.758141815662384,0.24626022577285767,-0.31110313534736633,0.9974719882011414,0.7611253261566162,0.2461707442998886,-0.31116822361946106,0.9973211884498596,0.7477567791938782,0.24443896114826202,-0.313419371843338,0.9982914924621582,0.7454413771629333,0.24322815239429474,-0.31348031759262085,0.9981363415718079,0.7432527542114258,0.242008775472641,-0.31351909041404724,0.9983328580856323,0.7649115324020386,0.2446785867214203,-0.19873036444187164,0.9943064451217651,0.7400897741317749,0.2387515902519226,-0.20614072680473328,0.9983096122741699,0.7527982592582703,0.2665065824985504,-0.27250730991363525,0.9992477893829346,0.7443884015083313,0.26433220505714417,-0.2761005163192749,0.9994936585426331,0.7830666303634644,0.2929490804672241,-0.1001894474029541,0.9998554587364197,0.7085833549499512,0.2758026123046875,-0.1180712953209877,0.9999038577079773,0.785683810710907,0.37753960490226746,-0.13027818500995636,0.9241205453872681,0.6882758140563965,0.35096967220306396,-0.1375119984149933,0.978446900844574,0.7541323304176331,0.3890992999076843,-0.29695361852645874,0.8534624576568604,0.7160526514053345,0.38028714060783386,-0.26514267921447754,0.9558302760124207,0.7417538166046143,0.39643433690071106,-0.3395322561264038,0.7850079536437988,0.7267544865608215,0.39321181178092957,-0.3029468059539795,0.9261004328727722,0.7386214137077332,0.3832097053527832,-0.34888675808906555,0.7874135375022888,0.7312291860580444,0.38371938467025757,-0.3183823823928833,0.9258959889411926,0.7419723272323608,0.3802591860294342,-0.3037267327308655,0.7379132509231567,0.7292764186859131,0.38017624616622925,-0.272673100233078,0.8911211490631104,0.745763897895813,0.45274752378463745,0.0005617919960059226,0.9986788630485535,0.7034952640533447,0.4410608410835266,-0.0004921325016766787,0.9988486766815186,0.7256296873092651,0.5688116550445557,-0.01449415273964405,0.9765682220458984,0.6991010904312134,0.5615193247795105,-0.0021384605206549168,0.977120578289032,0.7061827182769775,0.6723943948745728,0.10506226122379303,0.9683307409286499,0.6955886483192444,0.6705436706542969,0.11715427786111832,0.9678946733474731,0.7020407319068909,0.680571973323822,0.11127756536006927,0.8796907663345337,0.6963140964508057,0.6827200651168823,0.12323038280010223,0.8140568733215332,0.7093306183815002,0.7136065363883972,8.799200440989807e-05,0.9634761810302734,0.6858091354370117,0.7141058444976807,0.008727749809622765,0.9582657814025879
126,0.7483031749725342,0.25983545184135437,-0.35812434554100037,0.9993444681167603,0.7540346384048462,0.24815917015075684,-0.34998586773872375,0.9980237483978271,0.7568340301513672,0.24794535338878632,-0.3500094711780548,0.9976553320884705,0.7597418427467346,0.2476368397474289,-0.3500765562057495,0.9975146651268005,0.7467013001441956,0.2470012754201889,-0.3509998619556427,0.9983958005905151,0.7443666458129883,0.24599537253379822,-0.3510707914829254,0.998253345489502,0.7421376705169678,0.24493664503097534,-0.3511156141757965,0.9984320998191833,0.7639696598052979,0.24566492438316345,-0.23659542202949524,0.9947839379310608,0.7392903566360474,0.24117347598075867,-0.23975734412670135,0.9984089136123657,0.7519604563713074,0.2683230936527252,-0.30921897292137146,0.9993011355400085,0.7434229254722595,0.2662948668003082,-0.3106054961681366,0.9995224475860596,0.783636212348938,0.29379770159721375,-0.1274649053812027,0.999862015247345,0.7087463140487671,0.27800989151000977,-0.14757192134857178,0.9999059438705444,0.7873132228851318,0.37925681471824646,-0.1658017486333847,0.9298566579818726,0.6891376972198486,0.3550085723400116,-0.17010310292243958,0.9787915349006653,0.7558209896087646,0.3907937705516815,-0.3387426733970642,0.8627588152885437,0.7168669104576111,0.38286396861076355,-0.30725711584091187,0.956367015838623,0.7436527609825134,0.3984309732913971,-0.3832656145095825,0.7952550649642944,0.7275011539459229,0.39503493905067444,-0.34632450342178345,0.9267768859863281,0.7397278547286987,0.38503673672676086,-0.3922136127948761,0.7975301146507263,0.7316375374794006,0.3856222331523895,-0.3612357974052429,0.9266310930252075,0.743144154548645,0.3821428418159485,-0.3455076217651367,0.7490249276161194,0.7297616004943848,0.3822402060031891,-0.31452062726020813,0.8921088576316833,0.7466925382614136,0.4563547372817993,0.000983489560894668,0.998573899269104,0.7043901681900024,0.444641649723053,-0.0009220830397680402,0.9987552762031555,0.7252291440963745,0.5727434754371643,-0.011920931749045849,0.9733262658119202,0.7001007199287415,0.566382110118866,0.0017472906038165092,0.975775420665741,0.7019827365875244,0.6781948208808899,0.11624351888895035,0.9657042622566223,0.7001790404319763,0.6724507808685303,0.12554919719696045,0.9667569398880005,0.696353554725647,0.6874454617500305,0.12320470809936523,0.8746364712715149,0.7009955644607544,0.6849859952926636,0.13234640657901764,0.8139573931694031,0.7034703493118286,0.719772458076477,0.005024842917919159,0.9604666829109192,0.6958603858947754,0.7153211236000061,0.016036931425333023,0.95601487159729
127,0.7476102113723755,0.264018714427948,-0.35656872391700745,0.9993792176246643,0.7534430623054504,0.25249388813972473,-0.34924599528312683,0.9981321692466736,0.7561222314834595,0.2520190477371216,-0.34926894307136536,0.9977962970733643,0.7589458227157593,0.2514583468437195,-0.3493425250053406,0.9976670742034912,0.7463494539260864,0.25196006894111633,-0.3506630063056946,0.9984610676765442,0.7439262866973877,0.2510397434234619,-0.3507322669029236,0.9983230829238892,0.7415797710418701,0.24998968839645386,-0.3507762551307678,0.9984840154647827,0.7629913687705994,0.24810346961021423,-0.2365841418504715,0.9951830506324768,0.7386276721954346,0.2448194921016693,-0.24187342822551727,0.9984614849090576,0.7513725161552429,0.2718926668167114,-0.3074946403503418,0.99934321641922,0.7427797913551331,0.26984673738479614,-0.3093562126159668,0.9995394945144653,0.783543050289154,0.2955964207649231,-0.12439463287591934,0.9998700022697449,0.7085041403770447,0.28036293387413025,-0.14907483756542206,0.9999070167541504,0.787867546081543,0.38198867440223694,-0.15682993829250336,0.9354556798934937,0.6882869601249695,0.35758116841316223,-0.16846667230129242,0.9786169528961182,0.7548412680625916,0.39197856187820435,-0.32591116428375244,0.8727229237556458,0.7162952423095703,0.38541120290756226,-0.3023276627063751,0.9552258253097534,0.7428321838378906,0.3994161784648895,-0.36979392170906067,0.8072654604911804,0.7265290021896362,0.39727190136909485,-0.3403611183166504,0.9248340129852295,0.7393714189529419,0.3864322006702423,-0.37869495153427124,0.8094739317893982,0.7308902144432068,0.38761866092681885,-0.3558060824871063,0.9248185753822327,0.7425504922866821,0.38360491394996643,-0.33245208859443665,0.7624117136001587,0.72870934009552,0.3840996325016022,-0.30974820256233215,0.8899158835411072,0.7470017671585083,0.4586060643196106,0.003660543356090784,0.9984061121940613,0.7050348520278931,0.4470370411872864,-0.0035889812279492617,0.9986121654510498,0.7249549627304077,0.5777962803840637,-0.003143881680443883,0.9697749614715576,0.7008997201919556,0.5698007345199585,-0.004315624944865704,0.9740891456604004,0.7010303735733032,0.6824507117271423,0.12726466357707977,0.9625145196914673,0.700760006904602,0.6762495040893555,0.11764184385538101,0.9652659893035889,0.6952756643295288,0.692462146282196,0.13447578251361847,0.869001030921936,0.7006218433380127,0.6902807950973511,0.12424863874912262,0.8120084404945374,0.7034274935722351,0.7240800261497498,0.019273214042186737,0.9567545056343079,0.6979895830154419,0.7314481735229492,0.006551480386406183,0.9531611800193787
128,0.7474435567855835,0.2663097083568573,-0.3565753996372223,0.9994023442268372,0.753174901008606,0.2550022304058075,-0.3489806652069092,0.9982070326805115,0.7559601068496704,0.25451838970184326,-0.34900715947151184,0.9978997707366943,0.7586667537689209,0.25392693281173706,-0.34907767176628113,0.997774600982666,0.7452001571655273,0.2544923722743988,-0.35071492195129395,0.9984966516494751,0.742769718170166,0.253597617149353,-0.3507917523384094,0.9983627796173096,0.7405377626419067,0.25259876251220703,-0.35084524750709534,0.9985057711601257,0.7623457908630371,0.25007420778274536,-0.23351216316223145,0.9955058097839355,0.7382667660713196,0.24729841947555542,-0.24035124480724335,0.9984911680221558,0.750788152217865,0.274275004863739,-0.3061586022377014,0.999372124671936,0.7424529790878296,0.2722815275192261,-0.30840203166007996,0.9995478987693787,0.7832620739936829,0.296831876039505,-0.11900962889194489,0.9998757243156433,0.7076447010040283,0.282839834690094,-0.14897507429122925,0.9999070763587952,0.7884780168533325,0.3837464451789856,-0.15310408174991608,0.9404315948486328,0.6885974407196045,0.3618524670600891,-0.1661192923784256,0.9787342548370361,0.7543511390686035,0.3941543698310852,-0.3282706141471863,0.8814640641212463,0.7182818651199341,0.3892873525619507,-0.29467934370040894,0.9549863338470459,0.7424666285514832,0.40170323848724365,-0.3737029731273651,0.8177429437637329,0.7291762232780457,0.40104925632476807,-0.3318200707435608,0.9240556359291077,0.738696813583374,0.38876432180404663,-0.3824581205844879,0.819926381111145,0.733289361000061,0.3909941017627716,-0.3466443419456482,0.9241642355918884,0.7424729466438293,0.3858896493911743,-0.3349609673023224,0.7743688821792603,0.7311406135559082,0.3875892758369446,-0.30154842138290405,0.8891559839248657,0.7473886013031006,0.46202796697616577,0.005684569478034973,0.9981231093406677,0.7055394649505615,0.4511682689189911,-0.005586938001215458,0.9983938336372375,0.7249281406402588,0.5824754238128662,-0.00043632584856823087,0.9616261124610901,0.7005895972251892,0.5754608511924744,-0.013877143152058125,0.9693842530250549,0.7011812925338745,0.685500979423523,0.13753975927829742,0.9536869525909424,0.6965519189834595,0.6971837282180786,0.10958381742238998,0.9603570699691772,0.6953319311141968,0.696662187576294,0.1456436812877655,0.8561140894889832,0.6968308687210083,0.712568998336792,0.11633314937353134,0.8032049536705017,0.7044216394424438,0.7258226275444031,0.0331634096801281,0.9476071000099182,0.6919845938682556,0.7330864667892456,-0.004909698851406574,0.9457326531410217
129,0.746212899684906,0.2692373991012573,-0.358968049287796,0.9994475245475769,0.7517419457435608,0.2577321529388428,-0.3518177568912506,0.9983471035957336,0.7548246383666992,0.2571735680103302,-0.351847380399704,0.9980686902999878,0.7578365802764893,0.2565004825592041,-0.35191774368286133,0.9979523420333862,0.7431591749191284,0.25730112195014954,-0.3529174029827118,0.9986043572425842,0.7407852411270142,0.2564135789871216,-0.3529914617538452,0.9984793663024902,0.7385554909706116,0.2553926110267639,-0.35303255915641785,0.9986071586608887,0.762032687664032,0.25203925371170044,-0.2352227419614792,0.9959043860435486,0.7367458939552307,0.2503524124622345,-0.2394636571407318,0.9985982179641724,0.7505465149879456,0.27734705805778503,-0.30790215730667114,0.9994214773178101,0.741894006729126,0.2754659056663513,-0.3093239665031433,0.9995784759521484,0.7829421758651733,0.29879000782966614,-0.11832933127880096,0.9998843669891357,0.7070011496543884,0.2861707806587219,-0.14513155817985535,0.9999105334281921,0.7890217900276184,0.38612863421440125,-0.15335184335708618,0.9451655149459839,0.6878311634063721,0.3663918077945709,-0.16454941034317017,0.9792376756668091,0.7544304728507996,0.3962530493736267,-0.33566755056381226,0.8902758359909058,0.7178794145584106,0.39378228783607483,-0.3042502999305725,0.9561392068862915,0.7420572638511658,0.40405160188674927,-0.38299673795700073,0.8291323184967041,0.7292258739471436,0.4049319624900818,-0.3435433506965637,0.9254398941993713,0.7385502457618713,0.3907812833786011,-0.3922887444496155,0.8312819004058838,0.7332790493965149,0.39345023036003113,-0.35891520977020264,0.9255764484405518,0.7422412037849426,0.38754352927207947,-0.34270724654197693,0.7873678207397461,0.7308884859085083,0.38996651768684387,-0.3113822638988495,0.8910685777664185,0.7476244568824768,0.4663633108139038,0.004906355403363705,0.9980083703994751,0.7056778073310852,0.4573325216770172,-0.004782421980053186,0.9982758164405823,0.7247251272201538,0.5881950259208679,-0.0035744872875511646,0.955464780330658,0.6996451020240784,0.5840426683425903,-0.007926855236291885,0.9648593068122864,0.6982637643814087,0.695547342300415,0.13015292584896088,0.9479538202285767,0.6980520486831665,0.6909902691841125,0.11308947950601578,0.9560667276382446,0.6907521486282349,0.7137460112571716,0.1373249590396881,0.8494114875793457,0.6976242661476135,0.7208405137062073,0.11944626271724701,0.7984942197799683,0.698324978351593,0.7350318431854248,0.01968979649245739,0.9413990378379822,0.6916611194610596,0.7372462153434753,-0.0010438758181408048,0.9395832419395447
130,0.7461073398590088,0.27082177996635437,-0.3516920506954193,0.9994705319404602,0.7513298988342285,0.25904133915901184,-0.3419419825077057,0.9984143376350403,0.7544956803321838,0.25853458046913147,-0.34202131628990173,0.9981561303138733,0.7575477361679077,0.2579200565814972,-0.34206002950668335,0.9980394244194031,0.7424923181533813,0.2587648332118988,-0.3442646265029907,0.9986445307731628,0.7400041818618774,0.2580087184906006,-0.34434443712234497,0.9985190629959106,0.7376757860183716,0.25711435079574585,-0.3444433808326721,0.9986336827278137,0.7618550062179565,0.25374048948287964,-0.2139945775270462,0.996169924736023,0.7352941632270813,0.25263267755508423,-0.2236512154340744,0.9986110925674438,0.7502562403678894,0.27908891439437866,-0.2935710549354553,0.9994431734085083,0.7416829466819763,0.2773030400276184,-0.29636257886886597,0.9995844960212708,0.7825565338134766,0.30151358246803284,-0.09726956486701965,0.9998878240585327,0.7066213488578796,0.2898392677307129,-0.13204613327980042,0.9999105334281921,0.7887226939201355,0.3877401351928711,-0.13410639762878418,0.9490439295768738,0.6874260306358337,0.37141308188438416,-0.1509283185005188,0.979703962802887,0.7546561360359192,0.39877864718437195,-0.31776848435401917,0.8982452750205994,0.7180852890014648,0.396608829498291,-0.28773677349090576,0.9572645425796509,0.7418529987335205,0.4073006808757782,-0.3621487319469452,0.839686930179596,0.7293826937675476,0.4078831076622009,-0.32544606924057007,0.9269144535064697,0.7384166717529297,0.3942590355873108,-0.3720300495624542,0.8417878150939941,0.7334595322608948,0.3961828351020813,-0.34211692214012146,0.9271307587623596,0.7420307397842407,0.39063313603401184,-0.3247583210468292,0.7997486591339111,0.7311269640922546,0.39266449213027954,-0.2944272756576538,0.8931571841239929,0.7474316954612732,0.470848947763443,0.005281792022287846,0.9977154731750488,0.7053302526473999,0.46287110447883606,-0.0051399413496255875,0.9982126355171204,0.7246991395950317,0.5888412594795227,0.001521180965937674,0.9465903043746948,0.6993688344955444,0.5890778303146362,-0.034867189824581146,0.961524248123169,0.6988083124160767,0.6924123764038086,0.16324439644813538,0.935229480266571,0.6969790458679199,0.707220733165741,0.06596239656209946,0.9522954821586609,0.6942697167396545,0.7048244476318359,0.1740741729736328,0.8343940377235413,0.6971458196640015,0.7336844801902771,0.06982149928808212,0.7927553653717041,0.7032390236854553,0.7311055660247803,0.06748981773853302,0.9313874244689941,0.6915598511695862,0.7518975138664246,-0.05646970868110657,0.9337361454963684
131,0.7459456324577332,0.2749224007129669,-0.3235153555870056,0.999423086643219,0.7512738704681396,0.26257503032684326,-0.31403177976608276,0.9982151389122009,0.7544026970863342,0.2618933916091919,-0.31409767270088196,0.9979501962661743,0.7573239207267761,0.2611192464828491,-0.3141508996486664,0.997819185256958,0.7422903776168823,0.26258572936058044,-0.3185805678367615,0.998441755771637,0.7396470904350281,0.26178839802742004,-0.3186381459236145,0.9982689619064331,0.7372005581855774,0.2608770728111267,-0.3187217116355896,0.9983912706375122,0.7612343430519104,0.25607073307037354,-0.19262847304344177,0.996030330657959,0.7335453033447266,0.25615864992141724,-0.2100965976715088,0.9982778429985046,0.7502009272575378,0.2828836739063263,-0.26969006657600403,0.9993729591369629,0.7414543628692627,0.2811804711818695,-0.2750527560710907,0.9995061159133911,0.7821182012557983,0.30264535546302795,-0.07973755896091461,0.9998849034309387,0.7061263918876648,0.29307791590690613,-0.12190469354391098,0.9999040961265564,0.7889156937599182,0.3885979950428009,-0.10858917236328125,0.9518202543258667,0.6871256232261658,0.3762666583061218,-0.13351616263389587,0.9797384142875671,0.7543818354606628,0.40006598830223083,-0.2898540794849396,0.9037047624588013,0.7194546461105347,0.40005454421043396,-0.25033479928970337,0.9565144777297974,0.7411977052688599,0.40917524695396423,-0.3342089354991913,0.8459821939468384,0.7314014434814453,0.41152817010879517,-0.2848585247993469,0.9253054261207581,0.7371083498001099,0.39713871479034424,-0.3447871208190918,0.8480708003044128,0.7356703877449036,0.400285929441452,-0.30025792121887207,0.9256981611251831,0.7407397031784058,0.3935551345348358,-0.29731130599975586,0.8070414066314697,0.732944905757904,0.39687788486480713,-0.2563045918941498,0.8911287188529968,0.7474035620689392,0.4738256633281708,0.006135936826467514,0.9970291256904602,0.7051385641098022,0.46664151549339294,-0.005956106819212437,0.9980309009552002,0.7245392799377441,0.59009850025177,0.0033037816174328327,0.9369733333587646,0.6991353034973145,0.5945418477058411,-0.050378937274217606,0.9581347703933716,0.7004739046096802,0.6907313466072083,0.16388079524040222,0.9197500944137573,0.6956872344017029,0.7168647050857544,0.0328386053442955,0.9483169913291931,0.6950382590293884,0.7077718377113342,0.17473241686820984,0.8149769902229309,0.6957224607467651,0.7430464625358582,0.03454585000872612,0.787712037563324,0.7076703310012817,0.7286728024482727,0.06935437023639679,0.9196645617485046,0.6914079785346985,0.7620211243629456,-0.0942859947681427,0.927333652973175
132,0.7451130747795105,0.27635717391967773,-0.3171336352825165,0.9994167685508728,0.7498507499694824,0.26385176181793213,-0.3082747757434845,0.9982025027275085,0.7528268098831177,0.263100802898407,-0.30832093954086304,0.9979596734046936,0.7557472586631775,0.2623257637023926,-0.3083789050579071,0.9978241324424744,0.7410532236099243,0.2640857696533203,-0.31108182668685913,0.998400092124939,0.7383800745010376,0.26333722472190857,-0.31114256381988525,0.9982209801673889,0.7357468605041504,0.26238930225372314,-0.3111996054649353,0.9983363151550293,0.7597192525863647,0.25754156708717346,-0.19009140133857727,0.9962189197540283,0.7317278385162354,0.2576242685317993,-0.19969484210014343,0.9982403516769409,0.7496487498283386,0.28475505113601685,-0.2653074860572815,0.9993743300437927,0.7406436204910278,0.28326863050460815,-0.2683843672275543,0.9994844794273376,0.7817999124526978,0.30374935269355774,-0.07962210476398468,0.9998878240585327,0.7048510313034058,0.2967192232608795,-0.10587958246469498,0.9998986721038818,0.7890840768814087,0.3925963044166565,-0.10691578686237335,0.9546540975570679,0.6868659257888794,0.3817346692085266,-0.11844144016504288,0.9796606302261353,0.7535673379898071,0.4017815589904785,-0.2795909643173218,0.9086905121803284,0.719457745552063,0.402517706155777,-0.24426202476024628,0.9562696218490601,0.7385233640670776,0.410904198884964,-0.32291728258132935,0.8513818979263306,0.7318915128707886,0.4130319654941559,-0.2800597548484802,0.9242905378341675,0.7346583604812622,0.3989914357662201,-0.3326229155063629,0.8533250093460083,0.7356715202331543,0.40205684304237366,-0.29422780871391296,0.9246810078620911,0.7383443117141724,0.3955990672111511,-0.28648892045021057,0.8130356669425964,0.7329114675521851,0.39880090951919556,-0.25041255354881287,0.8899982571601868,0.7470184564590454,0.4775767922401428,0.0036004730500280857,0.9967765212059021,0.7047225832939148,0.4704449474811554,-0.0034135053865611553,0.9978194832801819,0.723882257938385,0.5981254577636719,-0.007667567580938339,0.936227023601532,0.6986796855926514,0.60003262758255,-0.030806362628936768,0.95719975233078,0.7006623148918152,0.7006996273994446,0.13747179508209229,0.9167764186859131,0.6948177814483643,0.7163379788398743,0.08664461225271225,0.9463182687759399,0.6979125142097473,0.7117173671722412,0.14561915397644043,0.8031620979309082,0.6949684619903564,0.7438108921051025,0.09231792390346527,0.782055139541626,0.705521821975708,0.7449668645858765,0.02553630992770195,0.9156032800674438,0.6872151494026184,0.7683753967285156,-0.02942315861582756,0.9242497682571411
133,0.7408164739608765,0.27714595198631287,-0.3110653758049011,0.999396800994873,0.7453458309173584,0.2648860514163971,-0.30236518383026123,0.9981486201286316,0.7482985258102417,0.2641209363937378,-0.3024059534072876,0.997938871383667,0.7511522173881531,0.2633603513240814,-0.30246496200561523,0.9978106021881104,0.7372341752052307,0.2651757001876831,-0.3034619688987732,0.9982846975326538,0.7345587015151978,0.2643865644931793,-0.3035138249397278,0.9980791211128235,0.732042670249939,0.26348939538002014,-0.30355924367904663,0.9981697797775269,0.7560509443283081,0.25888004899024963,-0.187424436211586,0.9963710308074951,0.7288413643836975,0.25883403420448303,-0.18994848430156708,0.998021125793457,0.7453679442405701,0.28533828258514404,-0.26114487648010254,0.9993669986724854,0.7363571524620056,0.2842140197753906,-0.26215773820877075,0.9994257688522339,0.7814462184906006,0.30502623319625854,-0.08345837891101837,0.9998914003372192,0.702944278717041,0.29906484484672546,-0.09290432929992676,0.9998805522918701,0.7884770631790161,0.39432117342948914,-0.10901196300983429,0.9577659964561462,0.6867279410362244,0.3842310309410095,-0.09766948968172073,0.9774538278579712,0.7497132420539856,0.4047558903694153,-0.26917463541030884,0.9143092036247253,0.7191156148910522,0.4057634472846985,-0.22001096606254578,0.9522494673728943,0.7344557046890259,0.4136853516101837,-0.31133535504341125,0.8579168319702148,0.7315924167633057,0.4164259731769562,-0.25500574707984924,0.9180743098258972,0.7299647331237793,0.40202727913856506,-0.3210696876049042,0.8597040176391602,0.7351139783859253,0.40553590655326843,-0.2703673541545868,0.9185404181480408,0.7336220741271973,0.39904025197029114,-0.2754918336868286,0.8205098509788513,0.7323727011680603,0.4023912847042084,-0.22713124752044678,0.8828439712524414,0.7468085885047913,0.4794391989707947,-0.0006745614809915423,0.9965455532073975,0.7044892907142639,0.4726122319698334,0.0008442200487479568,0.9975630640983582,0.723115086555481,0.6018615365028381,-0.008788331411778927,0.9358941912651062,0.6984213590621948,0.6042267680168152,-0.015633396804332733,0.9560170769691467,0.7013496160507202,0.7054030895233154,0.13400793075561523,0.9139317274093628,0.6943789124488831,0.7167799472808838,0.09343988448381424,0.9434995651245117,0.7003399133682251,0.717233419418335,0.14182204008102417,0.7898581624031067,0.6949779391288757,0.7435011267662048,0.10190442949533463,0.7733491063117981,0.7028728723526001,0.7506795525550842,0.018073875457048416,0.911476731300354,0.6867178082466125,0.766947865486145,-0.012357847765088081,0.9205331206321716
134,0.7384330034255981,0.27922114729881287,-0.3752736449241638,0.9993301033973694,0.7426026463508606,0.2669175863265991,-0.36798179149627686,0.9979403018951416,0.7455849647521973,0.2659842073917389,-0.36802226305007935,0.9977799654006958,0.748439371585846,0.2650100588798523,-0.36810532212257385,0.9976584911346436,0.7346450686454773,0.26737114787101746,-0.36884936690330505,0.9979820847511292,0.7319002747535706,0.266510933637619,-0.36891481280326843,0.997704803943634,0.7294304370880127,0.2655870020389557,-0.3689729869365692,0.9977414608001709,0.753339409828186,0.2596595883369446,-0.24989831447601318,0.9963727593421936,0.7261434197425842,0.2605561912059784,-0.2513086497783661,0.9973705410957336,0.7429323196411133,0.2869220972061157,-0.3232276141643524,0.9992937445640564,0.733909547328949,0.28626424074172974,-0.3240330219268799,0.9992631673812866,0.7807797193527222,0.3052073121070862,-0.13609784841537476,0.9998905658721924,0.7002232074737549,0.30143794417381287,-0.14085671305656433,0.9998481273651123,0.7884376645088196,0.39667874574661255,-0.16093888878822327,0.9605349898338318,0.6865720748901367,0.388304203748703,-0.13363292813301086,0.9747843146324158,0.7464118599891663,0.4068048894405365,-0.3195340037345886,0.9190583825111389,0.7190901041030884,0.4089650809764862,-0.23884308338165283,0.9450106620788574,0.7308729290962219,0.41532352566719055,-0.3607242703437805,0.8630185127258301,0.7314575910568237,0.41922515630722046,-0.26686954498291016,0.9077017903327942,0.7267542481422424,0.40383487939834595,-0.37130552530288696,0.864650547504425,0.7347304821014404,0.40832215547561646,-0.2843453586101532,0.9083626866340637,0.7300509214401245,0.4010757803916931,-0.3254868984222412,0.8261528015136719,0.7320250868797302,0.40515902638435364,-0.2463093250989914,0.8702065348625183,0.7467222213745117,0.4808899760246277,-0.0012388078030198812,0.9961592555046082,0.7035504579544067,0.4736308455467224,0.001399161876179278,0.9973721504211426,0.7230773568153381,0.6045541167259216,-0.005819967947900295,0.9346615076065063,0.6974961757659912,0.6044040322303772,-0.014337055385112762,0.9560727477073669,0.7051522731781006,0.7048682570457458,0.1755676567554474,0.9078629612922668,0.6939231157302856,0.7232311367988586,0.09964606910943985,0.9426294565200806,0.7049693465232849,0.7136265635490417,0.18841588497161865,0.7764381766319275,0.6948968172073364,0.740331768989563,0.10597570985555649,0.768703818321228,0.7033742666244507,0.7490686178207397,0.07275383174419403,0.9059146046638489,0.6860939860343933,0.7719122767448425,-0.021106529980897903,0.9184658527374268
135,0.7358812689781189,0.2803727686405182,-0.4010222554206848,0.9992067217826843,0.7399393916130066,0.2678270637989044,-0.3938484787940979,0.9975327849388123,0.7429283857345581,0.26681843400001526,-0.3938869833946228,0.997411847114563,0.745836079120636,0.26575374603271484,-0.39397674798965454,0.9973245859146118,0.7321443557739258,0.2681673467159271,-0.394713819026947,0.9974852800369263,0.729509711265564,0.2672150433063507,-0.3947769105434418,0.9970520734786987,0.727173924446106,0.26620376110076904,-0.3948349356651306,0.9970583915710449,0.7505835890769958,0.2599440813064575,-0.27535775303840637,0.9960571527481079,0.7237696051597595,0.26098698377609253,-0.2771368622779846,0.996065616607666,0.7403059005737305,0.2876250445842743,-0.34891679883003235,0.9991219639778137,0.7315572500228882,0.2871628999710083,-0.3497876822948456,0.9990020990371704,0.7795219421386719,0.3047017753124237,-0.15851686894893646,0.9998841881752014,0.6981054544448853,0.30229437351226807,-0.16564138233661652,0.9998055696487427,0.7882551550865173,0.3955286145210266,-0.17988376319408417,0.9627354741096497,0.686461329460144,0.38822540640830994,-0.1584671139717102,0.9718024730682373,0.7467325925827026,0.4080338180065155,-0.34062305092811584,0.9226654171943665,0.7192360162734985,0.40940845012664795,-0.2668072581291199,0.934967041015625,0.7315298914909363,0.4166111946105957,-0.3831232786178589,0.8666056990623474,0.7317500114440918,0.4209951162338257,-0.29927223920822144,0.8937990069389343,0.7273107171058655,0.405068963766098,-0.39629608392715454,0.8681923747062683,0.7344712615013123,0.4098030924797058,-0.31546345353126526,0.8947917819023132,0.7306874394416809,0.40235403180122375,-0.34776076674461365,0.8301000595092773,0.7317751049995422,0.4064193069934845,-0.2737199068069458,0.8535226583480835,0.7465965151786804,0.4798519015312195,-0.0007635754882358015,0.995743453502655,0.702273428440094,0.47205647826194763,0.0009145671501755714,0.9972739815711975,0.7238707542419434,0.6026391386985779,0.0017347270622849464,0.9310830235481262,0.6972473859786987,0.6013885736465454,-0.02236326038837433,0.9554026126861572,0.7083996534347534,0.7014936208724976,0.20807552337646484,0.8944476246833801,0.6936049461364746,0.7249974608421326,0.08486304432153702,0.9409841299057007,0.7074970602989197,0.7113285064697266,0.22385986149311066,0.7553207874298096,0.694616973400116,0.7389370203018188,0.08961089700460434,0.7615889310836792,0.7061260938644409,0.7451910376548767,0.1154799684882164,0.8947625160217285,0.6857243776321411,0.773566484451294,-0.04199182614684105,0.9152773022651672
136,0.7342653870582581,0.28074055910110474,-0.4046384394168854,0.999122142791748,0.7383309602737427,0.2680075764656067,-0.3971255421638489,0.9972311854362488,0.7412842512130737,0.2669721841812134,-0.3971644937992096,0.9971199035644531,0.7441709637641907,0.265860378742218,-0.3972546458244324,0.997039258480072,0.7306355237960815,0.2682715058326721,-0.3977179229259491,0.9971580505371094,0.7280322909355164,0.26726844906806946,-0.39778339862823486,0.9966251254081726,0.7257155179977417,0.2661760747432709,-0.397848516702652,0.99663907289505,0.7488026022911072,0.25988370180130005,-0.27703195810317993,0.9957619309425354,0.7222648859024048,0.26071077585220337,-0.27805304527282715,0.9952043294906616,0.7385686635971069,0.2877645194530487,-0.3520958423614502,0.9989928603172302,0.7299396991729736,0.2874511182308197,-0.3526724874973297,0.998845636844635,0.7780212759971619,0.30437520146369934,-0.15858925879001617,0.9998729825019836,0.6958041787147522,0.30224689841270447,-0.1651541292667389,0.9997795224189758,0.7857891321182251,0.39464670419692993,-0.18047206103801727,0.9641396403312683,0.6840804815292358,0.38637274503707886,-0.16076937317848206,0.9706746339797974,0.7468088865280151,0.4082741141319275,-0.3526671826839447,0.9248228669166565,0.7174619436264038,0.40963223576545715,-0.2795969545841217,0.9300587177276611,0.7321501970291138,0.4170370399951935,-0.39729803800582886,0.8683032989501953,0.730434238910675,0.4211631417274475,-0.3150116205215454,0.8864708542823792,0.7276657223701477,0.405647337436676,-0.4120277762413025,0.8699484467506409,0.7324228882789612,0.4104851186275482,-0.3302747309207916,0.887643575668335,0.7313128709793091,0.40281230211257935,-0.36098724603652954,0.8317554593086243,0.7296520471572876,0.4071013331413269,-0.28629782795906067,0.844226598739624,0.7465008497238159,0.47940149903297424,-0.00046276580542325974,0.9954239130020142,0.7009896636009216,0.4730583131313324,0.0006095091812312603,0.9972374439239502,0.7272032499313354,0.6007934808731079,-0.010556673631072044,0.9292874932289124,0.6972216963768005,0.6014231443405151,-0.02527453564107418,0.955384373664856,0.7099478840827942,0.7009432911872864,0.22030505537986755,0.8816207647323608,0.693420946598053,0.7254611849784851,0.09313039481639862,0.9407923221588135,0.7078270316123962,0.7056280374526978,0.2394767701625824,0.7404940128326416,0.6945064067840576,0.7391843795776367,0.09888937324285507,0.7588790655136108,0.709405779838562,0.7438690066337585,0.13701079785823822,0.884398341178894,0.6854190230369568,0.7756479978561401,-0.03140700235962868,0.913606584072113
137,0.7332281470298767,0.2814284563064575,-0.408337265253067,0.9989545345306396,0.7373629808425903,0.26873335242271423,-0.4006580412387848,0.9966363310813904,0.740277886390686,0.267720490694046,-0.4006887376308441,0.9964867830276489,0.7431403398513794,0.26664093136787415,-0.40077218413352966,0.9964142441749573,0.7295900583267212,0.26881903409957886,-0.40150898694992065,0.9966002702713013,0.7269448041915894,0.26773399114608765,-0.4015647768974304,0.9959097504615784,0.7245684862136841,0.26654642820358276,-0.4016302227973938,0.9959379434585571,0.7476806044578552,0.2605914771556854,-0.27841824293136597,0.9951821565628052,0.7209469079971313,0.260890930891037,-0.28037554025650024,0.9938971996307373,0.7373500466346741,0.28830116987228394,-0.3549577295780182,0.9988073706626892,0.7286423444747925,0.2878795266151428,-0.35575050115585327,0.9986606240272522,0.7759694457054138,0.30416935682296753,-0.15724867582321167,0.9998570680618286,0.6938354969024658,0.3022531569004059,-0.17075952887535095,0.9997643828392029,0.781947910785675,0.39403998851776123,-0.17677703499794006,0.964350700378418,0.6827026605606079,0.38627874851226807,-0.17176176607608795,0.9696614742279053,0.7467452883720398,0.4083997905254364,-0.3467240333557129,0.9231444597244263,0.7172439694404602,0.4099682569503784,-0.2922447621822357,0.9234592318534851,0.7324665784835815,0.41705334186553955,-0.3905744254589081,0.8636566400527954,0.7303422093391418,0.42043963074684143,-0.327728271484375,0.8773744702339172,0.7281674742698669,0.40565335750579834,-0.4043206572532654,0.8652207255363464,0.7318680882453918,0.4097251892089844,-0.34222379326820374,0.8785006999969482,0.731492280960083,0.4029165506362915,-0.35488882660865784,0.8259282112121582,0.7287271618843079,0.4066115915775299,-0.2987980842590332,0.8325538635253906,0.746387243270874,0.4786946177482605,0.0035037915222346783,0.9952017068862915,0.6999551057815552,0.4736984968185425,-0.00333411549217999,0.9972445964813232,0.7358195185661316,0.5994197130203247,-0.036386165767908096,0.9306479692459106,0.6970690488815308,0.6041029691696167,-0.0332178995013237,0.9573675394058228,0.7122087478637695,0.6793815493583679,0.21748654544353485,0.8718492984771729,0.6933839917182922,0.7249977588653564,0.0948430597782135,0.9432242512702942,0.7075113654136658,0.6811641454696655,0.23918497562408447,0.7371004819869995,0.6942496299743652,0.7428885102272034,0.10145801305770874,0.7653663754463196,0.7148604393005371,0.7296867370605469,0.1458764523267746,0.8774878978729248,0.6867707967758179,0.774838387966156,-0.028250161558389664,0.9157479405403137
138,0.7326995134353638,0.2820063829421997,-0.40917858481407166,0.9988981485366821,0.7370356321334839,0.2692481577396393,-0.4012832045555115,0.9964122176170349,0.7400259971618652,0.268293559551239,-0.4013146758079529,0.9962189793586731,0.7429406642913818,0.2672967314720154,-0.4014040529727936,0.9961588978767395,0.7289313077926636,0.2692040801048279,-0.4018402695655823,0.9964097142219543,0.7261728048324585,0.26805105805397034,-0.401888370513916,0.9956336617469788,0.7236925363540649,0.26678118109703064,-0.4019419550895691,0.9957149028778076,0.7474227547645569,0.2613818943500519,-0.27946022152900696,0.994983434677124,0.7200044393539429,0.261034220457077,-0.28034475445747375,0.9934462904930115,0.737047553062439,0.28921812772750854,-0.3562186360359192,0.9987298250198364,0.7279236912727356,0.28859251737594604,-0.35663896799087524,0.9986174702644348,0.7741450667381287,0.3040769398212433,-0.15821677446365356,0.9998450875282288,0.6925753355026245,0.302008718252182,-0.17367760837078094,0.9997653365135193,0.7783426642417908,0.392891526222229,-0.1790456622838974,0.9642444849014282,0.6786335706710815,0.38499805331230164,-0.17983976006507874,0.9703356623649597,0.746834933757782,0.40843361616134644,-0.35726234316825867,0.9210664629936218,0.7110931873321533,0.4099239706993103,-0.31247979402542114,0.9221053123474121,0.7356748580932617,0.41751423478126526,-0.40514999628067017,0.8594393730163574,0.7239336967468262,0.42028185725212097,-0.3510902225971222,0.8755659461021423,0.7302651405334473,0.4069913625717163,-0.42047181725502014,0.8611151576042175,0.7256566286087036,0.4105413854122162,-0.3668350577354431,0.8766849637031555,0.7321292757987976,0.4040226638317108,-0.3668833374977112,0.8207469582557678,0.7220908403396606,0.4073638319969177,-0.3200852870941162,0.8297717571258545,0.746135950088501,0.4781550168991089,0.0071518258191645145,0.9951221942901611,0.6992504000663757,0.4730214476585388,-0.006982780992984772,0.9973040223121643,0.7430330514907837,0.590941846370697,-0.062204498797655106,0.933573305606842,0.6965143084526062,0.6032516956329346,-0.045963335782289505,0.9598395228385925,0.717002809047699,0.6622292995452881,0.19840851426124573,0.8696384429931641,0.6932636499404907,0.7226069569587708,0.08767865598201752,0.946408212184906,0.709683358669281,0.6654399633407593,0.21882811188697815,0.7434819936752319,0.6940900087356567,0.7423437833786011,0.09474756568670273,0.7746878266334534,0.7227212190628052,0.7188160419464111,0.12330421060323715,0.8776103854179382,0.6875813603401184,0.7745784521102905,-0.03769076615571976,0.919124186038971
139,0.7330061793327332,0.2823176980018616,-0.40315380692481995,0.9988391995429993,0.7373486161231995,0.26940613985061646,-0.39432597160339355,0.9962108135223389,0.740312933921814,0.2685413658618927,-0.39436042308807373,0.9959498643875122,0.7432478666305542,0.267656534910202,-0.3944477140903473,0.9958906173706055,0.7291188836097717,0.26938432455062866,-0.39576178789138794,0.9962829947471619,0.7263385057449341,0.2683184742927551,-0.395810067653656,0.9954389333724976,0.723697304725647,0.2670750617980957,-0.3958621323108673,0.9955881237983704,0.7473856806755066,0.262277752161026,-0.2712857127189636,0.9947435855865479,0.7197104692459106,0.2616118788719177,-0.27578428387641907,0.9932466745376587,0.7373346090316772,0.29006683826446533,-0.34995296597480774,0.9986546039581299,0.7280663251876831,0.289223313331604,-0.3514375686645508,0.9985972046852112,0.7727309465408325,0.3042433559894562,-0.15103265643119812,0.9998242855072021,0.6908107399940491,0.3034024238586426,-0.17124059796333313,0.9997641444206238,0.7758706212043762,0.39267683029174805,-0.1719556450843811,0.962489128112793,0.6760720014572144,0.38582563400268555,-0.17913269996643066,0.9712217450141907,0.7469699382781982,0.40853869915008545,-0.350544273853302,0.9155468344688416,0.7106654644012451,0.4124331772327423,-0.30789488554000854,0.9218133687973022,0.7368451356887817,0.41789811849594116,-0.3977191150188446,0.850928544998169,0.7229849100112915,0.4224158823490143,-0.3460298776626587,0.8749321699142456,0.730950653553009,0.40792882442474365,-0.4125264286994934,0.852527379989624,0.7253220081329346,0.41305580735206604,-0.360032856464386,0.8759155869483948,0.7322657108306885,0.40470239520072937,-0.3601454198360443,0.8111728429794312,0.7215877175331116,0.4098123610019684,-0.3146096169948578,0.8283898234367371,0.7457802891731262,0.4776598811149597,0.008908292278647423,0.9950169324874878,0.6986114382743835,0.47339314222335815,-0.00874099787324667,0.9973418116569519,0.7467514276504517,0.5907264947891235,-0.06219552084803581,0.9369006156921387,0.6952320337295532,0.6047962307929993,-0.041460759937763214,0.9622849225997925,0.7217065095901489,0.661169171333313,0.19785040616989136,0.8688474893569946,0.6933721303939819,0.7210368514060974,0.09023519605398178,0.949621856212616,0.7132060527801514,0.6664628982543945,0.21983011066913605,0.7498295903205872,0.6945096850395203,0.7398888468742371,0.10050984472036362,0.7836596965789795,0.7304846048355103,0.7181338667869568,0.1284823715686798,0.8782248497009277,0.6883496046066284,0.7746573090553284,-0.03702831640839577,0.9227551221847534
140,0.7330899834632874,0.28202807903289795,-0.40033626556396484,0.9988301396369934,0.7375438809394836,0.2691170573234558,-0.3907622694969177,0.9961623549461365,0.7405194044113159,0.26829153299331665,-0.3908274471759796,0.9958705902099609,0.7435131669044495,0.26743367314338684,-0.39092642068862915,0.9957935214042664,0.7290728092193604,0.2691214382648468,-0.3902994394302368,0.9962649345397949,0.7262643575668335,0.2681312561035156,-0.39029139280319214,0.9953864216804504,0.7234715223312378,0.26689618825912476,-0.3903256952762604,0.9955611228942871,0.7475022673606873,0.2623384892940521,-0.26186853647232056,0.9947192668914795,0.7192971706390381,0.2614191174507141,-0.2617195248603821,0.9932298064231873,0.7375422120094299,0.2901158630847931,-0.3482922911643982,0.998650312423706,0.728007435798645,0.28916284441947937,-0.34902530908584595,0.9986251592636108,0.7719358801841736,0.3048803508281708,-0.14993293583393097,0.9998179078102112,0.6897658109664917,0.30416423082351685,-0.16125351190567017,0.9997678399085999,0.7745057344436646,0.3929167091846466,-0.16814620792865753,0.9622972011566162,0.674546480178833,0.387832909822464,-0.16750819981098175,0.9721842408180237,0.7470594644546509,0.40881288051605225,-0.3539983034133911,0.9150597453117371,0.709850549697876,0.416166216135025,-0.30752456188201904,0.9226949214935303,0.7373403906822205,0.4195672571659088,-0.40328460931777954,0.850039005279541,0.7216559648513794,0.426552414894104,-0.3398283123970032,0.876123309135437,0.7309790849685669,0.40979430079460144,-0.4178728461265564,0.8515176177024841,0.7246102094650269,0.41690078377723694,-0.3549026846885681,0.8769678473472595,0.7324099540710449,0.4060315489768982,-0.3637617230415344,0.8100067973136902,0.7210835814476013,0.4132830500602722,-0.31412309408187866,0.8295009732246399,0.7451432943344116,0.47861751914024353,0.00877409614622593,0.995109498500824,0.6976901292800903,0.4767342805862427,-0.008605526760220528,0.9974424242973328,0.7489573955535889,0.5934424996376038,-0.057908885180950165,0.9401580691337585,0.6943342089653015,0.6094955801963806,-0.03724874183535576,0.9646075963973999,0.7239373922348022,0.6658995151519775,0.21519696712493896,0.8674647808074951,0.6933149099349976,0.7202235460281372,0.11151096969842911,0.9525321125984192,0.7151604890823364,0.6717222929000854,0.2393328696489334,0.7538977861404419,0.6944064497947693,0.7383953928947449,0.12188678979873657,0.7910383939743042,0.7350271940231323,0.720036506652832,0.15172573924064636,0.8778641223907471,0.6884447336196899,0.773769199848175,-0.008292362093925476,0.9260615706443787
141,0.7326700687408447,0.2826116681098938,-0.3818899691104889,0.9988456964492798,0.7373645305633545,0.2698096036911011,-0.3727511763572693,0.9961977005004883,0.7403869032859802,0.26899734139442444,-0.37280523777008057,0.9958752989768982,0.7434787750244141,0.2681393027305603,-0.3728941082954407,0.9957668781280518,0.7286803126335144,0.2698552906513214,-0.37239688634872437,0.9963328838348389,0.7259252667427063,0.2689293920993805,-0.37240466475486755,0.9954492449760437,0.723103940486908,0.2676793932914734,-0.37244492769241333,0.995638906955719,0.7474255561828613,0.2632980942726135,-0.24961276352405548,0.9947662949562073,0.7189568281173706,0.2618124783039093,-0.24908599257469177,0.9934214353561401,0.7374087572097778,0.2905975580215454,-0.33050236105918884,0.9986678957939148,0.727553129196167,0.2895067632198334,-0.33029887080192566,0.9986787438392639,0.7714029550552368,0.3060622811317444,-0.13659796118736267,0.9998120069503784,0.6888858079910278,0.30468806624412537,-0.14882999658584595,0.9997769594192505,0.7737635374069214,0.3937135636806488,-0.1627119779586792,0.9616668820381165,0.6732140779495239,0.3894329369068146,-0.15414579212665558,0.9729604721069336,0.7478228807449341,0.41025152802467346,-0.3493182063102722,0.9137608408927917,0.7087067365646362,0.4185781478881836,-0.2906683385372162,0.9237222075462341,0.7393888235092163,0.42220136523246765,-0.3982500433921814,0.8481982350349426,0.7208450436592102,0.4292609393596649,-0.32768720388412476,0.8775397539138794,0.7332821488380432,0.4124238193035126,-0.41332513093948364,0.8495293855667114,0.7240203022956848,0.4195767641067505,-0.3427312970161438,0.8782654404640198,0.733862042427063,0.4082520604133606,-0.35918688774108887,0.8078498840332031,0.7205281257629395,0.41576752066612244,-0.2976186275482178,0.8309699892997742,0.7446168661117554,0.4808242917060852,0.008531829342246056,0.9952079057693481,0.6967934966087341,0.47951897978782654,-0.008364833891391754,0.9975607991218567,0.7505030035972595,0.6005411744117737,-0.04780401661992073,0.9437466859817505,0.6936953663825989,0.6134488582611084,-0.03585781902074814,0.9670842289924622,0.7291760444641113,0.6736560463905334,0.22275057435035706,0.8701061606407166,0.6932587027549744,0.724039614200592,0.11018475145101547,0.9556580781936646,0.7196517586708069,0.6790898442268372,0.24544736742973328,0.7596434950828552,0.6943285465240479,0.739229142665863,0.1193617582321167,0.7986420392990112,0.742267906665802,0.7326228618621826,0.1549958437681198,0.8800631761550903,0.6882250308990479,0.7761188745498657,-0.009864157997071743,0.9299282431602478
142,0.732740044593811,0.2823294401168823,-0.3531194031238556,0.9988684058189392,0.7374939322471619,0.26957711577415466,-0.34434249997138977,0.996284544467926,0.7405034303665161,0.2688044011592865,-0.3443940281867981,0.9959477782249451,0.7435596585273743,0.26800137758255005,-0.34446799755096436,0.9958127737045288,0.7289060950279236,0.26958587765693665,-0.3446955382823944,0.9964366555213928,0.7261930704116821,0.26867085695266724,-0.3447231650352478,0.9955633282661438,0.7234340906143188,0.26744842529296875,-0.3447752594947815,0.9957568049430847,0.7474120259284973,0.26371440291404724,-0.22788703441619873,0.9948330521583557,0.7192911505699158,0.2616729140281677,-0.22931668162345886,0.9936988949775696,0.7373985052108765,0.2904057800769806,-0.30381572246551514,0.9986928701400757,0.7276192307472229,0.2892853021621704,-0.3043577969074249,0.9987376928329468,0.7710639834403992,0.3072740435600281,-0.1215091198682785,0.9998076558113098,0.6885537505149841,0.3050963580608368,-0.13053907454013824,0.9997854828834534,0.7738174200057983,0.39467036724090576,-0.1585685908794403,0.9615349769592285,0.671964168548584,0.3895743489265442,-0.13573838770389557,0.9737504124641418,0.7515138387680054,0.4115508794784546,-0.357044517993927,0.9159709215164185,0.7073029279708862,0.4202682077884674,-0.271022766828537,0.9254929423332214,0.7439249753952026,0.424181193113327,-0.4075678288936615,0.8524049520492554,0.7190684676170349,0.43214136362075806,-0.3098415732383728,0.8799118995666504,0.7383553385734558,0.41447877883911133,-0.42415308952331543,0.8536144495010376,0.7226369380950928,0.42232590913772583,-0.32548800110816956,0.8805861473083496,0.7383488416671753,0.4099852442741394,-0.3676885664463043,0.8125331401824951,0.7194762229919434,0.4181150496006012,-0.2783569097518921,0.8341152667999268,0.7444856762886047,0.48329123854637146,0.008058304898440838,0.9952261447906494,0.6964234113693237,0.48165521025657654,-0.007880760356783867,0.9976612329483032,0.7498842477798462,0.6085755228996277,-0.007298567332327366,0.9464813470840454,0.6934073567390442,0.616314709186554,-0.03572205826640129,0.9693859815597534,0.7340409159660339,0.6888611912727356,0.2299339324235916,0.8736993670463562,0.6931825876235962,0.7288234829902649,0.10672838985919952,0.9583094716072083,0.7237850427627563,0.6986691951751709,0.24874046444892883,0.7612478733062744,0.6943221688270569,0.7423054575920105,0.11429449170827866,0.8028879761695862,0.7465732097625732,0.7473630309104919,0.1494539976119995,0.8821577429771423,0.6880673766136169,0.7779214382171631,-0.01745397038757801,0.932922899723053
143,0.7327362895011902,0.28275054693222046,-0.33410724997520447,0.9989191889762878,0.7376277446746826,0.2700410783290863,-0.3253656327724457,0.9964635372161865,0.7406385540962219,0.2693314850330353,-0.32542023062705994,0.9961221218109131,0.7436760663986206,0.26858240365982056,-0.3254890739917755,0.9959797263145447,0.7290683388710022,0.269819438457489,-0.32584866881370544,0.9966139793395996,0.726363480091095,0.2688200771808624,-0.32587552070617676,0.995779275894165,0.7236506342887878,0.2675422132015228,-0.3259158134460449,0.9959732294082642,0.7475449442863464,0.26441690325737,-0.2105730026960373,0.9949715733528137,0.7195197343826294,0.2615874707698822,-0.2120315283536911,0.994097113609314,0.7373808026313782,0.290835976600647,-0.28521472215652466,0.9987434148788452,0.7275086641311646,0.2894914448261261,-0.28576451539993286,0.9988065958023071,0.7710551619529724,0.30921193957328796,-0.10398806631565094,0.9998084306716919,0.688168466091156,0.30583202838897705,-0.11401597410440445,0.9997933506965637,0.7739701271057129,0.3973158299922943,-0.12572917342185974,0.9605758190155029,0.6713932156562805,0.3919939696788788,-0.11270836740732193,0.9739317297935486,0.7553637623786926,0.41411542892456055,-0.3237805664539337,0.9164271354675293,0.7068092226982117,0.422137588262558,-0.2480078935623169,0.9266662001609802,0.7474203109741211,0.4272027015686035,-0.37446457147598267,0.8540037870407104,0.7185608148574829,0.4345122277736664,-0.28769001364707947,0.8816057443618774,0.7425402402877808,0.417251318693161,-0.3958985209465027,0.8554027080535889,0.7223663926124573,0.42406511306762695,-0.3048399090766907,0.8822767734527588,0.7425767183303833,0.41247260570526123,-0.3363795876502991,0.8146528005599976,0.7192015051841736,0.41960999369621277,-0.2560651898384094,0.8366703391075134,0.7444604635238647,0.4870647192001343,0.007917452603578568,0.9953300356864929,0.6964176893234253,0.4844590127468109,-0.0077492124401032925,0.9976637959480286,0.7489922046661377,0.6170843839645386,-6.994618888711557e-05,0.9496933817863464,0.6934278011322021,0.6180230975151062,-0.010566379874944687,0.9714822769165039,0.7364423274993896,0.7153546810150146,0.18179623782634735,0.8821366429328918,0.6931456327438354,0.7322074770927429,0.13810192048549652,0.9606238603591919,0.7262214422225952,0.7284627556800842,0.19197747111320496,0.7699710726737976,0.6953697204589844,0.7448630928993225,0.14648880064487457,0.8061360120773315,0.7499781250953674,0.7632595300674438,0.07446471601724625,0.8887356519699097,0.6879706382751465,0.7794309258460999,0.018460387364029884,0.9359956979751587
144,0.7331389784812927,0.28357160091400146,-0.33572691679000854,0.9990127086639404,0.7382274866104126,0.27083852887153625,-0.32657453417778015,0.996774435043335,0.7412245273590088,0.2702445089817047,-0.3266201615333557,0.9964576363563538,0.744091272354126,0.2696070373058319,-0.3266851007938385,0.99632328748703,0.7296003103256226,0.2702779769897461,-0.32758134603500366,0.9969092607498169,0.7267053723335266,0.26915794610977173,-0.3275899291038513,0.9961444139480591,0.7239938974380493,0.26782920956611633,-0.32760554552078247,0.9963207244873047,0.7478402853012085,0.26546937227249146,-0.20936155319213867,0.9953834414482117,0.7197102904319763,0.2616550922393799,-0.2133593112230301,0.994631826877594,0.7376793622970581,0.29199036955833435,-0.2857752740383148,0.9988488554954529,0.7275726199150085,0.2900949716567993,-0.2870675325393677,0.9989110827445984,0.77121901512146,0.31158819794654846,-0.09982313215732574,0.9998223185539246,0.6881595849990845,0.3059796690940857,-0.11126510053873062,0.9998073577880859,0.7743234038352966,0.40092363953590393,-0.11254594475030899,0.9613667130470276,0.6704074144363403,0.3918754458427429,-0.10752420127391815,0.9745082855224609,0.7592250108718872,0.4182576835155487,-0.3069519102573395,0.9205607771873474,0.7055276036262512,0.42343106865882874,-0.24663090705871582,0.9293633699417114,0.750796914100647,0.43099772930145264,-0.3568636178970337,0.8609152436256409,0.7167791724205017,0.4366534352302551,-0.28602084517478943,0.8855240345001221,0.7471040487289429,0.4200941324234009,-0.3784169554710388,0.8623744249343872,0.7215182185173035,0.425716370344162,-0.3050866425037384,0.8861646056175232,0.7474116086959839,0.41525813937187195,-0.3193334937095642,0.8228112459182739,0.7184688448905945,0.4208269417285919,-0.2554151713848114,0.842066764831543,0.7444441914558411,0.49013417959213257,0.007753367070108652,0.9956478476524353,0.6964063048362732,0.4864453971385956,-0.007601151708513498,0.9977768063545227,0.7489885687828064,0.6224892139434814,0.006178901996463537,0.9536692500114441,0.6937447786331177,0.6197572946548462,0.0018830255139619112,0.973677396774292,0.739665150642395,0.7333236336708069,0.15896135568618774,0.8919321894645691,0.6941932439804077,0.7319164276123047,0.1496039628982544,0.9632493257522583,0.7306452989578247,0.7457464337348938,0.16653934121131897,0.7827020883560181,0.6985436081886292,0.7449807524681091,0.1577753871679306,0.8122408390045166,0.7537828683853149,0.7803298830986023,0.043412916362285614,0.8968519568443298,0.6881003379821777,0.7788779139518738,0.03167295828461647,0.9398951530456543
145,0.7340718507766724,0.28379443287849426,-0.3377440571784973,0.9990932941436768,0.7394510507583618,0.2709853947162628,-0.32787054777145386,0.9970467686653137,0.7423828840255737,0.2705089747905731,-0.32791441679000854,0.9967535734176636,0.7452418208122253,0.26995620131492615,-0.32798826694488525,0.9966269731521606,0.7307726144790649,0.2702025771141052,-0.3295951783657074,0.997167706489563,0.7278050184249878,0.2690483629703522,-0.32960888743400574,0.9964660406112671,0.7250741720199585,0.2677127718925476,-0.3296213150024414,0.9966264963150024,0.7487056255340576,0.2661527097225189,-0.2092619389295578,0.9957458972930908,0.7201640009880066,0.26158958673477173,-0.21613255143165588,0.9951090812683105,0.7383260726928711,0.292389839887619,-0.28740808367729187,0.9989404082298279,0.7279958128929138,0.2901856601238251,-0.289585679769516,0.9990026354789734,0.7712576389312744,0.3148941993713379,-0.10157851874828339,0.9998324513435364,0.6883773803710938,0.30649545788764954,-0.11515561491250992,0.9998175501823425,0.7743930220603943,0.4063391387462616,-0.12177151441574097,0.9612900614738464,0.6700684428215027,0.3929968774318695,-0.11769161373376846,0.9747322797775269,0.758335292339325,0.4217148423194885,-0.312828928232193,0.9216082096099854,0.7055298089981079,0.4247594177722931,-0.25503721833229065,0.9307259321212769,0.7498304843902588,0.43441760540008545,-0.3614439368247986,0.8632470965385437,0.7172759175300598,0.4385606050491333,-0.29409053921699524,0.8874459266662598,0.7460194230079651,0.42336148023605347,-0.3808691203594208,0.8647892475128174,0.7217819094657898,0.42798757553100586,-0.31174010038375854,0.8880800604820251,0.7465314269065857,0.41849181056022644,-0.32429930567741394,0.825393557548523,0.7187649607658386,0.42322471737861633,-0.2632618844509125,0.844817578792572,0.7444261908531189,0.49332302808761597,0.007219476159662008,0.9959702491760254,0.6961783766746521,0.48870527744293213,-0.0070857154205441475,0.997887134552002,0.7490369081497192,0.6299641132354736,-0.002782246330752969,0.9575761556625366,0.6937543749809265,0.6221033930778503,0.01339721865952015,0.9757055044174194,0.7437297105789185,0.7463781833648682,0.13039039075374603,0.9013775587081909,0.6947377920150757,0.732155978679657,0.17089936137199402,0.965721070766449,0.7359545826911926,0.7577735781669617,0.13627032935619354,0.7940107583999634,0.6997791528701782,0.7455454468727112,0.17992891371250153,0.8177799582481384,0.7579206824302673,0.7983272075653076,0.005994320847094059,0.9047773480415344,0.688056468963623,0.7786205410957336,0.05441511422395706,0.9436148405075073
146,0.7358185052871704,0.2841609716415405,-0.3401460647583008,0.9991461634635925,0.7411245703697205,0.27106189727783203,-0.3297550082206726,0.9972382187843323,0.7440181374549866,0.2706221640110016,-0.3298006057739258,0.9969615340232849,0.7468753457069397,0.2701026201248169,-0.3298768103122711,0.996834933757782,0.7326925992965698,0.2702177166938782,-0.3319925367832184,0.9973524212837219,0.7297822833061218,0.2690570652484894,-0.33202120661735535,0.9966992139816284,0.7271233797073364,0.2677273154258728,-0.3320503830909729,0.9968460202217102,0.7497661709785461,0.2667545974254608,-0.21073651313781738,0.9959506392478943,0.7219992280006409,0.2619737386703491,-0.2196328341960907,0.9954812526702881,0.7397202849388123,0.2929229736328125,-0.2897435128688812,0.9989985227584839,0.7295895218849182,0.2905970811843872,-0.292560875415802,0.9990668892860413,0.771880030632019,0.31741762161254883,-0.10566338151693344,0.9998379349708557,0.6886047124862671,0.30765488743782043,-0.119900643825531,0.9998221397399902,0.7745102643966675,0.41159096360206604,-0.12842810153961182,0.9595869779586792,0.6698490381240845,0.39455074071884155,-0.12429137527942657,0.9741439819335938,0.7578438520431519,0.42522573471069336,-0.3176509141921997,0.9187005758285522,0.7053915858268738,0.427584171295166,-0.2636162042617798,0.9298499822616577,0.748820424079895,0.43794316053390503,-0.3659157156944275,0.8610593676567078,0.7173692584037781,0.44109174609184265,-0.30483928322792053,0.8864094018936157,0.7452894449234009,0.425644189119339,-0.3835044801235199,0.8627551198005676,0.7217450737953186,0.4298751950263977,-0.32331252098083496,0.8870707154273987,0.7460764050483704,0.4207639694213867,-0.3282777667045593,0.8225934505462646,0.7188192009925842,0.42532411217689514,-0.2726670205593109,0.8438494205474854,0.7444562911987305,0.49632057547569275,0.005889815744012594,0.9962736964225769,0.6960819959640503,0.4904078543186188,-0.00578553881496191,0.9979764223098755,0.748437225818634,0.6358823180198669,-0.014449357986450195,0.9609518051147461,0.6937814354896545,0.6241748332977295,0.028553340584039688,0.9770451784133911,0.7479122281074524,0.7565662264823914,0.09656146913766861,0.9096918702125549,0.6946747303009033,0.7317895293235779,0.20771916210651398,0.9670652747154236,0.7415218949317932,0.7682899236679077,0.10067999362945557,0.8009181618690491,0.6997207403182983,0.744696319103241,0.2191491574048996,0.8181625008583069,0.7595695853233337,0.8131629824638367,-0.0350533053278923,0.911582350730896,0.6876664161682129,0.7781944274902344,0.0986507460474968,0.9458368420600891
147,0.7382159233093262,0.2840571999549866,-0.31790322065353394,0.9991180896759033,0.7437349557876587,0.2709640860557556,-0.30607110261917114,0.9972237348556519,0.7465988993644714,0.2705213129520416,-0.30613160133361816,0.9969426989555359,0.7493947744369507,0.2700231969356537,-0.30620452761650085,0.99680095911026,0.7354500889778137,0.2701992690563202,-0.3087862730026245,0.9973565936088562,0.7326294183731079,0.26903486251831055,-0.3088200092315674,0.9967089295387268,0.7299731373786926,0.2676963210105896,-0.3088744282722473,0.9968479871749878,0.7518957257270813,0.26723533868789673,-0.18809570372104645,0.9956701993942261,0.7246254682540894,0.262215256690979,-0.19891121983528137,0.9956150650978088,0.741637647151947,0.29296475648880005,-0.2686837911605835,0.9989888668060303,0.7316675782203674,0.29065150022506714,-0.2721427083015442,0.9990752935409546,0.773313045501709,0.3206501305103302,-0.09794694185256958,0.9998340010643005,0.6887155175209045,0.30888479948043823,-0.1050422415137291,0.9998149871826172,0.7751204967498779,0.41509684920310974,-0.13110528886318207,0.9523975253105164,0.6696939468383789,0.3962401747703552,-0.12579813599586487,0.9717704057693481,0.7573533654212952,0.428232878446579,-0.3333899974822998,0.9041344523429871,0.7044922113418579,0.4289751350879669,-0.27701106667518616,0.9239374399185181,0.748195469379425,0.43995600938796997,-0.3819808065891266,0.8480803370475769,0.7158949971199036,0.44215211272239685,-0.31819969415664673,0.8795561194419861,0.7447190880775452,0.4271954894065857,-0.3985404372215271,0.850065290927887,0.720779299736023,0.43085724115371704,-0.3352581262588501,0.8802213072776794,0.7457121014595032,0.42238250374794006,-0.3440777063369751,0.8075258135795593,0.718030571937561,0.42648476362228394,-0.28592270612716675,0.8360151052474976,0.7447841763496399,0.5008014440536499,0.001290844869799912,0.9965609312057495,0.6960729360580444,0.49479973316192627,-0.0011940366821363568,0.9980261921882629,0.7478975653648376,0.6416602730751038,-0.042802199721336365,0.9641040563583374,0.6937817335128784,0.6257321238517761,0.06479085981845856,0.977520227432251,0.7500935792922974,0.76819908618927,0.04773769900202751,0.9175859689712524,0.6946606040000916,0.7308801412582397,0.27730733156204224,0.966866672039032,0.7456236481666565,0.7819259166717529,0.04899440333247185,0.8066449165344238,0.6993623971939087,0.7415081858634949,0.2923172116279602,0.8138982057571411,0.7588727474212646,0.8235937356948853,-0.09586971253156662,0.9182285070419312,0.6875928640365601,0.7778553366661072,0.17835865914821625,0.9466128349304199
148,0.7395941019058228,0.28508514165878296,-0.3306695222854614,0.9991508722305298,0.7454728484153748,0.2718624174594879,-0.3201116919517517,0.9973669648170471,0.7485028505325317,0.2715684473514557,-0.3201650083065033,0.9970929622650146,0.7514966726303101,0.27123892307281494,-0.3202389180660248,0.996950089931488,0.7369183301925659,0.270635187625885,-0.32214638590812683,0.9975011944770813,0.7341143488883972,0.26939648389816284,-0.3221808075904846,0.996881902217865,0.7314326167106628,0.2680225372314453,-0.32222679257392883,0.9970089793205261,0.7546407580375671,0.2688552141189575,-0.2019045650959015,0.9957849979400635,0.7262126803398132,0.26302284002304077,-0.20982789993286133,0.9958947896957397,0.7430909872055054,0.29430416226387024,-0.2807496190071106,0.99903404712677,0.7331298589706421,0.29183346033096313,-0.28332504630088806,0.9991225600242615,0.7752792239189148,0.3234482407569885,-0.1026911586523056,0.9998360872268677,0.689211905002594,0.31116989254951477,-0.11097443103790283,0.9998154640197754,0.7757076025009155,0.41916701197624207,-0.146737739443779,0.9486412405967712,0.6698192358016968,0.3983272314071655,-0.12691429257392883,0.9700726270675659,0.7565742135047913,0.43053925037384033,-0.34905534982681274,0.894503653049469,0.7037865519523621,0.43075960874557495,-0.292546808719635,0.9205000996589661,0.7465031743049622,0.44268521666526794,-0.3976317346096039,0.8394145369529724,0.7143116593360901,0.4439752697944641,-0.33347779512405396,0.875667154788971,0.7437918782234192,0.4297485053539276,-0.4136022627353668,0.8415774703025818,0.7194207906723022,0.4329107999801636,-0.35089391469955444,0.8763102293014526,0.7451927661895752,0.42504411935806274,-0.3592245876789093,0.7973004579544067,0.7169692516326904,0.4285697042942047,-0.3015146851539612,0.8316270112991333,0.7450283169746399,0.5051223635673523,-0.0036834129132330418,0.9968351721763611,0.6960853338241577,0.4983912706375122,0.003793677780777216,0.9980741739273071,0.747553825378418,0.6468063592910767,-0.052953917533159256,0.9667634963989258,0.6935999989509583,0.6290261745452881,0.088189497590065,0.9773908257484436,0.7519079446792603,0.77747642993927,0.024269815534353256,0.9244843125343323,0.6946266293525696,0.7308288812637329,0.309450626373291,0.9653469920158386,0.7477322220802307,0.7919357419013977,0.023997196927666664,0.81065833568573,0.6992675065994263,0.7413329482078552,0.32562118768692017,0.8083409667015076,0.7589486837387085,0.8338038921356201,-0.12218745797872543,0.9239531755447388,0.6871322989463806,0.7786740064620972,0.21405425667762756,0.9459806680679321
149,0.7403404116630554,0.28905555605888367,-0.352360337972641,0.9992016553878784,0.7466472387313843,0.2758341431617737,-0.34327155351638794,0.9975494146347046,0.7499441504478455,0.27578797936439514,-0.34331661462783813,0.9972884654998779,0.7531808614730835,0.27565428614616394,-0.343392014503479,0.9971528649330139,0.7377094626426697,0.27399712800979614,-0.34432217478752136,0.9976809620857239,0.7349252104759216,0.2726452946662903,-0.34436944127082825,0.9970998167991638,0.7322619557380676,0.2711781859397888,-0.34439772367477417,0.9972159266471863,0.7572928667068481,0.2732933759689331,-0.2279251515865326,0.996023952960968,0.7274080514907837,0.2664273977279663,-0.23106089234352112,0.9962115287780762,0.7442660331726074,0.29907751083374023,-0.30298298597335815,0.9990958571434021,0.7340859174728394,0.29615479707717896,-0.30424433946609497,0.9991803765296936,0.7771424055099487,0.3278521001338959,-0.1322529911994934,0.9998411536216736,0.6904455423355103,0.3140113651752472,-0.12322904169559479,0.9998208284378052,0.776675820350647,0.4249221384525299,-0.16630789637565613,0.9474626183509827,0.6700439453125,0.4009651839733124,-0.14161300659179688,0.9682173728942871,0.7516509294509888,0.4336322844028473,-0.34858882427215576,0.8865532279014587,0.7040778398513794,0.43331658840179443,-0.30262595415115356,0.9168896675109863,0.7385771870613098,0.4448292553424835,-0.3945411741733551,0.831083357334137,0.7147721648216248,0.4468967616558075,-0.34136247634887695,0.8711891770362854,0.736722469329834,0.43089425563812256,-0.40911388397216797,0.8331553936004639,0.7196516394615173,0.435550332069397,-0.35834118723869324,0.8717959523200989,0.7399476170539856,0.4265787899494171,-0.35726499557495117,0.7873697280883789,0.7171879410743713,0.43140941858291626,-0.31113773584365845,0.8267316818237305,0.7450516819953918,0.5100992321968079,-0.006875030696392059,0.9971010684967041,0.6959942579269409,0.5026629567146301,0.006962130311876535,0.998138427734375,0.7473011612892151,0.6502074599266052,-0.06223667785525322,0.9694451093673706,0.6935580372810364,0.6331444382667542,0.10640126466751099,0.9777033925056458,0.7521232962608337,0.7800595164299011,0.007009043358266354,0.9310855865478516,0.6947582364082336,0.7305458784103394,0.34726452827453613,0.9637043476104736,0.7481666803359985,0.7936708331108093,0.006025444716215134,0.815107524394989,0.6991187930107117,0.738438069820404,0.3660641312599182,0.8039597868919373,0.7572153806686401,0.8411935567855835,-0.13946665823459625,0.9296277165412903,0.68679279088974,0.7785070538520813,0.2652537524700165,0.9455817341804504
150,0.7432833909988403,0.29194125533103943,-0.34566158056259155,0.9992623329162598,0.7496362328529358,0.2783409357070923,-0.3341130018234253,0.9977526664733887,0.7530585527420044,0.27827396988868713,-0.33417171239852905,0.9975084662437439,0.7564318776130676,0.2780754864215851,-0.33425015211105347,0.9973822236061096,0.740091860294342,0.2763655483722687,-0.3360704779624939,0.997873842716217,0.7370353937149048,0.27495458722114563,-0.3361014723777771,0.997333824634552,0.7341787815093994,0.2734967768192291,-0.33610934019088745,0.9974372386932373,0.7605491280555725,0.2758830189704895,-0.21403959393501282,0.99632728099823,0.7290279865264893,0.26926353573799133,-0.22158987820148468,0.9965332746505737,0.746989905834198,0.3021511733531952,-0.29524892568588257,0.999167263507843,0.7367180585861206,0.29974299669265747,-0.29761263728141785,0.9992437362670898,0.7792953252792358,0.3328363299369812,-0.1291528046131134,0.9998507499694824,0.6921102404594421,0.31705406308174133,-0.1131432056427002,0.9998233318328857,0.7793330550193787,0.4311041831970215,-0.16016003489494324,0.9475787878036499,0.6703282594680786,0.4041493535041809,-0.12490516901016235,0.9651551842689514,0.7485994100570679,0.43677979707717896,-0.34618011116981506,0.8853988647460938,0.7038125395774841,0.43675631284713745,-0.29751673340797424,0.9112764000892639,0.7347533106803894,0.44789087772369385,-0.3941791355609894,0.8309424519538879,0.7142230868339539,0.4518417716026306,-0.334608256816864,0.8649555444717407,0.7327677607536316,0.43351680040359497,-0.4043448865413666,0.8329222202301025,0.7184098958969116,0.4399867653846741,-0.3571087121963501,0.8657315373420715,0.7359221577644348,0.42920294404029846,-0.3562963306903839,0.786650538444519,0.716354489326477,0.43532973527908325,-0.3105621933937073,0.8204772472381592,0.7454145550727844,0.5179938077926636,-0.006767528597265482,0.9973575472831726,0.6959419250488281,0.5087479948997498,0.006860686000436544,0.99820876121521,0.7471731901168823,0.657440185546875,-0.06916313618421555,0.9717813730239868,0.6933887600898743,0.6372660994529724,0.10377804189920425,0.9773361086845398,0.751590371131897,0.789658784866333,0.006494692526757717,0.9367419481277466,0.6947317719459534,0.7302265763282776,0.3641992509365082,0.9593818783760071,0.7477033138275146,0.8028866052627563,0.006460782140493393,0.8165051937103271,0.6989796161651611,0.7378751635551453,0.3852650821208954,0.7948575615882874,0.7555468082427979,0.8507185578346252,-0.13566595315933228,0.9342078566551208,0.6859593987464905,0.7795007228851318,0.29108303785324097,0.9425371289253235
151,0.7445528507232666,0.2960546910762787,-0.3499297499656677,0.9992964863777161,0.7511236667633057,0.2823861837387085,-0.3390655219554901,0.9978823065757751,0.7546451687812805,0.2824687361717224,-0.3391156792640686,0.9976469278335571,0.7580656409263611,0.28245094418525696,-0.3391934037208557,0.9975278973579407,0.7413185834884644,0.2801746428012848,-0.3402863144874573,0.9980002641677856,0.7381783127784729,0.27872517704963684,-0.3403254449367523,0.9974836111068726,0.7352992296218872,0.2772502303123474,-0.3403417468070984,0.9975801110267639,0.7624022364616394,0.2807730734348297,-0.22177347540855408,0.9964902400970459,0.7303891777992249,0.27312150597572327,-0.22525449097156525,0.9967538714408875,0.7484176754951477,0.30647221207618713,-0.3003057539463043,0.9992078542709351,0.7380822896957397,0.30401283502578735,-0.3016468584537506,0.9992749691009521,0.7815853953361511,0.33840078115463257,-0.13237908482551575,0.9998546242713928,0.6945846080780029,0.320631206035614,-0.11902476847171783,0.9998232126235962,0.7804478406906128,0.4380042254924774,-0.16067883372306824,0.9451848268508911,0.6725388765335083,0.4093422591686249,-0.14135226607322693,0.9610319137573242,0.7428097128868103,0.4395751655101776,-0.3384029269218445,0.8753876686096191,0.704012393951416,0.4373140335083008,-0.3094737231731415,0.9033941626548767,0.7285667657852173,0.44954177737236023,-0.37970659136772156,0.8204032182693481,0.7145528197288513,0.4525209963321686,-0.348895400762558,0.855891764163971,0.7280756831169128,0.43564146757125854,-0.39040184020996094,0.8222437500953674,0.7184751629829407,0.4418683648109436,-0.3665401339530945,0.8566581010818481,0.7315319180488586,0.4316500127315521,-0.34564316272735596,0.7744880318641663,0.7166644930839539,0.4375213384628296,-0.3191549479961395,0.8108402490615845,0.7455034852027893,0.5232913494110107,-0.0063120583072304726,0.9975873827934265,0.6959412693977356,0.5116103291511536,0.006387387402355671,0.9982835650444031,0.7465137243270874,0.6633641123771667,-0.06470302492380142,0.9740143418312073,0.6932315826416016,0.6390181183815002,0.101340651512146,0.9775745272636414,0.7503893375396729,0.7972950339317322,0.010744338855147362,0.9421553015708923,0.6947195529937744,0.7317949533462524,0.37490028142929077,0.9559444785118103,0.7464432120323181,0.8104058504104614,0.010482199490070343,0.8181909918785095,0.6989821791648865,0.7389333844184875,0.3973739743232727,0.7850818037986755,0.7548924088478088,0.8581640720367432,-0.13543283939361572,0.9389441609382629,0.6852768659591675,0.7808516025543213,0.3063574731349945,0.9406704306602478
152,0.7458484172821045,0.3019326627254486,-0.34896761178970337,0.9993023872375488,0.7526167035102844,0.28827622532844543,-0.3386995196342468,0.9979349374771118,0.7562034726142883,0.2883543074131012,-0.3387495279312134,0.997698962688446,0.7596791386604309,0.28839218616485596,-0.3388262093067169,0.9975777268409729,0.7425601482391357,0.28610464930534363,-0.3397875130176544,0.9980599880218506,0.7393239140510559,0.28464096784591675,-0.33983418345451355,0.9975534081459045,0.7364147901535034,0.28319647908210754,-0.3398614227771759,0.9976463913917542,0.7644232511520386,0.28653109073638916,-0.22186192870140076,0.9964922666549683,0.7316129207611084,0.27877727150917053,-0.22524723410606384,0.9969171285629272,0.7500535249710083,0.3122362792491913,-0.2997611463069916,0.9992326498031616,0.7396765351295471,0.3097444474697113,-0.30077359080314636,0.9992914199829102,0.7841247320175171,0.341128945350647,-0.12896957993507385,0.9998582601547241,0.6970914602279663,0.3237153887748718,-0.12293565273284912,0.9998287558555603,0.7845771908760071,0.4406033456325531,-0.1577182114124298,0.9438680410385132,0.6759687662124634,0.4117303788661957,-0.1424179971218109,0.9605056643486023,0.7421213388442993,0.44225406646728516,-0.3270114064216614,0.8668696880340576,0.7062061429023743,0.4402081072330475,-0.3000866770744324,0.9020242094993591,0.7269934415817261,0.451944500207901,-0.366986483335495,0.8105592131614685,0.7172890901565552,0.4570668339729309,-0.33919522166252136,0.8542194962501526,0.727277934551239,0.4381263852119446,-0.37635618448257446,0.8121780753135681,0.7208124995231628,0.4464808404445648,-0.3564535677433014,0.8549177646636963,0.7310695648193359,0.4342709481716156,-0.33280813694000244,0.7635342478752136,0.7194322347640991,0.44217702746391296,-0.3089596927165985,0.809269368648529,0.746547520160675,0.5295275449752808,-0.006205255165696144,0.9977951645851135,0.6960368156433105,0.5184550881385803,0.006249512545764446,0.9983481168746948,0.7462834119796753,0.6704080700874329,-0.06983412057161331,0.9758471846580505,0.6933070421218872,0.6467726826667786,0.09155093133449554,0.9774109721183777,0.7490792274475098,0.8067803978919983,0.0067870765924453735,0.9464695453643799,0.6944332122802734,0.7340894341468811,0.389714777469635,0.9441520571708679,0.7449058294296265,0.8209362030029297,0.007370794657617807,0.8163201808929443,0.6987828016281128,0.7402275800704956,0.415863573551178,0.7625956535339355,0.748203694820404,0.866712212562561,-0.1340990960597992,0.9419800639152527,0.6841631531715393,0.7834215760231018,0.3330502510070801,0.931138813495636
153,0.7475205659866333,0.30601638555526733,-0.3496306240558624,0.9992896318435669,0.7543642520904541,0.29241234064102173,-0.34015417098999023,0.9979375600814819,0.7580786347389221,0.292475163936615,-0.3401999771595001,0.997695803642273,0.7616767883300781,0.2924756109714508,-0.34027013182640076,0.9975692629814148,0.7440276145935059,0.29023757576942444,-0.34085097908973694,0.9980730414390564,0.7407504916191101,0.28875085711479187,-0.3409050405025482,0.9975632429122925,0.7378895282745361,0.2872891426086426,-0.3409492075443268,0.9976548552513123,0.7669660449028015,0.2904629111289978,-0.22386622428894043,0.996366560459137,0.7337027788162231,0.2826252281665802,-0.22551870346069336,0.9970088005065918,0.7521902322769165,0.31626150012016296,-0.3001284897327423,0.9992396235466003,0.7417852282524109,0.3137452006340027,-0.3008878827095032,0.9992882013320923,0.787844181060791,0.3467485010623932,-0.1272352635860443,0.9998584985733032,0.7003439664840698,0.3265366554260254,-0.12529167532920837,0.9998331069946289,0.7877927422523499,0.4467959702014923,-0.15700902044773102,0.9404455423355103,0.6798806190490723,0.4139661192893982,-0.14209559559822083,0.9589135646820068,0.7430998682975769,0.4475848078727722,-0.32423609495162964,0.8540541529655457,0.7066120505332947,0.4418654441833496,-0.2980053126811981,0.8987503051757812,0.7280279994010925,0.4568589925765991,-0.3645957410335541,0.7969245314598083,0.7172946929931641,0.4591645300388336,-0.3368140757083893,0.8506633043289185,0.7284582853317261,0.44281303882598877,-0.3751547336578369,0.7985559105873108,0.7211805582046509,0.4486970007419586,-0.3545472323894501,0.8514330387115479,0.7319790720939636,0.4388766586780548,-0.33057039976119995,0.7488795518875122,0.7201595902442932,0.4443196952342987,-0.3069421052932739,0.8058629631996155,0.7480450868606567,0.5340046286582947,-0.003931919112801552,0.9979841113090515,0.6966093182563782,0.5235108733177185,0.003950105048716068,0.9984104633331299,0.7452036142349243,0.6761193871498108,-0.0693252682685852,0.9775952100753784,0.694054365158081,0.6525079011917114,0.08935657143592834,0.9774751663208008,0.7484591603279114,0.815394401550293,0.00966635812073946,0.950640082359314,0.69353187084198,0.7346450686454773,0.4057961106300354,0.9327702522277832,0.7438753843307495,0.830264687538147,0.010572248138487339,0.818041205406189,0.6979929208755493,0.7404598593711853,0.43388620018959045,0.7405766248703003,0.7426635026931763,0.8669626712799072,-0.13185487687587738,0.9453996419906616,0.6819292902946472,0.7849916219711304,0.35433128476142883,0.922666609287262
154,0.7487499117851257,0.30913808941841125,-0.3525444567203522,0.9993048310279846,0.7555925250053406,0.2950727641582489,-0.34340065717697144,0.9980133771896362,0.7595432996749878,0.29490169882774353,-0.3434370160102844,0.997785210609436,0.7632205486297607,0.29469963908195496,-0.343503475189209,0.9976588487625122,0.7448858022689819,0.29344040155410767,-0.34379881620407104,0.9981384873390198,0.741616427898407,0.2920854687690735,-0.34386104345321655,0.9976487159729004,0.7387252449989319,0.2907315492630005,-0.3439147472381592,0.9977343678474426,0.7691752314567566,0.29239988327026367,-0.22615882754325867,0.9964828491210938,0.7350042462348938,0.2860960066318512,-0.22613486647605896,0.9971574544906616,0.7541869282722473,0.31903785467147827,-0.3022123873233795,0.9992740750312805,0.7434771060943604,0.3169475793838501,-0.30243781208992004,0.999306857585907,0.7920336127281189,0.3513795733451843,-0.12683673202991486,0.9998636245727539,0.7026945352554321,0.3297460973262787,-0.12583620846271515,0.9998366236686707,0.793685793876648,0.4519163966178894,-0.15595588088035583,0.9396342039108276,0.6833926439285278,0.4186466634273529,-0.14174723625183105,0.9572731256484985,0.7447322607040405,0.45259803533554077,-0.32528620958328247,0.8468025326728821,0.7090818881988525,0.44464346766471863,-0.29901227355003357,0.895955502986908,0.729439377784729,0.4612370729446411,-0.36740678548812866,0.7880274057388306,0.7184650897979736,0.46258994936943054,-0.3377717137336731,0.8475629091262817,0.7292550802230835,0.4462137520313263,-0.3781319260597229,0.7893884181976318,0.7221838235855103,0.4521465003490448,-0.3552890419960022,0.8482935428619385,0.7320901155471802,0.4430202543735504,-0.3326752781867981,0.7392456531524658,0.7219566106796265,0.44719743728637695,-0.3078686594963074,0.8030215501785278,0.7509862184524536,0.5381190180778503,-0.002566767390817404,0.9981541037559509,0.697990894317627,0.526647686958313,0.002557117957621813,0.9984657764434814,0.7448107004165649,0.6811649799346924,-0.07029060274362564,0.9792602062225342,0.6950348615646362,0.6590677499771118,0.0744008868932724,0.9778169989585876,0.747715175151825,0.8209580183029175,0.026500144973397255,0.954344630241394,0.6931874752044678,0.7369224429130554,0.381653755903244,0.9211704134941101,0.7434964179992676,0.8350189328193665,0.0293596051633358,0.8170982599258423,0.697197437286377,0.743304967880249,0.4100255072116852,0.7171622514724731,0.7393398880958557,0.8763530254364014,-0.11099894344806671,0.9483339190483093,0.6810552477836609,0.7882223129272461,0.3325219750404358,0.9132062196731567
155,0.7495905756950378,0.3118118643760681,-0.35778549313545227,0.9992583990097046,0.7562711834907532,0.2974923849105835,-0.35090166330337524,0.9979103803634644,0.7603358626365662,0.297002911567688,-0.3509247303009033,0.9977094531059265,0.7642212510108948,0.2964959740638733,-0.3509962260723114,0.9975633025169373,0.7456404566764832,0.2966112494468689,-0.3492896556854248,0.9980226159095764,0.7425471544265747,0.29545658826828003,-0.34935522079467773,0.9975362420082092,0.7397549748420715,0.29423096776008606,-0.34942224621772766,0.9976053833961487,0.7708224058151245,0.29365620017051697,-0.23968490958213806,0.996407151222229,0.7374183535575867,0.28940677642822266,-0.22922635078430176,0.9970958232879639,0.7559351325035095,0.32146671414375305,-0.30869579315185547,0.9992731809616089,0.7450709939002991,0.3198341429233551,-0.3061811923980713,0.9992672801017761,0.7960991859436035,0.3543003797531128,-0.13630710542201996,0.999865710735321,0.7067755460739136,0.3308776021003723,-0.1304892599582672,0.9998379945755005,0.7966597080230713,0.45825302600860596,-0.160360187292099,0.9400927424430847,0.6885693669319153,0.42250341176986694,-0.15076231956481934,0.9544945955276489,0.745108425617218,0.45584508776664734,-0.31396061182022095,0.8409810662269592,0.7180405855178833,0.45059067010879517,-0.3075018525123596,0.890765905380249,0.7266520261764526,0.46128320693969727,-0.34926673769950867,0.779326856136322,0.7264713644981384,0.46848657727241516,-0.3462022542953491,0.8419049382209778,0.7280548214912415,0.44678884744644165,-0.35621416568756104,0.7801967859268188,0.7282878756523132,0.45599886775016785,-0.36063164472579956,0.8422785401344299,0.7325098514556885,0.4446847140789032,-0.3180222511291504,0.7297384142875671,0.7292598485946655,0.4513337016105652,-0.31547823548316956,0.7970026135444641,0.7542628049850464,0.5427144169807434,-0.0024691957514733076,0.9982999563217163,0.700049638748169,0.5313811898231506,0.0024745489936321974,0.9985113739967346,0.7448371648788452,0.6854282021522522,-0.06890755891799927,0.9807918071746826,0.6963574886322021,0.6684436798095703,0.0628434270620346,0.9785451292991638,0.7474859952926636,0.8235246539115906,0.06321427971124649,0.9575507044792175,0.6930986642837524,0.7378682494163513,0.37922653555870056,0.9122145175933838,0.7436673045158386,0.8365881443023682,0.07008881121873856,0.8146190047264099,0.6976028084754944,0.7476188540458679,0.40854015946388245,0.6955732703208923,0.738105833530426,0.8772166967391968,-0.06585434079170227,0.9507644772529602,0.6812316179275513,0.7931577563285828,0.3333083987236023,0.9047528505325317
156,0.7498762607574463,0.3124012351036072,-0.3690856397151947,0.9992544054985046,0.7566162347793579,0.29782572388648987,-0.3662845492362976,0.9979088306427002,0.7606111764907837,0.29719552397727966,-0.3662772476673126,0.9977274537086487,0.7647115588188171,0.29646673798561096,-0.3663296103477478,0.9975839257240295,0.7463572025299072,0.2972685992717743,-0.36254042387008667,0.9980214238166809,0.7434979677200317,0.29616883397102356,-0.36261460185050964,0.9975522756576538,0.7408934831619263,0.2948746085166931,-0.36268144845962524,0.9976191520690918,0.7722387313842773,0.2929394841194153,-0.2664805054664612,0.9964278936386108,0.7401007413864136,0.289389431476593,-0.2458624541759491,0.9971304535865784,0.7567533254623413,0.3220415413379669,-0.323509156703949,0.9992964863777161,0.7459049820899963,0.3204866945743561,-0.317972332239151,0.9992662072181702,0.8005485534667969,0.35586604475975037,-0.1636745035648346,0.9998694062232971,0.7114166617393494,0.33044853806495667,-0.14981740713119507,0.9998443722724915,0.8017843961715698,0.4626130759716034,-0.18175740540027618,0.9405011534690857,0.6919628977775574,0.4220578372478485,-0.18008719384670258,0.9530012011528015,0.7457993030548096,0.4642457962036133,-0.31601426005363464,0.8342758417129517,0.7198017835617065,0.4530351459980011,-0.34033849835395813,0.8886857628822327,0.7274361848831177,0.4689590632915497,-0.34901556372642517,0.7707992792129517,0.7284139394760132,0.47042322158813477,-0.3791918158531189,0.8395519852638245,0.7285624742507935,0.4531712830066681,-0.3567966818809509,0.7708032131195068,0.7303944826126099,0.45840978622436523,-0.3923290967941284,0.839453399181366,0.7326215505599976,0.4503578245639801,-0.3198607563972473,0.7199966311454773,0.7316411733627319,0.45376458764076233,-0.34804779291152954,0.7947904467582703,0.7567313313484192,0.5438793897628784,-0.0051310500130057335,0.9984499216079712,0.702899694442749,0.5293319225311279,0.0050993263721466064,0.998602032661438,0.7456868886947632,0.6901606321334839,-0.0682368278503418,0.9824438095092773,0.6964966058731079,0.6605037450790405,0.0898960679769516,0.9796831011772156,0.7463976740837097,0.8280985951423645,0.04691402241587639,0.9613169431686401,0.6944385766983032,0.7322235703468323,0.430023193359375,0.9100870490074158,0.7433571219444275,0.8409361243247986,0.05050044134259224,0.8204007148742676,0.6990233659744263,0.7391661405563354,0.46138009428977966,0.6868757605552673,0.7364475131034851,0.8831359148025513,-0.08790533989667892,0.9545780420303345,0.6813726425170898,0.7928484678268433,0.3999539911746979,0.9038029313087463
157,0.7499185800552368,0.3159742057323456,-0.36537784337997437,0.9992584586143494,0.7566352486610413,0.30151787400245667,-0.36235472559928894,0.9979110956192017,0.7606637477874756,0.30069154500961304,-0.3623502850532532,0.9977384805679321,0.7646838426589966,0.2997020184993744,-0.36240142583847046,0.9975881576538086,0.7466440796852112,0.3010355532169342,-0.3583812117576599,0.9980305433273315,0.743992030620575,0.29981642961502075,-0.3584480881690979,0.9975770711898804,0.7417116165161133,0.29845938086509705,-0.35851627588272095,0.9976403117179871,0.7727807760238647,0.2948874831199646,-0.26259320974349976,0.9964317083358765,0.7420884370803833,0.29172268509864807,-0.24163004755973816,0.9971808791160583,0.7572953104972839,0.32505282759666443,-0.3192461431026459,0.9993240237236023,0.7463857531547546,0.3230800926685333,-0.3145381212234497,0.9992786645889282,0.8038978576660156,0.35797643661499023,-0.15638044476509094,0.9998726844787598,0.7150375843048096,0.329773873090744,-0.14572301506996155,0.9998535513877869,0.8054963946342468,0.4642900228500366,-0.17278137803077698,0.9388861656188965,0.6950843334197998,0.42117515206336975,-0.18592502176761627,0.95245361328125,0.7536922097206116,0.4740276336669922,-0.293287456035614,0.8204329013824463,0.7200794219970703,0.45321235060691833,-0.35883086919784546,0.8896812796592712,0.7400652170181274,0.48852258920669556,-0.32301026582717896,0.7554062604904175,0.7272434830665588,0.4690117835998535,-0.39963945746421814,0.8410254120826721,0.733482301235199,0.46027320623397827,-0.3339323401451111,0.754858136177063,0.7303481698036194,0.45765694975852966,-0.412728488445282,0.8405413031578064,0.7388072609901428,0.45573800802230835,-0.2977217137813568,0.7038847208023071,0.7317644357681274,0.45436856150627136,-0.3668910264968872,0.7966963052749634,0.7584108114242554,0.5479927659034729,-0.006497265305370092,0.9985898733139038,0.7044642567634583,0.5324575304985046,0.006472914479672909,0.9986971020698547,0.7468463182449341,0.6982793211936951,-0.0705379992723465,0.983985185623169,0.6968015432357788,0.6603965163230896,0.10674864053726196,0.980793833732605,0.7451264262199402,0.8332509994506836,0.028759470209479332,0.9647773504257202,0.696060061454773,0.7324082851409912,0.46809348464012146,0.909079909324646,0.7431915402412415,0.8459776043891907,0.031845830380916595,0.8274528980255127,0.7012981176376343,0.7384366989135742,0.5018771886825562,0.6823174953460693,0.7351993322372437,0.8861555457115173,-0.1112821102142334,0.9581376314163208,0.6821673512458801,0.7919331192970276,0.43771275877952576,0.9038339257240295
158,0.7496064901351929,0.3174055218696594,-0.3767178952693939,0.9992086291313171,0.7565091252326965,0.30257323384284973,-0.3768012523651123,0.9977901577949524,0.7606289386749268,0.3017421066761017,-0.3767934739589691,0.9976487755775452,0.7647377848625183,0.30081906914711,-0.37686535716056824,0.9974761605262756,0.7464393973350525,0.3024679124355316,-0.36821234226226807,0.9978721141815186,0.7439365386962891,0.3014536499977112,-0.3682745099067688,0.9974164366722107,0.7417619824409485,0.30025583505630493,-0.368346631526947,0.9974663853645325,0.7736374735832214,0.2960643470287323,-0.28416845202445984,0.9963796138763428,0.74269700050354,0.2934611439704895,-0.2424321174621582,0.9969563484191895,0.75738924741745,0.32697007060050964,-0.3335016071796417,0.9993253350257874,0.7461351156234741,0.3248833417892456,-0.32180482149124146,0.999239444732666,0.8074407577514648,0.3621373474597931,-0.18817375600337982,0.9998745918273926,0.7181936502456665,0.3299502730369568,-0.142827108502388,0.9998558163642883,0.8059917688369751,0.47201722860336304,-0.21452514827251434,0.9396182894706726,0.6969214081764221,0.42202410101890564,-0.17847390472888947,0.9459676742553711,0.753227949142456,0.47019898891448975,-0.3277955949306488,0.814083993434906,0.7182925343513489,0.4511905908584595,-0.3699696660041809,0.8823012113571167,0.7342830300331116,0.47865110635757446,-0.3546954095363617,0.7450802326202393,0.7215185165405273,0.46737799048423767,-0.4115506708621979,0.8328635096549988,0.7330893278121948,0.45703014731407166,-0.3569156527519226,0.744030237197876,0.7272876501083374,0.45585566759109497,-0.42412200570106506,0.8318478465080261,0.7386999130249023,0.4532678723335266,-0.3283017873764038,0.691528856754303,0.7288910150527954,0.45217880606651306,-0.37897923588752747,0.7885577082633972,0.760721743106842,0.5519640445709229,-0.01137144397944212,0.9987052083015442,0.7061654925346375,0.5365365147590637,0.011304544284939766,0.9987616539001465,0.7488634586334229,0.7023546099662781,-0.05514535307884216,0.9852961301803589,0.6972541809082031,0.6624842286109924,0.09829001873731613,0.9815589189529419,0.7446030378341675,0.8322203755378723,0.1049133911728859,0.9677599668502808,0.7018247842788696,0.732365071773529,0.4563659131526947,0.9083326458930969,0.7430052757263184,0.8435959219932556,0.11489136517047882,0.8311396241188049,0.7079502940177917,0.7366368174552917,0.4900591969490051,0.6779566407203674,0.7330805063247681,0.8841631412506104,-0.02413042262196541,0.9610885977745056,0.6861194372177124,0.7917060852050781,0.4234859347343445,0.9034935832023621
159,0.7489713430404663,0.3187452256679535,-0.37203192710876465,0.9991238713264465,0.7564412355422974,0.3039000332355499,-0.36884576082229614,0.997623085975647,0.7603286504745483,0.30302703380584717,-0.36885181069374084,0.9975405335426331,0.7643126249313354,0.3020796477794647,-0.36892420053482056,0.9973745942115784,0.746174156665802,0.303904265165329,-0.36080580949783325,0.9975799322128296,0.7436403036117554,0.30291977524757385,-0.3608401119709015,0.9970836043357849,0.7414805889129639,0.3017318546772003,-0.36089420318603516,0.9970848560333252,0.7732304334640503,0.2970472574234009,-0.28870078921318054,0.9964593648910522,0.7433143258094788,0.2949548363685608,-0.2270277440547943,0.9964696764945984,0.7568497657775879,0.32831719517707825,-0.3266891837120056,0.999326229095459,0.7457422614097595,0.3262179493904114,-0.31192612648010254,0.9991530776023865,0.8097394704818726,0.36651846766471863,-0.2130369246006012,0.9998800754547119,0.7210062146186829,0.33096322417259216,-0.1100693792104721,0.9998472332954407,0.8053333163261414,0.47862160205841064,-0.2503105103969574,0.9431171417236328,0.7016352415084839,0.42622679471969604,-0.13275541365146637,0.9167088270187378,0.7493621110916138,0.46611282229423523,-0.3422209322452545,0.8188274502754211,0.7184942960739136,0.45435893535614014,-0.32959216833114624,0.8519738912582397,0.7259321808815002,0.47776466608047485,-0.3702358603477478,0.7472241520881653,0.7215279936790466,0.47003644704818726,-0.36651718616485596,0.8024272918701172,0.7286121249198914,0.45458143949508667,-0.3632511496543884,0.7454092502593994,0.7272359728813171,0.45875978469848633,-0.38046717643737793,0.8006037473678589,0.7349505424499512,0.45092883706092834,-0.33927857875823975,0.6908032298088074,0.728513240814209,0.45354998111724854,-0.342844694852829,0.7583526372909546,0.760827362537384,0.5582335591316223,-0.02696489915251732,0.9988007545471191,0.707032322883606,0.5386123657226562,0.026894260197877884,0.9987973570823669,0.7506564855575562,0.7029457092285156,-0.04147137328982353,0.9864809513092041,0.6965379118919373,0.6602208614349365,0.1009431853890419,0.9822825789451599,0.7446156740188599,0.8300606608390808,0.12913134694099426,0.9705114960670471,0.706916332244873,0.7324255108833313,0.43270882964134216,0.9119449853897095,0.7447803020477295,0.8405240178108215,0.13961286842823029,0.8342173099517822,0.7150920629501343,0.7367391586303711,0.46307244896888733,0.687644362449646,0.7306793928146362,0.8834385275840759,0.0010987583082169294,0.9638925194740295,0.6881272196769714,0.792564332485199,0.39669522643089294,0.907821536064148
160,0.7485393285751343,0.32074204087257385,-0.3292352557182312,0.9991515874862671,0.7563971281051636,0.3054952621459961,-0.3330095112323761,0.9977166056632996,0.7601090669631958,0.3047023415565491,-0.333046019077301,0.9976593255996704,0.7639961838722229,0.3038415014743805,-0.3331488072872162,0.9975157976150513,0.7460488677024841,0.3056327700614929,-0.31652551889419556,0.9975990056991577,0.7434297800064087,0.30483347177505493,-0.3165190815925598,0.9970784187316895,0.7413238286972046,0.3038058280944824,-0.31654906272888184,0.9970462322235107,0.7730265855789185,0.29885393381118774,-0.2735689878463745,0.9967308044433594,0.743274450302124,0.29735440015792847,-0.1786678433418274,0.9964054226875305,0.7564797401428223,0.3304942548274994,-0.2929679751396179,0.9993729591369629,0.7454606294631958,0.32841357588768005,-0.27000361680984497,0.9991699457168579,0.8092778325080872,0.3688204884529114,-0.19061043858528137,0.9998899698257446,0.7240461111068726,0.3311154246330261,-0.051060598343610764,0.99984210729599,0.8050901293754578,0.479786217212677,-0.2396731674671173,0.9478075504302979,0.7068144083023071,0.4259001314640045,-0.05962216854095459,0.8714023232460022,0.7477807998657227,0.4665318727493286,-0.348801851272583,0.8325831890106201,0.7126554250717163,0.45294514298439026,-0.2637328505516052,0.821344792842865,0.72429358959198,0.47416144609451294,-0.3803851008415222,0.763323962688446,0.711532473564148,0.46872439980506897,-0.30124637484550476,0.7749057412147522,0.7272313833236694,0.4534696042537689,-0.3736971616744995,0.761309027671814,0.7160211801528931,0.4578457772731781,-0.32127100229263306,0.772807240486145,0.7338224649429321,0.4507773220539093,-0.3456227779388428,0.7070915699005127,0.7195326685905457,0.4524591267108917,-0.2785070538520813,0.7317277193069458,0.7600920796394348,0.5619897246360779,-0.032618168741464615,0.9988817572593689,0.7068336009979248,0.5412265658378601,0.03257961571216583,0.9988222718238831,0.7508872151374817,0.703981339931488,-0.044156357645988464,0.9875711798667908,0.692337691783905,0.6647156476974487,0.03311442211270332,0.9835152626037598,0.744686484336853,0.8296667337417603,0.1198166161775589,0.9730054140090942,0.7132670879364014,0.7394858598709106,0.3614128828048706,0.9162323474884033,0.7467138171195984,0.8392089605331421,0.13024838268756866,0.8382874727249146,0.7229099273681641,0.7412587404251099,0.39221829175949097,0.701103687286377,0.7294412851333618,0.884007453918457,-0.0051469383761286736,0.9664549827575684,0.6978549957275391,0.8036078214645386,0.3388449549674988,0.9124398231506348
161,0.7463907599449158,0.32188478112220764,-0.3378104865550995,0.9991344213485718,0.7545294165611267,0.3063238263130188,-0.35090261697769165,0.9977039694786072,0.7585152983665466,0.3055730164051056,-0.35097604990005493,0.9976914525032043,0.7626999020576477,0.3047928214073181,-0.3511369824409485,0.997584342956543,0.7450827360153198,0.30619293451309204,-0.3196595311164856,0.9974066019058228,0.7426277995109558,0.30509084463119507,-0.31978657841682434,0.9967957139015198,0.7404665946960449,0.3037630319595337,-0.31988832354545593,0.9967408776283264,0.7725961208343506,0.3001040816307068,-0.2852731943130493,0.9969478249549866,0.7427483201026917,0.29797127842903137,-0.19687075912952423,0.9960283637046814,0.7553020119667053,0.3320794403553009,-0.3094142973423004,0.999393880367279,0.7444044947624207,0.32967695593833923,-0.2812115252017975,0.9991201758384705,0.8087103962898254,0.37229761481285095,-0.21275261044502258,0.9998981952667236,0.725552499294281,0.3324975371360779,-0.0635460689663887,0.9998274445533752,0.8039481043815613,0.484142929315567,-0.24607045948505402,0.9519709944725037,0.7083832621574402,0.4288189709186554,-0.044594403356313705,0.8113387227058411,0.7446436882019043,0.4688364267349243,-0.34363868832588196,0.8448830246925354,0.7119655013084412,0.45548659563064575,-0.22430157661437988,0.7689198851585388,0.7218211889266968,0.47174933552742004,-0.38012897968292236,0.7772694826126099,0.708565890789032,0.4697750508785248,-0.26086968183517456,0.7279795408248901,0.7250274419784546,0.4542412757873535,-0.36868661642074585,0.7751257419586182,0.7114080190658569,0.4600009322166443,-0.28237903118133545,0.7263807058334351,0.7318146824836731,0.45262375473976135,-0.34199589490890503,0.7203556299209595,0.7162317633628845,0.453943133354187,-0.23921887576580048,0.687209963798523,0.7595434188842773,0.5625849962234497,-0.03551510348916054,0.9989033341407776,0.7064696550369263,0.5417740345001221,0.0354546457529068,0.9988316297531128,0.7506330013275146,0.7030025720596313,-0.024446316063404083,0.9881070256233215,0.6846777200698853,0.6740195751190186,-0.05456652119755745,0.9845481514930725,0.7440698146820068,0.8265901803970337,0.2030518800020218,0.9747896790504456,0.7246096730232239,0.7594355344772339,0.22176334261894226,0.9215769171714783,0.7463065385818481,0.8361603021621704,0.2200430929660797,0.8347743153572083,0.7350782155990601,0.7630141377449036,0.24650409817695618,0.7173715233802795,0.7287781238555908,0.8825246095657349,0.08398836106061935,0.9679871797561646,0.7127456665039062,0.8285691738128662,0.16008013486862183,0.9180169105529785
162,0.7418088316917419,0.323377788066864,-0.39573657512664795,0.999110221862793,0.7495842576026917,0.30754074454307556,-0.4033094346523285,0.9976799488067627,0.7534970045089722,0.3066157102584839,-0.4033697247505188,0.9976980686187744,0.7581294775009155,0.3057314157485962,-0.4035394787788391,0.9976299405097961,0.7404075860977173,0.3074381649494171,-0.38106244802474976,0.9972333908081055,0.7384999990463257,0.3063907027244568,-0.3810775876045227,0.996514081954956,0.7365390062332153,0.30507025122642517,-0.3811231255531311,0.9964672327041626,0.7713785767555237,0.3015758693218231,-0.33414915204048157,0.9971191883087158,0.7421762943267822,0.2995929718017578,-0.2360638827085495,0.9956926703453064,0.7515695691108704,0.3340344727039337,-0.3614596724510193,0.9994035959243774,0.7410547733306885,0.33175793290138245,-0.3332015573978424,0.9990619421005249,0.8075677752494812,0.3733481764793396,-0.25755172967910767,0.9999051094055176,0.7274845242500305,0.3332679569721222,-0.07710932940244675,0.9998204112052917,0.8031972646713257,0.4882678687572479,-0.29676300287246704,0.9558273553848267,0.7120755314826965,0.43169471621513367,-0.0654333084821701,0.7533613443374634,0.738840639591217,0.46955156326293945,-0.3744620680809021,0.8561558127403259,0.7084706425666809,0.46225374937057495,-0.2214139997959137,0.7150298357009888,0.7164537310600281,0.47036516666412354,-0.4064016342163086,0.789733350276947,0.7030456066131592,0.4837591052055359,-0.25454336404800415,0.6785639524459839,0.7196642756462097,0.45394089818000793,-0.39760372042655945,0.787305474281311,0.7037721276283264,0.4709905982017517,-0.27863430976867676,0.6775192022323608,0.72551029920578,0.4528973400592804,-0.36942535638809204,0.7315228581428528,0.7092671990394592,0.4777528643608093,-0.2366466224193573,0.6410213112831116,0.7592101097106934,0.5630136132240295,-0.0350928008556366,0.9989376068115234,0.7062473297119141,0.5419806241989136,0.03503682464361191,0.9988752603530884,0.7505925893783569,0.703618049621582,-0.03229288384318352,0.9880639910697937,0.6793302297592163,0.6764894127845764,-0.11542525142431259,0.9854146242141724,0.7416006922721863,0.8256121277809143,0.19697992503643036,0.9759403467178345,0.7269938588142395,0.7677764296531677,0.17090055346488953,0.925711452960968,0.7439571619033813,0.8349801898002625,0.21505875885486603,0.8275630474090576,0.7385573387145996,0.7722799181938171,0.1967066377401352,0.7295896410942078,0.7280905842781067,0.8830376267433167,0.0821744054555893,0.9687022566795349,0.7166162729263306,0.8351916670799255,0.11045657098293304,0.9224468469619751
163,0.7371253371238708,0.322822242975235,-0.3970891833305359,0.9991426467895508,0.7445678114891052,0.30669909715652466,-0.40514835715293884,0.9977903962135315,0.7488723993301392,0.30571249127388,-0.4051923155784607,0.9978253841400146,0.7534443140029907,0.3047698736190796,-0.4053499698638916,0.997771680355072,0.7358580827713013,0.30730143189430237,-0.3828008770942688,0.9973067045211792,0.7339048981666565,0.30653995275497437,-0.38282230496406555,0.9965997934341431,0.732052206993103,0.3055417835712433,-0.38285866379737854,0.9965603947639465,0.7690476775169373,0.3009839951992035,-0.34416836500167847,0.9973554611206055,0.740342378616333,0.30117514729499817,-0.23836588859558105,0.9958226680755615,0.7478890419006348,0.3334193229675293,-0.36523398756980896,0.9994356632232666,0.7380560636520386,0.33193761110305786,-0.33537232875823975,0.9990763068199158,0.8074366450309753,0.37481817603111267,-0.2760887145996094,0.9999105930328369,0.7290637493133545,0.3379860818386078,-0.08641694486141205,0.9998177886009216,0.8025420904159546,0.49331018328666687,-0.3084545135498047,0.9589899778366089,0.7101330161094666,0.4395771622657776,-0.0773821696639061,0.7033765912055969,0.7268987894058228,0.46893247961997986,-0.3643626570701599,0.864585816860199,0.7085005640983582,0.4670777916908264,-0.24322481453418732,0.6708192229270935,0.7082966566085815,0.4695141017436981,-0.3947674036026001,0.7987343072891235,0.7047467231750488,0.48923859000205994,-0.2779366970062256,0.6384597420692444,0.7109543681144714,0.4539181888103485,-0.3905180096626282,0.7959456443786621,0.7065671682357788,0.48445507884025574,-0.29888567328453064,0.6378646492958069,0.7162474989891052,0.4534212648868561,-0.35989657044410706,0.7381308078765869,0.7105665802955627,0.4808776080608368,-0.2574075758457184,0.6029142737388611,0.7587124109268188,0.567817747592926,-0.04143518581986427,0.9989782571792603,0.706075131893158,0.5471314191818237,0.04138236120343208,0.9989400506019592,0.7504267692565918,0.7131236791610718,-0.05277857929468155,0.9886099100112915,0.6726586222648621,0.68069988489151,-0.11644776165485382,0.9864897131919861,0.7416685819625854,0.8245443105697632,0.20681624114513397,0.9775345921516418,0.723793089389801,0.7750687003135681,0.1788184940814972,0.931413471698761,0.7448372840881348,0.8342830538749695,0.22791831195354462,0.8272686004638672,0.7351152300834656,0.7799018025398254,0.20551547408103943,0.7473942041397095,0.728270947933197,0.884059488773346,0.09619735181331635,0.9701942205429077,0.7126511335372925,0.8439910411834717,0.11938682943582535,0.9281459450721741
164,0.731156587600708,0.32195529341697693,-0.29167798161506653,0.9990726113319397,0.7378920316696167,0.30613788962364197,-0.3027241826057434,0.997651994228363,0.7416595816612244,0.30516910552978516,-0.3027939200401306,0.9977353811264038,0.7456554770469666,0.30416831374168396,-0.3029354214668274,0.9977097511291504,0.7308372855186462,0.3070051074028015,-0.27659139037132263,0.9970005750656128,0.7295503616333008,0.3064621388912201,-0.2765670716762543,0.9962257146835327,0.7283042073249817,0.30571988224983215,-0.2765994071960449,0.9962185025215149,0.7625904083251953,0.300740510225296,-0.2762488126754761,0.9974584579467773,0.7388209700584412,0.3018015921115875,-0.147018700838089,0.9954820275306702,0.7420034408569336,0.33266597986221313,-0.27238112688064575,0.9994203448295593,0.7342510223388672,0.33182868361473083,-0.2369554340839386,0.9989740252494812,0.8073455095291138,0.37527996301651,-0.23532108962535858,0.9999117851257324,0.7305320501327515,0.3431619703769684,-0.026062309741973877,0.9997915625572205,0.7972828149795532,0.4915514290332794,-0.2711571156978607,0.9614986181259155,0.7156566381454468,0.44706159830093384,-0.0064268396236002445,0.6468592882156372,0.7181401252746582,0.4687999188899994,-0.31328263878822327,0.8701232075691223,0.7085748314857483,0.4888848066329956,-0.16170749068260193,0.6193843483924866,0.7030523419380188,0.46896088123321533,-0.3417840600013733,0.8038739562034607,0.7042461633682251,0.5060925483703613,-0.1925753653049469,0.5911815762519836,0.7054567933082581,0.453794002532959,-0.3308059573173523,0.8004080057144165,0.7047320604324341,0.49639958143234253,-0.2150830775499344,0.5907711386680603,0.7105379700660706,0.45381587743759155,-0.30628934502601624,0.7389959692955017,0.7087212800979614,0.4903195798397064,-0.17730499804019928,0.5581721067428589,0.7571974396705627,0.5709078311920166,-0.048156701028347015,0.9989736676216125,0.7059997320175171,0.551058828830719,0.04815776273608208,0.9989734292030334,0.7500420212745667,0.7158844470977783,-0.061535973101854324,0.9894859194755554,0.6698324084281921,0.6821795701980591,-0.10188589245080948,0.9876142740249634,0.7416905164718628,0.8244725465774536,0.18879052996635437,0.9793567657470703,0.717374861240387,0.7823646068572998,0.16974173486232758,0.9374896883964539,0.7455152869224548,0.833476185798645,0.2075713574886322,0.8310724496841431,0.7335187792778015,0.789167046546936,0.19286690652370453,0.7676756381988525,0.7283864617347717,0.8861926794052124,0.07620903849601746,0.972194254398346,0.6953943371772766,0.8468443751335144,0.10496960580348969,0.9342897534370422
165,0.7271866202354431,0.321454256772995,-0.24082724750041962,0.9990874528884888,0.7330840229988098,0.3057266175746918,-0.25216618180274963,0.9977048635482788,0.7364984750747681,0.30483612418174744,-0.2522379755973816,0.997791588306427,0.7400933504104614,0.3039045035839081,-0.252360075712204,0.9977836608886719,0.7266732454299927,0.30643409490585327,-0.2252967655658722,0.9970160126686096,0.7254211902618408,0.3058921694755554,-0.22524996101856232,0.9962446689605713,0.7242163419723511,0.30523666739463806,-0.22527804970741272,0.996258020401001,0.7562927007675171,0.3004191517829895,-0.23099195957183838,0.9976187944412231,0.7356284856796265,0.3017158508300781,-0.10286132246255875,0.9955342411994934,0.7375327348709106,0.3320637047290802,-0.22573137283325195,0.9994392395019531,0.7307554483413696,0.331647127866745,-0.1895495355129242,0.9989752173423767,0.8026477098464966,0.37692028284072876,-0.21616962552070618,0.9999147057533264,0.7317534685134888,0.3457992672920227,0.011194199323654175,0.9997724890708923,0.7882154583930969,0.4938277304172516,-0.2465260922908783,0.9638038873672485,0.7253161668777466,0.45860958099365234,0.03330541402101517,0.5916492938995361,0.7138304710388184,0.4691033661365509,-0.2584336996078491,0.8762238621711731,0.708358108997345,0.5052090883255005,-0.11509759724140167,0.5690390467643738,0.6982494592666626,0.46876832842826843,-0.2842995524406433,0.8100680708885193,0.7021759748458862,0.5211712121963501,-0.14235934615135193,0.544695258140564,0.7001761198043823,0.45358943939208984,-0.27245908975601196,0.8059344291687012,0.7008578777313232,0.5099767446517944,-0.16685430705547333,0.5443322062492371,0.7054017782211304,0.4538874924182892,-0.2508848309516907,0.7415816187858582,0.7056790590286255,0.5032098293304443,-0.13151398301124573,0.5140588879585266,0.755020260810852,0.5745305418968201,-0.04937400668859482,0.9989913105964661,0.7053577899932861,0.5540592074394226,0.04937179759144783,0.999018669128418,0.749637246131897,0.7192515134811401,-0.07909224927425385,0.9903481602668762,0.6661023497581482,0.6841990947723389,-0.11981793493032455,0.9887067675590515,0.7410351037979126,0.8262342214584351,0.1815839409828186,0.9810619354248047,0.7026669383049011,0.793011486530304,0.14400094747543335,0.943321943283081,0.7450112104415894,0.834674596786499,0.20085355639457703,0.8368635773658752,0.7189329862594604,0.8029670119285583,0.16549837589263916,0.7876842617988586,0.7282222509384155,0.8882032632827759,0.07142768800258636,0.9741758108139038,0.6745067834854126,0.8507702946662903,0.0734851136803627,0.9402766823768616
166,0.7200503349304199,0.3210199773311615,-0.19738613069057465,0.9991285800933838,0.7247853875160217,0.30539047718048096,-0.21382804214954376,0.9978251457214355,0.7277392148971558,0.3045017421245575,-0.21388471126556396,0.9979087114334106,0.7309824228286743,0.3035546541213989,-0.21398773789405823,0.9979040026664734,0.7197362184524536,0.30605027079582214,-0.1832628846168518,0.9971610307693481,0.7189015746116638,0.30547812581062317,-0.18322373926639557,0.9964468479156494,0.7181184887886047,0.30479320883750916,-0.18325559794902802,0.996464729309082,0.7470717430114746,0.30036500096321106,-0.2223636656999588,0.9978016018867493,0.7307462096214294,0.3015483319759369,-0.08021468669176102,0.9957965612411499,0.7297561764717102,0.33194342255592346,-0.19441263377666473,0.9994611144065857,0.7242563962936401,0.3316596746444702,-0.1537361443042755,0.9989916086196899,0.7957925200462341,0.3769551217556,-0.2135535180568695,0.999915361404419,0.7322896718978882,0.34651607275009155,0.01690002903342247,0.9997619390487671,0.7822680473327637,0.5002545118331909,-0.23498018085956573,0.9662294387817383,0.7283962965011597,0.4630614221096039,0.0344446636736393,0.5422466397285461,0.7142648696899414,0.4717507064342499,-0.2180955857038498,0.8819049596786499,0.7039913535118103,0.5083972215652466,-0.098038449883461,0.525536835193634,0.6964303851127625,0.4688231647014618,-0.24091215431690216,0.815445601940155,0.6954714059829712,0.5216661691665649,-0.12023748457431793,0.5042686462402344,0.698616623878479,0.4542151987552643,-0.22738118469715118,0.8106850981712341,0.693766176700592,0.5103632211685181,-0.14463180303573608,0.5042302012443542,0.7044178247451782,0.4549200236797333,-0.2094748318195343,0.7444150447845459,0.6987712979316711,0.5043019652366638,-0.11413002014160156,0.47642624378204346,0.7527342438697815,0.5725409984588623,-0.0563858263194561,0.9988983869552612,0.704334020614624,0.5527607202529907,0.0563604012131691,0.9989839196205139,0.7468871474266052,0.7155255675315857,-0.10001208633184433,0.9911470413208008,0.6652427911758423,0.6845214366912842,-0.06852202862501144,0.9896113872528076,0.7395856380462646,0.8294586539268494,0.1279316246509552,0.9826722741127014,0.6891713738441467,0.8110246062278748,0.17487995326519012,0.9487828016281128,0.743087112903595,0.8411800861358643,0.14367955923080444,0.8456215858459473,0.7028785347938538,0.8312740325927734,0.1901792585849762,0.8071032762527466,0.72789466381073,0.8880988359451294,0.023870931938290596,0.976179838180542,0.6515721082687378,0.8571054339408875,0.09570082277059555,0.9458966851234436
167,0.7141433954238892,0.32071197032928467,-0.20859797298908234,0.9991804957389832,0.7191267013549805,0.30514827370643616,-0.22484126687049866,0.9979725480079651,0.7223867774009705,0.3042580187320709,-0.22490732371807098,0.9980521202087402,0.7257899045944214,0.30330562591552734,-0.2250123918056488,0.998047411441803,0.7138343453407288,0.30577990412712097,-0.19518166780471802,0.997350811958313,0.7130825519561768,0.30518972873687744,-0.1951407492160797,0.996687114238739,0.7125034928321838,0.3045002222061157,-0.19516752660274506,0.9966940879821777,0.7419132590293884,0.3001655340194702,-0.22718551754951477,0.9979938268661499,0.7245480418205261,0.30156049132347107,-0.08887075632810593,0.9960780739784241,0.7241545915603638,0.3321191668510437,-0.20273616909980774,0.9994917511940002,0.7183597683906555,0.3318631947040558,-0.16329285502433777,0.9990288615226746,0.7911418676376343,0.3770356774330139,-0.21337299048900604,0.999912440776825,0.7312381267547607,0.3488798439502716,0.018856607377529144,0.9997470378875732,0.7765083312988281,0.5040635466575623,-0.2298630028963089,0.9686761498451233,0.7244532108306885,0.46620336174964905,0.03186234086751938,0.4973314702510834,0.7108191251754761,0.47527506947517395,-0.20590312778949738,0.8880391716957092,0.6977047324180603,0.5041571259498596,-0.11500875651836395,0.4892197549343109,0.6924333572387695,0.47032907605171204,-0.2278069257736206,0.8215794563293457,0.6881459951400757,0.5170657634735107,-0.13907934725284576,0.4710208475589752,0.6935654282569885,0.4554674029350281,-0.21780593693256378,0.8164610266685486,0.6872069835662842,0.5050641298294067,-0.1641339808702469,0.4714262783527374,0.6997708082199097,0.45675960183143616,-0.19803985953330994,0.7498194575309753,0.6924137473106384,0.49924713373184204,-0.13182297348976135,0.4456489086151123,0.7492660284042358,0.5751152634620667,-0.05945897847414017,0.9987186789512634,0.7009170055389404,0.5566369891166687,0.05945412069559097,0.9989299178123474,0.7450999021530151,0.7155905961990356,-0.08339457958936691,0.9919096231460571,0.6638328433036804,0.6892948150634766,0.037976834923028946,0.9904666543006897,0.7393611669540405,0.832655131816864,0.13207413256168365,0.9841275811195374,0.6695995330810547,0.8236034512519836,0.2086412012577057,0.9537551403045654,0.7414059042930603,0.8457602262496948,0.1485006958246231,0.8538712859153748,0.6821874976158142,0.8481950759887695,0.22486743330955505,0.8249287009239197,0.726547122001648,0.8877710103988647,0.031003762036561966,0.9780217409133911,0.6269770860671997,0.859790563583374,0.13038162887096405,0.9510009288787842
168,0.7079950571060181,0.3205302059650421,-0.2402115762233734,0.9992258548736572,0.7128418684005737,0.30509713292121887,-0.2548624873161316,0.9981045126914978,0.716086208820343,0.3042110800743103,-0.25494250655174255,0.9981796741485596,0.7196096777915955,0.3032689392566681,-0.25505268573760986,0.998175323009491,0.70761638879776,0.30574747920036316,-0.22509148716926575,0.9975266456604004,0.7069091796875,0.3051042854785919,-0.2250620424747467,0.9968973398208618,0.7063423991203308,0.30434611439704895,-0.22510254383087158,0.9968822002410889,0.7360948324203491,0.3000483214855194,-0.2396492213010788,0.9981672763824463,0.71921306848526,0.30139967799186707,-0.1073945015668869,0.9963018298149109,0.7182446718215942,0.33208566904067993,-0.2295455038547516,0.9995185136795044,0.7122891545295715,0.33178937435150146,-0.19058582186698914,0.9990634918212891,0.7829766273498535,0.37740617990493774,-0.23787543177604675,0.9999091029167175,0.7304025888442993,0.34963303804397583,0.022251399233937263,0.9997393488883972,0.7650617361068726,0.5044924020767212,-0.25208619236946106,0.9711238741874695,0.726577877998352,0.4639522433280945,0.04786475747823715,0.45556947588920593,0.7044142484664917,0.47568389773368835,-0.2213326245546341,0.8956828713417053,0.6964929103851318,0.5059680342674255,-0.08969557285308838,0.4528709948062897,0.6847029328346252,0.4705497622489929,-0.2438289225101471,0.8308628797531128,0.687128484249115,0.5221403241157532,-0.10887183994054794,0.4371631145477295,0.6861646175384521,0.4560965895652771,-0.2331797182559967,0.8257556557655334,0.6859904527664185,0.5008057951927185,-0.13433130085468292,0.43774187564849854,0.6922470331192017,0.45747119188308716,-0.21263396739959717,0.7599647045135498,0.6924391984939575,0.5045808553695679,-0.10626636445522308,0.41438180208206177,0.7452586889266968,0.5801571607589722,-0.06399443745613098,0.9985325932502747,0.6981132626533508,0.5625059604644775,0.06402073800563812,0.9988948106765747,0.7442812323570251,0.7196827530860901,-0.03571202605962753,0.992239773273468,0.6613956689834595,0.6993116736412048,0.052536606788635254,0.9909943342208862,0.7392345070838928,0.8352132439613342,0.14997726678848267,0.9848101735115051,0.6498958468437195,0.8299076557159424,0.21132460236549377,0.958007276058197,0.7408754825592041,0.847797691822052,0.16177430748939514,0.8564423322677612,0.6584325432777405,0.8541916608810425,0.22135420143604279,0.8399327993392944,0.7257162928581238,0.8877149224281311,0.047032590955495834,0.9787103533744812,0.5997457504272461,0.8542230129241943,0.12097302824258804,0.9551569819450378
169,0.6984586119651794,0.32047954201698303,-0.2322784662246704,0.9992480278015137,0.7022274732589722,0.3050542175769806,-0.2503092885017395,0.9982091188430786,0.7052261829376221,0.304118275642395,-0.25039908289909363,0.9982780814170837,0.708791196346283,0.30313536524772644,-0.25050264596939087,0.9982753992080688,0.6979342699050903,0.3056592047214508,-0.21745538711547852,0.9976679086685181,0.6977671980857849,0.30505844950675964,-0.21743758022785187,0.9970694780349731,0.6978455781936646,0.3042300343513489,-0.2174832820892334,0.9970335364341736,0.7263137102127075,0.2999268174171448,-0.24520544707775116,0.9983091354370117,0.7123841047286987,0.3013581931591034,-0.10872405767440796,0.9964327812194824,0.7091079950332642,0.33198022842407227,-0.22879841923713684,0.9995219111442566,0.7049077153205872,0.3317592740058899,-0.1864408403635025,0.9990582466125488,0.774066150188446,0.37841978669166565,-0.26082760095596313,0.9999001026153564,0.7298661470413208,0.3504156470298767,0.01859304867684841,0.9997214674949646,0.7592688798904419,0.5073049664497375,-0.27064961194992065,0.9731575846672058,0.7253783941268921,0.46164196729660034,0.04503832012414932,0.4179806709289551,0.6990774869918823,0.47804513573646545,-0.21170978248119354,0.901951789855957,0.6971117258071899,0.5094519853591919,-0.08182819932699203,0.4167991876602173,0.6783846616744995,0.47372958064079285,-0.23343558609485626,0.8380746841430664,0.6874061822891235,0.5173265337944031,-0.09773465245962143,0.4032478630542755,0.6805907487869263,0.4592171311378479,-0.2221967875957489,0.8332022428512573,0.6865965723991394,0.49973583221435547,-0.1225023865699768,0.4040440618991852,0.686869740486145,0.4604291617870331,-0.20217566192150116,0.7674580216407776,0.6941876411437988,0.5019404292106628,-0.09769932925701141,0.3829658329486847,0.7408839464187622,0.5838096737861633,-0.06846077740192413,0.9983599185943604,0.6962817907333374,0.5663644075393677,0.06851309537887573,0.9988652467727661,0.7429841160774231,0.7217740416526794,0.023043882101774216,0.991946280002594,0.6585109829902649,0.7046889662742615,0.10457831621170044,0.9909597635269165,0.7392730712890625,0.8373611569404602,0.20224814116954803,0.984714150428772,0.6315572261810303,0.8296510577201843,0.22565725445747375,0.9615765810012817,0.7409444451332092,0.8515343070030212,0.21365797519683838,0.8562065958976746,0.6369591951370239,0.8551397323608398,0.232713982462883,0.8519343733787537,0.726019024848938,0.8872478008270264,0.11053810268640518,0.9785052537918091,0.583885133266449,0.8499782085418701,0.139379620552063,0.9584487676620483
170,0.6924750804901123,0.32040637731552124,-0.2398570477962494,0.9993005394935608,0.6955159902572632,0.30488666892051697,-0.2556031346321106,0.9983507990837097,0.6984385251998901,0.30395612120628357,-0.2556907832622528,0.9984109997749329,0.7020182609558105,0.30298033356666565,-0.2557811141014099,0.9984093904495239,0.6910678148269653,0.30550792813301086,-0.22414717078208923,0.9978605508804321,0.6907356977462769,0.3049786388874054,-0.2241189181804657,0.9973059892654419,0.6906672716140747,0.3042849898338318,-0.22416463494300842,0.9972640872001648,0.7193461656570435,0.2998446226119995,-0.24798724055290222,0.99845951795578,0.7049909830093384,0.3017216622829437,-0.10915718227624893,0.9966775178909302,0.7037072777748108,0.3321472108364105,-0.23247499763965607,0.9995484352111816,0.6992842555046082,0.3325243592262268,-0.19186373054981232,0.9991108179092407,0.7676311731338501,0.37888434529304504,-0.2547207474708557,0.9998963475227356,0.7262738943099976,0.3523203432559967,0.025726523250341415,0.9997218251228333,0.7546159625053406,0.5073100328445435,-0.26075226068496704,0.9748674035072327,0.7146356701850891,0.46336448192596436,0.04327429085969925,0.3856413960456848,0.6921712756156921,0.4799429476261139,-0.19154766201972961,0.9069601893424988,0.696701169013977,0.5178480744361877,-0.08415046334266663,0.38300684094429016,0.6707885265350342,0.47623559832572937,-0.21446099877357483,0.842887818813324,0.688579797744751,0.5375040173530579,-0.09991820156574249,0.3708111345767975,0.6736066937446594,0.4619353115558624,-0.20533378422260284,0.838248074054718,0.6891111731529236,0.5279608368873596,-0.12470295280218124,0.3717753291130066,0.6797178983688354,0.46275272965431213,-0.18300285935401917,0.7722070813179016,0.6947313547134399,0.5200502872467041,-0.09979095309972763,0.35296541452407837,0.7358177304267883,0.5884535312652588,-0.0691186860203743,0.998247504234314,0.693862795829773,0.5710533857345581,0.06920177489519119,0.9988996386528015,0.7416366338729858,0.726191520690918,0.037151169031858444,0.9917863607406616,0.6554549932479858,0.7109560370445251,0.11554867029190063,0.9912306070327759,0.7389078140258789,0.8405014276504517,0.24103951454162598,0.9839935302734375,0.6167354583740234,0.8378545641899109,0.2094276249408722,0.9648921489715576,0.739599883556366,0.8588860630989075,0.2552914023399353,0.8513098955154419,0.6194730997085571,0.8638355135917664,0.21068072319030762,0.8624935746192932,0.7267148494720459,0.8868888020515442,0.16202440857887268,0.9773747324943542,0.5718950033187866,0.8480705618858337,0.11820157617330551,0.9614532589912415
171,0.6836780309677124,0.32064288854599,-0.23915407061576843,0.9993524551391602,0.6865940093994141,0.30493393540382385,-0.25642845034599304,0.9984899759292603,0.6896335482597351,0.3040474057197571,-0.256509006023407,0.9985421299934387,0.6929594278335571,0.3030261993408203,-0.2565910220146179,0.9985412359237671,0.6825539469718933,0.30561935901641846,-0.22399821877479553,0.9980454444885254,0.6824265718460083,0.30521324276924133,-0.22397227585315704,0.99753737449646,0.6825495958328247,0.3046957552433014,-0.2240172177553177,0.9974949359893799,0.7101682424545288,0.2999206483364105,-0.2515995502471924,0.9986006021499634,0.6970014572143555,0.3022652566432953,-0.1115647554397583,0.9969339370727539,0.6955704689025879,0.33321303129196167,-0.23366782069206238,0.9995779991149902,0.6912251710891724,0.3339414894580841,-0.19212016463279724,0.9991703033447266,0.7618817090988159,0.3810129463672638,-0.2589777112007141,0.9998937845230103,0.7166655659675598,0.3542177081108093,0.019468221813440323,0.9997241497039795,0.7526637315750122,0.5087315440177917,-0.25976255536079407,0.9764116406440735,0.7031126618385315,0.46516644954681396,0.02992669865489006,0.3575087785720825,0.689246654510498,0.48051679134368896,-0.1949736773967743,0.9108191132545471,0.6901127099990845,0.5163086652755737,-0.11063805967569351,0.3525008261203766,0.6670728325843811,0.47689926624298096,-0.21842828392982483,0.8455472588539124,0.6830224990844727,0.5358215570449829,-0.12943781912326813,0.34161147475242615,0.6694271564483643,0.46264466643333435,-0.20634670555591583,0.8410719633102417,0.6841548681259155,0.5258284211158752,-0.15371927618980408,0.34271490573883057,0.6761025190353394,0.46354973316192627,-0.18511882424354553,0.7739802002906799,0.6883041262626648,0.5176729559898376,-0.12627485394477844,0.32585251331329346,0.7308099865913391,0.590914785861969,-0.07125572860240936,0.9982039928436279,0.6895199418067932,0.575471818447113,0.07134486734867096,0.9989461302757263,0.7386530637741089,0.72824627161026,0.05295863747596741,0.9916559457778931,0.6521682143211365,0.7117182016372681,0.1343635618686676,0.9913828372955322,0.738883912563324,0.8404510021209717,0.2889624238014221,0.983252763748169,0.6045680642127991,0.8433712124824524,0.21737375855445862,0.9678090214729309,0.7396231293678284,0.8573980331420898,0.30711424350738525,0.8482404351234436,0.607999324798584,0.868637204170227,0.22402390837669373,0.8711981177330017,0.7285995483398438,0.8867346048355103,0.21768276393413544,0.9763575196266174,0.558324933052063,0.8579427599906921,0.13279655575752258,0.9640040993690491
172,0.675586462020874,0.3225805461406708,-0.21884283423423767,0.9994022250175476,0.6778138875961304,0.30607298016548157,-0.23671892285346985,0.9986182451248169,0.6807644963264465,0.3051261305809021,-0.2368040829896927,0.9986621737480164,0.684044599533081,0.30393320322036743,-0.23686619102954865,0.9986627101898193,0.6741467118263245,0.30704185366630554,-0.20340970158576965,0.998214066028595,0.674063503742218,0.30679160356521606,-0.20337851345539093,0.9977473616600037,0.6741969585418701,0.30643603205680847,-0.20343299210071564,0.9977071285247803,0.7013197541236877,0.30059370398521423,-0.2401190549135208,0.9987277388572693,0.6887091994285583,0.3034360706806183,-0.09145759791135788,0.9971569180488586,0.6872928738594055,0.33554595708847046,-0.2147812396287918,0.9996072053909302,0.6830316185951233,0.3367840349674225,-0.17219847440719604,0.9992291331291199,0.7541822791099548,0.38182827830314636,-0.24925203621387482,0.9998912811279297,0.707480788230896,0.35666370391845703,0.03842305764555931,0.999728798866272,0.7452172636985779,0.5088897347450256,-0.2562163472175598,0.9778841733932495,0.7000996470451355,0.46934014558792114,0.0372222438454628,0.331279993057251,0.6818369030952454,0.4833962619304657,-0.19894593954086304,0.9157058000564575,0.6674754619598389,0.5112251043319702,-0.12266667932271957,0.32667964696884155,0.6599951982498169,0.4802617132663727,-0.22288715839385986,0.8507526516914368,0.6575928330421448,0.5292505025863647,-0.14362262189388275,0.31720590591430664,0.6615875363349915,0.4654701352119446,-0.2106277495622635,0.8464154601097107,0.6528588533401489,0.5003229975700378,-0.16827237606048584,0.3185915946960449,0.6680383682250977,0.4660503566265106,-0.18927116692066193,0.7791815996170044,0.6626136302947998,0.49828746914863586,-0.13853719830513,0.3031861484050751,0.725774347782135,0.5931690335273743,-0.06767340004444122,0.9981455206871033,0.6834841370582581,0.5781190395355225,0.06775788217782974,0.9989940524101257,0.7346531748771667,0.7278963327407837,0.05989522486925125,0.9915547370910645,0.647164523601532,0.7136126756668091,0.10638730227947235,0.9917530417442322,0.7388993501663208,0.8392814993858337,0.3109610378742218,0.9820882081985474,0.6042786836624146,0.8468087911605835,0.18428383767604828,0.9704932570457458,0.7399992346763611,0.8549430966377258,0.33079490065574646,0.842073917388916,0.6060315370559692,0.8702842593193054,0.18514621257781982,0.8788339495658875,0.7297531962394714,0.886540949344635,0.24235117435455322,0.9748559594154358,0.5618647336959839,0.8685826063156128,0.08729349821805954,0.9663447737693787
173,0.6680337190628052,0.32373344898223877,-0.2058553248643875,0.9994500279426575,0.6702214479446411,0.30672165751457214,-0.2248653620481491,0.9987378716468811,0.6732767224311829,0.30545663833618164,-0.22493211925029755,0.9987751841545105,0.6767348051071167,0.3040040135383606,-0.22497525811195374,0.9987755417823792,0.6659348607063293,0.308134526014328,-0.1908620297908783,0.9983702301979065,0.6656790375709534,0.30796149373054504,-0.1908472180366516,0.9979445338249207,0.6656620502471924,0.3076532483100891,-0.19088783860206604,0.9979069828987122,0.6936360001564026,0.30054721236228943,-0.23345200717449188,0.9988442659378052,0.6796422600746155,0.30449771881103516,-0.07999136298894882,0.9973743557929993,0.6805198788642883,0.336540162563324,-0.20320162177085876,0.9996352195739746,0.6757335662841797,0.33846956491470337,-0.1593683958053589,0.9992824792861938,0.7488582730293274,0.38146480917930603,-0.24551789462566376,0.9998955726623535,0.6941869854927063,0.36270803213119507,0.04342278838157654,0.9997404217720032,0.74064040184021,0.5078483819961548,-0.2598486542701721,0.9795019626617432,0.6831225156784058,0.47372499108314514,0.03354562446475029,0.3145984411239624,0.6747705936431885,0.4847886860370636,-0.2321174144744873,0.921631932258606,0.6442384123802185,0.5047996640205383,-0.147986501455307,0.3167252242565155,0.6534630060195923,0.48303380608558655,-0.2631077170372009,0.8588978052139282,0.6357885599136353,0.5113679766654968,-0.17485232651233673,0.30719733238220215,0.6549540162086487,0.4677410423755646,-0.2512025833129883,0.8547489047050476,0.6326742768287659,0.4899529218673706,-0.20289389789104462,0.30936160683631897,0.6614106893539429,0.4678562879562378,-0.22313618659973145,0.7888176441192627,0.6431196928024292,0.485454261302948,-0.16719086468219757,0.29455918073654175,0.7196375131607056,0.5942147374153137,-0.07061333954334259,0.9981696605682373,0.6741041541099548,0.5823789238929749,0.07070957124233246,0.9990594983100891,0.7299341559410095,0.726245105266571,0.05226631090044975,0.9917471408843994,0.6427260637283325,0.7150389552116394,0.114077627658844,0.9921066761016846,0.7397125959396362,0.8391390442848206,0.31141042709350586,0.9820011258125305,0.5974987745285034,0.8518975973129272,0.1997905969619751,0.9730892181396484,0.743425726890564,0.8516513705253601,0.3314911723136902,0.8402405977249146,0.6036094427108765,0.8733987212181091,0.20645491778850555,0.887566089630127,0.73054039478302,0.8869577646255493,0.23600831627845764,0.9749101400375366,0.5481337904930115,0.8830030560493469,0.10763484239578247,0.9689355492591858
174,0.6585937142372131,0.3235235810279846,-0.21479475498199463,0.9994961023330688,0.6614331603050232,0.3066563010215759,-0.23184771835803986,0.9988507628440857,0.6645806431770325,0.3053682744503021,-0.23191964626312256,0.9988829493522644,0.6681209206581116,0.3039439916610718,-0.23197896778583527,0.9988836646080017,0.6566208600997925,0.30816400051116943,-0.1985076516866684,0.9985165596008301,0.6562206149101257,0.30800294876098633,-0.19848290085792542,0.9981275796890259,0.6560764908790588,0.3077196776866913,-0.19851598143577576,0.9980925917625427,0.6851614713668823,0.3000375032424927,-0.2315749228000641,0.9989538192749023,0.6695078611373901,0.3045603036880493,-0.07946917414665222,0.9975894689559937,0.6715379953384399,0.3364693224430084,-0.20850248634815216,0.9996657371520996,0.6661696434020996,0.3379876911640167,-0.16538062691688538,0.9993402361869812,0.7385517358779907,0.3812623620033264,-0.24215979874134064,0.9999020099639893,0.6843951940536499,0.3626546561717987,0.056334979832172394,0.9997523427009583,0.7324302196502686,0.5076262354850769,-0.25875717401504517,0.9810842275619507,0.6759573221206665,0.4724266231060028,0.05637798830866814,0.29442107677459717,0.6671308279037476,0.4844936728477478,-0.22950024902820587,0.9268952012062073,0.6402146220207214,0.5040741562843323,-0.1303878128528595,0.3025135099887848,0.6453284621238708,0.48260295391082764,-0.25950151681900024,0.866032063961029,0.629991352558136,0.5133960247039795,-0.15711164474487305,0.29372674226760864,0.6466169953346252,0.46728262305259705,-0.24783682823181152,0.8619967699050903,0.6295766830444336,0.49973878264427185,-0.18886174261569977,0.2964659035205841,0.6527025699615479,0.4673745930194855,-0.22073355317115784,0.7975102663040161,0.6353734731674194,0.4935564696788788,-0.1510111391544342,0.28314512968063354,0.7123696804046631,0.5927784442901611,-0.07763750106096268,0.9982487559318542,0.6665960550308228,0.5825616121292114,0.0777367427945137,0.9991243481636047,0.722624659538269,0.7252506017684937,0.03484431654214859,0.9921193718910217,0.6355692744255066,0.7155544757843018,0.11962543427944183,0.9923587441444397,0.7399420142173767,0.8384365439414978,0.2936202585697174,0.9823818206787109,0.5987334847450256,0.8523501753807068,0.20922541618347168,0.9754403829574585,0.7471216917037964,0.8474477529525757,0.31356579065322876,0.8395001888275146,0.6065833568572998,0.8751494884490967,0.2106022834777832,0.8958914875984192,0.7307475805282593,0.8871265053749084,0.21431055665016174,0.9753023982048035,0.5471287965774536,0.884539008140564,0.11763051897287369,0.971362292766571
175,0.6479957103729248,0.32330504059791565,-0.16242378950119019,0.9995229244232178,0.6500615477561951,0.3065868318080902,-0.18402418494224548,0.9989303946495056,0.6528401970863342,0.30533888936042786,-0.1840975433588028,0.9989601969718933,0.6560065746307373,0.3038564920425415,-0.18414656817913055,0.9989590644836426,0.6463729739189148,0.3080374598503113,-0.14785036444664001,0.9986155033111572,0.6462805271148682,0.3078622817993164,-0.14781789481639862,0.9982566237449646,0.6463735103607178,0.3075661063194275,-0.14784389734268188,0.9982171058654785,0.673979640007019,0.2993020713329315,-0.21024349331855774,0.9990434050559998,0.6606887578964233,0.3044852316379547,-0.04572298005223274,0.997704029083252,0.660828709602356,0.33609065413475037,-0.1662604659795761,0.9996815323829651,0.6564642190933228,0.3377015292644501,-0.11924396455287933,0.9993576407432556,0.7283123135566711,0.3786561191082001,-0.23592957854270935,0.9999093413352966,0.6747955679893494,0.3623228669166565,0.0727962851524353,0.9997566342353821,0.7233042120933533,0.5047823786735535,-0.26151782274246216,0.9825350642204285,0.6661208868026733,0.47178134322166443,0.056249164044857025,0.27619585394859314,0.6553261280059814,0.48389923572540283,-0.2370288372039795,0.9326879382133484,0.6261899471282959,0.49583616852760315,-0.13051149249076843,0.29647234082221985,0.6349399089813232,0.4829762876033783,-0.2682538330554962,0.8754037022590637,0.6151986122131348,0.5025020837783813,-0.15997983515262604,0.2888287305831909,0.635059118270874,0.46678563952445984,-0.25713008642196655,0.8715552687644958,0.6142256259918213,0.49216657876968384,-0.19052903354167938,0.2922051250934601,0.6408790349960327,0.4667622148990631,-0.22836756706237793,0.8098653554916382,0.6195954084396362,0.48785316944122314,-0.1530545949935913,0.2796596884727478,0.703065037727356,0.5915234088897705,-0.08176673948764801,0.9983121752738953,0.6563994288444519,0.581451952457428,0.08182128518819809,0.9991681575775146,0.7161601185798645,0.7245985269546509,0.026342347264289856,0.9924795627593994,0.6269804239273071,0.7173436284065247,0.13897570967674255,0.9923298954963684,0.7394633293151855,0.8362971544265747,0.2755095362663269,0.9828620553016663,0.5994695425033569,0.8530082106590271,0.2545481324195862,0.9774502515792847,0.7470487952232361,0.8411895036697388,0.29448777437210083,0.8386959433555603,0.6084191799163818,0.8754433393478394,0.25898635387420654,0.9029219746589661,0.7309811115264893,0.8882310390472412,0.19716604053974152,0.9759307503700256,0.5482505559921265,0.8842636942863464,0.1673373281955719,0.9734395742416382
176,0.6382192373275757,0.3218417763710022,-0.18913815915584564,0.99955815076828,0.6400930285453796,0.30570971965789795,-0.2083689421415329,0.9990181922912598,0.6429153680801392,0.30425316095352173,-0.20844607055187225,0.9990459680557251,0.6461042165756226,0.30247369408607483,-0.20851413905620575,0.9990441203117371,0.6361530423164368,0.30729517340660095,-0.17375154793262482,0.9987257122993469,0.635955810546875,0.30714496970176697,-0.17371806502342224,0.9983958601951599,0.6359403133392334,0.3068864643573761,-0.17372770607471466,0.9983544945716858,0.6639093160629272,0.2969054877758026,-0.22114261984825134,0.9991313815116882,0.6502565145492554,0.3033178448677063,-0.06308910250663757,0.9978618025779724,0.6507910490036011,0.33368006348609924,-0.187721386551857,0.9997044205665588,0.6465986967086792,0.33582961559295654,-0.1425723135471344,0.999397337436676,0.720421552658081,0.37527233362197876,-0.23833589255809784,0.999916672706604,0.6633749008178711,0.36154887080192566,0.06572063267230988,0.9997653365135193,0.7110687494277954,0.5035539865493774,-0.2620369791984558,0.9839390516281128,0.6578930616378784,0.47346270084381104,0.06636925786733627,0.2592759132385254,0.645087480545044,0.48344185948371887,-0.2359861433506012,0.9379739761352539,0.622022807598114,0.4988251328468323,-0.11857255548238754,0.2902548015117645,0.6250964403152466,0.48236915469169617,-0.26791271567344666,0.8839846849441528,0.6121584177017212,0.5075232982635498,-0.14537467062473297,0.283764123916626,0.6255679130554199,0.4665756821632385,-0.25676459074020386,0.8803768157958984,0.6114012598991394,0.49816736578941345,-0.17633210122585297,0.2877821624279022,0.6313479542732239,0.46639588475227356,-0.2274048626422882,0.8214529156684875,0.6162008047103882,0.4926120638847351,-0.13933953642845154,0.2761308550834656,0.694164514541626,0.5911011099815369,-0.0854111760854721,0.9984099268913269,0.6460202932357788,0.5797064304351807,0.08547012507915497,0.9992182850837708,0.7042815685272217,0.723152220249176,0.012102752923965454,0.9929701089859009,0.6225630640983582,0.7186844944953918,0.13452932238578796,0.9923995733261108,0.7368040084838867,0.8339030146598816,0.24732358753681183,0.9840495586395264,0.5999152064323425,0.8534367680549622,0.2630050480365753,0.9794249534606934,0.7468066811561584,0.8347867131233215,0.2644559144973755,0.8459715843200684,0.6075747013092041,0.8748835921287537,0.2687843143939972,0.9104102849960327,0.7304657697677612,0.8896437287330627,0.16327625513076782,0.977519690990448,0.5478187799453735,0.8866670727729797,0.17238354682922363,0.9756197929382324
177,0.6291648745536804,0.3187028169631958,-0.19822020828723907,0.9995948076248169,0.631205677986145,0.3031579852104187,-0.2171906679868698,0.9991052150726318,0.6342241764068604,0.30145007371902466,-0.21726970374584198,0.9991304874420166,0.6374385952949524,0.29954129457473755,-0.21734754741191864,0.999127984046936,0.6271666288375854,0.3049824833869934,-0.18243899941444397,0.99883633852005,0.6269890069961548,0.3048473000526428,-0.18239742517471313,0.9985345005989075,0.6270233392715454,0.3046116828918457,-0.18238750100135803,0.9984930157661438,0.6555757522583008,0.2932557463645935,-0.22598803043365479,0.9992141723632812,0.6420111656188965,0.3002523183822632,-0.06774453818798065,0.9980326890945435,0.6416919827461243,0.32960158586502075,-0.19558116793632507,0.9997290968894958,0.6374449729919434,0.33170029520988464,-0.15018127858638763,0.9994447827339172,0.710221529006958,0.37168729305267334,-0.24545499682426453,0.9999237060546875,0.6549172401428223,0.361084908246994,0.0684908851981163,0.9997764229774475,0.7011184096336365,0.49917444586753845,-0.26077765226364136,0.9851723313331604,0.6537947654724121,0.47309455275535583,0.06771153956651688,0.24333301186561584,0.6345506906509399,0.48181039094924927,-0.20623059570789337,0.9422013163566589,0.6218787431716919,0.5056729912757874,-0.11618480831384659,0.2796947956085205,0.6147052049636841,0.48143666982650757,-0.2346227914094925,0.8904122114181519,0.612922191619873,0.518352210521698,-0.1414431780576706,0.27480387687683105,0.6151416897773743,0.46521613001823425,-0.22273612022399902,0.8870469331741333,0.6133931875228882,0.5087231397628784,-0.17162533104419708,0.27914437651634216,0.6211090683937073,0.464031845331192,-0.196602925658226,0.8302097320556641,0.6177065968513489,0.5019856691360474,-0.13599291443824768,0.26888033747673035,0.6834717392921448,0.5900753736495972,-0.09245676547288895,0.9985286593437195,0.6370827555656433,0.5785338878631592,0.0924893170595169,0.9992750883102417,0.6941694021224976,0.7230192422866821,-0.019758054986596107,0.9934182167053223,0.6200187802314758,0.7229531407356262,0.15111657977104187,0.992171585559845,0.7347289323806763,0.8337317705154419,0.2267763316631317,0.9850913286209106,0.5993764996528625,0.8528072834014893,0.285922110080719,0.9811326861381531,0.7458921074867249,0.8337346315383911,0.2463289052248001,0.8536079525947571,0.6076858639717102,0.8737894296646118,0.29291707277297974,0.9167822599411011,0.7285436391830444,0.8920754790306091,0.1568000465631485,0.9789354801177979,0.5461458563804626,0.888480544090271,0.20236358046531677,0.9774848818778992
178,0.6205241680145264,0.3151698708534241,-0.18906046450138092,0.9996305704116821,0.6228987574577332,0.29968971014022827,-0.21019048988819122,0.999187171459198,0.6260337829589844,0.2978026270866394,-0.21026305854320526,0.9992096424102783,0.6292243003845215,0.29583343863487244,-0.2103290557861328,0.9992063641548157,0.6188443899154663,0.3017978072166443,-0.1741291582584381,0.9989428520202637,0.6186730861663818,0.3016854226589203,-0.17409157752990723,0.99866783618927,0.6187410354614258,0.30153122544288635,-0.1740739941596985,0.9986281394958496,0.6478232741355896,0.2889995872974396,-0.22627457976341248,0.9992900490760803,0.6334285736083984,0.29693347215652466,-0.06214005500078201,0.9982038140296936,0.6328237652778625,0.32592126727104187,-0.18898846209049225,0.9997528195381165,0.6283974051475525,0.32750314474105835,-0.1418028473854065,0.9994921088218689,0.7032657861709595,0.3689705431461334,-0.24729228019714355,0.9999303221702576,0.6447647213935852,0.3607844114303589,0.07346348464488983,0.999794065952301,0.6968534588813782,0.497334361076355,-0.26037922501564026,0.9863094091415405,0.6421492695808411,0.47513753175735474,0.05988438054919243,0.23407326638698578,0.6269891262054443,0.47938841581344604,-0.2039508819580078,0.9462254047393799,0.6053422689437866,0.5004394054412842,-0.13365094363689423,0.28374966979026794,0.6055442690849304,0.47862914204597473,-0.23052194714546204,0.8966257572174072,0.5954163670539856,0.5034911632537842,-0.1581348478794098,0.2794659733772278,0.6062704920768738,0.4613417387008667,-0.2179698497056961,0.8934392333030701,0.5952873826026917,0.4905817210674286,-0.18778018653392792,0.2842051684856415,0.612369179725647,0.4591422379016876,-0.1937534511089325,0.8387941122055054,0.6004098057746887,0.49448254704475403,-0.153639018535614,0.2748464345932007,0.6753722429275513,0.5896273851394653,-0.09615185856819153,0.9986475706100464,0.6288463473320007,0.578406035900116,0.09616629034280777,0.9993385076522827,0.6831791400909424,0.7285559177398682,-0.03486352413892746,0.9938026666641235,0.6155962944030762,0.726168692111969,0.16717353463172913,0.9917224645614624,0.7286699414253235,0.8329614996910095,0.21856960654258728,0.9857321381568909,0.5994809865951538,0.8543867468833923,0.2861481308937073,0.9826302528381348,0.7404937148094177,0.8276150226593018,0.2402447909116745,0.860528290271759,0.6085875034332275,0.8744957447052002,0.29199182987213135,0.9227451086044312,0.7252274751663208,0.8946691751480103,0.1694468855857849,0.979944109916687,0.5488225817680359,0.8891139626502991,0.21209990978240967,0.9790589213371277
179,0.6122192144393921,0.31168848276138306,-0.19638706743717194,0.9996626377105713,0.6149906516075134,0.29615747928619385,-0.21721768379211426,0.9992610812187195,0.6180155873298645,0.2944186329841614,-0.21728965640068054,0.999281108379364,0.6212090849876404,0.29252588748931885,-0.217361181974411,0.9992773532867432,0.6107082366943359,0.2982099950313568,-0.18180176615715027,0.999038577079773,0.6104626655578613,0.29808101058006287,-0.1817636787891388,0.9987877011299133,0.6104879975318909,0.29798567295074463,-0.18174432218074799,0.9987497925758362,0.6398260593414307,0.28664037585258484,-0.24215729534626007,0.9993585348129272,0.6257853507995605,0.2940300703048706,-0.07014374434947968,0.9983617067337036,0.6242945790290833,0.3230457901954651,-0.19514426589012146,0.9997742176055908,0.6199104189872742,0.32412415742874146,-0.14954932034015656,0.999535322189331,0.6954237222671509,0.368262380361557,-0.2681209146976471,0.9999362230300903,0.6374016404151917,0.36011043190956116,0.06280344724655151,0.9998094439506531,0.689409613609314,0.4944079518318176,-0.27122753858566284,0.9872972965240479,0.6363988518714905,0.4753571152687073,0.06304576247930527,0.22191190719604492,0.6186591982841492,0.47741377353668213,-0.1928064376115799,0.9490875005722046,0.6071794629096985,0.5083741545677185,-0.10756222903728485,0.2746065855026245,0.5971975326538086,0.4757944643497467,-0.21595820784568787,0.9006246328353882,0.5980004072189331,0.5205982327461243,-0.12843748927116394,0.2719617486000061,0.5979503393173218,0.45843303203582764,-0.2026255875825882,0.8975719809532166,0.5993669629096985,0.5096648335456848,-0.15794619917869568,0.27709850668907166,0.604349672794342,0.45642295479774475,-0.18163751065731049,0.8442216515541077,0.6037091016769409,0.5049527883529663,-0.1265762895345688,0.2691132724285126,0.666107714176178,0.5886965394020081,-0.10039828717708588,0.9987574815750122,0.6220867037773132,0.5778955221176147,0.10040590912103653,0.9993956685066223,0.6703504323959351,0.7293395400047302,-0.04249698668718338,0.9941853880882263,0.6131092309951782,0.7261270880699158,0.1700127124786377,0.9912102222442627,0.7210226058959961,0.8331791162490845,0.19252139329910278,0.9865792989730835,0.6012803316116333,0.8541409969329834,0.2864535450935364,0.984011173248291,0.7339667081832886,0.8293210864067078,0.21249108016490936,0.8677651286125183,0.6111873984336853,0.8744201064109802,0.2916264533996582,0.928327202796936,0.7165483236312866,0.8978930115699768,0.14608880877494812,0.9811700582504272,0.5505770444869995,0.8886536359786987,0.21244914829730988,0.9805907607078552
180,0.6048817038536072,0.309778094291687,-0.1524423509836197,0.999691903591156,0.6079407930374146,0.2940785586833954,-0.17608514428138733,0.9993274211883545,0.6108046770095825,0.2924779951572418,-0.1761307567358017,0.999345064163208,0.6141084432601929,0.2906285226345062,-0.17618225514888763,0.9993406534194946,0.6036533117294312,0.2958618402481079,-0.1393517255783081,0.9991251230239868,0.6034522652626038,0.29565444588661194,-0.13931803405284882,0.998896598815918,0.6035677790641785,0.2955119013786316,-0.13928315043449402,0.9988610148429871,0.6328102350234985,0.28528451919555664,-0.2134707272052765,0.9994195699691772,0.6195136308670044,0.29224729537963867,-0.04260007664561272,0.9985016584396362,0.6164984703063965,0.32149645686149597,-0.15949437022209167,0.999792754650116,0.612310528755188,0.32232245802879333,-0.11122343689203262,0.9995723962783813,0.6888765096664429,0.3685285449028015,-0.2546425759792328,0.9999414682388306,0.6295233964920044,0.35974568128585815,0.07289917767047882,0.9998237490653992,0.6806241273880005,0.49142345786094666,-0.26496878266334534,0.9880911707878113,0.6255605220794678,0.4771668016910553,0.05846064165234566,0.21489715576171875,0.6119422316551208,0.47693225741386414,-0.19521445035934448,0.9514067769050598,0.5943132638931274,0.499647319316864,-0.12028918415307999,0.27438342571258545,0.5903368592262268,0.4755125939846039,-0.21862506866455078,0.9039303660392761,0.5846413373947144,0.5010300874710083,-0.1391090601682663,0.2724739909172058,0.5912047624588013,0.45851975679397583,-0.2064327746629715,0.9010456800460815,0.5837501287460327,0.48615700006484985,-0.1618105173110962,0.2779282331466675,0.5979204773902893,0.4566460847854614,-0.18513794243335724,0.8487547039985657,0.5906990170478821,0.4915420711040497,-0.13751165568828583,0.27081093192100525,0.6589370965957642,0.5824567675590515,-0.10101455450057983,0.9988541007041931,0.6152921915054321,0.5747231245040894,0.10098847001791,0.9994478821754456,0.6575161218643188,0.7289807796478271,-0.07301096618175507,0.9944829344749451,0.6112093329429626,0.7271451950073242,0.1686929166316986,0.9893160462379456,0.7097765207290649,0.8305985927581787,0.15013422071933746,0.9869707226753235,0.5999505519866943,0.8581459522247314,0.2746722102165222,0.9850280284881592,0.7228046655654907,0.8268576264381409,0.1698320209980011,0.8727684617042542,0.6094822287559509,0.8786119818687439,0.2844403088092804,0.9327257871627808,0.7062627077102661,0.8981454372406006,0.11526794731616974,0.981932520866394,0.5503554344177246,0.8931760191917419,0.1983487904071808,0.9816956520080566
181,0.5982073545455933,0.30963245034217834,-0.16935594379901886,0.9997191429138184,0.6011004447937012,0.29370060563087463,-0.19221635162830353,0.9993888735771179,0.6038979291915894,0.29207855463027954,-0.19226674735546112,0.9994045495986938,0.6071915030479431,0.29023444652557373,-0.19232526421546936,0.999399721622467,0.5969147086143494,0.29535743594169617,-0.1559116095304489,0.999204695224762,0.5967296361923218,0.2950899302959442,-0.15588082373142242,0.998996376991272,0.5968464612960815,0.2948713004589081,-0.15585005283355713,0.9989628195762634,0.6254476308822632,0.2850479781627655,-0.21942321956157684,0.9994756579399109,0.6127025485038757,0.2914111018180847,-0.052608855068683624,0.9986282587051392,0.6098207831382751,0.32120901346206665,-0.1729731559753418,0.9998106360435486,0.6058320999145508,0.3220701813697815,-0.12531287968158722,0.9996082782745361,0.6803150773048401,0.3683291971683502,-0.25278928875923157,0.9999461770057678,0.6239712834358215,0.3576103448867798,0.07267315685749054,0.9998357892036438,0.6711837649345398,0.4878248870372772,-0.26391109824180603,0.9888544678688049,0.620498538017273,0.4756813645362854,0.05008673667907715,0.2070889174938202,0.6040976643562317,0.47519445419311523,-0.1881588101387024,0.9535805583000183,0.5842803716659546,0.4853154122829437,-0.15658576786518097,0.2731276750564575,0.5825642347335815,0.4750555157661438,-0.20889465510845184,0.9069650173187256,0.5748643279075623,0.49114173650741577,-0.18005290627479553,0.27274054288864136,0.5832569003105164,0.45854952931404114,-0.19838546216487885,0.9042388796806335,0.5738502740859985,0.47550249099731445,-0.20364181697368622,0.27854737639427185,0.590336799621582,0.4566374719142914,-0.17801174521446228,0.8528807163238525,0.580350935459137,0.47644248604774475,-0.17427216470241547,0.27171313762664795,0.6526418924331665,0.577002227306366,-0.10286621004343033,0.9989414215087891,0.6093441843986511,0.5695939660072327,0.10284744203090668,0.9994958639144897,0.645222544670105,0.7282143831253052,-0.06778813153505325,0.9948066473007202,0.6074641942977905,0.7254906892776489,0.15620830655097961,0.9882756471633911,0.6943578720092773,0.8304383158683777,0.16218243539333344,0.9875832796096802,0.5982124209403992,0.858427107334137,0.2524985671043396,0.9861012697219849,0.7076255083084106,0.8268919587135315,0.18214063346385956,0.8784455060958862,0.608554482460022,0.879126787185669,0.25493791699409485,0.937247633934021,0.6893740296363831,0.8988409638404846,0.1209941878914833,0.9829630255699158,0.5494118928909302,0.8958619236946106,0.17622938752174377,0.9829294085502625
182,0.5917026996612549,0.3087679445743561,-0.1791526824235916,0.9997430443763733,0.5949733257293701,0.2927446961402893,-0.20056042075157166,0.9994440078735352,0.5978913903236389,0.2911511957645416,-0.200619176030159,0.9994581937789917,0.6015796065330505,0.28928226232528687,-0.20068302750587463,0.9994531869888306,0.5904709100723267,0.2943744659423828,-0.1653340458869934,0.9992746114730835,0.5901458263397217,0.294107049703598,-0.16530221700668335,0.9990842342376709,0.5901091694831848,0.29388627409935,-0.16528716683387756,0.9990512132644653,0.6198700666427612,0.2844449579715729,-0.22212783992290497,0.9995262622833252,0.6056408882141113,0.29053813219070435,-0.05895467475056648,0.998737633228302,0.6031028628349304,0.3204740285873413,-0.18039517104625702,0.9998270869255066,0.5988961458206177,0.32127994298934937,-0.1341811567544937,0.9996399879455566,0.6748991012573242,0.3684775233268738,-0.2524549067020416,0.9999504685401917,0.6152325868606567,0.35605567693710327,0.07139758765697479,0.9998414516448975,0.6651330590248108,0.4868946373462677,-0.2676173150539398,0.9895997643470764,0.6127623915672302,0.47356730699539185,0.04206047207117081,0.20107077062129974,0.5978140830993652,0.4764847755432129,-0.19180728495121002,0.9562055468559265,0.5744184255599976,0.47482287883758545,-0.179459348320961,0.2773907482624054,0.5765041708946228,0.47735634446144104,-0.21314699947834015,0.9112542867660522,0.5652595162391663,0.48241478204727173,-0.20594677329063416,0.27880409359931946,0.5775501132011414,0.4622126519680023,-0.19893857836723328,0.9086741209030151,0.5670650005340576,0.46503978967666626,-0.2289210557937622,0.28485217690467834,0.5841623544692993,0.4597679376602173,-0.1807207465171814,0.8588991165161133,0.5705695748329163,0.4646283686161041,-0.19728830456733704,0.27769261598587036,0.6457725763320923,0.5755246877670288,-0.10179047286510468,0.999023973941803,0.6026886105537415,0.5682565569877625,0.1017635241150856,0.9995331764221191,0.6324485540390015,0.727733850479126,-0.09389518201351166,0.9950903654098511,0.6034724116325378,0.724473774433136,0.1554291546344757,0.9872533082962036,0.6780697703361511,0.8319233655929565,0.14439254999160767,0.9882340431213379,0.598859429359436,0.8565765619277954,0.2705147862434387,0.9869863986968994,0.6915613412857056,0.8312565088272095,0.16472700238227844,0.8851233124732971,0.6100084781646729,0.8778576254844666,0.2754138112068176,0.941278874874115,0.6708186864852905,0.9000070691108704,0.0961218774318695,0.9840054512023926,0.5518323183059692,0.8957293629646301,0.20026016235351562,0.9840014576911926
183,0.585232138633728,0.30846554040908813,-0.1834469735622406,0.9997662901878357,0.5881980061531067,0.2925354540348053,-0.20426061749458313,0.999496579170227,0.5908834338188171,0.29101067781448364,-0.20431992411613464,0.9995096921920776,0.5944467782974243,0.28922173380851746,-0.20438821613788605,0.999504804611206,0.5841408967971802,0.29392704367637634,-0.16924354434013367,0.999341607093811,0.5839468836784363,0.2935502827167511,-0.169213205575943,0.9991692900657654,0.584043025970459,0.29321280121803284,-0.1691904067993164,0.9991379380226135,0.6129987835884094,0.28449973464012146,-0.22371229529380798,0.9995726346969604,0.5995384454727173,0.28988415002822876,-0.06155215576291084,0.998851478099823,0.5962066054344177,0.32018551230430603,-0.18396107852458954,0.9998428225517273,0.5921822786331177,0.3209169805049896,-0.13799700140953064,0.9996708035469055,0.6674097180366516,0.3685181438922882,-0.25250956416130066,0.9999545812606812,0.6103994846343994,0.3548867106437683,0.0699177235364914,0.9998396635055542,0.6558462977409363,0.486796110868454,-0.2589344382286072,0.9901310801506042,0.6074775457382202,0.4720756411552429,0.035603202879428864,0.19244599342346191,0.5910572409629822,0.47679707407951355,-0.17524084448814392,0.9573392271995544,0.5756605267524719,0.47734004259109497,-0.16549134254455566,0.26851415634155273,0.5709317922592163,0.47767049074172974,-0.19445273280143738,0.9129096865653992,0.5662600994110107,0.4857414662837982,-0.19159236550331116,0.2726832330226898,0.5716686844825745,0.4631722867488861,-0.18704845011234283,0.9105393290519714,0.5663485527038574,0.46817636489868164,-0.21390800178050995,0.27871158719062805,0.5778754949569702,0.46105441451072693,-0.16649702191352844,0.8617832064628601,0.5728152394294739,0.46765339374542236,-0.1826035976409912,0.272029310464859,0.6403917074203491,0.5738121271133423,-0.10118800401687622,0.9991004467010498,0.5979105234146118,0.5657678842544556,0.10114941745996475,0.999553382396698,0.6216651797294617,0.7273914217948914,-0.1044771671295166,0.995063841342926,0.5992646217346191,0.7223338484764099,0.15097984671592712,0.9839851260185242,0.6510813236236572,0.8408887982368469,0.07391630113124847,0.9888898134231567,0.6041894555091858,0.8558650612831116,0.2706215977668762,0.987309455871582,0.6643083095550537,0.8598329424858093,0.08776455372571945,0.893449068069458,0.6156443953514099,0.8770151734352112,0.27672964334487915,0.9439051151275635,0.6415508389472961,0.9055150151252747,0.004977233707904816,0.9850670099258423,0.5531002283096313,0.8940656781196594,0.20597675442695618,0.9846836924552917
184,0.5790168046951294,0.30821529030799866,-0.19503411650657654,0.9997836351394653,0.5816208124160767,0.29244157671928406,-0.21374528110027313,0.9995406270027161,0.584256112575531,0.29090580344200134,-0.21382811665534973,0.9995534420013428,0.5877574682235718,0.28910958766937256,-0.21391622722148895,0.9995488524436951,0.5775504112243652,0.29381781816482544,-0.17864400148391724,0.9993952512741089,0.5773113965988159,0.2934201657772064,-0.1786315143108368,0.9992380738258362,0.5773500800132751,0.29305681586265564,-0.17860384285449982,0.9992077946662903,0.606232762336731,0.28424951434135437,-0.22786939144134521,0.9996130466461182,0.5924976468086243,0.2898268401622772,-0.06823596358299255,0.9989408254623413,0.5902946591377258,0.31989046931266785,-0.19394299387931824,0.999855101108551,0.5862547755241394,0.3206300437450409,-0.14847171306610107,0.9996923804283142,0.6632938981056213,0.36780503392219543,-0.2525002658367157,0.999957799911499,0.6040876507759094,0.3547637164592743,0.0576905719935894,0.99981689453125,0.6504226922988892,0.48717305064201355,-0.2599204182624817,0.9903950095176697,0.5986026525497437,0.47043290734291077,0.03403226286172867,0.18454338610172272,0.5850446224212646,0.47682103514671326,-0.18696296215057373,0.9586334228515625,0.5712693333625793,0.4785553514957428,-0.15928485989570618,0.2585912346839905,0.5646308660507202,0.4777061641216278,-0.20904317498207092,0.915072500705719,0.5615357756614685,0.48694613575935364,-0.184355691075325,0.2647632658481598,0.5652455687522888,0.4632152020931244,-0.19816501438617706,0.9127354025840759,0.5610989332199097,0.4687100350856781,-0.21078917384147644,0.2709636390209198,0.5715304613113403,0.4613480269908905,-0.17751054465770721,0.8645182251930237,0.5685251951217651,0.46881750226020813,-0.17843228578567505,0.2643936276435852,0.635944664478302,0.5743898749351501,-0.10012488067150116,0.9990926384925842,0.5937129855155945,0.5659903883934021,0.10010769218206406,0.9994630217552185,0.6096091270446777,0.7273762226104736,-0.080485999584198,0.9926415085792542,0.5973465442657471,0.722020149230957,0.07441368699073792,0.9786643981933594,0.5948396325111389,0.8598616123199463,0.083663210272789,0.9886747598648071,0.6281098127365112,0.8555208444595337,0.19785460829734802,0.9864803552627563,0.6004533767700195,0.8795918226242065,0.09363267570734024,0.897506594657898,0.6418423652648926,0.8678216338157654,0.20585370063781738,0.9451807141304016,0.5650638341903687,0.9043749570846558,-0.014741986989974976,0.985027015209198,0.6186746954917908,0.9127395749092102,0.12419945001602173,0.9843015670776367
185,0.5733594298362732,0.30821162462234497,-0.17966541647911072,0.9997921586036682,0.575739324092865,0.29249048233032227,-0.20061571896076202,0.9995748400688171,0.5783295035362244,0.2909615635871887,-0.20068565011024475,0.9995881915092468,0.5817173719406128,0.28918612003326416,-0.20077630877494812,0.999582827091217,0.571937084197998,0.2937030792236328,-0.16369475424289703,0.9994344115257263,0.5718101263046265,0.29321324825286865,-0.1636980026960373,0.999290943145752,0.5719492435455322,0.2927352488040924,-0.16366669535636902,0.9992599487304688,0.5998857021331787,0.2842797636985779,-0.22542519867420197,0.9996482729911804,0.5873627662658691,0.2894754111766815,-0.059193871915340424,0.9990070462226868,0.5846928358078003,0.31986501812934875,-0.1832597404718399,0.9998618960380554,0.5807713270187378,0.3205355405807495,-0.13545463979244232,0.9997010827064514,0.6511529684066772,0.36667120456695557,-0.2618730664253235,0.9999598860740662,0.6025649905204773,0.3538751006126404,0.07393351197242737,0.9997770190238953,0.6372053027153015,0.4868553578853607,-0.2536523938179016,0.9904141426086426,0.5952231884002686,0.4688170254230499,0.05835390090942383,0.17525316774845123,0.5757534503936768,0.478738397359848,-0.12813349068164825,0.956164538860321,0.5619848370552063,0.47998446226119995,-0.1228417381644249,0.24664244055747986,0.5552448034286499,0.4809845983982086,-0.14246384799480438,0.9117672443389893,0.552082896232605,0.4876886308193207,-0.14674679934978485,0.2558934986591339,0.5559970140457153,0.4656391143798828,-0.13875219225883484,0.9096579551696777,0.5519282817840576,0.46841031312942505,-0.1679949164390564,0.262491911649704,0.5627774596214294,0.4644045829772949,-0.1197647675871849,0.8612409234046936,0.5587277412414551,0.46775346994400024,-0.13976524770259857,0.25716474652290344,0.62747722864151,0.5750381946563721,-0.11302689462900162,0.999070942401886,0.5905722379684448,0.566250741481781,0.1130143254995346,0.9993168115615845,0.6022477149963379,0.7276771664619446,-0.07542643696069717,0.9903561472892761,0.5940430164337158,0.7209547758102417,0.16796009242534637,0.9531251788139343,0.6113730072975159,0.8657751679420471,0.0727761909365654,0.9879240393638611,0.6238950490951538,0.8552944660186768,0.30024319887161255,0.9798643589019775,0.6219682693481445,0.8899441361427307,0.08260556310415268,0.9009320139884949,0.6363580226898193,0.8683897852897644,0.3087524175643921,0.9406276345252991,0.5543952584266663,0.9095994234085083,-0.012554596178233624,0.9846787452697754,0.5945407152175903,0.896223783493042,0.24327151477336884,0.9803977608680725
186,0.5674296617507935,0.30830156803131104,-0.17039324343204498,0.9998016357421875,0.5696057677268982,0.29263606667518616,-0.1922367811203003,0.9996064305305481,0.5721628069877625,0.2911011278629303,-0.19228744506835938,0.9996197819709778,0.5755374431610107,0.28931933641433716,-0.19236020743846893,0.9996134042739868,0.5659594535827637,0.29378029704093933,-0.15548627078533173,0.9994730353355408,0.565869152545929,0.29324057698249817,-0.15549814701080322,0.9993422627449036,0.5660479664802551,0.29269254207611084,-0.1554744988679886,0.9993117451667786,0.5937634110450745,0.2842429578304291,-0.221062570810318,0.9996796250343323,0.5814918279647827,0.28925615549087524,-0.05472983792424202,0.9990736842155457,0.5787643194198608,0.3198928236961365,-0.17513832449913025,0.99986732006073,0.5749585032463074,0.32053977251052856,-0.12744519114494324,0.9997108578681946,0.6422490477561951,0.36602914333343506,-0.26185017824172974,0.9999611377716064,0.5971378087997437,0.3536151647567749,0.08086855709552765,0.9997575879096985,0.6247308254241943,0.48618680238723755,-0.2396382838487625,0.9901830554008484,0.5844107866287231,0.46714046597480774,0.05898572877049446,0.170686274766922,0.5679049491882324,0.47916820645332336,-0.10548017174005508,0.9518428444862366,0.5529226064682007,0.4773351848125458,-0.1275119036436081,0.23927772045135498,0.547990083694458,0.48105669021606445,-0.11791542917490005,0.9060056805610657,0.5444425344467163,0.4830853343009949,-0.1510397493839264,0.25070351362228394,0.5482780337333679,0.4656567871570587,-0.1161978468298912,0.9043517708778381,0.5425713062286377,0.4658394455909729,-0.1709982305765152,0.2574734687805176,0.5551965832710266,0.46468937397003174,-0.09771736711263657,0.855089008808136,0.5504710078239441,0.461913138628006,-0.14378109574317932,0.2532043755054474,0.6192626357078552,0.5750882029533386,-0.11758273839950562,0.9990339279174805,0.5878286361694336,0.5664474368095398,0.1175668016076088,0.9992321729660034,0.595490574836731,0.7275109887123108,-0.05040210485458374,0.9891961216926575,0.5913602709770203,0.7200759053230286,0.1982688009738922,0.9302781224250793,0.6032699346542358,0.8662183880805969,0.09777697175741196,0.9877278208732605,0.6051687598228455,0.8549658060073853,0.33672040700912476,0.9740967750549316,0.6153522729873657,0.8849361538887024,0.10820575058460236,0.9061071276664734,0.6170941591262817,0.8692842721939087,0.34562233090400696,0.9366909861564636,0.5598427653312683,0.909092128276825,0.020947497338056564,0.9847928881645203,0.5647571086883545,0.8898350596427917,0.2830779254436493,0.9769270420074463
187,0.5604773759841919,0.3084072768688202,-0.14761096239089966,0.9998021125793457,0.5622485876083374,0.2927098870277405,-0.17128702998161316,0.9996297955513,0.5646746158599854,0.29118165373802185,-0.17133066058158875,0.9996439218521118,0.5677620768547058,0.2894067168235779,-0.17140212655067444,0.9996354579925537,0.5589222311973572,0.29370367527008057,-0.1328941285610199,0.9994987845420837,0.5590077042579651,0.2930661737918854,-0.13290676474571228,0.9993807077407837,0.55937659740448,0.29238513112068176,-0.13290312886238098,0.9993505477905273,0.5861028432846069,0.28416523337364197,-0.2111261636018753,0.9997051358222961,0.5756433010101318,0.28856006264686584,-0.03839971870183945,0.9991277456283569,0.5720674991607666,0.3199099004268646,-0.15685537457466125,0.9998660683631897,0.5685788989067078,0.3205947279930115,-0.10723139345645905,0.9997091889381409,0.6316614151000977,0.36490270495414734,-0.25991350412368774,0.9999619722366333,0.5930253863334656,0.35359901189804077,0.08704374730587006,0.999744713306427,0.5989982485771179,0.4874033033847809,-0.22977717220783234,0.9888350367546082,0.5743500590324402,0.46528759598731995,0.06469933688640594,0.1668195128440857,0.5611501932144165,0.47886717319488525,-0.08338341861963272,0.9415459632873535,0.5454556345939636,0.4745456278324127,-0.11214606463909149,0.23064066469669342,0.5416739583015442,0.4801972806453705,-0.09497956186532974,0.8938299417495728,0.5384472608566284,0.47882765531539917,-0.13044998049736023,0.24452359974384308,0.5420500636100769,0.4648881256580353,-0.09262026101350784,0.8925844430923462,0.5370731353759766,0.4617777168750763,-0.14986173808574677,0.25134578347206116,0.5489946603775024,0.4643780291080475,-0.07553370296955109,0.8416923880577087,0.544009804725647,0.45987269282341003,-0.12708938121795654,0.2482450306415558,0.6116060614585876,0.5753318071365356,-0.11921751499176025,0.9989970922470093,0.5861426591873169,0.5669737458229065,0.11923147737979889,0.9990848302841187,0.5834566354751587,0.7274193167686462,-0.06443135440349579,0.9826114773750305,0.5890527367591858,0.7173302173614502,0.18879613280296326,0.873877763748169,0.585613489151001,0.8713576197624207,0.027745237573981285,0.9837039709091187,0.5948559045791626,0.8526942729949951,0.30687132477760315,0.9413185715675354,0.5970967411994934,0.8906230926513672,0.03332215175032616,0.9061375856399536,0.6018651127815247,0.8690617680549622,0.3144441545009613,0.9120836853981018,0.5421024560928345,0.9137690663337708,-0.04967636615037918,0.9807498455047607,0.5538965463638306,0.8887296319007874,0.25443148612976074,0.9539269804954529
188,0.553865909576416,0.308491051197052,-0.15669439733028412,0.9998096227645874,0.5562179088592529,0.29275983572006226,-0.18022923171520233,0.9996553659439087,0.5589078664779663,0.29123589396476746,-0.1802552342414856,0.9996704459190369,0.5620948076248169,0.2894636392593384,-0.1803206205368042,0.9996604323387146,0.5528150796890259,0.29380708932876587,-0.14161330461502075,0.9995300769805908,0.5528453588485718,0.2931704521179199,-0.14162443578243256,0.9994248747825623,0.5531673431396484,0.2924715280532837,-0.14163838326931,0.9993942379951477,0.5804125070571899,0.2842690348625183,-0.21469609439373016,0.9997298717498779,0.5693751573562622,0.28866809606552124,-0.04183829203248024,0.9991883635520935,0.5653364062309265,0.3200083076953888,-0.1640867292881012,0.9998706579208374,0.5615560412406921,0.32070398330688477,-0.11423315107822418,0.9997175931930542,0.6256908774375916,0.36506175994873047,-0.2626049220561981,0.9999632835388184,0.587620198726654,0.353604257106781,0.08820194005966187,0.9997394680976868,0.6037930250167847,0.48670703172683716,-0.23660576343536377,0.9882680177688599,0.5671946406364441,0.46294498443603516,0.07456738501787186,0.16196253895759583,0.5549305081367493,0.4787442982196808,-0.10191969573497772,0.9351516366004944,0.5383989214897156,0.46929672360420227,-0.10369656980037689,0.2242182046175003,0.5351220369338989,0.4801180064678192,-0.11348877102136612,0.8866800665855408,0.5317316651344299,0.4723524749279022,-0.12098231166601181,0.24080631136894226,0.535049557685852,0.4647110402584076,-0.11075707525014877,0.8854983448982239,0.5310672521591187,0.45915767550468445,-0.14068546891212463,0.24784667789936066,0.5422731041908264,0.46430858969688416,-0.09361862391233444,0.8333286046981812,0.5367134809494019,0.45724332332611084,-0.11843322217464447,0.2455151230096817,0.605632483959198,0.5770761370658875,-0.12342041730880737,0.9990547895431519,0.5819923877716064,0.5696046352386475,0.12349821627140045,0.99908846616745,0.5699812173843384,0.7278972268104553,-0.11533422768115997,0.9833601117134094,0.5848663449287415,0.7143926024436951,0.21438097953796387,0.8508706092834473,0.5675802826881409,0.8739475011825562,-0.06063566356897354,0.9843384623527527,0.5958325862884521,0.845373809337616,0.34376999735832214,0.9355275630950928,0.578148365020752,0.9019795060157776,-0.058928631246089935,0.913357675075531,0.6062891483306885,0.8738890886306763,0.35259491205215454,0.910987138748169,0.5207386016845703,0.9296352863311768,-0.15108005702495575,0.9808782935142517,0.5562806725502014,0.8879121541976929,0.29928022623062134,0.947910487651825
189,0.547705888748169,0.3085388243198395,-0.14712193608283997,0.9998171925544739,0.5502790212631226,0.29280030727386475,-0.17325910925865173,0.9996780753135681,0.5529636144638062,0.2912808656692505,-0.17328831553459167,0.999694287776947,0.5560051798820496,0.2895219027996063,-0.17335915565490723,0.9996823668479919,0.5471376180648804,0.2938863933086395,-0.1322675496339798,0.9995599389076233,0.5472723245620728,0.2932437062263489,-0.13227280974388123,0.9994660019874573,0.5477105379104614,0.2925039529800415,-0.13229820132255554,0.9994344711303711,0.574195384979248,0.2843552231788635,-0.21604302525520325,0.9997519850730896,0.564315140247345,0.28873100876808167,-0.03394439443945885,0.9992449879646301,0.5588634014129639,0.3200850784778595,-0.1579556167125702,0.9998746514320374,0.55547034740448,0.32078874111175537,-0.10506702959537506,0.9997263550758362,0.6218936443328857,0.36518123745918274,-0.26568180322647095,0.9999640583992004,0.580079197883606,0.35352665185928345,0.0947432667016983,0.9997372031211853,0.5924165844917297,0.4856456220149994,-0.2398798167705536,0.9875420331954956,0.5591884851455688,0.46203553676605225,0.07647375762462616,0.15525378286838531,0.5466588735580444,0.47570472955703735,-0.09451513737440109,0.9271899461746216,0.5316621661186218,0.4702824354171753,-0.1051609069108963,0.2150542438030243,0.5276113748550415,0.47647178173065186,-0.10562541335821152,0.8782678842544556,0.5255542993545532,0.47372570633888245,-0.12194465100765228,0.23372045159339905,0.5272557139396667,0.46186092495918274,-0.1031278744339943,0.8772322535514832,0.5248662233352661,0.457750141620636,-0.14143016934394836,0.24088986217975616,0.5349964499473572,0.4616563618183136,-0.08608169853687286,0.8233160376548767,0.5304133296012878,0.45855963230133057,-0.11990843713283539,0.23921214044094086,0.5996659994125366,0.5791071057319641,-0.12394821643829346,0.999110996723175,0.5772297978401184,0.5730246901512146,0.12409789860248566,0.9991061687469482,0.5620289444923401,0.7271669507026672,-0.14755438268184662,0.984427273273468,0.5813961625099182,0.7136635184288025,0.22240512073040009,0.8385491371154785,0.5461347103118896,0.8797270655632019,-0.11613304913043976,0.9853717684745789,0.5930904150009155,0.8454550504684448,0.35162490606307983,0.9352341294288635,0.5503796339035034,0.9070618152618408,-0.11694347858428955,0.9208815693855286,0.6061596274375916,0.8700789213180542,0.3599020540714264,0.9137318730354309,0.49127840995788574,0.9306177496910095,-0.20861224830150604,0.9817072153091431,0.5522520542144775,0.8879260420799255,0.3093075752258301,0.9455587863922119
190,0.5403133034706116,0.3086061179637909,-0.14834164083003998,0.9998313188552856,0.5426989793777466,0.29287856817245483,-0.1760334074497223,0.9997054934501648,0.5452010035514832,0.29135438799858093,-0.17607884109020233,0.9997210502624512,0.5480681657791138,0.28958365321159363,-0.17615990340709686,0.9997091889381409,0.539962649345398,0.29388749599456787,-0.13378199934959412,0.9995980858802795,0.5402671694755554,0.29315271973609924,-0.13377144932746887,0.9995137453079224,0.5408768057823181,0.2922913730144501,-0.13380056619644165,0.9994840025901794,0.5659664869308472,0.28437507152557373,-0.22356028854846954,0.9997742772102356,0.5578120350837708,0.2886291444301605,-0.03687603026628494,0.9993123412132263,0.5511411428451538,0.32014530897140503,-0.16080598533153534,0.9998840689659119,0.5481916666030884,0.3208381235599518,-0.1065782904624939,0.9997478127479553,0.6127380132675171,0.3656717836856842,-0.2774157226085663,0.9999658465385437,0.5744300484657288,0.35319802165031433,0.08903346955776215,0.9997490644454956,0.5838116407394409,0.48579320311546326,-0.24045786261558533,0.9859287142753601,0.5518036484718323,0.46461331844329834,0.07294082641601562,0.1470009833574295,0.5386630296707153,0.47575417160987854,-0.08822007477283478,0.9149935841560364,0.5281082987785339,0.48607099056243896,-0.11166737973690033,0.20166756212711334,0.5189954042434692,0.47586268186569214,-0.1017477884888649,0.866207480430603,0.5224334001541138,0.4939671754837036,-0.13024486601352692,0.2213663011789322,0.5193846821784973,0.4612371027469635,-0.09633462131023407,0.8652843236923218,0.5213042497634888,0.4622334837913513,-0.1508217304944992,0.22840841114521027,0.5272455811500549,0.4611048996448517,-0.07871539890766144,0.8086032271385193,0.5261721014976501,0.4771330952644348,-0.12709426879882812,0.22751374542713165,0.5906742811203003,0.5800005793571472,-0.1228826493024826,0.9991852641105652,0.574885904788971,0.5740932822227478,0.1230483204126358,0.9991468787193298,0.5521949529647827,0.7287582755088806,-0.1377691775560379,0.9856991171836853,0.5797203779220581,0.7108792066574097,0.3021864891052246,0.8315839767456055,0.5195010900497437,0.8961496949195862,-0.12254049628973007,0.986579179763794,0.5918365716934204,0.8452838063240051,0.4935629367828369,0.9355049729347229,0.5241511464118958,0.9195569157600403,-0.12460275739431381,0.9282204508781433,0.6060035824775696,0.8685594797134399,0.5097241997718811,0.9167773723602295,0.4688901901245117,0.9277641177177429,-0.21747441589832306,0.9827249646186829,0.5486928224563599,0.8731566667556763,0.4747723639011383,0.9423197507858276
191,0.5333800911903381,0.3086172342300415,-0.1539965718984604,0.9998438954353333,0.5359873175621033,0.2928929328918457,-0.17979702353477478,0.999729573726654,0.5382879376411438,0.2914036810398102,-0.17984777688980103,0.9997442364692688,0.5408836007118225,0.2896537482738495,-0.1799226701259613,0.999732255935669,0.5335997343063354,0.2936656177043915,-0.1393277645111084,0.9996328353881836,0.5340334177017212,0.29280799627304077,-0.1393178403377533,0.9995571970939636,0.5347684025764465,0.2918380796909332,-0.1393486112356186,0.9995297789573669,0.5587374567985535,0.28469565510749817,-0.24004793167114258,0.9997931718826294,0.552237868309021,0.2885519862174988,-0.04037298262119293,0.9993739724159241,0.5438235998153687,0.32014939188957214,-0.16108548641204834,0.9998919367790222,0.5411299467086792,0.32075127959251404,-0.11185669898986816,0.9997673630714417,0.6033318042755127,0.36649781465530396,-0.2978045344352722,0.9999651908874512,0.5700539350509644,0.35319724678993225,0.08516435325145721,0.9997636675834656,0.5770043730735779,0.4870496988296509,-0.2639032304286957,0.9819715619087219,0.5518360137939453,0.46409890055656433,0.055248409509658813,0.13909225165843964,0.5301896333694458,0.4746304154396057,-0.09611596167087555,0.8913182020187378,0.5161014795303345,0.49422094225883484,-0.12702567875385284,0.18919043242931366,0.5079377889633179,0.47432941198349,-0.11039698123931885,0.8429427146911621,0.5083877444267273,0.5026857852935791,-0.1416974663734436,0.209681436419487,0.5111141204833984,0.45933786034584045,-0.10304627567529678,0.8420084714889526,0.5093949437141418,0.46272966265678406,-0.16319361329078674,0.21657027304172516,0.5189443826675415,0.45918214321136475,-0.08620990812778473,0.7820944786071777,0.5127378702163696,0.4863226115703583,-0.14240245521068573,0.21657437086105347,0.5846521854400635,0.5816954970359802,-0.12347680330276489,0.9992520809173584,0.5735896825790405,0.575520932674408,0.12363264709711075,0.9991933703422546,0.5449501276016235,0.7340203523635864,-0.12491154670715332,0.9869133830070496,0.5785560607910156,0.711088240146637,0.3332434892654419,0.8265092372894287,0.5041350722312927,0.89842689037323,-0.10558716207742691,0.9877169132232666,0.5930531024932861,0.8453995585441589,0.548488438129425,0.9372423887252808,0.5073156356811523,0.9234994649887085,-0.10692445933818817,0.9349984526634216,0.6072259545326233,0.8691874742507935,0.5674996376037598,0.921074628829956,0.45361003279685974,0.9269253611564636,-0.19796249270439148,0.9837329983711243,0.5451775789260864,0.8728458285331726,0.5374170541763306,0.9411444664001465
192,0.5248745679855347,0.3086601793766022,-0.1473773717880249,0.9998515248298645,0.5268456935882568,0.29286301136016846,-0.17723891139030457,0.9997470378875732,0.5288588404655457,0.2914222478866577,-0.17728912830352783,0.9997611045837402,0.5311829447746277,0.28970882296562195,-0.1773599088191986,0.9997490048408508,0.5252065062522888,0.2934316396713257,-0.13227912783622742,0.99965900182724,0.5259320139884949,0.2924915552139282,-0.13226591050624847,0.9995908737182617,0.5270052552223206,0.2914423942565918,-0.1322920322418213,0.9995660781860352,0.5496598482131958,0.2851315140724182,-0.24229350686073303,0.9998073577880859,0.5450108647346497,0.28832972049713135,-0.03889312222599983,0.9994187355041504,0.5350533723831177,0.320176899433136,-0.16317369043827057,0.9998956918716431,0.5330451726913452,0.3207840025424957,-0.10727287828922272,0.9997792840003967,0.5927214026451111,0.368028849363327,-0.3086920380592346,0.9999626874923706,0.5688537359237671,0.3533371090888977,0.08841798454523087,0.9997650384902954,0.5677794814109802,0.4910726547241211,-0.2770440876483917,0.9772839546203613,0.5491289496421814,0.46710005402565,0.07585643976926804,0.1298743188381195,0.5219032764434814,0.4772447347640991,-0.08962006866931915,0.8624495267868042,0.5176830291748047,0.4870074987411499,-0.071442611515522,0.17539198696613312,0.5008212924003601,0.4744225740432739,-0.10205966234207153,0.8136025071144104,0.503271222114563,0.49030473828315735,-0.0800844058394432,0.1959761381149292,0.5048202276229858,0.4593849778175354,-0.0916314572095871,0.8124347925186157,0.5049704313278198,0.4614158868789673,-0.10197965800762177,0.20248651504516602,0.5109684467315674,0.4591992199420929,-0.0783148854970932,0.7493426203727722,0.5095841884613037,0.4692501127719879,-0.08659761399030685,0.20321601629257202,0.5779712200164795,0.5846918225288391,-0.12599346041679382,0.9993010759353638,0.5712355375289917,0.5787373185157776,0.126134991645813,0.9992005228996277,0.5339690446853638,0.7357626557350159,-0.11525498330593109,0.9876775145530701,0.575005829334259,0.714935302734375,0.32405343651771545,0.8221094608306885,0.49316802620887756,0.8962361216545105,-0.0743478313088417,0.988666832447052,0.5938555598258972,0.8466110229492188,0.5237154960632324,0.9381082653999329,0.49789029359817505,0.9233657121658325,-0.07399296015501022,0.940936267375946,0.6079201698303223,0.8700804114341736,0.5415786504745483,0.9242092370986938,0.4408953785896301,0.9217045903205872,-0.16010095179080963,0.984600305557251,0.5446579456329346,0.874602735042572,0.5148256421089172,0.939751923084259
193,0.5180270075798035,0.30869293212890625,-0.13382747769355774,0.9998606443405151,0.520024299621582,0.2928939759731293,-0.16392017900943756,0.9997662901878357,0.522159218788147,0.2914467751979828,-0.16398736834526062,0.9997794032096863,0.5246145725250244,0.2897410988807678,-0.16405077278614044,0.9997680187225342,0.5181044340133667,0.2934413552284241,-0.11738816648721695,0.9996857643127441,0.5187592506408691,0.29249146580696106,-0.11736463010311127,0.999623715877533,0.5197569131851196,0.2914358079433441,-0.1173660159111023,0.9996011853218079,0.5429741144180298,0.28551000356674194,-0.23411937057971954,0.9998226761817932,0.538108229637146,0.2883448898792267,-0.02185557782649994,0.9994608163833618,0.5283454656600952,0.32020333409309387,-0.15251830220222473,0.9999016523361206,0.5261185169219971,0.32080549001693726,-0.09289689362049103,0.9997929334640503,0.5815096497535706,0.3680320382118225,-0.29898613691329956,0.999963641166687,0.5637367367744446,0.35534051060676575,0.10892367362976074,0.99976646900177,0.5622662305831909,0.4955886900424957,-0.2763936519622803,0.974332332611084,0.5415523648262024,0.47302260994911194,0.08211418241262436,0.12110328674316406,0.5107446312904358,0.48213762044906616,-0.09327972680330276,0.8472327589988708,0.5044642686843872,0.48669689893722534,-0.09126719832420349,0.1635526716709137,0.49359577894210815,0.47513991594314575,-0.10691475868225098,0.7987233400344849,0.49699974060058594,0.4867379069328308,-0.10454297065734863,0.1846708357334137,0.4975523352622986,0.45975860953330994,-0.09632978588342667,0.7975154519081116,0.4986144006252289,0.46245428919792175,-0.12649421393871307,0.19094333052635193,0.5027391314506531,0.45999911427497864,-0.08191637694835663,0.7305339574813843,0.5028918981552124,0.46776053309440613,-0.10708653926849365,0.1923207938671112,0.5698161125183105,0.5859068632125854,-0.12990210950374603,0.9993494153022766,0.5667480230331421,0.5797508358955383,0.13004139065742493,0.9992026090621948,0.5248120427131653,0.7367995381355286,-0.12071548402309418,0.9881768822669983,0.572200357913971,0.7173462510108948,0.3163110613822937,0.8149086833000183,0.48138028383255005,0.897355854511261,-0.10076876729726791,0.9895792603492737,0.594436764717102,0.8474648594856262,0.5021687746047974,0.9389433264732361,0.4860609173774719,0.9250866770744324,-0.10246014595031738,0.9462745189666748,0.6081228852272034,0.87102872133255,0.5187622904777527,0.9274817109107971,0.42699772119522095,0.9190466403961182,-0.19306376576423645,0.9854798316955566,0.5453999042510986,0.8749935030937195,0.48995476961135864,0.9387558102607727
194,0.5100266933441162,0.30964910984039307,-0.12065974622964859,0.9998719096183777,0.5117809176445007,0.29348334670066833,-0.15018485486507416,0.999786913394928,0.5137713551521301,0.2921289801597595,-0.15025487542152405,0.9997988939285278,0.5160717368125916,0.29057440161705017,-0.1503157764673233,0.9997885227203369,0.5102770328521729,0.2938336730003357,-0.10444022715091705,0.9997135996818542,0.5110606551170349,0.29283198714256287,-0.10441108047962189,0.9996573328971863,0.5122032761573792,0.2917179465293884,-0.10439258813858032,0.9996370077133179,0.5343993902206421,0.2868424654006958,-0.21817247569561005,0.9998385310173035,0.530934751033783,0.28866860270500183,-0.011557611636817455,0.9995067119598389,0.5202189683914185,0.3210601508617401,-0.1398286521434784,0.9999092817306519,0.5184178352355957,0.32183536887168884,-0.08076337724924088,0.999809205532074,0.5727882385253906,0.36832746863365173,-0.29522401094436646,0.999966025352478,0.5585447549819946,0.3569062650203705,0.11451985687017441,0.9997735619544983,0.5545470714569092,0.5007270574569702,-0.26982948184013367,0.9735336899757385,0.5360698699951172,0.48135697841644287,0.09050270169973373,0.11384552717208862,0.5046898126602173,0.4845777451992035,-0.08602280914783478,0.8454083800315857,0.5035295486450195,0.49067530035972595,-0.08622743934392929,0.15499939024448395,0.48799705505371094,0.4757205843925476,-0.10129867494106293,0.7977060675621033,0.49147239327430725,0.4870043396949768,-0.10016228258609772,0.17713578045368195,0.49183782935142517,0.4597708582878113,-0.09211545437574387,0.7965788841247559,0.4929625391960144,0.46416667103767395,-0.12353763729333878,0.1833387315273285,0.49735164642333984,0.4600658118724823,-0.0754200741648674,0.7278001308441162,0.4971933960914612,0.4679304361343384,-0.10276615619659424,0.18532779812812805,0.5606892108917236,0.5868818759918213,-0.13037091493606567,0.9994008541107178,0.5603840947151184,0.5813663601875305,0.1305311769247055,0.9992167353630066,0.5157500505447388,0.7385834455490112,-0.13900314271450043,0.9886124134063721,0.567262589931488,0.7181317210197449,0.3177335858345032,0.8037632703781128,0.4737195074558258,0.8995104432106018,-0.13857921957969666,0.990420401096344,0.5946953296661377,0.8474694490432739,0.49868327379226685,0.9389527440071106,0.47841936349868774,0.9302720427513123,-0.14219412207603455,0.9510535001754761,0.60834801197052,0.871006429195404,0.5148998498916626,0.9302597045898438,0.41839489340782166,0.9164835214614868,-0.2327999770641327,0.9863433837890625,0.5462436079978943,0.8751678466796875,0.4903492033481598,0.9378207325935364
195,0.5024576783180237,0.3117692172527313,-0.09275350719690323,0.9998772144317627,0.5042008757591248,0.2955203652381897,-0.12114779651165009,0.9998009204864502,0.5061934590339661,0.29403582215309143,-0.12123069912195206,0.999812126159668,0.5084786415100098,0.2923913300037384,-0.1213020533323288,0.999803364276886,0.5027438402175903,0.29583701491355896,-0.07701310515403748,0.9997321367263794,0.5035285949707031,0.29472672939300537,-0.07696737349033356,0.9996798634529114,0.5046766400337219,0.2934850752353668,-0.07693936675786972,0.9996626377105713,0.5256790518760681,0.28848153352737427,-0.18720468878746033,0.9998498558998108,0.5225493907928467,0.2900248169898987,0.01079956628382206,0.9995330572128296,0.5124251246452332,0.32237014174461365,-0.1116933673620224,0.9999118447303772,0.5107659101486206,0.3233852684497833,-0.054546553641557693,0.9998157620429993,0.5588199496269226,0.3676183819770813,-0.26865655183792114,0.9999678730964661,0.5568875670433044,0.35977867245674133,0.13635942339897156,0.9997672438621521,0.5300889611244202,0.5005726218223572,-0.2558666169643402,0.9723718762397766,0.5333439111709595,0.48061707615852356,0.12901519238948822,0.10599855333566666,0.49735936522483826,0.48413488268852234,-0.08754003793001175,0.8469111919403076,0.49860629439353943,0.49061891436576843,-0.02196461893618107,0.14586889743804932,0.4823465347290039,0.4759463965892792,-0.10597188770771027,0.800495982170105,0.48610273003578186,0.48696964979171753,-0.03259659558534622,0.16880770027637482,0.4856300354003906,0.4601287245750427,-0.09621600806713104,0.7992548942565918,0.4874788224697113,0.46556952595710754,-0.05945165827870369,0.17489327490329742,0.4908175468444824,0.46040040254592896,-0.07751944661140442,0.729621946811676,0.49198174476623535,0.46812036633491516,-0.03963775187730789,0.17765481770038605,0.5489915013313293,0.5893711447715759,-0.1292532980442047,0.9994401335716248,0.5575311183929443,0.5856244564056396,0.12939193844795227,0.999197244644165,0.505981981754303,0.7434045076370239,-0.09845269471406937,0.9883582592010498,0.5620783567428589,0.7181141972541809,0.3014683723449707,0.7927601337432861,0.46929430961608887,0.9029150605201721,-0.1137431263923645,0.990949273109436,0.594556987285614,0.8467628955841064,0.465733140707016,0.9368533492088318,0.4755224585533142,0.9334880709648132,-0.10510581731796265,0.955048680305481,0.6087427735328674,0.8697198629379272,0.4805675446987152,0.9314463138580322,0.4134630262851715,0.9163075685501099,-0.17401859164237976,0.9865112900733948,0.5455724000930786,0.875398576259613,0.45933976769447327,0.9338498711585999
196,0.4941956400871277,0.3135746121406555,-0.10929238796234131,0.9998793601989746,0.4955199658870697,0.2973601520061493,-0.13768772780895233,0.9998106360435486,0.49747857451438904,0.2959127128124237,-0.13776937127113342,0.9998214840888977,0.49971622228622437,0.29433849453926086,-0.13783952593803406,0.9998139142990112,0.49394068121910095,0.2975775897502899,-0.09393735229969025,0.9997445344924927,0.49463358521461487,0.2964538633823395,-0.09390619397163391,0.9996960759162903,0.49569064378738403,0.2952057123184204,-0.09388794004917145,0.9996815919876099,0.5167690515518188,0.290558785200119,-0.19969891011714935,0.9998586773872375,0.5131478905677795,0.2919580340385437,-0.004254286177456379,0.9995495080947876,0.5044123530387878,0.3239717185497284,-0.12678302824497223,0.999912440776825,0.5026752352714539,0.32519668340682983,-0.0702192485332489,0.9998175501823425,0.5500214695930481,0.36777952313423157,-0.2706887722015381,0.9999688267707825,0.5482186675071716,0.36202219128608704,0.12485013902187347,0.9997543692588806,0.525574803352356,0.5084391236305237,-0.2682935893535614,0.9707626700401306,0.5338233113288879,0.4803447723388672,0.11491559445858002,0.09904225170612335,0.49124082922935486,0.48407766222953796,-0.11200268566608429,0.8486132025718689,0.4929019510746002,0.4902452528476715,-0.03881724923849106,0.13840077817440033,0.4748452305793762,0.4764629304409027,-0.13197271525859833,0.8032044172286987,0.478037029504776,0.48333701491355896,-0.05036983639001846,0.16224883496761322,0.4777430593967438,0.46048182249069214,-0.11955161392688751,0.8017483353614807,0.4782213270664215,0.4645354449748993,-0.07409538328647614,0.1681056171655655,0.48345518112182617,0.46077877283096313,-0.10149214416742325,0.7311233878135681,0.4851425588130951,0.4668210446834564,-0.05558297783136368,0.1714773178100586,0.5371931791305542,0.5948451161384583,-0.128663569688797,0.9994586706161499,0.5468555688858032,0.5910822153091431,0.12877631187438965,0.9991286396980286,0.4996231496334076,0.749767541885376,-0.0624535009264946,0.9878808259963989,0.5575294494628906,0.7187188267707825,0.3017174005508423,0.7888826727867126,0.4675430357456207,0.9033353328704834,-0.008666043169796467,0.9913470149040222,0.593853235244751,0.8458528518676758,0.4687210023403168,0.9353427290916443,0.4751758575439453,0.9336975812911987,-0.004823591094464064,0.958475649356842,0.6089999675750732,0.867971658706665,0.4845053553581238,0.932910680770874,0.41309529542922974,0.9189236760139465,-0.07859949767589569,0.9864509701728821,0.5451332926750183,0.8759838938713074,0.4658786356449127,0.9306411147117615
197,0.4842795729637146,0.31462204456329346,-0.11162088066339493,0.9998843669891357,0.48532646894454956,0.2982546389102936,-0.14042256772518158,0.9998223781585693,0.4871741235256195,0.2969091832637787,-0.1405046284198761,0.999832808971405,0.4892617166042328,0.2954801321029663,-0.14057454466819763,0.9998258948326111,0.48404765129089355,0.2984158396720886,-0.09616882354021072,0.9997601509094238,0.4848582148551941,0.29731959104537964,-0.09613382071256638,0.9997158050537109,0.48600560426712036,0.2960990369319916,-0.09611862152814865,0.9997032880783081,0.5061625242233276,0.2918641269207001,-0.20453199744224548,0.9998683929443359,0.5032268762588501,0.29293373227119446,-0.007606402039527893,0.9995751976966858,0.49444228410720825,0.32510098814964294,-0.13014467060565948,0.9999155402183533,0.49304381012916565,0.32636308670043945,-0.07296054810285568,0.9998244643211365,0.5419085025787354,0.36783382296562195,-0.27626854181289673,0.9999703168869019,0.5386229753494263,0.3634764552116394,0.12247500568628311,0.9997526407241821,0.5316636562347412,0.5089541077613831,-0.2716396152973175,0.9693233370780945,0.5215453505516052,0.4875531792640686,0.1143970862030983,0.09281838685274124,0.48195624351501465,0.4840264916419983,-0.11843391507863998,0.8498556017875671,0.4762486517429352,0.4898269474506378,-0.03763209655880928,0.13117490708827972,0.4655069410800934,0.476545512676239,-0.13859209418296814,0.8053404092788696,0.46920067071914673,0.48385322093963623,-0.04997783899307251,0.15559320151805878,0.46719861030578613,0.46032702922821045,-0.1265292912721634,0.8036245107650757,0.4684363901615143,0.46490588784217834,-0.07323119789361954,0.161162331700325,0.47301822900772095,0.46063441038131714,-0.10810216516256332,0.7318527102470398,0.4761064946651459,0.46703284978866577,-0.05442589521408081,0.16514700651168823,0.5316556692123413,0.5977815985679626,-0.1292186975479126,0.9994871020317078,0.537761390209198,0.5933284163475037,0.1292935609817505,0.9991129040718079,0.49284449219703674,0.7500843405723572,-0.04285481199622154,0.9880359172821045,0.5528463125228882,0.7211679220199585,0.3215586841106415,0.789922297000885,0.4657552242279053,0.9028717875480652,0.030870109796524048,0.9918674826622009,0.5923888087272644,0.8458705544471741,0.508850634098053,0.9359956979751587,0.47644105553627014,0.9336681365966797,0.03517887741327286,0.9617189168930054,0.6082919836044312,0.867985188961029,0.526951014995575,0.93509840965271,0.41030368208885193,0.9266355037689209,-0.04284151643514633,0.9868581295013428,0.5430387854576111,0.8781964778900146,0.5094106197357178,0.9306687712669373
198,0.4742721617221832,0.31459295749664307,-0.099288709461689,0.9998868703842163,0.47615107893943787,0.2982802391052246,-0.12686927616596222,0.9998300671577454,0.4778788983821869,0.2970244288444519,-0.12694574892520905,0.9998399019241333,0.47984957695007324,0.29568326473236084,-0.12700872123241425,0.9998341202735901,0.47522610425949097,0.29839229583740234,-0.08312968164682388,0.9997711777687073,0.4761568009853363,0.2973193824291229,-0.08309158682823181,0.9997296333312988,0.4773809313774109,0.29611989855766296,-0.08308421820402145,0.9997193217277527,0.4967130124568939,0.29223188757896423,-0.19061416387557983,0.9998745322227478,0.4940067231655121,0.29307296872138977,0.004858636297285557,0.9995896816253662,0.48416247963905334,0.3251257836818695,-0.11783336102962494,0.999916672706604,0.48308444023132324,0.3262957036495209,-0.06130586937069893,0.9998267292976379,0.5334217548370361,0.3664226830005646,-0.27017343044281006,0.9999709725379944,0.5277332663536072,0.3634061813354492,0.13334444165229797,0.9997415542602539,0.5315076112747192,0.5011867880821228,-0.2716886103153229,0.9688528180122375,0.5114493370056152,0.4862533211708069,0.12913399934768677,0.08740869164466858,0.47298210859298706,0.4836302399635315,-0.13280712068080902,0.8505437970161438,0.4656912684440613,0.48099568486213684,-0.012835906818509102,0.12388630956411362,0.4554592967033386,0.4765178859233856,-0.1531498283147812,0.8057315349578857,0.45848315954208374,0.4774087369441986,-0.023084741085767746,0.1481383740901947,0.45711550116539,0.46041643619537354,-0.14002010226249695,0.8036534190177917,0.45838943123817444,0.46126455068588257,-0.04457005113363266,0.15333333611488342,0.4633076786994934,0.4608204662799835,-0.12224438041448593,0.7302573323249817,0.4660237729549408,0.461570143699646,-0.028817590326070786,0.15764228999614716,0.524232029914856,0.5964823961257935,-0.12942180037498474,0.9995083212852478,0.5301140546798706,0.5920688509941101,0.12950405478477478,0.9990841746330261,0.4863538146018982,0.7483133673667908,-0.06353672593832016,0.9880886673927307,0.5465314388275146,0.7239532470703125,0.3125726282596588,0.7860776782035828,0.4655548632144928,0.9021661877632141,0.0019412294495850801,0.9922965168952942,0.590595006942749,0.8454864621162415,0.494189590215683,0.9361485838890076,0.47554144263267517,0.9342902898788452,0.005661963485181332,0.9647870659828186,0.6074634194374084,0.8664910793304443,0.5108970999717712,0.9372324347496033,0.40856271982192993,0.9299687743186951,-0.07826358824968338,0.9873051643371582,0.5412970185279846,0.8817177414894104,0.48973923921585083,0.9309608936309814
199,0.4643844664096832,0.31455978751182556,-0.09318473190069199,0.9998944401741028,0.4663168787956238,0.2982388436794281,-0.12102917581796646,0.9998433589935303,0.46812161803245544,0.2969653904438019,-0.12110292911529541,0.9998524785041809,0.4701400697231293,0.2956201136112213,-0.12116394191980362,0.9998472332954407,0.4652335047721863,0.2983447313308716,-0.07726229727268219,0.9997891187667847,0.46612969040870667,0.29727450013160706,-0.07723071426153183,0.9997511506080627,0.4673146605491638,0.2960608899593353,-0.07719527930021286,0.9997419714927673,0.4868222177028656,0.29214319586753845,-0.1851292997598648,0.9998849034309387,0.4841160774230957,0.2929869294166565,0.010665512643754482,0.9996203184127808,0.47451454401016235,0.3251008987426758,-0.1117512434720993,0.9999220967292786,0.473306268453598,0.3262033760547638,-0.05520806461572647,0.9998376369476318,0.5259748697280884,0.365849107503891,-0.2635382413864136,0.9999726414680481,0.5164974927902222,0.36330604553222656,0.13683940470218658,0.9997455477714539,0.5218876600265503,0.49943986535072327,-0.2558964490890503,0.9689332842826843,0.5084894895553589,0.48493656516075134,0.11609014123678207,0.08299493044614792,0.46223869919776917,0.4823113679885864,-0.09721482545137405,0.8515539765357971,0.4670967161655426,0.4774932265281677,-0.025175288319587708,0.11765953153371811,0.4463231563568115,0.4757823050022125,-0.11284013837575912,0.8069512248039246,0.45217713713645935,0.47603878378868103,-0.043091822415590286,0.14228908717632294,0.44856390357017517,0.45973291993141174,-0.10075411945581436,0.8048317432403564,0.45396751165390015,0.46003395318984985,-0.05282068997621536,0.14712496101856232,0.45432740449905396,0.46016913652420044,-0.08592689037322998,0.730796754360199,0.4598919749259949,0.45941847562789917,-0.03688434511423111,0.15158970654010773,0.5157302021980286,0.5959266424179077,-0.1294844150543213,0.9995439648628235,0.5199833512306213,0.5915746092796326,0.12956012785434723,0.9991145730018616,0.4793015420436859,0.7478818297386169,-0.06805724650621414,0.9886375665664673,0.5306881070137024,0.7248502373695374,0.3135218620300293,0.7902290225028992,0.4642297625541687,0.9024032354354858,-0.033293284475803375,0.9928716421127319,0.5857790112495422,0.8435628414154053,0.496124804019928,0.9382921457290649,0.47544828057289124,0.9363009929656982,-0.031965471804142,0.9678073525428772,0.6038616895675659,0.8623283505439758,0.5129149556159973,0.9400922060012817,0.407740980386734,0.9325915575027466,-0.11017341911792755,0.9880779981613159,0.5404395461082458,0.8835870027542114,0.49567222595214844,0.9329698085784912
200,0.4543682634830475,0.3145070970058441,-0.09539193660020828,0.9999022483825684,0.45664095878601074,0.2982225716114044,-0.12399830669164658,0.9998559951782227,0.45857399702072144,0.29692941904067993,-0.12405215203762054,0.9998646378517151,0.4607316851615906,0.2955740690231323,-0.12409736961126328,0.9998593926429749,0.45534467697143555,0.29829761385917664,-0.08026397973299026,0.9998064041137695,0.4561893045902252,0.29723531007766724,-0.08024951070547104,0.9997721910476685,0.45734816789627075,0.2960239052772522,-0.08022736012935638,0.9997636079788208,0.47796279191970825,0.29207783937454224,-0.18828454613685608,0.9998947381973267,0.4741995334625244,0.2929672598838806,0.0071377442218363285,0.999651312828064,0.4647138714790344,0.32506152987480164,-0.11401022970676422,0.9999275803565979,0.46341413259506226,0.32615286111831665,-0.057668983936309814,0.9998489022254944,0.5224553346633911,0.3646164834499359,-0.26393696665763855,0.9999740719795227,0.5020898580551147,0.3651135563850403,0.13137447834014893,0.9997580051422119,0.5151029825210571,0.4994182288646698,-0.24414482712745667,0.9691475033760071,0.49514031410217285,0.484266459941864,0.08827435225248337,0.08227657526731491,0.45423388481140137,0.480975478887558,-0.07031544297933578,0.851478099822998,0.4553796350955963,0.46873044967651367,-0.10327963531017303,0.11713870614767075,0.4394706189632416,0.4744052588939667,-0.08060704916715622,0.8065584301948547,0.44203558564186096,0.46971237659454346,-0.1225646361708641,0.14308705925941467,0.4422484338283539,0.45907920598983765,-0.07233911007642746,0.8044437766075134,0.44283533096313477,0.4559961259365082,-0.13436509668827057,0.14760908484458923,0.44782376289367676,0.4594932496547699,-0.059500355273485184,0.7308319211006165,0.4493219256401062,0.4543103575706482,-0.11673424392938614,0.1519804298877716,0.5121233463287354,0.5956326127052307,-0.1293775737285614,0.999578058719635,0.506280243396759,0.5910138487815857,0.1294535994529724,0.9991652369499207,0.4740481972694397,0.7478758692741394,-0.1073346734046936,0.9894129633903503,0.5167306661605835,0.7283288836479187,0.30876582860946655,0.7971637845039368,0.46203333139419556,0.9035584330558777,-0.0820377767086029,0.9934330582618713,0.5795337557792664,0.8406363725662231,0.49092841148376465,0.941606342792511,0.4750165343284607,0.9373140335083008,-0.08227112144231796,0.9706581830978394,0.5980351567268372,0.8512081503868103,0.5070406198501587,0.943912923336029,0.4059351086616516,0.936091423034668,-0.1640370488166809,0.9889125823974609,0.5397242903709412,0.8876659870147705,0.4877748489379883,0.9363731741905212
201,0.44550853967666626,0.31431475281715393,-0.09666512906551361,0.9999098181724548,0.44781485199928284,0.29774010181427,-0.12481541931629181,0.9998682141304016,0.44979462027549744,0.29652687907218933,-0.12485770881175995,0.9998762607574463,0.45204535126686096,0.2952404022216797,-0.12489720433950424,0.9998711943626404,0.44645556807518005,0.29783564805984497,-0.08153630048036575,0.999822735786438,0.4472876191139221,0.29686275124549866,-0.08152911812067032,0.9997918605804443,0.44848260283470154,0.2957257330417633,-0.08150450885295868,0.999783992767334,0.4691851735115051,0.29205581545829773,-0.1875971108675003,0.9999040961265564,0.4655229449272156,0.2927107512950897,0.006217457354068756,0.9996813535690308,0.45589423179626465,0.3247174918651581,-0.11457578092813492,0.9999331831932068,0.4545321464538574,0.3258177638053894,-0.058759987354278564,0.9998602867126465,0.5146822333335876,0.36247771978378296,-0.2610315680503845,0.999975860118866,0.4937248229980469,0.3655640184879303,0.13005508482456207,0.9997721910476685,0.5080465078353882,0.5019193887710571,-0.24129386246204376,0.9702345132827759,0.4831880033016205,0.4854315221309662,0.08271335065364838,0.08306645601987839,0.44567346572875977,0.4796692728996277,-0.07640554010868073,0.8566343784332275,0.4463367462158203,0.4664324223995209,-0.11499198526144028,0.11878788471221924,0.42896905541419983,0.47303035855293274,-0.08780043572187424,0.8121040463447571,0.43076348304748535,0.46721622347831726,-0.13486841320991516,0.14603127539157867,0.4319867193698883,0.45840880274772644,-0.07867550849914551,0.8100529313087463,0.4310583472251892,0.4546288549900055,-0.14851784706115723,0.15024510025978088,0.43730372190475464,0.45872434973716736,-0.0654124915599823,0.7378907799720764,0.43851757049560547,0.452947735786438,-0.12916798889636993,0.1544431447982788,0.5072156190872192,0.5954258441925049,-0.12966883182525635,0.9996101260185242,0.498013973236084,0.590628445148468,0.1297377049922943,0.999217689037323,0.4695090651512146,0.7473999261856079,-0.10559815168380737,0.9901882410049438,0.5040816068649292,0.7311033606529236,0.3064367175102234,0.8057742118835449,0.46127620339393616,0.9047554731369019,-0.06531329452991486,0.9939625263214111,0.5703068971633911,0.8395039439201355,0.48996502161026,0.9451386332511902,0.475059449672699,0.9367062449455261,-0.06407424807548523,0.9732467532157898,0.5895237326622009,0.8438025712966919,0.5061761140823364,0.9477142095565796,0.40526312589645386,0.9380170702934265,-0.14552399516105652,0.9897168278694153,0.5357013940811157,0.8951699733734131,0.4844396710395813,0.9401463866233826
202,0.43777674436569214,0.3135632276535034,-0.0919029712677002,0.9999165534973145,0.44035854935646057,0.29662853479385376,-0.11953582614660263,0.9998793005943298,0.44231343269348145,0.29555079340934753,-0.11956878751516342,0.9998868107795715,0.44454389810562134,0.2944321632385254,-0.11959800869226456,0.9998818635940552,0.4391237795352936,0.2967321276664734,-0.07671838253736496,0.9998375177383423,0.4400164484977722,0.29588738083839417,-0.07672421634197235,0.9998098015785217,0.441293865442276,0.2949005663394928,-0.07669802755117416,0.9998026490211487,0.4611331522464752,0.29185760021209717,-0.1816015988588333,0.9999125599861145,0.45810699462890625,0.29212597012519836,0.010029448196291924,0.9997087121009827,0.44790348410606384,0.3239741325378418,-0.10970239341259003,0.9999381303787231,0.4466961920261383,0.32504040002822876,-0.054543495178222656,0.9998705387115479,0.5095332860946655,0.3609846532344818,-0.25360625982284546,0.9999770522117615,0.4849840998649597,0.36638143658638,0.1310090571641922,0.9997832775115967,0.4997774064540863,0.5019950270652771,-0.22728323936462402,0.9711336493492126,0.47343987226486206,0.4862006902694702,0.0788157656788826,0.08500228822231293,0.4370490610599518,0.47729185223579407,-0.056036997586488724,0.860713541507721,0.43285173177719116,0.46312838792800903,-0.12443189322948456,0.12245908379554749,0.41952115297317505,0.4709005355834961,-0.06473494321107864,0.8162298202514648,0.41557401418685913,0.46136733889579773,-0.14584103226661682,0.15108203887939453,0.42212003469467163,0.4567925035953522,-0.05675652623176575,0.8143124580383301,0.41815319657325745,0.4503030776977539,-0.15887925028800964,0.15505188703536987,0.428533136844635,0.45709216594696045,-0.04508112743496895,0.7437342405319214,0.42419251799583435,0.45031803846359253,-0.13855066895484924,0.15910455584526062,0.5004485845565796,0.5951138138771057,-0.12959440052509308,0.9996326565742493,0.4908427298069,0.590485692024231,0.1296766996383667,0.9992562532424927,0.4659709334373474,0.7451198697090149,-0.09371467679738998,0.9907088875770569,0.4911574721336365,0.7316645979881287,0.2796880602836609,0.8121738433837891,0.46202772855758667,0.9044545888900757,-0.03478425368666649,0.9943780899047852,0.5577244758605957,0.8381773233413696,0.44776955246925354,0.948036253452301,0.47471752762794495,0.935293436050415,-0.03178485482931137,0.9754307270050049,0.578564465045929,0.8408262133598328,0.46227890253067017,0.950766921043396,0.4061828553676605,0.9369394779205322,-0.10830996930599213,0.9903624057769775,0.530967116355896,0.8998280763626099,0.43765750527381897,0.9433428049087524
203,0.430454820394516,0.3135312497615814,-0.09134683012962341,0.9999226331710815,0.4328609108924866,0.2965693175792694,-0.11826199293136597,0.9998891949653625,0.4347471594810486,0.2955188453197479,-0.11827453225851059,0.9998961687088013,0.4369688928127289,0.2944243550300598,-0.11829812824726105,0.9998911023139954,0.4314405918121338,0.2966442406177521,-0.07671889662742615,0.9998505115509033,0.4322013258934021,0.29581549763679504,-0.07672752439975739,0.9998257756233215,0.4333096444606781,0.29484859108924866,-0.07671421021223068,0.9998192191123962,0.45408183336257935,0.2918110191822052,-0.17794226109981537,0.999920129776001,0.4500792920589447,0.29210373759269714,0.007795585785061121,0.9997334480285645,0.44059616327285767,0.3239649534225464,-0.10850425064563751,0.9999423623085022,0.43912315368652344,0.3250219523906708,-0.05521378666162491,0.9998795986175537,0.5082622170448303,0.36097151041030884,-0.24775207042694092,0.9999775886535645,0.47590240836143494,0.3665040135383606,0.12902867794036865,0.9997912645339966,0.49766165018081665,0.5028054118156433,-0.2273259460926056,0.9728695750236511,0.4647231101989746,0.485758900642395,0.0627935379743576,0.08810654282569885,0.43217357993125916,0.4769728481769562,-0.06896090507507324,0.8679802417755127,0.4245966970920563,0.4612860679626465,-0.14443764090538025,0.12908662855625153,0.41370677947998047,0.4701319932937622,-0.07808040082454681,0.8232152462005615,0.4066946506500244,0.4586447775363922,-0.16671296954154968,0.15825815498828888,0.4169849455356598,0.4562351107597351,-0.06809696555137634,0.8213450312614441,0.4097627103328705,0.4478153586387634,-0.17763882875442505,0.16185282170772552,0.4236580431461334,0.4567570984363556,-0.057565949857234955,0.7533798217773438,0.41587358713150024,0.4472448229789734,-0.1575077474117279,0.165849506855011,0.49440017342567444,0.5937168002128601,-0.12834545969963074,0.9996424913406372,0.4803937077522278,0.5890743136405945,0.12837554514408112,0.9992895126342773,0.46423086524009705,0.7433026432991028,-0.07164005935192108,0.9911695122718811,0.4806806147098541,0.7325388789176941,0.24094228446483612,0.8135011792182922,0.46188172698020935,0.9056341648101807,0.009586351923644543,0.9946284890174866,0.5454921722412109,0.8378886580467224,0.3799054026603699,0.9504518508911133,0.47589999437332153,0.9348931908607483,0.01553578395396471,0.9773424863815308,0.5659332275390625,0.8444503545761108,0.3907681405544281,0.953507125377655,0.4074475169181824,0.9371543526649475,-0.050775110721588135,0.9908056259155273,0.5172972083091736,0.8995316624641418,0.35830503702163696,0.9462442994117737
204,0.42390817403793335,0.31345877051353455,-0.0868435651063919,0.9999220371246338,0.4261924624443054,0.2963863015174866,-0.11385365575551987,0.9998937249183655,0.42808786034584045,0.2953696846961975,-0.11389569193124771,0.9999004602432251,0.4302704930305481,0.294298380613327,-0.11392609775066376,0.9998947381973267,0.4247945249080658,0.29639604687690735,-0.07198435813188553,0.9998557567596436,0.42557406425476074,0.29556703567504883,-0.0719878077507019,0.9998337626457214,0.4266677796840668,0.29461103677749634,-0.07197221368551254,0.9998279213905334,0.44736456871032715,0.29166942834854126,-0.17598919570446014,0.9999247193336487,0.44353628158569336,0.29181525111198425,0.011103557422757149,0.9997462630271912,0.43423476815223694,0.3239593505859375,-0.10498018562793732,0.9999421238899231,0.43280014395713806,0.3249896466732025,-0.05116547271609306,0.9998792409896851,0.5021675229072571,0.3602747321128845,-0.24684114754199982,0.9999774098396301,0.47266942262649536,0.36639413237571716,0.1283942610025406,0.9997832775115967,0.4933691918849945,0.5018279552459717,-0.2270955741405487,0.9735544323921204,0.45452260971069336,0.48552456498146057,0.06686810404062271,0.0867212638258934,0.4280223846435547,0.47694921493530273,-0.0656663030385971,0.8691467046737671,0.4236481785774231,0.46274155378341675,-0.13802270591259003,0.12654173374176025,0.40828409790992737,0.4691934287548065,-0.07432497292757034,0.8226961493492126,0.4044719636440277,0.46105244755744934,-0.1550063043832779,0.1560734361410141,0.41258567571640015,0.45576196908950806,-0.06288333237171173,0.8208894729614258,0.40425699949264526,0.4481293857097626,-0.1769339144229889,0.15956370532512665,0.41957658529281616,0.4562916159629822,-0.05363645404577255,0.7530544996261597,0.4134475588798523,0.447682648897171,-0.15342067182064056,0.16354243457317352,0.4863952100276947,0.5927196145057678,-0.12763336300849915,0.9996274709701538,0.4769711494445801,0.5879230499267578,0.12761935591697693,0.9992451667785645,0.4603343605995178,0.7435863614082336,-0.07182244956493378,0.9901053309440613,0.4725034236907959,0.7318781614303589,0.2193567454814911,0.8092302680015564,0.458690345287323,0.9087997078895569,0.0066285268403589725,0.9945620894432068,0.528661847114563,0.842873215675354,0.340227872133255,0.9504660367965698,0.47258439660072327,0.9379221200942993,0.011175177991390228,0.9781564474105835,0.5500780344009399,0.8522099852561951,0.34926241636276245,0.9536021947860718,0.4061830937862396,0.9378334283828735,-0.0593685582280159,0.9908969402313232,0.4986538290977478,0.8995984196662903,0.31548887491226196,0.9472327828407288
205,0.41815680265426636,0.3125385046005249,-0.08254770189523697,0.9999168515205383,0.41992616653442383,0.2950967848300934,-0.11051920801401138,0.9998952746391296,0.42167502641677856,0.29423463344573975,-0.11056728661060333,0.9999024868011475,0.42363959550857544,0.29335400462150574,-0.11061649024486542,0.9998958110809326,0.4191506505012512,0.29475900530815125,-0.06790252029895782,0.9998554587364197,0.42015329003334045,0.2938314974308014,-0.0678970068693161,0.9998362064361572,0.4214411675930023,0.2928404211997986,-0.06788741052150726,0.9998302459716797,0.4399564862251282,0.2911030948162079,-0.17724961042404175,0.99992835521698,0.4374629855155945,0.2902752757072449,0.0128862876445055,0.9997529983520508,0.42843884229660034,0.3234405517578125,-0.10227525234222412,0.9999398589134216,0.4277518391609192,0.32430797815322876,-0.04749661684036255,0.9998744130134583,0.49213653802871704,0.35980749130249023,-0.25055551528930664,0.999978244304657,0.47501808404922485,0.36168375611305237,0.13203099370002747,0.9997710585594177,0.4751293659210205,0.5100799202919006,-0.23182883858680725,0.9745141267776489,0.45611000061035156,0.48533618450164795,0.08817552030086517,0.08277928084135056,0.42109185457229614,0.4764229953289032,-0.06983666121959686,0.8741154670715332,0.4183100163936615,0.4753919541835785,-0.08498057723045349,0.12088443338871002,0.40127032995224,0.46756821870803833,-0.07911602407693863,0.8277609944343567,0.4068703055381775,0.4723711609840393,-0.09878562390804291,0.15042081475257874,0.40525636076927185,0.45349356532096863,-0.06590717285871506,0.8258805871009827,0.4046812951564789,0.4603497087955475,-0.11580375581979752,0.15367910265922546,0.4116501808166504,0.45456674695014954,-0.05719678848981857,0.7585480809211731,0.40932488441467285,0.46049991250038147,-0.09951265156269073,0.1577661782503128,0.4770197868347168,0.5926743149757385,-0.12835803627967834,0.9996264576911926,0.47630396485328674,0.5876035094261169,0.12830397486686707,0.999205470085144,0.45659661293029785,0.7440617084503174,-0.058598004281520844,0.9896767735481262,0.4662252962589264,0.7314849495887756,0.23754267394542694,0.8021445274353027,0.46159616112709045,0.9079244136810303,0.02836027182638645,0.9944743514060974,0.5067245364189148,0.8510016798973083,0.3742160201072693,0.9483043551445007,0.47463250160217285,0.9370442628860474,0.03396511822938919,0.9786478877067566,0.5311928391456604,0.86490398645401,0.38513386249542236,0.9517887234687805,0.40869030356407166,0.9381158351898193,-0.03532835841178894,0.9908155798912048,0.47266140580177307,0.9037948846817017,0.3541726768016815,0.9465360045433044
206,0.41415438055992126,0.3114601969718933,-0.06685478240251541,0.9998869895935059,0.4152621328830719,0.29370173811912537,-0.09507118910551071,0.9998784065246582,0.4167310297489166,0.2928864359855652,-0.09513844549655914,0.9998878240585327,0.41842085123062134,0.2921101748943329,-0.09520488232374191,0.9998778104782104,0.4150402545928955,0.29334577918052673,-0.05343552306294441,0.9998283982276917,0.41615867614746094,0.29242846369743347,-0.053423523902893066,0.9998120665550232,0.4175451397895813,0.2914961576461792,-0.05344129726290703,0.9998047947883606,0.43334460258483887,0.2904299199581146,-0.16681435704231262,0.9999234080314636,0.4321480691432953,0.28927695751190186,0.019433658570051193,0.9997295141220093,0.4235404431819916,0.3224310874938965,-0.08823777735233307,0.9999221563339233,0.42342573404312134,0.32323434948921204,-0.03465377911925316,0.9998411536216736,0.4815685749053955,0.3566987216472626,-0.24917098879814148,0.9999784827232361,0.4760911464691162,0.35902583599090576,0.13602933287620544,0.9997281432151794,0.46916788816452026,0.5099670886993408,-0.2432761937379837,0.9747626781463623,0.46040409803390503,0.4851903021335602,0.09634552896022797,0.07832322269678116,0.4155332148075104,0.47429725527763367,-0.10256779193878174,0.876989483833313,0.4187106490135193,0.4804701805114746,-0.06477956473827362,0.11338669806718826,0.39682915806770325,0.464834988117218,-0.11495111882686615,0.8303714990615845,0.4082740247249603,0.47698482871055603,-0.07680753618478775,0.14187608659267426,0.40140706300735474,0.45046675205230713,-0.09675668179988861,0.8281524181365967,0.40380263328552246,0.4651186764240265,-0.09295506775379181,0.14477568864822388,0.4083338677883148,0.45150062441825867,-0.08898577839136124,0.7598496675491333,0.4076418876647949,0.4655750095844269,-0.07911138236522675,0.1490098387002945,0.4697861075401306,0.5926399230957031,-0.12830673158168793,0.9996163845062256,0.47752028703689575,0.5875663161277771,0.12825557589530945,0.9990847110748291,0.45294389128685,0.7454420924186707,-0.033892467617988586,0.9890563488006592,0.4614796042442322,0.7294953465461731,0.24996264278888702,0.7846724390983582,0.4636533856391907,0.9062297940254211,0.06270410120487213,0.9937986731529236,0.48635929822921753,0.8525030016899109,0.39994579553604126,0.9368148446083069,0.4761609137058258,0.9353481531143188,0.06973211467266083,0.977990984916687,0.5048180222511292,0.8818728923797607,0.41246652603149414,0.9426804780960083,0.4096202850341797,0.9382342100143433,0.002184975892305374,0.9897263646125793,0.44976258277893066,0.9022084474563599,0.38309499621391296,0.9379085898399353
207,0.41061100363731384,0.31098395586013794,-0.05829441547393799,0.999832808971405,0.4109281599521637,0.2929360270500183,-0.0876682847738266,0.999841034412384,0.4122219681739807,0.2921313941478729,-0.08772542327642441,0.9998504519462585,0.41374439001083374,0.2913969159126282,-0.08779092133045197,0.9998336434364319,0.4109717309474945,0.29255181550979614,-0.04731466993689537,0.9997868537902832,0.4121515154838562,0.29161325097084045,-0.04730796441435814,0.9997714757919312,0.4136272966861725,0.29068395495414734,-0.04735095053911209,0.9997670650482178,0.4274173378944397,0.28973323106765747,-0.16500963270664215,0.9999039173126221,0.42758139967918396,0.28834304213523865,0.017007214948534966,0.9996941089630127,0.41914185881614685,0.3215831518173218,-0.08195961266756058,0.9998819828033447,0.41929277777671814,0.3224025368690491,-0.029816359281539917,0.999789297580719,0.4695403575897217,0.35617220401763916,-0.24911686778068542,0.9999749660491943,0.4772258698940277,0.35841473937034607,0.13528534770011902,0.999675989151001,0.461568683385849,0.5084496140480042,-0.24332460761070251,0.9714577198028564,0.46247926354408264,0.4806065857410431,0.10578371584415436,0.07494398206472397,0.41409969329833984,0.47279632091522217,-0.09856168925762177,0.8620982766151428,0.4176699221134186,0.4779052734375,-0.01184447854757309,0.10593459755182266,0.39456263184547424,0.46318334341049194,-0.11038027703762054,0.8123695850372314,0.4073268473148346,0.4717164635658264,-0.01673453487455845,0.13287612795829773,0.3992141783237457,0.4481358528137207,-0.09505783021450043,0.8094239830970764,0.4015342593193054,0.4615262746810913,-0.03204939514398575,0.1353379338979721,0.4066733419895172,0.44881337881088257,-0.08579359948635101,0.7376434803009033,0.4052714407444,0.4629881978034973,-0.024508101865649223,0.1396695375442505,0.46480631828308105,0.5912691354751587,-0.1272190660238266,0.9995654225349426,0.4745137691497803,0.5869303941726685,0.127154141664505,0.9988434910774231,0.449131578207016,0.7425912022590637,-0.03166019171476364,0.9864637851715088,0.45956531167030334,0.7261531949043274,0.2677869200706482,0.7523708343505859,0.461620956659317,0.9021375179290771,0.05610830709338188,0.9918159246444702,0.46875905990600586,0.8539868593215942,0.43619608879089355,0.9120600819587708,0.47636374831199646,0.934849739074707,0.061979155987501144,0.9756936430931091,0.4805733561515808,0.8783324360847473,0.45066022872924805,0.9213005900382996,0.40952277183532715,0.9375430941581726,-0.006255806889384985,0.9876443147659302,0.4245275855064392,0.8781340718269348,0.42171263694763184,0.9218930602073669
208,0.40482980012893677,0.31019386649131775,-0.022540245205163956,0.9996415376663208,0.40457719564437866,0.29179662466049194,-0.054812610149383545,0.9996860027313232,0.40547776222229004,0.29099929332733154,-0.054867833852767944,0.9996931552886963,0.40658989548683167,0.290287047624588,-0.05493553355336189,0.9996569156646729,0.4056209921836853,0.29134219884872437,-0.016024379059672356,0.9996233582496643,0.4071217477321625,0.2903293967247009,-0.01600610464811325,0.9996011257171631,0.4089372754096985,0.2893163561820984,-0.01608661375939846,0.9996134042739868,0.41953808069229126,0.2886771559715271,-0.1476871222257614,0.9997865557670593,0.4227297902107239,0.28675785660743713,0.026259765028953552,0.9995272159576416,0.4125986695289612,0.32060539722442627,-0.05136456340551376,0.9996896386146545,0.4137069284915924,0.32130685448646545,-0.0011445365380495787,0.999579668045044,0.4540994167327881,0.35586678981781006,-0.2437223494052887,0.9999610781669617,0.4812726080417633,0.3562197685241699,0.13411729037761688,0.9995614290237427,0.4398789405822754,0.5033963918685913,-0.23793402314186096,0.9640800356864929,0.4753924310207367,0.47513288259506226,0.17537304759025574,0.06987904757261276,0.40667930245399475,0.4696185886859894,-0.08691218495368958,0.8305783867835999,0.4251790940761566,0.477881520986557,0.169937863945961,0.09687115252017975,0.3872094452381134,0.45527711510658264,-0.0927617996931076,0.7796359658241272,0.41436463594436646,0.4721393287181854,0.18118076026439667,0.1217530369758606,0.3921765983104706,0.44289594888687134,-0.07669927179813385,0.7760088443756104,0.40738940238952637,0.46278321743011475,0.16311201453208923,0.12396534532308578,0.3993334174156189,0.4443370997905731,-0.07532206177711487,0.702919065952301,0.41018176078796387,0.46406155824661255,0.15907594561576843,0.1282060742378235,0.45554986596107483,0.5912237167358398,-0.1269444227218628,0.9994460344314575,0.4747546315193176,0.5869168043136597,0.12684021890163422,0.998378336429596,0.4402971863746643,0.744249165058136,-0.012852130457758904,0.9839965105056763,0.45638829469680786,0.7271594405174255,0.26741984486579895,0.7322419881820679,0.4556172788143158,0.902127206325531,0.08287842571735382,0.989776074886322,0.4594007432460785,0.8673164248466492,0.4279046654701233,0.8933676481246948,0.4722851812839508,0.9349784851074219,0.09043045341968536,0.9740172028541565,0.47118180990219116,0.8949761986732483,0.44179242849349976,0.904354989528656,0.4076034426689148,0.9317367672920227,0.033554911613464355,0.985019326210022,0.41607794165611267,0.8810690641403198,0.413733571767807,0.9052191376686096
209,0.3994768559932709,0.3097957968711853,-0.016235865652561188,0.9996221661567688,0.3995858132839203,0.2911028563976288,-0.0483928844332695,0.9996795058250427,0.4005191922187805,0.29029372334480286,-0.04843321070075035,0.9996883869171143,0.4016784727573395,0.28958797454833984,-0.048506494611501694,0.9996470212936401,0.4005701541900635,0.29061368107795715,-0.00941918883472681,0.9996174573898315,0.4020170569419861,0.2895509898662567,-0.009401915594935417,0.9995976090431213,0.4037612974643707,0.28851136565208435,-0.009461650624871254,0.9996076822280884,0.41444697976112366,0.28778332471847534,-0.13876080513000488,0.9997879266738892,0.417145311832428,0.2859586179256439,0.03471546992659569,0.9995260834693909,0.4071195125579834,0.3200972378253937,-0.04422347620129585,0.9996687769889832,0.4081938862800598,0.3207961320877075,0.005974569823592901,0.9995555877685547,0.44550198316574097,0.3553524315357208,-0.23947861790657043,0.9999569654464722,0.476948082447052,0.3555987477302551,0.1348969042301178,0.9995194673538208,0.423717200756073,0.49891525506973267,-0.23206813633441925,0.9610068798065186,0.4630810618400574,0.4754399061203003,0.07459168136119843,0.06634747236967087,0.39962852001190186,0.45975515246391296,-0.06286071985960007,0.804465115070343,0.4199744164943695,0.4776521623134613,-0.08095353841781616,0.08918466418981552,0.38060691952705383,0.4442727863788605,-0.06729167699813843,0.7509340047836304,0.4108448028564453,0.4721621870994568,-0.08743791282176971,0.11237826943397522,0.3867836892604828,0.4316691756248474,-0.05193609744310379,0.747097373008728,0.40405550599098206,0.4626985192298889,-0.09548520296812057,0.11428795754909515,0.3942435383796692,0.43292903900146484,-0.05084387585520744,0.6734550595283508,0.40697985887527466,0.46377256512641907,-0.09193465113639832,0.11838173866271973,0.45282936096191406,0.5887417197227478,-0.12655502557754517,0.9993976354598999,0.46768611669540405,0.5865824222564697,0.12642911076545715,0.9982255697250366,0.43699488043785095,0.7442989349365234,-0.03100920096039772,0.9837896227836609,0.4439169466495514,0.7271473407745361,0.26067471504211426,0.7203271985054016,0.4541686475276947,0.9021151661872864,0.051240961998701096,0.9888570308685303,0.4509512484073639,0.869139552116394,0.4050467014312744,0.8825846910476685,0.47184881567955017,0.9353255033493042,0.05785450339317322,0.9730497598648071,0.4620519280433655,0.8935334086418152,0.4167933464050293,0.8941522836685181,0.40561795234680176,0.9309324622154236,-0.010333165526390076,0.983295738697052,0.40143895149230957,0.8815317153930664,0.3873292803764343,0.8943353891372681
210,0.3939477205276489,0.30888864398002625,-0.015415775589644909,0.9996190667152405,0.39356207847595215,0.2901674509048462,-0.04843902587890625,0.9996752738952637,0.3943091034889221,0.2893551290035248,-0.04849134385585785,0.9996844530105591,0.39524367451667786,0.288671612739563,-0.04857251048088074,0.9996419548988342,0.3950375020503998,0.2896078824996948,-0.011004682630300522,0.9996115565299988,0.3966764807701111,0.28847962617874146,-0.01096879132091999,0.9995911717414856,0.3985927999019623,0.2873890697956085,-0.011034505441784859,0.9995977878570557,0.40708988904953003,0.28700780868530273,-0.14172634482383728,0.9997850656509399,0.4115580916404724,0.28501656651496887,0.028667718172073364,0.9995081424713135,0.40139660239219666,0.3191264569759369,-0.04462553188204765,0.9996538758277893,0.40286654233932495,0.3197512626647949,0.0036928136833012104,0.9995300769805908,0.43328961730003357,0.35551097989082336,-0.23971152305603027,0.9999552965164185,0.4752105176448822,0.3544157147407532,0.12520582973957062,0.9994714856147766,0.4117332398891449,0.4986748695373535,-0.22428950667381287,0.9588842391967773,0.47022944688796997,0.47494134306907654,0.08114557713270187,0.0630783662199974,0.3900435268878937,0.45749351382255554,-0.04212576523423195,0.781326949596405,0.42459267377853394,0.47760480642318726,-0.026966605335474014,0.08218952268362045,0.3750658631324768,0.4410587251186371,-0.04246636852622032,0.7236390709877014,0.413945734500885,0.4724818170070648,-0.025433341041207314,0.10365519672632217,0.3815900385379791,0.42903846502304077,-0.026445236057043076,0.7198144793510437,0.40867942571640015,0.46334150433540344,-0.033227257430553436,0.10531482845544815,0.3884512186050415,0.4309772849082947,-0.029527131468057632,0.6463097929954529,0.4119061827659607,0.4641437828540802,-0.03597762808203697,0.10924483090639114,0.4481971859931946,0.585227370262146,-0.12080174684524536,0.9994162917137146,0.46195825934410095,0.5858086347579956,0.12063387781381607,0.9982496500015259,0.44025954604148865,0.7424700856208801,-0.021876497194170952,0.9836956858634949,0.4295364022254944,0.7225571870803833,0.2714315950870514,0.7170619368553162,0.4529518485069275,0.90171217918396,0.05947995185852051,0.988435685634613,0.41393527388572693,0.8627141714096069,0.4428941309452057,0.8807061910629272,0.471905380487442,0.9351885318756104,0.06498579680919647,0.9700425863265991,0.4232664704322815,0.8885063529014587,0.45753511786460876,0.8850496411323547,0.4049271047115326,0.9284673929214478,0.001779629266820848,0.9827693700790405,0.3583844006061554,0.8652399182319641,0.4347408711910248,0.8928343653678894
211,0.3889469504356384,0.308763325214386,-0.00591127248480916,0.9996368885040283,0.3884428143501282,0.29017260670661926,-0.039394352585077286,0.9996910095214844,0.3891143202781677,0.2893606722354889,-0.03944716602563858,0.9997004270553589,0.38996487855911255,0.2886754870414734,-0.039528973400592804,0.9996603727340698,0.3899998664855957,0.2895616292953491,-0.002836703322827816,0.999627947807312,0.3916280269622803,0.2883869707584381,-0.0027988185174763203,0.9996086955070496,0.39356866478919983,0.28725317120552063,-0.0028439348097890615,0.9996122717857361,0.4013136327266693,0.2869618833065033,-0.1354159414768219,0.9997946619987488,0.4065203070640564,0.28494641184806824,0.029341047629714012,0.9995218515396118,0.39617687463760376,0.318989634513855,-0.03570394963026047,0.9996611475944519,0.397765189409256,0.319550484418869,0.011572171933948994,0.9995311498641968,0.42363986372947693,0.3566800057888031,-0.23382560908794403,0.9999568462371826,0.47316980361938477,0.35466083884239197,0.12214045226573944,0.9994514584541321,0.39543625712394714,0.48878213763237,-0.21159005165100098,0.9586793780326843,0.47089123725891113,0.47482237219810486,0.09573527425527573,0.06312540918588638,0.38851165771484375,0.45282620191574097,-0.025372449308633804,0.7607467770576477,0.42822781205177307,0.4774775207042694,0.038437921553850174,0.076345294713974,0.3728092312812805,0.43372002243995667,-0.024137645959854126,0.6983967423439026,0.42387595772743225,0.4719739258289337,0.044503338634967804,0.09590689092874527,0.384201318025589,0.4200391471385956,-0.010051021352410316,0.6948339343070984,0.41381359100341797,0.4633069932460785,0.03770165890455246,0.0973440632224083,0.3899657130241394,0.42638206481933594,-0.013641297817230225,0.6220563054084778,0.41369175910949707,0.46399250626564026,0.03081635572016239,0.10114001482725143,0.4449605941772461,0.5847547054290771,-0.11777129024267197,0.9994575381278992,0.4567428231239319,0.5852441191673279,0.11759741604328156,0.9983434081077576,0.4417324662208557,0.7399546504020691,-0.023521360009908676,0.9845526814460754,0.4163777828216553,0.718774139881134,0.28458040952682495,0.7258560657501221,0.4546484351158142,0.9009186625480652,0.05807502195239067,0.9888492822647095,0.390595406293869,0.8605589270591736,0.4641727805137634,0.8851801753044128,0.47277969121932983,0.9342502355575562,0.06390370428562164,0.9685004949569702,0.3929500877857208,0.8861421942710876,0.48006993532180786,0.8823128342628479,0.40483546257019043,0.9263030886650085,-7.49577593524009e-05,0.9830591082572937,0.3352805972099304,0.8531036376953125,0.46211662888526917,0.8959154486656189
212,0.3830445408821106,0.30839595198631287,-0.00795332808047533,0.9996283650398254,0.3825071156024933,0.2899610698223114,-0.04184853285551071,0.9996824860572815,0.3831389546394348,0.28917253017425537,-0.04190351068973541,0.999689519405365,0.3839714825153351,0.28851011395454407,-0.041992805898189545,0.9996523261070251,0.3842075765132904,0.2892642915248871,-0.00451222900301218,0.9996104836463928,0.3859172463417053,0.28803712129592896,-0.0044730668887495995,0.9995890855789185,0.38799378275871277,0.28684699535369873,-0.004528319928795099,0.9995936155319214,0.39571335911750793,0.2868226170539856,-0.14105324447155,0.9997768998146057,0.4015730321407318,0.2845962643623352,0.027274388819932938,0.9994868040084839,0.39043110609054565,0.31864064931869507,-0.039195697754621506,0.9996389150619507,0.39227890968322754,0.3191215693950653,0.009233826771378517,0.9994938373565674,0.42404404282569885,0.3567434251308441,-0.23510026931762695,0.9999558925628662,0.4676376283168793,0.354205459356308,0.11691542714834213,0.9994301795959473,0.3974190354347229,0.49332395195961,-0.20684555172920227,0.9572704434394836,0.4709612727165222,0.47442758083343506,0.15263579785823822,0.06248772144317627,0.3778836727142334,0.45528489351272583,-0.028539443388581276,0.7507649660110474,0.42807093262672424,0.48834601044654846,0.1454145461320877,0.07123974710702896,0.364018976688385,0.43827569484710693,-0.03200560063123703,0.6848540306091309,0.4235170781612396,0.4888766407966614,0.1555529534816742,0.0891222208738327,0.3717418313026428,0.4253668189048767,-0.015901362523436546,0.681574821472168,0.4132084250450134,0.4794514775276184,0.13850580155849457,0.09046471118927002,0.37800511717796326,0.429608553647995,-0.016857298091053963,0.6081392168998718,0.4133191704750061,0.4784215986728668,0.1348952203989029,0.09425430744886398,0.43819403648376465,0.5849218964576721,-0.11543804407119751,0.9994961023330688,0.45299047231674194,0.5853057503700256,0.1152322068810463,0.9984275698661804,0.440990686416626,0.7400000691413879,0.012973007746040821,0.9851191639900208,0.411235511302948,0.7151976227760315,0.3062479496002197,0.7314342260360718,0.4556981027126312,0.9009726047515869,0.13681714236736298,0.9889549016952515,0.37689754366874695,0.8495674133300781,0.5111725330352783,0.8869321942329407,0.47292274236679077,0.9341711401939392,0.14793898165225983,0.9662331342697144,0.37957054376602173,0.8789069652557373,0.5307934880256653,0.8759424686431885,0.40453943610191345,0.9255209565162659,0.09144508838653564,0.9828593730926514,0.32782965898513794,0.834774374961853,0.5169121026992798,0.897139310836792
213,0.37860020995140076,0.3073556125164032,0.02872048318386078,0.9996192455291748,0.37795379757881165,0.28896278142929077,-0.009850759990513325,0.9996706247329712,0.378313273191452,0.2882889211177826,-0.009910007938742638,0.99968022108078,0.37882930040359497,0.28776219487190247,-0.010003460571169853,0.9996418356895447,0.38024118542671204,0.2880835235118866,0.023776022717356682,0.9995960593223572,0.3820808231830597,0.2868249714374542,0.023806584998965263,0.9995775818824768,0.38425976037979126,0.2856334149837494,0.023733729496598244,0.9995754957199097,0.3889559507369995,0.2867397665977478,-0.12783966958522797,0.999752402305603,0.39706653356552124,0.2841629981994629,0.026593554764986038,0.9994567632675171,0.38482993841171265,0.3177381455898285,-0.007860525511205196,0.9996041655540466,0.38689079880714417,0.31805336475372314,0.03575596958398819,0.999442458152771,0.4095023274421692,0.35799747705459595,-0.23014011979103088,0.9999565482139587,0.46530404686927795,0.3542827069759369,0.10486824810504913,0.9994237422943115,0.3795182704925537,0.4934627115726471,-0.1894879937171936,0.9561506509780884,0.4712442457675934,0.47526073455810547,0.20641496777534485,0.06673470884561539,0.3769470751285553,0.4539428651332855,-0.007101262919604778,0.7271885275840759,0.428518682718277,0.48653727769851685,0.30579209327697754,0.06670940667390823,0.3653910160064697,0.43646129965782166,-0.00664889719337225,0.6588134169578552,0.42354750633239746,0.486223429441452,0.330705463886261,0.08277906477451324,0.37294086813926697,0.42626217007637024,0.003460438223555684,0.656508207321167,0.4136005938053131,0.4763130843639374,0.32084333896636963,0.08402002602815628,0.3786672353744507,0.42894548177719116,0.002126635517925024,0.5847578048706055,0.41387009620666504,0.47575896978378296,0.3014831244945526,0.08773434907197952,0.43181905150413513,0.5850166082382202,-0.11393020302057266,0.9995372295379639,0.4496477544307709,0.585293173789978,0.1137213483452797,0.9985299706459045,0.4392280578613281,0.7407311201095581,0.002190980827435851,0.985978901386261,0.4096723198890686,0.7139250040054321,0.31552425026893616,0.7403234839439392,0.4560583233833313,0.9021928310394287,0.10677510499954224,0.9892771244049072,0.3637154996395111,0.8450831174850464,0.523661732673645,0.8900420665740967,0.47369495034217834,0.9355193972587585,0.11709462106227875,0.9655897617340088,0.36676061153411865,0.8767359256744385,0.5442731976509094,0.8725842833518982,0.4038732945919037,0.9262669086456299,0.06572309881448746,0.982401430606842,0.31993746757507324,0.8208675384521484,0.5364964008331299,0.896329939365387
214,0.37267619371414185,0.30670127272605896,0.0057841455563902855,0.9996353387832642,0.3728923201560974,0.2887551188468933,-0.029393533244729042,0.9996853470802307,0.3733888566493988,0.2880958318710327,-0.029449457302689552,0.9996954202651978,0.37406641244888306,0.2875950038433075,-0.029534216970205307,0.9996592998504639,0.37473616003990173,0.2878535985946655,0.007330675609409809,0.9996117949485779,0.376428484916687,0.2865895628929138,0.007357165217399597,0.9995948672294617,0.37852272391319275,0.2854137718677521,0.007308977656066418,0.9995907545089722,0.38425344228744507,0.28670141100883484,-0.13380166888237,0.9997592568397522,0.3913464844226837,0.2841549813747406,0.029002558439970016,0.9994693994522095,0.37879496812820435,0.31679782271385193,-0.026385802775621414,0.9996103644371033,0.3807474970817566,0.31707748770713806,0.021034983918070793,0.9994468092918396,0.4056686460971832,0.3582395613193512,-0.23288924992084503,0.9999578595161438,0.4549466669559479,0.35414475202560425,0.11321882903575897,0.9994138479232788,0.3761748671531677,0.49374932050704956,-0.19861778616905212,0.9559837579727173,0.46271881461143494,0.4720146358013153,0.180149108171463,0.06607983261346817,0.37125107645988464,0.4514567255973816,-0.0029729357920587063,0.7166311740875244,0.4173516631126404,0.47436079382896423,0.204533189535141,0.062120333313941956,0.3608967363834381,0.4332384169101715,-0.0016405557980760932,0.6453089118003845,0.41326791048049927,0.4679121673107147,0.22225430607795715,0.07674754410982132,0.3678083121776581,0.4233216643333435,0.010925169102847576,0.6436644196510315,0.4039667248725891,0.460962176322937,0.21369090676307678,0.0778404101729393,0.37418702244758606,0.4244585335254669,0.007981447502970695,0.57143235206604,0.4044162333011627,0.46305036544799805,0.19875356554985046,0.08143240213394165,0.4265865385532379,0.5851836800575256,-0.11490713059902191,0.9995764493942261,0.44148340821266174,0.5845751166343689,0.11472387611865997,0.9986339211463928,0.43517500162124634,0.7401729226112366,-0.00914782378822565,0.9867446422576904,0.4040726125240326,0.7114384770393372,0.31620126962661743,0.7491427659988403,0.45668062567710876,0.9016282558441162,0.08811473846435547,0.9898360371589661,0.3593880236148834,0.8411495089530945,0.5249601602554321,0.8939881920814514,0.47373977303504944,0.9353992342948914,0.09565965831279755,0.9660511016845703,0.36333662271499634,0.8749760985374451,0.545226514339447,0.8709450960159302,0.402509868144989,0.9264889359474182,0.03494284301996231,0.9830405712127686,0.3141481280326843,0.8170825839042664,0.5362128615379333,0.899073600769043
215,0.3662189245223999,0.3060978651046753,0.0051076277159154415,0.9996252655982971,0.3666455149650574,0.2885366380214691,-0.032028160989284515,0.9996778964996338,0.367164671421051,0.28789421916007996,-0.03209696710109711,0.9996888041496277,0.3678671717643738,0.2874149978160858,-0.03219066932797432,0.9996532201766968,0.3684319257736206,0.2876283824443817,0.004191532731056213,0.9996014833450317,0.37016722559928894,0.2863633930683136,0.004210762679576874,0.9995850920677185,0.3723146319389343,0.28519394993782043,0.004153312183916569,0.9995768666267395,0.37839043140411377,0.2866476774215698,-0.13724735379219055,0.9997395277023315,0.38569968938827515,0.2840755581855774,0.02230522222816944,0.9994492530822754,0.37237247824668884,0.3159085810184479,-0.02900424599647522,0.9995854496955872,0.3743196129798889,0.31621038913726807,0.01781991496682167,0.9994077086448669,0.40126267075538635,0.3583468794822693,-0.23317864537239075,0.9999573826789856,0.44922128319740295,0.35416290163993835,0.10719148069620132,0.9993915557861328,0.378120094537735,0.4949948489665985,-0.1982397586107254,0.9539202451705933,0.46218690276145935,0.46929898858070374,0.23567159473896027,0.06495456397533417,0.3658754527568817,0.4527130424976349,-0.0010612005135044456,0.6973807215690613,0.4191044270992279,0.46718981862068176,0.3693957030773163,0.057782817631959915,0.35320132970809937,0.4357722997665405,0.0016264405567198992,0.6247791051864624,0.4139229655265808,0.46023812890052795,0.39944055676460266,0.07122816145420074,0.3595852553844452,0.42517799139022827,0.012325478717684746,0.6239219307899475,0.4041869640350342,0.45401954650878906,0.38934326171875,0.07222380489110947,0.3670627176761627,0.42679542303085327,0.009185876697301865,0.5522372722625732,0.404865562915802,0.45658576488494873,0.36578696966171265,0.07571329176425934,0.4195975363254547,0.5858294367790222,-0.11456097662448883,0.9996107816696167,0.4359484612941742,0.5839612483978271,0.11439245939254761,0.998718798160553,0.43133917450904846,0.7402315139770508,0.004455292597413063,0.9868419170379639,0.39794349670410156,0.7099123001098633,0.3257608711719513,0.7543702721595764,0.4570031762123108,0.9012895822525024,0.10936590284109116,0.9900128245353699,0.3567584156990051,0.8373786211013794,0.5505833625793457,0.8959937691688538,0.47410568594932556,0.9353787899017334,0.12001021951436996,0.9659777879714966,0.36202770471572876,0.8696781992912292,0.572958767414093,0.867396354675293,0.40260204672813416,0.9266388416290283,0.06873973459005356,0.9831593036651611,0.3143004775047302,0.8196666240692139,0.5669394135475159,0.8997862339019775
216,0.3602673411369324,0.3055923283100128,0.00012400836567394435,0.9996086955070496,0.3610478937625885,0.2876913249492645,-0.035022031515836716,0.9996613264083862,0.36181342601776123,0.2870001494884491,-0.03509040176868439,0.9996691942214966,0.36279311776161194,0.2864660918712616,-0.03518027439713478,0.9996373653411865,0.3624260425567627,0.28688845038414,0.0037078566383570433,0.9995794296264648,0.3641298711299896,0.28564462065696716,0.0037370063364505768,0.9995609521865845,0.36623093485832214,0.2844891846179962,0.0036810499150305986,0.9995531439781189,0.37454819679260254,0.28567227721214294,-0.13906803727149963,0.9997115135192871,0.3802732825279236,0.2833830714225769,0.033347707241773605,0.9993914365768433,0.36705705523490906,0.31516367197036743,-0.03313938528299332,0.9995549321174622,0.36855363845825195,0.31560155749320984,0.016631891950964928,0.9993613958358765,0.4025101065635681,0.35603412985801697,-0.23807628452777863,0.9999571442604065,0.4379900097846985,0.3540538251399994,0.1267259418964386,0.9993548393249512,0.38812705874443054,0.4902659058570862,-0.21045203506946564,0.9516706466674805,0.4476889967918396,0.4662855565547943,0.20027585327625275,0.061861708760261536,0.36055636405944824,0.4570005238056183,-0.0287353303283453,0.6958977580070496,0.4095328748226166,0.4861120581626892,0.21394486725330353,0.05423843860626221,0.34263524413108826,0.4473247826099396,-0.03567790985107422,0.6222690939903259,0.40364140272140503,0.49011310935020447,0.2272416055202484,0.06699057668447495,0.34783729910850525,0.43813562393188477,-0.018920741975307465,0.6216018795967102,0.395050048828125,0.48239681124687195,0.21010732650756836,0.06792034953832626,0.35511958599090576,0.4370613992214203,-0.016496924683451653,0.5473864674568176,0.39548033475875854,0.48070889711380005,0.20395848155021667,0.07134941965341568,0.4148320257663727,0.5841193795204163,-0.11825571954250336,0.9996405243873596,0.42672601342201233,0.5814496278762817,0.11806683242321014,0.9987853765487671,0.42604079842567444,0.7394284605979919,-0.010910263285040855,0.9869316220283508,0.39425796270370483,0.7061402201652527,0.3318394720554352,0.7523003220558167,0.4572977125644684,0.9007742404937744,0.0791524201631546,0.9902859330177307,0.35735905170440674,0.8349059224128723,0.5541812181472778,0.8970485329627991,0.47440075874328613,0.9349915981292725,0.0870012491941452,0.9663657546043396,0.3610926568508148,0.8650110960006714,0.5751684904098511,0.8634665012359619,0.40293121337890625,0.9294120669364929,0.015730518847703934,0.9837347865104675,0.3155204653739929,0.8218327164649963,0.5593500733375549,0.9018064141273499
217,0.3540043234825134,0.3036271035671234,2.436773866065778e-05,0.9995782971382141,0.3553953468799591,0.28519853949546814,-0.034237004816532135,0.9996338486671448,0.35634762048721313,0.28445443511009216,-0.03430891036987305,0.9996387362480164,0.35754698514938354,0.28383970260620117,-0.03439444676041603,0.9996120929718018,0.3563566505908966,0.28455275297164917,0.006238165777176619,0.9995425343513489,0.35792210698127747,0.28340256214141846,0.006263713352382183,0.9995183944702148,0.3598857820034027,0.28233423829078674,0.006211904343217611,0.9995129704475403,0.3700128197669983,0.2833084166049957,-0.13825097680091858,0.9996745586395264,0.3740771412849426,0.2816260755062103,0.043410807847976685,0.9992885589599609,0.360981822013855,0.313236802816391,-0.03348534554243088,0.9994982481002808,0.36212247610092163,0.31376928091049194,0.01858070120215416,0.9992799758911133,0.39960965514183044,0.3513047397136688,-0.2420901358127594,0.9999554753303528,0.42695721983909607,0.35209017992019653,0.14484378695487976,0.9992871880531311,0.38520580530166626,0.48069489002227783,-0.21091119945049286,0.9480942487716675,0.43152227997779846,0.46008288860321045,0.2096479833126068,0.05788315832614899,0.35427194833755493,0.45780521631240845,-0.022669166326522827,0.6911933422088623,0.393010675907135,0.48521479964256287,0.21516361832618713,0.05040133744478226,0.34077292680740356,0.44971582293510437,-0.02966497838497162,0.6176487803459167,0.3860187828540802,0.48917096853256226,0.2284431755542755,0.06253096461296082,0.3422960937023163,0.4410419464111328,-0.01525052823126316,0.6175756454467773,0.3784649670124054,0.4811542332172394,0.20653799176216125,0.06339432299137115,0.3491988182067871,0.44291725754737854,-0.011082966811954975,0.5410763025283813,0.3791211247444153,0.4794199764728546,0.2030729353427887,0.06671507656574249,0.40954455733299255,0.5819352865219116,-0.1254173070192337,0.9996646046638489,0.4157286286354065,0.5793718099594116,0.12526334822177887,0.9988360404968262,0.4202563762664795,0.7383871674537659,-0.05086067318916321,0.9867413640022278,0.38869866728782654,0.7017444968223572,0.330022394657135,0.7454074621200562,0.45704054832458496,0.8974598050117493,0.017909018322825432,0.9905301928520203,0.3566417992115021,0.8343163728713989,0.54484623670578,0.8970934748649597,0.474127858877182,0.9321237802505493,0.02337871678173542,0.9676290154457092,0.357220321893692,0.8627811670303345,0.5645838975906372,0.8607421517372131,0.4030534625053406,0.9321998357772827,-0.04873587563633919,0.9843946099281311,0.3128935992717743,0.8259725570678711,0.5451099872589111,0.903256893157959
218,0.3469347059726715,0.30223309993743896,-0.003046715399250388,0.9995760917663574,0.34860217571258545,0.28359174728393555,-0.03641621768474579,0.9996322393417358,0.3496789336204529,0.28285181522369385,-0.03648766130208969,0.9996336698532104,0.35104525089263916,0.28223079442977905,-0.036563824862241745,0.9996117949485779,0.3493531048297882,0.282997727394104,0.004334268160164356,0.9995388984680176,0.35093972086906433,0.2818845212459564,0.004363281652331352,0.9995110034942627,0.3529617190361023,0.28082817792892456,0.004321584012359381,0.9995107054710388,0.3640516400337219,0.28176552057266235,-0.13571923971176147,0.9996629357337952,0.3679525554180145,0.2801099121570587,0.0496889129281044,0.9992455840110779,0.3542175889015198,0.3119189143180847,-0.03542298451066017,0.9994805455207825,0.3551054894924164,0.31240811944007874,0.016948647797107697,0.9992561936378479,0.3920097053050995,0.35068124532699585,-0.24179506301879883,0.9999527931213379,0.4207475185394287,0.349994957447052,0.1522911787033081,0.9992585778236389,0.3721572160720825,0.48050734400749207,-0.19682955741882324,0.9436836242675781,0.4238414764404297,0.4555182456970215,0.19498690962791443,0.055096786469221115,0.3495214581489563,0.46526986360549927,0.0242451261729002,0.6787636280059814,0.38455191254615784,0.4854583740234375,0.19108615815639496,0.04694518819451332,0.33644014596939087,0.4561139941215515,0.021283579990267754,0.6050318479537964,0.3772476315498352,0.49124616384506226,0.20554795861244202,0.05842242389917374,0.337812215089798,0.44656243920326233,0.03323442116379738,0.6058318614959717,0.37125158309936523,0.48322993516921997,0.18822568655014038,0.05920838192105293,0.345044881105423,0.4505230486392975,0.03576227277517319,0.5287047028541565,0.37199437618255615,0.4808032810688019,0.18954220414161682,0.06241775304079056,0.40287262201309204,0.5799169540405273,-0.12905293703079224,0.999688446521759,0.40967240929603577,0.5767444372177124,0.12891507148742676,0.9988935589790344,0.41404351592063904,0.7375094890594482,-0.10340847074985504,0.986257791519165,0.38311851024627686,0.7009258270263672,0.32954147458076477,0.7360708713531494,0.45440903306007385,0.8945585489273071,-0.06805884838104248,0.9909295439720154,0.3558947741985321,0.8349235653877258,0.5406767725944519,0.8972463011741638,0.47316774725914,0.9288974404335022,-0.06671559810638428,0.9689712524414062,0.355502188205719,0.8628648519515991,0.5594618320465088,0.8580133318901062,0.4014708995819092,0.9326351284980774,-0.14648222923278809,0.9854238629341125,0.3112867772579193,0.828846275806427,0.5405093431472778,0.9068583250045776
219,0.3404948115348816,0.30005183815956116,0.03401569277048111,0.9995779991149902,0.34162142872810364,0.2817896604537964,-0.0034043192863464355,0.9996334314346313,0.3423919379711151,0.281028687953949,-0.003459553699940443,0.9996308088302612,0.3434228003025055,0.2803736925125122,-0.0035372101701796055,0.9996123909950256,0.3430834710597992,0.2812142074108124,0.034015994518995285,0.9995471835136414,0.34491339325904846,0.2800658345222473,0.03403241187334061,0.9995177388191223,0.3471304178237915,0.27894696593284607,0.033977337181568146,0.9995210766792297,0.3555820882320404,0.2798674404621124,-0.11748935282230377,0.9996505975723267,0.3619809150695801,0.2777511477470398,0.05216696858406067,0.9992503523826599,0.34722477197647095,0.3093934953212738,-0.002259769942611456,0.9994630217552185,0.3488878607749939,0.309839129447937,0.04608858376741409,0.9992513060569763,0.37784677743911743,0.3497416377067566,-0.22902381420135498,0.9999504685401917,0.42104610800743103,0.3485051691532135,0.14456357061862946,0.9992767572402954,0.3615163266658783,0.4756031334400177,-0.17377951741218567,0.9417698383331299,0.43521547317504883,0.4563795030117035,0.2239486426115036,0.05741700157523155,0.3451363742351532,0.46586307883262634,0.04642252251505852,0.6483122706413269,0.3949029743671417,0.4849642217159271,0.29397016763687134,0.044315729290246964,0.3374202847480774,0.4552394449710846,0.0480974055826664,0.575960636138916,0.38771572709083557,0.48914748430252075,0.3175651729106903,0.05498970299959183,0.3422088027000427,0.44538480043411255,0.058579545468091965,0.5779179930686951,0.3807065784931183,0.481021910905838,0.29886674880981445,0.05575522780418396,0.34577804803848267,0.4447970390319824,0.056685131043195724,0.5040919780731201,0.38158562779426575,0.47906941175460815,0.28584760427474976,0.05885862559080124,0.39229899644851685,0.5770183205604553,-0.1280251145362854,0.9997060298919678,0.4074452817440033,0.5731168389320374,0.12788748741149902,0.9989309310913086,0.40649333596229553,0.7354047894477844,-0.08890197426080704,0.9862350225448608,0.3810436427593231,0.699889063835144,0.31698304414749146,0.7317291498184204,0.45101362466812134,0.8919677734375,-0.052859824150800705,0.9911746382713318,0.35677942633628845,0.8343577980995178,0.5121117830276489,0.8964981436729431,0.47081097960472107,0.9251030683517456,-0.049781687557697296,0.9701036214828491,0.3580303192138672,0.8626264929771423,0.529701292514801,0.8553639054298401,0.4010973870754242,0.9328881502151489,-0.11532983928918839,0.9858749508857727,0.31225740909576416,0.8305379152297974,0.5150269865989685,0.9062325954437256
220,0.33539900183677673,0.29655182361602783,0.029665853828191757,0.9995869398117065,0.3363475501537323,0.278266578912735,-0.007855745032429695,0.9996411800384521,0.33696988224983215,0.2774658203125,-0.007926330901682377,0.9996406435966492,0.3378005623817444,0.2767985463142395,-0.008004218339920044,0.9996210336685181,0.3381860852241516,0.2777309715747833,0.029492298141121864,0.9995582103729248,0.34005165100097656,0.27659350633621216,0.029525507241487503,0.9995298385620117,0.34227362275123596,0.27549421787261963,0.02948557212948799,0.9995298385620117,0.3487129807472229,0.27688804268836975,-0.12130077928304672,0.9996549487113953,0.3563002347946167,0.274459570646286,0.04776296019554138,0.9992656111717224,0.3418501317501068,0.3058401048183441,-0.00603663781657815,0.9994633793830872,0.3438355028629303,0.30636340379714966,0.04218170791864395,0.9992579817771912,0.37065640091896057,0.3477708101272583,-0.2311890870332718,0.9999511241912842,0.4143705368041992,0.3446308374404907,0.14116540551185608,0.999300479888916,0.3475339710712433,0.47556832432746887,-0.17903026938438416,0.9402729868888855,0.42612481117248535,0.45361146330833435,0.23548026382923126,0.05763440951704979,0.3336469233036041,0.46576443314552307,0.03503463417291641,0.6348147392272949,0.3814540505409241,0.477285772562027,0.3124779760837555,0.0422075018286705,0.32401663064956665,0.4551319181919098,0.03536992892622948,0.5638766884803772,0.3738720118999481,0.4809131622314453,0.3381364345550537,0.05241657793521881,0.33180463314056396,0.44508758187294006,0.04382222145795822,0.5670078992843628,0.36610811948776245,0.4748794734477997,0.3194957375526428,0.053146135061979294,0.33800598978996277,0.44499486684799194,0.04441950470209122,0.4947880506515503,0.36693698167800903,0.4734152853488922,0.30446815490722656,0.056198012083768845,0.3831659257411957,0.5726950168609619,-0.12838828563690186,0.9997291564941406,0.40578705072402954,0.5672361850738525,0.12823906540870667,0.9989932179450989,0.394902765750885,0.7297435998916626,-0.10104551166296005,0.9872750639915466,0.3780187964439392,0.6905451416969299,0.32881981134414673,0.7418177723884583,0.44699057936668396,0.8878498673439026,-0.07442260533571243,0.9918070435523987,0.35787180066108704,0.8303154706954956,0.5326892137527466,0.9003500938415527,0.46781522035598755,0.9183663725852966,-0.07142952084541321,0.9722562432289124,0.361288845539093,0.8595134615898132,0.5516988039016724,0.8582459688186646,0.4010602831840515,0.9328391551971436,-0.1332031786441803,0.986640989780426,0.3138716220855713,0.8318812251091003,0.5405336618423462,0.9074260592460632
221,0.33070868253707886,0.2906067967414856,0.023766061291098595,0.9995889067649841,0.3315693736076355,0.2719704508781433,-0.014648891985416412,0.9996441006660461,0.33197301626205444,0.27132612466812134,-0.014711873605847359,0.9996442794799805,0.3325335681438446,0.2708880603313446,-0.014778966084122658,0.999621570110321,0.3338027596473694,0.2713112533092499,0.023468434810638428,0.9995651245117188,0.33571240305900574,0.27024024724960327,0.023488370701670647,0.9995385408401489,0.3379703164100647,0.26932933926582336,0.023441705852746964,0.9995365142822266,0.3426206409931183,0.2726075351238251,-0.12721456587314606,0.9996516108512878,0.35116225481033325,0.26980993151664734,0.042614664882421494,0.9992842674255371,0.3367486894130707,0.3006972670555115,-0.013095082715153694,0.9994634389877319,0.3390423357486725,0.30134162306785583,0.0360933318734169,0.9992700815200806,0.36524707078933716,0.3444862365722656,-0.24119964241981506,0.9999504685401917,0.41004690527915955,0.3414122462272644,0.1321875900030136,0.9993226528167725,0.34337615966796875,0.47289273142814636,-0.18554584681987762,0.937677800655365,0.41938334703445435,0.4491609036922455,0.24601955711841583,0.056166697293519974,0.32469412684440613,0.46431609988212585,0.01991056464612484,0.6229107975959778,0.3744741380214691,0.4711269438266754,0.3513587713241577,0.03984588757157326,0.31223779916763306,0.45452991127967834,0.018814435228705406,0.5546006560325623,0.3651076853275299,0.47315946221351624,0.3806070387363434,0.049826644361019135,0.3197430670261383,0.44367024302482605,0.028368210420012474,0.5589388012886047,0.35725367069244385,0.46805810928344727,0.36064809560775757,0.05052048712968826,0.3224053978919983,0.4430561661720276,0.029657647013664246,0.48712366819381714,0.3586462140083313,0.4672755300998688,0.3436979651451111,0.05358287692070007,0.3754924237728119,0.572117030620575,-0.1284772753715515,0.9997482895851135,0.4032106399536133,0.5649980902671814,0.128332257270813,0.9990487694740295,0.3832570016384125,0.7260040640830994,-0.0868178978562355,0.9881013631820679,0.37497928738594055,0.6929234266281128,0.33314818143844604,0.7489978671073914,0.44182124733924866,0.8822954297065735,-0.051186345517635345,0.9923837780952454,0.35490018129348755,0.829791247844696,0.538087010383606,0.9033737778663635,0.4639100134372711,0.9079617857933044,-0.04686480760574341,0.9743853211402893,0.3576934039592743,0.8598959445953369,0.557343065738678,0.8601512312889099,0.4016198515892029,0.9331095814704895,-0.10434886068105698,0.9874541759490967,0.3122347295284271,0.8326168060302734,0.545375645160675,0.9089027047157288
222,0.3250676989555359,0.2862015962600708,0.024669099599123,0.9995812177658081,0.3258184492588043,0.26794010400772095,-0.013575389981269836,0.9996395707130432,0.32618632912635803,0.26736557483673096,-0.013643907383084297,0.9996374249458313,0.32670894265174866,0.26698973774909973,-0.01371773611754179,0.9996130466461182,0.32794392108917236,0.2671237587928772,0.021862510591745377,0.9995646476745605,0.3298024535179138,0.266022264957428,0.02187850885093212,0.9995408058166504,0.3320361375808716,0.2650783360004425,0.021840618923306465,0.999540388584137,0.33629029989242554,0.26888972520828247,-0.12829329073429108,0.999639630317688,0.34464704990386963,0.26567718386650085,0.030925046652555466,0.999298095703125,0.3307521343231201,0.2963181734085083,-0.011567601934075356,0.9994454979896545,0.33296018838882446,0.2967749238014221,0.03437826409935951,0.9992571473121643,0.3568935990333557,0.34352824091911316,-0.23253214359283447,0.9999472498893738,0.40774232149124146,0.3382195830345154,0.10866435617208481,0.9993405342102051,0.3411237597465515,0.47309714555740356,-0.1642940193414688,0.9348707795143127,0.425798237323761,0.4494718313217163,0.22689974308013916,0.0585431307554245,0.31835100054740906,0.4611741602420807,0.06681755185127258,0.5906410813331604,0.38275232911109924,0.46460601687431335,0.3365907073020935,0.03776282072067261,0.30910131335258484,0.4523140490055084,0.07271866500377655,0.5236635208129883,0.3739608824253082,0.4637819230556488,0.3651050329208374,0.04733789339661598,0.31729549169540405,0.4370555281639099,0.08490552008152008,0.5288103818893433,0.3650209605693817,0.45727434754371643,0.34978920221328735,0.0479542538523674,0.3236100375652313,0.4397030472755432,0.07828672230243683,0.46223175525665283,0.36629384756088257,0.4575954079627991,0.3312736451625824,0.050921376794576645,0.3691740036010742,0.5722087621688843,-0.12758654356002808,0.9997612237930298,0.39797136187553406,0.5639354586601257,0.12744009494781494,0.9990924000740051,0.37112802267074585,0.7259433269500732,-0.07055307924747467,0.987882673740387,0.36923351883888245,0.6947296261787415,0.32838279008865356,0.7412835359573364,0.4353378415107727,0.8778102397918701,-0.04334642365574837,0.9924973249435425,0.35515114665031433,0.8300485610961914,0.5341671109199524,0.9027023315429688,0.45843762159347534,0.8959917426109314,-0.0274529866874218,0.9757672548294067,0.3592786490917206,0.8597720861434937,0.5532350540161133,0.8577432632446289,0.4019697606563568,0.9336826801300049,-0.04480734094977379,0.9877312183380127,0.3109745681285858,0.8340863585472107,0.5364648103713989,0.9082357287406921
223,0.32070809602737427,0.28220394253730774,0.0389733724296093,0.9995872974395752,0.3210598826408386,0.26462510228157043,0.0005893205525353551,0.9996450543403625,0.3212119936943054,0.2641512453556061,0.0005218194564804435,0.9996424317359924,0.32151278853416443,0.2638656497001648,0.00044433315633796155,0.9996152520179749,0.3237318992614746,0.26363056898117065,0.033250026404857635,0.9995748400688171,0.3257163166999817,0.26252809166908264,0.03326084837317467,0.9995554685592651,0.3280397653579712,0.261565238237381,0.03324426710605621,0.9995539784431458,0.33056601881980896,0.2662118375301361,-0.11846935749053955,0.9996392130851746,0.34042951464653015,0.26249611377716064,0.031135618686676025,0.9993270039558411,0.3257959485054016,0.29268062114715576,0.002151795197278261,0.9994366765022278,0.3284751772880554,0.2928336560726166,0.04452981799840927,0.999252200126648,0.3479449152946472,0.34428197145462036,-0.2199552059173584,0.9999459981918335,0.40785908699035645,0.3362088203430176,0.1072273850440979,0.9993693828582764,0.33517712354660034,0.47397318482398987,-0.15498663485050201,0.9346445202827454,0.4295576512813568,0.4493805170059204,0.23153798282146454,0.06427296251058578,0.31450149416923523,0.45980021357536316,0.07088838517665863,0.5667245984077454,0.3846016228199005,0.4591234624385834,0.36423808336257935,0.03664851933717728,0.30340611934661865,0.4376762807369232,0.07952165603637695,0.4994422197341919,0.3775988817214966,0.4497683346271515,0.3981110751628876,0.04596731439232826,0.30752867460250854,0.4336169958114624,0.09523118287324905,0.5054745674133301,0.3676688075065613,0.44298478960990906,0.3870895802974701,0.0464484877884388,0.3199708163738251,0.42576441168785095,0.0841435119509697,0.4440205991268158,0.368951678276062,0.4453868567943573,0.36178749799728394,0.04940715432167053,0.3644886314868927,0.5727823972702026,-0.12765470147132874,0.9997772574424744,0.3966124355792999,0.5622608661651611,0.1274682730436325,0.9991498589515686,0.36050084233283997,0.7269465327262878,-0.04296000301837921,0.9875319004058838,0.36308610439300537,0.6932560205459595,0.3308885991573334,0.7163681387901306,0.42828765511512756,0.8747779726982117,-0.027794960886240005,0.9924838542938232,0.3568897843360901,0.8256316781044006,0.46957993507385254,0.897661030292511,0.4508441090583801,0.8855202198028564,-0.019327964633703232,0.9773215651512146,0.35919079184532166,0.8548822999000549,0.4822273254394531,0.8538960218429565,0.4020262658596039,0.9366018772125244,-0.034490350633859634,0.9877154231071472,0.31364166736602783,0.8347733020782471,0.4789721965789795,0.9029852747917175
224,0.31805241107940674,0.2791483700275421,0.041576188057661057,0.9995683431625366,0.3176822364330292,0.2629293203353882,0.0022296435199677944,0.9996243715286255,0.3175821900367737,0.2626417577266693,0.0021646812092512846,0.9996232986450195,0.3175937533378601,0.2625282108783722,0.002082615392282605,0.99958735704422,0.32071518898010254,0.26148468255996704,0.03594879060983658,0.9995583295822144,0.32267969846725464,0.26023781299591064,0.035954996943473816,0.999546229839325,0.3249863386154175,0.2591489851474762,0.035931047052145004,0.9995414614677429,0.32528701424598694,0.2654785215854645,-0.11888632923364639,0.9996146559715271,0.33700066804885864,0.26057112216949463,0.03141189366579056,0.9993279576301575,0.3226229250431061,0.2898097634315491,0.004134034737944603,0.9993883371353149,0.3256995975971222,0.2895142138004303,0.04784085974097252,0.9992049932479858,0.34326082468032837,0.3447771370410919,-0.22083108127117157,0.9999414086341858,0.4033374786376953,0.3334164023399353,0.111580029129982,0.9993935823440552,0.3375605642795563,0.4744015336036682,-0.16211745142936707,0.9330395460128784,0.42791733145713806,0.44789421558380127,0.24829497933387756,0.06676334887742996,0.30594679713249207,0.4474632441997528,0.06483224034309387,0.5450792908668518,0.38049814105033875,0.45353594422340393,0.3871981203556061,0.03580160811543465,0.29383012652397156,0.4307129681110382,0.07454580068588257,0.4783930480480194,0.37241441011428833,0.4462133049964905,0.42299190163612366,0.04524312540888786,0.30003827810287476,0.4302304983139038,0.0919022485613823,0.4849008023738861,0.3626817762851715,0.4390850365161896,0.411221981048584,0.04558800905942917,0.3109898567199707,0.4188154637813568,0.07918628305196762,0.4275118410587311,0.36393502354621887,0.44141265749931335,0.3846960663795471,0.04856076464056969,0.3579876720905304,0.5721127986907959,-0.1291675716638565,0.999789297580719,0.39049032330513,0.5613521337509155,0.12893980741500854,0.9991970658302307,0.3479926884174347,0.7256765365600586,-0.04309012368321419,0.9876242876052856,0.35934749245643616,0.6922699809074402,0.3294358551502228,0.7063062191009521,0.41612640023231506,0.8664353489875793,-0.03547072783112526,0.9926180839538574,0.3562754988670349,0.8233619332313538,0.44628605246543884,0.8962422609329224,0.44006556272506714,0.875776469707489,-0.029432514682412148,0.9789512753486633,0.3595501184463501,0.8508195877075195,0.45754605531692505,0.8540211915969849,0.39468082785606384,0.9310262799263,-0.040283869951963425,0.9877570867538452,0.31572237610816956,0.8372033834457397,0.4538576602935791,0.8989339470863342
225,0.31463396549224854,0.2784436047077179,0.06191149353981018,0.9995096921920776,0.31385481357574463,0.26257580518722534,0.022789407521486282,0.9995638132095337,0.31363558769226074,0.2623513340950012,0.022737780585885048,0.999562680721283,0.313540518283844,0.2622971832752228,0.02264517731964588,0.9995114803314209,0.3172265291213989,0.26089030504226685,0.05536477640271187,0.9995057582855225,0.3193223476409912,0.25946342945098877,0.055360712110996246,0.9995026588439941,0.32178276777267456,0.2581981122493744,0.05532114952802658,0.9994967579841614,0.320925772190094,0.2651371359825134,-0.0996326357126236,0.9995377659797668,0.33370834589004517,0.25948312878608704,0.046291254460811615,0.9992882609367371,0.31940728425979614,0.28901880979537964,0.024200402200222015,0.9992349743843079,0.3228030800819397,0.28845298290252686,0.06655421853065491,0.9990648031234741,0.3382553160190582,0.34442269802093506,-0.20585589110851288,0.999933660030365,0.4001172184944153,0.33139148354530334,0.11914081871509552,0.9994107484817505,0.3337346613407135,0.47427672147750854,-0.16029894351959229,0.9293842315673828,0.42661675810813904,0.44715988636016846,0.24892346560955048,0.07164819538593292,0.2979443073272705,0.44610899686813354,0.05361077934503555,0.5175164341926575,0.38181036710739136,0.44812247157096863,0.38334891200065613,0.03483093902468681,0.28461748361587524,0.4311700165271759,0.0630202516913414,0.4530048668384552,0.37534821033477783,0.4395633339881897,0.42075371742248535,0.04397761821746826,0.2944437861442566,0.41773220896720886,0.08254092931747437,0.45980268716812134,0.36551469564437866,0.43204882740974426,0.4113030433654785,0.044177498668432236,0.30290138721466064,0.4187302589416504,0.06824933737516403,0.4058162569999695,0.36616575717926025,0.43501415848731995,0.38190096616744995,0.04709379002451897,0.3534027934074402,0.5682255029678345,-0.13091768324375153,0.9997925758361816,0.3873979449272156,0.5582273006439209,0.13067731261253357,0.9992242455482483,0.33963513374328613,0.7208858728408813,-0.0606696791946888,0.9874899387359619,0.3579771816730499,0.6920381188392639,0.2951560318470001,0.6933503150939941,0.4064665734767914,0.8623472452163696,-0.06511931121349335,0.9926276206970215,0.3552493155002594,0.8244084715843201,0.3801184296607971,0.8933811187744141,0.43110984563827515,0.8701819777488708,-0.059911370277404785,0.980402946472168,0.36011433601379395,0.8522303700447083,0.3882743716239929,0.853187084197998,0.38129934668540955,0.9198116660118103,-0.06437855213880539,0.9876219034194946,0.31640785932540894,0.8402622938156128,0.38086259365081787,0.8920543193817139
226,0.3138200044631958,0.2770443260669708,0.06588380038738251,0.9994295835494995,0.3123646378517151,0.2617057263851166,0.02689904347062111,0.9994910359382629,0.3119681477546692,0.26155784726142883,0.026864703744649887,0.999476432800293,0.3116712272167206,0.26159828901290894,0.026782190427184105,0.9994145631790161,0.31593361496925354,0.25989946722984314,0.060669876635074615,0.9994329214096069,0.3180369734764099,0.25843462347984314,0.060658086091279984,0.9994277954101562,0.3204107880592346,0.25713273882865906,0.060606759041547775,0.9994347095489502,0.31856977939605713,0.26447540521621704,-0.09816726297140121,0.9994359612464905,0.3316895067691803,0.25828805565834045,0.05303897708654404,0.9992403984069824,0.31814199686050415,0.2873953580856323,0.026447758078575134,0.9990707039833069,0.3214842677116394,0.2864270806312561,0.07046078890562057,0.9989340305328369,0.33490413427352905,0.34247463941574097,-0.2042355090379715,0.9999263286590576,0.3995591700077057,0.3296210467815399,0.12716183066368103,0.9994266629219055,0.32914406061172485,0.46808069944381714,-0.1658371388912201,0.9263333082199097,0.4231739640235901,0.4437423646450043,0.2605023980140686,0.07477234303951263,0.2946418821811676,0.44695746898651123,0.03222262114286423,0.4994511008262634,0.3769837021827698,0.44005241990089417,0.4029800295829773,0.0346960611641407,0.2763385772705078,0.4330102801322937,0.041647154837846756,0.4369148313999176,0.37163177132606506,0.43010514974594116,0.44288307428359985,0.04387260973453522,0.28196588158607483,0.42010095715522766,0.0731581449508667,0.4440653920173645,0.36110812425613403,0.42293688654899597,0.4296409487724304,0.043906837701797485,0.28988534212112427,0.42102015018463135,0.048720140010118484,0.39182764291763306,0.3616930842399597,0.42676761746406555,0.40040454268455505,0.04696414992213249,0.3503761887550354,0.5633609890937805,-0.13149869441986084,0.9997851252555847,0.38533729314804077,0.5537347793579102,0.13129186630249023,0.9992239475250244,0.3307148814201355,0.7143306136131287,-0.0642322227358818,0.9846113920211792,0.3599224090576172,0.6904427409172058,0.25993427634239197,0.6537343263626099,0.3899376690387726,0.8592941761016846,-0.0565878264605999,0.9913693070411682,0.3532731235027313,0.8227178454399109,0.32759660482406616,0.8681887984275818,0.41337448358535767,0.8696812987327576,-0.050802331417798996,0.9807682633399963,0.36042913794517517,0.85120689868927,0.333824098110199,0.8344559669494629,0.35909801721572876,0.9121628403663635,-0.05683005601167679,0.9863393902778625,0.3174985945224762,0.8428258299827576,0.3264434337615967,0.8705412745475769
227,0.3127649426460266,0.2748819887638092,0.06733181327581406,0.9994125366210938,0.310936838388443,0.26001638174057007,0.028189361095428467,0.9994675517082214,0.3103397488594055,0.25999030470848083,0.028177788481116295,0.9994439482688904,0.3098266124725342,0.26018279790878296,0.028115520253777504,0.9993764162063599,0.3148048520088196,0.258107990026474,0.06113442778587341,0.9994105100631714,0.31690794229507446,0.25666797161102295,0.06112353876233101,0.9994054436683655,0.3192625939846039,0.2553953528404236,0.06107652187347412,0.9994221329689026,0.31575340032577515,0.26367196440696716,-0.09681345522403717,0.9993903040885925,0.3301374018192291,0.25702595710754395,0.05149684473872185,0.9992467164993286,0.3163054585456848,0.28529414534568787,0.02772718109190464,0.9990252256393433,0.3197806179523468,0.2840825617313385,0.07058634608983994,0.9989275932312012,0.3261926770210266,0.34269973635673523,-0.2011982649564743,0.9999212026596069,0.3986831307411194,0.32795825600624084,0.1258619874715805,0.999454915523529,0.31682148575782776,0.4628681242465973,-0.1632467806339264,0.92635178565979,0.41838541626930237,0.43960124254226685,0.2562679946422577,0.08517977595329285,0.29127684235572815,0.4412425458431244,0.02824627421796322,0.48813626170158386,0.36850303411483765,0.4334878921508789,0.40142202377319336,0.036948204040527344,0.2779933512210846,0.42776623368263245,0.03645928204059601,0.4258577823638916,0.3626152276992798,0.4229313135147095,0.44157901406288147,0.04612698033452034,0.2833487391471863,0.4169207215309143,0.06500355154275894,0.433277428150177,0.3530615568161011,0.41751089692115784,0.42730799317359924,0.04594235122203827,0.2882745862007141,0.419932097196579,0.04286916181445122,0.3835318982601166,0.3542361557483673,0.4216611981391907,0.39883601665496826,0.04934204742312431,0.34441787004470825,0.5599056482315063,-0.13070695102214813,0.9997473955154419,0.3838167190551758,0.5522002577781677,0.1305692493915558,0.9991773962974548,0.32094836235046387,0.7091283202171326,-0.06478814035654068,0.9811652302742004,0.3614845871925354,0.6908365488052368,0.2099497765302658,0.6201133728027344,0.37124496698379517,0.8523076772689819,-0.05156707018613815,0.9895996451377869,0.3515584170818329,0.8231804966926575,0.237311452627182,0.8457043766975403,0.39187008142471313,0.8654246926307678,-0.04571882262825966,0.9808717966079712,0.36212480068206787,0.8514879941940308,0.2386506348848343,0.8213377594947815,0.34187281131744385,0.9005894064903259,-0.04300738871097565,0.9843286871910095,0.3180982172489166,0.8497475385665894,0.22567300498485565,0.8507383465766907
228,0.31156399846076965,0.27246010303497314,0.06528769433498383,0.9993287324905396,0.30948781967163086,0.25840097665786743,0.024440255016088486,0.9993727207183838,0.30857589840888977,0.2585696876049042,0.02441987954080105,0.9993492960929871,0.30771005153656006,0.25898271799087524,0.024361878633499146,0.9992631077766418,0.31392529606819153,0.256367564201355,0.0555071122944355,0.9993249773979187,0.31614363193511963,0.2550068199634552,0.05549853295087814,0.9993343949317932,0.3187355101108551,0.2537941634654999,0.055447906255722046,0.9993538856506348,0.31231924891471863,0.26345646381378174,-0.10184911638498306,0.999248206615448,0.3293937146663666,0.2562468647956848,0.036253489553928375,0.9991849064826965,0.3138316571712494,0.28358885645866394,0.025809461250901222,0.9988446235656738,0.31817126274108887,0.28213992714881897,0.06603581458330154,0.9987927079200745,0.31607168912887573,0.3436720073223114,-0.20373599231243134,0.9999071359634399,0.3989102244377136,0.32737019658088684,0.10016999393701553,0.9994405508041382,0.307442843914032,0.46022123098373413,-0.1506756842136383,0.9230586290359497,0.4205254018306732,0.4367285370826721,0.24899056553840637,0.10035181045532227,0.2914973199367523,0.43861839175224304,0.04566336050629616,0.4654056429862976,0.37298035621643066,0.426371693611145,0.4042794704437256,0.038910407572984695,0.28301289677619934,0.4250006377696991,0.057147908955812454,0.40644359588623047,0.3656677007675171,0.4115407168865204,0.44559741020202637,0.048139359802007675,0.2882997393608093,0.4157087504863739,0.07268442213535309,0.4140847325325012,0.3566434979438782,0.406906396150589,0.4353829324245453,0.04776186868548393,0.29208141565322876,0.4198002815246582,0.05781670659780502,0.3685224652290344,0.3579142689704895,0.41158750653266907,0.40408849716186523,0.05142546072602272,0.33869469165802,0.5596674680709839,-0.12513691186904907,0.9997143745422363,0.3818672001361847,0.552243173122406,0.1250046193599701,0.9990793466567993,0.3147065341472626,0.7047523856163025,-0.019713517278432846,0.9800827503204346,0.3624625504016876,0.6882127523422241,0.2540586292743683,0.6063341498374939,0.355704128742218,0.8482751846313477,-0.03585689887404442,0.9888651967048645,0.35305890440940857,0.8182833790779114,0.31349921226501465,0.8356507420539856,0.37636858224868774,0.8670452237129211,-0.03407856449484825,0.981322705745697,0.36318540573120117,0.8396921753883362,0.31829801201820374,0.817561686038971,0.32726675271987915,0.8890596628189087,-0.02299061417579651,0.9825452566146851,0.3199574053287506,0.8491622805595398,0.32064616680145264,0.8384450078010559
229,0.31065353751182556,0.27004799246788025,0.06112783029675484,0.9992786645889282,0.3088569939136505,0.2564370632171631,0.020076310262084007,0.9993143081665039,0.30783480405807495,0.25679224729537964,0.02004879154264927,0.9992985725402832,0.30682891607284546,0.2574262022972107,0.019993208348751068,0.9992006421089172,0.3133240342140198,0.2542576193809509,0.051003504544496536,0.9992871284484863,0.3155822157859802,0.2529580891132355,0.050998471677303314,0.9993088841438293,0.31818675994873047,0.2518281042575836,0.050947487354278564,0.9993250966072083,0.3106173872947693,0.2630213797092438,-0.10417531430721283,0.9991526007652283,0.328323096036911,0.25516825914382935,0.023818522691726685,0.9991519451141357,0.31214243173599243,0.28211912512779236,0.02299223281443119,0.9987190365791321,0.31691163778305054,0.2804722785949707,0.062044840306043625,0.9987128376960754,0.3099972605705261,0.3447580635547638,-0.20316526293754578,0.9998733401298523,0.3982832729816437,0.32732194662094116,0.0880594328045845,0.9993801712989807,0.2989974617958069,0.4600341022014618,-0.1337827444076538,0.9200008511543274,0.4198453426361084,0.43611252307891846,0.24855534732341766,0.11192604154348373,0.2866172194480896,0.43780213594436646,0.08122044801712036,0.44607609510421753,0.374208927154541,0.4240851402282715,0.41375669836997986,0.040143754333257675,0.2790570557117462,0.4241425395011902,0.09528641402721405,0.38877347111701965,0.3625747263431549,0.40970608592033386,0.4552675783634186,0.049281079322099686,0.2841922640800476,0.41673409938812256,0.10470305383205414,0.39621642231941223,0.358961284160614,0.41156426072120667,0.44669508934020996,0.04883098974823952,0.28776559233665466,0.41965821385383606,0.09215711057186127,0.35428887605667114,0.36017343401908875,0.41276437044143677,0.41474008560180664,0.052665069699287415,0.3363330066204071,0.5573294162750244,-0.11448105424642563,0.9996204376220703,0.38006746768951416,0.5505965352058411,0.1143653616309166,0.9988590478897095,0.3113124966621399,0.6970230340957642,-0.004856367129832506,0.9806265234947205,0.36310118436813354,0.6850218176841736,0.25259023904800415,0.6247521042823792,0.342976450920105,0.843046247959137,0.030479978770017624,0.9885089993476868,0.35412919521331787,0.8164523839950562,0.34278833866119385,0.8393042087554932,0.3581368923187256,0.8657304644584656,0.0373399555683136,0.9819127321243286,0.36390164494514465,0.8411349654197693,0.35213467478752136,0.8224015831947327,0.3157769441604614,0.8796952962875366,0.036410678178071976,0.9798215627670288,0.32244792580604553,0.8444196581840515,0.3550562560558319,0.8316768407821655
230,0.3125706911087036,0.26642316579818726,0.09460733085870743,0.9991578459739685,0.3106429874897003,0.25355133414268494,0.051074713468551636,0.999169111251831,0.3093717694282532,0.2541867792606354,0.05103187635540962,0.9991665482521057,0.30799034237861633,0.25515690445899963,0.050962042063474655,0.9990567564964294,0.3154776692390442,0.25110766291618347,0.07256755232810974,0.9991875290870667,0.3178006410598755,0.24991248548030853,0.07255038619041443,0.9992273449897766,0.32050174474716187,0.248928964138031,0.07244317978620529,0.9992445111274719,0.30970340967178345,0.26247408986091614,-0.07933029532432556,0.9989904165267944,0.33041781187057495,0.2535354793071747,0.01955207996070385,0.9990350604057312,0.31313854455947876,0.2792382538318634,0.055751733481884,0.9984310269355774,0.3185775876045227,0.2771202325820923,0.0826992467045784,0.9984815716743469,0.30133965611457825,0.34617769718170166,-0.176611989736557,0.9997681379318237,0.39808714389801025,0.3272985816001892,0.06950949877500534,0.99919593334198,0.292201429605484,0.46110090613365173,-0.09562282264232635,0.9138624668121338,0.4191284775733948,0.4373299479484558,0.20678195357322693,0.14185374975204468,0.2873958647251129,0.43620938062667847,0.1131884828209877,0.4163849353790283,0.3756837248802185,0.4260590374469757,0.38724082708358765,0.04185476526618004,0.28152135014533997,0.42331913113594055,0.12790344655513763,0.36191651225090027,0.363633930683136,0.4137309193611145,0.4234386384487152,0.05036656931042671,0.2892075479030609,0.4109944999217987,0.1353035271167755,0.36877062916755676,0.359953910112381,0.4142696261405945,0.41241341829299927,0.049789052456617355,0.2938808798789978,0.41556575894355774,0.12298703193664551,0.3311600387096405,0.36091166734695435,0.4147791266441345,0.3849693536758423,0.05344711244106293,0.3309723436832428,0.5545130968093872,-0.10124719142913818,0.9993020296096802,0.378336638212204,0.5488168597221375,0.10118068754673004,0.9983478784561157,0.3068945109844208,0.691832959651947,0.0010113544994965196,0.9813640713691711,0.36223262548446655,0.6852308511734009,0.20496483147144318,0.6514164209365845,0.3331066966056824,0.8428731560707092,0.07558022439479828,0.9876449108123779,0.3546459674835205,0.8189674615859985,0.284002423286438,0.8460819721221924,0.3452768623828888,0.8665298223495483,0.086417555809021,0.9823685884475708,0.363945871591568,0.8440272808074951,0.29233404994010925,0.8303454518318176,0.3074840009212494,0.8721481561660767,0.08749033510684967,0.97322678565979,0.32827895879745483,0.8454369306564331,0.2871202528476715,0.8196128010749817
231,0.31341874599456787,0.2606793940067291,0.12498502433300018,0.9990511536598206,0.31122100353240967,0.24792198836803436,0.08015952259302139,0.9990084171295166,0.3097880184650421,0.2486487478017807,0.08011437952518463,0.999031126499176,0.30819106101989746,0.24977150559425354,0.08003668487071991,0.9989131689071655,0.31641048192977905,0.24572212994098663,0.09833242744207382,0.9990880489349365,0.31893518567085266,0.24474093317985535,0.09830741584300995,0.9991471767425537,0.3217654824256897,0.24400755763053894,0.09817797690629959,0.9991605877876282,0.30869776010513306,0.25888729095458984,-0.05577223747968674,0.9988299608230591,0.3315705358982086,0.24997779726982117,0.023284047842025757,0.9988924264907837,0.313521146774292,0.27437782287597656,0.0847465842962265,0.9981440305709839,0.3193712532520294,0.2723464369773865,0.10728208720684052,0.9982517957687378,0.2968570291996002,0.3459492325782776,-0.15498539805412292,0.9996432662010193,0.39646008610725403,0.3260008990764618,0.06732718646526337,0.9989417791366577,0.2884499430656433,0.4614924490451813,-0.06718309223651886,0.9118714928627014,0.41824427247047424,0.4370840787887573,0.19726896286010742,0.18633466958999634,0.2865658402442932,0.43849146366119385,0.15122592449188232,0.38440150022506714,0.37658149003982544,0.4238971471786499,0.37783509492874146,0.04208868741989136,0.28246837854385376,0.4321139454841614,0.16868148744106293,0.3336412012577057,0.36665481328964233,0.41354572772979736,0.41297978162765503,0.04991106688976288,0.29112160205841064,0.4167120158672333,0.17348316311836243,0.3398127257823944,0.36063963174819946,0.4135843515396118,0.4036797881126404,0.049236830323934555,0.29586800932884216,0.42049673199653625,0.16011452674865723,0.305986225605011,0.36162659525871277,0.41376549005508423,0.37589031457901,0.052590638399124146,0.32670164108276367,0.5507780313491821,-0.091292604804039,0.9989461898803711,0.3774262070655823,0.5458710193634033,0.0912909209728241,0.9978615045547485,0.30400440096855164,0.6843236684799194,0.002744472585618496,0.9821564555168152,0.3617359399795532,0.6854707598686218,0.1865423172712326,0.6797658801078796,0.32197943329811096,0.8379027247428894,0.0773739144206047,0.9864811897277832,0.3537134826183319,0.821243941783905,0.2575651705265045,0.8541787266731262,0.33253803849220276,0.8634896874427795,0.08774032443761826,0.9826834797859192,0.3606117367744446,0.8484398722648621,0.2652674913406372,0.8407462239265442,0.2932507395744324,0.8620226979255676,0.0877416655421257,0.9627174735069275,0.328046977519989,0.8450505137443542,0.2596505284309387,0.8055118918418884
232,0.31382834911346436,0.25629302859306335,0.12414850294589996,0.9990482926368713,0.311222106218338,0.2439402937889099,0.07921594381332397,0.998970627784729,0.3095027506351471,0.24466559290885925,0.07917453348636627,0.9990163445472717,0.3076077401638031,0.24575449526309967,0.07909833639860153,0.9988874793052673,0.3170827329158783,0.24178999662399292,0.09549079835414886,0.9990872144699097,0.3197288513183594,0.2409021258354187,0.0954703763127327,0.9991609454154968,0.3226487636566162,0.24025367200374603,0.09534816443920135,0.999161422252655,0.3073851764202118,0.25487688183784485,-0.05453834682703018,0.9988141059875488,0.33238568902015686,0.2467992603778839,0.017483873292803764,0.9988893866539001,0.31342703104019165,0.2702485918998718,0.08545411378145218,0.9980530738830566,0.31991279125213623,0.26837459206581116,0.1055447906255722,0.9981933236122131,0.2921944260597229,0.34450432658195496,-0.14023606479167938,0.9995483160018921,0.3945285677909851,0.32495155930519104,0.04688860476016998,0.9988139271736145,0.28368112444877625,0.459783136844635,-0.0269327312707901,0.906252920627594,0.41605108976364136,0.43531960248947144,0.1762123852968216,0.24205288290977478,0.2890875041484833,0.4400724470615387,0.20781774818897247,0.35075047612190247,0.3771456778049469,0.42129045724868774,0.3623378872871399,0.0428507998585701,0.28432875871658325,0.438994437456131,0.2289808988571167,0.304749995470047,0.37442201375961304,0.413161963224411,0.3990826904773712,0.050097063183784485,0.29160329699516296,0.4246116578578949,0.22977657616138458,0.31030696630477905,0.3613754212856293,0.4115285575389862,0.3979656398296356,0.04932389408349991,0.29748088121414185,0.42639046907424927,0.21566931903362274,0.28000205755233765,0.36211055517196655,0.41144782304763794,0.36647531390190125,0.05219434201717377,0.3223749101161957,0.5487573146820068,-0.07866619527339935,0.9987543225288391,0.3757743537425995,0.5441710352897644,0.0786302238702774,0.997623860836029,0.30118781328201294,0.6832601428031921,0.011812625452876091,0.9833939075469971,0.3597698509693146,0.6859495043754578,0.18616007268428802,0.7093024253845215,0.31192463636398315,0.8343355655670166,0.07990749180316925,0.9861307740211487,0.3514786958694458,0.821785032749176,0.256724089384079,0.8647626638412476,0.31966039538383484,0.8594599366188049,0.0893864706158638,0.9833061099052429,0.3550277352333069,0.850103497505188,0.2649439573287964,0.8529657125473022,0.28559380769729614,0.8480115532875061,0.09163287281990051,0.9517691135406494,0.32769542932510376,0.8383877873420715,0.26418015360832214,0.7957943081855774
233,0.3146419823169708,0.25252565741539,0.1317547857761383,0.9990212917327881,0.312043160200119,0.24038849771022797,0.08703842014074326,0.9989006519317627,0.31025251746177673,0.24096722900867462,0.08700688183307648,0.998968243598938,0.3082122504711151,0.2419271022081375,0.08693353086709976,0.9988255500793457,0.3177938759326935,0.2386251538991928,0.0996459573507309,0.9990648627281189,0.3202989995479584,0.23788107931613922,0.09962766617536545,0.9991528391838074,0.32305702567100525,0.23737920820713043,0.09950900822877884,0.9991382956504822,0.30727651715278625,0.25098472833633423,-0.04602295160293579,0.9987752437591553,0.3331449031829834,0.24406933784484863,0.01108658779412508,0.9988698363304138,0.31426674127578735,0.2663790285587311,0.09393998980522156,0.9979626536369324,0.32084140181541443,0.2643653154373169,0.10946214199066162,0.9981396198272705,0.28930220007896423,0.3410750925540924,-0.1218482106924057,0.9994668960571289,0.39239758253097534,0.324524462223053,0.02432294934988022,0.9987117052078247,0.2781749963760376,0.45885002613067627,-0.0016811874229460955,0.896838366985321,0.4127146303653717,0.43438902497291565,0.14776715636253357,0.294437438249588,0.2916628122329712,0.44476979970932007,0.22215580940246582,0.31894269585609436,0.37722474336624146,0.4241562783718109,0.3288229703903198,0.042428866028785706,0.29208582639694214,0.452301025390625,0.24036796391010284,0.2775002121925354,0.3781655430793762,0.4221874475479126,0.3615218698978424,0.048996783792972565,0.3012217879295349,0.4396008849143982,0.23889605700969696,0.28250813484191895,0.3615123927593231,0.41397857666015625,0.35872647166252136,0.04823414236307144,0.3038053810596466,0.44104114174842834,0.22801926732063293,0.2553849220275879,0.36259034276008606,0.41430869698524475,0.3324472904205322,0.05081438645720482,0.3184877634048462,0.5488119125366211,-0.06288251280784607,0.9986196160316467,0.3733530640602112,0.5444929599761963,0.062820665538311,0.9974489808082581,0.2999899983406067,0.6847077012062073,0.05360773205757141,0.9842323064804077,0.35689476132392883,0.6898820996284485,0.19576765596866608,0.7353487610816956,0.3018731474876404,0.8311387896537781,0.1494506448507309,0.9850769639015198,0.3492099642753601,0.8231930136680603,0.29292795062065125,0.8736920356750488,0.3053572475910187,0.854784369468689,0.16177985072135925,0.9832642078399658,0.3510279953479767,0.8507157564163208,0.30370602011680603,0.8638947606086731,0.27785414457321167,0.8421011567115784,0.16400717198848724,0.9342703223228455,0.32745078206062317,0.8354976177215576,0.30164679884910583,0.781649112701416
234,0.3151186406612396,0.25075727701187134,0.1462772637605667,0.9990212321281433,0.31223294138908386,0.2386801689863205,0.1020684465765953,0.9988753795623779,0.31031835079193115,0.2391345351934433,0.10203716903924942,0.9989573955535889,0.30817949771881104,0.2399638593196869,0.10196099430322647,0.9988114833831787,0.318236380815506,0.23713897168636322,0.11304526031017303,0.9990689158439636,0.32076913118362427,0.23647840321063995,0.11302894353866577,0.9991652965545654,0.32353657484054565,0.23605915904045105,0.11291976273059845,0.9991417527198792,0.3069094717502594,0.24870452284812927,-0.030062785372138023,0.9987903833389282,0.3332970142364502,0.2426558881998062,0.01531812734901905,0.9988856911659241,0.3140171766281128,0.26459208130836487,0.1089683547616005,0.9979547262191772,0.32106488943099976,0.26267683506011963,0.1224740594625473,0.9981511235237122,0.28649061918258667,0.33765676617622375,-0.10151064395904541,0.999419093132019,0.39003098011016846,0.32371026277542114,0.02991236187517643,0.9986734986305237,0.27405112981796265,0.4578927159309387,0.02034180611371994,0.8892583847045898,0.41046643257141113,0.4339674413204193,0.1542881727218628,0.343759149312973,0.29335129261016846,0.4492817223072052,0.2465546578168869,0.2902623414993286,0.3744673430919647,0.425908625125885,0.3349408805370331,0.04222911223769188,0.29264944791793823,0.4574340581893921,0.2650299072265625,0.25289681553840637,0.36934179067611694,0.4263899028301239,0.3677445352077484,0.048097435384988785,0.30194923281669617,0.44533997774124146,0.2643446624279022,0.25737977027893066,0.36053624749183655,0.42217257618904114,0.3633479177951813,0.047311414033174515,0.30393534898757935,0.44727686047554016,0.2525821328163147,0.23309309780597687,0.3614313006401062,0.41477692127227783,0.3376983404159546,0.04964501038193703,0.315293550491333,0.5452516078948975,-0.055092401802539825,0.9985345602035522,0.37088334560394287,0.5416415333747864,0.05505622550845146,0.9973546862602234,0.29815465211868286,0.6825263500213623,0.05221061035990715,0.984875500202179,0.3554718494415283,0.6899978518486023,0.18221570551395416,0.7589610815048218,0.29558104276657104,0.8275620937347412,0.1472250074148178,0.98347407579422,0.3472779095172882,0.8240607380867004,0.274627149105072,0.8815873861312866,0.298234760761261,0.8499051332473755,0.1594436913728714,0.9827597737312317,0.34734469652175903,0.8511224985122681,0.2854771018028259,0.8738300204277039,0.25775960087776184,0.8287438154220581,0.16299542784690857,0.9137040972709656,0.3273347318172455,0.8327950239181519,0.2831072509288788,0.7658886909484863
235,0.31527796387672424,0.2488645762205124,0.14871273934841156,0.9990629553794861,0.3126143217086792,0.23704741895198822,0.10571100562810898,0.9989132285118103,0.3106689155101776,0.2374671846628189,0.10568364709615707,0.9989993572235107,0.3085366487503052,0.23822663724422455,0.10559932887554169,0.9988584518432617,0.31842806935310364,0.23587733507156372,0.1151948943734169,0.9991109371185303,0.32095807790756226,0.23539544641971588,0.1151808649301529,0.9992063641548157,0.32373735308647156,0.23514528572559357,0.11509206146001816,0.9991783499717712,0.30711591243743896,0.24717898666858673,-0.024070048704743385,0.9988561272621155,0.3335990905761719,0.24211485683918,0.01662355102598667,0.9989492297172546,0.314526230096817,0.26268455386161804,0.11242736876010895,0.9980441331863403,0.3214682638645172,0.2611149251461029,0.1240261048078537,0.9982452988624573,0.2836790680885315,0.3336583077907562,-0.09018858522176743,0.9994049668312073,0.3873749375343323,0.3228696882724762,0.017999285832047462,0.9987039566040039,0.2697640359401703,0.45496585965156555,0.038513705134391785,0.887203574180603,0.4062822759151459,0.43401363492012024,0.15274487435817719,0.3881987929344177,0.2940607964992523,0.44947198033332825,0.27656981348991394,0.2649921178817749,0.3737777769565582,0.4265653192996979,0.3492603302001953,0.04121767729520798,0.29258501529693604,0.4561021029949188,0.29671502113342285,0.23116561770439148,0.3711031973361969,0.43729278445243835,0.38180580735206604,0.046444788575172424,0.3019375205039978,0.44435247778892517,0.29576918482780457,0.235167995095253,0.36062535643577576,0.42431050539016724,0.38132768869400024,0.045690666884183884,0.30379825830459595,0.446706622838974,0.28262999653816223,0.2134462147951126,0.36136594414711,0.41890668869018555,0.35494887828826904,0.047977324575185776,0.311048299074173,0.5416077375411987,-0.04114365205168724,0.9985328912734985,0.3676024079322815,0.538771390914917,0.04106854274868965,0.9974198937416077,0.2972087264060974,0.6763691306114197,0.11028170585632324,0.9852582812309265,0.35423269867897034,0.6878970861434937,0.19387631118297577,0.7809650897979736,0.2949099838733673,0.8180429339408875,0.24329689145088196,0.9810126423835754,0.346401184797287,0.823597252368927,0.29131001234054565,0.8894593119621277,0.2973061203956604,0.8433387875556946,0.2603652775287628,0.9813787937164307,0.3454383313655853,0.8503456711769104,0.3144691288471222,0.8831409811973572,0.27468687295913696,0.8143617510795593,0.2771718204021454,0.8871369361877441,0.33789539337158203,0.8255890607833862,0.32290756702423096,0.7520456910133362
236,0.31544503569602966,0.24639646708965302,0.15113313496112823,0.9990918040275574,0.3123447299003601,0.23511572182178497,0.10840076208114624,0.9989347457885742,0.3102348744869232,0.23551815748214722,0.1083749383687973,0.9990239143371582,0.3079959750175476,0.23623204231262207,0.10830701887607574,0.9988867044448853,0.3185679316520691,0.23415008187294006,0.11821277439594269,0.9991404414176941,0.321119487285614,0.2337665855884552,0.11820473521947861,0.9992349743843079,0.3239274024963379,0.23359225690364838,0.1181102767586708,0.999204158782959,0.30615609884262085,0.244904562830925,-0.020701510831713676,0.9988948702812195,0.3333638310432434,0.24052029848098755,0.016764722764492035,0.9989935159683228,0.31396400928497314,0.25983843207359314,0.11464718729257584,0.9980994462966919,0.3212730586528778,0.2585720419883728,0.12673258781433105,0.9983178377151489,0.28152602910995483,0.3300556242465973,-0.09044021368026733,0.9993806481361389,0.38441500067710876,0.3207889497280121,0.020214539021253586,0.998724102973938,0.2662273645401001,0.45158472657203674,0.0156722292304039,0.8882346153259277,0.4022546410560608,0.432407945394516,0.14849016070365906,0.42414602637290955,0.29099276661872864,0.4490755796432495,0.23237359523773193,0.24304018914699554,0.3668425381183624,0.4267771542072296,0.3495888113975525,0.03964558243751526,0.28963595628738403,0.45378395915031433,0.2494194060564041,0.21205343306064606,0.3673805594444275,0.43961459398269653,0.3823123872280121,0.04431511461734772,0.2983631491661072,0.44204410910606384,0.25171253085136414,0.21561236679553986,0.3549947738647461,0.4259825050830841,0.3816854953765869,0.04358553886413574,0.29977041482925415,0.44535109400749207,0.23919232189655304,0.1960940659046173,0.3554604947566986,0.4211142957210541,0.3549255132675171,0.04590485617518425,0.30760306119918823,0.5358553528785706,-0.03818149119615555,0.998434841632843,0.3645005524158478,0.5332599878311157,0.03809693455696106,0.9973925948143005,0.2962789833545685,0.6737729907035828,0.08731235563755035,0.9854575991630554,0.3522492051124573,0.6831195950508118,0.1690702885389328,0.8008241653442383,0.29243290424346924,0.8146607279777527,0.18699893355369568,0.9795784950256348,0.34620845317840576,0.8228033185005188,0.2605941891670227,0.8971293568611145,0.294497549533844,0.8391230702400208,0.19970367848873138,0.9803735017776489,0.34553685784339905,0.8498084545135498,0.2728531062602997,0.8916147351264954,0.2744985818862915,0.8103737235069275,0.2102711945772171,0.8706530928611755,0.340938538312912,0.824194073677063,0.27374568581581116,0.7461386919021606
237,0.31546923518180847,0.24512512981891632,0.15225596725940704,0.999086320400238,0.31210240721702576,0.23396658897399902,0.11036153882741928,0.9989174008369446,0.3099014163017273,0.23435963690280914,0.11033861339092255,0.9990090727806091,0.30758461356163025,0.23505637049674988,0.11027771234512329,0.9988735318183899,0.3185153603553772,0.233088418841362,0.11867544800043106,0.9991471767425537,0.32106342911720276,0.2327171415090561,0.11866531521081924,0.9992437362670898,0.323911190032959,0.23256884515285492,0.11855956166982651,0.999212384223938,0.30535808205604553,0.24360409379005432,-0.01455147285014391,0.9989038705825806,0.3329458236694336,0.2396889477968216,0.017798548564314842,0.9990199208259583,0.3135164678096771,0.2584175169467926,0.11730015277862549,0.9980841875076294,0.32085275650024414,0.2574405074119568,0.12758773565292358,0.9983457922935486,0.28000062704086304,0.3269559144973755,-0.06960134953260422,0.9993118643760681,0.382119357585907,0.3188874423503876,0.010803017765283585,0.9987568855285645,0.2658328413963318,0.4467300772666931,0.04528209939599037,0.8830524682998657,0.3998161256313324,0.4310002326965332,0.13259395956993103,0.4561724364757538,0.28276580572128296,0.44108816981315613,0.2666268050670624,0.22310668230056763,0.3646356761455536,0.42499616742134094,0.33813390135765076,0.03977750986814499,0.28468453884124756,0.44386720657348633,0.28593307733535767,0.19476065039634705,0.3672802448272705,0.43730446696281433,0.37248799204826355,0.04365554451942444,0.29289838671684265,0.43291908502578735,0.28946322202682495,0.19792746007442474,0.35479292273521423,0.42499563097953796,0.3692479729652405,0.04292326048016548,0.29505282640457153,0.4336991608142853,0.2740322947502136,0.1803598552942276,0.35332900285720825,0.42102161049842834,0.34278053045272827,0.045304037630558014,0.3057015538215637,0.5338318943977356,-0.025338957086205482,0.9981505870819092,0.3615531027317047,0.5322846174240112,0.0252666212618351,0.9972435235977173,0.2948194146156311,0.6724609732627869,0.08635521680116653,0.9845610857009888,0.35117706656455994,0.6813077926635742,0.13877616822719574,0.8168671727180481,0.2900439202785492,0.8137505054473877,0.18001088500022888,0.9752554297447205,0.34588494896888733,0.8230610489845276,0.2250833958387375,0.9017518758773804,0.2914734184741974,0.8372546434402466,0.19165191054344177,0.9773349165916443,0.34486499428749084,0.8508950471878052,0.2353067398071289,0.8976172208786011,0.2617909610271454,0.8149797320365906,0.19976486265659332,0.8429703712463379,0.34732770919799805,0.8251969814300537,0.22679750621318817,0.7312480211257935
238,0.3147831857204437,0.24458318948745728,0.16173383593559265,0.9990689754486084,0.3112490773200989,0.23322446644306183,0.12025956809520721,0.9988889694213867,0.30900511145591736,0.2336319088935852,0.12024690210819244,0.9989850521087646,0.3066367506980896,0.2343328446149826,0.12019113451242447,0.9988515377044678,0.31779903173446655,0.23223508894443512,0.12767691910266876,0.9991415143013,0.32036370038986206,0.2318340688943863,0.12766334414482117,0.9992405772209167,0.32326921820640564,0.23168179392814636,0.12756042182445526,0.9992090463638306,0.30412521958351135,0.24251727759838104,-0.002215451095253229,0.9989007711410522,0.3317558467388153,0.23886007070541382,0.027497004717588425,0.9990320801734924,0.3124625086784363,0.2575526833534241,0.127759650349617,0.9980644583702087,0.3198605179786682,0.25653597712516785,0.13705983757972717,0.9983624219894409,0.2774812579154968,0.32352182269096375,-0.05074775218963623,0.9992398619651794,0.37916967272758484,0.3168851137161255,0.014723901636898518,0.998782753944397,0.26385533809661865,0.44299158453941345,0.06645522266626358,0.8786610960960388,0.3952926993370056,0.42940908670425415,0.1407855600118637,0.4843299388885498,0.2794686555862427,0.4394502639770508,0.2901562452316284,0.20455150306224823,0.36041849851608276,0.4239884316921234,0.3440937101840973,0.03892100229859352,0.28248172998428345,0.4430742561817169,0.30984964966773987,0.17868168652057648,0.36332014203071594,0.43574199080467224,0.37882736325263977,0.04223254695534706,0.2897283434867859,0.4327618181705475,0.31276199221611023,0.18149611353874207,0.3502544164657593,0.4245156943798065,0.37374308705329895,0.04152292758226395,0.2920016348361969,0.43263548612594604,0.2970516085624695,0.16570845246315002,0.3499649167060852,0.4208645522594452,0.3489341139793396,0.04394804686307907,0.30129483342170715,0.5295641422271729,-0.015042048878967762,0.997922956943512,0.3581693768501282,0.5283998847007751,0.014966456219553947,0.9971888661384583,0.2941306233406067,0.6703088283538818,0.09625741839408875,0.9839162230491638,0.34935468435287476,0.680609941482544,0.11640992015600204,0.8327471613883972,0.28571388125419617,0.8082045316696167,0.18970398604869843,0.9725810885429382,0.3453304171562195,0.8246042132377625,0.19163793325424194,0.907688558101654,0.2847842574119568,0.8326081037521362,0.2013174593448639,0.9756138324737549,0.3433893620967865,0.8528134226799011,0.20034363865852356,0.904495120048523,0.2709154188632965,0.8083297610282898,0.2062217742204666,0.8211680054664612,0.354458749294281,0.8277080655097961,0.18558907508850098,0.721618115901947
239,0.31305015087127686,0.2433495670557022,0.15762469172477722,0.9989651441574097,0.30938267707824707,0.2320050299167633,0.11690565198659897,0.9987592101097107,0.3070543110370636,0.23242609202861786,0.11688057333230972,0.9988651871681213,0.30462202429771423,0.2331390231847763,0.1168200820684433,0.9987329840660095,0.3162569999694824,0.23100100457668304,0.12395503371953964,0.9990568161010742,0.31891950964927673,0.23063074052333832,0.12393499910831451,0.9991612434387207,0.32193276286125183,0.23051926493644714,0.12382432073354721,0.9991270899772644,0.3018394112586975,0.2413778454065323,-0.00715656578540802,0.9988152384757996,0.33045804500579834,0.2380387783050537,0.025827080011367798,0.9989509582519531,0.3101523816585541,0.25628897547721863,0.12276393175125122,0.9978878498077393,0.31794261932373047,0.2551669180393219,0.13192006945610046,0.998245120048523,0.2744590640068054,0.3220983147621155,-0.0584033839404583,0.9991053938865662,0.3768381178379059,0.3162432312965393,0.00011494489444885403,0.9987697601318359,0.2603929936885834,0.442735880613327,0.05380382388830185,0.8760717511177063,0.3922886252403259,0.4289613366127014,0.12894169986248016,0.5079149603843689,0.2746414840221405,0.44122061133384705,0.27865973114967346,0.18825702369213104,0.3570966422557831,0.426466166973114,0.3435235917568207,0.03821553289890289,0.27855971455574036,0.4482205808162689,0.298714280128479,0.16446441411972046,0.35938796401023865,0.4373859763145447,0.37785813212394714,0.0410032756626606,0.2849772572517395,0.43930381536483765,0.3011609613895416,0.16693732142448425,0.346801221370697,0.43063244223594666,0.3711557388305664,0.04035670682787895,0.28699880838394165,0.4369354546070099,0.28510698676109314,0.15280622243881226,0.347013384103775,0.4272078573703766,0.3470197319984436,0.04293304681777954,0.29767096042633057,0.5277075171470642,-0.010721182450652122,0.997643232345581,0.35568922758102417,0.5279746651649475,0.010598392225801945,0.997137188911438,0.29435092210769653,0.6645489931106567,0.13120415806770325,0.980762779712677,0.34594792127609253,0.6788950562477112,0.12869328260421753,0.8449675440788269,0.28372785449028015,0.7864610552787781,0.26376938819885254,0.963775098323822,0.3441648483276367,0.824691116809845,0.22082757949829102,0.9101395010948181,0.2811381220817566,0.8134152293205261,0.27979418635368347,0.9693592190742493,0.3420318067073822,0.8526803851127625,0.2313065230846405,0.9088292121887207,0.27366170287132263,0.782625138759613,0.2903525233268738,0.7889105081558228,0.3550602197647095,0.8284326791763306,0.21775782108306885,0.7056430578231812
240,0.31169262528419495,0.24367493391036987,0.1501283049583435,0.9988396763801575,0.3078451156616211,0.23202213644981384,0.11062270402908325,0.9986137747764587,0.3054531216621399,0.2323770523071289,0.11059598624706268,0.998716413974762,0.30300432443618774,0.23301063477993011,0.11053496599197388,0.9985880255699158,0.31495773792266846,0.23105087876319885,0.11774077266454697,0.998950183391571,0.31766825914382935,0.2306727021932602,0.11772344261407852,0.999053418636322,0.32071396708488464,0.2305588275194168,0.11761760711669922,0.9990203380584717,0.3002431392669678,0.24105504155158997,-0.008306429721415043,0.9986693263053894,0.3287869095802307,0.23797187209129333,0.013286406174302101,0.9988312721252441,0.3085574507713318,0.25629618763923645,0.11637046188116074,0.9976917505264282,0.31642889976501465,0.25531718134880066,0.12660586833953857,0.9981065988540649,0.2716478705406189,0.3213672935962677,-0.050791651010513306,0.9989606738090515,0.3740399181842804,0.31585776805877686,-0.022259412333369255,0.9987518191337585,0.25697365403175354,0.4428788423538208,0.05548854544758797,0.8687270879745483,0.38656434416770935,0.42931681871414185,0.10327689349651337,0.5281808972358704,0.2775401175022125,0.4460926949977875,0.26289424300193787,0.17300774157047272,0.34996286034584045,0.44339248538017273,0.3183912932872772,0.03736881539225578,0.27821487188339233,0.4508064389228821,0.2814730405807495,0.15124012529850006,0.34979134798049927,0.45511505007743835,0.35139402747154236,0.03970791772007942,0.2849655747413635,0.4419744908809662,0.28333038091659546,0.15343435108661652,0.3392940163612366,0.4443294405937195,0.34145331382751465,0.039115771651268005,0.2866882383823395,0.4461140036582947,0.2682406008243561,0.14078694581985474,0.3409612476825714,0.4423418343067169,0.31991177797317505,0.041822608560323715,0.29457512497901917,0.5263538956642151,0.0006510801031254232,0.9973418116569519,0.35343652963638306,0.527320146560669,-0.0007719710702076554,0.997062087059021,0.29294466972351074,0.6650044322013855,0.14565202593803406,0.9790959358215332,0.3439720869064331,0.6772215962409973,0.1172398179769516,0.8570215106010437,0.2816447615623474,0.7852355241775513,0.2775030732154846,0.9584689140319824,0.3434370756149292,0.8236909508705139,0.21303412318229675,0.9137507677078247,0.2796672582626343,0.8113125562667847,0.29302987456321716,0.9650772213935852,0.34100884199142456,0.8519752621650696,0.22364532947540283,0.9130117297172546,0.2756809592247009,0.7856584787368774,0.2990999221801758,0.7649446129798889,0.35365742444992065,0.8343468904495239,0.20533403754234314,0.6965126395225525
241,0.3098537027835846,0.24336425960063934,0.15527568757534027,0.9987816214561462,0.3061109781265259,0.23158836364746094,0.11615043878555298,0.9985280632972717,0.30375319719314575,0.23186232149600983,0.11612480878829956,0.9986287951469421,0.3013294041156769,0.23240052163600922,0.11606738716363907,0.9985052347183228,0.31322211027145386,0.23072047531604767,0.12086895853281021,0.9988909363746643,0.3160247206687927,0.23036353290081024,0.1208486557006836,0.9989916086196899,0.3191539943218231,0.23027463257312775,0.12073391675949097,0.9989573359489441,0.29858168959617615,0.24027983844280243,-0.00437649292871356,0.9986105561256409,0.3272607922554016,0.23782262206077576,0.014941113069653511,0.998759388923645,0.3067930340766907,0.2559082806110382,0.12154202163219452,0.9976100921630859,0.3145584464073181,0.2552469074726105,0.12807030975818634,0.9980490207672119,0.2687830924987793,0.32079508900642395,-0.05316717177629471,0.9989059567451477,0.3710591197013855,0.3156760334968567,-0.014247509650886059,0.9987701177597046,0.25481730699539185,0.44202011823654175,0.050092775374650955,0.8654100298881531,0.3827366530895233,0.42951640486717224,0.1074414998292923,0.5515109300613403,0.2779892683029175,0.4476238489151001,0.25815504789352417,0.16019685566425323,0.3449990451335907,0.45084381103515625,0.31540346145629883,0.03765283524990082,0.27761608362197876,0.4543857276439667,0.2768098711967468,0.13998599350452423,0.3440106511116028,0.46817290782928467,0.3469330966472626,0.03921955078840256,0.2848973274230957,0.44766122102737427,0.27891725301742554,0.14185303449630737,0.33570969104766846,0.4556851387023926,0.3374267816543579,0.03862179443240166,0.2859320342540741,0.448121041059494,0.2634941339492798,0.13054099678993225,0.33634263277053833,0.4533204734325409,0.31645774841308594,0.041481852531433105,0.29191434383392334,0.5250335335731506,-0.005348568316549063,0.9972540140151978,0.35034576058387756,0.5261809229850769,0.005218817386776209,0.9970605969429016,0.29122525453567505,0.6619927883148193,0.14455288648605347,0.9774529337882996,0.3427138328552246,0.6720433831214905,0.13882382214069366,0.8673644661903381,0.282309353351593,0.7856787443161011,0.28734856843948364,0.953379213809967,0.34109729528427124,0.8193781971931458,0.24900409579277039,0.9166367053985596,0.282393217086792,0.8075435161590576,0.3043269217014313,0.9616321921348572,0.33827120065689087,0.8442284464836121,0.2641982436180115,0.9170867800712585,0.2763667106628418,0.781340479850769,0.3114604651927948,0.7443249225616455,0.3569492697715759,0.8303754925727844,0.24286603927612305,0.6875850558280945
242,0.30877742171287537,0.24210600554943085,0.15985342860221863,0.998799741268158,0.3051646649837494,0.23068419098854065,0.12244812399148941,0.9985442161560059,0.302788645029068,0.23090282082557678,0.12242259830236435,0.9986311197280884,0.30034640431404114,0.2313859611749649,0.12236239016056061,0.9985239505767822,0.31241610646247864,0.22988587617874146,0.12560182809829712,0.9989038109779358,0.3153887391090393,0.22954469919204712,0.12557831406593323,0.9989916682243347,0.31860536336898804,0.22949428856372833,0.12547197937965393,0.9989662766456604,0.2974741458892822,0.23915663361549377,0.003178161336109042,0.9986338019371033,0.3265932500362396,0.23738402128219604,0.01573653519153595,0.9987563490867615,0.3056182563304901,0.2543651759624481,0.12607108056545258,0.9976631999015808,0.3136652410030365,0.25392019748687744,0.13038156926631927,0.9980969429016113,0.26629382371902466,0.32066407799720764,-0.05369529873132706,0.998880922794342,0.3675817847251892,0.3149905204772949,-0.010695296339690685,0.9987996220588684,0.2541625499725342,0.44049325585365295,0.04167897254228592,0.8651394248008728,0.37896883487701416,0.4292070269584656,0.10175244510173798,0.5777248740196228,0.2767518162727356,0.4535447955131531,0.24917277693748474,0.14909224212169647,0.3426685631275177,0.45599186420440674,0.2990323305130005,0.040112100541591644,0.2778274714946747,0.4589974582195282,0.2677052617073059,0.12981648743152618,0.33705568313598633,0.4696960747241974,0.3278563618659973,0.04020870104432106,0.28555241227149963,0.45569124817848206,0.2702905535697937,0.13134942948818207,0.33237627148628235,0.46331116557121277,0.3205227255821228,0.03957103192806244,0.28595900535583496,0.45002272725105286,0.2551572918891907,0.12138229608535767,0.33305972814559937,0.4567963480949402,0.30027422308921814,0.042591992765665054,0.28914874792099,0.5243692994117737,-0.012022808194160461,0.997205376625061,0.3465683162212372,0.5247228145599365,0.011933738365769386,0.9971070289611816,0.2906884551048279,0.6565197706222534,0.14904050529003143,0.9741261005401611,0.3391627371311188,0.666751503944397,0.1449994146823883,0.8754138350486755,0.2842605710029602,0.7752054929733276,0.30414730310440063,0.9462268948554993,0.33960431814193726,0.8168801665306091,0.2588964104652405,0.918309211730957,0.2855428457260132,0.8011000752449036,0.3222336173057556,0.9561416506767273,0.3380681574344635,0.8414369225502014,0.27382585406303406,0.9200432300567627,0.2765200734138489,0.7695605754852295,0.3280462920665741,0.727616012096405,0.3558519780635834,0.8264919519424438,0.2521534562110901,0.6823803782463074
243,0.30807724595069885,0.24036917090415955,0.16626062989234924,0.9987638592720032,0.30453962087631226,0.2291007786989212,0.1296856850385666,0.9985090494155884,0.30214446783065796,0.22927618026733398,0.12966352701187134,0.9985690116882324,0.2996825873851776,0.22972328960895538,0.12959153950214386,0.9984814524650574,0.31198349595069885,0.2284424901008606,0.13247528672218323,0.9988788962364197,0.315033495426178,0.22819003462791443,0.1324431151151657,0.9989497661590576,0.31822603940963745,0.22821103036403656,0.13234034180641174,0.9989436864852905,0.29671916365623474,0.23735277354717255,0.009802835062146187,0.9986129999160767,0.32602232694625854,0.23632720112800598,0.02016386017203331,0.9987092018127441,0.30477845668792725,0.2523799240589142,0.13188251852989197,0.9976385235786438,0.31309035420417786,0.2521837055683136,0.13550835847854614,0.9980887770652771,0.26420921087265015,0.3192087709903717,-0.05062791705131531,0.9987917542457581,0.3651285469532013,0.31431591510772705,-0.005841885693371296,0.9987989664077759,0.25315460562705994,0.43773576617240906,0.05059302598237991,0.8634828925132751,0.37631210684776306,0.4288269281387329,0.10005830228328705,0.6039952635765076,0.27675649523735046,0.4529138207435608,0.2657269537448883,0.13859286904335022,0.34014737606048584,0.45740270614624023,0.2847369313240051,0.04331972822546959,0.27840158343315125,0.4581713080406189,0.28756430745124817,0.12021216750144958,0.3340209424495697,0.4738434851169586,0.311822772026062,0.041781987994909286,0.2849844694137573,0.4524752199649811,0.2899297773838043,0.12149249762296677,0.32988840341567993,0.4649539589881897,0.3056403398513794,0.04111560806632042,0.2849554121494293,0.4487174451351166,0.271247923374176,0.11283905059099197,0.33071351051330566,0.4608364999294281,0.28600233793258667,0.04425591230392456,0.28681132197380066,0.5238505005836487,-0.017032301053404808,0.9969925284385681,0.3431560695171356,0.5240577459335327,0.016971608623862267,0.9970425963401794,0.28939276933670044,0.6562330722808838,0.13910800218582153,0.9688912034034729,0.3352707624435425,0.6647299528121948,0.1389734447002411,0.8797131776809692,0.2857789993286133,0.7739795446395874,0.28980252146720886,0.9344020485877991,0.33782583475112915,0.8160625696182251,0.25051313638687134,0.9156123399734497,0.2872621417045593,0.7999683618545532,0.30734801292419434,0.9483217000961304,0.3373260796070099,0.8401516079902649,0.2638242244720459,0.9202306270599365,0.27700111269950867,0.7688782215118408,0.31002336740493774,0.7050420641899109,0.3538765013217926,0.8267003893852234,0.24357838928699493,0.6691834330558777
244,0.3076382279396057,0.23843811452388763,0.17599621415138245,0.9987682104110718,0.30402135848999023,0.22742073237895966,0.14064453542232513,0.9985299706459045,0.3016156852245331,0.2275511473417282,0.14063233137130737,0.9985648393630981,0.29915812611579895,0.22795803844928741,0.1405581533908844,0.9984959959983826,0.3117277920246124,0.22695182263851166,0.14257459342479706,0.9988938570022583,0.3148236572742462,0.22681637108325958,0.14254175126552582,0.9989494681358337,0.3180041015148163,0.22691409289836884,0.1424493044614792,0.9989600777626038,0.29600128531455994,0.23550085723400116,0.021992409601807594,0.998629093170166,0.32554787397384644,0.23509655892848969,0.029218018054962158,0.9987124800682068,0.3042534291744232,0.25029638409614563,0.14153175055980682,0.9976791143417358,0.31286150217056274,0.250287264585495,0.14389577507972717,0.9981305003166199,0.26178550720214844,0.316746324300766,-0.041604552417993546,0.9987486600875854,0.3629186153411865,0.3130773603916168,-0.0018196564633399248,0.998805046081543,0.25159528851509094,0.43545228242874146,0.05524099990725517,0.8605279922485352,0.3734813928604126,0.428503155708313,0.10302771627902985,0.6292831301689148,0.27662503719329834,0.45255720615386963,0.2622401714324951,0.1284010112285614,0.33654770255088806,0.4582480788230896,0.2838498651981354,0.04688658192753792,0.27847820520401,0.4582158923149109,0.28306448459625244,0.11091843247413635,0.330880343914032,0.47564634680747986,0.31101423501968384,0.043677009642124176,0.28475111722946167,0.45089012384414673,0.2862061560153961,0.11198848485946655,0.3270273804664612,0.46569058299064636,0.30476826429367065,0.0429561585187912,0.2845386862754822,0.44794729351997375,0.26771730184555054,0.10456203669309616,0.32776549458503723,0.4619516134262085,0.28513437509536743,0.046200260519981384,0.2827647030353546,0.5213722586631775,-0.019239958375692368,0.9968942999839783,0.3392082452774048,0.5210172533988953,0.019208407029509544,0.9970049858093262,0.2863287329673767,0.6574658751487732,0.128371462225914,0.9663533568382263,0.3317752480506897,0.6591865420341492,0.13210292160511017,0.8835314512252808,0.2862573564052582,0.781079888343811,0.26724323630332947,0.9278786778450012,0.33576294779777527,0.8115730285644531,0.23791196942329407,0.9132187962532043,0.2897126078605652,0.8046850562095642,0.2833215594291687,0.9431796073913574,0.3364165723323822,0.8352926969528198,0.2498021423816681,0.91885906457901,0.2760637700557709,0.777840256690979,0.283666729927063,0.6911360025405884,0.3535299003124237,0.8239721655845642,0.23087343573570251,0.6591679453849792
245,0.307176411151886,0.23504014313220978,0.17371587455272675,0.9988056421279907,0.3034170866012573,0.22451047599315643,0.1387403905391693,0.9985885620117188,0.30092811584472656,0.22461752593517303,0.13873222470283508,0.9986063838005066,0.2984105348587036,0.22499606013298035,0.13866250216960907,0.9985512495040894,0.31151115894317627,0.2242133915424347,0.14056433737277985,0.9989328384399414,0.31464284658432007,0.22418992221355438,0.14053547382354736,0.9989753365516663,0.31784161925315857,0.22436387836933136,0.14044925570487976,0.9989963173866272,0.29502588510513306,0.23253528773784637,0.021449025720357895,0.9986711740493774,0.32527467608451843,0.2325136959552765,0.028905648738145828,0.9987437725067139,0.30346038937568665,0.24667076766490936,0.13951733708381653,0.9977737665176392,0.31257742643356323,0.2467251420021057,0.14177092909812927,0.9982078671455383,0.2598959803581238,0.3129822611808777,-0.0418175533413887,0.9987483620643616,0.3616580367088318,0.3112749457359314,-0.0025103918742388487,0.998805582523346,0.25009074807167053,0.43207892775535583,0.04760380834341049,0.8588456511497498,0.37266984581947327,0.4285842478275299,0.1007741317152977,0.6494951844215393,0.276789128780365,0.4521375596523285,0.2389538735151291,0.11956223100423813,0.3327762186527252,0.4558582603931427,0.2815384566783905,0.04907122999429703,0.278376042842865,0.45761093497276306,0.25775179266929626,0.10275848954916,0.3266430199146271,0.4706815779209137,0.3097897469997406,0.04481745511293411,0.2851308286190033,0.44985756278038025,0.2616691291332245,0.10362451523542404,0.3230895698070526,0.46111708879470825,0.3034856915473938,0.04405887424945831,0.2853003442287445,0.4478014409542084,0.2436191588640213,0.09729984402656555,0.3238942623138428,0.45767727494239807,0.2829970717430115,0.047391410917043686,0.28168827295303345,0.5161697864532471,-0.02009742707014084,0.9969282746315002,0.33642691373825073,0.5172135233879089,0.020077448338270187,0.997057318687439,0.28443819284439087,0.6540588736534119,0.12613710761070251,0.9656838774681091,0.32912757992744446,0.6503192782402039,0.12819591164588928,0.8882080912590027,0.2873019278049469,0.7795435786247253,0.26127275824546814,0.9257857203483582,0.3320305049419403,0.8055483102798462,0.22714045643806458,0.912874698638916,0.2908852696418762,0.8029089570045471,0.27692028880119324,0.940555214881897,0.3320031762123108,0.8279526233673096,0.23823745548725128,0.9181075692176819,0.27653270959854126,0.7798388600349426,0.27736207842826843,0.6862362027168274,0.34473320841789246,0.8181690573692322,0.22106127440929413,0.6551051735877991
246,0.30644291639328003,0.23241139948368073,0.17151600122451782,0.9988616108894348,0.30263298749923706,0.2220029979944229,0.1329408884048462,0.9986668229103088,0.30013638734817505,0.22210994362831116,0.13291917741298676,0.9986729621887207,0.2976321280002594,0.22246375679969788,0.13285715878009796,0.9986266493797302,0.31093287467956543,0.22175325453281403,0.13882911205291748,0.9989892244338989,0.31406915187835693,0.22176729142665863,0.138783261179924,0.9990237355232239,0.31727296113967896,0.22196480631828308,0.13874395191669464,0.9990498423576355,0.2943316102027893,0.2299787551164627,0.012809735722839832,0.9987356662750244,0.32461148500442505,0.2302073985338211,0.02337566576898098,0.9988075494766235,0.3026363253593445,0.24397404491901398,0.1372031271457672,0.997887134552002,0.3119738698005676,0.24422217905521393,0.135540172457695,0.9982973337173462,0.2590230107307434,0.3095898926258087,-0.04764401912689209,0.998755693435669,0.3601685166358948,0.3101443648338318,-0.0062643117271363735,0.9988086819648743,0.24909451603889465,0.42752107977867126,0.04949686676263809,0.8553004860877991,0.37223926186561584,0.42803338170051575,0.10130101442337036,0.6651079654693604,0.2754029631614685,0.44349008798599243,0.24716858565807343,0.1116073802113533,0.3343791961669922,0.4519374668598175,0.2870677709579468,0.05150451511144638,0.2785363495349884,0.4532392621040344,0.268593430519104,0.09559125453233719,0.3306591808795929,0.4680395722389221,0.3172982633113861,0.04659553989768028,0.2838180661201477,0.4416482150554657,0.2726430892944336,0.09629791229963303,0.3227366805076599,0.46084561944007874,0.31087008118629456,0.045844029635190964,0.2836551368236542,0.44231027364730835,0.2525675892829895,0.09099289029836655,0.3235572874546051,0.45675650238990784,0.28888583183288574,0.049297772347927094,0.2814105451107025,0.5126639604568481,-0.02082398720085621,0.9970483779907227,0.33556708693504333,0.514138400554657,0.02079775556921959,0.9971300959587097,0.2826659083366394,0.6538083553314209,0.12210146337747574,0.9665037393569946,0.32847750186920166,0.6430650353431702,0.1296657770872116,0.8920189142227173,0.287801593542099,0.7770103216171265,0.23505112528800964,0.9271296262741089,0.32998886704444885,0.7923552989959717,0.23105497658252716,0.91286700963974,0.2915603816509247,0.8014171719551086,0.24880966544151306,0.9409663081169128,0.33020254969596863,0.8145158886909485,0.24065180122852325,0.9174200892448425,0.2769603133201599,0.7802004218101501,0.2527531087398529,0.689733624458313,0.3396970331668854,0.8064785003662109,0.23753459751605988,0.6542195677757263
247,0.30662769079208374,0.23025192320346832,0.14272014796733856,0.9989575743675232,0.3027677536010742,0.21983569860458374,0.10946278274059296,0.9987812042236328,0.30020272731781006,0.2200034260749817,0.10945852100849152,0.9987849593162537,0.29767343401908875,0.2203683704137802,0.10938616842031479,0.998744010925293,0.31107988953590393,0.21944531798362732,0.11055413633584976,0.999074399471283,0.3141956329345703,0.21938712894916534,0.11053894460201263,0.9991044998168945,0.3173995614051819,0.21952685713768005,0.11050835996866226,0.9991288185119629,0.2944082021713257,0.22768965363502502,0.002879176754504442,0.998840868473053,0.3245507478713989,0.22743786871433258,0.003456471487879753,0.9989049434661865,0.3027990758419037,0.2419005036354065,0.11266032606363297,0.9980631470680237,0.3121495544910431,0.24183522164821625,0.1119101420044899,0.99843430519104,0.2579405903816223,0.30619046092033386,-0.05138058587908745,0.9988341927528381,0.35888516902923584,0.3087664544582367,-0.018825465813279152,0.9988653659820557,0.24752657115459442,0.4239443242549896,0.047963984310626984,0.8534296154975891,0.37218496203422546,0.42752984166145325,0.09707410633563995,0.681090772151947,0.27528977394104004,0.4367343783378601,0.2482461929321289,0.10479588806629181,0.33694523572921753,0.4445180296897888,0.29142382740974426,0.05454065278172493,0.27728044986724854,0.4445382058620453,0.2714160680770874,0.08958765119314194,0.333599328994751,0.4612375497817993,0.32317984104156494,0.049349717795848846,0.28396087884902954,0.4346005320549011,0.2760089933872223,0.09009437263011932,0.3258076310157776,0.4523372948169708,0.31717532873153687,0.04859604686498642,0.28393134474754333,0.4359424412250519,0.2545725703239441,0.08569013327360153,0.32650718092918396,0.4479843080043793,0.294058620929718,0.05188596248626709,0.27980685234069824,0.5090468525886536,-0.021574238315224648,0.9973013401031494,0.3343665599822998,0.5110031962394714,0.021520163863897324,0.9973483681678772,0.2817671000957489,0.6433151364326477,0.16964522004127502,0.9683417677879333,0.32814350724220276,0.6320540308952332,0.21491548418998718,0.8973546028137207,0.28580689430236816,0.7550297975540161,0.25722789764404297,0.9317459464073181,0.32770276069641113,0.7667303681373596,0.3048500120639801,0.9170143008232117,0.29009974002838135,0.7799835801124573,0.2697557508945465,0.944455087184906,0.32811468839645386,0.7905554175376892,0.3172683119773865,0.9211093187332153,0.2747400999069214,0.7683003544807434,0.28226998448371887,0.7060132026672363,0.3355235755443573,0.7821281552314758,0.325916588306427,0.6668866872787476
248,0.30681437253952026,0.22864679992198944,0.12405738979578018,0.9990488886833191,0.3029826283454895,0.21818789839744568,0.09318752586841583,0.9988917112350464,0.3004259169101715,0.2183990180492401,0.09320076555013657,0.9988930225372314,0.2978927493095398,0.21880166232585907,0.09311827272176743,0.9988574385643005,0.31120073795318604,0.21778739988803864,0.09282075613737106,0.9991567134857178,0.31430110335350037,0.2177458554506302,0.09282846003770828,0.9991821050643921,0.31749898195266724,0.21792905032634735,0.09281109273433685,0.9992052316665649,0.29465776681900024,0.22609786689281464,-0.004095823038369417,0.9989416599273682,0.32438328862190247,0.2258451282978058,-0.007857169955968857,0.998999834060669,0.30310094356536865,0.24036306142807007,0.09728115797042847,0.9982316493988037,0.3123142123222351,0.24013784527778625,0.09643451869487762,0.9985677599906921,0.25730443000793457,0.30302006006240845,-0.05347919464111328,0.9989174604415894,0.3572715222835541,0.3069644868373871,-0.023284699767827988,0.9989205598831177,0.24737229943275452,0.41947922110557556,0.055760256946086884,0.8452057838439941,0.3698555827140808,0.42515236139297485,0.09556908905506134,0.6877481937408447,0.27277129888534546,0.4250830113887787,0.2543765604496002,0.09825162589550018,0.3384087383747101,0.4372614622116089,0.29215699434280396,0.05573233589529991,0.2769434452056885,0.4274466335773468,0.27711695432662964,0.08399917185306549,0.33505508303642273,0.4525604248046875,0.32453498244285583,0.05105174705386162,0.28419575095176697,0.4175218939781189,0.2830529808998108,0.08438880741596222,0.3272167146205902,0.4433622658252716,0.3196168541908264,0.0502646304666996,0.2842879891395569,0.4169273376464844,0.26174771785736084,0.08077535033226013,0.32802560925483704,0.43919193744659424,0.2956140637397766,0.05330602452158928,0.27806806564331055,0.5056279301643372,-0.022056642919778824,0.9975523352622986,0.33338290452957153,0.5056423544883728,0.021986622363328934,0.9975764751434326,0.2814142107963562,0.6285346746444702,0.20878207683563232,0.9693306088447571,0.32716959714889526,0.6188631653785706,0.2613877058029175,0.8982550501823425,0.2868794798851013,0.7402999997138977,0.30984118580818176,0.936102569103241,0.3232762813568115,0.7373146414756775,0.381427526473999,0.9197326898574829,0.2903238832950592,0.7631621956825256,0.3248104155063629,0.9477479457855225,0.3243473768234253,0.7608082294464111,0.3981791138648987,0.9233803153038025,0.27527737617492676,0.7502918243408203,0.3445125222206116,0.7251858711242676,0.3283165991306305,0.7569007873535156,0.41679033637046814,0.6811069250106812
249,0.30791574716567993,0.22809436917304993,0.08939861506223679,0.9991244673728943,0.3042586147785187,0.21702264249324799,0.05683791637420654,0.9989811182022095,0.30156686902046204,0.21716240048408508,0.05684464052319527,0.9989802837371826,0.2987431287765503,0.21752572059631348,0.05678226426243782,0.9989480972290039,0.3124239146709442,0.2168247252702713,0.05736597254872322,0.9992232918739319,0.31531277298927307,0.21686449646949768,0.05736934021115303,0.9992443919181824,0.3182225227355957,0.21711108088493347,0.05732487514615059,0.9992649555206299,0.29470929503440857,0.22489401698112488,-0.04189646989107132,0.9990180730819702,0.32449227571487427,0.22485306859016418,-0.040100425481796265,0.9990707039833069,0.3041277527809143,0.23977957665920258,0.0629979595541954,0.9983639717102051,0.31298109889030457,0.23956923186779022,0.06362535059452057,0.9986696839332581,0.25737208127975464,0.299593985080719,-0.08552838861942291,0.998977780342102,0.35666322708129883,0.30576473474502563,-0.05100977420806885,0.9989568591117859,0.24762268364429474,0.4137211740016937,0.03414265811443329,0.8372870683670044,0.3686321973800659,0.42374318838119507,0.0687553808093071,0.6964783668518066,0.2687581181526184,0.4213576316833496,0.227407768368721,0.09293311834335327,0.3398725688457489,0.4342760741710663,0.25825202465057373,0.0587620884180069,0.2768089473247528,0.4250714182853699,0.249608114361763,0.07990989834070206,0.3357313275337219,0.4464724361896515,0.28750789165496826,0.054807644337415695,0.2821347117424011,0.41561123728752136,0.2513764202594757,0.08013485372066498,0.3277891278266907,0.4365687966346741,0.28316524624824524,0.05392565578222275,0.2826303541660309,0.4138496518135071,0.23347079753875732,0.07716201990842819,0.32836875319480896,0.43243566155433655,0.2616070508956909,0.05628855526447296,0.2771244943141937,0.5055109262466431,-0.02226755954325199,0.9977747201919556,0.33309024572372437,0.506138026714325,0.022238407284021378,0.9977757930755615,0.2815678119659424,0.6090212464332581,0.21669480204582214,0.9698463082313538,0.32724931836128235,0.607012152671814,0.2881704866886139,0.8986508846282959,0.28747546672821045,0.731952965259552,0.34319666028022766,0.9395910501480103,0.3209531903266907,0.7267297506332397,0.45094212889671326,0.9219570755958557,0.2907291054725647,0.7566904425621033,0.36113280057907104,0.9508808255195618,0.32128655910491943,0.7489234805107117,0.4720369875431061,0.9261975288391113,0.2756757140159607,0.7332594990730286,0.3821413218975067,0.7396624088287354,0.3239442706108093,0.7365413904190063,0.4943715035915375,0.689992368221283
250,0.3100319504737854,0.22622482478618622,0.10129225254058838,0.9991739988327026,0.3066818416118622,0.2147010713815689,0.06841738522052765,0.9990391731262207,0.3039224445819855,0.21471670269966125,0.06841807067394257,0.9990353584289551,0.3010278344154358,0.2149665504693985,0.0683707445859909,0.999006986618042,0.3146829307079315,0.21488958597183228,0.0688031017780304,0.9992634654045105,0.3173254132270813,0.21502171456813812,0.068797767162323,0.9992807507514954,0.3200916647911072,0.21538636088371277,0.06874678283929825,0.999299168586731,0.2958528399467468,0.22222605347633362,-0.035852089524269104,0.999047577381134,0.3252134919166565,0.2229624092578888,-0.03516131639480591,0.99909508228302,0.3059769868850708,0.23755459487438202,0.07257923483848572,0.9984238743782043,0.314521461725235,0.2377464324235916,0.07283273339271545,0.9987070560455322,0.25774940848350525,0.29642152786254883,-0.08582055568695068,0.9990143775939941,0.3567383885383606,0.3040982782840729,-0.04760539531707764,0.9989508390426636,0.2483125925064087,0.409735769033432,0.02102951891720295,0.8258756995201111,0.36724990606307983,0.4222383201122284,0.06434637308120728,0.7039647698402405,0.2690751850605011,0.4191645681858063,0.19547303020954132,0.08775952458381653,0.34016746282577515,0.43054071068763733,0.24232511222362518,0.062051303684711456,0.2754490077495575,0.4230272173881531,0.21686109900474548,0.07578426599502563,0.33651968836784363,0.44150498509407043,0.271977961063385,0.058145537972450256,0.28240054845809937,0.41327422857284546,0.21865364909172058,0.07594248652458191,0.32861706614494324,0.4307604730129242,0.26925140619277954,0.05716892331838608,0.28295302391052246,0.4112759530544281,0.2012389451265335,0.0736313983798027,0.32920679450035095,0.4268898069858551,0.24602541327476501,0.0587952546775341,0.27731776237487793,0.5029675364494324,-0.02319474145770073,0.9979702234268188,0.3335234522819519,0.503708004951477,0.022999746724963188,0.9979458451271057,0.2815174460411072,0.6020714640617371,0.2208615243434906,0.9670617580413818,0.32788679003715515,0.596480131149292,0.2880842685699463,0.8904871940612793,0.2878810465335846,0.7228196859359741,0.3066186308860779,0.941903829574585,0.3170851469039917,0.7182381749153137,0.3633713722229004,0.923701822757721,0.2903846800327301,0.7430723309516907,0.30390289425849915,0.9536158442497253,0.31772127747535706,0.7378663420677185,0.376428484916687,0.9285987019538879,0.2758834660053253,0.7406818270683289,0.32785674929618835,0.7560284733772278,0.31565019488334656,0.7415965795516968,0.3876025676727295,0.7043452262878418
251,0.3142842650413513,0.22548888623714447,0.09372057020664215,0.9992288947105408,0.31122612953186035,0.21336455643177032,0.06211264058947563,0.9991022944450378,0.308363139629364,0.21309328079223633,0.06212528422474861,0.999096155166626,0.3053969740867615,0.21310758590698242,0.062086980789899826,0.9990710616111755,0.3189207911491394,0.21412327885627747,0.060833729803562164,0.9993102550506592,0.321586549282074,0.21434162557125092,0.0608329251408577,0.9993239045143127,0.32434290647506714,0.2147434651851654,0.06078456714749336,0.999340295791626,0.2990713119506836,0.22019225358963013,-0.03639347478747368,0.9990915060043335,0.3270278871059418,0.22182513773441315,-0.04266667738556862,0.9991346001625061,0.31001052260398865,0.23614315688610077,0.06730373203754425,0.9985138773918152,0.3179057240486145,0.23691853880882263,0.06538289040327072,0.9987750053405762,0.2579377591609955,0.29378557205200195,-0.08450210839509964,0.9990373253822327,0.35638874769210815,0.3017829358577728,-0.05602613836526871,0.9989457726478577,0.24851825833320618,0.4067312777042389,0.020662611350417137,0.8193767070770264,0.3651193082332611,0.4191492795944214,0.047943346202373505,0.7103592157363892,0.2703106999397278,0.42042288184165955,0.19862616062164307,0.08214686810970306,0.33839988708496094,0.4305018484592438,0.2174525260925293,0.06277989596128464,0.27484816312789917,0.4249139130115509,0.21923229098320007,0.07109799236059189,0.3343174159526825,0.4411696791648865,0.2458740770816803,0.059153374284505844,0.28252822160720825,0.41561180353164673,0.22215604782104492,0.0711466446518898,0.32624682784080505,0.4319654703140259,0.24084463715553284,0.05814278870820999,0.2831265330314636,0.4133431017398834,0.20448322594165802,0.06941989064216614,0.3261451721191406,0.426565557718277,0.22014811635017395,0.059275563806295395,0.27797427773475647,0.4984447658061981,-0.02154875360429287,0.9981374144554138,0.33413633704185486,0.49885109066963196,0.021291987970471382,0.9980851411819458,0.2817252278327942,0.5988982915878296,0.21200832724571228,0.9675214290618896,0.3279593288898468,0.5921783447265625,0.26730287075042725,0.8917754292488098,0.2864384353160858,0.7223723530769348,0.3008025884628296,0.9449083209037781,0.31339722871780396,0.7217198014259338,0.3773075044155121,0.9267045259475708,0.28603944182395935,0.7421656250953674,0.3114016354084015,0.956316351890564,0.312265008687973,0.7436178922653198,0.3925202488899231,0.9316569566726685,0.27377501130104065,0.7354804277420044,0.32792940735816956,0.7691693305969238,0.3124503195285797,0.7366225123405457,0.40746045112609863,0.7159483432769775
252,0.3174983263015747,0.22562319040298462,0.09132116287946701,0.9992787837982178,0.31461217999458313,0.21329808235168457,0.06131347268819809,0.9991601705551147,0.3118518888950348,0.21295741200447083,0.061329059302806854,0.9991525411605835,0.30887913703918457,0.21290013194084167,0.0612935796380043,0.9991297721862793,0.3223365545272827,0.2141556441783905,0.05790543556213379,0.9993537664413452,0.3249867558479309,0.21434353291988373,0.0579042062163353,0.9993640780448914,0.3276333212852478,0.21468739211559296,0.05784733220934868,0.9993776679039001,0.3019067645072937,0.21973520517349243,-0.03188705816864967,0.9991360902786255,0.3290155529975891,0.2215491384267807,-0.04643501341342926,0.9991747140884399,0.31308263540267944,0.23601150512695312,0.06737422198057175,0.9986079931259155,0.32052794098854065,0.2369115799665451,0.06266432255506516,0.9988479614257812,0.2580854594707489,0.2921122908592224,-0.08217689394950867,0.9990723133087158,0.35600948333740234,0.2996649146080017,-0.06286048889160156,0.9989604949951172,0.24888774752616882,0.40419530868530273,0.023887932300567627,0.8169801235198975,0.36248499155044556,0.4130712151527405,0.043892741203308105,0.7133179306983948,0.2703380882740021,0.42255672812461853,0.1999899297952652,0.07691366970539093,0.3330800533294678,0.4301225543022156,0.2252943068742752,0.06236986815929413,0.27490901947021484,0.42729446291923523,0.21833975613117218,0.06664539128541946,0.33030158281326294,0.440442830324173,0.25382256507873535,0.05914385989308357,0.2826785445213318,0.41779038310050964,0.22079908847808838,0.06653967499732971,0.3216783106327057,0.4303120970726013,0.2481290102005005,0.05809282511472702,0.2832922637462616,0.416009783744812,0.20509013533592224,0.06528747081756592,0.3215388357639313,0.4255717098712921,0.22808651626110077,0.058917272835969925,0.278531014919281,0.4959373474121094,-0.015859149396419525,0.9982916116714478,0.3345007300376892,0.4944165349006653,0.015572508797049522,0.998212456703186,0.2820636034011841,0.5981882810592651,0.2123219221830368,0.9688380360603333,0.328955739736557,0.5899575352668762,0.2596648037433624,0.8950852751731873,0.28640371561050415,0.7217954397201538,0.34273678064346313,0.9472150802612305,0.31168434023857117,0.7197361588478088,0.4194455146789551,0.9288179874420166,0.2843184769153595,0.7470669150352478,0.3602515459060669,0.9583690166473389,0.31074059009552,0.7464307546615601,0.4400039613246918,0.9343709945678711,0.27298882603645325,0.7319865822792053,0.37724682688713074,0.7749791145324707,0.3120657205581665,0.7305271625518799,0.45508521795272827,0.7198917865753174
253,0.3213571012020111,0.2261407971382141,0.09019443392753601,0.9993014335632324,0.318466454744339,0.21358272433280945,0.06114239618182182,0.9991856813430786,0.3156678080558777,0.21310316026210785,0.061152584850788116,0.9991760849952698,0.31275662779808044,0.21285422146320343,0.06111801788210869,0.9991532564163208,0.3261534571647644,0.2144869863986969,0.05677272006869316,0.9993711113929749,0.3286609649658203,0.21461990475654602,0.05676736682653427,0.9993783235549927,0.3312813937664032,0.2148735076189041,0.05670173093676567,0.9993870854377747,0.30491262674331665,0.21900545060634613,-0.03028024733066559,0.9991370439529419,0.3317352533340454,0.2213425189256668,-0.05025327205657959,0.9991732239723206,0.31665700674057007,0.23637689650058746,0.06642794609069824,0.9986544847488403,0.3237687945365906,0.23741057515144348,0.06028931215405464,0.9988808035850525,0.2584388554096222,0.29044514894485474,-0.08025902509689331,0.999099850654602,0.35626593232154846,0.29771846532821655,-0.06758718937635422,0.99895179271698,0.24920955300331116,0.4024333357810974,0.01710403338074684,0.8175836801528931,0.3623875081539154,0.4101983308792114,0.030153527855873108,0.7116463780403137,0.27071473002433777,0.42360401153564453,0.1785811334848404,0.0724872574210167,0.33201175928115845,0.4294620156288147,0.2033126801252365,0.060719531029462814,0.27549800276756287,0.42786750197410583,0.19418534636497498,0.06282611191272736,0.3299184739589691,0.4390197992324829,0.23150503635406494,0.05796870216727257,0.28393489122390747,0.41841182112693787,0.1973455250263214,0.062591552734375,0.3210933804512024,0.4279734790325165,0.22649326920509338,0.05695904418826103,0.2842399775981903,0.4170561730861664,0.18328209221363068,0.06176888197660446,0.3210097551345825,0.423430860042572,0.2061479538679123,0.05754614993929863,0.2790713906288147,0.49568796157836914,-0.015469586476683617,0.9984300136566162,0.3349674940109253,0.49428021907806396,0.015170018188655376,0.9983142614364624,0.2820938527584076,0.6015459895133972,0.22678494453430176,0.9703620076179504,0.3315933346748352,0.5855812430381775,0.2744760513305664,0.8972495198249817,0.2865489423274994,0.7220414280891418,0.33972039818763733,0.9499850869178772,0.3133310377597809,0.7148324847221375,0.4205348491668701,0.9304316639900208,0.28376471996307373,0.7484826445579529,0.3552808165550232,0.9607135653495789,0.3109980821609497,0.7401567101478577,0.4393989145755768,0.9368232488632202,0.2776108384132385,0.7337725758552551,0.36919015645980835,0.78377366065979,0.3117997348308563,0.7271754741668701,0.4534909129142761,0.7259414792060852
254,0.3227859437465668,0.22521281242370605,0.08502312749624252,0.9992998838424683,0.3201729655265808,0.21267598867416382,0.055458612740039825,0.999180018901825,0.3174336552619934,0.21214382350444794,0.05545845627784729,0.9991733431816101,0.3146199584007263,0.21183528006076813,0.0554157979786396,0.9991466403007507,0.32760801911354065,0.21358413994312286,0.05163969472050667,0.999361515045166,0.3301191031932831,0.21366924047470093,0.051638148725032806,0.9993666410446167,0.33281567692756653,0.2138674557209015,0.05156242847442627,0.999365508556366,0.30722925066947937,0.21785037219524384,-0.03523946925997734,0.999111533164978,0.33364754915237427,0.22048917412757874,-0.054007064551115036,0.9991337060928345,0.31820666790008545,0.2352907806634903,0.061221517622470856,0.9986773729324341,0.3253417909145355,0.2363862842321396,0.05566027760505676,0.9988908171653748,0.2587412893772125,0.28821951150894165,-0.08662937581539154,0.9991259574890137,0.35664674639701843,0.29661476612091064,-0.06773976236581802,0.9989174604415894,0.2500840425491333,0.40060362219810486,-0.0072089508175849915,0.8207166194915771,0.3621487319469452,0.4085122048854828,0.023559916764497757,0.6995537877082825,0.270987331867218,0.4306969940662384,0.1392674297094345,0.06910335272550583,0.33319735527038574,0.43471983075141907,0.1850050389766693,0.05760600417852402,0.2755844295024872,0.4403165280818939,0.1498039960861206,0.05972292646765709,0.3297268748283386,0.4442463219165802,0.2103463113307953,0.055293142795562744,0.28394967317581177,0.43290647864341736,0.15345478057861328,0.05926821380853653,0.32014361023902893,0.43157958984375,0.2029556781053543,0.05435009300708771,0.28428488969802856,0.4284534156322479,0.14347103238105774,0.05870456621050835,0.3202526271343231,0.42931854724884033,0.18630024790763855,0.054904572665691376,0.28093665838241577,0.4938433766365051,-0.016120070591568947,0.9985540509223938,0.3352974057197571,0.4930265247821808,0.015838097780942917,0.9984028339385986,0.2826615273952484,0.6057412028312683,0.21489672362804413,0.972810685634613,0.33420127630233765,0.5903641581535339,0.26201072335243225,0.9039285182952881,0.28665611147880554,0.7242462038993835,0.375131219625473,0.9535669684410095,0.3138996958732605,0.7140536904335022,0.4455593526363373,0.9333406090736389,0.28421658277511597,0.7510116100311279,0.3956061601638794,0.9632101655006409,0.31171169877052307,0.7363108396530151,0.4683414399623871,0.9394382834434509,0.27169233560562134,0.7284755706787109,0.4071389138698578,0.7915893793106079,0.3121913969516754,0.7248671054840088,0.47765684127807617,0.7292402982711792
255,0.3262314200401306,0.22432354092597961,0.10533225536346436,0.9992749094963074,0.3232962191104889,0.21196222305297852,0.07620276510715485,0.9991572499275208,0.3204815983772278,0.2114102840423584,0.07619254291057587,0.9991549253463745,0.3174419701099396,0.2110261619091034,0.07614700496196747,0.9991272687911987,0.3307032585144043,0.21283085644245148,0.07063502073287964,0.9993253350257874,0.3333110809326172,0.21285511553287506,0.07062879949808121,0.999326229095459,0.33592891693115234,0.21300920844078064,0.07054051011800766,0.9993090629577637,0.309543251991272,0.21710051596164703,-0.019370462745428085,0.9990968704223633,0.3366923928260803,0.2195640653371811,-0.05063735693693161,0.999074399471283,0.3218362033367157,0.23427149653434753,0.07941962778568268,0.9987289309501648,0.3286418318748474,0.23533491790294647,0.07030647993087769,0.9989203810691833,0.2602307200431824,0.2866455316543579,-0.08288197219371796,0.9991739988327026,0.3569285571575165,0.2955002784729004,-0.05903242900967598,0.9988815188407898,0.25222498178482056,0.399605393409729,-0.04022404924035072,0.8297674655914307,0.36247050762176514,0.4067322313785553,-0.0019019016763195395,0.6852930784225464,0.2714630663394928,0.44333282113075256,0.051778413355350494,0.0698750838637352,0.3339366316795349,0.436893492937088,0.09364037960767746,0.05497059226036072,0.2733282148838043,0.46084514260292053,0.05197719484567642,0.05931682512164116,0.33057689666748047,0.4478534460067749,0.10900694131851196,0.05291978269815445,0.2820432186126709,0.4543556571006775,0.059099435806274414,0.05840342864394188,0.32125991582870483,0.4364199936389923,0.10424498468637466,0.05200815573334694,0.2825273871421814,0.4475552439689636,0.055459581315517426,0.057902827858924866,0.32120853662490845,0.43122774362564087,0.09373456984758377,0.05249933898448944,0.28335946798324585,0.49225062131881714,-0.01561008207499981,0.9986870884895325,0.33652806282043457,0.4915844202041626,0.015341120772063732,0.9985204339027405,0.28531569242477417,0.6055196523666382,0.2070712149143219,0.9751185774803162,0.33663779497146606,0.588837742805481,0.2671082615852356,0.9093040823936462,0.28701385855674744,0.7258325815200806,0.3533767759799957,0.9570883512496948,0.31433790922164917,0.7114485502243042,0.45670709013938904,0.9355660676956177,0.28267472982406616,0.7537460327148438,0.37185782194137573,0.965691089630127,0.313106507062912,0.7371968626976013,0.47940903902053833,0.9422224760055542,0.26990944147109985,0.7290927767753601,0.37517499923706055,0.7996374368667603,0.31400468945503235,0.7175315022468567,0.48449307680130005,0.7308191061019897
256,0.32996493577957153,0.2239011973142624,0.11411727964878082,0.9992006421089172,0.32632771134376526,0.21154046058654785,0.0846683531999588,0.9990833401679993,0.3235108256340027,0.21094158291816711,0.08464682847261429,0.9990870952606201,0.3203844726085663,0.2104611098766327,0.08459635823965073,0.9990575313568115,0.3340150713920593,0.2124718874692917,0.07920791208744049,0.9992370009422302,0.3365350365638733,0.2125011384487152,0.07920382171869278,0.9992335438728333,0.3391056954860687,0.2126491218805313,0.07910025864839554,0.9991921186447144,0.31180477142333984,0.21659429371356964,-0.01163492538034916,0.9990465641021729,0.33959826827049255,0.21916748583316803,-0.049895286560058594,0.998961865901947,0.3256526589393616,0.23392200469970703,0.08798550069332123,0.998744010925293,0.3324774503707886,0.23504583537578583,0.07886125892400742,0.9989116191864014,0.26234516501426697,0.28553494811058044,-0.0753725916147232,0.9992197155952454,0.35781246423721313,0.2946200370788574,-0.05500785633921623,0.9988533854484558,0.2559727728366852,0.4004978537559509,-0.038120098412036896,0.8363497853279114,0.36310237646102905,0.40511175990104675,-0.014322136528789997,0.670799970626831,0.27314281463623047,0.44678688049316406,0.05352150276303291,0.07154739648103714,0.3344019055366516,0.43919089436531067,0.06967298686504364,0.05332322418689728,0.27464598417282104,0.4643712043762207,0.05196989327669144,0.05960574001073837,0.33109718561172485,0.4512292742729187,0.08169527351856232,0.05126933380961418,0.2821577191352844,0.4593725800514221,0.05916226655244827,0.05817392095923424,0.3219048082828522,0.44151079654693604,0.07742540538311005,0.05036545544862747,0.2826318144798279,0.4525662660598755,0.05682855099439621,0.057756368070840836,0.32174447178840637,0.4347418546676636,0.06945918500423431,0.050820138305425644,0.28618788719177246,0.4916747510433197,-0.014976891689002514,0.998808741569519,0.3388996422290802,0.49079129099845886,0.014742272906005383,0.9986263513565063,0.2891649305820465,0.6053277254104614,0.20678135752677917,0.9772465825080872,0.3385557532310486,0.588096022605896,0.2786395847797394,0.9135270714759827,0.28822821378707886,0.7259156107902527,0.37722048163414,0.9602153897285461,0.3235313296318054,0.7011086344718933,0.5010575652122498,0.9367472529411316,0.28270119428634644,0.7549312114715576,0.39829936623573303,0.9678450226783752,0.32137787342071533,0.7265151143074036,0.5274432301521301,0.9444254040718079,0.2692336440086365,0.7271049618721008,0.3990169167518616,0.8051825761795044,0.3231048583984375,0.7042744755744934,0.5355982184410095,0.7294817566871643
257,0.33299732208251953,0.22417107224464417,0.14244846999645233,0.9991345405578613,0.32918885350227356,0.21182399988174438,0.11344285309314728,0.9990337491035461,0.3263411223888397,0.2112218737602234,0.11342974752187729,0.9990448355674744,0.3232918083667755,0.21072407066822052,0.11335494369268417,0.9990057945251465,0.33704042434692383,0.21273259818553925,0.1082221269607544,0.9991781115531921,0.3395882844924927,0.21275638043880463,0.108190156519413,0.9991784691810608,0.342258095741272,0.2129019945859909,0.10812151432037354,0.999114990234375,0.31453388929367065,0.21684576570987701,0.015224279835820198,0.9990254044532776,0.34224119782447815,0.21946080029010773,-0.013264556415379047,0.9989119172096252,0.3282458782196045,0.2342018336057663,0.11554665863513947,0.9987752437591553,0.3353351354598999,0.23532786965370178,0.10763342678546906,0.9989182353019714,0.2650390565395355,0.28563112020492554,-0.05423547700047493,0.9992725849151611,0.3597797453403473,0.29471728205680847,-0.033438704907894135,0.998863697052002,0.25998011231422424,0.40183955430984497,-0.025866180658340454,0.8439005613327026,0.3647027611732483,0.40491005778312683,0.007875418290495872,0.6543686389923096,0.2744160592556,0.44845151901245117,0.0697391927242279,0.07251611351966858,0.33526861667633057,0.4326576292514801,0.10048917680978775,0.0506952702999115,0.27492305636405945,0.4695444107055664,0.06760720908641815,0.05949056148529053,0.3353528380393982,0.45110172033309937,0.11560841649770737,0.049010019749403,0.2826067805290222,0.46248048543930054,0.0798855870962143,0.05771911144256592,0.32563409209251404,0.44074079394340515,0.1124497801065445,0.04817485809326172,0.283386766910553,0.4554658532142639,0.07509979605674744,0.0573326013982296,0.324893593788147,0.4335121810436249,0.10096372663974762,0.04855015501379967,0.2888796627521515,0.4913932979106903,-0.015255224891006947,0.9989250302314758,0.3420001268386841,0.4904533326625824,0.015056123025715351,0.9987486600875854,0.2907025218009949,0.6057206392288208,0.2337058037519455,0.9793298244476318,0.3399715721607208,0.5756292343139648,0.3322664201259613,0.9173835515975952,0.28841912746429443,0.7268053889274597,0.3803247809410095,0.9636872410774231,0.337242990732193,0.6759607791900635,0.5414305925369263,0.9390890002250671,0.28611499071121216,0.7518078088760376,0.4000822603702545,0.970580518245697,0.3346051871776581,0.6970223784446716,0.5672170519828796,0.9476585388183594,0.2687215805053711,0.726421058177948,0.4019154906272888,0.8143080472946167,0.33057475090026855,0.6846502423286438,0.583102822303772,0.7275961637496948
258,0.3371274173259735,0.22481106221675873,0.14779265224933624,0.9990839958190918,0.33324551582336426,0.21231068670749664,0.11817183345556259,0.9989983439445496,0.33031007647514343,0.21147224307060242,0.11815500259399414,0.9990110993385315,0.32730501890182495,0.21076823770999908,0.11806638538837433,0.9989693760871887,0.3410038352012634,0.2136787474155426,0.11301209777593613,0.9991357326507568,0.34361740946769714,0.21379616856575012,0.11298080533742905,0.9991372227668762,0.3461521863937378,0.2139170616865158,0.11291790008544922,0.9990634322166443,0.3185729384422302,0.21718192100524902,0.019467009231448174,0.9990092515945435,0.34555310010910034,0.21994684636592865,-0.006395050790160894,0.9988799095153809,0.33204004168510437,0.23432478308677673,0.12097148597240448,0.9988009333610535,0.33918455243110657,0.23589769005775452,0.11337967216968536,0.9989187121391296,0.2692434787750244,0.2866949141025543,-0.04295007139444351,0.999320924282074,0.362601637840271,0.2950610816478729,-0.029278099536895752,0.998886227607727,0.26270148158073425,0.40372031927108765,0.00823110993951559,0.8493106365203857,0.3700207769870758,0.40578073263168335,0.009088700637221336,0.6451696753501892,0.2754063606262207,0.4473555386066437,0.10636305809020996,0.07284197211265564,0.3426949083805084,0.4263777434825897,0.14086218178272247,0.04983510449528694,0.27771323919296265,0.46430307626724243,0.0832548439502716,0.05904471501708031,0.3420417606830597,0.44527918100357056,0.15906009078025818,0.048336390405893326,0.28537067770957947,0.4569039046764374,0.09573830664157867,0.05704009532928467,0.33277469873428345,0.42544299364089966,0.15492592751979828,0.04763182997703552,0.2863694429397583,0.45095062255859375,0.11141817271709442,0.05688990280032158,0.3331975042819977,0.42380714416503906,0.1418735533952713,0.04791697487235069,0.2943505346775055,0.49097374081611633,-0.015396477654576302,0.9990299940109253,0.34625813364982605,0.48976224660873413,0.01516577135771513,0.9988600611686707,0.29304802417755127,0.6058854460716248,0.2255290299654007,0.9812235236167908,0.34330546855926514,0.5795909762382507,0.3250029981136322,0.9207794666290283,0.28885984420776367,0.7277203798294067,0.38760077953338623,0.9666809439659119,0.3460923135280609,0.673290491104126,0.552213191986084,0.9402859210968018,0.28823989629745483,0.7522698640823364,0.40986475348472595,0.9729339480400085,0.3464978039264679,0.6937487721443176,0.5805988311767578,0.9499433636665344,0.2677956223487854,0.728881299495697,0.41602879762649536,0.8186624050140381,0.3412495255470276,0.6811878681182861,0.6013246774673462,0.7192143201828003
259,0.34012696146965027,0.22750511765480042,0.15105992555618286,0.9991021752357483,0.33636409044265747,0.21507836878299713,0.1216641217470169,0.9990301132202148,0.33357736468315125,0.21418876945972443,0.12165887653827667,0.9990377426147461,0.33066028356552124,0.21338805556297302,0.12158308923244476,0.9989926815032959,0.3437276780605316,0.21627874672412872,0.11626490205526352,0.9991673827171326,0.34615641832351685,0.2162768542766571,0.11622526496648788,0.9991695284843445,0.3484082520008087,0.2162887305021286,0.11618169397115707,0.9990999698638916,0.3224378824234009,0.21904024481773376,0.023506123572587967,0.9990451335906982,0.34778741002082825,0.2221771627664566,-0.0018714852631092072,0.9989364743232727,0.335204154253006,0.23711344599723816,0.12442456185817719,0.9988536238670349,0.3419550657272339,0.23870903253555298,0.11708694696426392,0.9989625811576843,0.27421295642852783,0.29081299901008606,-0.03243608400225639,0.9993640184402466,0.36651450395584106,0.2955337166786194,-0.028238970786333084,0.9989475607872009,0.2642757296562195,0.4103442132472992,0.05627111345529556,0.8542646169662476,0.3752778172492981,0.40582406520843506,0.07158610969781876,0.6361880302429199,0.276631236076355,0.4271082580089569,0.21835461258888245,0.07016879320144653,0.34747546911239624,0.41642844676971436,0.26494184136390686,0.04834264889359474,0.27895939350128174,0.4323517084121704,0.22518973052501678,0.05678584799170494,0.3439411520957947,0.4341872036457062,0.29456958174705505,0.04711237549781799,0.285701185464859,0.4268702566623688,0.23537006974220276,0.05482107400894165,0.3344467282295227,0.41982564330101013,0.2904035449028015,0.046571411192417145,0.2870757281780243,0.41983577609062195,0.22501114010810852,0.05495757237076759,0.3346208930015564,0.4165671169757843,0.2683834433555603,0.046945568174123764,0.3002258539199829,0.4917201101779938,-0.013557353988289833,0.9991248846054077,0.35121825337409973,0.49056968092918396,0.013262596912682056,0.9989639520645142,0.2943126857280731,0.6069597601890564,0.23312373459339142,0.9828319549560547,0.34738072752952576,0.5776141881942749,0.34347766637802124,0.9206623435020447,0.2887023091316223,0.7283074855804443,0.34277185797691345,0.9693227410316467,0.35354819893836975,0.6664060354232788,0.5185638070106506,0.9404504895210266,0.2882336974143982,0.7529321312904358,0.3588219881057739,0.9751322269439697,0.3525592088699341,0.6891639828681946,0.5424474477767944,0.9517123103141785,0.26748138666152954,0.7367193698883057,0.37155187129974365,0.8242462873458862,0.34947729110717773,0.6738440990447998,0.569939911365509,0.7121807932853699
260,0.34192177653312683,0.23169000446796417,0.14300023019313812,0.9991430044174194,0.3380950093269348,0.21915501356124878,0.11395318806171417,0.9990779757499695,0.3353928327560425,0.21832242608070374,0.11395013332366943,0.9990821480751038,0.33253005146980286,0.21756336092948914,0.1139054149389267,0.9990379810333252,0.3453148305416107,0.22028161585330963,0.10932846367359161,0.9992103576660156,0.3477492332458496,0.22026781737804413,0.10930576175451279,0.9992124438285828,0.34997206926345825,0.2203236073255539,0.10923799127340317,0.9991469383239746,0.32534271478652954,0.2233022153377533,0.02193645015358925,0.9990901947021484,0.34993332624435425,0.22640275955200195,-0.003739862935617566,0.9989968538284302,0.33727407455444336,0.24149011075496674,0.1166447252035141,0.9989162087440491,0.34390076994895935,0.24272125959396362,0.11028198897838593,0.9990126490592957,0.27909696102142334,0.2972450256347656,-0.040009476244449615,0.999405562877655,0.3703914284706116,0.29725030064582825,-0.03000624105334282,0.9990023970603943,0.2660473585128784,0.41616395115852356,0.060800306499004364,0.8575640916824341,0.3813839554786682,0.40556102991104126,0.08840338885784149,0.6253658533096313,0.2772037982940674,0.4248712956905365,0.25563040375709534,0.06829991936683655,0.35284048318862915,0.41335171461105347,0.28643113374710083,0.04713190346956253,0.2789243161678314,0.42788881063461304,0.26710301637649536,0.055266886949539185,0.34816858172416687,0.42992323637008667,0.3154691457748413,0.046344269067049026,0.28569111227989197,0.42222467064857483,0.27430805563926697,0.053296349942684174,0.341854453086853,0.4126964807510376,0.3099460005760193,0.04594246298074722,0.2872809171676636,0.41620680689811707,0.2621852159500122,0.053741663694381714,0.34199973940849304,0.4071170389652252,0.28932809829711914,0.04639359191060066,0.30574649572372437,0.4920565187931061,-0.015888039022684097,0.999210774898529,0.35623687505722046,0.49112632870674133,0.015575036406517029,0.999059796333313,0.29600653052330017,0.6071100234985352,0.23899443447589874,0.9843459725379944,0.35247406363487244,0.5750064849853516,0.3600924015045166,0.9228875637054443,0.2887253761291504,0.7298338413238525,0.39030399918556213,0.9718449711799622,0.3581642210483551,0.662003755569458,0.5843688249588013,0.9420416355133057,0.28877073526382446,0.753468930721283,0.41292494535446167,0.977142333984375,0.36016443371772766,0.6836381554603577,0.613927960395813,0.953548014163971,0.267791748046875,0.7380416989326477,0.4352964460849762,0.8306334614753723,0.35502901673316956,0.6648035645484924,0.6528311967849731,0.7093438506126404
261,0.3433542847633362,0.2376047819852829,0.12176291644573212,0.9991739392280579,0.3397177457809448,0.22534650564193726,0.0867607444524765,0.9991117119789124,0.3369847536087036,0.22464735805988312,0.08673723042011261,0.9991155862808228,0.33414003252983093,0.22412140667438507,0.0866486057639122,0.9990712404251099,0.34709593653678894,0.22635479271411896,0.08809775859117508,0.9992444515228271,0.34966903924942017,0.2263120710849762,0.0880664587020874,0.999248206615448,0.3520122468471527,0.2263040542602539,0.08799091726541519,0.9991850256919861,0.32747215032577515,0.23067134618759155,-0.022216055542230606,0.99912029504776,0.3527536988258362,0.23240189254283905,-0.01844875141978264,0.9990450143814087,0.33889102935791016,0.24724534153938293,0.09163489937782288,0.998959481716156,0.34578195214271545,0.24850453436374664,0.09255547821521759,0.9990437030792236,0.28497591614723206,0.30615997314453125,-0.08833921700716019,0.9994281530380249,0.37392815947532654,0.3009525239467621,-0.0253478791564703,0.9989846348762512,0.2688901424407959,0.4255746304988861,0.04193432256579399,0.861320436000824,0.385997474193573,0.4055141806602478,0.10522125661373138,0.599783182144165,0.27639347314834595,0.42544808983802795,0.2211715281009674,0.06887662410736084,0.3579864501953125,0.41408979892730713,0.29544302821159363,0.04468035325407982,0.27321934700012207,0.43180030584335327,0.23014941811561584,0.056199319660663605,0.3520764708518982,0.429225355386734,0.32245558500289917,0.04452517256140709,0.27829572558403015,0.42521360516548157,0.23612073063850403,0.053984761238098145,0.3468746244907379,0.4125811755657196,0.3150230050086975,0.044201187789440155,0.2819693386554718,0.4199501574039459,0.2274070680141449,0.054429229348897934,0.3432474732398987,0.4112192392349243,0.296996533870697,0.04470806568861008,0.3143884539604187,0.49762222170829773,-0.031944725662469864,0.9992860555648804,0.3624381422996521,0.49450764060020447,0.031747814267873764,0.9991346001625061,0.29781264066696167,0.6110629439353943,0.21925926208496094,0.985746443271637,0.3578912913799286,0.5777629017829895,0.36194074153900146,0.9256056547164917,0.28869566321372986,0.7295453548431396,0.3914952874183655,0.9740673303604126,0.3604353666305542,0.6637383103370667,0.6164242625236511,0.9431616067886353,0.28981736302375793,0.7514965534210205,0.4169107973575592,0.9788334965705872,0.36484402418136597,0.6867696046829224,0.648871123790741,0.9547133445739746,0.26646390557289124,0.7362890839576721,0.4381205141544342,0.8340652585029602,0.35404253005981445,0.65829998254776,0.6876084208488464,0.7013196349143982
262,0.34567564725875854,0.24586839973926544,0.11409194767475128,0.9992209076881409,0.34173426032066345,0.23475077748298645,0.07935893535614014,0.9991589188575745,0.33894962072372437,0.2343263179063797,0.07934750616550446,0.9991616010665894,0.3361850380897522,0.23403945565223694,0.07927116006612778,0.9991180896759033,0.34889546036720276,0.23531371355056763,0.08036305010318756,0.9992873668670654,0.35157421231269836,0.2351827770471573,0.0803486630320549,0.9992915987968445,0.35410076379776,0.23512296378612518,0.08027131855487823,0.9992319941520691,0.32964059710502625,0.2404288798570633,-0.026954088360071182,0.9991652369499207,0.35543039441108704,0.2408776879310608,-0.023883497342467308,0.9991010427474976,0.34147101640701294,0.25564101338386536,0.08520326763391495,0.9990121722221375,0.34856322407722473,0.2570529580116272,0.08594543486833572,0.999089241027832,0.2897300124168396,0.3171353340148926,-0.08537854999303818,0.9994522929191589,0.37859272956848145,0.3083142042160034,-0.02733973227441311,0.9989963173866272,0.27425068616867065,0.43124130368232727,0.037606578320264816,0.8643141388893127,0.3953109681606293,0.4096459448337555,0.09059479832649231,0.6050220727920532,0.2796880602836609,0.4267754554748535,0.23083528876304626,0.0692383348941803,0.3693566918373108,0.4150844216346741,0.26605600118637085,0.04573829844594002,0.2763105630874634,0.42911291122436523,0.2399451732635498,0.05738025903701782,0.3644576966762543,0.4219374358654022,0.2911091446876526,0.04630992189049721,0.2812426686286926,0.4237150251865387,0.24549242854118347,0.05487116053700447,0.35916632413864136,0.4109344184398651,0.28499093651771545,0.046038296073675156,0.28652650117874146,0.4204622507095337,0.23711876571178436,0.05549030750989914,0.35940855741500854,0.4112408757209778,0.2679779529571533,0.04642114415764809,0.32276037335395813,0.5029358863830566,-0.030733641237020493,0.999353289604187,0.36909669637680054,0.49881812930107117,0.030551519244909286,0.9992014765739441,0.30313530564308167,0.6074141263961792,0.23967263102531433,0.9870086908340454,0.36602914333343506,0.579619824886322,0.37156981229782104,0.9289251565933228,0.2895359396934509,0.7240594029426575,0.41069039702415466,0.97626793384552,0.3689734935760498,0.6514323353767395,0.6002619862556458,0.9461097717285156,0.29521870613098145,0.7427324652671814,0.4354318082332611,0.9805450439453125,0.365609735250473,0.676000714302063,0.630372166633606,0.9571971893310547,0.27266526222229004,0.7320800423622131,0.46246853470802307,0.8431893587112427,0.35962173342704773,0.6538817286491394,0.6714112758636475,0.7096498012542725
263,0.34993618726730347,0.25646287202835083,0.10531461238861084,0.9992762804031372,0.3455873429775238,0.24663276970386505,0.07269503176212311,0.9992200136184692,0.34289222955703735,0.24629777669906616,0.07270938903093338,0.9992204904556274,0.34029561281204224,0.24619391560554504,0.07261596620082855,0.9991801977157593,0.3524704575538635,0.24697214365005493,0.07330586016178131,0.9993424415588379,0.3550134599208832,0.24686603248119354,0.07328083366155624,0.9993457198143005,0.35745278000831604,0.24684755504131317,0.07324624806642532,0.9992918372154236,0.33374643325805664,0.2524813413619995,-0.029174398630857468,0.9992201924324036,0.3587322533130646,0.2522395849227905,-0.026410628110170364,0.9991635680198669,0.34637802839279175,0.2657996118068695,0.07798127084970474,0.999067485332489,0.35297343134880066,0.2671598196029663,0.07884739339351654,0.9991418123245239,0.29441434144973755,0.3329399526119232,-0.08126144111156464,0.9994736313819885,0.38198724389076233,0.32121723890304565,-0.028446290642023087,0.9990323185920715,0.27989742159843445,0.43742191791534424,0.06453905999660492,0.8533771634101868,0.40603500604629517,0.419066846370697,0.08134026825428009,0.6150144934654236,0.297555148601532,0.4235333204269409,0.2795385718345642,0.06550758332014084,0.39362257719039917,0.4163682758808136,0.24629390239715576,0.05027101933956146,0.3008314371109009,0.4235348403453827,0.29390761256217957,0.05488079786300659,0.3986932635307312,0.42390480637550354,0.26843345165252686,0.05214711278676987,0.30832189321517944,0.41506949067115784,0.2971686124801636,0.05253364518284798,0.3915669620037079,0.41157305240631104,0.2636943459510803,0.05222810432314873,0.30769509077072144,0.4168036878108978,0.2862568497657776,0.05345173925161362,0.3892280161380768,0.41159364581108093,0.24990200996398926,0.05164485052227974,0.3299289643764496,0.5117487907409668,-0.032117344439029694,0.9994142651557922,0.3771079480648041,0.5069454312324524,0.031857918947935104,0.9992677569389343,0.3117544949054718,0.5920313000679016,0.2589304745197296,0.9873433113098145,0.37439361214637756,0.5800978541374207,0.3937627673149109,0.913428783416748,0.3006358742713928,0.7061992287635803,0.3925475776195526,0.9774953722953796,0.37505292892456055,0.6452810168266296,0.5606595277786255,0.9435272216796875,0.30981892347335815,0.7217003703117371,0.4069702625274658,0.9814721345901489,0.37153682112693787,0.6577614545822144,0.5866628885269165,0.955941915512085,0.2868439555168152,0.7245147824287415,0.447765052318573,0.848068118095398,0.36748117208480835,0.6535918712615967,0.6210377812385559,0.7073496580123901
264,0.351173460483551,0.27233362197875977,0.08946273475885391,0.9993424415588379,0.34639495611190796,0.26292407512664795,0.05698457360267639,0.9992879033088684,0.3438616096973419,0.2626943290233612,0.05700602009892464,0.9992873668670654,0.34142011404037476,0.2626790404319763,0.05697466805577278,0.9992509484291077,0.35328155755996704,0.2632777690887451,0.05703545734286308,0.9994010329246521,0.355584979057312,0.2633001506328583,0.057038672268390656,0.9994035363197327,0.3580694794654846,0.2632252275943756,0.0569753535091877,0.9993549585342407,0.3353034555912018,0.2693186402320862,-0.0395674929022789,0.9992852807044983,0.3595127761363983,0.268185555934906,-0.038881681859493256,0.9992316961288452,0.3479396402835846,0.2818748652935028,0.06422339379787445,0.9991429448127747,0.3545519709587097,0.28277862071990967,0.06440597772598267,0.9992114305496216,0.3001108765602112,0.3480962812900543,-0.08459317684173584,0.9994938969612122,0.38853198289871216,0.3406573235988617,-0.04032740369439125,0.9990675449371338,0.29088908433914185,0.4443836808204651,0.05025075003504753,0.8485736846923828,0.4139896333217621,0.43380898237228394,0.0642789974808693,0.6349194049835205,0.3155665993690491,0.4197908043861389,0.24216187000274658,0.06440279632806778,0.3965734839439392,0.41719621419906616,0.2072504460811615,0.06108609586954117,0.3190823495388031,0.4164692163467407,0.25472918152809143,0.05583133175969124,0.4004916548728943,0.4263511002063751,0.23049619793891907,0.06522736698389053,0.32841652631759644,0.4099043607711792,0.2595297694206238,0.05308462306857109,0.3910169303417206,0.41398388147354126,0.22470314800739288,0.06472491472959518,0.32982969284057617,0.41137829422950745,0.24870650470256805,0.054362956434488297,0.38812869787216187,0.41480445861816406,0.20919735729694366,0.06253108382225037,0.33571797609329224,0.5196033120155334,-0.030686253681778908,0.999460756778717,0.38468748331069946,0.5161863565444946,0.030408432707190514,0.9993078708648682,0.3180435001850128,0.5711094737052917,0.2985973060131073,0.9869595766067505,0.37996163964271545,0.5767241716384888,0.40129169821739197,0.9062608480453491,0.3094327747821808,0.6816014051437378,0.38442450761795044,0.9790668487548828,0.3703894317150116,0.6521440744400024,0.5061900615692139,0.9470452666282654,0.31508058309555054,0.6985263824462891,0.3918136656284332,0.9828440546989441,0.3702140152454376,0.6696074604988098,0.5226010680198669,0.9591920375823975,0.30260905623435974,0.6955791115760803,0.42889198660850525,0.8587079644203186,0.36939147114753723,0.656211793422699,0.5599854588508606,0.7259119153022766
265,0.3530260920524597,0.28827130794525146,0.09270299971103668,0.999370813369751,0.3480979800224304,0.27910131216049194,0.061872292309999466,0.9993064999580383,0.34556007385253906,0.27900561690330505,0.061861563473939896,0.9992997646331787,0.3429832458496094,0.2790429890155792,0.06186504289507866,0.9992716312408447,0.3554246127605438,0.2791968286037445,0.061182983219623566,0.9994217157363892,0.3577567934989929,0.2791648209095001,0.06123149394989014,0.9994189739227295,0.36026549339294434,0.2790622413158417,0.061090581119060516,0.9993776082992554,0.33724895119667053,0.2853117883205414,-0.027706723660230637,0.999285876750946,0.36170366406440735,0.2836640179157257,-0.03111819550395012,0.9992110133171082,0.34956759214401245,0.29775866866111755,0.07164651155471802,0.9991240501403809,0.356837660074234,0.2983801066875458,0.07101095467805862,0.9991869926452637,0.3049921691417694,0.36317920684814453,-0.08399475365877151,0.9994955062866211,0.39170166850090027,0.35419538617134094,-0.034211669117212296,0.9990211129188538,0.30099600553512573,0.44813820719718933,0.007710319012403488,0.8393247723579407,0.417241632938385,0.443448543548584,0.041216570883989334,0.6295226216316223,0.32691797614097595,0.4199588894844055,0.12751524150371552,0.06533482670783997,0.3988766074180603,0.42145565152168274,0.12874573469161987,0.0651632696390152,0.3300068974494934,0.4153457581996918,0.12700656056404114,0.05823606252670288,0.403938353061676,0.43008482456207275,0.13950493931770325,0.07094225287437439,0.3392753601074219,0.40869033336639404,0.13300158083438873,0.05520809069275856,0.39353838562965393,0.42339298129081726,0.13515600562095642,0.06998038291931152,0.34070149064064026,0.41064831614494324,0.13232605159282684,0.056946657598018646,0.39027079939842224,0.4238552153110504,0.12874242663383484,0.06709418445825577,0.34108322858810425,0.5301185250282288,-0.029690900817513466,0.9994967579841614,0.39004915952682495,0.5268996953964233,0.02943340875208378,0.9993265271186829,0.3248231112957001,0.5678799152374268,0.33245953917503357,0.9800506234169006,0.3794630765914917,0.5722320079803467,0.4081161618232727,0.8706408143043518,0.32073259353637695,0.6727808713912964,0.4301083981990814,0.9777438640594482,0.36795005202293396,0.6528034210205078,0.509037435054779,0.9444832801818848,0.3249894976615906,0.6873558759689331,0.4473956227302551,0.9828248023986816,0.36886832118034363,0.670425534248352,0.5332102179527283,0.9600231647491455,0.3080013394355774,0.6713875532150269,0.47902393341064453,0.8593149185180664,0.36485904455184937,0.6560261845588684,0.5677930116653442,0.7279370427131653
266,0.35712480545043945,0.3060479760169983,0.07356153428554535,0.9993586540222168,0.3520278334617615,0.29667288064956665,0.039648912847042084,0.9992986917495728,0.349393755197525,0.2966513931751251,0.039633024483919144,0.9992759823799133,0.3468000590801239,0.29673516750335693,0.03957444801926613,0.9992580413818359,0.35936176776885986,0.29665252566337585,0.03992241993546486,0.9994220733642578,0.3617362082004547,0.2965880334377289,0.03993048146367073,0.9994065761566162,0.364246666431427,0.2965497672557831,0.03983060643076897,0.9993752241134644,0.34074538946151733,0.30273914337158203,-0.05885843560099602,0.9992429614067078,0.3654191792011261,0.3010939359664917,-0.05684441328048706,0.9991561770439148,0.35362011194229126,0.3156501352787018,0.048242636024951935,0.9990491271018982,0.36101585626602173,0.31604400277137756,0.0487617589533329,0.9990900754928589,0.30797022581100464,0.38135236501693726,-0.10754986852407455,0.999498724937439,0.39654555916786194,0.3706527054309845,-0.04962017759680748,0.9989254474639893,0.3044578433036804,0.45519644021987915,-0.0014420942170545459,0.8202189803123474,0.4204060137271881,0.4568524658679962,0.048278313130140305,0.6234797239303589,0.3299333155155182,0.41953355073928833,0.13827729225158691,0.06558838486671448,0.4021375775337219,0.42900168895721436,0.16664057970046997,0.07156778126955032,0.33270788192749023,0.4138651192188263,0.13757272064685822,0.05998450145125389,0.4078042507171631,0.4351363778114319,0.17827388644218445,0.07925797998905182,0.34095078706741333,0.4069296717643738,0.13828925788402557,0.0567871555685997,0.3977086842060089,0.42867377400398254,0.17250613868236542,0.0778638944029808,0.3426367938518524,0.4092017114162445,0.1412665992975235,0.059036608785390854,0.3942848742008209,0.42927780747413635,0.16704973578453064,0.0734616070985794,0.34509462118148804,0.5434104800224304,-0.03731571510434151,0.9995401501655579,0.3952213525772095,0.5383227467536926,0.03719209134578705,0.9993584156036377,0.32622000575065613,0.5731037855148315,0.30860957503318787,0.972968339920044,0.3790387511253357,0.5659008026123047,0.4536946713924408,0.8087487816810608,0.3349422216415405,0.6809205412864685,0.45494285225868225,0.975304126739502,0.3716328740119934,0.6346703767776489,0.6444287896156311,0.927566647529602,0.34111639857292175,0.6959909200668335,0.4781872630119324,0.981926679611206,0.3754752576351166,0.6502426266670227,0.6704889535903931,0.9543647170066833,0.32767242193222046,0.685533881187439,0.5085912942886353,0.8611811399459839,0.3628891706466675,0.6367502808570862,0.7063230872154236,0.7167904376983643
267,0.3610007166862488,0.3248341977596283,0.04197913035750389,0.999261200428009,0.35599544644355774,0.31538766622543335,0.009468145668506622,0.9992146492004395,0.35331183671951294,0.3153514564037323,0.00946517288684845,0.999160885810852,0.3507668673992157,0.31542396545410156,0.00941547378897667,0.9991527199745178,0.36296212673187256,0.31543734669685364,0.010256128385663033,0.9993703961372375,0.3653274476528168,0.3154265284538269,0.01025527436286211,0.9993392825126648,0.3676833212375641,0.3154471218585968,0.010140730068087578,0.999325156211853,0.3447670638561249,0.32133948802948,-0.07967275381088257,0.9990821480751038,0.3686642348766327,0.3202013671398163,-0.07509543746709824,0.9990431666374207,0.3580121397972107,0.33460700511932373,0.019828295335173607,0.9988142848014832,0.3648015260696411,0.3351077139377594,0.021050726994872093,0.9988213777542114,0.3113079369068146,0.3993588984012604,-0.10516971349716187,0.999436616897583,0.4004822373390198,0.3900417387485504,-0.06714538484811783,0.9986152052879333,0.3165886104106903,0.458134263753891,0.0036920704878866673,0.7660177946090698,0.4209200441837311,0.47239625453948975,0.04606005176901817,0.5994415283203125,0.3408152163028717,0.4150731861591339,0.16285574436187744,0.06463773548603058,0.4095534682273865,0.47227010130882263,0.16843225061893463,0.07447024434804916,0.3416803181171417,0.4079059064388275,0.16785375773906708,0.060635756701231,0.41182461380958557,0.4738655984401703,0.17859366536140442,0.08425669372081757,0.3495294451713562,0.40075764060020447,0.17044636607170105,0.05732164904475212,0.4017924666404724,0.4681420624256134,0.16740605235099792,0.08255497366189957,0.35233286023139954,0.40350642800331116,0.16799333691596985,0.05988829955458641,0.3980662226676941,0.46742016077041626,0.16695697605609894,0.07750498503446579,0.3487546145915985,0.5609838366508484,-0.03591161221265793,0.9995697140693665,0.3986302316188812,0.5527803897857666,0.03560849279165268,0.9993458986282349,0.3343936800956726,0.574845552444458,0.3062031865119934,0.9485686421394348,0.37687623500823975,0.5726563930511475,0.4127805233001709,0.739185094833374,0.3474540710449219,0.6826396584510803,0.4464143216609955,0.9636710286140442,0.37367862462997437,0.6399708390235901,0.6279376745223999,0.8895871043205261,0.3524593710899353,0.7008450627326965,0.4704892039299011,0.9745287895202637,0.37115535140037537,0.6568632125854492,0.6554089188575745,0.9334955215454102,0.3386687636375427,0.6932238340377808,0.49236583709716797,0.8524433374404907,0.36443430185317993,0.6390392184257507,0.6835021376609802,0.6939043998718262
268,0.36324867606163025,0.3442184329032898,0.02757003903388977,0.999002993106842,0.3587924838066101,0.3354036509990692,-0.0039179157465696335,0.999010443687439,0.35635659098625183,0.33543574810028076,-0.003950655926018953,0.9988958835601807,0.35406461358070374,0.3356001079082489,-0.004018913023173809,0.9989271759986877,0.3652999997138977,0.33558693528175354,-0.0034453044645488262,0.9992130994796753,0.36759769916534424,0.33566567301750183,-0.0034566386602818966,0.9991437792778015,0.3699769675731659,0.33572670817375183,-0.003569409716874361,0.9991540312767029,0.3490564227104187,0.34222325682640076,-0.09066368639469147,0.998755931854248,0.3715774416923523,0.3407690227031708,-0.08782859891653061,0.9986897110939026,0.36069995164871216,0.35372188687324524,0.005740778520703316,0.9983747005462646,0.36700502038002014,0.3543812334537506,0.006448816508054733,0.9982240200042725,0.3173666000366211,0.4146590232849121,-0.11262303590774536,0.9993636608123779,0.4049084186553955,0.4083602726459503,-0.08154997229576111,0.9978194832801819,0.3301061987876892,0.471733957529068,-0.016292860731482506,0.7122394442558289,0.4292735457420349,0.49124765396118164,0.003812036942690611,0.5614989995956421,0.3526284098625183,0.4283645451068878,0.10011892020702362,0.0632171779870987,0.4170289635658264,0.4824094772338867,0.08408597856760025,0.07415111362934113,0.3537563979625702,0.4196116626262665,0.09690264612436295,0.0604015588760376,0.4184342920780182,0.48308077454566956,0.08583042025566101,0.08589303493499756,0.36077257990837097,0.412321537733078,0.09478381276130676,0.057098038494586945,0.4079219400882721,0.47698497772216797,0.07531620562076569,0.08410473167896271,0.3634779751300812,0.41613006591796875,0.10097718238830566,0.05991954356431961,0.40418267250061035,0.47658270597457886,0.08106185495853424,0.07867605239152908,0.35365450382232666,0.5800352692604065,-0.03438325971364975,0.9995871782302856,0.4036567211151123,0.5699961185455322,0.03430832177400589,0.9992475509643555,0.34169507026672363,0.5855904817581177,0.283422589302063,0.9191116094589233,0.3758177161216736,0.5826853513717651,0.4035864472389221,0.6710023880004883,0.3530030846595764,0.6872181296348572,0.451530396938324,0.9433361887931824,0.37488240003585815,0.6406233310699463,0.6132312417030334,0.8333458304405212,0.35733917355537415,0.7032682299613953,0.47558116912841797,0.9593608975410461,0.37732994556427,0.6556798815727234,0.6402271389961243,0.8959289789199829,0.33897173404693604,0.6948449015617371,0.4857596457004547,0.8303101062774658,0.36348217725753784,0.6347274780273438,0.6613495349884033,0.6562342047691345
269,0.3674952983856201,0.3640742897987366,0.014665509574115276,0.9988848567008972,0.3630898594856262,0.35593992471694946,-0.017340270802378654,0.9989098906517029,0.3605113923549652,0.3561326265335083,-0.01735154539346695,0.9987624883651733,0.358094722032547,0.35645782947540283,-0.01740415021777153,0.9987767934799194,0.3700631558895111,0.35580578446388245,-0.016560185700654984,0.9991602897644043,0.37262582778930664,0.355832040309906,-0.016587678343057632,0.9990874528884888,0.3751058280467987,0.3558850884437561,-0.016724422574043274,0.9991157054901123,0.3529015779495239,0.36321064829826355,-0.10543439537286758,0.9985917210578918,0.3771832287311554,0.36143919825553894,-0.10068325698375702,0.9986366033554077,0.3645927608013153,0.3737335503101349,-0.007926179096102715,0.9982303977012634,0.37170079350471497,0.37407320737838745,-0.006702031008899212,0.9980901479721069,0.3213425278663635,0.4333401322364807,-0.11981773376464844,0.9993337392807007,0.41111254692077637,0.4281577169895172,-0.09105943888425827,0.9977979063987732,0.33956998586654663,0.49136167764663696,-0.005075186491012573,0.6506624817848206,0.4361785352230072,0.5282608270645142,0.016040338203310966,0.5316815972328186,0.3625384569168091,0.454867959022522,0.14090515673160553,0.060374900698661804,0.4285365045070648,0.5316466689109802,0.12268038094043732,0.07571180909872055,0.3632701635360718,0.4492502212524414,0.14322835206985474,0.059052836149930954,0.43261462450027466,0.5373426675796509,0.1285942792892456,0.08969288319349289,0.3694826364517212,0.44216105341911316,0.14074189960956573,0.055912863463163376,0.4249054491519928,0.5317651629447937,0.11548849195241928,0.08766081929206848,0.37279942631721497,0.44491782784461975,0.14350362122058868,0.0587908960878849,0.4206031858921051,0.5294595956802368,0.1199529767036438,0.08142700791358948,0.36162158846855164,0.5991076827049255,-0.03378412872552872,0.9996116757392883,0.4124537408351898,0.5901983976364136,0.03362075984477997,0.9992660284042358,0.34011152386665344,0.5773552060127258,0.2522118389606476,0.8934614658355713,0.37710559368133545,0.5803144574165344,0.39708268642425537,0.6092949509620667,0.3559507727622986,0.6882300972938538,0.44474777579307556,0.9229850172996521,0.3777911961078644,0.6416307687759399,0.6291457414627075,0.7801393866539001,0.35860687494277954,0.7060469388961792,0.47020643949508667,0.9457658529281616,0.38081464171409607,0.6579276323318481,0.6574863195419312,0.8559921979904175,0.3408011496067047,0.6963570713996887,0.49131232500076294,0.812324047088623,0.36758390069007874,0.6357966661453247,0.6850060224533081,0.6210218667984009
270,0.37309837341308594,0.3865329921245575,0.01657237857580185,0.9989664554595947,0.3685203194618225,0.378266304731369,-0.01514572836458683,0.9989883303642273,0.3659321367740631,0.3785563111305237,-0.015120124444365501,0.9988471865653992,0.36343756318092346,0.37888774275779724,-0.015137733891606331,0.9988551139831543,0.37562698125839233,0.37776806950569153,-0.013782630674540997,0.999226987361908,0.37819135189056396,0.37769320607185364,-0.01383303850889206,0.9991610646247864,0.38065433502197266,0.37771397829055786,-0.0139542818069458,0.999189555644989,0.358549565076828,0.3855615258216858,-0.10530824959278107,0.9986939430236816,0.3830970227718353,0.38398683071136475,-0.09797536581754684,0.9987542033195496,0.3701866567134857,0.39658886194229126,-0.00767863541841507,0.9983699917793274,0.3774276077747345,0.39719724655151367,-0.005636999849230051,0.9982516765594482,0.3294478952884674,0.45747435092926025,-0.11100368201732635,0.9993631839752197,0.4176158905029297,0.4551125466823578,-0.1021820455789566,0.9979870319366455,0.34408217668533325,0.5030969381332397,0.020588595420122147,0.5932650566101074,0.43931418657302856,0.5521246194839478,-0.003515360876917839,0.5174848437309265,0.3591321110725403,0.4665853679180145,0.1633579432964325,0.06155424192547798,0.4444740414619446,0.5523168444633484,0.09755069017410278,0.08494638651609421,0.3575360178947449,0.46174392104148865,0.16401152312755585,0.06203645095229149,0.4545169472694397,0.5807243585586548,0.10207054764032364,0.10047296434640884,0.3637777864933014,0.4546990394592285,0.14319981634616852,0.05896170064806938,0.4519173204898834,0.5625756978988647,0.08406288921833038,0.0983484759926796,0.36819925904273987,0.45716792345046997,0.16120445728302002,0.06113918498158455,0.4435938000679016,0.5712345838546753,0.09279000014066696,0.09086821973323822,0.36639806628227234,0.6176019310951233,-0.016696041449904442,0.9996423721313477,0.417344331741333,0.6119509935379028,0.01651371270418167,0.9993264675140381,0.3416236639022827,0.5693957209587097,0.2555851936340332,0.8605617880821228,0.38817617297172546,0.5698125958442688,0.33164674043655396,0.5545369982719421,0.3479944169521332,0.6904946565628052,0.4529053568840027,0.8921145796775818,0.3800963759422302,0.6390426754951477,0.5807703733444214,0.7228694558143616,0.3511437773704529,0.7075177431106567,0.4776114821434021,0.9212021827697754,0.3795873820781708,0.6581477522850037,0.6104817390441895,0.8073765635490417,0.34193161129951477,0.6974273920059204,0.5018331408500671,0.7873965501785278,0.37516674399375916,0.6289178729057312,0.6444839239120483,0.5852115154266357
271,0.3900565505027771,0.41508644819259644,-0.0022199111990630627,0.9990355372428894,0.38472649455070496,0.404776006937027,-0.03054041787981987,0.999053955078125,0.3823980391025543,0.40481939911842346,-0.03050670586526394,0.998910665512085,0.3800729513168335,0.40496495366096497,-0.03049258328974247,0.998911440372467,0.390468567609787,0.40474560856819153,-0.03390345722436905,0.9992861151695251,0.3922516405582428,0.4047442376613617,-0.033948756754398346,0.9992265701293945,0.3939288258552551,0.40470075607299805,-0.03411238640546799,0.9992561936378479,0.37374305725097656,0.41069895029067993,-0.10305068641901016,0.9987733960151672,0.39421242475509644,0.4099833369255066,-0.11786254495382309,0.998863160610199,0.3872073292732239,0.4250984787940979,-0.019410403445363045,0.9984960556030273,0.39297324419021606,0.4262402355670929,-0.023919789120554924,0.9983991980552673,0.3382163643836975,0.47857657074928284,-0.09027262777090073,0.999393880367279,0.4265906810760498,0.4793996810913086,-0.12832465767860413,0.998170018196106,0.3561848998069763,0.5218620896339417,0.06472878158092499,0.5397050976753235,0.4459550380706787,0.5781220197677612,-0.024187881499528885,0.51723712682724,0.3785135746002197,0.4923567771911621,0.21056199073791504,0.06295505166053772,0.45567575097084045,0.601843535900116,0.10479100048542023,0.10668283700942993,0.37679848074913025,0.4882325232028961,0.21663880348205566,0.06522788107395172,0.46323585510253906,0.6147179007530212,0.11132274568080902,0.12191532552242279,0.38316449522972107,0.4828096330165863,0.20750518143177032,0.061966750770807266,0.45944252610206604,0.6098791360855103,0.09371016919612885,0.11922387033700943,0.38778388500213623,0.485523521900177,0.20992577075958252,0.06372727453708649,0.4540066719055176,0.6060476899147034,0.10104896873235703,0.10952172428369522,0.36988306045532227,0.6433145403862,0.004765968769788742,0.9996690154075623,0.4244803488254547,0.6381310224533081,-0.004906587302684784,0.9993801116943359,0.347740113735199,0.5892270803451538,0.28828197717666626,0.8358937501907349,0.40202492475509644,0.5802839398384094,0.2968727946281433,0.5110662579536438,0.3466119170188904,0.7183959484100342,0.5186313390731812,0.875289261341095,0.39332979917526245,0.6438489556312561,0.567294716835022,0.6812679171562195,0.348147988319397,0.7396918535232544,0.546809732913971,0.9096099734306335,0.39133256673812866,0.6635870337486267,0.5991155505180359,0.7718414664268494,0.34164780378341675,0.7073588967323303,0.5769299268722534,0.7709609270095825,0.3923206925392151,0.6341072916984558,0.6387704610824585,0.5625622868537903
272,0.3946341574192047,0.44064152240753174,0.01734035834670067,0.9989700317382812,0.389754980802536,0.43046703934669495,-0.009434585459530354,0.9989516735076904,0.3872606158256531,0.4302411675453186,-0.00939707551151514,0.9987777471542358,0.38476207852363586,0.43014174699783325,-0.0094016557559371,0.9987582564353943,0.39611369371414185,0.431134968996048,-0.015038050711154938,0.9992554783821106,0.3980119824409485,0.43131551146507263,-0.015064704231917858,0.9992002844810486,0.40000230073928833,0.43147534132003784,-0.015206304378807545,0.999241054058075,0.3787197470664978,0.43506672978401184,-0.0968729704618454,0.9986481070518494,0.40032559633255005,0.4357057213783264,-0.10561367124319077,0.9988595247268677,0.39066657423973083,0.45012882351875305,0.00020263744227122515,0.9982688426971436,0.39676207304000854,0.45077162981033325,-0.007415936328470707,0.9982921481132507,0.34336942434310913,0.4950990080833435,-0.06126959249377251,0.9993828535079956,0.43302807211875916,0.5004700422286987,-0.13270995020866394,0.9983217120170593,0.34858304262161255,0.5170320868492126,0.06655862927436829,0.49616992473602295,0.4481674134731293,0.5891817212104797,-0.09126251935958862,0.556955873966217,0.3745664954185486,0.4859999120235443,0.19853661954402924,0.06294822692871094,0.4878356456756592,0.6255083084106445,-0.04125567898154259,0.17310895025730133,0.3751980662345886,0.4804084599018097,0.20495498180389404,0.06486614793539047,0.4924606382846832,0.633515477180481,-0.049545768648386,0.1826661229133606,0.38306015729904175,0.4767250716686249,0.19584739208221436,0.06189222261309624,0.49017199873924255,0.6323296427726746,-0.058831650763750076,0.1798277646303177,0.38701072335243225,0.4800501763820648,0.19740892946720123,0.06368761509656906,0.48805636167526245,0.6302012205123901,-0.043668560683727264,0.16223663091659546,0.3740488886833191,0.6707597374916077,0.009965642355382442,0.9996618628501892,0.4263312816619873,0.662790834903717,-0.01007311511784792,0.9994012117385864,0.3461129665374756,0.6187747120857239,0.2754564881324768,0.7901523113250732,0.3984968662261963,0.6048591732978821,0.26941969990730286,0.47581207752227783,0.35053426027297974,0.7169638276100159,0.5230084657669067,0.8236628770828247,0.38638561964035034,0.6839736700057983,0.5362594723701477,0.6508229970932007,0.3521697223186493,0.7351608276367188,0.5522319078445435,0.8652268052101135,0.38578397035598755,0.7025955319404602,0.566239595413208,0.7436732053756714,0.3448307514190674,0.7211897969245911,0.5734106302261353,0.7305302619934082,0.38319534063339233,0.6800199151039124,0.5864257216453552,0.5488253235816956
273,0.4069799780845642,0.46534857153892517,0.001564755686558783,0.9987882375717163,0.40225139260292053,0.45770078897476196,-0.028325393795967102,0.9986453652381897,0.3994244933128357,0.4576830565929413,-0.0282865259796381,0.9984560608863831,0.3965407609939575,0.4578034579753876,-0.02828238531947136,0.9983490109443665,0.4103006422519684,0.4578873813152313,-0.028033455833792686,0.9991082549095154,0.41301122307777405,0.45761793851852417,-0.028050079941749573,0.9990882277488708,0.4156474471092224,0.4572393298149109,-0.028199389576911926,0.9991248846054077,0.39155882596969604,0.46384671330451965,-0.11208277940750122,0.9983097910881042,0.41688665747642517,0.46120670437812805,-0.1080288290977478,0.9987248778343201,0.4025638997554779,0.47359925508499146,-0.019623761996626854,0.9976732134819031,0.41056331992149353,0.474554181098938,-0.0191643163561821,0.9978776574134827,0.35945987701416016,0.5140398740768433,-0.1001497358083725,0.9993855953216553,0.4476153254508972,0.5171241164207458,-0.11995615065097809,0.9984307289123535,0.34696894884109497,0.5045834183692932,0.039391495287418365,0.4631870985031128,0.46185749769210815,0.6090255975723267,-0.05867039039731026,0.5918350219726562,0.3697514533996582,0.472616046667099,0.187887042760849,0.07461130619049072,0.4930487275123596,0.6565049886703491,0.010905025526881218,0.23304247856140137,0.37153372168540955,0.4750964343547821,0.19939787685871124,0.07522972673177719,0.4984782338142395,0.6722646355628967,0.010889359749853611,0.23606827855110168,0.3804227411746979,0.4629802107810974,0.18338117003440857,0.07221506536006927,0.49515995383262634,0.6702590584754944,-0.0027995146811008453,0.23260897397994995,0.38435202836990356,0.46542996168136597,0.18513265252113342,0.07212330400943756,0.49153628945350647,0.6643315553665161,0.007705374620854855,0.20912282168865204,0.3813391625881195,0.6864728927612305,0.007505373097956181,0.9996508359909058,0.4296610951423645,0.6840689182281494,-0.0072862193919718266,0.9994150996208191,0.35654643177986145,0.6392610669136047,0.22105184197425842,0.7440651655197144,0.4031439423561096,0.627395510673523,0.2855779528617859,0.43357929587364197,0.3502182960510254,0.7304799556732178,0.4820100665092468,0.7731088399887085,0.38269296288490295,0.7072629332542419,0.5364097356796265,0.6081112027168274,0.35263699293136597,0.7490387558937073,0.5077327489852905,0.8115613460540771,0.3763490617275238,0.7279024720191956,0.563318133354187,0.7045360803604126,0.34042778611183167,0.7194049954414368,0.5331711769104004,0.687450110912323,0.3681742548942566,0.6966466903686523,0.5792430639266968,0.5248990654945374
274,0.41664162278175354,0.4816875457763672,-0.047039471566677094,0.998833417892456,0.4126345217227936,0.47688114643096924,-0.07866039872169495,0.9987115263938904,0.40978890657424927,0.476908415555954,-0.07863949239253998,0.9985309839248657,0.40718215703964233,0.4771024286746979,-0.07864699512720108,0.9984320998191833,0.42079034447669983,0.47848114371299744,-0.07304125279188156,0.999130368232727,0.42359286546707153,0.47942158579826355,-0.07309970259666443,0.9991044998168945,0.4262971878051758,0.4801141917705536,-0.07320930063724518,0.9991490840911865,0.4037962853908539,0.4864605665206909,-0.16964146494865417,0.9984034299850464,0.428967148065567,0.4893970787525177,-0.1442151516675949,0.9987829327583313,0.4126057028770447,0.4928750693798065,-0.0723019391298294,0.9978501796722412,0.4196707606315613,0.497600257396698,-0.06524909287691116,0.9980382919311523,0.3718615174293518,0.5398465394973755,-0.17619600892066956,0.9994351863861084,0.45868125557899475,0.5562668442726135,-0.14137640595436096,0.9985814094543457,0.3548862338066101,0.6322645545005798,-0.10237930715084076,0.4534889757633209,0.47296562790870667,0.6457404494285583,-0.10588409751653671,0.6194809675216675,0.3696894645690918,0.693921685218811,-0.023136137053370476,0.09631848335266113,0.49599894881248474,0.711332380771637,-0.065359927713871,0.2877925932407379,0.3714946508407593,0.7080399394035339,-0.032291773706674576,0.0934089794754982,0.5006831884384155,0.7199958562850952,-0.07639437913894653,0.28445717692375183,0.3762122690677643,0.711562991142273,-0.041131120175123215,0.09120574593544006,0.5031981468200684,0.715389609336853,-0.09297086298465729,0.28141406178474426,0.37756600975990295,0.7080989480018616,-0.025640789419412613,0.0886147990822792,0.4984017014503479,0.7104847431182861,-0.07200103253126144,0.2551480233669281,0.3856715261936188,0.7071488499641418,-0.013454782776534557,0.9996339678764343,0.4271094799041748,0.6998068690299988,0.0135213453322649,0.9994229078292847,0.36814528703689575,0.6245554685592651,0.1947491616010666,0.6798018217086792,0.4119492471218109,0.6214532852172852,0.25742650032043457,0.39464089274406433,0.36695221066474915,0.6835231184959412,0.4718036651611328,0.706364631652832,0.38872069120407104,0.6949366331100464,0.5242464542388916,0.5542611479759216,0.36912626028060913,0.6967182755470276,0.4994184374809265,0.741707444190979,0.3851682245731354,0.7207251787185669,0.5519371032714844,0.6446477174758911,0.3611537218093872,0.6695573925971985,0.5204273462295532,0.6294186115264893,0.3791847229003906,0.6857869029045105,0.5574240684509277,0.48057255148887634
275,0.435490220785141,0.5464518070220947,-0.017613515257835388,0.9988544583320618,0.433297336101532,0.5358232855796814,-0.04354577511548996,0.9987711310386658,0.43107977509498596,0.5350801944732666,-0.04355906695127487,0.998599112033844,0.42886415123939514,0.5342723727226257,-0.043581586331129074,0.9985142350196838,0.44005537033081055,0.5397160649299622,-0.04585690051317215,0.9991413950920105,0.44293975830078125,0.5403652787208557,-0.04591938108205795,0.9990926384925842,0.4451823830604553,0.5409072637557983,-0.04606335610151291,0.9991326928138733,0.4230729639530182,0.541138768196106,-0.13869602978229523,0.9984854459762573,0.44738849997520447,0.5468416213989258,-0.12877067923545837,0.9988204836845398,0.42974361777305603,0.5579716563224792,-0.03659631684422493,0.9980285167694092,0.4422673285007477,0.5573556423187256,-0.040149297565221786,0.9981930255889893,0.3856028914451599,0.579910159111023,-0.12929899990558624,0.9994842410087585,0.4641878008842468,0.6027818918228149,-0.1325293332338333,0.9987144470214844,0.366662859916687,0.6972511410713196,-0.06871791929006577,0.43314245343208313,0.48052722215652466,0.7018511295318604,-0.06794778257608414,0.6208544969558716,0.3805597424507141,0.7707680463790894,-0.06463073939085007,0.11846238374710083,0.4918825626373291,0.7137402892112732,0.017680030316114426,0.3108557462692261,0.3823467493057251,0.7878852486610413,-0.07806159555912018,0.1146475076675415,0.5021588802337646,0.718984842300415,0.016020284965634346,0.301241010427475,0.3863786458969116,0.7919948697090149,-0.08724832534790039,0.11337562650442123,0.4964863359928131,0.7111095786094666,0.003007671795785427,0.299599826335907,0.3866519331932068,0.7854366898536682,-0.06922827661037445,0.10757450759410858,0.49018073081970215,0.7099572420120239,0.013941163197159767,0.27100998163223267,0.38824135065078735,0.7320734262466431,0.014337305910885334,0.9996618628501892,0.43510013818740845,0.7306446433067322,-0.01457582600414753,0.9994738101959229,0.3768543601036072,0.6602764129638672,0.21936091780662537,0.6226742267608643,0.45339304208755493,0.6435303092002869,0.18196000158786774,0.36455827951431274,0.3769240081310272,0.703092634677887,0.4811578392982483,0.6480592489242554,0.4477255940437317,0.7024685144424438,0.466773122549057,0.5035706162452698,0.3790157437324524,0.7073200345039368,0.5090205073356628,0.682189404964447,0.4443272650241852,0.7168178558349609,0.4974493384361267,0.5885815024375916,0.3777824640274048,0.6934629082679749,0.5297669768333435,0.5756548643112183,0.45377716422080994,0.6971499919891357,0.5229284167289734,0.43756017088890076
276,0.43565741181373596,0.5634070634841919,-0.0020367722027003765,0.9988576173782349,0.4348248541355133,0.556811511516571,-0.007335119880735874,0.9988085627555847,0.4336041510105133,0.5589991807937622,-0.007358886301517487,0.9986417889595032,0.4308589994907379,0.5590625405311584,-0.007348963059484959,0.9985731840133667,0.44337350130081177,0.560763955116272,-0.016601135954260826,0.9991345405578613,0.4452109932899475,0.5608299970626831,-0.01666955091059208,0.9990614652633667,0.44706377387046814,0.5608990788459778,-0.016864053905010223,0.9991049766540527,0.43166667222976685,0.564331591129303,-0.041798003017902374,0.9985348582267761,0.44738632440567017,0.5685297846794128,-0.07707950472831726,0.998822033405304,0.4294124245643616,0.5713726878166199,-0.0004945680848322809,0.998164176940918,0.435377299785614,0.5730812549591064,-0.014529289677739143,0.9983171224594116,0.3857811391353607,0.6104339361190796,-0.039859987795352936,0.9995297789573669,0.4652766287326813,0.6152220964431763,-0.09791755676269531,0.99884033203125,0.3640724718570709,0.704957902431488,-0.040256012231111526,0.4379385709762573,0.47829669713974,0.6949702501296997,-0.04948709160089493,0.630224347114563,0.3769773542881012,0.7719681859016418,-0.01114211231470108,0.1454772651195526,0.4887811243534088,0.7244844436645508,0.0615345723927021,0.31538763642311096,0.37729817628860474,0.7897891402244568,-0.023250073194503784,0.13860070705413818,0.4962078928947449,0.7375000715255737,0.06746475398540497,0.2993278205394745,0.38240915536880493,0.7924174666404724,-0.025397520512342453,0.13757404685020447,0.49230629205703735,0.7193021178245544,0.05633139610290527,0.29764634370803833,0.3831214904785156,0.785708487033844,-0.013588274829089642,0.12678992748260498,0.4853614270687103,0.7277801036834717,0.05944141000509262,0.2688073515892029,0.39785557985305786,0.7412872910499573,0.03318042308092117,0.9996828436851501,0.4358557164669037,0.7463024854660034,-0.03356407955288887,0.9995183944702148,0.4242075979709625,0.6592416763305664,0.24957814812660217,0.5697128772735596,0.4655490815639496,0.6643829345703125,0.12075801193714142,0.3525353968143463,0.4127935469150543,0.7042098641395569,0.4824804663658142,0.5988869071006775,0.45677289366722107,0.7135918736457825,0.37703001499176025,0.4635048508644104,0.4078383445739746,0.7098685503005981,0.5074039697647095,0.6300442814826965,0.4492124915122986,0.7271427512168884,0.4058005213737488,0.5428785085678101,0.4248560070991516,0.6951256990432739,0.5212012529373169,0.5329522490501404,0.4760102331638336,0.7088913321495056,0.4248235821723938,0.40392932295799255
277,0.4356672167778015,0.6138706803321838,0.24894163012504578,0.9958810210227966,0.4388802647590637,0.6123687624931335,0.2561705410480499,0.9958924055099487,0.4399251937866211,0.61307692527771,0.25621262192726135,0.9958907961845398,0.4408628046512604,0.6137910485267639,0.2561754882335663,0.9953472018241882,0.4375527799129486,0.6107335686683655,0.26043936610221863,0.9973582625389099,0.4375498294830322,0.6102238297462463,0.2604134678840637,0.9976807236671448,0.43763360381126404,0.6097794771194458,0.2602384388446808,0.9971874356269836,0.4475480020046234,0.6184967756271362,0.26979008316993713,0.9955783486366272,0.43985962867736816,0.6124513745307922,0.29031747579574585,0.9977232217788696,0.4278550148010254,0.6200984716415405,0.25095751881599426,0.9956227540969849,0.43553048372268677,0.6184598803520203,0.2564871907234192,0.9972480535507202,0.46094274520874023,0.6495266556739807,0.22487787902355194,0.9992611408233643,0.44013872742652893,0.6309702396392822,0.24655818939208984,0.9989080429077148,0.4693794846534729,0.6971805691719055,0.18084610998630524,0.3956582844257355,0.405507892370224,0.6594849824905396,0.15530180931091309,0.5751240253448486,0.4758329391479492,0.6634218096733093,0.15925446152687073,0.1355849951505661,0.4216776490211487,0.6484857201576233,0.09011783450841904,0.3039546608924866,0.47497445344924927,0.6603415608406067,0.1486671268939972,0.1327555924654007,0.42560285329818726,0.6227462887763977,0.08441700786352158,0.3009646236896515,0.47776928544044495,0.658293604850769,0.15787872672080994,0.13224714994430542,0.42957764863967896,0.6224761605262756,0.0943579226732254,0.29837656021118164,0.4764707088470459,0.6577008366584778,0.16129212081432343,0.12353657186031342,0.4295979142189026,0.6295191049575806,0.09271445870399475,0.27230846881866455,0.44118618965148926,0.7263250946998596,-0.0014879644149914384,0.9997116923332214,0.43046990036964417,0.7160624265670776,0.0007830100366845727,0.9995638728141785,0.4644137918949127,0.658226728439331,-0.02847902849316597,0.6081086993217468,0.445020854473114,0.6003522276878357,0.07701779901981354,0.3885864317417145,0.39974719285964966,0.702828049659729,-0.0848434716463089,0.6259664297103882,0.3995925188064575,0.7010258436203003,-0.002544830786064267,0.4795500338077545,0.3906949460506439,0.71261066198349,-0.09170962125062943,0.6596342325210571,0.3991653323173523,0.7177539467811584,-0.012648897245526314,0.5687280297279358,0.38547182083129883,0.7065770030021667,-0.11944104731082916,0.5695237517356873,0.36520835757255554,0.7061485052108765,-0.036635056138038635,0.4345208704471588
278,0.455422967672348,0.6420548558235168,0.3158498704433441,0.994778573513031,0.46114563941955566,0.6425619125366211,0.3208562433719635,0.9947593808174133,0.4633413851261139,0.6433852314949036,0.3208754062652588,0.9949547648429871,0.4655376970767975,0.6442795991897583,0.32081130146980286,0.9935671091079712,0.455710232257843,0.6411145329475403,0.3268095850944519,0.9967202544212341,0.4545552134513855,0.6410597562789917,0.32675930857658386,0.9973012208938599,0.45343881845474243,0.6411198377609253,0.32655325531959534,0.9963680505752563,0.47506484389305115,0.6516749262809753,0.31018078327178955,0.9946497082710266,0.45545274019241333,0.645782470703125,0.3400714099407196,0.9974528551101685,0.4593160152435303,0.6480733752250671,0.3071773648262024,0.9949072003364563,0.4541115164756775,0.6467754244804382,0.3152000308036804,0.997189998626709,0.49613437056541443,0.67308109998703,0.2313625067472458,0.9989407062530518,0.439758837223053,0.6632863879203796,0.2882053256034851,0.998968243598938,0.5074095726013184,0.6981245279312134,0.16375437378883362,0.3679424226284027,0.3962828814983368,0.6724914908409119,0.1717989146709442,0.5234708189964294,0.504560649394989,0.6490054726600647,0.12351157516241074,0.141889750957489,0.4272158741950989,0.6388847827911377,0.05080289766192436,0.2964152693748474,0.5036463141441345,0.63982754945755,0.14029426872730255,0.14615631103515625,0.43529826402664185,0.613383948802948,0.03640329837799072,0.3047865629196167,0.5035063028335571,0.6354619860649109,0.11508935689926147,0.14423125982284546,0.4419311583042145,0.6161838173866272,0.058402955532073975,0.2992665469646454,0.501581072807312,0.6375436782836914,0.1213807612657547,0.1362520456314087,0.43913474678993225,0.61362624168396,0.05601195618510246,0.27349597215652466,0.47450169920921326,0.7329853177070618,-0.017322542145848274,0.9997343420982361,0.43201351165771484,0.7236266732215881,0.01691245660185814,0.9996046423912048,0.5063932538032532,0.6524330377578735,-0.09620393812656403,0.6468826532363892,0.42334285378456116,0.5884360671043396,-0.007840766571462154,0.44753843545913696,0.42502012848854065,0.6905109882354736,-0.22607028484344482,0.6591475605964661,0.3620092272758484,0.686935544013977,-0.22117097675800323,0.5266019701957703,0.41280966997146606,0.708338737487793,-0.24146313965320587,0.6909293532371521,0.36741650104522705,0.7152900695800781,-0.24512448906898499,0.6102742552757263,0.3971012234687805,0.6893923878669739,-0.2754514515399933,0.6081995964050293,0.33326995372772217,0.6641417145729065,-0.2949080467224121,0.48771703243255615
279,0.4480575919151306,0.6616126298904419,0.3445034623146057,0.9941235184669495,0.45213913917541504,0.6642019152641296,0.35685300827026367,0.9939540028572083,0.45363593101501465,0.6656017303466797,0.35693860054016113,0.994219958782196,0.4551469385623932,0.6670877933502197,0.35688143968582153,0.9928383231163025,0.4489867091178894,0.6607608199119568,0.3609713315963745,0.9962010979652405,0.44856157898902893,0.6600477695465088,0.3610292077064514,0.997002124786377,0.4481062889099121,0.6594007015228271,0.3608759641647339,0.9958391189575195,0.4641784727573395,0.6743050813674927,0.371737539768219,0.994070827960968,0.4513586461544037,0.6623809337615967,0.39281588792800903,0.9971817135810852,0.45152926445007324,0.6684272885322571,0.3442266583442688,0.9940921664237976,0.44856366515159607,0.6654470562934875,0.34998494386672974,0.9968560338020325,0.4820587635040283,0.6903803944587708,0.32730481028556824,0.9989842772483826,0.4454658627510071,0.668105959892273,0.32772231101989746,0.9990536570549011,0.5018405914306641,0.6943027973175049,0.38950687646865845,0.33721333742141724,0.409238338470459,0.6509029865264893,0.3020806312561035,0.473685085773468,0.5142375826835632,0.6607038378715515,0.4845832884311676,0.1463252156972885,0.4653855860233307,0.6248206496238708,0.31479787826538086,0.2881406247615814,0.5146547555923462,0.6519215106964111,0.5000090599060059,0.15520669519901276,0.48016709089279175,0.6109665036201477,0.3175346553325653,0.314140647649765,0.517852246761322,0.6499915719032288,0.5012199878692627,0.15377260744571686,0.4843456745147705,0.610230028629303,0.3268989026546478,0.30608507990837097,0.5156100988388062,0.6526318788528442,0.48824983835220337,0.14779101312160492,0.4787136912345886,0.6112135052680969,0.32069629430770874,0.27803337574005127,0.4619406759738922,0.7290478944778442,-0.016359061002731323,0.9997602105140686,0.4396957457065582,0.7173846364021301,0.01583622768521309,0.9996435046195984,0.4986560344696045,0.6248807311058044,-0.04203595966100693,0.6813690662384033,0.43011054396629333,0.583141028881073,0.0427696630358696,0.49382075667381287,0.42334994673728943,0.6662715673446655,-0.17386597394943237,0.6727243661880493,0.3759025037288666,0.656553328037262,-0.12925639748573303,0.5512297749519348,0.41148534417152405,0.6839146018028259,-0.18918663263320923,0.7144306898117065,0.37747663259506226,0.6855517029762268,-0.15020355582237244,0.6445357799530029,0.39738619327545166,0.6534749865531921,-0.1992505043745041,0.6360365152359009,0.3601739704608917,0.6406146883964539,-0.17689576745033264,0.5275302529335022
280,0.5143646001815796,0.6617795825004578,0.23311328887939453,0.9938504099845886,0.5246301889419556,0.6655353903770447,0.24583081901073456,0.9936605095863342,0.5251507759094238,0.666879415512085,0.2458663284778595,0.9938265681266785,0.5248397588729858,0.6718672513961792,0.24582025408744812,0.9924286603927612,0.519637942314148,0.66153883934021,0.24577684700489044,0.9960339665412903,0.5194261074066162,0.6612437963485718,0.24578893184661865,0.9968862533569336,0.5186926126480103,0.6611489653587341,0.24568626284599304,0.9957492351531982,0.5293567776679993,0.6809572577476501,0.28349608182907104,0.993850827217102,0.5014834403991699,0.6710817813873291,0.2841227352619171,0.9971684217453003,0.5116059184074402,0.6712175011634827,0.2424047291278839,0.9942278265953064,0.5064560174942017,0.6620071530342102,0.2422572672367096,0.9970292448997498,0.5141726136207581,0.6993013620376587,0.2444297820329666,0.9989797472953796,0.4683721959590912,0.670607328414917,0.27210643887519836,0.9991218447685242,0.5346375107765198,0.7377886176109314,0.21975675225257874,0.311768114566803,0.43101200461387634,0.6647788286209106,0.1859620362520218,0.4376039505004883,0.5396026372909546,0.7039619088172913,0.2830626666545868,0.14729493856430054,0.4886523187160492,0.6248893737792969,0.17615924775600433,0.2957379221916199,0.5401612520217896,0.6955024600028992,0.43059200048446655,0.15550599992275238,0.5008194446563721,0.6149271130561829,0.15385667979717255,0.3242610692977905,0.5403123497962952,0.6904369592666626,0.25769326090812683,0.1531892716884613,0.5030698776245117,0.6108934879302979,0.19317178428173065,0.3142951726913452,0.5375066995620728,0.692315936088562,0.26040151715278625,0.14830227196216583,0.5003303289413452,0.6127544641494751,0.28429561853408813,0.28573310375213623,0.480794757604599,0.7360734343528748,-0.018962468951940536,0.9997715950012207,0.4545007646083832,0.7189977765083313,0.018624771386384964,0.9996716976165771,0.5306245684623718,0.6375032663345337,-0.08040370047092438,0.711664617061615,0.4398314356803894,0.5883508920669556,0.017696332186460495,0.5373646020889282,0.4513154923915863,0.674574077129364,-0.1418701410293579,0.6829274892807007,0.38131874799728394,0.6571448445320129,-0.14485377073287964,0.5797120332717896,0.436145156621933,0.688666582107544,-0.1494058072566986,0.7313511967658997,0.37671133875846863,0.6807562112808228,-0.16356304287910461,0.672426700592041,0.42861828207969666,0.6667097806930542,-0.15789344906806946,0.6570862531661987,0.3499300181865692,0.6421129703521729,-0.18798403441905975,0.5633038878440857
281,0.5132279992103577,0.6917684078216553,0.25404128432273865,0.9843518733978271,0.5173592567443848,0.6948157548904419,0.2721594572067261,0.9827014803886414,0.5187705755233765,0.6966589093208313,0.27217167615890503,0.9846556782722473,0.5201536417007446,0.698725700378418,0.2721208333969116,0.9789661169052124,0.5130354166030884,0.6905669569969177,0.27104777097702026,0.9879631400108337,0.5116361975669861,0.6896543502807617,0.27104902267456055,0.9911850690841675,0.5102177262306213,0.6888303160667419,0.27083903551101685,0.9869182109832764,0.5225244760513306,0.7067936658859253,0.32264190912246704,0.9821418523788452,0.5058885812759399,0.6925696730613708,0.31956785917282104,0.9937559962272644,0.5127954483032227,0.6989825963973999,0.26759833097457886,0.9900389909744263,0.5080859661102295,0.6943835616111755,0.26609596610069275,0.9952966570854187,0.5255910754203796,0.7269940972328186,0.2762293219566345,0.9986289143562317,0.4833572804927826,0.6914098262786865,0.275078684091568,0.9991440176963806,0.5330780744552612,0.7530953884124756,0.18036219477653503,0.2857738435268402,0.45623359084129333,0.6720197796821594,0.14137449860572815,0.39970141649246216,0.5389469861984253,0.6960508823394775,0.092288538813591,0.150162473320961,0.503331184387207,0.6439811587333679,0.03910098969936371,0.2886732518672943,0.5370467901229858,0.6823247075080872,0.07445446401834488,0.16006270051002502,0.5141770839691162,0.6337103247642517,0.018937665969133377,0.324189692735672,0.5390177965164185,0.6784599423408508,0.08068206906318665,0.15726113319396973,0.5192052721977234,0.6374196410179138,0.03658192604780197,0.3119547963142395,0.5372188091278076,0.6833658814430237,0.09403179585933685,0.1517665833234787,0.5143958926200867,0.637734591960907,0.050300054252147675,0.2832014858722687,0.4932425022125244,0.7537897229194641,-0.014965909533202648,0.9997825622558594,0.46258345246315,0.7308807969093323,0.014754529111087322,0.9996998906135559,0.5501548051834106,0.6525904536247253,-0.08693082630634308,0.7398677468299866,0.4367145001888275,0.5887207388877869,-0.05022572726011276,0.581594705581665,0.5101286172866821,0.7222675085067749,-0.2092796117067337,0.7111794948577881,0.372263640165329,0.6619929075241089,-0.23712682723999023,0.6195301413536072,0.4977608621120453,0.7480493783950806,-0.22611761093139648,0.7571036219596863,0.3675570487976074,0.6848809123039246,-0.2613063454627991,0.7042403817176819,0.507994532585144,0.7186707854270935,-0.26856571435928345,0.6881048083305359,0.333844393491745,0.6319141983985901,-0.3252740800380707,0.6047257781028748
282,0.5497888326644897,0.6938196420669556,0.19895048439502716,0.9825105667114258,0.5545190572738647,0.6995895504951477,0.26129621267318726,0.9832287430763245,0.5546889305114746,0.7007015943527222,0.2600162625312805,0.9850153923034668,0.5548747777938843,0.7018589377403259,0.2597430646419525,0.979350209236145,0.5534477829933167,0.6979525685310364,0.2468826025724411,0.9883609414100647,0.5530818700790405,0.6977928876876831,0.24666424095630646,0.9914206862449646,0.5527331829071045,0.6977362036705017,0.24631676077842712,0.9874527454376221,0.5535745620727539,0.7165146470069885,0.20527811348438263,0.9823545217514038,0.5490468144416809,0.7023807168006897,0.20666997134685516,0.9939433336257935,0.5449738502502441,0.6965150833129883,0.225722074508667,0.9906175136566162,0.544157862663269,0.6940157413482666,0.23523695766925812,0.9955515265464783,0.5400899648666382,0.7079527378082275,0.1799456626176834,0.9982316493988037,0.5156053304672241,0.7036100029945374,0.1764969527721405,0.9990770816802979,0.5323159694671631,0.7263007760047913,0.04495338723063469,0.2926904857158661,0.4766017496585846,0.691392183303833,0.03771822899580002,0.37133586406707764,0.5338765382766724,0.6856546401977539,-0.06521764397621155,0.1722150295972824,0.5064013004302979,0.6667107939720154,-0.1210494190454483,0.28288134932518005,0.5336650609970093,0.6784391403198242,-0.09360624849796295,0.18922986090183258,0.5141206979751587,0.6633287668228149,-0.15393181145191193,0.3219444751739502,0.5328431129455566,0.6729869842529297,-0.09067542105913162,0.18843887746334076,0.5202764868736267,0.6619457602500916,-0.14092878997325897,0.3142426609992981,0.5311113595962524,0.6776463985443115,-0.06567040085792542,0.18328292667865753,0.5168702006340027,0.6639525294303894,-0.11786669492721558,0.2892002761363983,0.4999728202819824,0.7506256103515625,-0.016325313597917557,0.9997975826263428,0.48118287324905396,0.7477732300758362,0.01609070785343647,0.9997238516807556,0.542608380317688,0.6116812825202942,0.0028655757196247578,0.7639196515083313,0.4902854561805725,0.5973151326179504,0.08470950275659561,0.6168133616447449,0.4729502201080322,0.6886150240898132,-0.04480869323015213,0.7372825741767883,0.466078519821167,0.6733362674713135,0.032527923583984375,0.647278904914856,0.4574856758117676,0.7242420315742493,-0.046923574060201645,0.7792827486991882,0.4665137231349945,0.6991886496543884,0.02806323766708374,0.7253305912017822,0.45831379294395447,0.6595956087112427,-0.0480826161801815,0.7145932912826538,0.46519213914871216,0.6603864431381226,0.009288089349865913,0.6335887908935547
283,0.5550538897514343,0.7171464562416077,0.16240659356117249,0.9749420881271362,0.5592188835144043,0.718261182308197,0.1726505309343338,0.9795157313346863,0.5594173669815063,0.7176539301872253,0.17243894934654236,0.9808260798454285,0.5596071481704712,0.7171122431755066,0.17240846157073975,0.9735352396965027,0.558210551738739,0.7198968529701233,0.16561271250247955,0.986504077911377,0.5579720139503479,0.7203331589698792,0.16555483639240265,0.9894332885742188,0.5577746629714966,0.7208828330039978,0.16526547074317932,0.9856743216514587,0.5590969920158386,0.7164435982704163,0.1685929298400879,0.9752958416938782,0.5558871030807495,0.7203325629234314,0.15011991560459137,0.9928187131881714,0.551395833492279,0.7154704332351685,0.17390604317188263,0.9894205331802368,0.5507121682167053,0.7162714004516602,0.16923484206199646,0.9949368238449097,0.546761691570282,0.6992698907852173,0.09110351651906967,0.9980312585830688,0.5339281558990479,0.7148248553276062,0.16585294902324677,0.9990389347076416,0.5188012719154358,0.7101652026176453,0.003475731937214732,0.27099788188934326,0.490866482257843,0.706671416759491,0.02828522026538849,0.3384891450405121,0.5270346999168396,0.6956241726875305,-0.11635247617959976,0.16295340657234192,0.49392157793045044,0.702575147151947,-0.1368948072195053,0.2661448121070862,0.5277096629142761,0.691653847694397,-0.14790964126586914,0.18209591507911682,0.5000219941139221,0.704020619392395,-0.167136088013649,0.30701345205307007,0.5280243754386902,0.6867957711219788,-0.14414945244789124,0.18316234648227692,0.5027938485145569,0.7033771276473999,-0.1613364964723587,0.301466703414917,0.5267795920372009,0.69095778465271,-0.11719576269388199,0.18076752126216888,0.5011113882064819,0.7033204436302185,-0.1374136060476303,0.2784978151321411,0.4969514012336731,0.7509323358535767,-0.025887813419103622,0.999802827835083,0.492722749710083,0.759520947933197,0.025379816070199013,0.9997439384460449,0.5384609699249268,0.6035090088844299,0.048237498849630356,0.7557281255722046,0.49190133810043335,0.6232100129127502,0.12990379333496094,0.5968061089515686,0.4657421112060547,0.6888335943222046,0.02134579047560692,0.7404966354370117,0.4396185874938965,0.6830163598060608,0.03866792097687721,0.6453371047973633,0.4535098075866699,0.7238560318946838,0.02180005982518196,0.7862045168876648,0.4364105761051178,0.7040442228317261,0.029900148510932922,0.7202650904655457,0.4445961117744446,0.6706796288490295,0.02034517005085945,0.7164828777313232,0.42105308175086975,0.6762897372245789,0.015771333128213882,0.6338657140731812
284,0.5630704164505005,0.7272377610206604,0.17264340817928314,0.9665221571922302,0.5676652789115906,0.7309028506278992,0.18134471774101257,0.9740914702415466,0.5682567954063416,0.7311002016067505,0.18130211532115936,0.9748750925064087,0.5688343048095703,0.7313539981842041,0.18129011988639832,0.9671590328216553,0.5659804940223694,0.730487048625946,0.17662866413593292,0.9833180904388428,0.5654712915420532,0.7301278710365295,0.17661212384700775,0.9860698580741882,0.5649791955947876,0.729875922203064,0.17637892067432404,0.9824115633964539,0.5687704682350159,0.7304258346557617,0.2021312415599823,0.9674559831619263,0.5629574060440063,0.7275140881538391,0.18572726845741272,0.9909053444862366,0.5597240328788757,0.7254924774169922,0.18357577919960022,0.9863587617874146,0.5584244728088379,0.7241256833076477,0.17850221693515778,0.9933019876480103,0.5582754015922546,0.7112861275672913,0.11934462934732437,0.9978012442588806,0.5388411283493042,0.7189238667488098,0.18012437224388123,0.9987644553184509,0.5260845422744751,0.7264577150344849,0.033683083951473236,0.2604620158672333,0.49741682410240173,0.7168799042701721,0.03792267292737961,0.31002354621887207,0.5409048795700073,0.7081944346427917,-0.06262917816638947,0.16101710498332977,0.5259735584259033,0.6986269354820251,-0.1118401288986206,0.25032731890678406,0.5433083772659302,0.7030650973320007,-0.08473395556211472,0.1828467845916748,0.5340964198112488,0.6975193023681641,-0.13447609543800354,0.2900765836238861,0.546116828918457,0.7016677856445312,-0.0762874037027359,0.1849125474691391,0.5388521552085876,0.6929495334625244,-0.1173996776342392,0.28562527894973755,0.5438075065612793,0.7046559453010559,-0.060610175132751465,0.18470372259616852,0.5362886786460876,0.6943042874336243,-0.10724540799856186,0.26519259810447693,0.49981802701950073,0.7622642517089844,-0.025936920195817947,0.9997925758361816,0.49168190360069275,0.7725470662117004,0.025433456525206566,0.9997478127479553,0.5216115713119507,0.6269958019256592,0.06406617909669876,0.7678098082542419,0.5030059814453125,0.6523259878158569,0.1349671334028244,0.5762831568717957,0.44971734285354614,0.6903150081634521,-0.007330439984798431,0.7586356997489929,0.4304533004760742,0.7103205323219299,0.015006880275905132,0.6300399899482727,0.44606223702430725,0.7225791811943054,-0.01318241935223341,0.8033072352409363,0.4250268042087555,0.7324193716049194,0.001273881527595222,0.7181745171546936,0.4339125156402588,0.6741196513175964,-0.009083909913897514,0.733253538608551,0.406606525182724,0.7070349454879761,-0.011741897091269493,0.6221854090690613
285,0.554813027381897,0.7216516733169556,0.16210904717445374,0.9315901398658752,0.5577976107597351,0.7197414040565491,0.16316506266593933,0.9376197457313538,0.5582914352416992,0.7179571390151978,0.16314736008644104,0.9414170384407043,0.558793842792511,0.7162911295890808,0.16308441758155823,0.927140474319458,0.5562134981155396,0.7250746488571167,0.15907518565654755,0.9529839158058167,0.5556252598762512,0.7267304062843323,0.15910209715366364,0.9590756893157959,0.5550568103790283,0.7284770607948303,0.15893936157226562,0.952884316444397,0.557937502861023,0.7137156128883362,0.16582556068897247,0.932731568813324,0.5520709156990051,0.7297989726066589,0.14975595474243164,0.9832666516304016,0.5508722066879272,0.7000104188919067,0.1657015085220337,0.9756860136985779,0.5507824420928955,0.7238008975982666,0.16073770821094513,0.9873810410499573,0.550812304019928,0.6987592577934265,0.09127020090818405,0.9976869225502014,0.5316786170005798,0.7416377663612366,0.16669084131717682,0.9984411001205444,0.535713791847229,0.7156044840812683,0.036138031631708145,0.24590009450912476,0.484182745218277,0.7483683228492737,0.0919022187590599,0.2812703549861908,0.5583305954933167,0.7089866995811462,-0.021707667037844658,0.15036934614181519,0.4724641740322113,0.730217695236206,0.00081559520913288,0.22931824624538422,0.5645806789398193,0.698390007019043,-0.04482230171561241,0.17156599462032318,0.4653882384300232,0.7277671098709106,-0.015292687341570854,0.2682340145111084,0.5671623349189758,0.6973407864570618,-0.03652048856019974,0.17440904676914215,0.46751928329467773,0.7210701704025269,-0.04072709009051323,0.2654622495174408,0.5626462697982788,0.7057550549507141,-0.020465394482016563,0.17571541666984558,0.4711475968360901,0.7219850420951843,-0.006951869931071997,0.2474745810031891,0.4947431683540344,0.7538204789161682,-0.02770734205842018,0.999797523021698,0.49357372522354126,0.7786470055580139,0.027281969785690308,0.9997605085372925,0.48036718368530273,0.6175816655158997,0.15058758854866028,0.7797939777374268,0.5003824830055237,0.6801967620849609,0.185648575425148,0.5653568506240845,0.42068272829055786,0.6868996024131775,0.23878102004528046,0.7682610154151917,0.44502943754196167,0.7351310849189758,0.20970198512077332,0.6177495718002319,0.40847963094711304,0.7141172289848328,0.25083884596824646,0.8147563934326172,0.4399840831756592,0.7546440362930298,0.21131376922130585,0.7110958695411682,0.4008760452270508,0.671274721622467,0.269460529088974,0.7340775728225708,0.4275278151035309,0.7344287633895874,0.20123884081840515,0.6061554551124573
286,0.5507141351699829,0.718440592288971,0.275040864944458,0.9086819291114807,0.5554653406143188,0.7189053893089294,0.277976930141449,0.9163132309913635,0.557160496711731,0.7182654738426208,0.2779236435890198,0.9176943898200989,0.5588427782058716,0.7177290320396423,0.27793753147125244,0.9021705389022827,0.5513813495635986,0.7211757302284241,0.27824336290359497,0.9356577396392822,0.5504058599472046,0.7218908071517944,0.27821046113967896,0.9392987489700317,0.5494458079338074,0.7227289080619812,0.27809786796569824,0.9321554899215698,0.5626099109649658,0.718697190284729,0.2793239951133728,0.9040325880050659,0.548054575920105,0.7229872941970825,0.28221648931503296,0.9690390825271606,0.5505568385124207,0.7161889672279358,0.2749227285385132,0.9707300066947937,0.5470972061157227,0.7203083038330078,0.2752054035663605,0.9842749238014221,0.5687586069107056,0.7008087635040283,0.17694145441055298,0.9978232979774475,0.5258991718292236,0.7408459186553955,0.2665298581123352,0.998001217842102,0.5720898509025574,0.717540979385376,0.05504449084401131,0.28405433893203735,0.4812648892402649,0.7427147626876831,0.17427250742912292,0.25517529249191284,0.5721032619476318,0.7109661102294922,-0.050319522619247437,0.16293899714946747,0.4624025821685791,0.7332526445388794,0.041637882590293884,0.20866477489471436,0.5732762813568115,0.7075093984603882,-0.08008874952793121,0.19862455129623413,0.45984888076782227,0.7364619970321655,0.015023365616798401,0.2495405375957489,0.5709234476089478,0.7037715911865234,-0.06978841871023178,0.1995207667350769,0.46744585037231445,0.7274563908576965,0.01007841993123293,0.2485859990119934,0.5677300691604614,0.7076306939125061,-0.0487762913107872,0.201763316988945,0.4681318402290344,0.7259097695350647,0.038042038679122925,0.231428325176239,0.5051292181015015,0.7588225603103638,-0.042469024658203125,0.9998142123222351,0.4850088655948639,0.7888379693031311,0.04174863547086716,0.9997804760932922,0.4805115759372711,0.6155019402503967,0.1462482362985611,0.7942006587982178,0.48036128282546997,0.6585865616798401,0.1746545433998108,0.5628029704093933,0.43134960532188416,0.6900560259819031,0.13225969672203064,0.7890664339065552,0.43178558349609375,0.7152150869369507,0.025378799065947533,0.6245822906494141,0.41772645711898804,0.722341775894165,0.14664162695407867,0.832299530506134,0.4275744557380676,0.7388734817504883,0.00703883683308959,0.7345295548439026,0.40879112482070923,0.6718104481697083,0.13387560844421387,0.7574508190155029,0.41442185640335083,0.7088508009910583,-0.025650247931480408,0.6360455751419067
287,0.5719780325889587,0.737562358379364,0.31498152017593384,0.8956471085548401,0.5767409205436707,0.740374743938446,0.3193005621433258,0.9027090072631836,0.5781761407852173,0.7395305037498474,0.3192509412765503,0.9040445685386658,0.5796128511428833,0.7387917637825012,0.31933990120887756,0.8884824514389038,0.5728379487991333,0.7432088851928711,0.3188859224319458,0.9260250329971313,0.5717447996139526,0.7440863251686096,0.3188420832157135,0.9293918609619141,0.5706547498703003,0.745086133480072,0.318710595369339,0.920452356338501,0.5803401470184326,0.7380030751228333,0.32024112343788147,0.8847628831863403,0.5667906999588013,0.7444556951522827,0.3193100392818451,0.9600609540939331,0.5691806077957153,0.7341995239257812,0.3133344054222107,0.9665257334709167,0.5661836862564087,0.737458348274231,0.31268614530563354,0.9811839461326599,0.5781524181365967,0.7093325257301331,0.2026984691619873,0.9979470372200012,0.5364369750022888,0.7594185471534729,0.29723745584487915,0.997726559638977,0.5708847641944885,0.715483546257019,0.06472834944725037,0.3116726279258728,0.4837418496608734,0.7752912640571594,0.18809866905212402,0.2309131920337677,0.5743381381034851,0.710559070110321,-0.02667064592242241,0.1720467060804367,0.4848831593990326,0.7628738284111023,0.04834245517849922,0.19017814099788666,0.574327826499939,0.7089681029319763,-0.053612153977155685,0.22201482951641083,0.4830400049686432,0.7684457302093506,0.021918578073382378,0.23274050652980804,0.5750449895858765,0.7086835503578186,-0.04530348628759384,0.22055672109127045,0.49417024850845337,0.7539694905281067,0.02706391178071499,0.23300379514694214,0.5732777118682861,0.7106371521949768,-0.025177037343382835,0.22420060634613037,0.4945391118526459,0.7500178813934326,0.04777617007493973,0.21693238615989685,0.5057441592216492,0.7719177603721619,-0.05063703656196594,0.9998301267623901,0.48368436098098755,0.8067443370819092,0.049906812608242035,0.9997993111610413,0.48053520917892456,0.6092001795768738,0.11059732735157013,0.8089687824249268,0.47824692726135254,0.6539188027381897,0.15703652799129486,0.5516242384910583,0.4185035824775696,0.6902688145637512,-0.06249289959669113,0.8087940216064453,0.41794687509536743,0.711552619934082,-0.10583659261465073,0.6304833292961121,0.4057488441467285,0.7248589992523193,-0.07758858799934387,0.848615288734436,0.41315755248069763,0.7389290928840637,-0.1362786591053009,0.7562330365180969,0.3876229226589203,0.6731420755386353,-0.07588618248701096,0.7805788516998291,0.38340210914611816,0.7023101449012756,-0.1834781914949417,0.6662911772727966
288,0.5617619752883911,0.73514324426651,0.25367793440818787,0.8643897771835327,0.5687898397445679,0.7229606509208679,0.25436851382255554,0.8743187785148621,0.5688605904579163,0.7231311798095703,0.25436514616012573,0.8743029832839966,0.567295253276825,0.7316957712173462,0.2543906569480896,0.8563467860221863,0.5637925863265991,0.7383077144622803,0.25388291478157043,0.905439555644989,0.5632084608078003,0.7396091818809509,0.25388890504837036,0.9084028005599976,0.5626174211502075,0.7410026788711548,0.2537357211112976,0.8984164595603943,0.5674631595611572,0.7300299406051636,0.25029677152633667,0.8420348167419434,0.5600636601448059,0.7411365509033203,0.24919764697551727,0.9473985433578491,0.5587049722671509,0.7321873903274536,0.2516641616821289,0.9513655304908752,0.5570264458656311,0.7364123463630676,0.2509910464286804,0.9711233973503113,0.5645126700401306,0.7111781239509583,0.1987861692905426,0.9978748559951782,0.5363788604736328,0.7568857669830322,0.23090490698814392,0.9975240230560303,0.5577155947685242,0.7264014482498169,0.025130361318588257,0.3018626570701599,0.4939914345741272,0.7711514830589294,0.14787597954273224,0.20945745706558228,0.5662312507629395,0.7289815545082092,-0.10115431249141693,0.1624600887298584,0.4851756989955902,0.7620581388473511,-0.022695478051900864,0.17375624179840088,0.5671648383140564,0.726166307926178,-0.13392047584056854,0.21013778448104858,0.4827826917171478,0.7626531720161438,-0.051668744534254074,0.21498753130435944,0.5681980848312378,0.7253141403198242,-0.12223359197378159,0.2093447744846344,0.492379754781723,0.7547867894172668,-0.049827657639980316,0.2160976380109787,0.5662943124771118,0.728493869304657,-0.09922568500041962,0.21403558552265167,0.4931374490261078,0.7536576986312866,-0.024922702461481094,0.20145346224308014,0.49711912870407104,0.768657922744751,-0.048342265188694,0.9998404383659363,0.48707228899002075,0.7997323274612427,0.0475781224668026,0.9998136758804321,0.4784211218357086,0.6095020174980164,0.15164083242416382,0.8133422136306763,0.4853793978691101,0.6720104217529297,0.18301816284656525,0.5167845487594604,0.41335034370422363,0.7039604783058167,0.03218546509742737,0.8211350440979004,0.41602715849876404,0.7312924265861511,0.0033992710523307323,0.609879195690155,0.40179863572120667,0.7337988018989563,0.008297617547214031,0.8608241677284241,0.4104551672935486,0.7556235790252686,-0.01297544501721859,0.7562092542648315,0.3824458122253418,0.6928769946098328,0.04093172028660774,0.794151246547699,0.3814537227153778,0.7277801036834717,-0.0402165912091732,0.6618751287460327
289,0.5587925910949707,0.7230339050292969,0.24827206134796143,0.8086013793945312,0.5472463369369507,0.7169840335845947,0.2277989387512207,0.8159287571907043,0.5447142124176025,0.7146265506744385,0.22785015404224396,0.8206424713134766,0.5424486398696899,0.7143408060073853,0.2276708334684372,0.7945452332496643,0.5576345324516296,0.7255439162254333,0.23155049979686737,0.8478831648826599,0.5614331960678101,0.7277825474739075,0.23192624747753143,0.8566237688064575,0.5550199151039124,0.7300938367843628,0.23189020156860352,0.8366890549659729,0.5407663583755493,0.7116727232933044,0.18627692759037018,0.7841752767562866,0.546250581741333,0.7324091196060181,0.195373073220253,0.9021622538566589,0.5537335872650146,0.7195872068405151,0.22138230502605438,0.9126183986663818,0.5443037748336792,0.7267654538154602,0.22610250115394592,0.9316962361335754,0.5540655255317688,0.6993220448493958,0.09123719483613968,0.9978533387184143,0.5413163900375366,0.7594655156135559,0.16017727553844452,0.9971347451210022,0.5410326719284058,0.7186499238014221,-0.007745228707790375,0.2933507561683655,0.5417919754981995,0.7873894572257996,0.0248046163469553,0.19143345952033997,0.5524007678031921,0.7439612150192261,-0.10903048515319824,0.15787449479103088,0.5400704145431519,0.7774232029914856,-0.16540931165218353,0.15975922346115112,0.5552939772605896,0.7445157170295715,-0.1343810111284256,0.20127026736736298,0.5398238897323608,0.7740506529808044,-0.19693653285503387,0.19776754081249237,0.5591245293617249,0.7528846263885498,-0.12657412886619568,0.2022840976715088,0.5389589071273804,0.7673131823539734,-0.18195001780986786,0.199143186211586,0.5577122569084167,0.755071759223938,-0.10814090818166733,0.20828287303447723,0.5394101738929749,0.7677415013313293,-0.1646367609500885,0.18643487989902496,0.4836190342903137,0.7638479471206665,-0.04316222667694092,0.9998539090156555,0.492171049118042,0.7932733297348022,0.04242467135190964,0.9998289346694946,0.4768197536468506,0.6142340302467346,0.16787828505039215,0.8216996788978577,0.49283331632614136,0.6894880533218384,0.2469506710767746,0.48563241958618164,0.41200509667396545,0.7077121138572693,0.15263810753822327,0.8285523056983948,0.4185086786746979,0.7372028231620789,0.1820174604654312,0.607981264591217,0.4040659964084625,0.7346353530883789,0.15327292680740356,0.8705847859382629,0.4121223986148834,0.7560405731201172,0.1721867173910141,0.7556036710739136,0.37996906042099,0.7014328241348267,0.18551026284694672,0.7988479733467102,0.38349759578704834,0.7352167367935181,0.16736039519309998,0.6454818248748779
290,0.5447663068771362,0.7345947027206421,0.170899897813797,0.7414941191673279,0.5429946184158325,0.727275013923645,0.15590688586235046,0.7450948357582092,0.5433822870254517,0.7232008576393127,0.15594550967216492,0.7501763701438904,0.5408111214637756,0.719588041305542,0.155837744474411,0.7242331504821777,0.5454930067062378,0.738064169883728,0.1545531302690506,0.7754930257797241,0.5468740463256836,0.7414417266845703,0.15465150773525238,0.7853811383247375,0.5449101328849792,0.7448729872703552,0.1545201689004898,0.7640037536621094,0.5345312356948853,0.7129430770874023,0.11107351630926132,0.7131056785583496,0.541833221912384,0.7481622099876404,0.10658635199069977,0.830472469329834,0.5413432717323303,0.7287325263023376,0.15581193566322327,0.8480786085128784,0.5393441319465637,0.7394355535507202,0.15427249670028687,0.8674708604812622,0.5423687696456909,0.6958767771720886,0.02631930448114872,0.9971373081207275,0.5505305528640747,0.7817537784576416,0.07705278694629669,0.9960289597511292,0.5231561660766602,0.7105082869529724,-0.031580161303281784,0.2870839834213257,0.558500349521637,0.8153648376464844,-0.013697649352252483,0.18088696897029877,0.5464575886726379,0.7356194853782654,-0.10138265043497086,0.15176889300346375,0.5606535077095032,0.7795759439468384,-0.1379815936088562,0.1495831459760666,0.5514338612556458,0.7342302203178406,-0.12516316771507263,0.18953368067741394,0.5621573328971863,0.7708079814910889,-0.16584497690200806,0.18334069848060608,0.5571847558021545,0.7461679577827454,-0.12227636575698853,0.1921418011188507,0.559055507183075,0.7601662874221802,-0.14932377636432648,0.18460483849048615,0.5556357502937317,0.7493715882301331,-0.10229605436325073,0.1990356296300888,0.5585319399833679,0.7609788179397583,-0.13507357239723206,0.17405690252780914,0.4831560552120209,0.7595248818397522,-0.04226873070001602,0.9998422265052795,0.49954238533973694,0.8049547672271729,0.04163528233766556,0.9998235702514648,0.4770936965942383,0.6185151934623718,0.1981646865606308,0.8260075449943542,0.4927898347377777,0.6921880841255188,0.2603704631328583,0.4762563407421112,0.41348737478256226,0.6972560882568359,0.3119681477546692,0.8273516297340393,0.4182770252227783,0.7317474484443665,0.34191441535949707,0.6080335378646851,0.40347179770469666,0.7215391993522644,0.3261567950248718,0.8735396862030029,0.407565176486969,0.7347177267074585,0.3474085330963135,0.7508514523506165,0.38221272826194763,0.6773280501365662,0.3550114035606384,0.7802289128303528,0.38919538259506226,0.7152329087257385,0.3460548520088196,0.6172295808792114
292,0.6042004823684692,0.7837646007537842,-0.01908177323639393,0.7646529078483582,0.6111014485359192,0.7891601920127869,-0.04439021646976471,0.7679972648620605,0.6109271049499512,0.7896164655685425,-0.04430479556322098,0.7727984189987183,0.6107957363128662,0.7898197174072266,-0.04429205134510994,0.7489840984344482,0.6111365556716919,0.7909998297691345,-0.02552613988518715,0.7938060164451599,0.6109503507614136,0.7927007675170898,-0.02562589943408966,0.8036078810691833,0.6108470559120178,0.7942399382591248,-0.0257269199937582,0.7854065895080566,0.6039277911186218,0.7986030578613281,-0.12069232761859894,0.7372395992279053,0.6041728258132935,0.8035415410995483,-0.03523643687367439,0.8450003862380981,0.5947283506393433,0.7846202850341797,-0.04322969168424606,0.8555778861045837,0.5942856669425964,0.7865660190582275,-0.018720729276537895,0.8727554678916931,0.5599262118339539,0.7871909737586975,-0.1677316427230835,0.9967973232269287,0.5685794353485107,0.8258271813392639,0.0147989047691226,0.9962231516838074,0.546782374382019,0.7297059893608093,-0.09961669147014618,0.3402704894542694,0.5659347772598267,0.7678893804550171,0.12060733884572983,0.17158620059490204,0.5673978924751282,0.7252187728881836,0.07939444482326508,0.17798173427581787,0.5839747786521912,0.7338367700576782,0.19071687757968903,0.15429632365703583,0.5714576840400696,0.7209855914115906,0.08577059954404831,0.21599939465522766,0.5911315083503723,0.7257546782493591,0.20891931653022766,0.19325566291809082,0.5739293098449707,0.7271475195884705,0.08927585184574127,0.22002463042736053,0.5880901217460632,0.7276125550270081,0.19288039207458496,0.19548380374908447,0.5719066858291626,0.729862630367279,0.08540648221969604,0.22479844093322754,0.5860663652420044,0.72865229845047,0.18686015903949738,0.185625359416008,0.44871336221694946,0.7304346561431885,-0.08962790668010712,0.9997473955154419,0.45797961950302124,0.749354362487793,0.08963870257139206,0.9997760057449341,0.4787534177303314,0.5929327607154846,-0.08087119460105896,0.8411620855331421,0.47665172815322876,0.626711905002594,0.13866087794303894,0.448324978351593,0.40208712220191956,0.6809926629066467,0.0011922332923859358,0.8415617346763611,0.3980403542518616,0.6831340789794922,0.21062496304512024,0.5697298645973206,0.39821624755859375,0.7060785889625549,0.014865795150399208,0.8813464045524597,0.39670801162719727,0.6992277503013611,0.21602913737297058,0.7013851404190063,0.36913394927978516,0.6952466368675232,0.07589752972126007,0.7985934019088745,0.36499351263046265,0.687468945980072,0.24780651926994324,0.5799993872642517
293,0.6043002605438232,0.7860814929008484,0.016556324437260628,0.7872362732887268,0.610944390296936,0.7895686626434326,-0.010638503357768059,0.7905687093734741,0.6107141375541687,0.7896252870559692,-0.010542705655097961,0.7949203848838806,0.6105328798294067,0.7896033525466919,-0.010541863739490509,0.7733402252197266,0.6109424233436584,0.7934345006942749,0.006367046386003494,0.8132535815238953,0.6106858849525452,0.7957510352134705,0.006312742829322815,0.8222822546958923,0.6105018258094788,0.7978101968765259,0.006254551466554403,0.8062045574188232,0.6036607623100281,0.7953075170516968,-0.09565428644418716,0.7619428634643555,0.6036249399185181,0.8061196804046631,-0.018704039976000786,0.8596168756484985,0.5951610803604126,0.7852205038070679,-0.010526983067393303,0.8655229806900024,0.5948911905288696,0.7896330952644348,0.011446261778473854,0.8814060091972351,0.5598999261856079,0.7750760316848755,-0.1446695625782013,0.9966616630554199,0.5664202570915222,0.8343679308891296,0.03127661347389221,0.9963737726211548,0.5554048418998718,0.7127169966697693,-0.0607985183596611,0.3750889003276825,0.5714957118034363,0.8156135082244873,0.18223494291305542,0.1573481261730194,0.5711992383003235,0.7167759537696838,0.11992128938436508,0.17719332873821259,0.5962437391281128,0.7826071381568909,0.2899916172027588,0.14896634221076965,0.5738874077796936,0.7128859758377075,0.12387488782405853,0.21650905907154083,0.6018533110618591,0.7777004837989807,0.31334930658340454,0.19377851486206055,0.5785945057868958,0.7270213961601257,0.12077708542346954,0.22251349687576294,0.6015158891677856,0.7736222743988037,0.29377561807632446,0.19756996631622314,0.5741009712219238,0.7234655618667603,0.1231926828622818,0.22684137523174286,0.5989188551902771,0.7729781270027161,0.28623804450035095,0.18775086104869843,0.4510214924812317,0.7247206568717957,-0.09036149084568024,0.9997448921203613,0.4578927457332611,0.7520946264266968,0.09031328558921814,0.9997819066047668,0.47880011796951294,0.5926379561424255,-0.07948611676692963,0.8551496267318726,0.4714701771736145,0.6366363763809204,0.14768923819065094,0.410259872674942,0.40332865715026855,0.6800912022590637,-0.027404626831412315,0.8548805117607117,0.40074247121810913,0.6864346265792847,0.2047390639781952,0.5261179804801941,0.3999241590499878,0.7076504230499268,-0.016303835436701775,0.8899238109588623,0.4000771641731262,0.6997897028923035,0.20709285140037537,0.6467411518096924,0.3691439628601074,0.6968169808387756,0.05128795653581619,0.8159136772155762,0.3678264915943146,0.6952111124992371,0.23436446487903595,0.5364351272583008
294,0.6042927503585815,0.7860184907913208,0.012658769264817238,0.8077312707901001,0.6104442477226257,0.7893797755241394,-0.014097051694989204,0.8109441995620728,0.6100439429283142,0.7891160249710083,-0.013942955061793327,0.8148524761199951,0.6096833348274231,0.7886868119239807,-0.01392790861427784,0.7953168749809265,0.6105155944824219,0.793395459651947,-0.0010840377071872354,0.8309285044670105,0.6100968718528748,0.7957679629325867,-0.0010934966849163175,0.8391895890235901,0.609795331954956,0.7979751825332642,-0.0010834612185135484,0.8250150084495544,0.6020697355270386,0.7932082414627075,-0.09845590591430664,0.7841886281967163,0.6021486520767212,0.8066635727882385,-0.026371944695711136,0.8728581070899963,0.5951665639877319,0.7849112749099731,-0.011455362662672997,0.8752040266990662,0.59492027759552,0.789496660232544,0.005942547228187323,0.8899359107017517,0.5567646026611328,0.7733433246612549,-0.1514134407043457,0.9964137673377991,0.5650047063827515,0.8352553248405457,0.027233198285102844,0.9965664744377136,0.5570881962776184,0.7071537375450134,-0.06712157279253006,0.41616883873939514,0.5720133781433105,0.8071144223213196,0.1754920780658722,0.14548754692077637,0.5724009275436401,0.7084862589836121,0.1117977648973465,0.18903332948684692,0.5942499041557312,0.7658424973487854,0.2710377871990204,0.151127889752388,0.5747201442718506,0.7040552496910095,0.11322623491287231,0.23087170720100403,0.5999283194541931,0.7698075771331787,0.29242774844169617,0.2032366842031479,0.5826637148857117,0.7250576019287109,0.11059732735157013,0.23912355303764343,0.5989722013473511,0.7661569714546204,0.26863914728164673,0.20915381610393524,0.5754597783088684,0.7146065831184387,0.11435651779174805,0.24232618510723114,0.5963492393493652,0.7574549913406372,0.2654252052307129,0.20000389218330383,0.4510369300842285,0.7213296890258789,-0.09159310162067413,0.9997363686561584,0.4581807255744934,0.7522885799407959,0.09154404699802399,0.9997847080230713,0.4778663218021393,0.5926894545555115,-0.08286309242248535,0.8684074878692627,0.47123152017593384,0.6361414194107056,0.15533658862113953,0.3779768943786621,0.4040760397911072,0.6800429224967957,-0.025300610810518265,0.8673505187034607,0.40224331617355347,0.6868253946304321,0.21009758114814758,0.4865362048149109,0.4010329246520996,0.7076534032821655,-0.013444153591990471,0.8977791666984558,0.4020457863807678,0.6997775435447693,0.21122196316719055,0.596415638923645,0.36898112297058105,0.6998217105865479,0.0542684867978096,0.8319177627563477,0.3687344789505005,0.6977059245109558,0.2355385571718216,0.4970095753669739
295,0.6035149097442627,0.7859634160995483,0.004382639657706022,0.8263874053955078,0.6092140078544617,0.7890917658805847,-0.022797932848334312,0.8294106721878052,0.6087578535079956,0.7885522842407227,-0.022694848477840424,0.8329081535339355,0.6083451509475708,0.7878339290618896,-0.022690553218126297,0.8152396082878113,0.6092213988304138,0.7933381795883179,-0.005118491128087044,0.8471254110336304,0.6086591482162476,0.7957199811935425,-0.005168159492313862,0.8546612858772278,0.6082112193107605,0.7979831695556641,-0.005214613862335682,0.84210604429245,0.6007792353630066,0.7916223406791687,-0.1044803038239479,0.8044740557670593,0.6004447937011719,0.8067764043807983,-0.03216399997472763,0.8850136399269104,0.5945709943771362,0.7847116589546204,-0.02026667259633541,0.8846955895423889,0.5944169759750366,0.7893968224525452,0.004476272501051426,0.8985992074012756,0.5541488528251648,0.7694767713546753,-0.15224096179008484,0.9963969588279724,0.564131498336792,0.8343156576156616,0.021931136026978493,0.9968083500862122,0.5568329095840454,0.7084881067276001,-0.06405465304851532,0.4553036689758301,0.5747848153114319,0.8006578683853149,0.1639690101146698,0.1377486139535904,0.5721912980079651,0.711359441280365,0.1127963438630104,0.20300492644309998,0.5941864252090454,0.7605372667312622,0.2583422064781189,0.16071324050426483,0.5742299556732178,0.7067926526069641,0.11411696672439575,0.24617457389831543,0.5990273356437683,0.7521770596504211,0.2806727886199951,0.2194957733154297,0.5796697735786438,0.7223669290542603,0.11110787093639374,0.2559584975242615,0.5981122851371765,0.7552574276924133,0.2571113109588623,0.22736512124538422,0.5751619935035706,0.7170926332473755,0.11519058048725128,0.2579537332057953,0.5953181982040405,0.7534405589103699,0.2529621422290802,0.2185072898864746,0.45080113410949707,0.718991219997406,-0.09214538335800171,0.9997427463531494,0.45817655324935913,0.7520223259925842,0.09205612540245056,0.9997941851615906,0.47615689039230347,0.5927459001541138,-0.08201930671930313,0.8805131912231445,0.4701243042945862,0.637075662612915,0.16312624514102936,0.34863999485969543,0.4040301442146301,0.6802456974983215,-0.020798396319150925,0.878654420375824,0.4035252034664154,0.6871442198753357,0.215688556432724,0.45037642121315,0.40110403299331665,0.7089723944664001,-0.008577115833759308,0.9047977924346924,0.40298229455947876,0.6997489333152771,0.2169153392314911,0.5499700307846069,0.368598997592926,0.7011235356330872,0.05873749405145645,0.8462212681770325,0.37078428268432617,0.6972398161888123,0.24362793564796448,0.46046993136405945
296,0.6026181578636169,0.785930871963501,-0.005562951322644949,0.843255877494812,0.608126163482666,0.7890632152557373,-0.030444437637925148,0.8461167216300964,0.6076658964157104,0.7884330749511719,-0.030316228047013283,0.8492164015769958,0.6072440147399902,0.7876203060150146,-0.030307356268167496,0.833274245262146,0.6080660820007324,0.7934393286705017,-0.014875674620270729,0.861869215965271,0.6074469685554504,0.7959483861923218,-0.014949376694858074,0.8687185645103455,0.6069408059120178,0.7983652949333191,-0.015010220929980278,0.857593297958374,0.5996688604354858,0.7914840579032898,-0.10727828741073608,0.8229174017906189,0.5991260409355164,0.8072982430458069,-0.03782402351498604,0.8959919214248657,0.5936528444290161,0.7846925258636475,-0.028996041044592857,0.8938801288604736,0.5933990478515625,0.7894229292869568,-0.008068653754889965,0.9067658185958862,0.5509985089302063,0.770588755607605,-0.14917564392089844,0.9962389469146729,0.562710165977478,0.8345221877098083,0.017559129744768143,0.9970229268074036,0.5459569692611694,0.7097077965736389,-0.04683205485343933,0.48009878396987915,0.5711416006088257,0.7958863377571106,0.16321860253810883,0.12835203111171722,0.5690742135047913,0.7080219388008118,0.1373593509197235,0.2271217554807663,0.5933462381362915,0.7482200264930725,0.2536490559577942,0.17495553195476532,0.5726969838142395,0.702056348323822,0.14106200635433197,0.27320924401283264,0.5985645055770874,0.7350425720214844,0.2737024128437042,0.24279627203941345,0.5803941488265991,0.7220925092697144,0.13566535711288452,0.2847539186477661,0.5972322821617126,0.7369107604026794,0.2492297887802124,0.2525634467601776,0.5746435523033142,0.7145951390266418,0.139358788728714,0.28474512696266174,0.5945233702659607,0.736968457698822,0.24749770760536194,0.24374836683273315,0.4499133229255676,0.7189452052116394,-0.09202492237091064,0.9997488260269165,0.45762667059898376,0.7519826292991638,0.09192600101232529,0.9997994303703308,0.4740312993526459,0.5928766131401062,-0.0829177051782608,0.8914099931716919,0.46906644105911255,0.6377915143966675,0.1720617562532425,0.3214535713195801,0.40245550870895386,0.6810036301612854,-0.026672745123505592,0.8886199593544006,0.4041728079319,0.6917964816093445,0.22716736793518066,0.41790956258773804,0.39805060625076294,0.7097455859184265,-0.01510066818445921,0.9107213020324707,0.4030347764492035,0.7030422687530518,0.2294863760471344,0.5082772374153137,0.3675916790962219,0.7020651698112488,0.046397484838962555,0.8588480949401855,0.3732307255268097,0.7004186511039734,0.2509661912918091,0.42831772565841675
297,0.6021764278411865,0.785892903804779,-0.04099907726049423,0.858611524105072,0.6073812246322632,0.7890352010726929,-0.06562373042106628,0.8612915277481079,0.6068553328514099,0.788345456123352,-0.06550616770982742,0.864044189453125,0.6063514947891235,0.7874849438667297,-0.06548378616571426,0.8496888875961304,0.6073935627937317,0.7935076951980591,-0.04955579340457916,0.8753497004508972,0.6067684292793274,0.796110987663269,-0.04965377599000931,0.8815426826477051,0.6062721610069275,0.7986395359039307,-0.049730993807315826,0.8716469407081604,0.598307728767395,0.791580319404602,-0.13927778601646423,0.8399676084518433,0.598086953163147,0.8078386187553406,-0.06651583313941956,0.9060670733451843,0.5930922031402588,0.7845556735992432,-0.0638253390789032,0.9032037258148193,0.592842698097229,0.789375364780426,-0.042992495000362396,0.9150006175041199,0.5488244295120239,0.7706300616264343,-0.16590070724487305,0.9962033629417419,0.5623226165771484,0.8351858258247375,-0.008584393188357353,0.9972326755523682,0.5421653985977173,0.7077616453170776,-0.05958593636751175,0.5072835683822632,0.5701184868812561,0.7938079833984375,0.14249809086322784,0.12156971544027328,0.5678035020828247,0.7042275667190552,0.12614047527313232,0.26235029101371765,0.5929409265518188,0.744477391242981,0.22802536189556122,0.19763366878032684,0.5719212293624878,0.6977910995483398,0.11885279417037964,0.30972805619239807,0.5983959436416626,0.7289208173751831,0.24393339455127716,0.2728080451488495,0.5786779522895813,0.709927499294281,0.10575127601623535,0.32272282242774963,0.5980082750320435,0.7321746349334717,0.21566426753997803,0.2843247950077057,0.5746216177940369,0.711448073387146,0.11997850239276886,0.3207366466522217,0.5940268039703369,0.7352972030639648,0.22005030512809753,0.2754985988140106,0.44862014055252075,0.7181136012077332,-0.09126782417297363,0.9997572302818298,0.45738863945007324,0.7519445419311523,0.09115555882453918,0.999803900718689,0.47351139783859253,0.5931025147438049,-0.0874052569270134,0.9015082120895386,0.4695008397102356,0.648777186870575,0.1786772906780243,0.3006324768066406,0.4011472165584564,0.6814603209495544,-0.025892827659845352,0.8976755142211914,0.4111126959323883,0.700676679611206,0.2375110387802124,0.39096471667289734,0.3960845470428467,0.7106595635414124,-0.013940121047198772,0.9155632257461548,0.40918073058128357,0.7115871906280518,0.24101538956165314,0.47150295972824097,0.36756524443626404,0.7017862796783447,0.04663816839456558,0.870067834854126,0.38298866152763367,0.7078788876533508,0.26675713062286377,0.40143638849258423
298,0.6019281148910522,0.7857818007469177,-0.04639718309044838,0.8724285960197449,0.606844961643219,0.7890259623527527,-0.07141958177089691,0.8749344944953918,0.6062281131744385,0.7883287668228149,-0.07130409777164459,0.8773790597915649,0.6056234836578369,0.7874731421470642,-0.07127431035041809,0.86445152759552,0.6070386171340942,0.7935085892677307,-0.05483870580792427,0.887445867061615,0.6064420938491821,0.7961337566375732,-0.05493824928998947,0.8930444717407227,0.6059725284576416,0.7986902594566345,-0.05502011254429817,0.8842710852622986,0.5974114537239075,0.7917892336845398,-0.14610406756401062,0.8552650213241577,0.5976446270942688,0.8081996440887451,-0.07091769576072693,0.9150934815406799,0.5927685499191284,0.7843157052993774,-0.06955365091562271,0.9115675091743469,0.592624843120575,0.789340078830719,-0.04812458157539368,0.9224063158035278,0.5479801297187805,0.7710465788841248,-0.17495214939117432,0.9962499141693115,0.5622256994247437,0.8355586528778076,-0.012992667965590954,0.9974268078804016,0.5430395007133484,0.7048941254615784,-0.07715265452861786,0.537368655204773,0.5700007081031799,0.7925915122032166,0.13371042907238007,0.11603572219610214,0.5697636008262634,0.7020312547683716,0.08405327796936035,0.30210715532302856,0.5927091836929321,0.7412117719650269,0.2116686850786209,0.21929126977920532,0.5825909376144409,0.6998146176338196,0.08010389655828476,0.34983503818511963,0.5983977317810059,0.7282457947731018,0.22643256187438965,0.3006463944911957,0.5860820412635803,0.7125584483146667,0.0719495639204979,0.3637334406375885,0.5983629822731018,0.7317959070205688,0.19909046590328217,0.3136530816555023,0.5773602724075317,0.7098195552825928,0.08323492109775543,0.359737366437912,0.5940505266189575,0.7334101796150208,0.2038855105638504,0.30493298172950745,0.4482493996620178,0.7182747721672058,-0.09095005691051483,0.9997656941413879,0.4573666453361511,0.7519114017486572,0.09082545340061188,0.9998088479042053,0.47328805923461914,0.5937914252281189,-0.08955495059490204,0.9105885624885559,0.46956443786621094,0.6518167853355408,0.17985597252845764,0.2820494472980499,0.4005444645881653,0.681698739528656,-0.027975421398878098,0.9057981967926025,0.4130265712738037,0.7009279727935791,0.24077627062797546,0.36619970202445984,0.3955311179161072,0.7116498947143555,-0.016045326367020607,0.9199491739273071,0.4109082818031311,0.7119730114936829,0.24491825699806213,0.43835344910621643,0.3675295412540436,0.7016730904579163,0.04422464221715927,0.880219578742981,0.38532209396362305,0.7066383957862854,0.2727891802787781,0.3770155906677246
299,0.6014813780784607,0.7867721915245056,-0.046555764973163605,0.8849286437034607,0.6062326431274414,0.7898851037025452,-0.07152550667524338,0.8872597813606262,0.6056027412414551,0.7889184355735779,-0.07141192257404327,0.8894286155700684,0.6049853563308716,0.7878366112709045,-0.07137533277273178,0.8777854442596436,0.6065467596054077,0.795110285282135,-0.055365197360515594,0.8984246850013733,0.6060322523117065,0.7978996634483337,-0.05546606332063675,0.9034734964370728,0.6056029200553894,0.8005321621894836,-0.05554930120706558,0.8956788778305054,0.5970774292945862,0.7919027209281921,-0.14546813070774078,0.8691906332969666,0.597444474697113,0.8102137446403503,-0.07180292904376984,0.9233129620552063,0.5923043489456177,0.7849344611167908,-0.06924546509981155,0.9194013476371765,0.592281699180603,0.7904929518699646,-0.04824749380350113,0.9294238090515137,0.5478186011314392,0.7713117003440857,-0.17419905960559845,0.9963231086730957,0.561752438545227,0.8362516760826111,-0.013438969850540161,0.9976321458816528,0.5453585386276245,0.702620267868042,-0.07704080641269684,0.5665266513824463,0.5715650320053101,0.792730450630188,0.12911207973957062,0.1138954758644104,0.5784386396408081,0.7077423930168152,0.08633749186992645,0.34126725792884827,0.5950765013694763,0.7407170534133911,0.19586898386478424,0.2535766065120697,0.5862115621566772,0.7013551592826843,0.08395493775606155,0.3887427747249603,0.5993939638137817,0.7284008264541626,0.20919394493103027,0.33761221170425415,0.5897868275642395,0.7140244841575623,0.07581805437803268,0.40313780307769775,0.5995563864707947,0.7318797707557678,0.18163804709911346,0.35174882411956787,0.583038330078125,0.7161201238632202,0.08634486794471741,0.39803946018218994,0.5963423848152161,0.7335229516029358,0.18797564506530762,0.3426705300807953,0.4470252990722656,0.7184265851974487,-0.0906110405921936,0.9997793436050415,0.4568929076194763,0.752720296382904,0.09046102315187454,0.9998190999031067,0.47323164343833923,0.5942389965057373,-0.08785919100046158,0.9188883304595947,0.46974867582321167,0.6536544561386108,0.19307340681552887,0.2644612789154053,0.39989811182022095,0.6819321513175964,-0.025833573192358017,0.9129642248153687,0.4144896864891052,0.7040428519248962,0.24206483364105225,0.34348064661026,0.39539989829063416,0.7117019891738892,-0.013924585655331612,0.9238258004188538,0.41214078664779663,0.7140723466873169,0.24533338844776154,0.4083220958709717,0.36752837896347046,0.701385498046875,0.04816048592329025,0.8892324566841125,0.3882930278778076,0.7084513902664185,0.27398622035980225,0.3551051914691925
300,0.6015095710754395,0.7867565751075745,-0.04213173687458038,0.8960846066474915,0.6063529253005981,0.7898761630058289,-0.06713325530290604,0.898265540599823,0.605749249458313,0.7889251112937927,-0.0670357346534729,0.9001814723014832,0.6051636934280396,0.7878514528274536,-0.06703667342662811,0.8896723985671997,0.6066251993179321,0.7950373291969299,-0.04914575442671776,0.9081762433052063,0.6060916185379028,0.7977969646453857,-0.04924411699175835,0.9127513766288757,0.6056393384933472,0.8004032969474792,-0.04932405799627304,0.9058670997619629,0.597316324710846,0.7919273376464844,-0.14090493321418762,0.8814888000488281,0.5975049138069153,0.8102656602859497,-0.06356668472290039,0.9305801391601562,0.5923706889152527,0.7848402857780457,-0.06517626345157623,0.9260104298591614,0.5924782156944275,0.7904282212257385,-0.042073581367731094,0.9353869557380676,0.5480998754501343,0.7716585397720337,-0.168392151594162,0.9962910413742065,0.5618342757225037,0.8374749422073364,-0.007784628309309483,0.9978063702583313,0.5493407845497131,0.7032651305198669,-0.06519122421741486,0.5919873714447021,0.5737928152084351,0.7932536602020264,0.12828071415424347,0.11111476272344589,0.5805885791778564,0.7149633765220642,0.098329558968544,0.3745045065879822,0.5971095561981201,0.740723192691803,0.1827418953180313,0.283102422952652,0.5895053148269653,0.7050721645355225,0.09417584538459778,0.4225441813468933,0.6001997590065002,0.7285228371620178,0.19375452399253845,0.36990320682525635,0.5909780263900757,0.7175142765045166,0.07701405137777328,0.4375591576099396,0.6004632115364075,0.73261958360672,0.16745038330554962,0.3848882019519806,0.586555004119873,0.7215039730072021,0.09669791907072067,0.4317767918109894,0.5976001024246216,0.7341172099113464,0.1750054508447647,0.37489548325538635,0.4472886025905609,0.7183568477630615,-0.09060593694448471,0.9997900128364563,0.45713067054748535,0.7530893683433533,0.09045518934726715,0.9998276829719543,0.4732673764228821,0.594301164150238,-0.08771894872188568,0.9264692068099976,0.47004565596580505,0.6536832451820374,0.18974605202674866,0.24881379306316376,0.39996129274368286,0.6816997528076172,-0.025970030575990677,0.9199025630950928,0.4135976731777191,0.7018568515777588,0.2381870299577713,0.324330598115921,0.39553380012512207,0.7112718820571899,-0.014282887801527977,0.9281730651855469,0.41128844022750854,0.7131513953208923,0.24113044142723083,0.38290369510650635,0.3675104081630707,0.6993616819381714,0.04780123382806778,0.8979091644287109,0.3863270878791809,0.7078498601913452,0.26876720786094666,0.3363528847694397
301,0.6015371084213257,0.7870103120803833,-0.018705349415540695,0.9061598181724548,0.6064326763153076,0.7902492880821228,-0.04279281944036484,0.9082164168357849,0.6058367490768433,0.7893129587173462,-0.04267711192369461,0.9099120497703552,0.6052589416503906,0.7882422804832458,-0.04264287278056145,0.9004243612289429,0.6066756844520569,0.7953199744224548,-0.02621263638138771,0.9170090556144714,0.6061149835586548,0.7980333566665649,-0.026305098086595535,0.9211529493331909,0.6056796908378601,0.8006176352500916,-0.026384126394987106,0.915073573589325,0.5974960327148438,0.7924058437347412,-0.11635944992303848,0.8926770091056824,0.5979009866714478,0.8108184337615967,-0.04174569621682167,0.9372228980064392,0.5924550294876099,0.7851318717002869,-0.04179725423455238,0.9321238994598389,0.5927058458328247,0.790484607219696,-0.020304856821894646,0.9408770799636841,0.5485907793045044,0.7719133496284485,-0.14963945746421814,0.9962865114212036,0.5619558095932007,0.8374197483062744,0.01233958825469017,0.9979716539382935,0.5516998767852783,0.7043413519859314,-0.05737537890672684,0.6132969260215759,0.5733969807624817,0.7932471036911011,0.15860751271247864,0.10718757659196854,0.584279477596283,0.7161305546760559,0.10166122764348984,0.4006745517253876,0.5970235466957092,0.7407968640327454,0.2261526882648468,0.30383357405662537,0.5916338562965393,0.7073733806610107,0.09833749383687973,0.45020759105682373,0.6003525257110596,0.728911817073822,0.2405245304107666,0.39505118131637573,0.5940450429916382,0.717590868473053,0.0803966075181961,0.4658455550670624,0.6007450819015503,0.7333966493606567,0.21366026997566223,0.4110102355480194,0.5891187191009521,0.7234686017036438,0.10055407136678696,0.4591725170612335,0.5979965925216675,0.7346699833869934,0.21874301135540009,0.4003393054008484,0.4480154514312744,0.7185124754905701,-0.09056107699871063,0.9997974634170532,0.4569531977176666,0.7540974020957947,0.09040597826242447,0.9998348951339722,0.47428393363952637,0.5932002663612366,-0.08411167562007904,0.933043897151947,0.470073401927948,0.6529354453086853,0.18535162508487701,0.2322690784931183,0.4001176953315735,0.6817042827606201,-0.0319291315972805,0.9253411889076233,0.4129444658756256,0.700880765914917,0.2218736708164215,0.30276018381118774,0.39555269479751587,0.71128249168396,-0.021372558549046516,0.9313800930976868,0.4103996753692627,0.7121020555496216,0.22204728424549103,0.3566969037055969,0.36751335859298706,0.6990306377410889,0.04183163866400719,0.9048962593078613,0.3850865364074707,0.7068957090377808,0.24337410926818848,0.31556442379951477
302,0.6035011410713196,0.7872080206871033,-0.01941395178437233,0.9150199294090271,0.6083534359931946,0.7904331684112549,-0.043907128274440765,0.9170093536376953,0.6078201532363892,0.7895147800445557,-0.043793924152851105,0.9184961318969727,0.6072532534599304,0.7884591817855835,-0.0437612310051918,0.9099100232124329,0.6086223721504211,0.7954787611961365,-0.02748858369886875,0.9247053861618042,0.608176589012146,0.7982117533683777,-0.027581065893173218,0.9284918904304504,0.6078108549118042,0.8008124828338623,-0.027663493528962135,0.9232078790664673,0.5994962453842163,0.7927766442298889,-0.11869224160909653,0.9022760391235352,0.6003243327140808,0.8110020160675049,-0.0422055684030056,0.9429197311401367,0.5942195057868958,0.7854190468788147,-0.0429779551923275,0.9367395639419556,0.5947386026382446,0.7906970977783203,-0.021589502692222595,0.945048451423645,0.5486583113670349,0.7715669870376587,-0.15288113057613373,0.9961698055267334,0.5622535347938538,0.8379310965538025,0.01030384935438633,0.998081624507904,0.5515779852867126,0.7042623162269592,-0.057658590376377106,0.6297594904899597,0.5729742050170898,0.7933321595191956,0.15303348004817963,0.10206428915262222,0.5829578638076782,0.7090533971786499,0.11095376312732697,0.42206069827079773,0.5965882539749146,0.740814745426178,0.2235964983701706,0.3142458498477936,0.5899648070335388,0.708545982837677,0.1096176952123642,0.47333773970603943,0.6001700162887573,0.728999137878418,0.23880736529827118,0.4109461307525635,0.5923241376876831,0.7179203629493713,0.0986383706331253,0.4896833896636963,0.6004048585891724,0.733547568321228,0.21317920088768005,0.4279184341430664,0.5871805548667908,0.7240945100784302,0.11097471415996552,0.48215150833129883,0.5976151823997498,0.7346822023391724,0.21667996048927307,0.4169188439846039,0.44872769713401794,0.718573808670044,-0.0903443694114685,0.9998000264167786,0.4570004343986511,0.7542694807052612,0.09019404649734497,0.9998371005058289,0.47431835532188416,0.5941765904426575,-0.08322171121835709,0.9390426278114319,0.4702768325805664,0.6534793376922607,0.184843510389328,0.21813765168190002,0.4004860818386078,0.6822126507759094,-0.02970832958817482,0.9306533932685852,0.4121851325035095,0.7001909017562866,0.22710971534252167,0.2847749590873718,0.39603322744369507,0.7114008665084839,-0.018624180927872658,0.9344533681869507,0.40983352065086365,0.7114534378051758,0.2280864715576172,0.3334430754184723,0.3676358163356781,0.6989450454711914,0.04350489377975464,0.9116002917289734,0.3838346600532532,0.7061458826065063,0.24979069828987122,0.29777291417121887
303,0.6066428422927856,0.787179172039032,-0.06591326743364334,0.9232271313667297,0.6109297275543213,0.7903920412063599,-0.09208498895168304,0.9251070618629456,0.610198974609375,0.7894734144210815,-0.09197405725717545,0.9264163970947266,0.6094276905059814,0.7884300947189331,-0.09193983674049377,0.9186939001083374,0.6115628480911255,0.7954457998275757,-0.07533011585474014,0.9319192171096802,0.6111962199211121,0.7981688976287842,-0.07543496787548065,0.9353430271148682,0.6109192371368408,0.8007873296737671,-0.07552342861890793,0.9307015538215637,0.6007053256034851,0.7928151488304138,-0.16884376108646393,0.9114741086959839,0.6026044487953186,0.8110659122467041,-0.09277784824371338,0.9483482241630554,0.5967116355895996,0.7854089140892029,-0.08952440321445465,0.9423186779022217,0.5974970459938049,0.7906572818756104,-0.06787325441837311,0.949977457523346,0.5482174754142761,0.7711156606674194,-0.19347426295280457,0.9962559938430786,0.5648247599601746,0.8396831750869751,-0.03367644175887108,0.9982202649116516,0.5435835719108582,0.7047995328903198,-0.10329705476760864,0.6533517241477966,0.5731518864631653,0.7943238019943237,0.11530061066150665,0.0998702347278595,0.5813370943069458,0.7141533493995667,0.05147228762507439,0.45891550183296204,0.5963777899742126,0.740979015827179,0.191327303647995,0.33207061886787415,0.5902317762374878,0.7086294293403625,0.045465920120477676,0.5078548789024353,0.6004489660263062,0.7296784520149231,0.20449671149253845,0.4302898645401001,0.5918624401092529,0.7191094160079956,0.03765774518251419,0.5239183902740479,0.6007047891616821,0.7347286939620972,0.17685098946094513,0.4482104182243347,0.5874655246734619,0.7248262166976929,0.05123158171772957,0.5153231024742126,0.5977983474731445,0.7359555959701538,0.18350055813789368,0.43793609738349915,0.44913211464881897,0.7197801470756531,-0.08901230990886688,0.9998074173927307,0.45994168519973755,0.7568621039390564,0.08886773139238358,0.9998409152030945,0.4743470549583435,0.5956125855445862,-0.08337448537349701,0.9446638226509094,0.4790283143520355,0.6628418564796448,0.1856301873922348,0.21271710097789764,0.4005139470100403,0.6824320554733276,-0.018421094864606857,0.9356223940849304,0.4135078489780426,0.7004082202911377,0.24138247966766357,0.273764044046402,0.39510899782180786,0.7113741636276245,-0.005454999394714832,0.9365460276603699,0.41068774461746216,0.7111048102378845,0.24545416235923767,0.3147446811199188,0.3677076995372772,0.6979752779006958,0.058218248188495636,0.9177521467208862,0.3860633969306946,0.7059248089790344,0.27452561259269714,0.2861640155315399
304,0.6079479455947876,0.7867385149002075,-0.05007239058613777,0.9306588172912598,0.6122532486915588,0.7900248765945435,-0.07571831345558167,0.9324241280555725,0.6114991903305054,0.7892007231712341,-0.07560838758945465,0.9335881471633911,0.6106890439987183,0.7882538437843323,-0.07557643949985504,0.9266209602355957,0.6129342913627625,0.7949957251548767,-0.058906953781843185,0.9384409785270691,0.612588107585907,0.7977815866470337,-0.059004317969083786,0.9415475726127625,0.6122986078262329,0.8004667162895203,-0.059091079980134964,0.9374627470970154,0.6017953753471375,0.7928543090820312,-0.15205150842666626,0.9198483824729919,0.6041358709335327,0.8109873533248901,-0.07580643147230148,0.9532772302627563,0.5978361368179321,0.7853167653083801,-0.07374003529548645,0.9472787380218506,0.5987085103988647,0.7905119061470032,-0.05201246589422226,0.9543217420578003,0.5483891367912292,0.7712610960006714,-0.18182769417762756,0.9963105916976929,0.5667412281036377,0.840018630027771,-0.019213326275348663,0.9983329772949219,0.5436555743217468,0.7051267027854919,-0.09135530889034271,0.6722996830940247,0.572996973991394,0.7955348491668701,0.12627162039279938,0.09587123990058899,0.5809549689292908,0.7156674265861511,0.07179416716098785,0.4855214059352875,0.5961860418319702,0.7421141862869263,0.21084606647491455,0.3386671245098114,0.5906075239181519,0.7088043689727783,0.06922592222690582,0.5338243842124939,0.6007843017578125,0.7367512583732605,0.22509777545928955,0.4400200843811035,0.5925319790840149,0.7192294597625732,0.06261541694402695,0.5502769351005554,0.6005929112434387,0.7357871532440186,0.19667211174964905,0.45878851413726807,0.5875757336616516,0.7250776886940002,0.07250921428203583,0.5405722260475159,0.5972626805305481,0.7408686280250549,0.2028946876525879,0.44901084899902344,0.44965261220932007,0.721125602722168,-0.08874409645795822,0.9998087882995605,0.46036356687545776,0.7586022019386292,0.08860591799020767,0.9998417496681213,0.4744877815246582,0.5965297222137451,-0.08337635546922684,0.9495580196380615,0.47830215096473694,0.6595194935798645,0.1811397671699524,0.204707533121109,0.40054211020469666,0.6827783584594727,-0.018739571794867516,0.9402179718017578,0.41211023926734924,0.7003782391548157,0.239463210105896,0.2630694508552551,0.39520102739334106,0.7115064263343811,-0.0059604826383292675,0.9394810199737549,0.4095485210418701,0.7113305330276489,0.2445220947265625,0.29961884021759033,0.3677125573158264,0.6978139877319336,0.05756453797221184,0.9236416220664978,0.3831787109375,0.7057944536209106,0.2686397433280945,0.2753984332084656
305,0.6085008382797241,0.7866907119750977,-0.033446215093135834,0.9372913837432861,0.6129474639892578,0.7899245619773865,-0.05941460281610489,0.9389752745628357,0.6122511625289917,0.7891355156898499,-0.05930773541331291,0.9400103092193604,0.611501932144165,0.7882198095321655,-0.05928247049450874,0.9337143301963806,0.6135150194168091,0.7948617339134216,-0.042223088443279266,0.9442499876022339,0.6131445169448853,0.7976793646812439,-0.04230998083949089,0.947084367275238,0.6128569841384888,0.8003901839256287,-0.042396824806928635,0.9435142874717712,0.6027352213859558,0.7929335832595825,-0.13774138689041138,0.9272905588150024,0.604926347732544,0.8109434247016907,-0.06015445664525032,0.957666277885437,0.5986484289169312,0.7853468656539917,-0.0580269917845726,0.9514917135238647,0.5993067026138306,0.7905055284500122,-0.03595340624451637,0.9579861164093018,0.5495857000350952,0.7713001370429993,-0.16934247314929962,0.9963247179985046,0.567636251449585,0.8397974371910095,-0.0041906097903847694,0.9984105825424194,0.5441504120826721,0.7051705121994019,-0.08025425672531128,0.6858164072036743,0.5729450583457947,0.795691728591919,0.14972642064094543,0.09141255915164948,0.5808290243148804,0.7173185348510742,0.07791680842638016,0.5036230683326721,0.5960228443145752,0.7435861229896545,0.23688599467277527,0.3401406407356262,0.5902019739151001,0.7094107866287231,0.0738256424665451,0.5523631572723389,0.6012619137763977,0.7396830320358276,0.2534904479980469,0.4455086588859558,0.5918008089065552,0.7213238477706909,0.06579233705997467,0.5694712996482849,0.6002823114395142,0.7403199076652527,0.22767648100852966,0.4651709198951721,0.5871459245681763,0.7258989810943604,0.0779595896601677,0.558732807636261,0.5975300073623657,0.7392742037773132,0.22992344200611115,0.45578017830848694,0.4509239196777344,0.7223368287086487,-0.08875058591365814,0.9998065233230591,0.4612959325313568,0.7582666277885437,0.08861707150936127,0.9998399019241333,0.4747437536716461,0.5982611775398254,-0.08490745723247528,0.9540016055107117,0.47819143533706665,0.6521754860877991,0.171420618891716,0.19721876084804535,0.40062761306762695,0.6831096410751343,-0.024153338745236397,0.9446016550064087,0.4120713770389557,0.7003079652786255,0.23053833842277527,0.2530161440372467,0.3952710032463074,0.7118738889694214,-0.012197860516607761,0.9424006938934326,0.40948599576950073,0.7115194201469421,0.23476681113243103,0.28535720705986023,0.3672056794166565,0.6976962685585022,0.04610197991132736,0.9291552305221558,0.38181382417678833,0.7062245011329651,0.2546344995498657,0.26531267166137695
306,0.6090928912162781,0.786729097366333,-0.03303647041320801,0.9433558583259583,0.6136472225189209,0.7899397611618042,-0.059389419853687286,0.9449394345283508,0.6129871010780334,0.7891601324081421,-0.05928199365735054,0.9458633065223694,0.6122854948043823,0.7882524728775024,-0.0592552125453949,0.9401794672012329,0.6141706705093384,0.7948644161224365,-0.041762396693229675,0.9495914578437805,0.6137973666191101,0.7976864576339722,-0.04184795171022415,0.9521677494049072,0.6135080456733704,0.8003939986228943,-0.041934363543987274,0.9490223526954651,0.6034422516822815,0.7931725978851318,-0.13725855946540833,0.9342163801193237,0.6054574251174927,0.8109585046768188,-0.05940936133265495,0.9617154598236084,0.5992233157157898,0.7855738997459412,-0.05797010660171509,0.9557385444641113,0.5997976064682007,0.7907361388206482,-0.03547900915145874,0.9616607427597046,0.5504578351974487,0.7716969847679138,-0.17066632211208344,0.9964799284934998,0.5678854584693909,0.8398090600967407,3.827254113275558e-05,0.9985091686248779,0.5396004915237427,0.7052474617958069,-0.08238968253135681,0.7007910013198853,0.5692718625068665,0.7955387234687805,0.1586565524339676,0.08709318935871124,0.5798971652984619,0.7179860472679138,0.07798340916633606,0.5273281335830688,0.5944526195526123,0.7435116171836853,0.25342366099357605,0.3389359712600708,0.5899073481559753,0.7094360589981079,0.07532311230897903,0.5752350091934204,0.5997296571731567,0.7388718724250793,0.2722032070159912,0.44784367084503174,0.5915011167526245,0.7226169109344482,0.0686432346701622,0.5924578905105591,0.5999130606651306,0.740177571773529,0.24671725928783417,0.46818017959594727,0.5869736671447754,0.726326048374176,0.07875197380781174,0.5803170800209045,0.5973792672157288,0.7357409596443176,0.24669459462165833,0.45963871479034424,0.4519380033016205,0.7234591841697693,-0.08875522017478943,0.9998059272766113,0.4618338942527771,0.7583738565444946,0.08862559497356415,0.9998379945755005,0.47546857595443726,0.5987260937690735,-0.08678345382213593,0.9579982757568359,0.47789549827575684,0.6502577066421509,0.1715063750743866,0.19168849289417267,0.4007261395454407,0.68326336145401,-0.026173893362283707,0.9482992887496948,0.41198253631591797,0.7004775404930115,0.2267545908689499,0.2441062182188034,0.395255446434021,0.7119027972221375,-0.014331787824630737,0.9445549249649048,0.409372478723526,0.7117789387702942,0.23001162707805634,0.2726351022720337,0.36691370606422424,0.6975879073143005,0.04480695351958275,0.9337617754936218,0.3814677596092224,0.7067832350730896,0.2512892484664917,0.25558629631996155
307,0.6092484593391418,0.7868046164512634,-0.030558664351701736,0.9487589001655579,0.6139044761657715,0.7899784445762634,-0.05716816708445549,0.9502748250961304,0.6132745742797852,0.7892075181007385,-0.05706083029508591,0.9510974884033203,0.6126094460487366,0.7883049845695496,-0.05703843757510185,0.945959210395813,0.6143280863761902,0.7949360013008118,-0.03910098597407341,0.9543340802192688,0.6139191389083862,0.7977861762046814,-0.039184462279081345,0.9566847085952759,0.6135905981063843,0.8005143404006958,-0.03927134722471237,0.9539430141448975,0.6038872003555298,0.7935211658477783,-0.13561314344406128,0.9403625130653381,0.605536162853241,0.8112401366233826,-0.055432647466659546,0.965318500995636,0.5993579626083374,0.7858328223228455,-0.0554838702082634,0.9593991041183472,0.599836528301239,0.7911249995231628,-0.032501257956027985,0.9648194909095764,0.551691472530365,0.7721573710441589,-0.1702609360218048,0.9965965151786804,0.5678974986076355,0.8396820425987244,0.006346804089844227,0.9985926747322083,0.5384743213653564,0.7054081559181213,-0.08136210590600967,0.7119776606559753,0.5667420029640198,0.794312596321106,0.16554144024848938,0.08262190222740173,0.5788000822067261,0.7184927463531494,0.0804956927895546,0.5449478030204773,0.593580424785614,0.7431841492652893,0.2604024112224579,0.3350134491920471,0.5892990827560425,0.7095847725868225,0.0783834233880043,0.5926908254623413,0.5987042188644409,0.7384156584739685,0.2796223759651184,0.4472651481628418,0.590646505355835,0.7231394052505493,0.07201309502124786,0.6102885603904724,0.5996543169021606,0.7400809526443481,0.25396573543548584,0.4682833254337311,0.5866873264312744,0.7265868782997131,0.08144713938236237,0.5968888401985168,0.5972985029220581,0.7334225177764893,0.25359854102134705,0.4607219994068146,0.45284247398376465,0.7238279581069946,-0.08876588940620422,0.9998003840446472,0.46213898062705994,0.758249044418335,0.08863650262355804,0.9998336434364319,0.4775021970272064,0.5982474088668823,-0.08699893206357956,0.9613991379737854,0.47590842843055725,0.647213339805603,0.16812923550605774,0.18461813032627106,0.40102848410606384,0.6832637190818787,-0.02619335986673832,0.9511528015136719,0.4099206030368805,0.7007583975791931,0.21889476478099823,0.23382256925106049,0.3952692151069641,0.7118942737579346,-0.0143541619181633,0.9460625648498535,0.4077094495296478,0.712308943271637,0.22148892283439636,0.26000380516052246,0.36679723858833313,0.6975759267807007,0.04528623819351196,0.9373593926429749,0.3793223202228546,0.7084053158760071,0.24236643314361572,0.24478766322135925
308,0.6092554926872253,0.7874289155006409,-0.0422687754034996,0.9535900950431824,0.6138700842857361,0.7904387712478638,-0.06776770949363708,0.9550480842590332,0.6132056713104248,0.7896744012832642,-0.06765703856945038,0.9557797312736511,0.6125169396400452,0.7887833714485168,-0.06763532757759094,0.951131284236908,0.6143410205841064,0.7955368161201477,-0.05060380697250366,0.9585508108139038,0.6139354705810547,0.7984736561775208,-0.050693392753601074,0.9607082009315491,0.6136054992675781,0.8012543320655823,-0.05077775567770004,0.9583420157432556,0.6038002371788025,0.7941845655441284,-0.14279213547706604,0.9458091259002686,0.6054214239120483,0.8121173977851868,-0.06592460721731186,0.9685060381889343,0.5992441773414612,0.7867000102996826,-0.06576723605394363,0.9625264406204224,0.5997765064239502,0.7922185659408569,-0.04386283457279205,0.9675197005271912,0.5515068173408508,0.7721502184867859,-0.1751183271408081,0.9966562390327454,0.568156361579895,0.8397216796875,-0.002706700935959816,0.9986522793769836,0.5383792519569397,0.7055814266204834,-0.08614850789308548,0.7241547107696533,0.5669032335281372,0.7943435907363892,0.1587165892124176,0.07962127029895782,0.5781236290931702,0.7189835906028748,0.07313726842403412,0.5632312297821045,0.5929836630821228,0.743411660194397,0.24959774315357208,0.33573445677757263,0.5883740186691284,0.7098070383071899,0.06978769600391388,0.6104320883750916,0.5982842445373535,0.7384235262870789,0.2669110894203186,0.45112553238868713,0.5897059440612793,0.7235164642333984,0.06354119628667831,0.6282355189323425,0.598841667175293,0.7418886423110962,0.24230976402759552,0.4726707935333252,0.5862542986869812,0.7267933487892151,0.07392188906669617,0.6136890053749084,0.5968180298805237,0.7333650588989258,0.24293486773967743,0.46530982851982117,0.4535571038722992,0.7246140837669373,-0.08883345127105713,0.9997918009757996,0.4628080427646637,0.758625864982605,0.08871663361787796,0.9998255968093872,0.4779551029205322,0.5998458862304688,-0.0868639424443245,0.964576780796051,0.47584471106529236,0.6513470411300659,0.16598069667816162,0.17837780714035034,0.40113306045532227,0.6833838820457458,-0.02691781520843506,0.9542924165725708,0.4097597002983093,0.7009914517402649,0.21560843288898468,0.22548145055770874,0.3952959179878235,0.7118818759918213,-0.015341801568865776,0.9481332302093506,0.40767621994018555,0.7124659419059753,0.2179059237241745,0.24915790557861328,0.36665183305740356,0.6975802183151245,0.043000295758247375,0.9412065148353577,0.37913376092910767,0.7089966535568237,0.23791225254535675,0.2359076589345932
309,0.6091612577438354,0.7879378199577332,-0.052881985902786255,0.9579691290855408,0.6137619018554688,0.7912092804908752,-0.07860201597213745,0.9593760371208191,0.6130942106246948,0.7905066013336182,-0.07849372923374176,0.9600244164466858,0.612406849861145,0.7896627187728882,-0.07847671955823898,0.9558265209197998,0.614244282245636,0.7962260842323303,-0.0610702820122242,0.9623928666114807,0.6138391494750977,0.7991293668746948,-0.061161480844020844,0.9643632769584656,0.6135116815567017,0.8018484711647034,-0.061244357377290726,0.9623274207115173,0.603754460811615,0.795256495475769,-0.15311633050441742,0.9507995843887329,0.6053150296211243,0.8126417398452759,-0.07481373846530914,0.9714042544364929,0.5991300344467163,0.787363588809967,-0.07611729204654694,0.9655280113220215,0.5996571779251099,0.7928606271743774,-0.0537853017449379,0.9700829982757568,0.551341712474823,0.7721725702285767,-0.1849461942911148,0.9967507123947144,0.5681068897247314,0.839674174785614,-0.007403247058391571,0.998711884021759,0.5359384417533875,0.7056494355201721,-0.09276191890239716,0.7348064184188843,0.5649611353874207,0.7939770817756653,0.15592530369758606,0.0763385072350502,0.5768596529960632,0.7193076014518738,0.07028204202651978,0.5822979211807251,0.591338038444519,0.743408203125,0.25117334723472595,0.3330758810043335,0.5880095958709717,0.7100276947021484,0.06693626940250397,0.6288354396820068,0.5970630049705505,0.7381941676139832,0.27016985416412354,0.4511359632015228,0.5896755456924438,0.7238501906394958,0.06043320149183273,0.6467889547348022,0.5977963805198669,0.7417519092559814,0.244111567735672,0.4732285141944885,0.586142361164093,0.7270011901855469,0.07117550820112228,0.6310663223266602,0.5935536623001099,0.7377296090126038,0.24431002140045166,0.4667162001132965,0.45395320653915405,0.7260462641716003,-0.08884115517139435,0.9997838139533997,0.46293097734451294,0.7601209878921509,0.08872707188129425,0.999817430973053,0.4787164628505707,0.6012319922447205,-0.08838538825511932,0.9673303365707397,0.47517576813697815,0.6504107713699341,0.16534313559532166,0.1733793169260025,0.40151166915893555,0.6834396123886108,-0.026326041668653488,0.9569015502929688,0.4093857407569885,0.702049195766449,0.21684984862804413,0.2186405509710312,0.3953154683113098,0.7119045257568359,-0.014385158196091652,0.9496883153915405,0.4074782431125641,0.7136926651000977,0.21883869171142578,0.23978763818740845,0.36665770411491394,0.69757479429245,0.04394281655550003,0.9444543719291687,0.3789137303829193,0.7108129262924194,0.24181266129016876,0.2281302660703659
310,0.6091023087501526,0.7900382280349731,-0.08181522786617279,0.9619849920272827,0.6136646866798401,0.7934483885765076,-0.1072268933057785,0.9633268713951111,0.6130042672157288,0.7925360202789307,-0.10711020231246948,0.9639017581939697,0.612329363822937,0.7914940118789673,-0.10708920657634735,0.9601200222969055,0.6141551733016968,0.7990071773529053,-0.08976082503795624,0.9659599661827087,0.6137572526931763,0.8019508123397827,-0.08985808491706848,0.967747151851654,0.6134400963783264,0.8046172261238098,-0.08993134647607803,0.9659776091575623,0.6036456823348999,0.7965390682220459,-0.1779186725616455,0.9554286599159241,0.605262041091919,0.8146384954452515,-0.0997161790728569,0.974113404750824,0.5990714430809021,0.7888318300247192,-0.10336949676275253,0.9684944152832031,0.5996015667915344,0.7949193716049194,-0.08105392754077911,0.972682535648346,0.5506256818771362,0.7719796299934387,-0.20337390899658203,0.9969084858894348,0.568049967288971,0.8409430980682373,-0.030426597222685814,0.9987956285476685,0.5284363031387329,0.7193514704704285,-0.11507536470890045,0.7474884986877441,0.5652170181274414,0.7945681214332581,0.13439051806926727,0.07485375553369522,0.5751757621765137,0.7192625403404236,0.04150782525539398,0.6015058755874634,0.5911133885383606,0.7441378235816956,0.23516535758972168,0.3370782136917114,0.5877724289894104,0.7100574374198914,0.035964399576187134,0.6461577415466309,0.5970286726951599,0.7386989593505859,0.25342655181884766,0.4559939205646515,0.5895870923995972,0.7238450646400452,0.029444623738527298,0.6640493869781494,0.5977292656898499,0.7423294186592102,0.22566425800323486,0.4787456691265106,0.5859246850013733,0.7269579172134399,0.04198864847421646,0.6475104689598083,0.593085765838623,0.7406418919563293,0.22796019911766052,0.4727795720100403,0.45395445823669434,0.7261531949043274,-0.08838622272014618,0.9997857809066772,0.46326810121536255,0.7616397738456726,0.0882812961935997,0.9998176097869873,0.4804016053676605,0.6011090874671936,-0.08591774106025696,0.9698129892349243,0.4760030210018158,0.6596958041191101,0.16696740686893463,0.16955570876598358,0.4018271863460541,0.6834370493888855,-0.02516099251806736,0.9590261578559875,0.4095016121864319,0.7021093368530273,0.21787233650684357,0.21378086507320404,0.395341694355011,0.7119010090827942,-0.012999695725739002,0.9506927728652954,0.4075070917606354,0.7135574221611023,0.22073574364185333,0.23155918717384338,0.36758771538734436,0.6975857615470886,0.04826882481575012,0.9471606612205505,0.3802693486213684,0.7106242775917053,0.24768254160881042,0.22262682020664215
311,0.6090624332427979,0.7911422252655029,-0.06343043595552444,0.9656065702438354,0.613623857498169,0.7948893308639526,-0.08895751088857651,0.9668871164321899,0.6129621267318726,0.794039785861969,-0.0888453796505928,0.9673956036567688,0.6122833490371704,0.7930440306663513,-0.08882229030132294,0.9639859795570374,0.6141128540039062,0.8002460598945618,-0.07178597152233124,0.9691847562789917,0.6137251853942871,0.8030784726142883,-0.07188000530004501,0.9708081483840942,0.6134157776832581,0.8056283593177795,-0.07196275144815445,0.9692737460136414,0.603579580783844,0.7982197999954224,-0.1636212170124054,0.9596145153045654,0.6051245927810669,0.8155844807624817,-0.09891451895236969,0.976565420627594,0.59904545545578,0.7899457812309265,-0.08625699579715729,0.9711303114891052,0.5995453000068665,0.7958289980888367,-0.06436377763748169,0.9750016927719116,0.5506538152694702,0.7723429799079895,-0.19284860789775848,0.9970337152481079,0.5679883360862732,0.8415994048118591,-0.01181775238364935,0.9988677501678467,0.529837965965271,0.7180591821670532,-0.10284139215946198,0.7564260959625244,0.5654600262641907,0.7945588827133179,0.15892930328845978,0.07244651764631271,0.5724794268608093,0.7119659781455994,0.056954510509967804,0.6142893433570862,0.5911366939544678,0.7440934777259827,0.2553260922431946,0.3398723602294922,0.587661623954773,0.7104550004005432,0.05314527824521065,0.6583513617515564,0.5970583558082581,0.7387452721595764,0.27387145161628723,0.4606296718120575,0.5894892811775208,0.7239297032356262,0.04618456959724426,0.6764485836029053,0.5982376933097839,0.7411457300186157,0.24661532044410706,0.48400449752807617,0.5857455134391785,0.7269806265830994,0.05754523724317551,0.6590723395347595,0.5934072136878967,0.742124617099762,0.24812421202659607,0.4784170091152191,0.45387664437294006,0.726139485836029,-0.08921855688095093,0.9997887015342712,0.46316489577293396,0.7621110677719116,0.08912508189678192,0.9998201727867126,0.48176664113998413,0.6010273694992065,-0.08591559529304504,0.9721651077270508,0.4771119952201843,0.663012683391571,0.16705937683582306,0.16449394822120667,0.4022549092769623,0.6833855509757996,-0.034697599709033966,0.9614191055297852,0.4105868339538574,0.7019571661949158,0.21369488537311554,0.20892219245433807,0.39535272121429443,0.7118956446647644,-0.024070998653769493,0.952674925327301,0.40811294317245483,0.7127248048782349,0.21538639068603516,0.22513648867607117,0.3679425120353699,0.6955367922782898,0.03309991955757141,0.9501847624778748,0.3825804591178894,0.7082030773162842,0.23548737168312073,0.21802644431591034
312,0.608437716960907,0.7931424379348755,-0.057670366019010544,0.9688140749931335,0.613010048866272,0.7961655855178833,-0.08358675241470337,0.9700626134872437,0.6123837232589722,0.7950896620750427,-0.08347801864147186,0.9705048203468323,0.6117529273033142,0.7938398122787476,-0.08345909416675568,0.9674333333969116,0.613477349281311,0.8017843961715698,-0.06742053478956223,0.9720417857170105,0.6131072640419006,0.8045765161514282,-0.06751042604446411,0.9735139012336731,0.6127884387969971,0.8072291016578674,-0.06760425865650177,0.9722154140472412,0.6031883358955383,0.7983454465866089,-0.15958765149116516,0.9632816314697266,0.6044978499412537,0.816769003868103,-0.07839265465736389,0.9787334203720093,0.5985798835754395,0.7914438247680664,-0.08175425231456757,0.9732480645179749,0.5990551710128784,0.797555685043335,-0.061917293816804886,0.9768739342689514,0.5506559610366821,0.7724899053573608,-0.18594470620155334,0.9970461130142212,0.5667409300804138,0.8415100574493408,-0.0028009070083498955,0.9989116191864014,0.5383907556533813,0.7159039974212646,-0.0968986228108406,0.760955274105072,0.5656457543373108,0.7945806980133057,0.15948884189128876,0.06999412924051285,0.5726781487464905,0.7101885676383972,0.06298099458217621,0.6214761137962341,0.5915352702140808,0.7443917989730835,0.24956560134887695,0.3420397937297821,0.5894263386726379,0.7125831246376038,0.059197913855314255,0.6658097505569458,0.5975663661956787,0.7395736575126648,0.267669141292572,0.4642636477947235,0.5912190675735474,0.7251765131950378,0.04740635305643082,0.6842615604400635,0.5993924140930176,0.7410186529159546,0.24122580885887146,0.48836836218833923,0.5874441862106323,0.7278445959091187,0.061513643711805344,0.6665629744529724,0.5947266817092896,0.7391701340675354,0.24245218932628632,0.4830912947654724,0.45363330841064453,0.7258085608482361,-0.08919668942689896,0.9997829794883728,0.46275633573532104,0.7617848515510559,0.08910606801509857,0.9998171925544739,0.4824753701686859,0.600746750831604,-0.09281089901924133,0.9742470979690552,0.47748860716819763,0.6609162092208862,0.15446554124355316,0.16072626411914825,0.40250301361083984,0.6833223700523376,-0.03643793612718582,0.9633150100708008,0.41168561577796936,0.7019451260566711,0.20999424159526825,0.20182572305202484,0.39490777254104614,0.7112911939620972,-0.025375088676810265,0.9538590908050537,0.4088764190673828,0.7126684188842773,0.21259501576423645,0.21633639931678772,0.36852794885635376,0.6939794421195984,0.030036266893148422,0.9523178935050964,0.3842913806438446,0.7080671787261963,0.23211827874183655,0.21074630320072174
313,0.6080032587051392,0.7936270833015442,-0.03074108436703682,0.9717484712600708,0.6127229928970337,0.7963880896568298,-0.055757105350494385,0.9729402661323547,0.6121610999107361,0.7952901124954224,-0.05563906952738762,0.9733246564865112,0.6115903258323669,0.7940177917480469,-0.05560905486345291,0.9705517292022705,0.6130849123001099,0.802041232585907,-0.037828464061021805,0.9746402502059937,0.6127191781997681,0.8048520684242249,-0.037920888513326645,0.975979745388031,0.6124258637428284,0.8074693083763123,-0.037994612008333206,0.9748820662498474,0.6031761169433594,0.7983410954475403,-0.128943532705307,0.9666082859039307,0.604203999042511,0.8172203302383423,-0.04691680148243904,0.9807143807411194,0.5983965992927551,0.7920171022415161,-0.05389425903558731,0.975281834602356,0.5986901521682739,0.7979956269264221,-0.03106023743748665,0.9786407351493835,0.5523447394371033,0.7737970948219299,-0.16227306425571442,0.9970613121986389,0.5658841133117676,0.8415042757987976,0.014690744690597057,0.998974621295929,0.5438499450683594,0.7158058881759644,-0.07537257671356201,0.7625027894973755,0.5657621026039124,0.7948039770126343,0.17380023002624512,0.0683397725224495,0.5763841867446899,0.7155503034591675,0.0868864506483078,0.6253026723861694,0.5925707817077637,0.7450608015060425,0.26322948932647705,0.3493667244911194,0.5902940034866333,0.7132267355918884,0.08607612550258636,0.6709164381027222,0.5979731678962708,0.7403398752212524,0.28089743852615356,0.47341200709342957,0.5932940244674683,0.7250572443008423,0.07746367156505585,0.6899615526199341,0.6002691984176636,0.7408847808837891,0.25424501299858093,0.4980849325656891,0.5887795686721802,0.7279952168464661,0.08712203055620193,0.6721844673156738,0.5966154336929321,0.738171398639679,0.2560455799102783,0.49276652932167053,0.45359253883361816,0.7257110476493835,-0.08877552300691605,0.9997822046279907,0.46132200956344604,0.7614958882331848,0.08867465704679489,0.999821126461029,0.48326677083969116,0.6005448698997498,-0.0860300287604332,0.9755989909172058,0.47625938057899475,0.6605467200279236,0.14932569861412048,0.15528549253940582,0.4025660455226898,0.683319091796875,-0.0346960723400116,0.9645950198173523,0.4087887704372406,0.7019807696342468,0.19389310479164124,0.1957516074180603,0.39493340253829956,0.71141117811203,-0.023843947798013687,0.9549363851547241,0.4061223566532135,0.7130606770515442,0.19572412967681885,0.21056553721427917,0.368503212928772,0.694622814655304,0.03212759271264076,0.954111635684967,0.37860867381095886,0.708027184009552,0.21321626007556915,0.20578278601169586
314,0.6079104542732239,0.7938002943992615,-0.018525220453739166,0.974351167678833,0.612697184085846,0.7965490818023682,-0.0439128577709198,0.9754990935325623,0.612144410610199,0.7954965233802795,-0.043801359832286835,0.9758349061012268,0.6115580797195435,0.7942642569541931,-0.0437747985124588,0.973325252532959,0.6129934787750244,0.8020753860473633,-0.02541651949286461,0.9769089818000793,0.6126230955123901,0.8048643469810486,-0.025508221238851547,0.9781432747840881,0.6123329997062683,0.8074600696563721,-0.025586923584342003,0.9772461652755737,0.6031934022903442,0.7985519766807556,-0.11900077015161514,0.9695327281951904,0.604188084602356,0.8172972798347473,-0.03612913936376572,0.9824411273002625,0.59837806224823,0.7922970056533813,-0.0424526147544384,0.9770552515983582,0.5985922813415527,0.7981138825416565,-0.01887141726911068,0.9801058173179626,0.55353844165802,0.7755606770515442,-0.15836378931999207,0.9970840215682983,0.5655162930488586,0.8414456844329834,0.02320178970694542,0.9990147948265076,0.5436288714408875,0.7145372033119202,-0.07219549268484116,0.7639648914337158,0.5636187791824341,0.794238805770874,0.17689576745033264,0.06628162413835526,0.5771998167037964,0.7167930006980896,0.09194659441709518,0.6250197291374207,0.5923261642456055,0.7450315952301025,0.2655593454837799,0.3456026613712311,0.5895227193832397,0.7133973240852356,0.09193746745586395,0.6721017360687256,0.5981796979904175,0.7387431859970093,0.2836988568305969,0.47156286239624023,0.592923104763031,0.7248064875602722,0.08492754399776459,0.691936194896698,0.6001946926116943,0.7404181361198425,0.2576465606689453,0.49669304490089417,0.5885393619537354,0.7280218601226807,0.09301678836345673,0.6738614439964294,0.5967129468917847,0.7363200783729553,0.25839924812316895,0.49200573563575745,0.45370274782180786,0.7256516218185425,-0.08876202255487442,0.9997639060020447,0.46068865060806274,0.7602721452713013,0.08866630494594574,0.9998120665550232,0.4839089810848236,0.6004133820533752,-0.08781057596206665,0.9766950607299805,0.4761916697025299,0.6529409885406494,0.1441878378391266,0.15148784220218658,0.4028584063053131,0.6833202242851257,-0.037895359098911285,0.965847909450531,0.40707650780677795,0.7011712789535522,0.19420328736305237,0.19139015674591064,0.39502909779548645,0.7113399505615234,-0.02768353559076786,0.9560646414756775,0.4046440124511719,0.7129606008529663,0.1964275985956192,0.20747226476669312,0.3684568703174591,0.6948835849761963,0.024661550298333168,0.9558643698692322,0.37598147988319397,0.7074980139732361,0.21238741278648376,0.20238201320171356
315,0.6074274778366089,0.793971061706543,-0.022064823657274246,0.9766914248466492,0.6124123334884644,0.7967519164085388,-0.04700317233800888,0.9778083562850952,0.6119543313980103,0.7956820130348206,-0.04688747599720955,0.9780975580215454,0.6114510893821716,0.7944391369819641,-0.046858049929142,0.9758243560791016,0.6125631332397461,0.8023433089256287,-0.028913265094161034,0.9789704084396362,0.6122065186500549,0.8051462173461914,-0.02900633215904236,0.9801027774810791,0.6119323372840881,0.8077389597892761,-0.029083222150802612,0.9793831706047058,0.6031767129898071,0.7986531853675842,-0.12000808864831924,0.9721490740776062,0.6040226221084595,0.8174576163291931,-0.03916338086128235,0.9840074181556702,0.5981194376945496,0.7923792004585266,-0.04517654329538345,0.978545606136322,0.5981667041778564,0.7982304692268372,-0.02209792286157608,0.9813823699951172,0.5540984869003296,0.7755928635597229,-0.15775780379772186,0.9970584511756897,0.5645352602005005,0.8414276838302612,0.020383186638355255,0.9990497827529907,0.5445326566696167,0.7116736769676208,-0.06783638894557953,0.7649368047714233,0.5633774995803833,0.7942606806755066,0.17396512627601624,0.0645722895860672,0.5783404111862183,0.7172445058822632,0.10032030194997787,0.6242182850837708,0.5923223495483398,0.7452483773231506,0.26083216071128845,0.3457506597042084,0.5894292593002319,0.7134934067726135,0.10072870552539825,0.6724428534507751,0.5986669063568115,0.738467812538147,0.27835673093795776,0.47351694107055664,0.5927650928497314,0.7245968580245972,0.09290019422769547,0.6931066513061523,0.6001707911491394,0.740337610244751,0.25222688913345337,0.4992220997810364,0.5882590413093567,0.7280063033103943,0.10115355253219604,0.6751084327697754,0.5968366861343384,0.735904335975647,0.2536492943763733,0.49472054839134216,0.4537088871002197,0.725278913974762,-0.0886579379439354,0.9997490644454956,0.4597075879573822,0.7598956823348999,0.08856690675020218,0.9998066425323486,0.4846116602420807,0.6003493070602417,-0.0868988111615181,0.9774378538131714,0.47610196471214294,0.6509508490562439,0.14393475651741028,0.14600369334220886,0.4032074511051178,0.6833182573318481,-0.03817367926239967,0.9665492177009583,0.40530720353126526,0.7010546326637268,0.18759608268737793,0.1859380453824997,0.3957388401031494,0.711008608341217,-0.028290893882513046,0.9567781686782837,0.40322452783584595,0.7129400372505188,0.18915584683418274,0.20346517860889435,0.36876362562179565,0.6956228613853455,0.025804808363318443,0.9570921659469604,0.37374892830848694,0.7074807286262512,0.20502492785453796,0.19794270396232605
316,0.6074228286743164,0.7939118146896362,-0.026542287319898605,0.9787718653678894,0.6123989820480347,0.7966380715370178,-0.049965616315603256,0.9798649549484253,0.611944317817688,0.7956091165542603,-0.049848154187202454,0.9801118969917297,0.6114329695701599,0.7944250702857971,-0.049821559339761734,0.9780523777008057,0.6125382781028748,0.8021923303604126,-0.030505985021591187,0.9807829856872559,0.6121881604194641,0.8049947619438171,-0.03060111775994301,0.9818288087844849,0.6119142770767212,0.8075881600379944,-0.03067280910909176,0.9812824726104736,0.6031649708747864,0.7989492416381836,-0.12357310950756073,0.9744465351104736,0.6040105819702148,0.8173462748527527,-0.04419630393385887,0.9853627681732178,0.598095715045929,0.7923117876052856,-0.048040203750133514,0.9797554016113281,0.5981372594833374,0.7981964349746704,-0.023372652009129524,0.9823700785636902,0.5542553663253784,0.7757840752601624,-0.15924176573753357,0.9969926476478577,0.5642164349555969,0.8412917256355286,0.016398344188928604,0.9990623593330383,0.544384241104126,0.7109107375144958,-0.07138416171073914,0.7642267346382141,0.562891960144043,0.7934951782226562,0.17047621309757233,0.062138672918081284,0.5792479515075684,0.7174858450889587,0.0969819501042366,0.6250860691070557,0.592058539390564,0.7452414631843567,0.2597939372062683,0.3418131172657013,0.589290201663971,0.7135061621665955,0.09724976122379303,0.6747998595237732,0.598366379737854,0.739605188369751,0.27631673216819763,0.47168824076652527,0.5927427411079407,0.7242406606674194,0.08950911462306976,0.6961188912391663,0.6001360416412354,0.7402336597442627,0.25047507882118225,0.4978550970554352,0.5880954265594482,0.7279953360557556,0.09789460897445679,0.6776905059814453,0.5968195199966431,0.7353038191795349,0.2521994113922119,0.49362170696258545,0.45370131731033325,0.7252533435821533,-0.08865619450807571,0.9997303485870361,0.45958977937698364,0.7597051858901978,0.08856642246246338,0.9997973442077637,0.4848923087120056,0.6003611087799072,-0.0868675485253334,0.9781541228294373,0.4760717451572418,0.6505370736122131,0.1443408876657486,0.14167197048664093,0.4036925733089447,0.6833219528198242,-0.03699176758527756,0.9675431251525879,0.4048584997653961,0.6990126371383667,0.1913532316684723,0.18294288218021393,0.39621874690055847,0.710485577583313,-0.02678656205534935,0.9578086733818054,0.402752161026001,0.7112865447998047,0.19333632290363312,0.20171280205249786,0.3687555193901062,0.6956329941749573,0.027590245008468628,0.9586446285247803,0.37379854917526245,0.7049773931503296,0.20959027111530304,0.19588208198547363
317,0.6073950529098511,0.7937668561935425,-0.04374293237924576,0.9806391000747681,0.6123678088188171,0.7966128587722778,-0.06728161871433258,0.9817153811454773,0.6119263172149658,0.7956246137619019,-0.06716527044773102,0.9819185733795166,0.6114256978034973,0.7944813370704651,-0.06713642179965973,0.9800572991371155,0.6124895811080933,0.8020864129066467,-0.0492984876036644,0.9824292063713074,0.6121377348899841,0.8048810362815857,-0.04939373582601547,0.9833881855010986,0.6118561029434204,0.8074700236320496,-0.049466364085674286,0.982995867729187,0.6031605005264282,0.7991348505020142,-0.13552099466323853,0.9765090346336365,0.603988528251648,0.8172730207443237,-0.05709908530116081,0.9865790009498596,0.5980870127677917,0.7922157645225525,-0.06463612616062164,0.9808253049850464,0.5981118679046631,0.7980661392211914,-0.041680045425891876,0.9833082556724548,0.5541920065879822,0.7757666110992432,-0.1665024757385254,0.9969470500946045,0.5640498399734497,0.8407917022705078,0.006392104085534811,0.9990748167037964,0.5443068146705627,0.7094688415527344,-0.07255816459655762,0.7637240290641785,0.5629630088806152,0.7926563620567322,0.15575698018074036,0.06005921587347984,0.579780638217926,0.7176245450973511,0.09668560326099396,0.6288551092147827,0.5918379426002502,0.7451164126396179,0.2348463535308838,0.33945363759994507,0.589417040348053,0.7136567831039429,0.09560045599937439,0.6796688437461853,0.598247766494751,0.7401716113090515,0.2494954615831375,0.47117212414741516,0.5927906036376953,0.723924458026886,0.08500488102436066,0.7013025283813477,0.600154459476471,0.7401201128959656,0.22296932339668274,0.497679740190506,0.5880738496780396,0.7279881834983826,0.0961846336722374,0.682526707649231,0.5967441201210022,0.734666645526886,0.22717896103858948,0.49338632822036743,0.45371413230895996,0.7252093553543091,-0.08854345232248306,0.9997237920761108,0.45959821343421936,0.7596205472946167,0.08846034109592438,0.9997922778129578,0.4848122000694275,0.6002903580665588,-0.0878477692604065,0.9792331457138062,0.4758349359035492,0.6534579396247864,0.14649993181228638,0.1378854513168335,0.4042929708957672,0.6833179593086243,-0.036940328776836395,0.9685457348823547,0.4055233597755432,0.6988760828971863,0.19328345358371735,0.1789812445640564,0.396360844373703,0.7102550268173218,-0.026535790413618088,0.9585212469100952,0.4032554626464844,0.7107912302017212,0.1954060196876526,0.19706100225448608,0.3687588572502136,0.6956493854522705,0.028969595208764076,0.9599609375,0.37565532326698303,0.7045349478721619,0.2130277156829834,0.19190984964370728
318,0.6073781847953796,0.7937083840370178,-0.043111491948366165,0.9822337031364441,0.6123529672622681,0.7965660095214844,-0.0670776218175888,0.9833220839500427,0.6119058132171631,0.7955771088600159,-0.06696002185344696,0.983479917049408,0.6114028096199036,0.7944413423538208,-0.06692984700202942,0.9817876815795898,0.6124826669692993,0.8020479083061218,-0.04935922846198082,0.9838097095489502,0.6121307015419006,0.8048330545425415,-0.04945555701851845,0.984703540802002,0.6118465662002563,0.8074138164520264,-0.049533404409885406,0.984486997127533,0.6031850576400757,0.7992348074913025,-0.13607269525527954,0.9781531095504761,0.6039692163467407,0.8172131180763245,-0.05811656638979912,0.9875842928886414,0.5980519652366638,0.7921940684318542,-0.06459100544452667,0.9814686179161072,0.598069429397583,0.7980068325996399,-0.04195137694478035,0.9838780760765076,0.5542718172073364,0.7757863402366638,-0.16726085543632507,0.9968011975288391,0.5639116764068604,0.840774655342102,0.004117728676646948,0.9990765452384949,0.5447973012924194,0.7093217968940735,-0.07361321151256561,0.7615184783935547,0.5631181597709656,0.792637050151825,0.1521729677915573,0.05827506631612778,0.5801548957824707,0.7177643179893494,0.093901127576828,0.6273355484008789,0.591661810874939,0.7450807094573975,0.22894342243671417,0.3372528851032257,0.5894647836685181,0.7137564420700073,0.09274415671825409,0.6800264120101929,0.5981634259223938,0.7402142286300659,0.24357160925865173,0.47067907452583313,0.5927755236625671,0.7237560749053955,0.08330129832029343,0.702289342880249,0.6001941561698914,0.739761471748352,0.21712112426757812,0.49752452969551086,0.5880242586135864,0.7279748320579529,0.09386307746171951,0.6833373308181763,0.596735954284668,0.7402481436729431,0.22136715054512024,0.49314266443252563,0.4537322521209717,0.7251969575881958,-0.08854325115680695,0.9997127056121826,0.4595339894294739,0.7595909237861633,0.08846043795347214,0.9997849464416504,0.48524150252342224,0.6002354025840759,-0.08853721618652344,0.9801523089408875,0.4735437333583832,0.6536102294921875,0.14831162989139557,0.13402824103832245,0.4054529666900635,0.6824884414672852,-0.03650423511862755,0.9696944952011108,0.40559449791908264,0.6986410617828369,0.20224110782146454,0.1761241853237152,0.3967476785182953,0.7099791765213013,-0.026054490357637405,0.9595234990119934,0.40330132842063904,0.7105328440666199,0.20527330040931702,0.19420942664146423,0.36942821741104126,0.6944870352745056,0.027186408638954163,0.9615364670753479,0.37584608793258667,0.7043849229812622,0.21819265186786652,0.18941380083560944
319,0.607355535030365,0.7936753034591675,-0.0412665493786335,0.9837307333946228,0.6123392581939697,0.7965220212936401,-0.06527089327573776,0.9848094582557678,0.6118865609169006,0.7955365777015686,-0.0651504173874855,0.984935462474823,0.6113834381103516,0.7944109439849854,-0.0651169940829277,0.9833949208259583,0.6124709844589233,0.8020102381706238,-0.04742983356118202,0.9851133823394775,0.6121150255203247,0.8047939538955688,-0.047524768859148026,0.9859463572502136,0.6118261814117432,0.8073711395263672,-0.04760202020406723,0.9858599305152893,0.6032675504684448,0.7993232607841492,-0.13517029583454132,0.9797847270965576,0.6039522290229797,0.8171676397323608,-0.05626138299703598,0.9885453581809998,0.5980403423309326,0.7921484112739563,-0.06316498667001724,0.9823046326637268,0.5980411767959595,0.7979329228401184,-0.040370166301727295,0.9845919609069824,0.5546343326568604,0.7760334014892578,-0.1673177182674408,0.9967729449272156,0.5638620257377625,0.8406646847724915,0.004757578484714031,0.9990878105163574,0.5447015762329102,0.7092730402946472,-0.07675431668758392,0.7604687809944153,0.563127875328064,0.7922136783599854,0.15318626165390015,0.056442052125930786,0.5803829431533813,0.7178269624710083,0.08885986357927322,0.629174530506134,0.5915339589118958,0.7447435259819031,0.2306988537311554,0.33392009139060974,0.5895327925682068,0.7137607932090759,0.08803040534257889,0.6831551194190979,0.5982304811477661,0.7372387051582336,0.24592754244804382,0.4687002897262573,0.593245804309845,0.7236813902854919,0.0795002356171608,0.705723226070404,0.6002132296562195,0.7390537261962891,0.21992424130439758,0.4957455098628998,0.5880666971206665,0.72795170545578,0.08924634754657745,0.6863427758216858,0.5968242883682251,0.7399197220802307,0.2232460230588913,0.4914860725402832,0.45372772216796875,0.7252190709114075,-0.08849237859249115,0.9997106194496155,0.4591044783592224,0.7602096199989319,0.08840937167406082,0.9997830986976624,0.485196977853775,0.6002324223518372,-0.08740092068910599,0.9808689951896667,0.4720025062561035,0.6537628769874573,0.15029749274253845,0.13075624406337738,0.4062253534793854,0.6820208430290222,-0.03609452024102211,0.9706377387046814,0.4056849479675293,0.6979728937149048,0.20247507095336914,0.17512482404708862,0.39742934703826904,0.7096229195594788,-0.02555304393172264,0.9603567123413086,0.4033591151237488,0.7097557187080383,0.20545470714569092,0.19356001913547516,0.3698442578315735,0.6937485337257385,0.02823963761329651,0.9629096984863281,0.3759370446205139,0.7032565474510193,0.21941563487052917,0.18911197781562805
320,0.607330322265625,0.7935912013053894,-0.03168303146958351,0.9851027131080627,0.6123250722885132,0.7964807748794556,-0.05634455010294914,0.9861707091331482,0.6118698716163635,0.7955207228660583,-0.056222401559352875,0.9862740635871887,0.6113756895065308,0.7944217920303345,-0.05618707090616226,0.9848688244819641,0.6124469041824341,0.8019405603408813,-0.03823182359337807,0.9863114953041077,0.6120815277099609,0.8047295212745667,-0.03832332789897919,0.9870917201042175,0.611782431602478,0.8073143362998962,-0.03839529678225517,0.9871105551719666,0.6034560799598694,0.7994748950004578,-0.1289462447166443,0.981340765953064,0.6039371490478516,0.8171320557594299,-0.048166342079639435,0.9894599914550781,0.5980185866355896,0.7920828461647034,-0.054786425083875656,0.9832642078399658,0.598014235496521,0.7978505492210388,-0.031617484986782074,0.9853842854499817,0.5548323392868042,0.7763559222221375,-0.16631272435188293,0.9967489838600159,0.5638613700866699,0.8399850726127625,0.009704853408038616,0.9991113543510437,0.5446785092353821,0.7092486023902893,-0.0889437198638916,0.7593593001365662,0.5630156397819519,0.7915510535240173,0.15450899302959442,0.05508849024772644,0.5803422927856445,0.7179153561592102,0.05842620134353638,0.6316573023796082,0.5914512276649475,0.7442471981048584,0.2337135374546051,0.3322424590587616,0.5896379351615906,0.7137627005577087,0.05546917766332626,0.6873392462730408,0.5983129739761353,0.7359625697135925,0.2494865208864212,0.46835729479789734,0.5935616493225098,0.7236260771751404,0.048912517726421356,0.710070013999939,0.6002324819564819,0.7386213541030884,0.22334352135658264,0.4955675005912781,0.5881040692329407,0.7279406785964966,0.059100013226270676,0.6903179287910461,0.5968613624572754,0.7396456003189087,0.22633400559425354,0.49118393659591675,0.4538291096687317,0.7252081036567688,-0.0883340984582901,0.9997075200080872,0.4590494632720947,0.7601346373558044,0.08824873715639114,0.999782145023346,0.4851597845554352,0.6002044677734375,-0.08492022752761841,0.9813379645347595,0.4727863669395447,0.6524633765220642,0.15034404397010803,0.12882134318351746,0.40628480911254883,0.6820814609527588,-0.03484242409467697,0.971183717250824,0.4052553176879883,0.6979288458824158,0.19731126725673676,0.17363597452640533,0.3976874053478241,0.7096592783927917,-0.024592822417616844,0.9608008861541748,0.403149276971817,0.7097690105438232,0.1995142549276352,0.19221222400665283,0.37021347880363464,0.6946637034416199,0.029512062668800354,0.9637976884841919,0.375021755695343,0.7033205628395081,0.21577993035316467,0.18790601193904877
321,0.6072700619697571,0.7935104370117188,-0.030765285715460777,0.9863945841789246,0.6123024225234985,0.7964916825294495,-0.055421531200408936,0.9874172210693359,0.6118642091751099,0.7955516576766968,-0.05530510097742081,0.9874922633171082,0.6113643646240234,0.7944657206535339,-0.05526940897107124,0.9862177968025208,0.6123796701431274,0.8019000887870789,-0.03766073286533356,0.9874544739723206,0.6120040416717529,0.8046839833259583,-0.03775360807776451,0.9881716966629028,0.611690878868103,0.8072654008865356,-0.03782794624567032,0.9882701635360718,0.6035760045051575,0.7995575666427612,-0.12834611535072327,0.9827901721000671,0.6039204597473145,0.8171584010124207,-0.04864256829023361,0.9902998208999634,0.5980013608932495,0.792056679725647,-0.05392179638147354,0.9842638969421387,0.5980086922645569,0.7977935075759888,-0.031147390604019165,0.9862439036369324,0.5553506016731262,0.7764723896980286,-0.1656162440776825,0.9968045353889465,0.5636708736419678,0.8398454189300537,0.010256337933242321,0.9991375207901001,0.5445392727851868,0.7092292904853821,-0.08113683015108109,0.7593080401420593,0.5627613663673401,0.7912365794181824,0.15499788522720337,0.05406047776341438,0.5803095102310181,0.7179628014564514,0.07714328169822693,0.6340566873550415,0.5911927223205566,0.7438353896141052,0.23474600911140442,0.3320053815841675,0.5887934565544128,0.7135753035545349,0.07642674446105957,0.6908359527587891,0.5983073711395264,0.7350974678993225,0.25066250562667847,0.4698653221130371,0.5934900045394897,0.723209023475647,0.06913567334413528,0.7137132883071899,0.6002055406570435,0.7380558252334595,0.2241888791322708,0.4972500503063202,0.5880659222602844,0.7278653979301453,0.07806325703859329,0.693670928478241,0.5968512296676636,0.7395458817481995,0.22736422717571259,0.49298542737960815,0.4539877772331238,0.7251980304718018,-0.08830270171165466,0.9997139573097229,0.4589695930480957,0.7600983381271362,0.08821896463632584,0.9997855424880981,0.4851190447807312,0.6006261110305786,-0.0840197503566742,0.9820933938026428,0.4727408289909363,0.654677152633667,0.16150884330272675,0.1269458830356598,0.40688735246658325,0.6817835569381714,-0.03530276194214821,0.9722650051116943,0.40697360038757324,0.697945773601532,0.20805275440216064,0.17458707094192505,0.39837223291397095,0.7097375988960266,-0.025337407365441322,0.9617223143577576,0.4049305021762848,0.7097712159156799,0.21012413501739502,0.19328120350837708,0.3702879548072815,0.6942858099937439,0.02751539647579193,0.9652987718582153,0.3772239685058594,0.7029755711555481,0.22679147124290466,0.19016994535923004
322,0.6071916818618774,0.7935312390327454,-0.023812176659703255,0.9874902963638306,0.6122882962226868,0.796580970287323,-0.04885924607515335,0.9884939193725586,0.6118550300598145,0.7956624627113342,-0.04874662309885025,0.9885438084602356,0.6113550066947937,0.7945868968963623,-0.04871312901377678,0.9873799085617065,0.6123261451721191,0.801933228969574,-0.03100677952170372,0.988399088382721,0.6119440793991089,0.8047086596488953,-0.031101811677217484,0.9890748858451843,0.611623227596283,0.8072819113731384,-0.031181832775473595,0.989273726940155,0.6036609411239624,0.7997058629989624,-0.12323880195617676,0.9839650988578796,0.6038903594017029,0.8172598481178284,-0.0435011088848114,0.9910021424293518,0.5979913473129272,0.7921663522720337,-0.04752689227461815,0.9849542379379272,0.5979612469673157,0.7978452444076538,-0.02472459152340889,0.9868085980415344,0.5555274486541748,0.7766242623329163,-0.16308805346488953,0.9967949390411377,0.5635935068130493,0.8396804332733154,0.016100235283374786,0.999152660369873,0.5433534383773804,0.7092819213867188,-0.073469378054142,0.7589654922485352,0.56233149766922,0.7906890511512756,0.16285833716392517,0.052923157811164856,0.5799591541290283,0.7180207371711731,0.09382573515176773,0.6332681179046631,0.5907928943634033,0.7430857419967651,0.245195671916008,0.328997403383255,0.5879309773445129,0.7134791016578674,0.0939658060669899,0.6912261843681335,0.5982877016067505,0.7339982390403748,0.2621864080429077,0.46809467673301697,0.5932684540748596,0.7230045795440674,0.08679144084453583,0.714447021484375,0.6001542806625366,0.7370322942733765,0.23674634099006653,0.4956647455692291,0.5878359079360962,0.727843165397644,0.0949617326259613,0.6941497325897217,0.5968152284622192,0.7389748096466064,0.23805102705955505,0.49169984459877014,0.4542601704597473,0.7252750992774963,-0.08830712735652924,0.9997059106826782,0.4589587152004242,0.7600641846656799,0.08822581171989441,0.9997819662094116,0.4850526452064514,0.6007359623908997,-0.08450407534837723,0.982526957988739,0.4731900095939636,0.65361088514328,0.15690842270851135,0.1248277947306633,0.4068930745124817,0.6822401881217957,-0.03572668135166168,0.972958505153656,0.4068496823310852,0.697503387928009,0.20701643824577332,0.17321757972240448,0.39872264862060547,0.7100154757499695,-0.025739019736647606,0.9624525904655457,0.4048783779144287,0.7095071077346802,0.20925214886665344,0.19272585213184357,0.37039119005203247,0.6961607336997986,0.027109568938612938,0.9663942456245422,0.3769427239894867,0.7026604413986206,0.22537009418010712,0.18964171409606934
323,0.6071832180023193,0.7916638255119324,-0.017729036509990692,0.9883609414100647,0.6122721433639526,0.79538893699646,-0.042615778744220734,0.9893787503242493,0.6118370294570923,0.7947074770927429,-0.042504630982875824,0.9893953204154968,0.6113369464874268,0.7938737273216248,-0.042474690824747086,0.9883201718330383,0.6123152375221252,0.8002926707267761,-0.025183867663145065,0.9891107082366943,0.6119344830513,0.8030911684036255,-0.025278737768530846,0.9897617697715759,0.6116156578063965,0.8057010769844055,-0.025364715605974197,0.990098774433136,0.6036421656608582,0.7996293306350708,-0.11722560971975327,0.9847261905670166,0.6038842797279358,0.8159879446029663,-0.039077840745449066,0.9914997220039368,0.59797203540802,0.7907968163490295,-0.04149974510073662,0.9850346446037292,0.5979554653167725,0.796034574508667,-0.019157495349645615,0.9868132472038269,0.5558149218559265,0.7766297459602356,-0.15559785068035126,0.9966408014297485,0.5634015798568726,0.8396316170692444,0.01792258583009243,0.9991449117660522,0.5448014736175537,0.709374189376831,-0.06340514123439789,0.7529215216636658,0.5624200105667114,0.7911558747291565,0.16551944613456726,0.051478177309036255,0.5800073146820068,0.7180302143096924,0.10883394628763199,0.622199535369873,0.5907976031303406,0.7435205578804016,0.2498895227909088,0.32426875829696655,0.5880090594291687,0.7127978205680847,0.11077374219894409,0.6826046705245972,0.5977455377578735,0.7356637716293335,0.2673034369945526,0.46457338333129883,0.5932489633560181,0.7228978872299194,0.1036977618932724,0.7066686749458313,0.6001254916191101,0.7368810176849365,0.24242961406707764,0.49225759506225586,0.5878217816352844,0.7278355360031128,0.11014077812433243,0.6866661310195923,0.5966525077819824,0.7405571341514587,0.2430650293827057,0.48835331201553345,0.4544404447078705,0.7252299189567566,-0.08821628987789154,0.9996998906135559,0.4582153856754303,0.7596709728240967,0.08813469111919403,0.9997795820236206,0.48499512672424316,0.6007171273231506,-0.08378492295742035,0.9827600717544556,0.4734557569026947,0.6526201963424683,0.15492351353168488,0.12142369896173477,0.407043993473053,0.681936502456665,-0.037012532353401184,0.9735671281814575,0.4065590500831604,0.6966609954833984,0.20407092571258545,0.1717914640903473,0.3988723158836365,0.7100182771682739,-0.02739275060594082,0.9632111191749573,0.40461450815200806,0.7088626623153687,0.20618626475334167,0.19236250221729279,0.3702488839626312,0.696362316608429,0.02440197393298149,0.967426598072052,0.3762393593788147,0.7015974521636963,0.2206776887178421,0.18932278454303741
324,0.6069197058677673,0.7916008830070496,-0.021451730281114578,0.9893168807029724,0.6121245622634888,0.7953466773033142,-0.04621244594454765,0.9903022646903992,0.6117228865623474,0.7946757078170776,-0.04609961062669754,0.9902951121330261,0.6112568974494934,0.7938534617424011,-0.0460694320499897,0.9893137812614441,0.6121549010276794,0.8002200722694397,-0.02871609665453434,0.9899780750274658,0.6118038296699524,0.8030018210411072,-0.028809931129217148,0.990577757358551,0.6115097403526306,0.80560702085495,-0.02889121137559414,0.9909588098526001,0.6036381721496582,0.7996300458908081,-0.11981973797082901,0.9858346581459045,0.6038751006126404,0.8158775568008423,-0.04140686243772507,0.9921602010726929,0.5978012681007385,0.7907887697219849,-0.04483646899461746,0.985835611820221,0.5977601408958435,0.7959848046302795,-0.022389356046915054,0.9875485897064209,0.5561798810958862,0.7767671346664429,-0.15684054791927338,0.9966788291931152,0.563441276550293,0.8396293520927429,0.016586655750870705,0.9991803169250488,0.5447748303413391,0.7097840905189514,-0.0700133666396141,0.7496715784072876,0.562751054763794,0.7912032008171082,0.1648494303226471,0.050968237221241,0.5782899260520935,0.7193474173545837,0.07867859303951263,0.6207959055900574,0.5909940600395203,0.7435232400894165,0.24923686683177948,0.3271646499633789,0.5875356793403625,0.7128088474273682,0.07746637612581253,0.6828835606575012,0.5978878140449524,0.735623300075531,0.26655781269073486,0.4686938226222992,0.5930975675582886,0.7228934168815613,0.07083924114704132,0.7070725560188293,0.6001176834106445,0.7369358539581299,0.24121840298175812,0.49639227986335754,0.5875839591026306,0.7278661131858826,0.07948506623506546,0.6870402097702026,0.5966666340827942,0.7403383851051331,0.24232836067676544,0.49216461181640625,0.454525887966156,0.7251977324485779,-0.08806943148374557,0.9997115731239319,0.4580560326576233,0.7596429586410522,0.08797910809516907,0.9997876286506653,0.48495548963546753,0.6007091403007507,-0.07939337193965912,0.9833428859710693,0.4733523726463318,0.6580836176872253,0.167421355843544,0.11972518265247345,0.4069609045982361,0.6820696592330933,-0.03638239577412605,0.9739656448364258,0.4069809317588806,0.6966949105262756,0.20765379071235657,0.17104211449623108,0.39885351061820984,0.7101351618766785,-0.026906799525022507,0.9636645317077637,0.40467923879623413,0.7086218595504761,0.20918342471122742,0.19085560739040375,0.3700940012931824,0.6968424320220947,0.026762789115309715,0.9679550528526306,0.3775452673435211,0.7004991769790649,0.22507290542125702,0.18850618600845337
325,0.6066904067993164,0.7915970087051392,-0.020544225350022316,0.9901508092880249,0.6120163202285767,0.7953303456306458,-0.04545019194483757,0.9911142587661743,0.6116474866867065,0.7946585416793823,-0.04533461108803749,0.991089403629303,0.6112121939659119,0.7938369512557983,-0.04530270770192146,0.9901840686798096,0.6120058298110962,0.8001981377601624,-0.02804911695420742,0.9907181859016418,0.6116589307785034,0.8029729127883911,-0.028137464076280594,0.9912799000740051,0.6113672256469727,0.8055766224861145,-0.028213340789079666,0.9917064309120178,0.603637158870697,0.7996276617050171,-0.11972880363464355,0.9867890477180481,0.6038220524787903,0.8158695697784424,-0.04138706624507904,0.9927271604537964,0.5976389050483704,0.7907950282096863,-0.04418323189020157,0.9865205883979797,0.5975461602210999,0.7959861755371094,-0.021801840513944626,0.9881563782691956,0.5564714670181274,0.7769569754600525,-0.15764157474040985,0.9967067241668701,0.5634477138519287,0.8395663499832153,0.015792859718203545,0.9992109537124634,0.544731080532074,0.709976077079773,-0.08056670427322388,0.7475560903549194,0.5627665519714355,0.7912128567695618,0.16443243622779846,0.050460122525691986,0.5779618620872498,0.7203325033187866,0.06174632906913757,0.6224033236503601,0.5910112857818604,0.7435069680213928,0.24870529770851135,0.32985007762908936,0.588156521320343,0.7133405804634094,0.059248678386211395,0.6857160925865173,0.5980120897293091,0.7355692386627197,0.2659277617931366,0.47241535782814026,0.5932527184486389,0.7231557965278625,0.052985500544309616,0.7098878026008606,0.6001080274581909,0.7369614243507385,0.2403750866651535,0.500154435634613,0.5877516865730286,0.7282840609550476,0.062460172921419144,0.6898112893104553,0.5966535210609436,0.7402153015136719,0.24172520637512207,0.49569353461265564,0.45451369881629944,0.7251987457275391,-0.08784130960702896,0.9997199177742004,0.4578584134578705,0.7596511244773865,0.08774176985025406,0.9997929334640503,0.4849182665348053,0.6006972193717957,-0.07853840291500092,0.9838223457336426,0.47322148084640503,0.6584344506263733,0.1659804880619049,0.11933880299329758,0.40692633390426636,0.6815779209136963,-0.031259115785360336,0.9741496443748474,0.40697818994522095,0.6967217922210693,0.2074953019618988,0.17074047029018402,0.398836225271225,0.7101361751556396,-0.021106518805027008,0.9636280536651611,0.4045822024345398,0.7085686326026917,0.20897619426250458,0.1895805150270462,0.370014488697052,0.6968621015548706,0.035200923681259155,0.9681271314620972,0.37753576040267944,0.7004225850105286,0.22503486275672913,0.18744531273841858
326,0.6066131591796875,0.7916019558906555,-0.022044148296117783,0.9908860325813293,0.6119906902313232,0.7953097224235535,-0.04691394045948982,0.9918379187583923,0.6116344928741455,0.7946231961250305,-0.04679984599351883,0.9917978644371033,0.611207902431488,0.7937824726104736,-0.04676840454339981,0.9909595847129822,0.6119787096977234,0.8001954555511475,-0.029223795980215073,0.9913737773895264,0.6116413474082947,0.8029714226722717,-0.029314037412405014,0.9919053912162781,0.6113572120666504,0.8055763840675354,-0.02938946522772312,0.9923762083053589,0.6036616563796997,0.7995864748954773,-0.1209254041314125,0.9876126050949097,0.6038151979446411,0.8158957958221436,-0.042093656957149506,0.9932302236557007,0.5975919961929321,0.7908071279525757,-0.04557854309678078,0.9870595932006836,0.5975016355514526,0.7960059642791748,-0.022911686450242996,0.988628625869751,0.5564425587654114,0.7769432067871094,-0.15824535489082336,0.9966498017311096,0.5637062788009644,0.8395429849624634,0.012589044868946075,0.9992316961288452,0.544276237487793,0.7099659442901611,-0.08173645287752151,0.7442671060562134,0.5629228353500366,0.791221022605896,0.16014829277992249,0.05038432404398918,0.5770437717437744,0.7209873199462891,0.06041199713945389,0.6250350475311279,0.5910751223564148,0.7434996366500854,0.24063880741596222,0.33633896708488464,0.5878214240074158,0.7133773565292358,0.05720964074134827,0.6893271207809448,0.5982621908187866,0.7355180978775024,0.2562611699104309,0.479775071144104,0.5930930972099304,0.723182737827301,0.04994461312890053,0.7135676145553589,0.6001116037368774,0.7369966506958008,0.2303607016801834,0.5075291991233826,0.5874748826026917,0.7283860445022583,0.0606139674782753,0.6935595870018005,0.5966484546661377,0.7401188611984253,0.23352520167827606,0.5024144053459167,0.45445460081100464,0.7251906991004944,-0.08764523267745972,0.9997227191925049,0.45787277817726135,0.759618878364563,0.08754624426364899,0.9997953176498413,0.4848751425743103,0.6006893515586853,-0.07865418493747711,0.9843090772628784,0.4728817939758301,0.6580238342285156,0.16429096460342407,0.11952965706586838,0.40662041306495667,0.6818464994430542,-0.029676001518964767,0.9743329286575317,0.40671640634536743,0.6973831653594971,0.2074032723903656,0.17029953002929688,0.3985765278339386,0.7102404236793518,-0.019109781831502914,0.9636078476905823,0.404215008020401,0.7092307209968567,0.20914049446582794,0.18809187412261963,0.3699674904346466,0.6970885396003723,0.03645220398902893,0.9682384729385376,0.3771274983882904,0.7014133334159851,0.22531354427337646,0.18599088490009308
327,0.6064187288284302,0.7915773987770081,-0.017232749611139297,0.991489589214325,0.6118304133415222,0.7952153086662292,-0.04321872442960739,0.9924627542495728,0.611487865447998,0.7945315837860107,-0.04309913143515587,0.9924241304397583,0.6110795736312866,0.7936919331550598,-0.04306529089808464,0.9916399121284485,0.6118230819702148,0.8000830411911011,-0.02497752755880356,0.9918646812438965,0.6114964485168457,0.8028543591499329,-0.025066141039133072,0.9923940300941467,0.6112202405929565,0.8054632544517517,-0.02514662779867649,0.9929327368736267,0.6036069393157959,0.799546480178833,-0.11992304027080536,0.988316535949707,0.6037536263465881,0.8158956170082092,-0.03898089379072189,0.9936355352401733,0.5973784923553467,0.7908074259757996,-0.04176701232790947,0.9875131845474243,0.5973042845726013,0.7960036396980286,-0.018530983477830887,0.9889377355575562,0.5564209222793579,0.7770035266876221,-0.15866802632808685,0.9966393709182739,0.5637091398239136,0.8395088911056519,0.016710305586457253,0.9992468953132629,0.5421448945999146,0.7094663977622986,-0.08141981065273285,0.7465711832046509,0.5627127289772034,0.7905311584472656,0.1670113503932953,0.049918193370103836,0.577096700668335,0.7205864191055298,0.06671644002199173,0.6323595643043518,0.5910794734954834,0.7429949641227722,0.2476290911436081,0.3384194076061249,0.5881794691085815,0.713464617729187,0.06444917619228363,0.6961787343025208,0.5982665419578552,0.7354714274406433,0.26381486654281616,0.48211613297462463,0.593072772026062,0.7231815457344055,0.05726485326886177,0.7203394174575806,0.6000511050224304,0.7370368242263794,0.23821869492530823,0.5099798440933228,0.5874529480934143,0.728384792804718,0.06719754636287689,0.700241208076477,0.5965079069137573,0.7400631308555603,0.24043893814086914,0.5050039887428284,0.45445314049720764,0.7251870632171631,-0.08757428824901581,0.9997131824493408,0.4578787386417389,0.7593680620193481,0.08747933059930801,0.9997913837432861,0.48488545417785645,0.6004966497421265,-0.07947047054767609,0.9844580888748169,0.472548246383667,0.6524897217750549,0.1490941196680069,0.11969155073165894,0.4065398573875427,0.6821355223655701,-0.028885433450341225,0.9744438529014587,0.40953654050827026,0.6970571875572205,0.19420912861824036,0.17016087472438812,0.39857083559036255,0.7102762460708618,-0.018243569880723953,0.9637500047683716,0.40259188413619995,0.7101010680198669,0.19634580612182617,0.18850772082805634,0.36993616819381714,0.6973301768302917,0.03654759004712105,0.9685076475143433,0.3722461760044098,0.7038183808326721,0.2112397402524948,0.18569688498973846
328,0.6063305735588074,0.7917443513870239,-0.01658281870186329,0.9921590685844421,0.6117669939994812,0.7952839732170105,-0.042546600103378296,0.9931040406227112,0.6114452481269836,0.7945742011070251,-0.0424262210726738,0.9930617213249207,0.611056923866272,0.7937138676643372,-0.04239129647612572,0.9923407435417175,0.6117266416549683,0.8002027869224548,-0.02448008581995964,0.9924668669700623,0.6113975644111633,0.802972137928009,-0.02456807717680931,0.9929646253585815,0.6111194491386414,0.8055827021598816,-0.024643924087285995,0.9935177564620972,0.6036089658737183,0.7995497584342957,-0.1193886399269104,0.9891635775566101,0.6036943197250366,0.8160508871078491,-0.03888062760233879,0.9941093325614929,0.5973523855209351,0.7909296751022339,-0.041074223816394806,0.9882860779762268,0.5972490310668945,0.7961724996566772,-0.018052618950605392,0.9895784854888916,0.5564447641372681,0.7770163416862488,-0.15884444117546082,0.9967313408851624,0.5636740922927856,0.8394946455955505,0.018846428021788597,0.9992765188217163,0.5403608083724976,0.7094613909721375,-0.08201263099908829,0.7470349073410034,0.5621331930160522,0.790241539478302,0.1746526062488556,0.04949624836444855,0.5763741731643677,0.72092604637146,0.06443624198436737,0.6382622122764587,0.5910297632217407,0.7428315877914429,0.2645055949687958,0.3400759696960449,0.5878466367721558,0.7134335041046143,0.06212599202990532,0.7019834518432617,0.5982635021209717,0.7354617714881897,0.28303879499435425,0.4843454360961914,0.5930290818214417,0.723179042339325,0.05506543442606926,0.7261834740638733,0.5999952554702759,0.7370702624320984,0.25724169611930847,0.5123375654220581,0.5873740315437317,0.7284078598022461,0.0650327131152153,0.7059994339942932,0.5964131951332092,0.7399743795394897,0.25751209259033203,0.5075945854187012,0.45446276664733887,0.7251807451248169,-0.08752038329839706,0.9997173547744751,0.457713782787323,0.7593548893928528,0.08742493391036987,0.9997952580451965,0.48494210839271545,0.6006001234054565,-0.07843820750713348,0.984403133392334,0.47246551513671875,0.6507123112678528,0.15075957775115967,0.11967646330595016,0.40666261315345764,0.6818072199821472,-0.029836487025022507,0.9744653701782227,0.41247981786727905,0.6932955384254456,0.1895875483751297,0.17203712463378906,0.3985963761806488,0.7102677226066589,-0.01984856277704239,0.9639689922332764,0.4021807312965393,0.7100943922996521,0.19085931777954102,0.19137202203273773,0.3698609173297882,0.697693943977356,0.03416568040847778,0.9687994122505188,0.37166494131088257,0.7035646438598633,0.2058837115764618,0.18795371055603027
329,0.606246829032898,0.7919299602508545,-0.01811688020825386,0.9927071332931519,0.6117212176322937,0.7953107953071594,-0.04383559897542,0.9936415553092957,0.6114144325256348,0.7945868968963623,-0.04371582716703415,0.9935923218727112,0.6110426783561707,0.7937172651290894,-0.04368123039603233,0.9929190874099731,0.6116615533828735,0.800260603427887,-0.02584867551922798,0.9929414987564087,0.6113305687904358,0.803029477596283,-0.025937262922525406,0.9934169054031372,0.6110562086105347,0.8056410551071167,-0.026013195514678955,0.9940050840377808,0.6036425232887268,0.7995471358299255,-0.11991719901561737,0.9897887706756592,0.6036747694015503,0.8161134123802185,-0.039782069623470306,0.9944921135902405,0.5973471403121948,0.7910751700401306,-0.0423535481095314,0.9887487292289734,0.5972092747688293,0.7963705658912659,-0.019414791837334633,0.9899671077728271,0.5568162798881531,0.7771084308624268,-0.15907253324985504,0.9967450499534607,0.5635949373245239,0.8395754098892212,0.01849282905459404,0.999297559261322,0.5404065847396851,0.70952308177948,-0.08540992438793182,0.7473512291908264,0.5622739791870117,0.7903116345405579,0.17248106002807617,0.049004681408405304,0.5748598575592041,0.7117536067962646,0.060512274503707886,0.6431564688682556,0.5912863612174988,0.7428399920463562,0.2628457546234131,0.34302806854248047,0.5884383320808411,0.7134888172149658,0.058441706001758575,0.7071818709373474,0.5983452796936035,0.735458254814148,0.28115010261535645,0.48787689208984375,0.5933315753936768,0.7232670187950134,0.05162849277257919,0.7313202619552612,0.6000341773033142,0.7371332049369812,0.25534647703170776,0.5160282254219055,0.5878123044967651,0.7285401225090027,0.061212748289108276,0.7109999656677246,0.5964999198913574,0.7398696541786194,0.2558736205101013,0.5114739537239075,0.45483431220054626,0.7249526977539062,-0.08681025356054306,0.9997183084487915,0.4575797915458679,0.7593315839767456,0.08670873939990997,0.9997985363006592,0.4849643111228943,0.6006823182106018,-0.07417746633291245,0.983971357345581,0.47245511412620544,0.6500300765037537,0.1504969298839569,0.11829070746898651,0.4071443974971771,0.6815087795257568,-0.02568756602704525,0.9737218022346497,0.41390711069107056,0.6915566921234131,0.18933513760566711,0.17056700587272644,0.3990992605686188,0.7099702954292297,-0.01549751590937376,0.9634253978729248,0.4014245569705963,0.7095080614089966,0.19103717803955078,0.19055964052677155,0.37034207582473755,0.698287308216095,0.04151838272809982,0.9682251811027527,0.37075966596603394,0.7028080821037292,0.20820048451423645,0.1865343153476715
330,0.6059161424636841,0.7922990918159485,-0.015686282888054848,0.9932153224945068,0.611462414264679,0.7954211831092834,-0.04166966304183006,0.9941456913948059,0.611198902130127,0.7946617603302002,-0.04155132547020912,0.9940923452377319,0.6108796000480652,0.7937605381011963,-0.04151797667145729,0.9934660792350769,0.6113457679748535,0.8004045486450195,-0.02341393567621708,0.9933995604515076,0.6110116243362427,0.8031526207923889,-0.023498903959989548,0.9938498735427856,0.6107403039932251,0.8057408928871155,-0.02356940135359764,0.9944604635238647,0.6036313772201538,0.799554169178009,-0.1188698559999466,0.9904277324676514,0.6035394668579102,0.8161827921867371,-0.037452392280101776,0.9948663711547852,0.5971829891204834,0.7913634777069092,-0.04029027745127678,0.9892585873603821,0.5969616174697876,0.7967197895050049,-0.016977433115243912,0.9903978705406189,0.5570282340049744,0.7772696018218994,-0.15900996327400208,0.996799886226654,0.5634303689002991,0.8398116827011108,0.01971064694225788,0.9993200302124023,0.5406447052955627,0.7096430063247681,-0.08684733510017395,0.7467591166496277,0.5621464252471924,0.790408730506897,0.17517539858818054,0.04831475391983986,0.5750614404678345,0.7154567837715149,0.05899718403816223,0.6448372006416321,0.5912747383117676,0.7429887056350708,0.2677469849586487,0.34165453910827637,0.5888144373893738,0.713530957698822,0.057140596210956573,0.7094994187355042,0.5982012748718262,0.7385362386703491,0.2866017818450928,0.4867701530456543,0.5935330390930176,0.7233354449272156,0.0506347194314003,0.7337689995765686,0.6000534296035767,0.737395703792572,0.2612302899360657,0.5150904655456543,0.5881767272949219,0.7286179065704346,0.059842150658369064,0.7134362459182739,0.5965501070022583,0.7397795915603638,0.26092416048049927,0.5108497142791748,0.4548472464084625,0.724776029586792,-0.08652667701244354,0.9997223615646362,0.4572221636772156,0.7593241930007935,0.08642019331455231,0.9998029470443726,0.48503461480140686,0.6006753444671631,-0.07293416559696198,0.9835218191146851,0.47236329317092896,0.6495665311813354,0.1510849893093109,0.11665568500757217,0.4072897434234619,0.681421160697937,-0.025059331208467484,0.9727218151092529,0.4134727120399475,0.6917203068733215,0.18905240297317505,0.16901865601539612,0.3993346691131592,0.7099714875221252,-0.014815891161561012,0.9626773595809937,0.4006749987602234,0.7095233798027039,0.1905542016029358,0.18957361578941345,0.37066465616226196,0.6987842321395874,0.04346443712711334,0.9674850702285767,0.37017884850502014,0.7028049230575562,0.20851483941078186,0.18521544337272644
331,0.6056250333786011,0.7924867868423462,-0.009768554009497166,0.993623673915863,0.6112737059593201,0.795451819896698,-0.035877980291843414,0.994556725025177,0.6110551357269287,0.7946764230728149,-0.0357615128159523,0.9944988489151001,0.6107851266860962,0.7937642931938171,-0.035729728639125824,0.9939031004905701,0.6110886931419373,0.8004643321037292,-0.017866751179099083,0.9937375783920288,0.6107507944107056,0.8032081723213196,-0.01794986054301262,0.9941820502281189,0.6104849576950073,0.8057908415794373,-0.018024347722530365,0.9948309063911438,0.6036311388015747,0.7995525598526001,-0.11370283365249634,0.9908719658851624,0.6034395694732666,0.816214382648468,-0.03332892060279846,0.9951416254043579,0.5970156192779541,0.7915186285972595,-0.03456978127360344,0.989526093006134,0.5966829061508179,0.7969126105308533,-0.011601211503148079,0.9905728101730347,0.557140052318573,0.7774290442466736,-0.1556076556444168,0.9967901110649109,0.5632544159889221,0.8398228883743286,0.022707657888531685,0.9993269443511963,0.5411027669906616,0.7103517651557922,-0.07963211834430695,0.7438884973526001,0.5617566704750061,0.7908371090888977,0.17627394199371338,0.04755842685699463,0.5741568803787231,0.7111620306968689,0.07371698319911957,0.6402717232704163,0.5910063982009888,0.7432853579521179,0.26709821820259094,0.33687853813171387,0.5888453722000122,0.7136682271957397,0.07375779747962952,0.7062855958938599,0.5980157852172852,0.7397096753120422,0.2857307195663452,0.4823870360851288,0.5935560464859009,0.7235962748527527,0.06730936467647552,0.7311733365058899,0.6000460982322693,0.7375131249427795,0.26038575172424316,0.5108335614204407,0.5882424712181091,0.7289788126945496,0.07487881183624268,0.7108563184738159,0.5963775515556335,0.7366737723350525,0.260191947221756,0.5069326162338257,0.4549497663974762,0.7246803045272827,-0.0865158662199974,0.9997144341468811,0.45716843008995056,0.7592541575431824,0.08641313016414642,0.9997996091842651,0.4850479066371918,0.6006742715835571,-0.07637419551610947,0.983264684677124,0.4723542630672455,0.6490932703018188,0.14498543739318848,0.11539415270090103,0.40751975774765015,0.6813515424728394,-0.025810668244957924,0.9722980260848999,0.41327428817749023,0.6917956471443176,0.1872435063123703,0.167129784822464,0.39948195219039917,0.7099779844284058,-0.015586194582283497,0.9622891545295715,0.4005168080329895,0.709516704082489,0.18895183503627777,0.18846431374549866,0.3708968162536621,0.6991053223609924,0.04132262244820595,0.9672402739524841,0.3696053922176361,0.7029990553855896,0.2047273814678192,0.1833009421825409
332,0.60560542345047,0.7923945188522339,-0.007086743600666523,0.993972659111023,0.6112197637557983,0.7953972220420837,-0.03266512230038643,0.9949148297309875,0.6109880805015564,0.7946346998214722,-0.03255092725157738,0.9948450326919556,0.6107087135314941,0.7937336564064026,-0.03252321854233742,0.9942852854728699,0.6110758781433105,0.8003374934196472,-0.014739222824573517,0.994026780128479,0.6107436418533325,0.8030717372894287,-0.014824584126472473,0.9944581985473633,0.6104816198348999,0.8056333065032959,-0.014900247566401958,0.9951595067977905,0.6036138534545898,0.7995474934577942,-0.10883601754903793,0.9912131428718567,0.6034467816352844,0.8158667683601379,-0.028550922870635986,0.9953689575195312,0.5969882607460022,0.7914653420448303,-0.03132793679833412,0.9896411299705505,0.5966802835464478,0.7967891097068787,-0.008375844918191433,0.9906492829322815,0.5573610663414001,0.7777587175369263,-0.1506461501121521,0.996768593788147,0.5632364153862,0.8398155570030212,0.028323058038949966,0.9993349313735962,0.5439902544021606,0.7104193568229675,-0.07224399596452713,0.7408319711685181,0.5625060796737671,0.7922050952911377,0.18246106803417206,0.04714348539710045,0.5767249464988708,0.7134813666343689,0.08904990553855896,0.6317891478538513,0.5913287401199341,0.7444009780883789,0.27515465021133423,0.3341894745826721,0.5892030596733093,0.7134722471237183,0.09026242792606354,0.6995762586593628,0.5980151891708374,0.740740954875946,0.2947176992893219,0.4800986349582672,0.5935096144676208,0.7235630750656128,0.08431285619735718,0.7251296639442444,0.6000906229019165,0.7377700805664062,0.26964035630226135,0.5087116360664368,0.588753342628479,0.7277926802635193,0.0906175822019577,0.7049238085746765,0.5966660380363464,0.7375457286834717,0.2684851884841919,0.5047909617424011,0.4550417959690094,0.7247039675712585,-0.08669960498809814,0.9997127652168274,0.45711103081703186,0.7592387795448303,0.08659979701042175,0.9998008012771606,0.4851594567298889,0.6007944345474243,-0.07682345807552338,0.9831696152687073,0.4723578989505768,0.6487980484962463,0.1459226757287979,0.1135181114077568,0.40745219588279724,0.6819566488265991,-0.03359252214431763,0.9725927710533142,0.41398653388023376,0.6911913752555847,0.1886318475008011,0.1658010184764862,0.39953869581222534,0.7102124094963074,-0.02403452806174755,0.9627830982208252,0.40036630630493164,0.7090395092964172,0.19036920368671417,0.1879972666501999,0.3705800771713257,0.6990780234336853,0.029996773228049278,0.967860996723175,0.3694845139980316,0.7022603154182434,0.20569419860839844,0.1828172206878662
333,0.6056503057479858,0.7921066880226135,-0.0204322449862957,0.9943020343780518,0.6112381219863892,0.7952926754951477,-0.0451345294713974,0.9952387809753418,0.610993504524231,0.7945525050163269,-0.04502475634217262,0.9951512813568115,0.6107077598571777,0.7936716675758362,-0.045005716383457184,0.9946291446685791,0.6111301779747009,0.8001779317855835,-0.027477532625198364,0.9943122863769531,0.6107982397079468,0.8029137849807739,-0.02756616845726967,0.9947261810302734,0.6105369329452515,0.8054674863815308,-0.027638431638479233,0.9954661130905151,0.6036123633384705,0.7995167970657349,-0.11904101073741913,0.9915080666542053,0.6034876704216003,0.8155754804611206,-0.03968716412782669,0.9955452084541321,0.5969876050949097,0.7912417054176331,-0.0439022071659565,0.9896817207336426,0.5967144966125488,0.7963894605636597,-0.021196898072957993,0.9906835556030273,0.5571101307868958,0.7775633335113525,-0.15725868940353394,0.9967427849769592,0.5632280707359314,0.8397265672683716,0.020298145711421967,0.9993260502815247,0.5439044833183289,0.7104235291481018,-0.07211686670780182,0.7378146648406982,0.5624972581863403,0.7922011017799377,0.17077183723449707,0.045959681272506714,0.5738195180892944,0.70842045545578,0.09767774492502213,0.6243540048599243,0.5909957885742188,0.7445480823516846,0.2594298720359802,0.32614827156066895,0.588079571723938,0.7134526371955872,0.09884029626846313,0.6937430500984192,0.5977323055267334,0.7396185398101807,0.2779347598552704,0.47268760204315186,0.5932425260543823,0.7235488295555115,0.09220276772975922,0.7198807001113892,0.5998772978782654,0.7377947568893433,0.2530050575733185,0.5013006329536438,0.5883938074111938,0.7278469800949097,0.09908001124858856,0.6995120048522949,0.596191942691803,0.7406226396560669,0.2526399791240692,0.4976060688495636,0.4550344944000244,0.7246577739715576,-0.08724021911621094,0.9997111558914185,0.4571823477745056,0.7591269612312317,0.08715520799160004,0.9997991919517517,0.48524680733680725,0.6011081337928772,-0.0777643620967865,0.9833177924156189,0.47396183013916016,0.6490643620491028,0.15321891009807587,0.11100389063358307,0.4075307250022888,0.6818578839302063,-0.0341351255774498,0.9730770587921143,0.4088973104953766,0.6914523839950562,0.20121121406555176,0.16413277387619019,0.3996025621891022,0.7102994322776794,-0.024453412741422653,0.9631998538970947,0.4009769558906555,0.7082288265228271,0.20310688018798828,0.18596577644348145,0.37040311098098755,0.6990085244178772,0.028888504952192307,0.9685443043708801,0.3716730773448944,0.7009260058403015,0.21789662539958954,0.18153972923755646
334,0.6055969595909119,0.7918621897697449,0.0010787646751850843,0.9944711923599243,0.6111920475959778,0.7951487302780151,-0.024678383022546768,0.9954469799995422,0.6109543442726135,0.7944368720054626,-0.024566207081079483,0.9953527450561523,0.610679030418396,0.7935811281204224,-0.024538647383451462,0.9948416948318481,0.6110812425613403,0.7999852895736694,-0.007150149438530207,0.9943906664848328,0.610748291015625,0.8027363419532776,-0.007230575196444988,0.9948247075080872,0.6104871034622192,0.8052915334701538,-0.007304820232093334,0.9956466555595398,0.6036083698272705,0.7995020151138306,-0.10316634178161621,0.9915526509284973,0.6034696102142334,0.8154245018959045,-0.024513518437743187,0.9956085085868835,0.5969380736351013,0.7910975813865662,-0.02420220896601677,0.9894266724586487,0.5966707468032837,0.7961798310279846,-0.0017252698307856917,0.9903808832168579,0.5573710799217224,0.7777093648910522,-0.14906248450279236,0.9966553449630737,0.5631089806556702,0.8396579027175903,0.026917045935988426,0.9993081092834473,0.5455436110496521,0.7110173106193542,-0.07295794785022736,0.7315589785575867,0.5624523162841797,0.7921944856643677,0.17050369083881378,0.04503481090068817,0.5738798379898071,0.7084547877311707,0.08955701440572739,0.6116135716438293,0.5908114910125732,0.744547963142395,0.25511595606803894,0.3180214762687683,0.5884882211685181,0.7137960195541382,0.09166126698255539,0.6831027269363403,0.5975345373153687,0.7384762167930603,0.2728866934776306,0.464111328125,0.5932351350784302,0.7236203551292419,0.0909820944070816,0.7099173069000244,0.5996440649032593,0.7377749681472778,0.24889878928661346,0.49266061186790466,0.5883771181106567,0.7281884551048279,0.09281797707080841,0.6899559497833252,0.5959805250167847,0.7369354367256165,0.2484511435031891,0.48899102210998535,0.4550979733467102,0.7246080636978149,-0.08713789284229279,0.9997059106826782,0.45705944299697876,0.7590774297714233,0.08705081045627594,0.9997957944869995,0.4853275716304779,0.6015079617500305,-0.08030958473682404,0.9830724000930786,0.47378984093666077,0.6487374901771545,0.14816789329051971,0.1095837876200676,0.407620906829834,0.681768536567688,-0.0366097018122673,0.9729887247085571,0.4042623043060303,0.6918769478797913,0.2001776248216629,0.16240602731704712,0.39966246485710144,0.7101706862449646,-0.02697068080306053,0.9629279971122742,0.400687038898468,0.7082167267799377,0.20279183983802795,0.18460969626903534,0.37025684118270874,0.6988275647163391,0.026324953883886337,0.9686277508735657,0.37083619832992554,0.7009504437446594,0.2175215184688568,0.18007439374923706
335,0.6055592894554138,0.7918571829795837,-0.00020937043882440776,0.9945663213729858,0.6111408472061157,0.795154333114624,-0.02586621418595314,0.9955801963806152,0.610908031463623,0.7944438457489014,-0.025758439674973488,0.9954689145088196,0.6106386184692383,0.7935880422592163,-0.025734463706612587,0.9949634075164795,0.6110098361968994,0.7999889254570007,-0.008661551401019096,0.9943971037864685,0.6106602549552917,0.8027471899986267,-0.008746480569243431,0.9948426485061646,0.6103840470314026,0.8053032159805298,-0.00883064791560173,0.9957664012908936,0.6035267114639282,0.7995269894599915,-0.10356408357620239,0.9914020299911499,0.6033470630645752,0.8154294490814209,-0.026407014578580856,0.9955554008483887,0.5968884229660034,0.7910906672477722,-0.025035923346877098,0.9888049364089966,0.5965952277183533,0.7961786985397339,-0.0030146853532642126,0.9896945953369141,0.5575098395347595,0.7777157425880432,-0.1464781016111374,0.9964521527290344,0.5629910826683044,0.8396990299224854,0.027152007445693016,0.9992623925209045,0.5467315912246704,0.7113325595855713,-0.05498624965548515,0.7249677181243896,0.5621598958969116,0.7922824025154114,0.17248913645744324,0.04391462355852127,0.5739942789077759,0.7090641260147095,0.12219423055648804,0.598617434501648,0.5902594327926636,0.7448606491088867,0.2593369483947754,0.308928519487381,0.582098126411438,0.707763135433197,0.12519344687461853,0.6715337634086609,0.5967722535133362,0.7383062839508057,0.2779015898704529,0.4547862112522125,0.5935279130935669,0.7244639992713928,0.11909408867359161,0.6991655230522156,0.5995925068855286,0.7377666234970093,0.2543150782585144,0.48326677083969116,0.5885723829269409,0.729120135307312,0.12396357953548431,0.6796929836273193,0.5957608222961426,0.7396426796913147,0.25293606519699097,0.4801171123981476,0.4553930163383484,0.7244907021522522,-0.08710576593875885,0.9996951222419739,0.4569452702999115,0.759067177772522,0.08702483028173447,0.9997901916503906,0.48535680770874023,0.60159832239151,-0.08308929949998856,0.9830752611160278,0.47329679131507874,0.6487459540367126,0.1470634639263153,0.10765177756547928,0.40787118673324585,0.6816434860229492,-0.03710952401161194,0.9732922315597534,0.41037702560424805,0.6909854412078857,0.1995936930179596,0.16141381859779358,0.3998892307281494,0.7096803188323975,-0.02736068144440651,0.9632574319839478,0.4006974697113037,0.7081573605537415,0.2021116465330124,0.18427938222885132,0.3701838552951813,0.6988305449485779,0.02444797195494175,0.9690949320793152,0.37089258432388306,0.700967013835907,0.21715059876441956,0.1794370412826538
336,0.6055823564529419,0.7915811538696289,-0.0011478206142783165,0.9945501089096069,0.6111615896224976,0.7950489521026611,-0.027240166440606117,0.9956139922142029,0.610920786857605,0.7943589091300964,-0.027107959613204002,0.9954692721366882,0.6106452345848083,0.7935193777084351,-0.027053136378526688,0.9949533343315125,0.611039936542511,0.7998733520507812,-0.00940125621855259,0.9943011999130249,0.6106810569763184,0.8026628494262695,-0.009484769776463509,0.9947836995124817,0.6103976964950562,0.8052387237548828,-0.00953901931643486,0.9958199262619019,0.6034843325614929,0.7995250225067139,-0.1054454818367958,0.9910264611244202,0.603330671787262,0.8154047727584839,-0.02682613395154476,0.9954206943511963,0.5968835949897766,0.7908990979194641,-0.02643636241555214,0.9878195524215698,0.5965933799743652,0.7959921360015869,-0.003649307880550623,0.9888020157814026,0.557304322719574,0.7777111530303955,-0.14844579994678497,0.9961697459220886,0.5633183717727661,0.839805543422699,0.025999292731285095,0.9992191791534424,0.545812726020813,0.7118980288505554,-0.05288140848278999,0.7178248763084412,0.5621631145477295,0.7923723459243774,0.17352789640426636,0.04279646649956703,0.5716058611869812,0.7087509632110596,0.12743106484413147,0.5862094163894653,0.5899747610092163,0.7448366284370422,0.2624606192111969,0.30077996850013733,0.5761467218399048,0.7034890651702881,0.13008573651313782,0.6604194045066833,0.5963627099990845,0.7371170520782471,0.2817845940589905,0.4468666613101959,0.5930886268615723,0.7244561314582825,0.12333883345127106,0.6889626979827881,0.5993123054504395,0.737690806388855,0.2572508454322815,0.47546663880348206,0.5804678797721863,0.7206049561500549,0.1290096938610077,0.6698428392410278,0.595343828201294,0.7404537796974182,0.2558933198451996,0.4726872146129608,0.4554664194583893,0.7244688868522644,-0.08771929889917374,0.9996675252914429,0.45723018050193787,0.7590165734291077,0.08766260743141174,0.9997758269309998,0.4855661392211914,0.6016576290130615,-0.08341598510742188,0.9832019805908203,0.47445765137672424,0.6487597227096558,0.14677460491657257,0.10572623461484909,0.4078940749168396,0.681641697883606,-0.03303248807787895,0.9733856320381165,0.41287294030189514,0.6899887919425964,0.20040977001190186,0.15908917784690857,0.3998626172542572,0.7095776200294495,-0.02251378633081913,0.9633843302726746,0.4007117748260498,0.7065888047218323,0.20292282104492188,0.18169641494750977,0.37001699209213257,0.6988150477409363,0.027230609208345413,0.9691324234008789,0.37202903628349304,0.6991985440254211,0.21707430481910706,0.17621569335460663
337,0.6057393550872803,0.7911236882209778,-0.02911844477057457,0.99456387758255,0.6112508177757263,0.7948387861251831,-0.054891131818294525,0.9956715703010559,0.6109753847122192,0.7941799759864807,-0.05478283017873764,0.9954994320869446,0.6106711030006409,0.7933727502822876,-0.05476515740156174,0.9949815273284912,0.6111848950386047,0.7996521592140198,-0.03763844072818756,0.9942318201065063,0.6108137369155884,0.8024730682373047,-0.037725988775491714,0.9947443604469299,0.610517680644989,0.8050764203071594,-0.037811946123838425,0.9958741664886475,0.6033353209495544,0.7994703054428101,-0.13191993534564972,0.9907816052436829,0.6033275723457336,0.8152415156364441,-0.05460953712463379,0.9952659606933594,0.5968974828720093,0.7905145883560181,-0.053372204303741455,0.9870956540107727,0.596626877784729,0.7956149578094482,-0.03126700967550278,0.9881659150123596,0.5559380650520325,0.7773157954216003,-0.1674046814441681,0.9960781931877136,0.5640441179275513,0.8400511145591736,0.00290082604624331,0.9991835355758667,0.5424551367759705,0.712049126625061,-0.06652381271123886,0.7161332964897156,0.5623077154159546,0.792628288269043,0.15015903115272522,0.04187121242284775,0.5701873898506165,0.7087910175323486,0.11428322643041611,0.5840263366699219,0.5894516110420227,0.7448300719261169,0.23625977337360382,0.29309409856796265,0.5746853351593018,0.7025362849235535,0.1173170804977417,0.6586925387382507,0.5958343744277954,0.7365944981575012,0.2542617917060852,0.43914732336997986,0.5915595293045044,0.7254945039749146,0.10957901179790497,0.6875566244125366,0.5990952253341675,0.7376605272293091,0.22854840755462646,0.46766939759254456,0.5785098671913147,0.7187024354934692,0.11535124480724335,0.6681117415428162,0.5941017270088196,0.7405745387077332,0.22921760380268097,0.46543940901756287,0.45552533864974976,0.7245150804519653,-0.08787860721349716,0.9996610283851624,0.4592311382293701,0.7592479586601257,0.08782808482646942,0.9997667670249939,0.4855439066886902,0.601884663105011,-0.08387326449155807,0.9838090538978577,0.47440871596336365,0.6517969369888306,0.15608519315719604,0.10495607554912567,0.4079115390777588,0.6816835999488831,-0.026181954890489578,0.9740325808525085,0.4119032919406891,0.6915635466575623,0.2162841111421585,0.15926866233348846,0.3998921811580658,0.708870530128479,-0.014629337005317211,0.9636123180389404,0.4039841294288635,0.7065325379371643,0.21970351040363312,0.17978626489639282,0.3699260354042053,0.6988099217414856,0.03735261410474777,0.96962571144104,0.37743598222732544,0.6993217468261719,0.23495598137378693,0.17511990666389465
338,0.6061388254165649,0.7907792329788208,-0.03693266957998276,0.9946526885032654,0.6114497184753418,0.794739842414856,-0.0617845356464386,0.9957766532897949,0.6111055016517639,0.7940959334373474,-0.0616815909743309,0.9955838322639465,0.6107425093650818,0.7933052778244019,-0.06166914850473404,0.9950782656669617,0.6115076541900635,0.799558699131012,-0.0442320816218853,0.9942784309387207,0.6111382246017456,0.8023974895477295,-0.04432354122400284,0.9948011636734009,0.6108312606811523,0.8050158023834229,-0.044413771480321884,0.9959813952445984,0.6032665371894836,0.7994470596313477,-0.13520418107509613,0.9907326698303223,0.6033638119697571,0.8151819109916687,-0.05641951039433479,0.9952201247215271,0.5970369577407837,0.7901171445846558,-0.05987817049026489,0.9866325259208679,0.5968695282936096,0.7952088117599487,-0.037374306470155716,0.98775714635849,0.5549691915512085,0.7771462202072144,-0.16802260279655457,0.9959347248077393,0.5647561550140381,0.840110719203949,0.004196633584797382,0.9991401433944702,0.5410865545272827,0.7122310400009155,-0.06731978058815002,0.7145958542823792,0.5629063844680786,0.7933037281036377,0.15449170768260956,0.04103579372167587,0.569389820098877,0.7087081074714661,0.10910771787166595,0.5796343088150024,0.5894421339035034,0.745092511177063,0.24168090522289276,0.28629958629608154,0.5740827322006226,0.701890766620636,0.11062327772378922,0.6545601487159729,0.5958307981491089,0.7365888357162476,0.25987130403518677,0.4322795867919922,0.5908688306808472,0.725982129573822,0.10366795212030411,0.6838286519050598,0.5990439057350159,0.7377550005912781,0.234207421541214,0.46076658368110657,0.5806035399436951,0.7233397960662842,0.11042781174182892,0.6641120910644531,0.5941362380981445,0.7418364882469177,0.2346998006105423,0.45890602469444275,0.45556268095970154,0.7246635556221008,-0.08845167607069016,0.9996458888053894,0.4610083997249603,0.7592812180519104,0.08841030299663544,0.9997539520263672,0.48542022705078125,0.6042241454124451,-0.08494589477777481,0.9843583703041077,0.47498852014541626,0.6545907855033875,0.15550139546394348,0.10482729226350784,0.4078938066959381,0.6816834807395935,-0.02701071836054325,0.9747874140739441,0.4118219316005707,0.6911918520927429,0.21272408962249756,0.16082452237606049,0.39971721172332764,0.7086457014083862,-0.01578476093709469,0.9644222855567932,0.4054180979728699,0.7034499049186707,0.2156887799501419,0.18018580973148346,0.36994490027427673,0.6964358687400818,0.0367618203163147,0.9703075885772705,0.3807925581932068,0.6942859888076782,0.2296857386827469,0.1756688952445984
339,0.6062129139900208,0.7908185124397278,-0.031472254544496536,0.9947810173034668,0.6114838123321533,0.7947893142700195,-0.056557875126600266,0.9959287047386169,0.611126720905304,0.7941309809684753,-0.05645386129617691,0.9957273006439209,0.6107529401779175,0.7933260798454285,-0.056440193206071854,0.9952374696731567,0.611559271812439,0.7996295094490051,-0.038818441331386566,0.9943875074386597,0.611186146736145,0.8024759888648987,-0.038908448070287704,0.9949045777320862,0.6108744144439697,0.8050892949104309,-0.038996003568172455,0.9961179494857788,0.6032010316848755,0.7994444370269775,-0.13063812255859375,0.9908614754676819,0.6033622026443481,0.8151978254318237,-0.052213042974472046,0.9952906966209412,0.597065806388855,0.7901282906532288,-0.05468205362558365,0.9864975810050964,0.5969035029411316,0.7952646017074585,-0.03202050179243088,0.9875780940055847,0.5547586679458618,0.7770668268203735,-0.16686441004276276,0.9957818984985352,0.5648030042648315,0.8406856060028076,0.010009484365582466,0.9991035461425781,0.5412052273750305,0.7122752666473389,-0.06321226805448532,0.7111313343048096,0.5629590749740601,0.7944129705429077,0.1700078845024109,0.040218789130449295,0.5696309804916382,0.708921492099762,0.11696767807006836,0.5714404582977295,0.5894521474838257,0.7465078830718994,0.26469558477401733,0.2798156142234802,0.5746527910232544,0.70250403881073,0.11923297494649887,0.6467123031616211,0.5958516001701355,0.7375694513320923,0.2850422263145447,0.4256322979927063,0.5903573632240295,0.7263137698173523,0.112343929708004,0.6766884922981262,0.5986083745956421,0.7408018708229065,0.25932636857032776,0.45429375767707825,0.5818868279457092,0.7258420586585999,0.11854485422372818,0.6571279168128967,0.5941445827484131,0.7429539561271667,0.2579210698604584,0.4529435336589813,0.45553144812583923,0.7247697114944458,-0.08868349343538284,0.999621570110321,0.46084827184677124,0.7592504024505615,0.08865010738372803,0.9997406601905823,0.4855462908744812,0.6041080951690674,-0.0852126032114029,0.984402596950531,0.4755110740661621,0.6535893678665161,0.15333177149295807,0.10378429293632507,0.40789690613746643,0.6816889643669128,-0.029390793293714523,0.9749897122383118,0.4090960621833801,0.6920102834701538,0.21084991097450256,0.16047236323356628,0.3997170329093933,0.7084102630615234,-0.01860022358596325,0.964819073677063,0.405311644077301,0.7035503387451172,0.2136017084121704,0.17995408177375793,0.36995309591293335,0.6958784461021423,0.03132927045226097,0.9705520272254944,0.380199670791626,0.6946593523025513,0.22311489284038544,0.17527812719345093
340,0.606453537940979,0.790317952632904,-0.03129179775714874,0.9948598146438599,0.6116665005683899,0.7946287989616394,-0.056457094848155975,0.9960228800773621,0.6112791895866394,0.7940382361412048,-0.05635441094636917,0.9958095550537109,0.6108771562576294,0.7932876348495483,-0.056344468146562576,0.9953269958496094,0.6117485761642456,0.799349844455719,-0.03844278305768967,0.9944077134132385,0.6113651394844055,0.8021591305732727,-0.03852994740009308,0.9949324131011963,0.611027181148529,0.8048142194747925,-0.03861536458134651,0.9961919784545898,0.6031967997550964,0.7994561791419983,-0.13079360127449036,0.9908778667449951,0.6033729314804077,0.8150245547294617,-0.05053111910820007,0.9952591061592102,0.5971430540084839,0.7897948622703552,-0.054667264223098755,0.9862913489341736,0.5969976186752319,0.794731855392456,-0.03157727047801018,0.9873460531234741,0.5547645092010498,0.776968240737915,-0.1665242612361908,0.9957355856895447,0.5648564100265503,0.8407258987426758,0.011100484058260918,0.9990797638893127,0.5409096479415894,0.7123774290084839,-0.06407797336578369,0.7098106741905212,0.5629342794418335,0.7942444682121277,0.16868457198143005,0.039069704711437225,0.5693541765213013,0.7089520692825317,0.11260907351970673,0.566375732421875,0.5892475843429565,0.7463701367378235,0.26148298382759094,0.27071040868759155,0.5742849111557007,0.7023620009422302,0.1142488569021225,0.6422909498214722,0.5956264734268188,0.7372590899467468,0.2828243374824524,0.4155729413032532,0.590021550655365,0.7265340685844421,0.1076926440000534,0.6727030277252197,0.5985564589500427,0.7403282523155212,0.25628429651260376,0.4441278278827667,0.5788083672523499,0.7210190892219543,0.11419268697500229,0.6529691815376282,0.5941283106803894,0.7429916858673096,0.25435808300971985,0.4435204565525055,0.4555526673793793,0.7247985005378723,-0.0889313668012619,0.9996108412742615,0.4607352614402771,0.7593114972114563,0.08890047669410706,0.9997320771217346,0.4856716990470886,0.604084312915802,-0.08507506549358368,0.9846112132072449,0.47495532035827637,0.6542981266975403,0.1547469198703766,0.10255484282970428,0.40790295600891113,0.6818342804908752,-0.02951224520802498,0.9752333164215088,0.40821465849876404,0.6923713088035583,0.20894622802734375,0.15936708450317383,0.3997674584388733,0.7085075378417969,-0.01877877488732338,0.9649937748908997,0.4051331579685211,0.7038139700889587,0.21156899631023407,0.17845439910888672,0.3697469234466553,0.6966796517372131,0.03135093301534653,0.9707979559898376,0.3793664574623108,0.6951809525489807,0.22263729572296143,0.17389163374900818
341,0.6064969897270203,0.7899937033653259,-0.03061649203300476,0.994891881942749,0.611714243888855,0.794518768787384,-0.055243540555238724,0.996103823184967,0.6113128066062927,0.7939766645431519,-0.05513688176870346,0.995890200138092,0.6108983755111694,0.7932640314102173,-0.05511486530303955,0.995407223701477,0.6118090748786926,0.7991654276847839,-0.03812795132398605,0.9943953156471252,0.6114247441291809,0.8019570112228394,-0.038211286067962646,0.9949409365653992,0.6110753417015076,0.8046438097953796,-0.038301486521959305,0.9962513446807861,0.6031808853149414,0.7995092868804932,-0.12919464707374573,0.9908989667892456,0.6033719182014465,0.8149940371513367,-0.04729817062616348,0.9952622056007385,0.5971415638923645,0.7895848155021667,-0.05360770225524902,0.98610520362854,0.5969970226287842,0.7944424748420715,-0.03067708946764469,0.9870520234107971,0.5547061562538147,0.7769822478294373,-0.1653456836938858,0.9956470131874084,0.5648449063301086,0.8407315611839294,0.01638072356581688,0.9990559816360474,0.5394779443740845,0.7127618193626404,-0.06495712697505951,0.7077587842941284,0.5626559853553772,0.7942193150520325,0.1754649579524994,0.03794535994529724,0.5681300759315491,0.7089549899101257,0.11210738122463226,0.5606848001480103,0.5890508890151978,0.7463288903236389,0.2702831029891968,0.262641042470932,0.5728706121444702,0.7021322846412659,0.1140030175447464,0.6368684768676758,0.5954574346542358,0.7372542023658752,0.2910900115966797,0.40658071637153625,0.5898699760437012,0.7266103625297546,0.1076308861374855,0.6678995490074158,0.5984750986099243,0.7401828765869141,0.26549214124679565,0.4350636601448059,0.5764337778091431,0.718999445438385,0.11383988708257675,0.647903323173523,0.5939459800720215,0.7387462258338928,0.26343411207199097,0.4351198971271515,0.4555526375770569,0.7248991131782532,-0.08914250880479813,0.9995847940444946,0.4606795907020569,0.7592094540596008,0.08911927789449692,0.9997173547744751,0.4859105944633484,0.6039190292358398,-0.08582872152328491,0.9844184517860413,0.4744933545589447,0.6522935032844543,0.15000101923942566,0.10174063593149185,0.4078920781612396,0.6819473505020142,-0.02962641417980194,0.9750258326530457,0.4053747057914734,0.6931623220443726,0.20476019382476807,0.1581680178642273,0.399746298789978,0.7084990739822388,-0.018906084820628166,0.9648009538650513,0.40375739336013794,0.7048825621604919,0.20734086632728577,0.17758974432945251,0.3696117699146271,0.6972264051437378,0.030891459435224533,0.9706268906593323,0.3760845959186554,0.6972838640213013,0.2175789624452591,0.17224684357643127
342,0.6065713167190552,0.7898807525634766,-0.03006778098642826,0.9949053525924683,0.611747145652771,0.7944886088371277,-0.054976969957351685,0.9961578845977783,0.6113276481628418,0.7939616441726685,-0.05487043410539627,0.9959364533424377,0.6109012961387634,0.7932609915733337,-0.0548555850982666,0.9954520463943481,0.6118773818016052,0.7990902066230774,-0.03725164383649826,0.9943504333496094,0.6114965677261353,0.8018555045127869,-0.03733690828084946,0.9949135780334473,0.611141562461853,0.8045465350151062,-0.03742434084415436,0.9962770342826843,0.6031113862991333,0.7995123267173767,-0.1289164125919342,0.9908280372619629,0.6033860445022583,0.8148805499076843,-0.04703753814101219,0.9952064752578735,0.597148060798645,0.789446234703064,-0.05324354022741318,0.9857847094535828,0.59703528881073,0.7942401766777039,-0.030064797028899193,0.9866891503334045,0.5546131134033203,0.7769744992256165,-0.16475024819374084,0.9955103993415833,0.5645381808280945,0.8405751585960388,0.015742208808660507,0.9990252256393433,0.5398529171943665,0.7127787470817566,-0.06917743384838104,0.7046026587486267,0.5627111792564392,0.7942067384719849,0.16956879198551178,0.03701068088412285,0.5684192180633545,0.7090308666229248,0.10109003633260727,0.5538313984870911,0.5890375971794128,0.7463340163230896,0.25505104660987854,0.25492236018180847,0.5735892653465271,0.7024047374725342,0.10141847282648087,0.6312315464019775,0.5954275131225586,0.7372914552688599,0.27390342950820923,0.39790576696395874,0.5898222923278809,0.7267265915870667,0.0950251892209053,0.662773847579956,0.5984779000282288,0.7400868535041809,0.24748675525188446,0.42630526423454285,0.5813812613487244,0.7242059111595154,0.10244213044643402,0.6428191661834717,0.5939749479293823,0.7412645220756531,0.2477308064699173,0.4267594516277313,0.4555557370185852,0.7248780727386475,-0.0892195776104927,0.999571681022644,0.4606546461582184,0.7590115070343018,0.0891956090927124,0.9997091293334961,0.4862172603607178,0.6030227541923523,-0.0870899185538292,0.9845479130744934,0.47558778524398804,0.65158611536026,0.14957362413406372,0.10088898241519928,0.407890647649765,0.6819716691970825,-0.03044641576707363,0.9750658273696899,0.40535441040992737,0.693085789680481,0.20424297451972961,0.1560937762260437,0.3997659683227539,0.7084996700286865,-0.019782977178692818,0.9648637175559998,0.4036576747894287,0.7046473622322083,0.2065618336200714,0.17489281296730042,0.3695017993450165,0.6972692608833313,0.029818067327141762,0.9705712795257568,0.37604188919067383,0.6971623301506042,0.2159152328968048,0.16965138912200928
343,0.606575608253479,0.7898514270782471,-0.016623511910438538,0.9948914051055908,0.6117609739303589,0.7944868206977844,-0.042096126824617386,0.9961819648742676,0.6113390922546387,0.7939606308937073,-0.041986577212810516,0.995966374874115,0.6109101176261902,0.7932670712471008,-0.04197291284799576,0.9954544901847839,0.6118883490562439,0.799063503742218,-0.024282433092594147,0.9942531585693359,0.6115034818649292,0.8018285036087036,-0.024363268166780472,0.9948583245277405,0.6111476421356201,0.8045085668563843,-0.024450544267892838,0.9962688684463501,0.6031096577644348,0.7995485067367554,-0.1181890144944191,0.990725576877594,0.6034085154533386,0.81486976146698,-0.03741791099309921,0.9951680898666382,0.5971430540084839,0.7894040942192078,-0.04075637832283974,0.9855162501335144,0.5970339775085449,0.79414302110672,-0.01776261068880558,0.9863730669021606,0.5547441244125366,0.7770839929580688,-0.1579750031232834,0.9954016804695129,0.5646270513534546,0.8405739068984985,0.020373431965708733,0.9990124702453613,0.5405523180961609,0.7129230499267578,-0.07078029960393906,0.7009569406509399,0.5627955198287964,0.7939373850822449,0.16954655945301056,0.03645998239517212,0.5686184167861938,0.7094066739082336,0.08973991870880127,0.5471832752227783,0.5890811681747437,0.7460969686508179,0.2545953094959259,0.2496696412563324,0.5739074945449829,0.7026690244674683,0.08930323272943497,0.6258396506309509,0.5954427123069763,0.7370182871818542,0.2735200822353363,0.3919736444950104,0.5896241068840027,0.7270246744155884,0.08410312235355377,0.657823920249939,0.5985192060470581,0.7400335073471069,0.24741733074188232,0.4203394055366516,0.583137035369873,0.7270857095718384,0.09126830101013184,0.6381577849388123,0.5946472883224487,0.7408214807510376,0.24738872051239014,0.4210236966609955,0.45572629570961,0.7248378396034241,-0.0891866609454155,0.9995633363723755,0.4599494934082031,0.75887131690979,0.08915891498327255,0.9997050166130066,0.48653149604797363,0.602291464805603,-0.08647368103265762,0.9846275448799133,0.47590842843055725,0.6508823037147522,0.14934518933296204,0.1003577783703804,0.40789157152175903,0.6819857954978943,-0.03057406283915043,0.9749622941017151,0.4100222587585449,0.6924479603767395,0.19912748038768768,0.15423175692558289,0.3997804820537567,0.7084599137306213,-0.02003808133304119,0.964725136756897,0.40244394540786743,0.7050783634185791,0.20085513591766357,0.17274869978427887,0.3693895936012268,0.6975266933441162,0.02987271547317505,0.9703585505485535,0.3739037811756134,0.6984738111495972,0.21119315922260284,0.1673622727394104
344,0.6065758466720581,0.7898677587509155,-0.01575753092765808,0.994884192943573,0.6117571592330933,0.79449462890625,-0.041134703904390335,0.996201753616333,0.6113318800926208,0.7939684391021729,-0.04102324694395065,0.9959819316864014,0.6108974814414978,0.7932769060134888,-0.04100528731942177,0.9954555630683899,0.6118866801261902,0.7990753650665283,-0.023452337831258774,0.9941768050193787,0.6115007400512695,0.8018516898155212,-0.023538269102573395,0.9948026537895203,0.6111453771591187,0.8045320510864258,-0.023627839982509613,0.9962742328643799,0.6030896902084351,0.799548864364624,-0.11682013422250748,0.9905559420585632,0.6034120321273804,0.8148833513259888,-0.03700558468699455,0.9951202273368835,0.5971423387527466,0.7894046902656555,-0.03969920426607132,0.9851577877998352,0.5970357656478882,0.7941612601280212,-0.016952600330114365,0.9860250949859619,0.5547429919242859,0.7770788073539734,-0.15488873422145844,0.9952234029769897,0.565019428730011,0.8405848741531372,0.01999378204345703,0.9990000128746033,0.5439779758453369,0.7128199338912964,-0.06729681044816971,0.7003810405731201,0.5645446181297302,0.7939286828041077,0.16732870042324066,0.036506302654743195,0.5707153081893921,0.7094838619232178,0.09395124018192291,0.5448479056358337,0.5896319150924683,0.7458573579788208,0.24645212292671204,0.2495720386505127,0.5749386548995972,0.7027152180671692,0.09249431639909744,0.6238235831260681,0.5959064960479736,0.7366109490394592,0.26404446363449097,0.3920535147190094,0.5896238088607788,0.7271600365638733,0.08737409859895706,0.6561146378517151,0.5987136960029602,0.7400168776512146,0.2381865680217743,0.4205486476421356,0.5845057964324951,0.7282698154449463,0.0952012836933136,0.6368223428726196,0.5953714847564697,0.7405115365982056,0.23926909267902374,0.42122140526771545,0.4557895064353943,0.7248220443725586,-0.08906064927577972,0.9995554089546204,0.45987367630004883,0.7588608264923096,0.08902490884065628,0.9997027516365051,0.48675957322120667,0.6019514799118042,-0.08541201055049896,0.9847148060798645,0.47514715790748596,0.6498674750328064,0.14898112416267395,0.09958603233098984,0.40789952874183655,0.6819006204605103,-0.03275028616189957,0.9752497673034668,0.4124249517917633,0.6915468573570251,0.19885516166687012,0.15359985828399658,0.3997834622859955,0.7080323696136475,-0.022834412753582,0.965149462223053,0.4021889567375183,0.7052379250526428,0.20078210532665253,0.17229437828063965,0.36929336190223694,0.6975803971290588,0.026831794530153275,0.9706398844718933,0.3732112646102905,0.6987500786781311,0.21146421134471893,0.1668839454650879
345,0.6066675782203674,0.7903770804405212,-0.03851467743515968,0.9949684739112854,0.6117635369300842,0.7947419881820679,-0.06374283134937286,0.9962931275367737,0.611331582069397,0.7941527962684631,-0.0636342391371727,0.9960601329803467,0.6108863353729248,0.7934045195579529,-0.06362034380435944,0.995554506778717,0.6119297742843628,0.7994499206542969,-0.04574502259492874,0.9942654967308044,0.6115465760231018,0.8022826910018921,-0.045839544385671616,0.9948769807815552,0.6111997961997986,0.8049504160881042,-0.0459262952208519,0.9963636994361877,0.6028528809547424,0.799559473991394,-0.13699239492416382,0.9906740188598633,0.6034106016159058,0.8151954412460327,-0.05592520162463188,0.9951814413070679,0.597184956073761,0.7896786332130432,-0.061261046677827835,0.9851930737495422,0.5971384048461914,0.7947050333023071,-0.0381496325135231,0.9861253499984741,0.5540525317192078,0.776786208152771,-0.1684352606534958,0.9952096939086914,0.5653795003890991,0.8409398198127747,0.007751787547022104,0.9989978075027466,0.5438922643661499,0.7128171324729919,-0.07265906780958176,0.7018578052520752,0.565617024898529,0.7953127026557922,0.16208690404891968,0.036339253187179565,0.5708616971969604,0.7091609835624695,0.0949505940079689,0.5436192750930786,0.5899725556373596,0.7463330626487732,0.2452661246061325,0.24884441494941711,0.5750331282615662,0.7021620869636536,0.09405400604009628,0.6220574975013733,0.5963407754898071,0.7368713021278381,0.26320725679397583,0.3916645050048828,0.5902179479598999,0.7263756394386292,0.08813772350549698,0.6545774340629578,0.5988360047340393,0.7399723529815674,0.2363794595003128,0.42033565044403076,0.5852499604225159,0.7286878228187561,0.0962207168340683,0.6353387832641602,0.5953701138496399,0.7419835329055786,0.23788467049598694,0.42123690247535706,0.45578494668006897,0.7248604893684387,-0.08938189595937729,0.9995589256286621,0.4612210690975189,0.7592160701751709,0.08934090286493301,0.9997043609619141,0.48678335547447205,0.6019458174705505,-0.08531486988067627,0.9851077795028687,0.4760954976081848,0.6502999067306519,0.15510430932044983,0.09928899258375168,0.40790247917175293,0.681904673576355,-0.03274529054760933,0.9758604764938354,0.41237759590148926,0.6923474073410034,0.20656649768352509,0.15508371591567993,0.3997804820537567,0.7079971432685852,-0.022775737568736076,0.965904176235199,0.40446996688842773,0.7052636742591858,0.20889654755592346,0.1731463521718979,0.3695734143257141,0.6963030099868774,0.027122478932142258,0.9711949229240417,0.3774210512638092,0.6979765295982361,0.22071711719036102,0.1682010143995285
346,0.6066790819168091,0.7908484935760498,-0.03402237594127655,0.9950246810913086,0.6117575764656067,0.79500812292099,-0.05929777771234512,0.996364176273346,0.6113148927688599,0.7943848967552185,-0.05918927118182182,0.9961220622062683,0.6108523011207581,0.7935980558395386,-0.05917464569211006,0.9956260919570923,0.6119288802146912,0.7997986078262329,-0.04133754223585129,0.9943203330039978,0.6115458607673645,0.8026204705238342,-0.04142934828996658,0.9949225187301636,0.6111994981765747,0.8052656650543213,-0.04151597619056702,0.9964382648468018,0.6027235388755798,0.7996472120285034,-0.13341251015663147,0.9907019734382629,0.6033774614334106,0.8156448602676392,-0.05256174877285957,0.9952415227890015,0.5971871614456177,0.7900733947753906,-0.05716421455144882,0.9851154088973999,0.5971466898918152,0.7952710390090942,-0.034111037850379944,0.9861036539077759,0.5538111925125122,0.7767865061759949,-0.16796380281448364,0.995114803314209,0.5654754042625427,0.8413746356964111,0.008873830549418926,0.9990018606185913,0.5447949171066284,0.7127820253372192,-0.06768794357776642,0.7030680775642395,0.5661109685897827,0.7957524657249451,0.16621975600719452,0.03663128241896629,0.5715247988700867,0.7090645432472229,0.10640852153301239,0.5426753759384155,0.5904214382171631,0.7464175820350647,0.2505478262901306,0.2525692880153656,0.5753865838050842,0.7021860480308533,0.10644806921482086,0.6207294464111328,0.5968942046165466,0.7369152307510376,0.2686552405357361,0.39594316482543945,0.5908364057540894,0.7259191870689392,0.09954621642827988,0.6534846425056458,0.5989724397659302,0.7399201989173889,0.240934818983078,0.4249595105648041,0.5860481262207031,0.7288978099822998,0.10760043561458588,0.6345937848091125,0.5954008102416992,0.7428898215293884,0.2429954707622528,0.42586711049079895,0.4557589590549469,0.7248657941818237,-0.08937184512615204,0.9995549321174622,0.461153507232666,0.7592180967330933,0.08933038264513016,0.9997053742408752,0.48697608709335327,0.6019631028175354,-0.08368280529975891,0.9851403832435608,0.47636842727661133,0.6502963304519653,0.15466353297233582,0.09827311336994171,0.4079291820526123,0.681905210018158,-0.03301290422677994,0.9760705828666687,0.4138389229774475,0.6916784048080444,0.20610006153583527,0.15486809611320496,0.39979851245880127,0.707884669303894,-0.02313467487692833,0.9663030505180359,0.4042818546295166,0.7056345343589783,0.20839539170265198,0.1734662652015686,0.36976513266563416,0.6959919333457947,0.02700558863580227,0.9714661836624146,0.37662211060523987,0.6984893679618835,0.22039631009101868,0.16840983927249908
347,0.6066669225692749,0.7909342050552368,-0.01786523126065731,0.9951196908950806,0.6117480397224426,0.7950524091720581,-0.04336569458246231,0.9964425563812256,0.6113015413284302,0.7944398522377014,-0.04325707629323006,0.9962034821510315,0.6108347177505493,0.7936630845069885,-0.043239202350378036,0.9957029819488525,0.6119112968444824,0.7998121380805969,-0.025844106450676918,0.9943837523460388,0.611516535282135,0.8026348948478699,-0.02593379281461239,0.9949852824211121,0.6111652851104736,0.8052700161933899,-0.026022490113973618,0.9965101480484009,0.6027117967605591,0.7997210621833801,-0.11852967739105225,0.9907939434051514,0.6033666133880615,0.815648078918457,-0.03977477177977562,0.9953373670578003,0.5971750020980835,0.7902103662490845,-0.041369013488292694,0.9851958155632019,0.5971248745918274,0.7953731417655945,-0.018881356343626976,0.9861075282096863,0.5540627241134644,0.7770021557807922,-0.15597258508205414,0.9950574040412903,0.5654246807098389,0.8414757251739502,0.018531132489442825,0.9990091919898987,0.5461475253105164,0.712760329246521,-0.06161373853683472,0.7024130821228027,0.5660125017166138,0.7966452240943909,0.1754995882511139,0.03705152869224548,0.5717217922210693,0.7090450525283813,0.11024831235408783,0.5351389646530151,0.5905914306640625,0.746807336807251,0.26915204524993896,0.2533063292503357,0.5755318403244019,0.7022634148597717,0.11193282902240753,0.6137861609458923,0.5970020890235901,0.7372180819511414,0.2893502116203308,0.39660364389419556,0.5908417105674744,0.7257534265518188,0.10504577308893204,0.6470784544944763,0.5989785194396973,0.7399027347564697,0.26347294449806213,0.4258127808570862,0.5860100984573364,0.7291564345359802,0.11156786978244781,0.6290479302406311,0.5953806638717651,0.7431599497795105,0.26238030195236206,0.42679405212402344,0.45588573813438416,0.7248162031173706,-0.08895125985145569,0.999549388885498,0.4599263072013855,0.7590857148170471,0.08890219777822495,0.9997066855430603,0.48723992705345154,0.6020355820655823,-0.08144637942314148,0.9848554134368896,0.4753754734992981,0.6492311954498291,0.15030917525291443,0.09831377863883972,0.4080781936645508,0.6819133162498474,-0.032854851335287094,0.9758467078208923,0.41339436173439026,0.6926044225692749,0.19613514840602875,0.15465416014194489,0.39999574422836304,0.7078978419303894,-0.02305499091744423,0.9663048982620239,0.40297913551330566,0.7068746089935303,0.19818046689033508,0.17444628477096558,0.3696996569633484,0.6969480514526367,0.028165247291326523,0.9713703393936157,0.37314170598983765,0.7001867294311523,0.21221521496772766,0.168636292219162
348,0.6067808866500854,0.7909297943115234,-0.04561490938067436,0.9952096939086914,0.6118168234825134,0.7950373888015747,-0.0707797259092331,0.996529221534729,0.6113379597663879,0.7944256663322449,-0.07066501677036285,0.9962894320487976,0.6108464002609253,0.7936475276947021,-0.07064198702573776,0.9957976341247559,0.6120485067367554,0.7998064160346985,-0.05325150489807129,0.9944602847099304,0.6116594076156616,0.802631676197052,-0.05334649235010147,0.9950578808784485,0.6113145351409912,0.8052684664726257,-0.05343501642346382,0.9965910911560059,0.6026923656463623,0.7997404336929321,-0.14270974695682526,0.990888237953186,0.6033822298049927,0.8157892823219299,-0.0643213763833046,0.9954082369804382,0.5971875190734863,0.7902113795280457,-0.06774018704891205,0.9852381944656372,0.5971684455871582,0.7953747510910034,-0.0453639030456543,0.9861735701560974,0.5529795289039612,0.7769932150840759,-0.17284616827964783,0.9950483441352844,0.5658180117607117,0.8419436812400818,-0.0024602138437330723,0.9990137219429016,0.5430007576942444,0.7123534679412842,-0.07377735525369644,0.7075245380401611,0.5660534501075745,0.7965673208236694,0.14931951463222504,0.03779454156756401,0.570875346660614,0.7085545659065247,0.10346059501171112,0.5438786745071411,0.5906718969345093,0.7463867664337158,0.23355869948863983,0.2594546973705292,0.5822750329971313,0.7100763916969299,0.10439127683639526,0.6212515830993652,0.5972842574119568,0.7365975975990295,0.25034260749816895,0.40280258655548096,0.5908905267715454,0.7252905368804932,0.09733469784259796,0.6543433666229248,0.5990164875984192,0.7398426532745361,0.22421693801879883,0.4321867823600769,0.5860405564308167,0.7290902733802795,0.10478004068136215,0.6362488865852356,0.5956287980079651,0.7418086528778076,0.2263585776090622,0.43300408124923706,0.4556923806667328,0.7249309420585632,-0.08857009559869766,0.9995378851890564,0.46095624566078186,0.7595700621604919,0.08851966261863708,0.9997007846832275,0.4872886538505554,0.6026097536087036,-0.08153117448091507,0.9849613308906555,0.47475019097328186,0.6492540240287781,0.14817838370800018,0.0994650200009346,0.40819135308265686,0.6818854212760925,-0.023899409919977188,0.9760176539421082,0.4076155722141266,0.6929576992988586,0.20150549709796906,0.15623511373996735,0.3999963700771332,0.7075595259666443,-0.01252831518650055,0.9664548635482788,0.4028851091861725,0.7068702578544617,0.20542994141578674,0.17567333579063416,0.36966264247894287,0.6973930597305298,0.04276590794324875,0.971603512763977,0.373180091381073,0.7001895904541016,0.22440257668495178,0.17017556726932526
349,0.6067933440208435,0.7908340692520142,-0.040508393198251724,0.9953616857528687,0.6118186116218567,0.7949645519256592,-0.06549882888793945,0.9966474175453186,0.6113369464874268,0.7943700551986694,-0.06538719683885574,0.9964005351066589,0.6108373403549194,0.7936083674430847,-0.06536484509706497,0.995925784111023,0.6120622158050537,0.7996974587440491,-0.04806238412857056,0.9946325421333313,0.6116704344749451,0.8025343418121338,-0.048156995326280594,0.9952087998390198,0.6113255620002747,0.8051734566688538,-0.04824591428041458,0.9967182874679565,0.6025991439819336,0.7997421026229858,-0.13792704045772552,0.9910909533500671,0.603378176689148,0.8157579302787781,-0.05963452532887459,0.9955296516418457,0.5971850752830505,0.7901429533958435,-0.06288672983646393,0.9854974746704102,0.5971688032150269,0.7952646613121033,-0.04057393595576286,0.9864726066589355,0.5527155995368958,0.7767866253852844,-0.1700902283191681,0.9950706362724304,0.5659230947494507,0.8421328067779541,0.0018469493370503187,0.9990292191505432,0.5428439378738403,0.7122097015380859,-0.06707213819026947,0.7089852690696716,0.5660005211830139,0.7965459227561951,0.15349158644676208,0.03833049535751343,0.570682942867279,0.7075856328010559,0.11514876782894135,0.5446054339408875,0.5906857848167419,0.7463281750679016,0.23916921019554138,0.2636650800704956,0.5839210748672485,0.7127001285552979,0.11733478307723999,0.621705949306488,0.5973361134529114,0.7364989519119263,0.2568790912628174,0.4072752892971039,0.5908914804458618,0.7249689698219299,0.1104084849357605,0.6548256278038025,0.5990505218505859,0.7397384643554688,0.230858713388443,0.43678244948387146,0.5860305428504944,0.7290470600128174,0.11673206090927124,0.6370009779930115,0.5956264138221741,0.741990327835083,0.2320934236049652,0.4374258518218994,0.4556967616081238,0.7249379754066467,-0.08841737359762192,0.9995457530021667,0.46122249960899353,0.7599211931228638,0.08836181461811066,0.99970543384552,0.48729199171066284,0.6034504175186157,-0.08130557835102081,0.9853192567825317,0.47527486085891724,0.6500977873802185,0.1588471233844757,0.09935444593429565,0.40830379724502563,0.6818124055862427,-0.02409217320382595,0.9764300584793091,0.4072379171848297,0.6935532689094543,0.2091958224773407,0.15855813026428223,0.4002562463283539,0.7072268724441528,-0.012689834460616112,0.9670011401176453,0.40330690145492554,0.7068194150924683,0.21226994693279266,0.1776869148015976,0.36984357237815857,0.6968221664428711,0.04005444794893265,0.9721393585205078,0.37526562809944153,0.7000502943992615,0.2299048900604248,0.1734812706708908
350,0.6069096922874451,0.7907520532608032,-0.045907046645879745,0.9955657124519348,0.6118506193161011,0.7949404120445251,-0.070665642619133,0.996806263923645,0.6113475561141968,0.7943589687347412,-0.07055436074733734,0.9965656399726868,0.610836923122406,0.7936051487922668,-0.0705338642001152,0.9961151480674744,0.6121484637260437,0.7996451258659363,-0.05281577631831169,0.9948617219924927,0.6117570400238037,0.8024905323982239,-0.05291061848402023,0.9954133033752441,0.6114175319671631,0.8051329255104065,-0.05299767106771469,0.9968730211257935,0.6025553345680237,0.799774706363678,-0.14139807224273682,0.9914552569389343,0.6033899188041687,0.8157473206520081,-0.06145249679684639,0.9957057237625122,0.5972196459770203,0.7900798320770264,-0.06768463551998138,0.9860015511512756,0.5972434282302856,0.7951661348342896,-0.044853486120700836,0.9869386553764343,0.5522484183311462,0.7766667008399963,-0.17101308703422546,0.9951653480529785,0.5659793615341187,0.842162549495697,0.003163187997415662,0.9990456700325012,0.5420857667922974,0.711979329586029,-0.06722177565097809,0.7130135297775269,0.5659823417663574,0.7964593768119812,0.1560608595609665,0.03869190439581871,0.5706086754798889,0.7073476314544678,0.11339910328388214,0.5496941208839417,0.5906843543052673,0.7462596297264099,0.2398422509431839,0.26681163907051086,0.5850194096565247,0.7136363983154297,0.11529743671417236,0.6258474588394165,0.5973485112190247,0.7364646792411804,0.25844690203666687,0.4103858470916748,0.5909424424171448,0.7247847318649292,0.10827530920505524,0.6588581800460815,0.5990564823150635,0.7397216558456421,0.23182420432567596,0.44001173973083496,0.5860822200775146,0.7290228605270386,0.114942766726017,0.6408796906471252,0.5956007838249207,0.7423147559165955,0.23282738029956818,0.44068247079849243,0.45572996139526367,0.7251846790313721,-0.08842692524194717,0.9995521306991577,0.4618038535118103,0.7601150870323181,0.0883718878030777,0.9997085928916931,0.4873073697090149,0.6041924953460693,-0.08204740285873413,0.9856575727462769,0.47589993476867676,0.650520920753479,0.15962594747543335,0.10009367763996124,0.4083791673183441,0.6819148659706116,-0.026835206896066666,0.9769273400306702,0.40726232528686523,0.6946147084236145,0.2103288620710373,0.16153773665428162,0.40038299560546875,0.7073220610618591,-0.015738803893327713,0.9676051139831543,0.4039563238620758,0.7070655226707458,0.21316497027873993,0.18057958781719208,0.3698381781578064,0.6975656747817993,0.0377076156437397,0.9727779626846313,0.37626102566719055,0.7002977132797241,0.22989682853221893,0.17726652324199677
351,0.6069689989089966,0.7908303141593933,-0.041832469403743744,0.9957680702209473,0.6118521690368652,0.7950594425201416,-0.06677940487861633,0.9969626069068909,0.6113471388816833,0.7944930791854858,-0.06666867434978485,0.9967309832572937,0.6108309030532837,0.7937473654747009,-0.06664900481700897,0.9963065981864929,0.6121534705162048,0.7997435331344604,-0.04906066507101059,0.9950833320617676,0.6117647886276245,0.8025771379470825,-0.04915427044034004,0.9956089854240417,0.6114252805709839,0.8052151799201965,-0.04924255609512329,0.9970188736915588,0.6025142669677734,0.7999130487442017,-0.1386868953704834,0.9918339848518372,0.6033803224563599,0.8158190250396729,-0.05970689654350281,0.9958863258361816,0.597245454788208,0.7901448607444763,-0.06411070376634598,0.9865763187408447,0.5972815752029419,0.7952319979667664,-0.04140033572912216,0.9874327182769775,0.552268385887146,0.776671826839447,-0.1697329580783844,0.9953250885009766,0.5652048587799072,0.8415196537971497,0.0069962614215910435,0.999061107635498,0.5407850742340088,0.7117575407028198,-0.06819788366556168,0.7166076302528381,0.5645216703414917,0.7949711680412292,0.1635097712278366,0.03847043216228485,0.5728538632392883,0.7184627056121826,0.11266863346099854,0.5560569763183594,0.5904698371887207,0.7458232045173645,0.2556299567222595,0.26478180289268494,0.5855363011360168,0.7145556211471558,0.11380636692047119,0.6309695243835449,0.5972551703453064,0.7362970113754272,0.27574554085731506,0.4080716073513031,0.5909854173660278,0.7247868776321411,0.10676664113998413,0.6637353897094727,0.5989803075790405,0.7396916747093201,0.25033146142959595,0.4375735819339752,0.5860685110092163,0.7291926741600037,0.11395978927612305,0.6452723741531372,0.5953813195228577,0.7372907400131226,0.24897077679634094,0.43867963552474976,0.4556756913661957,0.7254263162612915,-0.08850754797458649,0.9995536804199219,0.4615885615348816,0.7600175738334656,0.08845743536949158,0.9997096657752991,0.48758020997047424,0.6042589545249939,-0.082218237221241,0.9856545925140381,0.4766785204410553,0.6505225896835327,0.15866677463054657,0.10053127259016037,0.40841254591941833,0.682021975517273,-0.029204348102211952,0.9771108627319336,0.4068702757358551,0.6946027874946594,0.20569507777690887,0.16349177062511444,0.40038633346557617,0.7078069448471069,-0.01849500462412834,0.9679020047187805,0.403927743434906,0.7069823741912842,0.2080124169588089,0.182947039604187,0.369753897190094,0.6978878378868103,0.034280918538570404,0.9730532765388489,0.3762504458427429,0.6995238661766052,0.2240430861711502,0.1799662560224533
352,0.607057511806488,0.7908296585083008,-0.043375059962272644,0.9959140419960022,0.6118613481521606,0.7950633764266968,-0.06852006912231445,0.9970775842666626,0.6113479137420654,0.7945043444633484,-0.06840780377388,0.9968538880348206,0.6108261942863464,0.7937676310539246,-0.06838706135749817,0.9964448809623718,0.6121855974197388,0.7997426986694336,-0.0505133792757988,0.9952265024185181,0.6118036508560181,0.8025763034820557,-0.050605691969394684,0.9957364201545715,0.611466109752655,0.8052151203155518,-0.050692297518253326,0.9971194267272949,0.6024712324142456,0.8000015020370483,-0.14075510203838348,0.9920902848243713,0.6033803224563599,0.815861165523529,-0.060420334339141846,0.9960120916366577,0.5972744226455688,0.7901565432548523,-0.06574408710002899,0.9869733452796936,0.5973312258720398,0.7952405214309692,-0.04274159297347069,0.9877738952636719,0.5522458553314209,0.7766866087913513,-0.17131614685058594,0.9954286217689514,0.5654903650283813,0.8415755033493042,0.00530807813629508,0.9990782141685486,0.5400443077087402,0.7114899158477783,-0.07068609446287155,0.7208220362663269,0.5645380020141602,0.7949200868606567,0.16344034671783447,0.03864344209432602,0.5738620162010193,0.7211219072341919,0.11002767086029053,0.5660167336463928,0.5906756520271301,0.7456028461456299,0.25587064027786255,0.2687171995639801,0.5856364965438843,0.7148369550704956,0.11170840263366699,0.6395741701126099,0.5976605415344238,0.736152708530426,0.2756537199020386,0.41213029623031616,0.5906133055686951,0.7252782583236694,0.10442879050970078,0.6719585061073303,0.5989865064620972,0.7396618723869324,0.25004416704177856,0.4416760802268982,0.5860573053359985,0.7292029857635498,0.11138147115707397,0.653191089630127,0.5955394506454468,0.7375930547714233,0.24912352859973907,0.4429793357849121,0.45574602484703064,0.7256643772125244,-0.08825642615556717,0.9995530247688293,0.4615468382835388,0.7600995302200317,0.0882055014371872,0.9997101426124573,0.4875759184360504,0.606594443321228,-0.08157852292060852,0.9855949878692627,0.475983202457428,0.6503229141235352,0.156070739030838,0.10170996934175491,0.408454030752182,0.6820637583732605,-0.027486860752105713,0.9772304892539978,0.4056100845336914,0.6947383284568787,0.20534023642539978,0.16588103771209717,0.40040749311447144,0.7079275250434875,-0.01661316491663456,0.96807461977005,0.40362048149108887,0.7071365714073181,0.2079637050628662,0.18555030226707458,0.3696897625923157,0.6982147693634033,0.03729262575507164,0.9732955098152161,0.37514641880989075,0.6996745467185974,0.22396263480186462,0.18266521394252777
353,0.6070553660392761,0.7908364534378052,-0.03267247974872589,0.9959732294082642,0.6118473410606384,0.7950660586357117,-0.05753018707036972,0.9971174597740173,0.6113287806510925,0.7945090532302856,-0.05742056295275688,0.9968852400779724,0.6107994318008423,0.7937737107276917,-0.05740002542734146,0.9964876770973206,0.6121680736541748,0.7997421026229858,-0.04031439125537872,0.995276689529419,0.6117865443229675,0.8025752305984497,-0.0404096394777298,0.9957751631736755,0.6114481687545776,0.8052123188972473,-0.040497589856386185,0.9971693158149719,0.6024309992790222,0.8000040650367737,-0.13031360507011414,0.9920926094055176,0.6033336520195007,0.815837562084198,-0.05327042192220688,0.9960390329360962,0.5972645282745361,0.790160596370697,-0.055373966693878174,0.9869204759597778,0.5973242521286011,0.7952448129653931,-0.03333050012588501,0.9877082109451294,0.5523256063461304,0.7766876816749573,-0.16285499930381775,0.9953698515892029,0.5650387406349182,0.8409216403961182,0.009152447804808617,0.9990729689598083,0.5412808060646057,0.7115638852119446,-0.06098707392811775,0.7185679078102112,0.564536988735199,0.7949221730232239,0.1639201045036316,0.038667868822813034,0.5727016925811768,0.7151833176612854,0.12071961164474487,0.5624064803123474,0.5906748175621033,0.7456063628196716,0.25554487109184265,0.26944074034690857,0.5853552222251892,0.7149203419685364,0.12345121800899506,0.6364699006080627,0.5976572632789612,0.7361592054367065,0.2750929296016693,0.4133867025375366,0.5906030535697937,0.7252048850059509,0.11664913594722748,0.6689977645874023,0.5989538431167603,0.7396335601806641,0.2494848072528839,0.4429566562175751,0.585980236530304,0.7292482852935791,0.12230595201253891,0.6504741311073303,0.5953902006149292,0.7395127415657043,0.248771071434021,0.4441739618778229,0.4558838903903961,0.725769579410553,-0.08815500140190125,0.9995493292808533,0.4611361622810364,0.759968638420105,0.08810435235500336,0.9997106194496155,0.4878746569156647,0.6064561009407043,-0.08106113225221634,0.9855359196662903,0.47648078203201294,0.6503568291664124,0.15396001935005188,0.10126065462827682,0.40868067741394043,0.6820651292800903,-0.029304897412657738,0.9774703979492188,0.40539461374282837,0.694713830947876,0.2039097249507904,0.16604392230510712,0.40056005120277405,0.7082319855690002,-0.01897483505308628,0.9684087634086609,0.4035669267177582,0.7070537209510803,0.2065155804157257,0.18598316609859467,0.36966627836227417,0.698675811290741,0.03368040546774864,0.9736270904541016,0.3749604821205139,0.6994778513908386,0.2220783531665802,0.18353502452373505
354,0.6071197390556335,0.7908473610877991,-0.04380325973033905,0.9960816502571106,0.6118525266647339,0.7950616478919983,-0.06857752799987793,0.9972022771835327,0.6113284826278687,0.7945001721382141,-0.06846502423286438,0.9969706535339355,0.6107916235923767,0.7937555313110352,-0.06844435632228851,0.9965859055519104,0.6121987700462341,0.7997411489486694,-0.05109066888689995,0.9953950047492981,0.6118196845054626,0.8025733232498169,-0.05118584632873535,0.9958769679069519,0.6114863157272339,0.8052094578742981,-0.0512700080871582,0.9972538352012634,0.6023914217948914,0.7999638319015503,-0.13931623101234436,0.9922582507133484,0.603341281414032,0.8158387541770935,-0.06098095327615738,0.9961379170417786,0.5972963571548462,0.790177047252655,-0.06556428968906403,0.9871308207511902,0.5974066257476807,0.7952740788459778,-0.043163713067770004,0.9878947138786316,0.5523074865341187,0.7766389846801758,-0.16762039065361023,0.9953880310058594,0.5654723644256592,0.8409520387649536,0.0033266879618167877,0.9990861415863037,0.5413126349449158,0.7115796804428101,-0.06318692862987518,0.7199613451957703,0.5652989745140076,0.7956527471542358,0.159490168094635,0.039163555949926376,0.5718507766723633,0.712117075920105,0.11710991710424423,0.5662173628807068,0.5910465717315674,0.7459219098091125,0.2501273453235626,0.2759281098842621,0.5852102041244507,0.7148351669311523,0.1192445307970047,0.6399181485176086,0.5980612635612488,0.7364159226417542,0.268871009349823,0.42037251591682434,0.5905784368515015,0.725042462348938,0.11249282211065292,0.672355592250824,0.5989736318588257,0.7396516799926758,0.24302852153778076,0.4500654935836792,0.5858681201934814,0.7292391061782837,0.11865165084600449,0.6537562608718872,0.5953793525695801,0.7412149906158447,0.24328239262104034,0.45099276304244995,0.45588821172714233,0.7259045243263245,-0.08799318969249725,0.9995517730712891,0.46100282669067383,0.7599461674690247,0.08793701976537704,0.9997137188911438,0.48786383867263794,0.6089097261428833,-0.07945921272039413,0.9854789972305298,0.4754544794559479,0.6502654552459717,0.1540086269378662,0.10239581018686295,0.40857458114624023,0.6831682324409485,-0.02707122638821602,0.9777791500091553,0.4045526385307312,0.6955574750900269,0.20773252844810486,0.16902576386928558,0.4005017876625061,0.7089521288871765,-0.016528427600860596,0.9687124490737915,0.40309733152389526,0.7080656886100769,0.21121692657470703,0.18899063766002655,0.36966386437416077,0.6988847851753235,0.03704594075679779,0.9740473031997681,0.37398797273635864,0.7004488706588745,0.22975599765777588,0.18688537180423737
355,0.6071298718452454,0.7908511757850647,-0.04296986758708954,0.9960513710975647,0.6118595004081726,0.795076310634613,-0.06806844472885132,0.9971719980239868,0.6113326549530029,0.7945274710655212,-0.06795771420001984,0.9969376921653748,0.6107922792434692,0.7937971353530884,-0.06794188916683197,0.9965441823005676,0.6122029423713684,0.799741804599762,-0.05031882971525192,0.995304524898529,0.6118217706680298,0.8025722503662109,-0.050415270030498505,0.9958036541938782,0.6114876866340637,0.8052070140838623,-0.05050492286682129,0.9972236156463623,0.6023994088172913,0.8000770211219788,-0.13880813121795654,0.9921032786369324,0.6033514142036438,0.8158374428749084,-0.060703497380018234,0.99605393409729,0.5972973108291626,0.7902124524116516,-0.06527046859264374,0.9868500232696533,0.597407877445221,0.7952775359153748,-0.0425473116338253,0.9875285625457764,0.5523722767829895,0.7767775058746338,-0.16777591407299042,0.9953111410140991,0.5655530691146851,0.840850830078125,0.003389199497178197,0.9990670084953308,0.5413220524787903,0.7122862935066223,-0.06487439572811127,0.7196313142776489,0.5652942061424255,0.7951406240463257,0.15957750380039215,0.038959335535764694,0.5711003541946411,0.7112210988998413,0.11581690609455109,0.565150260925293,0.591038167476654,0.7454302906990051,0.24906349182128906,0.2741323709487915,0.5850703120231628,0.7148572206497192,0.11756367981433868,0.6391707062721252,0.5979994535446167,0.7359176278114319,0.2679271101951599,0.41870981454849243,0.589777946472168,0.7255799770355225,0.11065343767404556,0.671718180179596,0.598964512348175,0.7396177649497986,0.24231255054473877,0.4483877420425415,0.5857271552085876,0.7292603254318237,0.11719850450754166,0.6528977751731873,0.5954585671424866,0.7406280040740967,0.24221353232860565,0.44952237606048584,0.4559786319732666,0.726241409778595,-0.08800435811281204,0.999538004398346,0.460846483707428,0.7598323225975037,0.08795090019702911,0.9997072815895081,0.48778367042541504,0.6098808646202087,-0.0808117538690567,0.9852914214134216,0.4748219847679138,0.6499602794647217,0.15029972791671753,0.10293275117874146,0.4085307717323303,0.6837055683135986,-0.02733970247209072,0.9779768586158752,0.40417975187301636,0.6954657435417175,0.20762357115745544,0.17028872668743134,0.40050262212753296,0.709255576133728,-0.016831189393997192,0.9689241051673889,0.4028223156929016,0.708034873008728,0.21079067885875702,0.1911121904850006,0.3696630597114563,0.6989305019378662,0.03527303785085678,0.9742797017097473,0.37353283166885376,0.7004409432411194,0.2286994904279709,0.18800552189350128
356,0.6071568131446838,0.7908560633659363,-0.04214370250701904,0.9960946440696716,0.6118913292884827,0.7951202988624573,-0.06620445102453232,0.9971948862075806,0.611362099647522,0.7945908308029175,-0.06609751284122467,0.9969590306282043,0.6108173131942749,0.7938833236694336,-0.06608977168798447,0.9965721964836121,0.6122182607650757,0.7997646331787109,-0.04878425598144531,0.995332658290863,0.6118310689926147,0.8025871515274048,-0.04887984320521355,0.9958330988883972,0.6114939451217651,0.8052145838737488,-0.0489676371216774,0.9972565174102783,0.6024168729782104,0.8002153635025024,-0.1356356143951416,0.9921334385871887,0.6033605337142944,0.8158330917358398,-0.05810520052909851,0.9960759282112122,0.5973213315010071,0.790223240852356,-0.06400267779827118,0.9868621826171875,0.5974146127700806,0.7952750325202942,-0.04165042191743851,0.9874967336654663,0.5523903369903564,0.7766856551170349,-0.16678397357463837,0.9952654838562012,0.5655671954154968,0.8404169678688049,0.006166198290884495,0.9990605115890503,0.5413352251052856,0.7125968337059021,-0.06522641330957413,0.7185937166213989,0.5652822852134705,0.7950493097305298,0.15998399257659912,0.03896702080965042,0.57020503282547,0.7101227045059204,0.11465557664632797,0.5608545541763306,0.5909818410873413,0.7455770373344421,0.25032731890678406,0.27251020073890686,0.5849460959434509,0.7149069309234619,0.1163131594657898,0.6354355216026306,0.5977978110313416,0.7361140847206116,0.26965856552124023,0.4173455238342285,0.5897952914237976,0.7254734635353088,0.10959409177303314,0.6680876016616821,0.5989606380462646,0.7395846843719482,0.24406763911247253,0.4469783306121826,0.585573673248291,0.7293073534965515,0.11605580151081085,0.6491623520851135,0.5953397154808044,0.7415343523025513,0.24353782832622528,0.4480144679546356,0.45606809854507446,0.7262489199638367,-0.08807243406772614,0.9995331168174744,0.46105265617370605,0.7598275542259216,0.08802344650030136,0.9997061491012573,0.4878055155277252,0.6096333265304565,-0.08083685487508774,0.9853472709655762,0.47553348541259766,0.6502636671066284,0.1505030244588852,0.10361398011445999,0.40832751989364624,0.6842639446258545,-0.027391785755753517,0.9780740141868591,0.4041736125946045,0.6957197189331055,0.20695006847381592,0.17045697569847107,0.40049996972084045,0.7103049159049988,-0.016882147639989853,0.9688966870307922,0.4026413857936859,0.708202600479126,0.20972983539104462,0.19106905162334442,0.36965906620025635,0.699130654335022,0.035044752061367035,0.9743047952651978,0.37343403697013855,0.7007346749305725,0.22711603343486786,0.18770235776901245
357,0.6071346998214722,0.790863037109375,-0.04095883294939995,0.9961547255516052,0.611828625202179,0.795125424861908,-0.06527477502822876,0.9972397089004517,0.6112838387489319,0.7945959568023682,-0.06516708433628082,0.9970057010650635,0.6107174754142761,0.7938880324363708,-0.06515644490718842,0.9966244697570801,0.6121620535850525,0.7997665405273438,-0.047757312655448914,0.9953826069831848,0.6117791533470154,0.8025868535041809,-0.0478520542383194,0.9958773851394653,0.6114431619644165,0.8052123785018921,-0.047939591109752655,0.9972957372665405,0.6022984981536865,0.8002111315727234,-0.13544344902038574,0.9922003746032715,0.6033285856246948,0.8157966136932373,-0.057462334632873535,0.9961205720901489,0.5972880721092224,0.7902265787124634,-0.06303983926773071,0.9869071245193481,0.597399115562439,0.7952751517295837,-0.04057014733552933,0.9875322580337524,0.5524076819419861,0.7766782641410828,-0.16675706207752228,0.9952676892280579,0.5655689835548401,0.8404228687286377,0.006442843936383724,0.9990578293800354,0.5414270162582397,0.7124218344688416,-0.06551700085401535,0.7191907167434692,0.5652761459350586,0.7951040267944336,0.16084377467632294,0.03893052786588669,0.5702182054519653,0.7096916437149048,0.11370375007390976,0.5606702566146851,0.59097820520401,0.7458820939064026,0.2527150809764862,0.2715665102005005,0.5851089358329773,0.7150585651397705,0.11537383496761322,0.6350003480911255,0.5977922081947327,0.7365301847457886,0.2722753584384918,0.41650092601776123,0.5899238586425781,0.7254701256752014,0.10867005586624146,0.6677294969558716,0.5989803671836853,0.7395907640457153,0.24638092517852783,0.44615882635116577,0.5855795741081238,0.7294189929962158,0.11514899879693985,0.648714542388916,0.5953279733657837,0.7424027919769287,0.24586224555969238,0.4473523497581482,0.4560772478580475,0.7262414693832397,-0.08810491859912872,0.999526858329773,0.46104758977890015,0.759817898273468,0.08805806934833527,0.9997053742408752,0.4880037307739258,0.6090708374977112,-0.08111520111560822,0.9852306842803955,0.4751835763454437,0.6501769423484802,0.14814616739749908,0.10329070687294006,0.4084039628505707,0.6839689016342163,-0.027545828372240067,0.9780285954475403,0.40391573309898376,0.6955081820487976,0.20215335488319397,0.1698276400566101,0.4005679190158844,0.7103480100631714,-0.017085690051317215,0.9689043164253235,0.40229710936546326,0.7079079747200012,0.2047499120235443,0.19063526391983032,0.36963051557540894,0.6991939544677734,0.03489289432764053,0.9742560386657715,0.3730354905128479,0.7005033493041992,0.21997573971748352,0.18681688606739044
358,0.6071162819862366,0.7909478545188904,-0.03140805661678314,0.9961390495300293,0.6118111610412598,0.7951787114143372,-0.055900685489177704,0.9972324967384338,0.6112663149833679,0.7946495413780212,-0.05579223483800888,0.9969974756240845,0.6106997728347778,0.7939404249191284,-0.05578046292066574,0.9966120719909668,0.612129807472229,0.7998061776161194,-0.038677576929330826,0.9953413009643555,0.6117448806762695,0.8026123046875,-0.038771338760852814,0.9958428144454956,0.6114081740379333,0.8052250146865845,-0.038859277963638306,0.9972841739654541,0.6022869348526001,0.8002336025238037,-0.12684592604637146,0.9921502470970154,0.6033204197883606,0.8157883286476135,-0.04954502359032631,0.9961068630218506,0.5972687602043152,0.7903143167495728,-0.053537607192993164,0.98677659034729,0.5973801612854004,0.7953274846076965,-0.03144014626741409,0.9873459339141846,0.5524773597717285,0.776692271232605,-0.15904584527015686,0.9950900673866272,0.5652098059654236,0.8401457071304321,0.012441097758710384,0.9990401268005371,0.5429427027702332,0.7124181389808655,-0.060472577810287476,0.7162771821022034,0.565437912940979,0.795464277267456,0.16486291587352753,0.03927048668265343,0.5702270269393921,0.7095503211021423,0.11548206955194473,0.5531451106071472,0.5910896062850952,0.7464296817779541,0.25378039479255676,0.27254369854927063,0.578612744808197,0.7071195244789124,0.11740275472402573,0.6279266476631165,0.5978257656097412,0.7370920777320862,0.2731146514415741,0.41754308342933655,0.5896751284599304,0.7261421084403992,0.11050288379192352,0.660969614982605,0.5990446209907532,0.7395855188369751,0.24723482131958008,0.44733715057373047,0.5805493593215942,0.7210002541542053,0.1168602705001831,0.6427353024482727,0.5953347086906433,0.7429402470588684,0.24691712856292725,0.4483214318752289,0.4560788571834564,0.7262148261070251,-0.08810441941022873,0.9995132684707642,0.46089521050453186,0.7597004771232605,0.08805777877569199,0.9997007846832275,0.4884178638458252,0.6085341572761536,-0.08113766461610794,0.9851714968681335,0.4758109152317047,0.6502058506011963,0.14771121740341187,0.1035805493593216,0.4084891378879547,0.6838459372520447,-0.02929505705833435,0.9779712557792664,0.404005765914917,0.6964267492294312,0.19694116711616516,0.16926603019237518,0.4006269574165344,0.7103357911109924,-0.019321013242006302,0.968846321105957,0.40229660272598267,0.70896977186203,0.19897037744522095,0.19044747948646545,0.36961206793785095,0.6994093060493469,0.031225129961967468,0.9741202592849731,0.37292158603668213,0.702103853225708,0.2120344340801239,0.18622884154319763
359,0.6071130037307739,0.7912642955780029,-0.03661336749792099,0.9960708022117615,0.6118103265762329,0.7952636480331421,-0.06083429604768753,0.9971752166748047,0.6112641096115112,0.7946863174438477,-0.060724567621946335,0.9969247579574585,0.6106959581375122,0.7939474582672119,-0.060705602169036865,0.9965251684188843,0.612127423286438,0.8000446557998657,-0.044209666550159454,0.9952380061149597,0.6117423176765442,0.8028749823570251,-0.044305045157670975,0.9957427978515625,0.6114057302474976,0.8054927587509155,-0.044399444013834,0.9972273111343384,0.6022675633430481,0.8001754879951477,-0.13013345003128052,0.9918686151504517,0.6033188700675964,0.8158867359161377,-0.05564666539430618,0.9959960579872131,0.5972690582275391,0.7905364632606506,-0.05796998739242554,0.9862060546875,0.5973796844482422,0.7958191633224487,-0.03667235001921654,0.9869202375411987,0.5524841547012329,0.7766384482383728,-0.1601559817790985,0.994949460029602,0.5657921433448792,0.8408705592155457,0.006458059884607792,0.9990149140357971,0.5443581342697144,0.7114985585212708,-0.06141792610287666,0.7159910202026367,0.5663853883743286,0.796772837638855,0.15702809393405914,0.03947890177369118,0.5712085962295532,0.7091667652130127,0.11540055274963379,0.5518897771835327,0.5913547277450562,0.7469886541366577,0.2414071261882782,0.2730753719806671,0.578206479549408,0.7040165662765503,0.11689481884241104,0.6265310049057007,0.5980361700057983,0.7374860048294067,0.259298712015152,0.4179221987724304,0.5899918675422668,0.7260513305664062,0.10993413627147675,0.6597690582275391,0.5993947982788086,0.7395929098129272,0.23248672485351562,0.447873055934906,0.5824458003044128,0.7240453958511353,0.11666025966405869,0.6420313715934753,0.5955731868743896,0.7432180643081665,0.23411273956298828,0.4489218592643738,0.45609956979751587,0.7262058258056641,-0.0881272554397583,0.9994974136352539,0.46126681566238403,0.7599066495895386,0.08808012306690216,0.9996935725212097,0.4886884093284607,0.6082718372344971,-0.08256512880325317,0.9853127002716064,0.47641754150390625,0.6502763628959656,0.1443512737751007,0.10354822129011154,0.408686101436615,0.6835291981697083,-0.027229761704802513,0.9780622720718384,0.40424174070358276,0.694117546081543,0.1977093517780304,0.16910623013973236,0.40065425634384155,0.7092705965042114,-0.016385428607463837,0.9690262079238892,0.40239089727401733,0.7056636810302734,0.19943824410438538,0.1901208907365799,0.370043009519577,0.6975117921829224,0.03604371100664139,0.9740543365478516,0.3741926848888397,0.6970698833465576,0.21351459622383118,0.18543890118598938
360,0.6071507930755615,0.7917572259902954,-0.05459464713931084,0.9960806965827942,0.611830472946167,0.7956182360649109,-0.07950569689273834,0.9971840381622314,0.6112783551216125,0.7949606776237488,-0.07939860969781876,0.996925413608551,0.6107059717178345,0.7941439747810364,-0.07938314974308014,0.9965351223945618,0.6121681332588196,0.8005174994468689,-0.06218121573328972,0.995252788066864,0.611790657043457,0.8033163547515869,-0.06227694824337959,0.9957509636878967,0.6114705204963684,0.8058927059173584,-0.06236271187663078,0.997238039970398,0.6022766828536987,0.8002007007598877,-0.15034042298793793,0.9918806552886963,0.6033951044082642,0.816064715385437,-0.07256581634283066,0.9959774017333984,0.5972821712493896,0.7908043265342712,-0.0762736052274704,0.9862015247344971,0.5974313020706177,0.7962276935577393,-0.05408163741230965,0.9869590997695923,0.5524864196777344,0.7766260504722595,-0.17822209000587463,0.9949281811714172,0.5660579204559326,0.8414047360420227,-0.006770250387489796,0.9989988803863525,0.5434380769729614,0.7121838927268982,-0.0773187056183815,0.7165546417236328,0.5665809512138367,0.797947108745575,0.1488809585571289,0.03921148553490639,0.5711630582809448,0.7092364430427551,0.10008032619953156,0.5527178049087524,0.5915615558624268,0.7481196522712708,0.23608243465423584,0.2728801667690277,0.576865017414093,0.7033926844596863,0.10048449039459229,0.6271408200263977,0.5982496738433838,0.7383454442024231,0.25358301401138306,0.4184778034687042,0.5898241996765137,0.7262675762176514,0.09318748861551285,0.6604713201522827,0.5992932319641113,0.7417792081832886,0.2267577201128006,0.44849032163619995,0.5806083083152771,0.7205877900123596,0.10131506621837616,0.6425555348396301,0.5955976247787476,0.7413660883903503,0.22876742482185364,0.4494863450527191,0.4561057686805725,0.726152241230011,-0.08839886635541916,0.9994983077049255,0.4617183208465576,0.7600204944610596,0.0883537009358406,0.9996915459632874,0.48873966932296753,0.6098501086235046,-0.08200916647911072,0.9852631688117981,0.47684359550476074,0.6509341597557068,0.14778783917427063,0.10472371429204941,0.4089738428592682,0.6829239130020142,-0.022418608888983727,0.9782629013061523,0.40612083673477173,0.6931935548782349,0.20561787486076355,0.17351363599300385,0.40070533752441406,0.70849609375,-0.011115340515971184,0.9693038463592529,0.4038759768009186,0.7044342756271362,0.20884744822978973,0.19456656277179718,0.3704114556312561,0.6963881254196167,0.04097304865717888,0.9741912484169006,0.37777361273765564,0.6939413547515869,0.22424371540546417,0.1887715756893158
361,0.607231080532074,0.7917535305023193,-0.05562926456332207,0.9961040019989014,0.611855685710907,0.7956172227859497,-0.08074329793453217,0.9971955418586731,0.6112898588180542,0.794959306716919,-0.08063317090272903,0.9969327449798584,0.6107090711593628,0.7941405177116394,-0.08061576634645462,0.9965444803237915,0.6122208833694458,0.8005139827728271,-0.06327811628580093,0.9952547550201416,0.6118530035018921,0.8033114075660706,-0.06337522715330124,0.99575275182724,0.6115432977676392,0.8058854937553406,-0.06346366554498672,0.9972482919692993,0.6022750735282898,0.8001725673675537,-0.15197119116783142,0.991886556148529,0.6034759283065796,0.8160429000854492,-0.07362059503793716,0.9959651231765747,0.5972931981086731,0.7907822728157043,-0.07740767300128937,0.986243486404419,0.5974879860877991,0.796206533908844,-0.055044420063495636,0.9869962930679321,0.5524687170982361,0.7766173481941223,-0.18006423115730286,0.9949026107788086,0.5663377046585083,0.8415042757987976,-0.008372444659471512,0.9989948868751526,0.5426624417304993,0.7123308777809143,-0.07917053252458572,0.7188672423362732,0.5668758153915405,0.7986305356025696,0.14687515795230865,0.039715636521577835,0.5706802606582642,0.7091084718704224,0.09762787073850632,0.5555433630943298,0.5916327834129333,0.7484279274940491,0.23272578418254852,0.2771286964416504,0.5751267671585083,0.70232093334198,0.0981190949678421,0.6295356750488281,0.5982874631881714,0.7385115027427673,0.2500907778739929,0.42323628067970276,0.5899978280067444,0.7260505557060242,0.09094201773405075,0.6629102230072021,0.5995012521743774,0.7417379021644592,0.22323279082775116,0.45333653688430786,0.5788253545761108,0.7181835770606995,0.0989409014582634,0.6449183225631714,0.5956666469573975,0.7424759268760681,0.22538073360919952,0.4541419744491577,0.45610126852989197,0.726190984249115,-0.08842308819293976,0.9994988441467285,0.46204298734664917,0.7600818276405334,0.08837778866291046,0.9996907711029053,0.48639315366744995,0.5973227620124817,-0.08190266788005829,0.9853227138519287,0.4769006371498108,0.6513110995292664,0.14792388677597046,0.10679315775632858,0.40907177329063416,0.682744026184082,-0.020821021869778633,0.9786376357078552,0.406394898891449,0.693047285079956,0.2069428712129593,0.17859888076782227,0.4008013606071472,0.7082459926605225,-0.009446538053452969,0.9698144793510437,0.4042912423610687,0.7045125961303711,0.2106848955154419,0.19997189939022064,0.3705553710460663,0.6957125067710876,0.043154310435056686,0.9745891094207764,0.3776060938835144,0.6943455338478088,0.2274579256772995,0.19325190782546997
362,0.60743647813797,0.7918197512626648,-0.05154474824666977,0.9961826205253601,0.6120150089263916,0.7957245111465454,-0.07661747932434082,0.9972434043884277,0.6114452481269836,0.7950683236122131,-0.07650696486234665,0.9969804883003235,0.6108636856079102,0.7942482829093933,-0.07648945599794388,0.9966009855270386,0.612343430519104,0.8006235957145691,-0.05905478447675705,0.9953376054763794,0.6119503378868103,0.8034117817878723,-0.059151507914066315,0.9958274960517883,0.6116310358047485,0.8059706091880798,-0.05924172326922417,0.9973007440567017,0.6024073362350464,0.8002442121505737,-0.14815504848957062,0.9920126795768738,0.6035507917404175,0.8160571455955505,-0.06946233659982681,0.9960295557975769,0.5974298715591431,0.790833592414856,-0.07352874428033829,0.9864462018013,0.5976008772850037,0.7962635159492493,-0.05107349157333374,0.9872204661369324,0.5525308847427368,0.776549220085144,-0.1771201342344284,0.9949105978012085,0.5663433074951172,0.8414891362190247,-0.005130344070494175,0.9989954233169556,0.5426730513572693,0.71242755651474,-0.07902012765407562,0.7201627492904663,0.567028284072876,0.7992460131645203,0.14761611819267273,0.0401388444006443,0.5705938935279846,0.7091334462165833,0.0924161747097969,0.5530107021331787,0.5919822454452515,0.7496196031570435,0.23823611438274384,0.2793050706386566,0.5748507976531982,0.7026222944259644,0.09259927272796631,0.6274005770683289,0.5985649824142456,0.7396965026855469,0.2564370334148407,0.42606016993522644,0.5898329615592957,0.7263766527175903,0.08563800156116486,0.6608852744102478,0.5993468165397644,0.7431287169456482,0.22925670444965363,0.4562093913555145,0.578332245349884,0.7178189158439636,0.09364407509565353,0.6429904699325562,0.59583580493927,0.7417368292808533,0.23105747997760773,0.45662784576416016,0.45610958337783813,0.7258797883987427,-0.08866618573665619,0.9994997382164001,0.46222519874572754,0.7600581049919128,0.0886254608631134,0.9996917843818665,0.4847625195980072,0.5913575291633606,-0.08166278898715973,0.9854023456573486,0.4771341383457184,0.6516339182853699,0.14818140864372253,0.10830357670783997,0.4092036187648773,0.6825708150863647,-0.021916372701525688,0.9788385033607483,0.4069503843784332,0.6927170157432556,0.20686808228492737,0.1808711290359497,0.4010910093784332,0.7083269953727722,-0.010752822272479534,0.970102846622467,0.40465623140335083,0.7040550112724304,0.21051892638206482,0.2023555338382721,0.371351957321167,0.6957957744598389,0.04189988225698471,0.9747264981269836,0.37828928232192993,0.6939826607704163,0.2267327606678009,0.1949959695339203
363,0.6078008413314819,0.7917453050613403,-0.06020931154489517,0.9961894750595093,0.6123023629188538,0.7956960797309875,-0.08465947210788727,0.9972326755523682,0.6117083430290222,0.7950491309165955,-0.0845540463924408,0.9969601035118103,0.6111087203025818,0.7942361235618591,-0.08453946560621262,0.9965890049934387,0.6126465201377869,0.8005930185317993,-0.06734178960323334,0.9953396916389465,0.6122316718101501,0.803389847278595,-0.0674365907907486,0.9958267211914062,0.6119070649147034,0.8059561252593994,-0.06752164661884308,0.9973005056381226,0.6026126742362976,0.8002456426620483,-0.15469184517860413,0.9920052289962769,0.6037719249725342,0.8160437345504761,-0.07677609473466873,0.9959874153137207,0.5976768732070923,0.79079669713974,-0.08171519637107849,0.9863969683647156,0.5978365540504456,0.7962192893028259,-0.05947737768292427,0.9872510433197021,0.5525328516960144,0.7765185236930847,-0.18336603045463562,0.9949533939361572,0.5666319727897644,0.8414780497550964,-0.011027233675122261,0.9989868402481079,0.5422090291976929,0.7131628394126892,-0.08543551713228226,0.7221278548240662,0.5675036907196045,0.7993687987327576,0.1411348283290863,0.04014209657907486,0.5703901052474976,0.709166944026947,0.087000772356987,0.5553847551345825,0.5921916961669922,0.7496556043624878,0.22692474722862244,0.27996429800987244,0.5745886564254761,0.7025617361068726,0.08685679733753204,0.6295623183250427,0.5987262725830078,0.7396657466888428,0.2442413866519928,0.42740878462791443,0.5896068811416626,0.7264999151229858,0.07968834042549133,0.6628062725067139,0.5994321703910828,0.7426108121871948,0.21745292842388153,0.45741766691207886,0.5781508088111877,0.7177678346633911,0.08817624300718307,0.6443779468536377,0.5958771109580994,0.7403064370155334,0.2196258008480072,0.4576500654220581,0.4561373293399811,0.7259387969970703,-0.08885817974805832,0.9995107650756836,0.462988942861557,0.760166347026825,0.08881649374961853,0.9996935129165649,0.485307514667511,0.6029202938079834,-0.08133608102798462,0.9858235120773315,0.4775857925415039,0.6524049639701843,0.1569787710905075,0.10993364453315735,0.4092020094394684,0.6825454235076904,-0.02179187349975109,0.9793115258216858,0.4096035063266754,0.6925166249275208,0.2131437510251999,0.18434609472751617,0.401088148355484,0.7085142731666565,-0.010599728673696518,0.9705237746238708,0.40672293305397034,0.7033665180206299,0.21650782227516174,0.20489302277565002,0.3713333010673523,0.695285439491272,0.04239809885621071,0.9751081466674805,0.3825286030769348,0.6925106644630432,0.2342958003282547,0.19729763269424438
364,0.6078580617904663,0.7917473912239075,-0.06540768593549728,0.9962092041969299,0.6123144626617432,0.7957296967506409,-0.09009136259555817,0.9972578287124634,0.6117149591445923,0.7950859665870667,-0.08998321741819382,0.9969934225082397,0.6111122965812683,0.7942721247673035,-0.08996700495481491,0.9966315031051636,0.6126765012741089,0.8006227612495422,-0.0718526691198349,0.9953590035438538,0.612263560295105,0.8034220337867737,-0.0719449520111084,0.9958423376083374,0.6119447946548462,0.8059888482093811,-0.07202690839767456,0.9973136186599731,0.6026227474212646,0.8002855777740479,-0.15903277695178986,0.9920880794525146,0.6037742495536804,0.8161738514900208,-0.07742709666490555,0.9959821105003357,0.5977092981338501,0.7908021807670593,-0.08646134287118912,0.9864665269851685,0.5978652238845825,0.7962241768836975,-0.06310494989156723,0.9872769117355347,0.5523468255996704,0.7765020132064819,-0.1876540631055832,0.9949871301651001,0.5666434168815613,0.8414669632911682,-0.00912918709218502,0.998970091342926,0.5416515469551086,0.7130469083786011,-0.09180079400539398,0.7266287803649902,0.5674563050270081,0.7988213300704956,0.14510516822338104,0.03992697224020958,0.5704413652420044,0.7091730833053589,0.08039121329784393,0.5627390742301941,0.5922478437423706,0.7492601871490479,0.23098358511924744,0.28092992305755615,0.5749975442886353,0.7027164101600647,0.07989368587732315,0.635959804058075,0.5988895893096924,0.7392516732215881,0.24816694855690002,0.42850300669670105,0.5896952748298645,0.7265288829803467,0.07204098999500275,0.6688970327377319,0.5995908975601196,0.7424952387809753,0.22168564796447754,0.45856547355651855,0.5828824043273926,0.7239600419998169,0.08138276636600494,0.6499052047729492,0.595879316329956,0.7420657277107239,0.22371821105480194,0.4588603079319,0.45579537749290466,0.7259798049926758,-0.08909043669700623,0.9995060563087463,0.46307238936424255,0.7601682543754578,0.08905556797981262,0.999687671661377,0.48641133308410645,0.6068495512008667,-0.08450981229543686,0.9860151410102844,0.4778560698032379,0.6523932218551636,0.1535549908876419,0.11264271289110184,0.4092026352882385,0.682507336139679,-0.022056246176362038,0.9795677661895752,0.4095929265022278,0.6920706629753113,0.21168172359466553,0.1877143234014511,0.40094953775405884,0.708347737789154,-0.010747166350483894,0.9707102179527283,0.4067918360233307,0.7031023502349854,0.21521739661693573,0.2081006020307541,0.37205395102500916,0.6951504349708557,0.04240821301937103,0.9753389954566956,0.3821970522403717,0.6925647854804993,0.233602374792099,0.1999160498380661
365,0.6079016327857971,0.7917293310165405,-0.06536713242530823,0.9962548017501831,0.6123172044754028,0.7957277297973633,-0.09046509116888046,0.9973040223121643,0.6117144823074341,0.7950851321220398,-0.09035487473011017,0.9970484375953674,0.6111070513725281,0.7942715883255005,-0.09033950418233871,0.9966992735862732,0.6126965284347534,0.8006152510643005,-0.07199651002883911,0.9954043626785278,0.6122840642929077,0.8034124374389648,-0.07208961248397827,0.9958805441856384,0.6119687557220459,0.8059769868850708,-0.07217158377170563,0.9973461031913757,0.60260409116745,0.8002789616584778,-0.1602749526500702,0.9922376871109009,0.603777289390564,0.8161776065826416,-0.07752268016338348,0.996006190776825,0.5977195501327515,0.7907867431640625,-0.08661282807588577,0.9867358803749084,0.5978902578353882,0.7961982488632202,-0.06298156827688217,0.9874281287193298,0.5520678758621216,0.7764183878898621,-0.18856510519981384,0.9950665831565857,0.5667647123336792,0.8413490056991577,-0.008362052962183952,0.9989681243896484,0.5405547618865967,0.7130424976348877,-0.0924578458070755,0.7311813235282898,0.5674440860748291,0.7987931966781616,0.14701899886131287,0.040401753038167953,0.5703670382499695,0.7091776132583618,0.080634206533432,0.5688385367393494,0.5923838019371033,0.7492052912712097,0.23342128098011017,0.2845323979854584,0.5750864744186401,0.7027542591094971,0.0806935653090477,0.641028642654419,0.5991376638412476,0.7391740083694458,0.25089627504348755,0.4323248565196991,0.5897603034973145,0.7265871167182922,0.07318814843893051,0.6737945079803467,0.5998330116271973,0.7424163222312927,0.22449776530265808,0.46254271268844604,0.5849378108978271,0.7266663908958435,0.08191251754760742,0.6544238328933716,0.5959200859069824,0.7430823445320129,0.22620709240436554,0.4627942442893982,0.4556664824485779,0.7259787321090698,-0.08939586579799652,0.9995021224021912,0.4629672169685364,0.7599177956581116,0.08936924487352371,0.9996817708015442,0.4871138632297516,0.6091296672821045,-0.08624274283647537,0.985984742641449,0.47771796584129333,0.6489664316177368,0.1534050852060318,0.11512211710214615,0.40927815437316895,0.6824854612350464,-0.022929247468709946,0.9798572659492493,0.40945911407470703,0.6924999952316284,0.21509487926959991,0.19302953779697418,0.400901734828949,0.708326518535614,-0.011599133722484112,0.9709463119506836,0.4066837430000305,0.70419842004776,0.21937799453735352,0.21398340165615082,0.37203556299209595,0.6950092315673828,0.03953469172120094,0.9756686091423035,0.3818715810775757,0.6936431527137756,0.23820817470550537,0.2051876336336136
366,0.6079901456832886,0.791716456413269,-0.06852397322654724,0.996277928352356,0.6123418807983398,0.7957601547241211,-0.09356193244457245,0.9973341226577759,0.6117233633995056,0.7951388955116272,-0.09345138072967529,0.9970905184745789,0.6111080050468445,0.7943440079689026,-0.09343728423118591,0.9967496395111084,0.6127543449401855,0.8006188869476318,-0.07484278827905655,0.9954244494438171,0.6123359799385071,0.8034142255783081,-0.07493490725755692,0.9958986043930054,0.6120196580886841,0.8059775829315186,-0.07501713186502457,0.997363269329071,0.6025862097740173,0.8004051446914673,-0.16234546899795532,0.9923560619354248,0.6037771105766296,0.8162700533866882,-0.07864724099636078,0.9960287809371948,0.5977324843406677,0.7907856702804565,-0.08936305344104767,0.9869039058685303,0.5979097485542297,0.7961702942848206,-0.0654413253068924,0.9875044226646423,0.5516746640205383,0.776419460773468,-0.19055619835853577,0.9950892329216003,0.5667849183082581,0.8410362601280212,-0.00862882100045681,0.99896240234375,0.5391806364059448,0.7127522826194763,-0.09663868695497513,0.7374684810638428,0.567264199256897,0.7981716990470886,0.14751335978507996,0.04101109504699707,0.57010817527771,0.7091811299324036,0.0736398845911026,0.5773251056671143,0.592381477355957,0.748467743396759,0.2328679859638214,0.2883613109588623,0.574995756149292,0.7028666734695435,0.07315725833177567,0.6478772163391113,0.5991578698158264,0.7383899688720703,0.2500118315219879,0.4357125461101532,0.5898476839065552,0.7266266345977783,0.06578543782234192,0.680263876914978,0.5998554825782776,0.7423859238624573,0.22390106320381165,0.4660109579563141,0.5858384966850281,0.7279094457626343,0.07488491386175156,0.6605124473571777,0.5958986282348633,0.7436965703964233,0.22569262981414795,0.4662637710571289,0.45532870292663574,0.7259827256202698,-0.08939899504184723,0.999488115310669,0.46276092529296875,0.7594791054725647,0.08937309682369232,0.9996724128723145,0.4865894317626953,0.5988962054252625,-0.08715946972370148,0.9859833717346191,0.4775926470756531,0.6464594006538391,0.1507091075181961,0.1185784712433815,0.40935808420181274,0.6824436187744141,-0.02132175862789154,0.9799614548683167,0.4089067876338959,0.6926456689834595,0.2136225402355194,0.19731362164020538,0.40087461471557617,0.7081486582756042,-0.00955384410917759,0.9710586667060852,0.4063771665096283,0.7047206163406372,0.21763229370117188,0.21826191246509552,0.3727095425128937,0.6950415372848511,0.04327411577105522,0.9757500886917114,0.3811255097389221,0.694458544254303,0.23668372631072998,0.20856283605098724
367,0.6080027222633362,0.7917450666427612,-0.06693370640277863,0.996211051940918,0.6123425960540771,0.7958193421363831,-0.09213406592607498,0.9972876906394958,0.6117218136787415,0.7951972484588623,-0.09202414005994797,0.9970471858978271,0.6111017465591431,0.7943964004516602,-0.09200920164585114,0.9967070817947388,0.6127556562423706,0.800680935382843,-0.07380298525094986,0.9953166246414185,0.6123372316360474,0.8034790754318237,-0.07389462739229202,0.9958006143569946,0.6120204329490662,0.8060404658317566,-0.07397852838039398,0.9973045587539673,0.6025251746177673,0.8004199266433716,-0.16197775304317474,0.9922683238983154,0.6037490367889404,0.8163902163505554,-0.07972454279661179,0.9959316849708557,0.597734272480011,0.7908117175102234,-0.08813882619142532,0.9867453575134277,0.5979117155075073,0.7961941361427307,-0.06466004252433777,0.987311065196991,0.5515638589859009,0.7763280868530273,-0.19154110550880432,0.9950352907180786,0.5668044686317444,0.8408641219139099,-0.010741433128714561,0.9989365339279175,0.5393356084823608,0.7126423120498657,-0.10032343864440918,0.7412077784538269,0.5673803091049194,0.7978600859642029,0.14019712805747986,0.04127349704504013,0.5701165199279785,0.709693968296051,0.0663648396730423,0.581096887588501,0.5923871994018555,0.748073399066925,0.2191961258649826,0.288779616355896,0.5750907063484192,0.7033635377883911,0.06443878263235092,0.6509657502174377,0.5991590619087219,0.737927258014679,0.23552747070789337,0.43592339754104614,0.5897344946861267,0.7269087433815002,0.0577273890376091,0.6831529140472412,0.599960207939148,0.7421442866325378,0.2093793898820877,0.4662802517414093,0.5819364786148071,0.7244576811790466,0.06752900034189224,0.6631957292556763,0.5959281325340271,0.7438928484916687,0.21188625693321228,0.46658656001091003,0.4549717307090759,0.7259848713874817,-0.08949919044971466,0.9994766712188721,0.46259012818336487,0.7593874335289001,0.0894760936498642,0.9996644854545593,0.4853232800960541,0.5948598980903625,-0.08814375102519989,0.9862534999847412,0.47762274742126465,0.6484472155570984,0.15043580532073975,0.12187858670949936,0.40935856103897095,0.6824439764022827,-0.020090341567993164,0.9803066253662109,0.4088326096534729,0.6928873062133789,0.21507880091667175,0.20060451328754425,0.40086039900779724,0.7081467509269714,-0.008070407435297966,0.971260666847229,0.40629807114601135,0.7049815058708191,0.2195916473865509,0.2203880101442337,0.3729453384876251,0.6950632333755493,0.044824715703725815,0.9759762287139893,0.38077062368392944,0.6949949264526367,0.23957404494285583,0.21071138978004456
368,0.6080131530761719,0.7916221022605896,-0.07247094810009003,0.996216893196106,0.612341046333313,0.7958176732063293,-0.09755595028400421,0.9972963333129883,0.6117111444473267,0.7951996326446533,-0.09744801372289658,0.9970645308494568,0.6110758781433105,0.7944133281707764,-0.09743662178516388,0.9967390894889832,0.6127573847770691,0.8006322979927063,-0.07913689315319061,0.9952973127365112,0.6123384237289429,0.8034142851829529,-0.07922770828008652,0.9957781434059143,0.6120214462280273,0.8059602975845337,-0.07930812984704971,0.9972915649414062,0.6023740172386169,0.8004931807518005,-0.16614308953285217,0.9923614859580994,0.6037175059318542,0.8163498640060425,-0.08343853056430817,0.9959147572517395,0.5977323055267334,0.7907162308692932,-0.09323029220104218,0.986943244934082,0.5979186296463013,0.7959492802619934,-0.06961546093225479,0.9874571561813354,0.5504699945449829,0.7759140729904175,-0.1952882558107376,0.9950751662254333,0.5668060183525085,0.840253472328186,-0.011875465512275696,0.9989321231842041,0.539222240447998,0.71236252784729,-0.10917641967535019,0.7462183833122253,0.5673675537109375,0.7967025637626648,0.1407167613506317,0.041723430156707764,0.5699057579040527,0.7096925377845764,0.04984325170516968,0.5876175165176392,0.5921812653541565,0.7474177479743958,0.22167523205280304,0.2895013093948364,0.5749001502990723,0.7034372687339783,0.046372365206480026,0.6566566228866577,0.5989311933517456,0.7374069094657898,0.23865368962287903,0.43634068965911865,0.589718759059906,0.7269243597984314,0.03969501703977585,0.688470184803009,0.599959671497345,0.7418944835662842,0.2121955156326294,0.4667111039161682,0.5837165713310242,0.7266797423362732,0.05078904703259468,0.6679756045341492,0.595888078212738,0.743948221206665,0.21435804665088654,0.46705740690231323,0.4545782208442688,0.7259969711303711,-0.08968197554349899,0.9994688034057617,0.4626621603965759,0.7594111561775208,0.08966676145792007,0.9996584057807922,0.48716792464256287,0.599785566329956,-0.08845194429159164,0.9865145087242126,0.47773855924606323,0.6496148705482483,0.1505993753671646,0.12572172284126282,0.40931931138038635,0.6824629902839661,-0.020468484610319138,0.980597198009491,0.40877485275268555,0.6937571167945862,0.21417231857776642,0.20389021933078766,0.40085864067077637,0.7085170745849609,-0.008637123741209507,0.9714381694793701,0.40625014901161194,0.7056944370269775,0.21847423911094666,0.22259321808815002,0.3731209337711334,0.6950862407684326,0.04447462037205696,0.9761443734169006,0.3805806636810303,0.6961306929588318,0.237787127494812,0.21265245974063873
369,0.608091413974762,0.7916079163551331,-0.07418348640203476,0.9961844682693481,0.6123776435852051,0.7958677411079407,-0.09952575713396072,0.9972817897796631,0.6117299795150757,0.7952771782875061,-0.09941624104976654,0.9970547556877136,0.611082136631012,0.794521152973175,-0.09940417855978012,0.9967371225357056,0.6128147840499878,0.8006508946418762,-0.08132695406675339,0.9952379465103149,0.61238694190979,0.8034305572509766,-0.08141808211803436,0.9957177639007568,0.6120619177818298,0.8059751987457275,-0.08149611204862595,0.9972527623176575,0.602319598197937,0.8007190823554993,-0.16885825991630554,0.992379903793335,0.6036854386329651,0.816377580165863,-0.08690983057022095,0.9958773255348206,0.5977540612220764,0.790700376033783,-0.09514433890581131,0.9870267510414124,0.5979701280593872,0.795910120010376,-0.0717606395483017,0.9875214099884033,0.5500494241714478,0.775466799736023,-0.19802674651145935,0.9950385093688965,0.5667033195495605,0.8399879932403564,-0.01612810045480728,0.9989206790924072,0.5393107533454895,0.712375283241272,-0.12033994495868683,0.7480846643447876,0.5674386620521545,0.7965371012687683,0.13752572238445282,0.04190083593130112,0.5699073076248169,0.7097175717353821,0.026555273681879044,0.592272162437439,0.5921766757965088,0.7473652958869934,0.2195446789264679,0.2910979986190796,0.5749005079269409,0.7034961581230164,0.020866379141807556,0.6614815592765808,0.5989176034927368,0.7373711466789246,0.23614445328712463,0.4382702708244324,0.5897121429443359,0.7269766330718994,0.014589088968932629,0.6929694414138794,0.5999579429626465,0.7418460249900818,0.2090309113264084,0.4686497151851654,0.5809608697891235,0.7219924926757812,0.027210915461182594,0.6720433831214905,0.5958511829376221,0.7441256642341614,0.21204359829425812,0.4688376188278198,0.4545879364013672,0.725810706615448,-0.08969854563474655,0.9994677305221558,0.4627388119697571,0.7594003677368164,0.08968399465084076,0.9996565580368042,0.48618584871292114,0.5926024317741394,-0.08958057314157486,0.9867446422576904,0.47773295640945435,0.6501455903053284,0.14990577101707458,0.13001790642738342,0.4093267023563385,0.6822068691253662,-0.017920877784490585,0.9807510375976562,0.40875372290611267,0.6937578916549683,0.21466271579265594,0.20693044364452362,0.40097397565841675,0.7081514000892639,-0.00542092602699995,0.9714118838310242,0.406230628490448,0.7056936025619507,0.21926650404930115,0.2239513099193573,0.3730475604534149,0.6950418949127197,0.04767174646258354,0.9761015772819519,0.38049671053886414,0.6961427927017212,0.23817987740039825,0.21352489292621613
370,0.6080940961837769,0.7915512919425964,-0.07520262897014618,0.9961423277854919,0.6123794317245483,0.7958972454071045,-0.10050425678491592,0.9972507953643799,0.6117297410964966,0.795352041721344,-0.10039693117141724,0.9970271587371826,0.6110779047012329,0.7946590781211853,-0.1003880724310875,0.996721625328064,0.6128212213516235,0.8006496429443359,-0.08198269456624985,0.9951557517051697,0.6123930215835571,0.8034270405769348,-0.08207614719867706,0.9956424236297607,0.6120672225952148,0.8059706091880798,-0.0821559876203537,0.9972109794616699,0.6022378206253052,0.8011060357093811,-0.16997401416301727,0.9923675656318665,0.6036439538002014,0.8163917064666748,-0.08670969307422638,0.9958069920539856,0.5977457165718079,0.7906800508499146,-0.09632913023233414,0.9871243834495544,0.59797203540802,0.7957847714424133,-0.07254739105701447,0.9875618815422058,0.5500890016555786,0.7755089998245239,-0.19915176928043365,0.9950253367424011,0.5666652917861938,0.8396693468093872,-0.015492545440793037,0.9989137053489685,0.5384480357170105,0.7130144834518433,-0.1189594492316246,0.7495575547218323,0.567283034324646,0.7952371835708618,0.13911065459251404,0.042011965066194534,0.5690255761146545,0.7095827460289001,0.033088408410549164,0.5957604646682739,0.5918797254562378,0.7461375594139099,0.22243952751159668,0.2914573550224304,0.5739548802375793,0.7030263543128967,0.028634166345000267,0.6649266481399536,0.598615288734436,0.7361517548561096,0.23938795924186707,0.4389616549015045,0.58971107006073,0.7269445061683655,0.0224703848361969,0.6961552500724792,0.5997258424758911,0.7410979866981506,0.21248145401477814,0.46929261088371277,0.5831839442253113,0.7252193093299866,0.03408210724592209,0.6745515465736389,0.5958426594734192,0.7419336438179016,0.21501395106315613,0.4695701003074646,0.4547904133796692,0.7258898019790649,-0.0897107645869255,0.9994624257087708,0.46310415863990784,0.7593986988067627,0.08969894796609879,0.9996519088745117,0.4847630560398102,0.5915558338165283,-0.09221327304840088,0.9869663715362549,0.47770991921424866,0.6506779193878174,0.1499127447605133,0.13434483110904694,0.40930765867233276,0.6821678876876831,-0.01823132112622261,0.981002926826477,0.4087320864200592,0.693759024143219,0.2162317931652069,0.21118760108947754,0.4010312557220459,0.7081423401832581,-0.0057727256789803505,0.9715893864631653,0.40618523955345154,0.7056946158409119,0.2210007905960083,0.2266477644443512,0.3729548156261444,0.6949689388275146,0.04627819359302521,0.9762572646141052,0.38036948442459106,0.6961433291435242,0.23929524421691895,0.2160916030406952
371,0.6080633997917175,0.7916276454925537,-0.07406823337078094,0.996080219745636,0.6123716235160828,0.7961581945419312,-0.10029880702495575,0.9971910119056702,0.6117237210273743,0.7956417798995972,-0.100178062915802,0.9969513416290283,0.6110725402832031,0.7949671149253845,-0.10016372054815292,0.9966638088226318,0.6128004193305969,0.800843358039856,-0.08106331527233124,0.9950756430625916,0.6123704314231873,0.8035910129547119,-0.0811534970998764,0.9955574870109558,0.6120415329933167,0.8061040639877319,-0.08122669160366058,0.9971705079078674,0.6022248268127441,0.8014232516288757,-0.16744275391101837,0.9922226667404175,0.6035988926887512,0.81648850440979,-0.08594594895839691,0.9956943392753601,0.5977128744125366,0.7907474637031555,-0.0958864688873291,0.9869144558906555,0.5979230403900146,0.7958217859268188,-0.07135999947786331,0.9873600602149963,0.5501294136047363,0.7754997611045837,-0.19530579447746277,0.9949269890785217,0.566473126411438,0.8396324515342712,-0.014370153658092022,0.9988881349563599,0.5385666489601135,0.7133539915084839,-0.10141336917877197,0.7490066289901733,0.5671870708465576,0.7949076294898987,0.13834571838378906,0.041833169758319855,0.5687935948371887,0.7095983624458313,0.06771525740623474,0.5931719541549683,0.5917784571647644,0.7458703517913818,0.21918049454689026,0.28915512561798096,0.5735821723937988,0.7030436396598816,0.0668686255812645,0.6622375845909119,0.5984565615653992,0.7358148694038391,0.23552186787128448,0.4363761246204376,0.5895671844482422,0.7269460558891296,0.05979786440730095,0.6935473680496216,0.5996105074882507,0.7407029271125793,0.20918433368206024,0.4666231572628021,0.5792171359062195,0.7215195894241333,0.0688834935426712,0.6720894575119019,0.5956195592880249,0.7421045899391174,0.21183128654956818,0.4671423137187958,0.4547892212867737,0.7259014844894409,-0.08951576799154282,0.9994567036628723,0.4630887508392334,0.7593132853507996,0.08950740098953247,0.9996470808982849,0.48308461904525757,0.5911160707473755,-0.09166669100522995,0.9872081279754639,0.477729856967926,0.6510869264602661,0.15018434822559357,0.13638867437839508,0.4092327654361725,0.6821693778038025,-0.018705157563090324,0.9811121225357056,0.4094412326812744,0.6937673091888428,0.2164868414402008,0.21320369839668274,0.40103811025619507,0.7082211971282959,-0.00647715013474226,0.9715697169303894,0.4065566062927246,0.705673336982727,0.22114184498786926,0.22758415341377258,0.3731369972229004,0.6950375437736511,0.04584643989801407,0.9762319326400757,0.38199397921562195,0.6958332657814026,0.239478200674057,0.2174297273159027
372,0.6078637838363647,0.7917179465293884,-0.06660871207714081,0.9962408542633057,0.6122170686721802,0.7962324023246765,-0.09227219969034195,0.9973199367523193,0.6115866899490356,0.7956990003585815,-0.092166006565094,0.9970878958702087,0.6109415888786316,0.7950113415718079,-0.0921516939997673,0.9968183040618896,0.6126041412353516,0.8010165095329285,-0.07277928292751312,0.9953173398971558,0.6121900081634521,0.8038166165351868,-0.07286738604307175,0.9957683086395264,0.6118602156639099,0.806378185749054,-0.07293097674846649,0.9973035454750061,0.602139949798584,0.8014692068099976,-0.16223366558551788,0.9925938248634338,0.6033585667610168,0.8168943524360657,-0.07714395225048065,0.9959117770195007,0.5975852608680725,0.7908136248588562,-0.08876203000545502,0.9874714016914368,0.5977141857147217,0.7960172295570374,-0.06377032399177551,0.9879637956619263,0.5502254366874695,0.7754855751991272,-0.19094190001487732,0.9951155781745911,0.5650973320007324,0.8398275971412659,-0.007471853401511908,0.9989182353019714,0.5311861634254456,0.723518431186676,-0.09688787162303925,0.7513458132743835,0.5658230185508728,0.7961390614509583,0.15373215079307556,0.04148188605904579,0.5687776803970337,0.7095996141433716,0.07432518899440765,0.5938881635665894,0.5911262631416321,0.7477738261222839,0.24694161117076874,0.28737926483154297,0.5736751556396484,0.7030712366104126,0.07419952750205994,0.662038266658783,0.5980520844459534,0.7381526827812195,0.265485018491745,0.4340722858905792,0.5891854166984558,0.7269688844680786,0.06705178320407867,0.6931991577148438,0.5985407829284668,0.7432618737220764,0.23981264233589172,0.4642162621021271,0.5813285112380981,0.7257869839668274,0.07560088485479355,0.6716403365135193,0.594985842704773,0.7411912679672241,0.24012987315654755,0.4649888277053833,0.4547922611236572,0.7253981828689575,-0.08941381424665451,0.9994785785675049,0.46225208044052124,0.7592514753341675,0.08939382433891296,0.9996601343154907,0.4869638979434967,0.6001523733139038,-0.0811246782541275,0.9871922135353088,0.47789129614830017,0.6511391401290894,0.1569719761610031,0.13626743853092194,0.4094844460487366,0.6816861629486084,-0.01886739209294319,0.9810138940811157,0.4102422595024109,0.6918089985847473,0.2113131731748581,0.2154136747121811,0.40141353011131287,0.7070009112358093,-0.0071139587089419365,0.9717175960540771,0.40688666701316833,0.7025884389877319,0.21433298289775848,0.22948841750621796,0.37307828664779663,0.6948646306991577,0.0457770861685276,0.9762138724327087,0.38351911306381226,0.6895697116851807,0.2339155226945877,0.21999894082546234
373,0.607872486114502,0.7917400002479553,-0.06634640693664551,0.9963089823722839,0.6122192144393921,0.7963066101074219,-0.0917830541729927,0.9973855018615723,0.6115862131118774,0.7957912683486938,-0.09167666733264923,0.9971586465835571,0.610935628414154,0.7951194643974304,-0.09166276454925537,0.9969004392623901,0.6126137971878052,0.8010696768760681,-0.07257436960935593,0.9954423308372498,0.6122010946273804,0.8038740158081055,-0.07266335189342499,0.9958744049072266,0.6118687391281128,0.8064374327659607,-0.07273020595312119,0.9973716735839844,0.6020463705062866,0.8016650676727295,-0.16138461232185364,0.9927800893783569,0.6033169627189636,0.8169795870780945,-0.07673842459917068,0.9960294365882874,0.5975846648216248,0.7908618450164795,-0.08826368302106857,0.9876368045806885,0.5977132320404053,0.7960649132728577,-0.0635920912027359,0.9882127642631531,0.549861490726471,0.7752007842063904,-0.1885959655046463,0.9951581358909607,0.5651240348815918,0.8400399088859558,-0.007461673114448786,0.9989269971847534,0.5337169170379639,0.7171251177787781,-0.09529145061969757,0.7544262409210205,0.565849244594574,0.7962234616279602,0.15303784608840942,0.04169244319200516,0.5688592195510864,0.7095556259155273,0.0754396915435791,0.5960316061973572,0.5911270380020142,0.7479535341262817,0.2445783168077469,0.28760993480682373,0.5738622546195984,0.7030871510505676,0.07482634484767914,0.6631156206130981,0.5980662107467651,0.7384361028671265,0.26328369975090027,0.43353867530822754,0.5890927314758301,0.7270244359970093,0.06795021891593933,0.6939986944198608,0.5984202027320862,0.7440745830535889,0.2362668514251709,0.46365126967430115,0.5828308463096619,0.7279188632965088,0.07667534798383713,0.6725332736968994,0.5949047803878784,0.7398420572280884,0.2372673749923706,0.4644986689090729,0.4547882676124573,0.7254158854484558,-0.08904516696929932,0.9994790554046631,0.46249550580978394,0.7592781186103821,0.08901479840278625,0.9996613264083862,0.48850783705711365,0.6036481857299805,-0.08191405236721039,0.9873605966567993,0.47826772928237915,0.6511467695236206,0.1543577015399933,0.1367010921239853,0.4094931483268738,0.6816979646682739,-0.019215207546949387,0.9809807538986206,0.4103444218635559,0.6915051937103271,0.2073986530303955,0.21488934755325317,0.4014398157596588,0.7067227959632874,-0.007473031524568796,0.9717833399772644,0.40692633390426636,0.702066957950592,0.2106468230485916,0.22818851470947266,0.37298303842544556,0.6948655247688293,0.04720904305577278,0.9761931300163269,0.3836510181427002,0.6896286010742188,0.2310108244419098,0.2195984274148941
374,0.6078729629516602,0.7918428182601929,-0.07482505589723587,0.996330201625824,0.6122044324874878,0.7964270710945129,-0.09979160130023956,0.9974185824394226,0.6115525960922241,0.7959003448486328,-0.09968452900648117,0.9971972107887268,0.6108738780021667,0.7952125072479248,-0.0996704250574112,0.9969466924667358,0.6126149296760559,0.8012303709983826,-0.08140887320041656,0.9954925179481506,0.6122020483016968,0.8040477633476257,-0.08149772882461548,0.9959138035774231,0.611869752407074,0.8066226840019226,-0.0815737396478653,0.9973940253257751,0.6017715334892273,0.8017271757125854,-0.16763296723365784,0.9928780198097229,0.603218138217926,0.8171240091323853,-0.0855412408709526,0.9960796236991882,0.5975543260574341,0.7909216284751892,-0.0954015702009201,0.9876817464828491,0.597696840763092,0.7961775064468384,-0.07184527814388275,0.9883347153663635,0.5491241216659546,0.7747634053230286,-0.19366182386875153,0.9952229857444763,0.5653057098388672,0.8401774168014526,-0.014760715886950493,0.9989289045333862,0.5340871214866638,0.7129409909248352,-0.10124319791793823,0.7601452469825745,0.566078782081604,0.7965012788772583,0.14107953011989594,0.04212421178817749,0.5689111948013306,0.7095886468887329,0.06752146780490875,0.6032745242118835,0.5911411046981812,0.7481227517127991,0.22601523995399475,0.28866690397262573,0.5741024017333984,0.7034749388694763,0.06519772112369537,0.6686221361160278,0.5981395244598389,0.7386224865913391,0.24314992129802704,0.43375182151794434,0.5889996290206909,0.7271566987037659,0.058530889451503754,0.6990604400634766,0.5986371636390686,0.7439845204353333,0.21658222377300262,0.46388712525367737,0.5835589170455933,0.7290610671043396,0.06855905801057816,0.6774919033050537,0.5948763489723206,0.7391890287399292,0.21875342726707458,0.4648229777812958,0.4547187387943268,0.7254312038421631,-0.08904196321964264,0.9994761943817139,0.4629272520542145,0.7593293786048889,0.089012011885643,0.999658465385437,0.4873305857181549,0.5960860848426819,-0.08365170657634735,0.9877310991287231,0.4784899652004242,0.65114426612854,0.15127936005592346,0.1385381817817688,0.409481942653656,0.6816981434822083,-0.018346432596445084,0.9812151789665222,0.41049838066101074,0.6915038228034973,0.20744049549102783,0.2148158699274063,0.40139874815940857,0.7065906524658203,-0.006104901898652315,0.9719207286834717,0.40716439485549927,0.7020885944366455,0.21101096272468567,0.22641773521900177,0.3728654980659485,0.6948733925819397,0.050369709730148315,0.9763542413711548,0.3837736248970032,0.6900617480278015,0.23255720734596252,0.21860815584659576
375,0.6081820726394653,0.7915046811103821,-0.07643520832061768,0.9963340163230896,0.6124467253684998,0.7962895035743713,-0.10136178880929947,0.9974285364151001,0.6117184162139893,0.7958295941352844,-0.10125602781772614,0.9972172975540161,0.6109739542007446,0.7951895594596863,-0.10124534368515015,0.9969721436500549,0.6129726767539978,0.8009227514266968,-0.08249203115701675,0.9955011010169983,0.6125176548957825,0.8037707209587097,-0.08258061856031418,0.9959237575531006,0.6121476888656616,0.8063786029815674,-0.08265940099954605,0.9973921179771423,0.6017626523971558,0.8017764687538147,-0.1690439134836197,0.9929554462432861,0.6032396554946899,0.817054808139801,-0.0850306823849678,0.9960924983024597,0.5975965857505798,0.7907400727272034,-0.09699095040559769,0.9877602458000183,0.5977692604064941,0.7957825064659119,-0.07286491245031357,0.9884338974952698,0.5487278699874878,0.7746941447257996,-0.19681543111801147,0.9953094720840454,0.5654513835906982,0.840114951133728,-0.013908912427723408,0.9989299178123474,0.5335778594017029,0.7124641537666321,-0.10848259925842285,0.7651046514511108,0.5657437443733215,0.7947407364845276,0.14143261313438416,0.041734542697668076,0.5678749680519104,0.7096034288406372,0.05887885019183159,0.6097220182418823,0.5905181169509888,0.7463234663009644,0.22740378975868225,0.2846834361553192,0.5736643075942993,0.7035142779350281,0.056739144027233124,0.6734352111816406,0.5975281000137329,0.7367637157440186,0.24534550309181213,0.4286903738975525,0.588864803314209,0.727320671081543,0.0508764386177063,0.7033796310424805,0.5986391305923462,0.7431688904762268,0.2194989174604416,0.45858192443847656,0.5789049863815308,0.724122941493988,0.060353733599185944,0.6812781095504761,0.5945104360580444,0.7392319440841675,0.2203739434480667,0.4600984454154968,0.45470553636550903,0.7255063652992249,-0.08915845304727554,0.9994713664054871,0.46316805481910706,0.7593125700950623,0.08913377672433853,0.9996550679206848,0.4866533875465393,0.5943073034286499,-0.0855044275522232,0.9879241585731506,0.4787388741970062,0.6511488556861877,0.14851060509681702,0.1398741602897644,0.40941256284713745,0.6817054152488708,-0.01853645220398903,0.9814004898071289,0.41046038269996643,0.6893245577812195,0.207235187292099,0.21592392027378082,0.4013773500919342,0.7065983414649963,-0.006427311804145575,0.9721682667732239,0.4071328043937683,0.6998510956764221,0.21097946166992188,0.2270786613225937,0.37270092964172363,0.6948801875114441,0.04950134828686714,0.976525068283081,0.3838254511356354,0.6876734495162964,0.2317771017551422,0.21880720555782318
376,0.6083885431289673,0.7916747331619263,-0.07009066641330719,0.9964474439620972,0.6126276254653931,0.7964439392089844,-0.09353101998567581,0.997506320476532,0.611887514591217,0.7959864735603333,-0.0934281200170517,0.9973005652427673,0.6111316680908203,0.7953452467918396,-0.09341700375080109,0.9970667362213135,0.6131483316421509,0.8010618686676025,-0.07523751258850098,0.9956594705581665,0.6126772165298462,0.8038874268531799,-0.07532612979412079,0.9960653185844421,0.6122955083847046,0.8064788579940796,-0.07540629804134369,0.9974797368049622,0.6018450260162354,0.8018628358840942,-0.15813878178596497,0.9931737184524536,0.6033059358596802,0.8170825839042664,-0.07657651603221893,0.9962239265441895,0.5977579355239868,0.7908899784088135,-0.08969622850418091,0.9880425333976746,0.5979267358779907,0.7958518862724304,-0.06630326807498932,0.9887336492538452,0.5495282411575317,0.77483731508255,-0.18669286370277405,0.9954095482826233,0.5654987096786499,0.8400935530662537,-0.005248944275081158,0.9989359974861145,0.5344599485397339,0.7122185826301575,-0.09395609050989151,0.7657299041748047,0.565585196018219,0.7947341799736023,0.1520465612411499,0.041347064077854156,0.5679835081100464,0.7095950245857239,0.07636769115924835,0.6095619797706604,0.5904849767684937,0.7464255690574646,0.24405691027641296,0.28081098198890686,0.5737947821617126,0.7035318613052368,0.07630375027656555,0.6727010607719421,0.5974545478820801,0.7369304299354553,0.2632567286491394,0.42404595017433167,0.5888611078262329,0.7273871898651123,0.06971658021211624,0.7025343179702759,0.5986789464950562,0.7426120638847351,0.23780660331249237,0.4537107050418854,0.5784184336662292,0.7212080359458923,0.07780849933624268,0.6802240014076233,0.5944323539733887,0.7382828593254089,0.23738853633403778,0.45544084906578064,0.4548923969268799,0.7256559729576111,-0.08911669254302979,0.9994772672653198,0.4633212685585022,0.7593518495559692,0.0890905037522316,0.9996582269668579,0.4852530062198639,0.5934598445892334,-0.08405884355306625,0.9881173968315125,0.4804364740848541,0.6519246697425842,0.148557648062706,0.14003828167915344,0.40941160917282104,0.6817132830619812,-0.021345101296901703,0.9815455675125122,0.41115865111351013,0.6885213255882263,0.2018851339817047,0.21697579324245453,0.4013941287994385,0.7069185972213745,-0.009846935048699379,0.9724602699279785,0.4074277877807617,0.6987261176109314,0.2048465758562088,0.22830668091773987,0.37283074855804443,0.695021390914917,0.04575887694954872,0.9767062067985535,0.3848237097263336,0.6860409379005432,0.2236846685409546,0.22000332176685333
377,0.6087004542350769,0.791655957698822,-0.06804665178060532,0.9965646266937256,0.6128987073898315,0.7964299917221069,-0.09128926694393158,0.9975876212120056,0.6121222972869873,0.7959794998168945,-0.09118719398975372,0.9973876476287842,0.6113359332084656,0.7953430414199829,-0.09117858111858368,0.9971663355827332,0.6134544014930725,0.8010331988334656,-0.07310359925031662,0.9958211779594421,0.6129581928253174,0.8038545846939087,-0.07319123297929764,0.9962072372436523,0.6125563979148865,0.8064479827880859,-0.07327105104923248,0.9975691437721252,0.6019432544708252,0.8018675446510315,-0.15569336712360382,0.9934036135673523,0.6034231781959534,0.8170737624168396,-0.07444267719984055,0.9963645339012146,0.5979272723197937,0.7908843159675598,-0.08744413405656815,0.9883440732955933,0.5981325507164001,0.7958289980888367,-0.06419835239648819,0.9890432953834534,0.5499812364578247,0.774933934211731,-0.1841980218887329,0.9954807758331299,0.5655664801597595,0.8399965167045593,-0.0028939698822796345,0.9989416003227234,0.5346879959106445,0.7121037840843201,-0.09046567976474762,0.7661492228507996,0.5655878186225891,0.7947499752044678,0.1557052880525589,0.041056159883737564,0.568011462688446,0.7096952199935913,0.08189444988965988,0.6094374656677246,0.5905359983444214,0.746938943862915,0.24974970519542694,0.27800366282463074,0.5738231539726257,0.7036778926849365,0.08249131590127945,0.6720203161239624,0.5974725484848022,0.7375043630599976,0.2692393660545349,0.42075783014297485,0.5888513326644897,0.7274235486984253,0.07572704553604126,0.7017967104911804,0.5984439849853516,0.7433112263679504,0.24400225281715393,0.450265496969223,0.5819305777549744,0.7258417010307312,0.08335552364587784,0.6792860627174377,0.594467282295227,0.7382315397262573,0.24319374561309814,0.4522111117839813,0.4549470841884613,0.7257338762283325,-0.0890851765871048,0.9994776844978333,0.46333080530166626,0.7593476176261902,0.08905825763940811,0.9996602535247803,0.4868248999118805,0.6061204671859741,-0.08274819701910019,0.9881458282470703,0.4812021255493164,0.6521650552749634,0.14662745594978333,0.14096713066101074,0.4094231128692627,0.6817262768745422,-0.021538089960813522,0.981583833694458,0.4109835624694824,0.6879209876060486,0.1996816098690033,0.2185792475938797,0.4013827443122864,0.7074565291404724,-0.010095072910189629,0.9726105332374573,0.40688833594322205,0.6983116269111633,0.20285363495349884,0.23010952770709991,0.3730844557285309,0.6950958371162415,0.04533618688583374,0.9767720103263855,0.3846586346626282,0.6850000619888306,0.2213829755783081,0.22123245894908905
378,0.6087089776992798,0.7916975021362305,-0.0545855388045311,0.9965667128562927,0.6129127144813538,0.7965236902236938,-0.07853422313928604,0.9975876808166504,0.6121364831924438,0.7961291670799255,-0.07843204587697983,0.9973989129066467,0.6113516092300415,0.795550525188446,-0.0784282237291336,0.9971722364425659,0.6134595274925232,0.8010480403900146,-0.05963358283042908,0.9958186149597168,0.6129605770111084,0.8038591742515564,-0.05972263216972351,0.9962180256843567,0.6125577688217163,0.8064486384391785,-0.05980810523033142,0.9975762963294983,0.6019712090492249,0.8022827506065369,-0.145207017660141,0.9934353828430176,0.603424072265625,0.8171577453613281,-0.06088488548994064,0.9963900446891785,0.5979269742965698,0.7910759449005127,-0.07509489357471466,0.9882907271385193,0.5981267690658569,0.7959024906158447,-0.05096720531582832,0.9888724088668823,0.5503849983215332,0.7758703231811523,-0.17700260877609253,0.9954125881195068,0.5651032328605652,0.8394092321395874,0.009390266612172127,0.9989219307899475,0.5347996950149536,0.7128191590309143,-0.08276353776454926,0.7650030851364136,0.564886212348938,0.7945083975791931,0.16731002926826477,0.04061555117368698,0.5679016709327698,0.7098568081855774,0.09429679065942764,0.6039929389953613,0.5904605984687805,0.7468454837799072,0.26103872060775757,0.27283474802970886,0.5736099481582642,0.7037315964698792,0.09633835405111313,0.6667766571044922,0.5973415374755859,0.7374430298805237,0.2811526358127594,0.4146519899368286,0.5888286828994751,0.7274253368377686,0.0898437649011612,0.6968585252761841,0.5984480381011963,0.7423697113990784,0.2560521960258484,0.4440670311450958,0.5834149718284607,0.7277135848999023,0.09613117575645447,0.674168050289154,0.5944677591323853,0.7371291518211365,0.25440239906311035,0.4463905990123749,0.45496121048927307,0.726760745048523,-0.08908410370349884,0.9994468092918396,0.4625900387763977,0.7591683268547058,0.08905799686908722,0.9996465444564819,0.48762327432632446,0.6102184057235718,-0.08438345044851303,0.9878373146057129,0.48108237981796265,0.6481794714927673,0.1398918777704239,0.14106148481369019,0.40942519903182983,0.6819400787353516,-0.024487491697072983,0.9814674258232117,0.40850797295570374,0.6886559724807739,0.1965196430683136,0.21779301762580872,0.401245653629303,0.7077952027320862,-0.0133972791954875,0.9726123213768005,0.40495505928993225,0.7002962231636047,0.19982868432998657,0.23074084520339966,0.3730604350566864,0.6951048970222473,0.03908377140760422,0.9767064452171326,0.3798243999481201,0.6889504194259644,0.2169496715068817,0.22075214982032776
379,0.6087002754211426,0.7916989922523499,-0.057626135647296906,0.9965977668762207,0.612882673740387,0.7965266108512878,-0.08183394372463226,0.9976103901863098,0.6121021509170532,0.7961350679397583,-0.08173394203186035,0.9974280595779419,0.6113133430480957,0.7955608367919922,-0.08172602951526642,0.9972023367881775,0.6134369373321533,0.8010497689247131,-0.06241033598780632,0.9958629608154297,0.6129410862922668,0.8038603067398071,-0.062498100101947784,0.996259868144989,0.6125414371490479,0.8064514994621277,-0.06257877498865128,0.9975985884666443,0.6018980741500854,0.8023011684417725,-0.14954935014247894,0.9935330748558044,0.6034130454063416,0.8171659708023071,-0.0618659146130085,0.9964423179626465,0.5978995561599731,0.7910822629928589,-0.07839155197143555,0.9884288311004639,0.5981080532073975,0.795920193195343,-0.05355709046125412,0.989040195941925,0.5499848127365112,0.7758142948150635,-0.18061454594135284,0.9954560995101929,0.5651720762252808,0.8400830030441284,0.007359725423157215,0.9989244341850281,0.5309892892837524,0.7235466241836548,-0.08755667507648468,0.7687062621116638,0.564943790435791,0.7946161031723022,0.16705328226089478,0.0406896248459816,0.5679405927658081,0.7098799347877502,0.08842180669307709,0.6066014766693115,0.5905734300613403,0.7468293309211731,0.2586801052093506,0.2721124589443207,0.5737783908843994,0.7037837505340576,0.08943139761686325,0.6684172749519348,0.5975645780563354,0.7373886704444885,0.2769688367843628,0.41320332884788513,0.588821530342102,0.7274076342582703,0.0826159417629242,0.6983201503753662,0.5985564589500427,0.7420476675033569,0.25124865770339966,0.44261103868484497,0.584153413772583,0.7285463809967041,0.09005404263734818,0.6755345463752747,0.5945600271224976,0.7412124872207642,0.251508504152298,0.4451766312122345,0.45496803522109985,0.7267385721206665,-0.08909428864717484,0.999438464641571,0.4627593457698822,0.7591677308082581,0.08906886726617813,0.999642014503479,0.48801130056381226,0.6113888621330261,-0.08456920832395554,0.9879290461540222,0.4807845652103424,0.648736834526062,0.14122848212718964,0.14237964153289795,0.4094260334968567,0.6819388270378113,-0.024051476269960403,0.9814066886901855,0.4086182713508606,0.6886347532272339,0.19820593297481537,0.21809528768062592,0.4011816382408142,0.7077851891517639,-0.012729933485388756,0.9726077914237976,0.40496826171875,0.6999345421791077,0.20157942175865173,0.23114056885242462,0.37330737709999084,0.6951544880867004,0.040763020515441895,0.9766077995300293,0.38066738843917847,0.6881548762321472,0.21861180663108826,0.2207249104976654
380,0.6088098287582397,0.7915678024291992,-0.06515775620937347,0.9965135455131531,0.6129329204559326,0.7964453101158142,-0.0891948789358139,0.9975571036338806,0.6121372580528259,0.7960813045501709,-0.08909408748149872,0.9973771572113037,0.6113361716270447,0.7955303192138672,-0.08908714354038239,0.997150719165802,0.6135076284408569,0.8008998036384583,-0.06997225433588028,0.9957629442214966,0.6129971742630005,0.803735077381134,-0.07006034255027771,0.9961663484573364,0.6125897765159607,0.8063419461250305,-0.07014346867799759,0.9975327849388123,0.6018944382667542,0.8022992610931396,-0.15565063059329987,0.9934303760528564,0.6034222841262817,0.8170960545539856,-0.06855835020542145,0.9963502287864685,0.5979210138320923,0.7910067439079285,-0.08542899787425995,0.9881377220153809,0.5981510877609253,0.7958002686500549,-0.06082593649625778,0.9887855052947998,0.5496786236763,0.7756579518318176,-0.18590015172958374,0.9953776597976685,0.5654332637786865,0.8400631546974182,0.003177512437105179,0.9988871812820435,0.5298484563827515,0.7264547348022461,-0.09437712281942368,0.7708644270896912,0.5652331113815308,0.7941319942474365,0.15636172890663147,0.04023798182606697,0.5681240558624268,0.7100504040718079,0.07966263592243195,0.6074637770652771,0.59065181016922,0.7460255026817322,0.23944969475269318,0.2673322856426239,0.5741456747055054,0.7042030096054077,0.07924201339483261,0.668772280216217,0.5976476073265076,0.7364634871482849,0.25712209939956665,0.4072234630584717,0.5888322591781616,0.7274399995803833,0.07248560339212418,0.6985698938369751,0.5986414551734924,0.7415706515312195,0.23135003447532654,0.43653079867362976,0.584774374961853,0.729293942451477,0.08106613904237747,0.6756564974784851,0.5951343774795532,0.7411689162254333,0.23222048580646515,0.439526230096817,0.45485934615135193,0.7267515063285828,-0.08923975378274918,0.9994128346443176,0.46310123801231384,0.7591665387153625,0.08922190964221954,0.9996271133422852,0.48634153604507446,0.6007848381996155,-0.0870269238948822,0.988062858581543,0.4807512164115906,0.649021565914154,0.14210739731788635,0.1433103084564209,0.4093773365020752,0.681975245475769,-0.02394666150212288,0.9813439249992371,0.40884584188461304,0.6882978081703186,0.19912268221378326,0.21721325814723969,0.4011421203613281,0.7077528834342957,-0.012661842629313469,0.9724626541137695,0.405067503452301,0.6992107033729553,0.20249147713184357,0.22962819039821625,0.37338894605636597,0.6951932907104492,0.04098815470933914,0.9764201045036316,0.38163596391677856,0.6872945427894592,0.22015969455242157,0.21923688054084778
381,0.6089645624160767,0.7915747761726379,-0.07189485430717468,0.9964636564254761,0.6130313277244568,0.7964465618133545,-0.09649700671434402,0.9975462555885315,0.612208366394043,0.7960816025733948,-0.09639625251293182,0.9973659515380859,0.6113846898078918,0.795529305934906,-0.09639078378677368,0.9971491098403931,0.6136588454246521,0.8009049892425537,-0.0776585191488266,0.9957215785980225,0.6131500005722046,0.8037422895431519,-0.0777471512556076,0.9961151480674744,0.6127413511276245,0.8063554167747498,-0.077830970287323,0.9975034594535828,0.6018831133842468,0.8022993803024292,-0.16332748532295227,0.9934348464012146,0.6034361124038696,0.8171205520629883,-0.07851655036211014,0.9963284730911255,0.5979847311973572,0.7910104393959045,-0.09203942865133286,0.988103985786438,0.598261833190918,0.7958090305328369,-0.06792980432510376,0.9887519478797913,0.549297571182251,0.7754888534545898,-0.19083020091056824,0.9953191876411438,0.5654782056808472,0.8402253985404968,-0.005638875998556614,0.9988692402839661,0.5299834609031677,0.7251545190811157,-0.09853807836771011,0.7725963592529297,0.565708339214325,0.79486083984375,0.15026697516441345,0.04034731537103653,0.5683391094207764,0.7100632786750793,0.07141360640525818,0.6109628081321716,0.5910443663597107,0.7465612292289734,0.2327605038881302,0.26769834756851196,0.5743327736854553,0.7043082118034363,0.06947698444128036,0.6715736389160156,0.598130464553833,0.7370069622993469,0.24980780482292175,0.40711677074432373,0.5888948440551758,0.727529764175415,0.06198359280824661,0.70133376121521,0.598883330821991,0.741547167301178,0.22332489490509033,0.43657442927360535,0.585211992263794,0.7299232482910156,0.07229871302843094,0.6785375475883484,0.5952491164207458,0.740071177482605,0.22535085678100586,0.43975576758384705,0.45475006103515625,0.7267528176307678,-0.08923018723726273,0.9993981719017029,0.4633198380470276,0.7592470645904541,0.08921366930007935,0.999616801738739,0.48824986815452576,0.60350501537323,-0.08832313120365143,0.988207995891571,0.480734258890152,0.6490591764450073,0.14266349375247955,0.14558210968971252,0.4093201160430908,0.6819769144058228,-0.021125825121998787,0.9812994599342346,0.40890130400657654,0.689716637134552,0.2049541175365448,0.2170984297990799,0.400678813457489,0.7074623107910156,-0.00897381640970707,0.9723012447357178,0.4051338732242584,0.7008659243583679,0.20948517322540283,0.22846557199954987,0.3732428550720215,0.695110023021698,0.04419379681348801,0.9762284755706787,0.3816615045070648,0.6893698573112488,0.22747468948364258,0.2182008922100067
382,0.6089889407157898,0.7915704846382141,-0.07111574709415436,0.9963898062705994,0.6130374073982239,0.796468198299408,-0.09578849375247955,0.9975067973136902,0.6122127771377563,0.7961174845695496,-0.09568672627210617,0.997336208820343,0.6113874912261963,0.7955825328826904,-0.09568051248788834,0.9971169233322144,0.6136674284934998,0.8009138703346252,-0.07687272131443024,0.9956187009811401,0.6131597757339478,0.803750216960907,-0.07696153223514557,0.9960261583328247,0.6127511262893677,0.806364893913269,-0.077044777572155,0.9974436163902283,0.6018822193145752,0.8024352192878723,-0.163255974650383,0.9933740496635437,0.6034359335899353,0.8171414732933044,-0.07828667759895325,0.9962425231933594,0.5980243682861328,0.7910099625587463,-0.09150899946689606,0.9879478812217712,0.5983052253723145,0.7957976460456848,-0.06730343401432037,0.9885480999946594,0.5491936802864075,0.7754307985305786,-0.19192072749137878,0.9952741265296936,0.5654922723770142,0.8401703238487244,-0.005138522479683161,0.9988502860069275,0.5283228754997253,0.726327121257782,-0.09938988834619522,0.7743723392486572,0.5653425455093384,0.7929435968399048,0.15063875913619995,0.04013633355498314,0.5683215260505676,0.7100149393081665,0.07065125554800034,0.6151341199874878,0.5910088419914246,0.7455168962478638,0.23349173367023468,0.2660653591156006,0.5820403695106506,0.7120721340179443,0.06893202662467957,0.6752809286117554,0.5981124043464661,0.7362064123153687,0.25079190731048584,0.4050622582435608,0.5889190435409546,0.7275381684303284,0.06154078245162964,0.7048739194869995,0.5988878607749939,0.7413670420646667,0.22450844943523407,0.4345848262310028,0.5853790640830994,0.7300731539726257,0.071639284491539,0.6818718910217285,0.5953854322433472,0.7401618957519531,0.22615842521190643,0.4380825161933899,0.4547506272792816,0.7267330288887024,-0.08928386867046356,0.9993749856948853,0.4630921483039856,0.759035050868988,0.08927278965711594,0.9996026754379272,0.48907846212387085,0.6047300696372986,-0.08943909406661987,0.9881735444068909,0.4806530475616455,0.6491765379905701,0.1432235687971115,0.14520464837551117,0.4092932343482971,0.6819841861724854,-0.02122402936220169,0.9810667634010315,0.40857481956481934,0.6905196309089661,0.2056322544813156,0.21455621719360352,0.4006480276584625,0.7070817947387695,-0.009060087613761425,0.9720379710197449,0.40503209829330444,0.7018743753433228,0.20991241931915283,0.2261526733636856,0.3730906844139099,0.6951144337654114,0.043760742992162704,0.9759175181388855,0.38117051124572754,0.6919679045677185,0.2275608479976654,0.21545006334781647
