1,0.833663284778595,0.34347644448280334,0.06610679626464844,0.9554194211959839,0.8322790265083313,0.3337835371494293,0.03202595189213753,0.946823000907898,0.8302642703056335,0.3342117965221405,0.03208719938993454,0.9417917728424072,0.8280646204948425,0.33465835452079773,0.03208480775356293,0.9411881566047668,0.8389526605606079,0.33304542303085327,0.05491241067647934,0.9606813788414001,0.8415576815605164,0.33302778005599976,0.05488825589418411,0.9626384973526001,0.8441399335861206,0.33315572142601013,0.05469256639480591,0.9696633219718933,0.8273226022720337,0.3437745273113251,-0.08084376156330109,0.9354377388954163,0.8512679934501648,0.3424028158187866,0.01746903732419014,0.980705976486206,0.8308075666427612,0.35675299167633057,0.029705192893743515,0.9613245725631714,0.8371350169181824,0.3574571907520294,0.05781269818544388,0.9750628471374512,0.8147112727165222,0.43464788794517517,-0.19288495182991028,0.9550042152404785,0.8886723518371582,0.42739132046699524,0.056944239884614944,0.9607053995132446,0.8053191900253296,0.5478899478912354,-0.2206772118806839,0.6425203084945679,0.8920148015022278,0.5340898633003235,0.11727235466241837,0.536686360836029,0.7806736826896667,0.6332626342773438,-0.15343822538852692,0.516661524772644,0.8872542381286621,0.6072263717651367,0.14326350390911102,0.487792432308197,0.7748599052429199,0.655742883682251,-0.16115421056747437,0.4906514883041382,0.8835240602493286,0.6273241639137268,0.15660460293293,0.447313129901886,0.7740732431411743,0.6539701819419861,-0.16289685666561127,0.4884788691997528,0.8794792890548706,0.6272574663162231,0.13871625065803528,0.45763805508613586,0.7774056196212769,0.6473162174224854,-0.15158237516880035,0.4780396819114685,0.8796600103378296,0.6195885539054871,0.13617992401123047,0.4629620313644409,0.811728298664093,0.6496911644935608,-0.09201046079397202,0.8903145790100098,0.8608636856079102,0.6527727842330933,0.09195061773061752,0.9065943956375122,0.7809819579124451,0.7770700454711914,-0.026657868176698685,0.46904054284095764,0.833934485912323,0.779490053653717,0.15383194386959076,0.34056711196899414,0.804679274559021,0.9265199899673462,-0.002633805852383375,0.20203018188476562,0.8202553987503052,0.9283831119537354,0.20616772770881653,0.17668069899082184,0.8115218281745911,0.94859379529953,-0.0012081292225047946,0.19546183943748474,0.8263407945632935,0.9548975229263306,0.20791444182395935,0.1818736344575882,0.7658865451812744,0.9584107995033264,-0.04532531648874283,0.1782318651676178,0.7859903573989868,0.9474236965179443,0.17241427302360535,0.16712686419487
2,0.8339473009109497,0.3445498049259186,0.13173235952854156,0.9596675634384155,0.832273006439209,0.3342517614364624,0.09650038182735443,0.9518144726753235,0.8302439451217651,0.33472979068756104,0.09650979936122894,0.9473113417625427,0.8280466198921204,0.335263192653656,0.09649031609296799,0.9467185139656067,0.8389580845832825,0.3334837257862091,0.11340918391942978,0.9643190503120422,0.8415646553039551,0.33349332213401794,0.11337311565876007,0.9661054611206055,0.8441869020462036,0.33367159962654114,0.11321723461151123,0.972429096698761,0.8273296356201172,0.3439008891582489,-0.027107248082756996,0.9415968060493469,0.8515227437019348,0.3427415192127228,0.047153033316135406,0.982384204864502,0.8312422633171082,0.35774123668670654,0.09244523197412491,0.9648699760437012,0.8376377820968628,0.3576124310493469,0.11345584690570831,0.9773088097572327,0.8131989240646362,0.43426796793937683,-0.13058426976203918,0.9594075679779053,0.888399600982666,0.42319387197494507,0.05772266909480095,0.964509904384613,0.8086511492729187,0.5419406294822693,-0.17937222123146057,0.6539953351020813,0.8921568989753723,0.5269372463226318,0.0595862939953804,0.5352746248245239,0.7849396467208862,0.6185883283615112,-0.15369102358818054,0.49878889322280884,0.8880957365036011,0.6036085486412048,0.023818127810955048,0.45825228095054626,0.7796865105628967,0.6462198495864868,-0.16478905081748962,0.4722827076911926,0.8867605924606323,0.6251561045646667,0.021894317120313644,0.4208192825317383,0.7833211421966553,0.6393272280693054,-0.16503727436065674,0.4690043330192566,0.8844012022018433,0.6255361437797546,0.007416418753564358,0.42965126037597656,0.7853171825408936,0.6340469717979431,-0.15234127640724182,0.45670419931411743,0.8828667402267456,0.6177281737327576,0.01627609319984913,0.4329807162284851,0.8105939030647278,0.643541157245636,-0.08361349999904633,0.9011468291282654,0.8599408268928528,0.6457571387290955,0.08357132971286774,0.9157650470733643,0.7809821367263794,0.7676032185554504,-0.04399943724274635,0.5212736129760742,0.8337990641593933,0.7723761796951294,0.13043686747550964,0.3956769108772278,0.7999668717384338,0.9155749082565308,-0.0027083426248282194,0.2798580825328827,0.8200727701187134,0.921788215637207,0.17513784766197205,0.25017157196998596,0.8057154417037964,0.9388757944107056,-0.0009211776778101921,0.2740993797779083,0.8249650001525879,0.9487542510032654,0.17700375616550446,0.25541865825653076,0.760543942451477,0.9372907876968384,-0.04493018239736557,0.24993079900741577,0.7830726504325867,0.9353978037834167,0.13408710062503815,0.2231847643852234
3,0.8336294889450073,0.3432949483394623,0.11090389639139175,0.9634860157966614,0.8315709829330444,0.3330245614051819,0.07434779405593872,0.9562637209892273,0.829534649848938,0.3335779011249542,0.07435141503810883,0.952275276184082,0.8273436427116394,0.3342496454715729,0.07432886213064194,0.9516732096672058,0.8382509350776672,0.3322497308254242,0.09453245997428894,0.9675645232200623,0.8408417701721191,0.332271546125412,0.09451137483119965,0.9692084789276123,0.8435991406440735,0.33249273896217346,0.09436913579702377,0.9748528599739075,0.8262777328491211,0.3426218628883362,-0.047586746513843536,0.9471514225006104,0.8513336181640625,0.34160467982292175,0.03858087211847305,0.9838269352912903,0.8310367465019226,0.3566686511039734,0.07131040096282959,0.9681277275085449,0.8373977541923523,0.3558717966079712,0.09660470485687256,0.9793399572372437,0.810538113117218,0.4310261309146881,-0.15247495472431183,0.9634266495704651,0.8872430920600891,0.41740816831588745,0.05368160083889961,0.9679762721061707,0.8086573481559753,0.5344682931900024,-0.19336314499378204,0.6803675293922424,0.8919968605041504,0.5222254395484924,0.04147208482027054,0.5384718179702759,0.780023455619812,0.6095208525657654,-0.1743040382862091,0.5171858072280884,0.8886544108390808,0.6013495922088623,-0.019537918269634247,0.43889719247817993,0.7738508582115173,0.6367178559303284,-0.19265252351760864,0.48619115352630615,0.8884328007698059,0.6236591935157776,-0.023763924837112427,0.4034678637981415,0.7726375460624695,0.6326587796211243,-0.18967726826667786,0.4814237654209137,0.8866859674453735,0.6241982579231262,-0.04213370755314827,0.41103124618530273,0.7764193415641785,0.6258779168128967,-0.17169129848480225,0.4624210298061371,0.8845378756523132,0.6169357895851135,-0.028933729976415634,0.4126244783401489,0.8079589009284973,0.6324455142021179,-0.07705630362033844,0.910923957824707,0.8570634722709656,0.6360617280006409,0.07694309949874878,0.9240716695785522,0.7800591588020325,0.7463624477386475,0.006470100022852421,0.568229615688324,0.8332382440567017,0.7652950286865234,0.14780785143375397,0.44997119903564453,0.7918281555175781,0.8974002003669739,0.10522971302270889,0.3503265380859375,0.8194969892501831,0.9167833924293518,0.2195870578289032,0.3197508752346039,0.7971841096878052,0.917548418045044,0.11360446363687515,0.34473615884780884,0.8226014971733093,0.9445997476577759,0.22534239292144775,0.3238367736339569,0.750960111618042,0.9086123108863831,0.07020258158445358,0.3134784698486328,0.7809838652610779,0.9173551201820374,0.18572518229484558,0.2771369218826294
4,0.8300353288650513,0.34202030301094055,0.11760779470205307,0.9670612215995789,0.8283981084823608,0.3316318690776825,0.08007741719484329,0.9605077505111694,0.8264807462692261,0.33211851119995117,0.08006341755390167,0.9569439888000488,0.8243602514266968,0.33276131749153137,0.08002203702926636,0.956371545791626,0.8344721794128418,0.3308458924293518,0.09976021200418472,0.9706936478614807,0.8370310664176941,0.3307625353336334,0.09975330531597137,0.9721901416778564,0.8398021459579468,0.33089306950569153,0.09965511411428452,0.977246105670929,0.8237550854682922,0.34043923020362854,-0.04612254351377487,0.9523382186889648,0.8481394648551941,0.3396611213684082,0.04090229794383049,0.9853395819664001,0.8282427787780762,0.3553033173084259,0.07850366085767746,0.9712247252464294,0.8339026570320129,0.35432612895965576,0.10347366333007812,0.9813264608383179,0.8084052801132202,0.4255095422267914,-0.13330353796482086,0.9670476913452148,0.8852769732475281,0.41573193669319153,0.05054007098078728,0.9711358547210693,0.8049265146255493,0.529466450214386,-0.16400453448295593,0.7045435309410095,0.8884784579277039,0.5218598246574402,0.05634823441505432,0.5468260049819946,0.7713996767997742,0.6041949391365051,-0.13368073105812073,0.5368383526802063,0.8841428756713867,0.5993964672088623,0.03259361535310745,0.4180854260921478,0.7640858292579651,0.6304986476898193,-0.1511020064353943,0.5017303824424744,0.886546790599823,0.6229502558708191,0.034234367311000824,0.38384148478507996,0.7626945376396179,0.6258732080459595,-0.14386294782161713,0.4954480528831482,0.8818989992141724,0.6221142411231995,0.016424071043729782,0.39012908935546875,0.7675610184669495,0.6182309985160828,-0.12923011183738708,0.46921828389167786,0.8788120150566101,0.6152593493461609,0.024580825120210648,0.39072906970977783,0.8044277429580688,0.6238766312599182,-0.05787549167871475,0.9197560548782349,0.8532460927963257,0.6308054327964783,0.05766470357775688,0.931596040725708,0.7780678272247314,0.73878413438797,0.08321327716112137,0.6105238199234009,0.8317306637763977,0.7617706656455994,0.16483348608016968,0.5025248527526855,0.7774791121482849,0.874139666557312,0.22072634100914001,0.4135756492614746,0.8183853030204773,0.9094474911689758,0.2592101991176605,0.3847885727882385,0.7845540642738342,0.9009507298469543,0.23458416759967804,0.40879523754119873,0.8174761533737183,0.9332335591316223,0.2688506245613098,0.3887866735458374,0.7401443719863892,0.8701235055923462,0.2107115238904953,0.3641011714935303,0.8003063201904297,0.9031596779823303,0.2379447966814041,0.3246869444847107
5,0.8258739709854126,0.34013432264328003,0.12202006578445435,0.9702750444412231,0.8246690630912781,0.3294832110404968,0.08451751619577408,0.9643125534057617,0.8225868344306946,0.3299506902694702,0.08449652791023254,0.9611325860023499,0.8203696012496948,0.3305855989456177,0.08444391191005707,0.9605905413627625,0.8310443758964539,0.3287757933139801,0.10257183015346527,0.9734979867935181,0.833672821521759,0.32874011993408203,0.10257520526647568,0.9748614430427551,0.8366252779960632,0.3289526700973511,0.10248366743326187,0.9793872833251953,0.819558322429657,0.3382831811904907,-0.04368837550282478,0.9569963216781616,0.8443397283554077,0.33772164583206177,0.038364995270967484,0.9866733551025391,0.8237991333007812,0.353295236825943,0.08264898508787155,0.9740109443664551,0.8295205235481262,0.35254955291748047,0.1055985689163208,0.9831110239028931,0.8039754629135132,0.4211205840110779,-0.1263839602470398,0.9703066945075989,0.8803638219833374,0.4151811897754669,0.04376377910375595,0.9739782214164734,0.7990831136703491,0.5259713530540466,-0.14779874682426453,0.7248145341873169,0.8847541809082031,0.5198147892951965,0.06645369529724121,0.5603031516075134,0.7665955424308777,0.6018683910369873,-0.10243894159793854,0.5465697646141052,0.8766459226608276,0.5956188440322876,0.03399815410375595,0.3988594114780426,0.7596536874771118,0.6285088062286377,-0.1159125342965126,0.5063788890838623,0.8786613345146179,0.6203057765960693,0.0478535071015358,0.3647425174713135,0.7577320337295532,0.6246618032455444,-0.11027829349040985,0.4983174800872803,0.8756402730941772,0.6201818585395813,0.02433917485177517,0.3696182668209076,0.7623528838157654,0.6170488595962524,-0.0984879583120346,0.46614503860473633,0.8707486391067505,0.6114460229873657,0.03592672199010849,0.36913207173347473,0.8024894595146179,0.6172275543212891,-0.050898175686597824,0.9277153611183167,0.8500851392745972,0.624779462814331,0.05069134384393692,0.9383834004402161,0.7763551473617554,0.7198828458786011,0.11086733639240265,0.648354709148407,0.8281177282333374,0.7572098970413208,0.1681753545999527,0.550355851650238,0.7631944417953491,0.848678469657898,0.27306345105171204,0.4698939025402069,0.816098690032959,0.9044091105461121,0.26616981625556946,0.44414740800857544,0.7677968740463257,0.8784234523773193,0.28982219099998474,0.465571790933609,0.8138101696968079,0.9267198443412781,0.2760213017463684,0.4478128254413605,0.7279739379882812,0.8385277390480042,0.26809030771255493,0.4080662131309509,0.7968707084655762,0.898741602897644,0.2417108118534088,0.3725105822086334
6,0.8187487721443176,0.3392195403575897,0.11367716640233994,0.9732047319412231,0.8184254765510559,0.3280896544456482,0.07613445818424225,0.9678143262863159,0.8165426254272461,0.3285663425922394,0.07617290318012238,0.9649637341499329,0.8144990801811218,0.3292106091976166,0.07613874226808548,0.9644657373428345,0.8247989416122437,0.32736536860466003,0.0964491218328476,0.9760823845863342,0.8274748921394348,0.3273455500602722,0.09642024338245392,0.9773156642913818,0.8303613662719727,0.3275735080242157,0.09625782072544098,0.98137366771698,0.8143308758735657,0.3367292284965515,-0.04876735806465149,0.9612475037574768,0.8376852869987488,0.33588701486587524,0.036750588566064835,0.9879345893859863,0.8169207572937012,0.3521793782711029,0.07447616755962372,0.9765648245811462,0.8227386474609375,0.3516623377799988,0.0998925268650055,0.9847553968429565,0.7986530661582947,0.4190808832645416,-0.1374930739402771,0.9732605218887329,0.8714454770088196,0.4116153120994568,0.04409606009721756,0.9765437245368958,0.7873346209526062,0.5245603919029236,-0.15449902415275574,0.7493446469306946,0.8704889416694641,0.5189858078956604,0.08933804929256439,0.5282867550849915,0.7583445906639099,0.6035084128379822,-0.08462411910295486,0.5786406993865967,0.8544456362724304,0.5918899774551392,0.14280445873737335,0.3659251928329468,0.7521013617515564,0.6282137632369995,-0.09749214351177216,0.5349913239479065,0.8534601330757141,0.6112944483757019,0.15512153506278992,0.3346835672855377,0.7508699893951416,0.625835120677948,-0.09127698838710785,0.5260949730873108,0.8481394052505493,0.6090404391288757,0.1374874860048294,0.3389570415019989,0.7541714906692505,0.6185377240180969,-0.07982124388217926,0.488506942987442,0.8466600179672241,0.6012091040611267,0.1372145563364029,0.338990181684494,0.8008764386177063,0.6139597296714783,-0.04687724635004997,0.934903621673584,0.8487067222595215,0.6233575344085693,0.046628035604953766,0.9445151686668396,0.773745059967041,0.7004161477088928,0.12880899012088776,0.6813370585441589,0.8242424130439758,0.7514153122901917,0.17338940501213074,0.592088520526886,0.7488406300544739,0.8214694857597351,0.31716734170913696,0.5175876617431641,0.8162404298782349,0.9047157764434814,0.26772937178611755,0.49611860513687134,0.746957004070282,0.846106767654419,0.3372195363044739,0.5123507380485535,0.8150860667228699,0.9292222261428833,0.2776288390159607,0.49912241101264954,0.7103080749511719,0.806777834892273,0.32940080761909485,0.4398971498012543,0.7951337695121765,0.8948444128036499,0.2506793141365051,0.4135493338108063
7,0.8144976496696472,0.3385382294654846,0.10874024778604507,0.9758579730987549,0.8137489557266235,0.32755860686302185,0.07174937427043915,0.9709894061088562,0.8117440342903137,0.3281034827232361,0.0717628225684166,0.9684321880340576,0.8095347285270691,0.3288019597530365,0.07173442095518112,0.9679765701293945,0.820416271686554,0.32678505778312683,0.09193702042102814,0.9784274697303772,0.8231849670410156,0.3267925977706909,0.09191591292619705,0.9795422554016113,0.8261326551437378,0.32700830698013306,0.0917639434337616,0.9831814169883728,0.8088717460632324,0.3365132510662079,-0.047893159091472626,0.9650920033454895,0.8331727981567383,0.33504003286361694,0.03614645451307297,0.9890882968902588,0.8123630285263062,0.3514327108860016,0.06957478821277618,0.9788780212402344,0.8184927701950073,0.35084787011146545,0.09533526003360748,0.9862490892410278,0.7923309803009033,0.41881123185157776,-0.13692787289619446,0.9759228825569153,0.8672760725021362,0.4093327522277832,0.045036353170871735,0.9788618683815002,0.7792350649833679,0.5239109396934509,-0.1673286259174347,0.7707449197769165,0.8569852709770203,0.5137516856193542,0.07397471368312836,0.48635852336883545,0.7537229061126709,0.605538547039032,-0.10476498305797577,0.607388973236084,0.8320778608322144,0.5773147940635681,0.07879198342561722,0.33507177233695984,0.7486382126808167,0.6299716234207153,-0.09918706864118576,0.5605612397193909,0.8302481770515442,0.5940732955932617,0.08381085097789764,0.30723756551742554,0.7469061613082886,0.628997266292572,-0.11398488283157349,0.5507145524024963,0.8241603970527649,0.5913978219032288,0.06558720767498016,0.3110467791557312,0.7513695955276489,0.6233862638473511,-0.10324282944202423,0.5087603330612183,0.8227382898330688,0.5846206545829773,0.0708346739411354,0.311222106218338,0.7973108887672424,0.612567663192749,-0.04235995188355446,0.9413802027702332,0.8456372022628784,0.6221429705619812,0.0421040877699852,0.9500441551208496,0.7704893350601196,0.6974165439605713,0.14940550923347473,0.7109299302101135,0.8211862444877625,0.7477065920829773,0.16734978556632996,0.6300402879714966,0.7380561232566833,0.8041886687278748,0.3424382507801056,0.560990571975708,0.8168115615844727,0.904377818107605,0.25203490257263184,0.5437507629394531,0.735190212726593,0.8298511505126953,0.36239615082740784,0.554643988609314,0.8151881098747253,0.9292094707489014,0.2595476508140564,0.5459824800491333,0.7045823931694031,0.7792650461196899,0.3531418442726135,0.46833857893943787,0.7944132685661316,0.8939374089241028,0.22823981940746307,0.45422887802124023
8,0.8101184964179993,0.33869117498397827,0.07918386906385422,0.978254497051239,0.8087241053581238,0.3276105523109436,0.047474998980760574,0.9738562107086182,0.8065469861030579,0.32825395464897156,0.04743676632642746,0.9715626239776611,0.8041563034057617,0.3290849030017853,0.04741985350847244,0.9711472988128662,0.8159559965133667,0.32691964507102966,0.06346849352121353,0.9805475473403931,0.8189635276794434,0.3269360661506653,0.06350459158420563,0.9815541505813599,0.8221839666366577,0.3271564543247223,0.06343261897563934,0.9848149418830872,0.8030937314033508,0.33680301904678345,-0.06284909695386887,0.9685595035552979,0.8290585279464722,0.335245281457901,0.006215608213096857,0.9901270270347595,0.8080453872680664,0.3515496551990509,0.0444113165140152,0.980972409248352,0.8146550059318542,0.3509790003299713,0.06444983184337616,0.987604558467865,0.786571204662323,0.41963204741477966,-0.1435423493385315,0.978324294090271,0.8603339195251465,0.4082973301410675,0.018766632303595543,0.9809547662734985,0.7761663198471069,0.524431586265564,-0.18978436291217804,0.7913445830345154,0.8412212133407593,0.5104286670684814,0.029681319370865822,0.45338863134384155,0.7507107257843018,0.6122591495513916,-0.1599426120519638,0.6391733288764954,0.8197126388549805,0.5791199803352356,0.006535267923027277,0.31150636076927185,0.7469807863235474,0.634550929069519,-0.1813301146030426,0.5912247896194458,0.8174082636833191,0.5973454713821411,0.0040487186051905155,0.2862778604030609,0.745309591293335,0.6361890435218811,-0.17744384706020355,0.5810031294822693,0.8121744990348816,0.5959787964820862,-0.01328126061707735,0.28940731287002563,0.7491987347602844,0.6301378607749939,-0.15677204728126526,0.5368015766143799,0.8111208081245422,0.5888717174530029,-0.0016745345201343298,0.2891705632209778,0.7931636571884155,0.6122150421142578,-0.03810493275523186,0.9472236633300781,0.8413873910903931,0.6218869686126709,0.03787658363580704,0.9550278782844543,0.7647331357002258,0.6903010606765747,0.17552097141742706,0.7379727363586426,0.8168635368347168,0.742059051990509,0.17089881002902985,0.6650198101997375,0.7326885461807251,0.7875611782073975,0.3836863338947296,0.6016601920127869,0.8174940943717957,0.9022356867790222,0.27023711800575256,0.5875587463378906,0.7292357683181763,0.8150224685668945,0.40511688590049744,0.5949388146400452,0.8154783248901367,0.9281386137008667,0.28006669878959656,0.5891169905662537,0.7000149488449097,0.7692466974258423,0.39036521315574646,0.5012224912643433,0.7938676476478577,0.8935933709144592,0.24355658888816833,0.49542558193206787
9,0.8038633465766907,0.3387603759765625,0.0752670019865036,0.9803962111473083,0.8027273416519165,0.32776540517807007,0.044520821422338486,0.9763997197151184,0.8006616830825806,0.3283948600292206,0.04448790103197098,0.9743508100509644,0.798389196395874,0.32917970418930054,0.044481512159109116,0.9739653468132019,0.8097624778747559,0.32695162296295166,0.06177479028701782,0.9824220538139343,0.8127526044845581,0.3269193470478058,0.06180919334292412,0.9833359718322754,0.8159257769584656,0.32707151770591736,0.06172383576631546,0.9862511157989502,0.7977482080459595,0.33689382672309875,-0.06382425129413605,0.9716433882713318,0.8225945234298706,0.3350246250629425,0.010747105814516544,0.9910072684288025,0.801867663860321,0.3516547381877899,0.041183874011039734,0.9828364253044128,0.8082287907600403,0.35092562437057495,0.06275655329227448,0.9888046979904175,0.7800849676132202,0.4175874888896942,-0.14555825293064117,0.9804781675338745,0.8535963296890259,0.4081209897994995,0.027204984799027443,0.9828353524208069,0.7703052759170532,0.5212721228599548,-0.19067099690437317,0.8061966300010681,0.8362625241279602,0.5084542036056519,0.023488830775022507,0.4228562116622925,0.7507128715515137,0.6126163601875305,-0.1684015691280365,0.6591529250144958,0.8130931854248047,0.5811664462089539,-0.032734572887420654,0.29385435581207275,0.7485256791114807,0.6352642178535461,-0.19054843485355377,0.6081836819648743,0.8115698099136353,0.6006047129631042,-0.03688732162117958,0.2713869512081146,0.7467286586761475,0.6371612548828125,-0.18542426824569702,0.5969846248626709,0.8060261011123657,0.5998233556747437,-0.058129847049713135,0.27406471967697144,0.749945878982544,0.6302787065505981,-0.16510239243507385,0.5506429076194763,0.8049343228340149,0.592490017414093,-0.04274386912584305,0.2729499638080597,0.7876893281936646,0.6071426272392273,-0.042685963213443756,0.9524676203727722,0.8355069160461426,0.6159844994544983,0.04247596487402916,0.9595106244087219,0.7496828436851501,0.6853426098823547,0.13152079284191132,0.762532114982605,0.8140664100646973,0.734420120716095,0.1374940425157547,0.6959978938102722,0.7310593128204346,0.7866250276565552,0.306218683719635,0.6385199427604675,0.8175915479660034,0.8985684514045715,0.18143948912620544,0.6268095374107361,0.7291701436042786,0.8161040544509888,0.32357460260391235,0.631242036819458,0.8168122172355652,0.9266666769981384,0.18497443199157715,0.6273110508918762,0.6977800130844116,0.7717283964157104,0.3066897690296173,0.5291725397109985,0.7935773134231567,0.8909368515014648,0.14554718136787415,0.5317145586013794
10,0.7947580218315125,0.33565768599510193,0.07910246402025223,0.9823312163352966,0.7941774129867554,0.32584840059280396,0.04724155366420746,0.9787160158157349,0.7922302484512329,0.32664331793785095,0.04721372574567795,0.9768787026405334,0.7901918292045593,0.32755860686302185,0.04719322919845581,0.9765266180038452,0.8007980585098267,0.3249628245830536,0.0653352290391922,0.9841368198394775,0.8037071228027344,0.3250548541545868,0.06536002457141876,0.9849618077278137,0.8068914413452148,0.3253127336502075,0.06526343524456024,0.9875780940055847,0.7897258400917053,0.33575689792633057,-0.06417594850063324,0.9744370579719543,0.8133495450019836,0.33358320593833923,0.013598221354186535,0.9918506741523743,0.7924109697341919,0.3490080237388611,0.04357699304819107,0.9845211505889893,0.7986054420471191,0.34838199615478516,0.06609750539064407,0.9898965954780579,0.7701430916786194,0.41486385464668274,-0.14642509818077087,0.9824170470237732,0.8444123268127441,0.4072168469429016,0.029908936470746994,0.9845301508903503,0.76654452085495,0.5176445245742798,-0.19090336561203003,0.8117616176605225,0.8480982780456543,0.5010356903076172,0.03784724324941635,0.42087942361831665,0.7513980865478516,0.6122333407402039,-0.1686265617609024,0.662391722202301,0.8467594385147095,0.5641352534294128,0.013566973619163036,0.28544291853904724,0.7502493262290955,0.6355852484703064,-0.18735066056251526,0.6083089113235474,0.8583831787109375,0.5822123289108276,0.013405290432274342,0.26384347677230835,0.7487331628799438,0.6372474431991577,-0.18450206518173218,0.5959615111351013,0.8530970811843872,0.5788143873214722,-0.0036426931619644165,0.26630258560180664,0.7515448331832886,0.630018949508667,-0.16587892174720764,0.5460352301597595,0.8469487428665161,0.5725643038749695,0.005663617514073849,0.2634880244731903,0.7814260125160217,0.6039270162582397,-0.046966440975666046,0.9571836590766907,0.8272674679756165,0.6096486449241638,0.046770937740802765,0.9635464549064636,0.7440298199653625,0.6819953918457031,0.12417066097259521,0.7838162779808044,0.8091608881950378,0.7299776077270508,0.10832597315311432,0.7217081189155579,0.7316772937774658,0.7850796580314636,0.3038709759712219,0.6707800030708313,0.817315936088562,0.889266312122345,0.1442660689353943,0.661074161529541,0.7313226461410522,0.8135254979133606,0.3220013380050659,0.6629033088684082,0.8178626298904419,0.9180149435997009,0.1461634784936905,0.6597493886947632,0.6969712972640991,0.7754695415496826,0.3040775954723358,0.555095911026001,0.7934457063674927,0.8896714448928833,0.10126684606075287,0.5621150732040405
11,0.7872164249420166,0.3314153552055359,0.08791625499725342,0.9840568900108337,0.7867206335067749,0.3220660984516144,0.05815945938229561,0.9807514548301697,0.7847173810005188,0.32283180952072144,0.058129627257585526,0.9791129231452942,0.7825743556022644,0.32375389337539673,0.05811719223856926,0.9787759780883789,0.7933238744735718,0.3215259611606598,0.07627560198307037,0.9856404662132263,0.7962589263916016,0.32182610034942627,0.07628616690635681,0.986392617225647,0.7993546724319458,0.3222872018814087,0.07618765532970428,0.9887314438819885,0.7814844846725464,0.3324533998966217,-0.04906383156776428,0.9769008159637451,0.805432140827179,0.33089250326156616,0.02907969057559967,0.9925423860549927,0.7841890454292297,0.34505516290664673,0.05398185923695564,0.9860031604766846,0.7906020879745483,0.3448241949081421,0.07607082277536392,0.9908525943756104,0.7576086521148682,0.40997231006622314,-0.14655756950378418,0.9841532111167908,0.8324306607246399,0.4014750123023987,0.05227934196591377,0.9860486388206482,0.760360598564148,0.5118406414985657,-0.19242611527442932,0.8114160895347595,0.8242020606994629,0.49835196137428284,0.02584552764892578,0.39068594574928284,0.7491645216941833,0.6079946756362915,-0.1705794334411621,0.651538610458374,0.8130457997322083,0.5707710385322571,-0.0513211190700531,0.2667867839336395,0.7498059868812561,0.6313623785972595,-0.19071969389915466,0.5951728820800781,0.8142305612564087,0.5893277525901794,-0.05660111457109451,0.24851487576961517,0.7489373087882996,0.634212076663971,-0.18602195382118225,0.5817326307296753,0.809234619140625,0.5858888626098633,-0.0748453140258789,0.2507616877555847,0.7518764734268188,0.627406120300293,-0.16780157387256622,0.532281219959259,0.8074056506156921,0.5798021554946899,-0.061263829469680786,0.24756158888339996,0.7749210596084595,0.6010503768920898,-0.05578380823135376,0.9614210724830627,0.8203385472297668,0.606015145778656,0.05564854294061661,0.9671783447265625,0.7479232549667358,0.6808546185493469,0.12038148939609528,0.8043578267097473,0.8029384613037109,0.725933849811554,0.11157752573490143,0.746174156665802,0.7296179533004761,0.7889915108680725,0.2728273868560791,0.7016785740852356,0.8163178563117981,0.876923143863678,0.1484283059835434,0.6931018233299255,0.73046875,0.8163295984268188,0.2897326350212097,0.6938435435295105,0.818295955657959,0.9050091505050659,0.15037284791469574,0.6907009482383728,0.6959728002548218,0.7814797759056091,0.2702772915363312,0.5841748118400574,0.7929474711418152,0.8884648084640503,0.10596098005771637,0.5938937664031982
12,0.7767208814620972,0.3270835876464844,0.0784911960363388,0.9855197668075562,0.7763656973838806,0.3178045451641083,0.047269973903894424,0.9824531674385071,0.7745638489723206,0.31841129064559937,0.04725565016269684,0.9810027480125427,0.7726477384567261,0.3191699981689453,0.04722563549876213,0.9806756973266602,0.7828261256217957,0.31722164154052734,0.06688731163740158,0.9868324995040894,0.7856405377388,0.31738999485969543,0.06689289957284927,0.9875156283378601,0.7886050939559937,0.31774261593818665,0.06680889427661896,0.9896038174629211,0.7719517350196838,0.32790759205818176,-0.06124113127589226,0.9789847731590271,0.7958104610443115,0.3263813257217407,0.02482776530086994,0.9929593801498413,0.7739912867546082,0.34055987000465393,0.04411932826042175,0.9872717261314392,0.7806952595710754,0.34047433733940125,0.06859274953603745,0.9916301965713501,0.7481082081794739,0.40390029549598694,-0.1618894785642624,0.9857218861579895,0.8273482322692871,0.39561063051223755,0.05189726501703262,0.9873460531234741,0.7526876330375671,0.5060060024261475,-0.19697651267051697,0.8210602402687073,0.8226963877677917,0.4925174117088318,0.03716563433408737,0.3746795058250427,0.7468855381011963,0.6013955473899841,-0.16527023911476135,0.6424940824508667,0.8186843991279602,0.5704730153083801,-0.013605010695755482,0.24794435501098633,0.7486323118209839,0.6256592273712158,-0.18496719002723694,0.5819125771522522,0.8200169801712036,0.5904513001441956,-0.019989626482129097,0.2315116822719574,0.7483052015304565,0.6289241313934326,-0.1819991171360016,0.5677829384803772,0.8153583407402039,0.5886183381080627,-0.03977423533797264,0.233503520488739,0.7501901984214783,0.6218029260635376,-0.16326135396957397,0.5182406902313232,0.8136507272720337,0.5810367465019226,-0.024411477148532867,0.2305573672056198,0.7676582932472229,0.5947905778884888,-0.07315153628587723,0.9652491211891174,0.8107765913009644,0.5957114100456238,0.07303747534751892,0.970423698425293,0.7517327070236206,0.686224102973938,0.10256662219762802,0.8222543597221375,0.7863557934761047,0.7094051241874695,0.1815657764673233,0.7626717686653137,0.7319315075874329,0.7913773655891418,0.26199063658714294,0.7300803661346436,0.7990305423736572,0.8424475789070129,0.3015703558921814,0.7198014855384827,0.7348676919937134,0.8220975399017334,0.2781902849674225,0.7208995819091797,0.8171883821487427,0.8870840668678284,0.31188473105430603,0.7158663868904114,0.6975197196006775,0.786959707736969,0.22214798629283905,0.6194080710411072,0.7665512561798096,0.8581342697143555,0.268147349357605,0.6233975291252136
13,0.7731105089187622,0.32323089241981506,0.07429666817188263,0.9868135452270508,0.7720862627029419,0.3138217628002167,0.04253640025854111,0.9840448498725891,0.7702561616897583,0.3142665922641754,0.04256141185760498,0.9827427864074707,0.7683069109916687,0.3148753345012665,0.0425528958439827,0.9824238419532776,0.7782103419303894,0.31334051489830017,0.06455855816602707,0.9879255294799805,0.7807943820953369,0.31343862414360046,0.0645497664809227,0.9885458946228027,0.7835177779197693,0.3137185275554657,0.06446662545204163,0.990420937538147,0.768019437789917,0.32339540123939514,-0.06553046405315399,0.9808962345123291,0.7907730937004089,0.3223573863506317,0.02884376421570778,0.9934275150299072,0.7710304260253906,0.3364171087741852,0.039950545877218246,0.9884074926376343,0.777192234992981,0.33654817938804626,0.06749498844146729,0.992322564125061,0.7462835311889648,0.4000581204891205,-0.16652771830558777,0.9871172904968262,0.8227494955062866,0.391925185918808,0.0684216171503067,0.9883984327316284,0.7450264096260071,0.5017070174217224,-0.19587592780590057,0.8332330584526062,0.8120492696762085,0.48584774136543274,0.07162237167358398,0.349287211894989,0.7416273355484009,0.5974277257919312,-0.13957633078098297,0.6359996795654297,0.794776439666748,0.5442114472389221,0.03129001334309578,0.2272540181875229,0.7429037690162659,0.621071994304657,-0.15441414713859558,0.569327175617218,0.7946209907531738,0.5591710805892944,0.036801528185606,0.2129533439874649,0.7446438074111938,0.624106228351593,-0.1453857719898224,0.5555019974708557,0.7888896465301514,0.5562035441398621,0.01418539322912693,0.21474897861480713,0.7464900016784668,0.615925669670105,-0.1353786736726761,0.5068944096565247,0.787591814994812,0.5501480102539062,0.019673924893140793,0.21228119730949402,0.7602480053901672,0.5871759057044983,-0.0827815979719162,0.9686774015426636,0.8021771311759949,0.585953950881958,0.08263393491506577,0.9732899069786072,0.7626951932907104,0.6912515759468079,0.02238251268863678,0.8371570110321045,0.772966206073761,0.6958848834037781,0.1846456378698349,0.7597846984863281,0.7834147214889526,0.7942283153533936,0.12295825779438019,0.7546899914741516,0.7689309120178223,0.8192985653877258,0.30430155992507935,0.7354600429534912,0.7962843179702759,0.8301250338554382,0.13191990554332733,0.745090126991272,0.7659163475036621,0.8378480672836304,0.3154822885990143,0.7322824597358704,0.7559716105461121,0.8335479497909546,0.07843725383281708,0.6499467492103577,0.7353272438049316,0.8387702107429504,0.28003019094467163,0.639282763004303
14,0.772529125213623,0.3182028830051422,0.06436668336391449,0.9880480170249939,0.7701080441474915,0.3082912266254425,0.0316823311150074,0.9855229258537292,0.7680836915969849,0.30870065093040466,0.031701717525720596,0.9843654632568359,0.7658466696739197,0.30929088592529297,0.031676121056079865,0.9840657114982605,0.7764325141906738,0.3079482913017273,0.0512535460293293,0.9889891743659973,0.7790018320083618,0.3080814480781555,0.051245760172605515,0.9895554184913635,0.7816311717033386,0.30840492248535156,0.051182329654693604,0.9912347197532654,0.7648457288742065,0.3176755905151367,-0.08016921579837799,0.9826755523681641,0.7889788746833801,0.3170170187950134,0.005662157200276852,0.9939186573028564,0.7704086899757385,0.3313598334789276,0.029316525906324387,0.9894902110099792,0.7769586443901062,0.33124586939811707,0.05392179638147354,0.9930155277252197,0.745930016040802,0.3961126506328583,-0.17034466564655304,0.9883893728256226,0.8209457397460938,0.38665851950645447,0.03613300248980522,0.9894735217094421,0.7424181699752808,0.49915871024131775,-0.19531120359897614,0.8426547646522522,0.8082345724105835,0.4891996681690216,0.06742686778306961,0.35490766167640686,0.7358543276786804,0.5950344800949097,-0.14166447520256042,0.629024863243103,0.8015338778495789,0.5504987239837646,0.05741540342569351,0.21276625990867615,0.7366160750389099,0.6166570782661438,-0.15729033946990967,0.5571913719177246,0.8031975030899048,0.5684802532196045,0.05880584567785263,0.19901275634765625,0.7390002012252808,0.6199096441268921,-0.1510128378868103,0.5429856181144714,0.7985719442367554,0.5660982728004456,0.03918810933828354,0.2004936784505844,0.7403517365455627,0.613411545753479,-0.13839195668697357,0.49382901191711426,0.7965459227561951,0.5587602257728577,0.047954920679330826,0.19842331111431122,0.7517831325531006,0.5753799080848694,-0.07790260016918182,0.9717832207679749,0.7956104278564453,0.574089765548706,0.0777568444609642,0.9759197235107422,0.7515835762023926,0.6854222416877747,0.0645778477191925,0.8503434062004089,0.7660163044929504,0.6811637282371521,0.18937601149082184,0.7724738717079163,0.748867928981781,0.7969209551811218,0.20904679596424103,0.7768257856369019,0.7752410173416138,0.8116690516471863,0.31411030888557434,0.7540019154548645,0.7635164856910706,0.8252856135368347,0.22261114418506622,0.7668341398239136,0.7838494181632996,0.8309882879257202,0.3262125849723816,0.7503910660743713,0.7129701972007751,0.8015082478523254,0.10544992983341217,0.674871563911438,0.7523823380470276,0.8241223096847534,0.2878567576408386,0.6539462804794312
15,0.7687188386917114,0.31504586338996887,0.06911877542734146,0.9891207814216614,0.765753984451294,0.30464082956314087,0.03665116801857948,0.9867955446243286,0.7636551856994629,0.3049221336841583,0.036662403494119644,0.9857832789421082,0.7614166140556335,0.3053433299064636,0.03664072975516319,0.9854974150657654,0.7721585631370544,0.3042295277118683,0.05633939430117607,0.9898756146430969,0.7747453451156616,0.3042442500591278,0.0563356876373291,0.990397036075592,0.7773952484130859,0.3044665455818176,0.05625683814287186,0.9918837547302246,0.7604793906211853,0.3125075697898865,-0.07581590116024017,0.984222412109375,0.7842901349067688,0.3125182092189789,0.008094067685306072,0.994275689125061,0.7670454382896423,0.3274499773979187,0.03392666205763817,0.9904276132583618,0.7736748456954956,0.3273599445819855,0.058681607246398926,0.9935961365699768,0.7405105829238892,0.39184659719467163,-0.16810427606105804,0.9895308613777161,0.8210827708244324,0.3825504183769226,0.03737672418355942,0.9904118776321411,0.7316845655441284,0.48993369936943054,-0.18599292635917664,0.8501089215278625,0.8115501403808594,0.47485828399658203,0.10393412411212921,0.3471074104309082,0.7241972088813782,0.584698498249054,-0.12826034426689148,0.6212351322174072,0.8013065457344055,0.5208613276481628,0.16108562052249908,0.19719359278678894,0.7228061556816101,0.6047317981719971,-0.1424291431903839,0.5477316379547119,0.8026658892631531,0.5340920090675354,0.17133261263370514,0.18525683879852295,0.7244020104408264,0.6064567565917969,-0.13940709829330444,0.533250629901886,0.797234833240509,0.5303924083709717,0.15282292664051056,0.1866530030965805,0.7279072999954224,0.6002817153930664,-0.1260300725698471,0.482901394367218,0.7950390577316284,0.5250345468521118,0.15364475548267365,0.18507587909698486,0.7436765432357788,0.5705147981643677,-0.07646152377128601,0.9745773673057556,0.7915496230125427,0.5694302916526794,0.07631081342697144,0.9782798290252686,0.7405073046684265,0.6779941320419312,0.08705441653728485,0.8631799817085266,0.7747682332992554,0.6738165616989136,0.1953078806400299,0.7873216867446899,0.7355901002883911,0.7943305969238281,0.2384527027606964,0.7971802353858948,0.7757841348648071,0.7955692410469055,0.32410627603530884,0.7718765139579773,0.7458842396736145,0.8184521794319153,0.25411227345466614,0.7873397469520569,0.7775329947471619,0.8157575726509094,0.33743271231651306,0.768325686454773,0.6989401578903198,0.7884379625320435,0.19749963283538818,0.6963843703269958,0.7560602426528931,0.8027447462081909,0.3077651858329773,0.6640561819076538
16,0.7645447850227356,0.31193721294403076,0.07053117454051971,0.989985466003418,0.761339545249939,0.30177825689315796,0.03800016641616821,0.9878525137901306,0.7592905759811401,0.3020842373371124,0.03799666836857796,0.9869741797447205,0.7571367621421814,0.3024965524673462,0.03796708583831787,0.9867095351219177,0.7676379680633545,0.301059752702713,0.05849321559071541,0.990527331829071,0.7701107263565063,0.30090925097465515,0.05849514156579971,0.9909961223602295,0.7727133631706238,0.30092188715934753,0.05840585380792618,0.992276132106781,0.7566749453544617,0.30907881259918213,-0.07202506065368652,0.9855321645736694,0.7792912125587463,0.30815351009368896,0.007950844243168831,0.9943082928657532,0.7637054920196533,0.3237324357032776,0.03655724972486496,0.9911984205245972,0.7700477838516235,0.32317301630973816,0.06071531027555466,0.9940082430839539,0.7391268014907837,0.38435542583465576,-0.1614062488079071,0.9905596375465393,0.8194010853767395,0.3779730796813965,0.03643638268113136,0.9910895228385925,0.726230263710022,0.48408302664756775,-0.17697349190711975,0.8601316213607788,0.8158364295959473,0.4661621153354645,0.10843169689178467,0.3330361247062683,0.7137293219566345,0.5698989629745483,-0.1158442273736,0.6282424926757812,0.7926466464996338,0.5060251355171204,0.1735471487045288,0.1821824163198471,0.7133640050888062,0.5909900665283203,-0.1302061229944229,0.5516024827957153,0.7909225225448608,0.5175384879112244,0.1841088831424713,0.1720263510942459,0.7130258083343506,0.5909007787704468,-0.12683677673339844,0.5368665456771851,0.7843220829963684,0.5141689777374268,0.16488197445869446,0.17326290905475616,0.7147125005722046,0.5837125778198242,-0.11355017125606537,0.484611839056015,0.7832911610603333,0.5093001127243042,0.16557514667510986,0.17213799059391022,0.7418736219406128,0.5642444491386414,-0.07583729177713394,0.9770902991294861,0.7878401279449463,0.560478925704956,0.07561207562685013,0.9803506731987,0.7380783557891846,0.6733525991439819,0.08716685324907303,0.8737490773200989,0.7600568532943726,0.6549050211906433,0.20577450096607208,0.7945265173912048,0.738045334815979,0.7940478920936584,0.23562797904014587,0.8143542408943176,0.7643806338310242,0.7746632695198059,0.3461114168167114,0.7827022671699524,0.7471058964729309,0.8168415427207947,0.2512013614177704,0.8045357465744019,0.7699776291847229,0.8011369705200195,0.3610653281211853,0.781406044960022,0.7017812132835388,0.7905312776565552,0.1988975703716278,0.7132710814476013,0.7472712993621826,0.7893164157867432,0.33436405658721924,0.6643573641777039
17,0.7579618692398071,0.3117826282978058,0.051113277673721313,0.9907052516937256,0.7555063962936401,0.3005918562412262,0.01746842823922634,0.9887818098068237,0.7537170052528381,0.30086377263069153,0.01742803119122982,0.9880344867706299,0.7517890930175781,0.3012178838253021,0.017387740314006805,0.9877822399139404,0.7615295648574829,0.2998116910457611,0.03433018550276756,0.9910826683044434,0.7639390826225281,0.29965004324913025,0.034337300807237625,0.9915176630020142,0.7664890885353088,0.29962000250816345,0.03424385190010071,0.9925593137741089,0.7520764470100403,0.3073757588863373,-0.09295281022787094,0.9867292046546936,0.7734432220458984,0.3062095046043396,-0.020134899765253067,0.9943513870239258,0.7579528093338013,0.3230113089084625,0.017304906621575356,0.9918764233589172,0.7636582851409912,0.3226444125175476,0.0383509024977684,0.9943304061889648,0.7379158139228821,0.3809846043586731,-0.1758420765399933,0.9914981126785278,0.8121347427368164,0.37477028369903564,0.011166940443217754,0.9918066263198853,0.7259067296981812,0.4810197651386261,-0.17937657237052917,0.8716092705726624,0.8148506879806519,0.46423017978668213,0.09868557751178741,0.3211871385574341,0.7020606994628906,0.5693716406822205,-0.1198718398809433,0.6545217633247375,0.7919650673866272,0.5086807608604431,0.17993351817131042,0.17220023274421692,0.6988283395767212,0.5874654054641724,-0.13428418338298798,0.5785372853279114,0.7906631827354431,0.5214583277702332,0.19196949899196625,0.16309767961502075,0.6988089084625244,0.5869007110595703,-0.13178934156894684,0.5642426013946533,0.7856324911117554,0.5184708833694458,0.17501895129680634,0.16410864889621735,0.7009098529815674,0.5812357068061829,-0.11734404414892197,0.5097143650054932,0.7845801115036011,0.5136977434158325,0.17351868748664856,0.1636234074831009,0.7384223937988281,0.5687288641929626,-0.07456009835004807,0.9793687462806702,0.7817173600196838,0.5614427328109741,0.07448957860469818,0.9822349548339844,0.735683798789978,0.6773720979690552,0.1072353720664978,0.8826484680175781,0.7524204850196838,0.6416042447090149,0.24913880228996277,0.7810481190681458,0.7357216477394104,0.7932916283607483,0.2644985318183899,0.828102707862854,0.7570987939834595,0.7564581036567688,0.432341992855072,0.7742244601249695,0.7433254718780518,0.8178086876869202,0.2805846333503723,0.8162283897399902,0.7598624229431152,0.7869213223457336,0.45218712091445923,0.7784087061882019,0.6989376544952393,0.787774384021759,0.24127297103405,0.7272046208381653,0.7341123819351196,0.7691661715507507,0.4359155297279358,0.6557295322418213
18,0.754590630531311,0.30781400203704834,0.05943012982606888,0.9913215041160583,0.7525517344474792,0.29658132791519165,0.026083897799253464,0.9896200299263,0.750869631767273,0.29682886600494385,0.026044627651572227,0.9889777898788452,0.7490040063858032,0.29719558358192444,0.025997836142778397,0.9887385964393616,0.7581730484962463,0.29599544405937195,0.041935995221138,0.9916067123413086,0.760409951210022,0.2959224283695221,0.041948042809963226,0.9920138716697693,0.762790322303772,0.29597029089927673,0.04185926541686058,0.9928513765335083,0.7487871646881104,0.30362898111343384,-0.08519461750984192,0.9878427386283875,0.7690592408180237,0.3025784492492676,-0.018555710092186928,0.99444180727005,0.7545756101608276,0.3193880021572113,0.025137651711702347,0.9924928545951843,0.7598028182983398,0.3191342353820801,0.0452730618417263,0.9945806264877319,0.7330683469772339,0.3769230842590332,-0.17257632315158844,0.9923452734947205,0.8062717318534851,0.37417498230934143,0.009916105307638645,0.9924940466880798,0.7211559414863586,0.4775134325027466,-0.16267627477645874,0.8832699656486511,0.8136968612670898,0.4680427312850952,0.09837701916694641,0.33980974555015564,0.6938902139663696,0.5609090328216553,-0.09295856207609177,0.6817958354949951,0.7963861227035522,0.522473156452179,0.14344431459903717,0.1771344691514969,0.6875811219215393,0.5784084796905518,-0.10391676425933838,0.6065906882286072,0.7930318117141724,0.5354334115982056,0.14924868941307068,0.16504992544651031,0.6874628067016602,0.5767160654067993,-0.10294518619775772,0.5927886366844177,0.7897749543190002,0.5344809293746948,0.13671405613422394,0.16501519083976746,0.6896732449531555,0.5706891417503357,-0.09060224145650864,0.5375384092330933,0.789979875087738,0.526828944683075,0.13782945275306702,0.16408215463161469,0.734146237373352,0.5666534900665283,-0.07289175689220428,0.9814247488975525,0.7764612436294556,0.5594421625137329,0.07273844629526138,0.9839249849319458,0.7343428134918213,0.6759793162345886,0.11247505992650986,0.8910268545150757,0.7451308369636536,0.621514081954956,0.2768283188343048,0.7451444864273071,0.7370017766952515,0.7889058589935303,0.2979145050048828,0.8369480967521667,0.7419101595878601,0.7252349853515625,0.49040740728378296,0.740344226360321,0.7424449920654297,0.8132648468017578,0.3168504238128662,0.8167566061019897,0.7454195618629456,0.7470328211784363,0.5130130648612976,0.7557746171951294,0.6993395686149597,0.7856444716453552,0.2790154814720154,0.7327960133552551,0.7141171097755432,0.7271438837051392,0.5059026479721069,0.6311730742454529
19,0.7504420876502991,0.3050703704357147,0.05997879430651665,0.9918240308761597,0.7487547993659973,0.29399314522743225,0.026875192299485207,0.990314245223999,0.7471427321434021,0.29427671432495117,0.026818742975592613,0.9897733330726624,0.7453083395957947,0.29471370577812195,0.026754681020975113,0.9895459413528442,0.7542130351066589,0.2934250831604004,0.04129750654101372,0.9920280575752258,0.756443440914154,0.29337432980537415,0.041306328028440475,0.9924048781394958,0.7588303685188293,0.2934459149837494,0.04121312126517296,0.9930338263511658,0.7451580166816711,0.301466166973114,-0.08320730924606323,0.9887993931770325,0.764949381351471,0.3002043664455414,-0.02024368941783905,0.9944643378257751,0.7504386901855469,0.3169223368167877,0.02647216245532036,0.9930267333984375,0.7554002404212952,0.3164711892604828,0.044824838638305664,0.9947701096534729,0.7286585569381714,0.3737306594848633,-0.16848120093345642,0.9931066036224365,0.8016101121902466,0.3734244406223297,0.008066458627581596,0.9931229948997498,0.7191867232322693,0.47133132815361023,-0.15539082884788513,0.8939365744590759,0.8098405003547668,0.46732792258262634,0.09124566614627838,0.3757525384426117,0.6848870515823364,0.5476802587509155,-0.08662004768848419,0.70792156457901,0.7986918687820435,0.5282560586929321,0.1519036740064621,0.19369502365589142,0.6789232492446899,0.5666884779930115,-0.09689055383205414,0.6344432234764099,0.7959245443344116,0.5430968403816223,0.1592896431684494,0.17636510729789734,0.6777931451797485,0.5634937286376953,-0.09554137289524078,0.6212849020957947,0.791301965713501,0.5403582453727722,0.14763173460960388,0.1749725192785263,0.6803175210952759,0.5573878884315491,-0.08376722037792206,0.5659455060958862,0.7913227677345276,0.5338879823684692,0.14716197550296783,0.17289255559444427,0.7271842360496521,0.5600771307945251,-0.07207052409648895,0.983269453048706,0.7687309980392456,0.5566640496253967,0.07196000218391418,0.9854222536087036,0.7303785681724548,0.6759275794029236,0.10574885457754135,0.8978280425071716,0.7379271984100342,0.6287245154380798,0.2578650414943695,0.7185553312301636,0.734561026096344,0.7899115085601807,0.2783774435520172,0.8427600264549255,0.729184627532959,0.737467348575592,0.4511083662509918,0.7114022970199585,0.7378836870193481,0.8144720196723938,0.2959456145763397,0.8185067772865295,0.732207179069519,0.7600265145301819,0.4713577628135681,0.7375558614730835,0.6987588405609131,0.7857769131660461,0.25859588384628296,0.7345359325408936,0.705535888671875,0.7480952739715576,0.45720672607421875,0.6089342832565308
20,0.7449969053268433,0.3039242625236511,0.05236887186765671,0.9923983216285706,0.7435555458068848,0.2932771146297455,0.019815485924482346,0.9910574555397034,0.7419740557670593,0.29362159967422485,0.01975122280418873,0.9905881285667419,0.740174412727356,0.2941063344478607,0.019679322838783264,0.9903664588928223,0.7489124536514282,0.2927446663379669,0.034391138702631,0.9925647377967834,0.7513110637664795,0.2927546501159668,0.03439617529511452,0.9929074048995972,0.7539180517196655,0.2928653955459595,0.0343032106757164,0.9934072494506836,0.7401968836784363,0.3010656535625458,-0.08778943121433258,0.9897352457046509,0.761108934879303,0.2995862364768982,-0.022788090631365776,0.9947143197059631,0.7452101707458496,0.31584432721138,0.019840357825160027,0.993564784526825,0.7499810457229614,0.3154922425746918,0.03831145167350769,0.9950466156005859,0.7238407731056213,0.3720147907733917,-0.16795171797275543,0.9937903881072998,0.796775758266449,0.3723115026950836,0.005784957204014063,0.9937281012535095,0.7133610844612122,0.46762996912002563,-0.16029703617095947,0.9036680459976196,0.8033340573310852,0.4659247398376465,0.08828853070735931,0.41463539004325867,0.6764375567436218,0.5379342436790466,-0.09445344656705856,0.7311662435531616,0.7953628897666931,0.5283958315849304,0.1468046009540558,0.21864023804664612,0.6700554490089417,0.5556659698486328,-0.1045016497373581,0.6586995720863342,0.7937189936637878,0.5451194047927856,0.15297745168209076,0.19393616914749146,0.6694630980491638,0.552295446395874,-0.10405681282281876,0.646182656288147,0.7905952334403992,0.5474668741226196,0.14228124916553497,0.1909847855567932,0.6724872589111328,0.5471189022064209,-0.09201741963624954,0.5910139679908752,0.789603590965271,0.541222333908081,0.14235647022724152,0.1876235455274582,0.7209684252738953,0.5572845935821533,-0.07256130129098892,0.9849247336387634,0.7609354257583618,0.5568933486938477,0.07230252772569656,0.9867672324180603,0.7277177572250366,0.6744364500045776,0.10276011377573013,0.90358567237854,0.7310870885848999,0.6342509984970093,0.25521209836006165,0.6975478529930115,0.7338800430297852,0.7895479798316956,0.27522629499435425,0.8465694189071655,0.7260953187942505,0.7450201511383057,0.4429529309272766,0.6862006187438965,0.7379739880561829,0.8154914379119873,0.2927573323249817,0.8195319175720215,0.7315142750740051,0.7676120400428772,0.4626604914665222,0.7214347720146179,0.6998172402381897,0.7865775227546692,0.2538098990917206,0.7349092960357666,0.7001036405563354,0.7544167041778564,0.4459909498691559,0.5901622772216797
21,0.7421005964279175,0.30441901087760925,0.059390872716903687,0.9930241107940674,0.7400153279304504,0.2940191924571991,0.027573496103286743,0.9918407201766968,0.7382221817970276,0.2943969666957855,0.027535825967788696,0.9914215207099915,0.7362427115440369,0.2949002683162689,0.027467211708426476,0.9912081956863403,0.7459336519241333,0.2933027148246765,0.03636767715215683,0.9931758642196655,0.7484785914421082,0.2932339012622833,0.036380961537361145,0.9934889078140259,0.7511719465255737,0.29325738549232483,0.0362505167722702,0.993901252746582,0.7355806231498718,0.30175527930259705,-0.07452932000160217,0.9906519055366516,0.7576835751533508,0.29983070492744446,-0.01822921447455883,0.9950742721557617,0.7416161298751831,0.31591877341270447,0.029902737587690353,0.994124174118042,0.7468801736831665,0.3155263066291809,0.03849194943904877,0.9954361319541931,0.7183420062065125,0.37102678418159485,-0.15067213773727417,0.9944080710411072,0.7917818427085876,0.3709767758846283,0.008365681394934654,0.9942981004714966,0.7076458930969238,0.4656306505203247,-0.13268494606018066,0.9117445945739746,0.7987379431724548,0.4610254466533661,0.08719367533922195,0.4555847942829132,0.6731743812561035,0.5313335657119751,-0.058737896382808685,0.7501532435417175,0.7960667014122009,0.5305584073066711,0.15399692952632904,0.2342396378517151,0.6655911207199097,0.5507398843765259,-0.06903339922428131,0.6782428026199341,0.7953882217407227,0.5469833612442017,0.16164302825927734,0.20455628633499146,0.6646950840950012,0.5466439127922058,-0.06751027703285217,0.6664673089981079,0.7911862134933472,0.5482845306396484,0.15157021582126617,0.20043548941612244,0.6667353510856628,0.5401105284690857,-0.05621257424354553,0.6102775931358337,0.7899864912033081,0.541995108127594,0.15043596923351288,0.1953863948583603,0.7172623872756958,0.5527324676513672,-0.07201676070690155,0.9864270687103271,0.7577162981033325,0.553714394569397,0.07178115099668503,0.9880518913269043,0.72529536485672,0.6691293716430664,0.09557661414146423,0.9103721380233765,0.7285298109054565,0.6237369775772095,0.2537386417388916,0.6885495781898499,0.7325739860534668,0.7881304025650024,0.2610403299331665,0.8571036458015442,0.7192317247390747,0.7287449240684509,0.45214027166366577,0.6818549633026123,0.7380894422531128,0.8148687481880188,0.27882176637649536,0.8309412598609924,0.7227513790130615,0.7492102980613708,0.4734112322330475,0.7241511940956116,0.7002978920936584,0.7862643599510193,0.2353251725435257,0.747036874294281,0.699553370475769,0.7328771948814392,0.461528480052948,0.5856077075004578
22,0.737126886844635,0.30558839440345764,0.059994615614414215,0.9936427474021912,0.734825611114502,0.29525506496429443,0.0282076895236969,0.9925856590270996,0.7329301238059998,0.2956503629684448,0.028170809149742126,0.9922114610671997,0.7309011220932007,0.2961615025997162,0.028112541884183884,0.9920136332511902,0.7408572435379028,0.2944507896900177,0.040502168238162994,0.9937664866447449,0.7434486150741577,0.2943357825279236,0.040510766208171844,0.9940451383590698,0.7461694478988647,0.2943142354488373,0.04039769619703293,0.9943807721138,0.7301365733146667,0.30286166071891785,-0.07300209254026413,0.9915165305137634,0.7526738047599792,0.3007466197013855,-0.018148498609662056,0.9954280257225037,0.7365096807479858,0.31677907705307007,0.03144386038184166,0.994668185710907,0.7419617176055908,0.316521555185318,0.042409591376781464,0.9958293437957764,0.7134886980056763,0.37088531255722046,-0.14554496109485626,0.9949659705162048,0.7870285511016846,0.37121957540512085,0.007235376629978418,0.9948298931121826,0.7020627856254578,0.4615403711795807,-0.1331096589565277,0.9196658134460449,0.7927995920181274,0.4594286382198334,0.08391134440898895,0.4975772798061371,0.6651007533073425,0.5218949317932129,-0.06643392890691757,0.7714636325836182,0.7952176332473755,0.5298467874526978,0.1503758728504181,0.25856536626815796,0.6570814847946167,0.5390289425849915,-0.0789673775434494,0.7025825381278992,0.7967600226402283,0.5465084314346313,0.15895724296569824,0.2214154154062271,0.6566624641418457,0.5352867841720581,-0.07543482631444931,0.6917202472686768,0.7925877571105957,0.5473543405532837,0.14846307039260864,0.2161562144756317,0.6598814129829407,0.5307218432426453,-0.06300091743469238,0.6359321475028992,0.7909747362136841,0.5408115983009338,0.14698272943496704,0.2084478735923767,0.7136226296424866,0.5515342950820923,-0.06719598919153214,0.98778235912323,0.7546135187149048,0.5511793494224548,0.06684071570634842,0.9892227649688721,0.7244766354560852,0.6706305742263794,0.06689626723527908,0.9181532859802246,0.7260010838508606,0.6175591349601746,0.2680131793022156,0.6846793293952942,0.7310993671417236,0.7889382839202881,0.20951397716999054,0.8696312308311462,0.7036465406417847,0.7001557946205139,0.501765251159668,0.6832093596458435,0.7366363406181335,0.8148549199104309,0.22435250878334045,0.8439267873764038,0.702140212059021,0.7209663987159729,0.5262047648429871,0.7274796366691589,0.7006910443305969,0.7865766882896423,0.17231731116771698,0.7655124068260193,0.6915165185928345,0.709604799747467,0.5123324394226074,0.5848798751831055
23,0.7341609001159668,0.30473920702934265,0.08191055804491043,0.9942266941070557,0.731664776802063,0.29439523816108704,0.05084611102938652,0.9932680726051331,0.7297094464302063,0.29481029510498047,0.05080437660217285,0.9929314255714417,0.7275533676147461,0.2953532934188843,0.05074101686477661,0.9927487373352051,0.7380102872848511,0.2935754060745239,0.05938452482223511,0.9943216443061829,0.7405343055725098,0.29345306754112244,0.05937429517507553,0.9945712089538574,0.7431833744049072,0.29342588782310486,0.059304118156433105,0.9948524832725525,0.7261512875556946,0.3022518455982208,-0.050636641681194305,0.9922834038734436,0.7492755651473999,0.299892395734787,-0.013927659019827843,0.9957646131515503,0.7329522371292114,0.31572166085243225,0.051711130887269974,0.9951595067977905,0.7389055490493774,0.31557589769363403,0.061210256069898605,0.9961909055709839,0.7082599997520447,0.37025901675224304,-0.11389100551605225,0.9954661726951599,0.7826446890830994,0.37067991495132446,0.002926246030256152,0.9952980875968933,0.6971035003662109,0.45808643102645874,-0.09110750257968903,0.9265696406364441,0.7887567281723022,0.4577241837978363,0.05062676593661308,0.5426881313323975,0.6624767184257507,0.5092162489891052,-0.013533556833863258,0.7882753014564514,0.7955113649368286,0.5281280875205994,0.10242073237895966,0.2893080413341522,0.6537750363349915,0.5234706997871399,-0.01995118148624897,0.7199244499206543,0.7976685762405396,0.5439226031303406,0.10904701799154282,0.24276135861873627,0.6537814140319824,0.5193830132484436,-0.01595482975244522,0.7098547220230103,0.7935816049575806,0.5447185039520264,0.10294879972934723,0.23588429391384125,0.6575480103492737,0.5152173638343811,-0.0094563327729702,0.652741551399231,0.7919011116027832,0.5376170873641968,0.10084621608257294,0.22406935691833496,0.709100067615509,0.5467775464057922,-0.05567655712366104,0.9890016913414001,0.7499881386756897,0.5465407967567444,0.05534413456916809,0.9902734160423279,0.7211693525314331,0.6676839590072632,0.035162873566150665,0.9253028035163879,0.7237362265586853,0.6153481006622314,0.2521759867668152,0.6907461285591125,0.7302784323692322,0.7886959910392761,0.127839595079422,0.881375253200531,0.6951833963394165,0.6915294528007507,0.4555720388889313,0.693075954914093,0.7354220151901245,0.8140532970428467,0.13690148293972015,0.8562924265861511,0.6907466650009155,0.7014381885528564,0.4775466024875641,0.7357482314109802,0.701526403427124,0.7871299386024475,0.07935716211795807,0.7836589217185974,0.6724380254745483,0.6895645260810852,0.4617706835269928,0.5912689566612244
24,0.7323274612426758,0.3006197512149811,0.10801444947719574,0.9947141408920288,0.7296649217605591,0.2904069721698761,0.07720661908388138,0.9938403964042664,0.7275672554969788,0.29087507724761963,0.07716584950685501,0.993536651134491,0.7253078818321228,0.29152119159698486,0.07709517329931259,0.9933585524559021,0.7363795042037964,0.2896933853626251,0.0832899883389473,0.9947783350944519,0.7388616800308228,0.28967005014419556,0.08326952159404755,0.9950066804885864,0.741615891456604,0.28976914286613464,0.08319731056690216,0.9952280521392822,0.7230721712112427,0.29911258816719055,-0.02550523541867733,0.9929289817810059,0.7474097609519958,0.2970418334007263,0.0002681572805158794,0.9960429668426514,0.7305612564086914,0.3119836747646332,0.07712233811616898,0.9955732822418213,0.7368253469467163,0.31180959939956665,0.08433439582586288,0.9964880347251892,0.7037338614463806,0.3676670491695404,-0.07715226709842682,0.9959134459495544,0.7792547941207886,0.36898088455200195,-0.00397173035889864,0.9957200288772583,0.6953555345535278,0.45474740862846375,-0.051095593720674515,0.9322138428688049,0.7826423645019531,0.4573063850402832,0.0390918105840683,0.5842680931091309,0.6613342761993408,0.503042995929718,0.026227649301290512,0.7986403703689575,0.7917070388793945,0.5260966420173645,0.10372772067785263,0.3119071125984192,0.6523975133895874,0.5161003470420837,0.021622002124786377,0.7264367938041687,0.7961999177932739,0.542871356010437,0.11039775609970093,0.2553219795227051,0.6524759531021118,0.5128007531166077,0.02663201093673706,0.716821014881134,0.7937561273574829,0.543957531452179,0.10444045066833496,0.2468644231557846,0.6566784977912903,0.5093398690223694,0.029871543869376183,0.6557416319847107,0.7901127934455872,0.5360202193260193,0.10226800292730331,0.23243266344070435,0.7034856677055359,0.5411518216133118,-0.03497094660997391,0.9900985956192017,0.7434487342834473,0.5426540970802307,0.03464541211724281,0.9912222623825073,0.7189487218856812,0.6635395884513855,0.04235108941793442,0.9310196042060852,0.7183826565742493,0.6170712113380432,0.1994611620903015,0.7032087445259094,0.7286113500595093,0.7869460582733154,0.15557175874710083,0.8910269737243652,0.6882075071334839,0.6979265213012695,0.4206886887550354,0.7052024006843567,0.732252299785614,0.8104158639907837,0.1664465218782425,0.8655731081962585,0.6819418668746948,0.7065562009811401,0.44416898488998413,0.7447504997253418,0.7046683430671692,0.7881907224655151,0.11191101372241974,0.7955795526504517,0.6722767353057861,0.7078675031661987,0.41801756620407104,0.594301164150238
25,0.7291373014450073,0.29810887575149536,0.09891907870769501,0.9951691031455994,0.7266908884048462,0.28792479634284973,0.06754999607801437,0.9943728446960449,0.7246757745742798,0.28831636905670166,0.06751201301813126,0.9940997362136841,0.7225237488746643,0.28887686133384705,0.06744393706321716,0.9939250349998474,0.7330933213233948,0.287423312664032,0.0752713531255722,0.9952089786529541,0.735474169254303,0.28745853900909424,0.075259730219841,0.9954172372817993,0.7381500005722046,0.2876020073890686,0.07519019395112991,0.9955885410308838,0.7205487489700317,0.29620757699012756,-0.03670971840620041,0.9935352802276611,0.7438022494316101,0.2949836850166321,-0.0002984180464409292,0.9963219165802002,0.7274502515792847,0.30932512879371643,0.06753159314393997,0.9959529638290405,0.7329555749893188,0.3091451823711395,0.07705899327993393,0.9967663288116455,0.7001826167106628,0.3654312491416931,-0.0926462784409523,0.9963172674179077,0.7753375768661499,0.3670555353164673,-0.011083124205470085,0.9961068630218506,0.6890671253204346,0.45217055082321167,-0.07602499425411224,0.9374521374702454,0.7778601050376892,0.45420509576797485,0.037661872804164886,0.6228387355804443,0.6579331159591675,0.5011088252067566,-0.009943893179297447,0.809141993522644,0.7898765206336975,0.5226729512214661,0.10661830008029938,0.335284024477005,0.6490852236747742,0.5156466364860535,-0.017226144671440125,0.7337329983711243,0.7952179312705994,0.5394271016120911,0.11348208039999008,0.26791056990623474,0.6511641144752502,0.5132054090499878,-0.01216197945177555,0.7244913578033447,0.7934824824333191,0.5406354069709778,0.1069834977388382,0.25789371132850647,0.654428243637085,0.5084556341171265,-0.006535789929330349,0.6596904993057251,0.7885977029800415,0.5327845811843872,0.10507889837026596,0.2409341186285019,0.6977795362472534,0.5375624895095825,-0.03774464875459671,0.9910845160484314,0.7392576336860657,0.538772463798523,0.03741367906332016,0.9920696020126343,0.7134964466094971,0.6578127145767212,0.04198019951581955,0.9358627200126648,0.7140258550643921,0.6182257533073425,0.1975523680448532,0.7148390412330627,0.7261781096458435,0.78228759765625,0.15393131971359253,0.8997312188148499,0.6830931901931763,0.7034551501274109,0.40354815125465393,0.7179086804389954,0.7299486398696899,0.8037744164466858,0.16447195410728455,0.8740835785865784,0.6764844655990601,0.7133861780166626,0.4241737425327301,0.7529036998748779,0.7060059309005737,0.7880265712738037,0.10837509483098984,0.8073542714118958,0.6779204607009888,0.7111316323280334,0.393748015165329,0.601469874382019
26,0.7259014844894409,0.2928709089756012,0.09914565831422806,0.9955993890762329,0.7237184643745422,0.2825649678707123,0.06805169582366943,0.9948633313179016,0.7217179536819458,0.28273093700408936,0.06802238523960114,0.9946168065071106,0.7195517420768738,0.2830861210823059,0.06796510517597198,0.9944453239440918,0.7299143075942993,0.2826300859451294,0.07575373351573944,0.9956085085868835,0.7322903871536255,0.28277212381362915,0.07574242353439331,0.9958003163337708,0.734950602054596,0.2830550968647003,0.07567775994539261,0.9959318041801453,0.7172951102256775,0.2900337278842926,-0.0376405268907547,0.9940893650054932,0.7404444813728333,0.2908259332180023,-0.0013084027450531721,0.9965707659721375,0.7240270376205444,0.30392149090766907,0.0671226978302002,0.9962964653968811,0.7292824983596802,0.30432620644569397,0.07661733031272888,0.9970189332962036,0.6968010663986206,0.3595619201660156,-0.1026398167014122,0.9966803193092346,0.7707891464233398,0.3634761869907379,-0.008358105085790157,0.9964644908905029,0.6858766078948975,0.4469742178916931,-0.0876612663269043,0.942509114742279,0.7729494571685791,0.45010024309158325,0.027700966224074364,0.6580786108970642,0.6582568883895874,0.4951576888561249,-0.013614323921501637,0.8172698020935059,0.780884861946106,0.5202775001525879,0.0801619216799736,0.36317428946495056,0.6496837139129639,0.5129300951957703,-0.017478760331869125,0.7374077439308167,0.787128210067749,0.5369295477867126,0.08917577564716339,0.286293089389801,0.6511417627334595,0.511049211025238,-0.010454494506120682,0.7284919023513794,0.7848449945449829,0.5372803211212158,0.08425557613372803,0.2745113968849182,0.6556668877601624,0.5052295923233032,-0.008986469358205795,0.6615391373634338,0.7794045209884644,0.5297611951828003,0.07915200293064117,0.25445833802223206,0.695636510848999,0.5312532186508179,-0.043718043714761734,0.9919706583023071,0.7366675734519958,0.5319520235061646,0.04340994358062744,0.9928311705589294,0.706696629524231,0.6547632813453674,0.03930581361055374,0.9411011934280396,0.7077042460441589,0.6145171523094177,0.20223800837993622,0.7248729467391968,0.7225024700164795,0.7716430425643921,0.11860799789428711,0.9084638953208923,0.6843863129615784,0.7036020159721375,0.362102210521698,0.733910858631134,0.7289575338363647,0.7892182469367981,0.12645359337329865,0.8843647241592407,0.6775867938995361,0.7126127481460571,0.377346009016037,0.7646099328994751,0.7060135006904602,0.7863043546676636,0.07625896483659744,0.8211139440536499,0.6775314211845398,0.7130792737007141,0.3473231792449951,0.615557074546814
27,0.7215093970298767,0.2898106276988983,0.08415108919143677,0.9960072040557861,0.7198252081871033,0.27952730655670166,0.05589712783694267,0.9953334927558899,0.7180072665214539,0.27958211302757263,0.055877745151519775,0.9951119422912598,0.7160016298294067,0.27981147170066833,0.05582689493894577,0.9949497580528259,0.7254411578178406,0.27973422408103943,0.0661771148443222,0.9959939122200012,0.7275705337524414,0.27985894680023193,0.0661744624376297,0.9961673021316528,0.7299741506576538,0.2801252603530884,0.06615836173295975,0.9962682127952576,0.7145038843154907,0.28643861413002014,-0.039830319583415985,0.9946275353431702,0.7356019616127014,0.2878221571445465,-0.0017688155639916658,0.996816873550415,0.7199844121932983,0.3005099892616272,0.053650300949811935,0.9966237545013428,0.724472165107727,0.3010558784008026,0.0667542815208435,0.9972638487815857,0.6952060461044312,0.354173481464386,-0.12302340567111969,0.9970097541809082,0.7662274241447449,0.3593524694442749,0.008752530440688133,0.9967910647392273,0.6840065121650696,0.4421260952949524,-0.11880580335855484,0.9476775527000427,0.769668698310852,0.4461555778980255,0.03969351202249527,0.6894687414169312,0.6572338342666626,0.4943442940711975,-0.03699278086423874,0.8299465775489807,0.7779765129089355,0.5190255641937256,0.07031439244747162,0.3968795835971832,0.649300754070282,0.5132914185523987,-0.039853885769844055,0.7507579326629639,0.7809339165687561,0.5325292944908142,0.07900746166706085,0.31458115577697754,0.6516081690788269,0.5130730867385864,-0.014674393460154533,0.7424463033676147,0.7783840894699097,0.5340561270713806,0.06857133656740189,0.3013021647930145,0.6547543406486511,0.5072361826896667,-0.027713695541024208,0.6762712597846985,0.7752367258071899,0.5275400876998901,0.06638556718826294,0.27796822786331177,0.6943855881690979,0.5239329934120178,-0.06866398453712463,0.9927701950073242,0.7342121005058289,0.5249891877174377,0.06830629706382751,0.9935263991355896,0.6999534964561462,0.6423018574714661,0.019985614344477654,0.9463931918144226,0.7038100957870483,0.6079161167144775,0.21269802749156952,0.7303899526596069,0.7200642824172974,0.7550961375236511,0.05871586874127388,0.9171745181083679,0.6876922845840454,0.702360987663269,0.3341245651245117,0.7529356479644775,0.7297910451889038,0.7699415683746338,0.06285107880830765,0.8951830267906189,0.6819127798080444,0.7105796933174133,0.34425684809684753,0.7803440690040588,0.7047840356826782,0.7855656743049622,0.014817090705037117,0.8373748064041138,0.6708644032478333,0.7145640850067139,0.3133726716041565,0.6411888003349304
28,0.7171663641929626,0.2853843569755554,0.05392807722091675,0.9963809251785278,0.7160344123840332,0.27554208040237427,0.027178943157196045,0.9957609176635742,0.7142746448516846,0.27564921975135803,0.02715294063091278,0.9955633282661438,0.712302029132843,0.2759298086166382,0.027103513479232788,0.9954079389572144,0.721535325050354,0.27560415863990784,0.039751164615154266,0.9963493347167969,0.7236512899398804,0.27568161487579346,0.039754562079906464,0.996508002281189,0.7260359525680542,0.2759140133857727,0.039731789380311966,0.9965844750404358,0.7109261751174927,0.2824760377407074,-0.06476317346096039,0.9951125383377075,0.7316892743110657,0.2839798331260681,-0.009666325524449348,0.9970517754554749,0.7154759168624878,0.2962471842765808,0.025299157947301865,0.9969136118888855,0.719825804233551,0.29683247208595276,0.04132731258869171,0.997478187084198,0.6918973922729492,0.34928637742996216,-0.14145055413246155,0.9973053336143494,0.7619203329086304,0.3545219600200653,0.012681297957897186,0.9970890283584595,0.6818951368331909,0.4403649866580963,-0.13631901144981384,0.951703667640686,0.7668313384056091,0.4433743357658386,0.048058465123176575,0.7164564728736877,0.6553167104721069,0.4967917799949646,-0.06317882984876633,0.8387657999992371,0.7723802328109741,0.5151286721229553,0.07345302402973175,0.4276984930038452,0.6470152735710144,0.5149967670440674,-0.07040020078420639,0.7594921588897705,0.775204598903656,0.5288745164871216,0.08254455029964447,0.3438131809234619,0.6489777565002441,0.5145089626312256,-0.056993238627910614,0.7516737580299377,0.7703537344932556,0.5294962525367737,0.06889230012893677,0.3292667865753174,0.6521158814430237,0.5092869997024536,-0.05622372031211853,0.6857280731201172,0.7684341073036194,0.5228866934776306,0.06834711879491806,0.30289554595947266,0.6916185617446899,0.5179159045219421,-0.07934167981147766,0.9934903979301453,0.7313874363899231,0.5192407369613647,0.07896099984645844,0.9941583275794983,0.694002628326416,0.6371670961380005,-0.0024470724165439606,0.9511504173278809,0.7017689943313599,0.6063200831413269,0.2378298044204712,0.7314479351043701,0.7160875797271729,0.73642897605896,0.008670995011925697,0.925077497959137,0.6865841746330261,0.7047850489616394,0.3348104655742645,0.7704128623008728,0.7291339635848999,0.7472074031829834,0.010574032552540302,0.9052224159240723,0.683448314666748,0.7147694826126099,0.34299522638320923,0.7959493398666382,0.7039114832878113,0.7820379734039307,-0.03637845814228058,0.8521538972854614,0.6676644086837769,0.715265154838562,0.31051239371299744,0.6644689440727234
29,0.7125985026359558,0.28047534823417664,0.0052797021344304085,0.9966784119606018,0.7117105722427368,0.2711161673069,-0.022779135033488274,0.996069073677063,0.7100573778152466,0.27133241295814514,-0.02279135398566723,0.9959008693695068,0.7081617116928101,0.27170702815055847,-0.022836146876215935,0.9957315921783447,0.7169800996780396,0.27090346813201904,-0.007819095626473427,0.9965875744819641,0.7190577983856201,0.27090421319007874,-0.00782974623143673,0.996739387512207,0.721366822719574,0.27104318141937256,-0.007881112396717072,0.9967718720436096,0.7070860862731934,0.2785828411579132,-0.11691298335790634,0.9954505562782288,0.7270318269729614,0.2791938781738281,-0.048940472304821014,0.9971390962600708,0.7110071778297424,0.2917388677597046,-0.023143019527196884,0.9971093535423279,0.7151036858558655,0.2919204533100128,-0.003940356895327568,0.9976105690002441,0.688811719417572,0.3465334177017212,-0.19040372967720032,0.9975710511207581,0.7568483948707581,0.34763115644454956,-0.00697707012295723,0.9973645210266113,0.6806343793869019,0.4392355978488922,-0.1954052597284317,0.9550322890281677,0.7635705471038818,0.43639475107192993,0.04226827993988991,0.7391196489334106,0.6519068479537964,0.5025360584259033,-0.13558390736579895,0.8460385799407959,0.7688978314399719,0.5080987811088562,0.05603732913732529,0.45794180035591125,0.6443094611167908,0.5192756056785583,-0.14583411812782288,0.7683092951774597,0.7746518850326538,0.5250555276870728,0.06612810492515564,0.3741006553173065,0.6454461216926575,0.5184391140937805,-0.13668569922447205,0.760826051235199,0.7699365615844727,0.5258948802947998,0.05010569095611572,0.35919189453125,0.6483950614929199,0.5136710405349731,-0.12946543097496033,0.6946662664413452,0.7656604647636414,0.5189966559410095,0.05013560503721237,0.33027151226997375,0.6889168620109558,0.5150377750396729,-0.08431857079267502,0.9941372275352478,0.7290972471237183,0.5140123963356018,0.083879753947258,0.994726836681366,0.687638521194458,0.6272439360618591,0.02013738639652729,0.9549363851547241,0.7024140954017639,0.6093839406967163,0.23641832172870636,0.7169517278671265,0.7087964415550232,0.7247895002365112,0.0334894135594368,0.9320588707923889,0.689056396484375,0.7054820656776428,0.31209516525268555,0.783726692199707,0.723783552646637,0.7341665029525757,0.034910429269075394,0.9140802025794983,0.688670814037323,0.7204853892326355,0.31815189123153687,0.8082746267318726,0.6978983879089355,0.7660826444625854,-0.011859829537570477,0.8653604984283447,0.6664391756057739,0.7157623171806335,0.2795325517654419,0.6852446794509888
30,0.7094993591308594,0.2758704125881195,0.027795394882559776,0.9969446063041687,0.7084263563156128,0.26679304242134094,-1.8684209862840362e-05,0.9963141083717346,0.7067688703536987,0.2670636773109436,-1.155314294010168e-05,0.9961717128753662,0.7048704624176025,0.2674950659275055,-4.332697426434606e-05,0.9959984421730042,0.7137311697006226,0.26637977361679077,0.014181859791278839,0.9967899322509766,0.7158250212669373,0.26629048585891724,0.014169491827487946,0.9969244003295898,0.7181553840637207,0.26633337140083313,0.014106305316090584,0.9969431161880493,0.7035590410232544,0.2742980718612671,-0.09668624401092529,0.9957228302955627,0.7236151099205017,0.2741827666759491,-0.033647455275058746,0.9972236156463623,0.7080589532852173,0.2871721684932709,-0.001980378059670329,0.9972768425941467,0.7121230363845825,0.28703877329826355,0.01627826876938343,0.9977558255195618,0.6861903667449951,0.34334585070610046,-0.17467378079891205,0.9978048801422119,0.7534573674201965,0.3424305021762848,-0.001184862107038498,0.9976170659065247,0.6783022880554199,0.4370570480823517,-0.19279015064239502,0.9574928283691406,0.7583215832710266,0.4308479130268097,0.04464443773031235,0.7579963803291321,0.6498863101005554,0.5036121010780334,-0.14008846879005432,0.8453099727630615,0.7609663605690002,0.5025403499603271,0.053740985691547394,0.4780118465423584,0.6429880261421204,0.5190268754959106,-0.14927175641059875,0.7666012644767761,0.7677894234657288,0.5213042497634888,0.06335371732711792,0.3937429189682007,0.6443771123886108,0.518135130405426,-0.1399998813867569,0.7588731050491333,0.7632148265838623,0.521550178527832,0.0488898865878582,0.3787066638469696,0.6474159955978394,0.5143560171127319,-0.13424715399742126,0.6909937858581543,0.7586641907691956,0.51515793800354,0.04845647141337395,0.3473737835884094,0.6867183446884155,0.5045592784881592,-0.08116143196821213,0.9947056174278259,0.7264204025268555,0.5065200328826904,0.08078490197658539,0.995236873626709,0.6736292243003845,0.604889452457428,0.020959435030817986,0.9563058614730835,0.7032772302627563,0.60517418384552,0.1626058667898178,0.6992718577384949,0.6999250650405884,0.69618159532547,0.04826262220740318,0.9367405772209167,0.6887007355690002,0.7045814394950867,0.18398992717266083,0.7935755848884583,0.7128968834877014,0.7042349576950073,0.05183534696698189,0.920130729675293,0.68845534324646,0.7227905988693237,0.18421617150306702,0.8174149394035339,0.6847857236862183,0.7321613430976868,0.022462045773863792,0.8746464252471924,0.6673739552497864,0.7180024981498718,0.1384124457836151,0.7012828588485718
31,0.7053855657577515,0.2730483412742615,0.015813050791621208,0.9971843361854553,0.7040549516677856,0.26415860652923584,-0.013438833877444267,0.9965516924858093,0.7023823857307434,0.2645372450351715,-0.01341487467288971,0.9964392781257629,0.7004483938217163,0.2650676965713501,-0.0134436609223485,0.996263325214386,0.7095025777816772,0.2635226547718048,0.0018059577560052276,0.9969792366027832,0.7116690874099731,0.26340246200561523,0.0018003502627834678,0.9971045851707458,0.7140306830406189,0.2634173631668091,0.0017251560930162668,0.9970962405204773,0.6996680498123169,0.2716713845729828,-0.11276479065418243,0.9959961771965027,0.7196964621543884,0.27091673016548157,-0.04427580162882805,0.9973142147064209,0.7042796015739441,0.2843973934650421,-0.014728968963027,0.9974564909934998,0.7086859941482544,0.2838882505893707,0.004735548049211502,0.9978981018066406,0.6845258474349976,0.3398296535015106,-0.1958453357219696,0.9980175495147705,0.7499377727508545,0.3379608392715454,-0.007517589721828699,0.9978371262550354,0.6775575876235962,0.43349993228912354,-0.21710307896137238,0.9598426818847656,0.7560231685638428,0.4235498309135437,0.04321795701980591,0.7726860642433167,0.6497999429702759,0.5024930238723755,-0.17110653221607208,0.8464555740356445,0.7591580152511597,0.4941379427909851,0.05485522001981735,0.49196287989616394,0.6441872119903564,0.5190650820732117,-0.185031458735466,0.7672163844108582,0.7647625207901001,0.512710452079773,0.06262817233800888,0.40800991654396057,0.6453171968460083,0.5183072686195374,-0.17709025740623474,0.7590526938438416,0.7612568140029907,0.5135310292243958,0.0480409637093544,0.393115758895874,0.6478583216667175,0.5143867135047913,-0.16634492576122284,0.6891663670539856,0.7571408152580261,0.5066623687744141,0.04920194670557976,0.3593481779098511,0.6851905584335327,0.5030559301376343,-0.08025749772787094,0.9952217936515808,0.7245833277702332,0.50364089012146,0.07985065132379532,0.9956899881362915,0.6664585471153259,0.5924831628799438,0.09743459522724152,0.9589661359786987,0.7025629281997681,0.5974178314208984,0.2610728144645691,0.6949931979179382,0.6886460185050964,0.6855088472366333,0.17273208498954773,0.9420239925384521,0.6908055543899536,0.686689019203186,0.3452073931694031,0.8068077564239502,0.6977308988571167,0.6968991160392761,0.18185967206954956,0.9267727732658386,0.6901134252548218,0.7034041285514832,0.352472186088562,0.8299899101257324,0.6715064644813538,0.7168228030204773,0.15010002255439758,0.88479083776474,0.6709994077682495,0.713813841342926,0.32249853014945984,0.7202088832855225
32,0.6997398734092712,0.2717568576335907,0.00891367718577385,0.9974042773246765,0.6987360715866089,0.2632085680961609,-0.02173232100903988,0.9967578053474426,0.6972256898880005,0.2636459171772003,-0.021698586642742157,0.9966779351234436,0.69542396068573,0.2642159163951874,-0.021720321848988533,0.9964905977249146,0.7036687731742859,0.2624804377555847,-0.005558431148529053,0.9971494078636169,0.7057469487190247,0.262389600276947,-0.005562311969697475,0.9972740411758423,0.7079116106033325,0.26240748167037964,-0.005640136078000069,0.9972405433654785,0.6959140300750732,0.2705777585506439,-0.12222176790237427,0.996246337890625,0.7142517566680908,0.26948854327201843,-0.04910186305642128,0.9974142909049988,0.6993389129638672,0.28285157680511475,-0.021578088402748108,0.9976245164871216,0.7033883929252625,0.2822713851928711,-0.0008626666967757046,0.9980367422103882,0.6819875240325928,0.3371630311012268,-0.19652171432971954,0.9982095956802368,0.7475718259811401,0.33385446667671204,-0.015420837327837944,0.9980416893959045,0.6745812892913818,0.42912426590919495,-0.21510405838489532,0.9616976380348206,0.7518019676208496,0.4190310537815094,0.03765153884887695,0.7885631918907166,0.6505031585693359,0.4964637756347656,-0.1737835854291916,0.8480339050292969,0.755224883556366,0.49137240648269653,0.04594389349222183,0.5137811303138733,0.6445186138153076,0.5147607326507568,-0.18790434300899506,0.7698583602905273,0.7604222297668457,0.5082197785377502,0.050738513469696045,0.42988941073417664,0.6458694934844971,0.5140302777290344,-0.18344981968402863,0.7611757516860962,0.7573090195655823,0.5084426403045654,0.03462788835167885,0.4152078628540039,0.6492907404899597,0.5100485682487488,-0.17037570476531982,0.6898460388183594,0.75360506772995,0.5023322701454163,0.039560575038194656,0.37924811244010925,0.6821278929710388,0.4964963495731354,-0.07787544280290604,0.9956893920898438,0.7191720604896545,0.49965012073516846,0.07748238742351532,0.9961053133010864,0.6599942445755005,0.5824748873710632,0.08091902732849121,0.9622544646263123,0.7018974423408508,0.5942844152450562,0.24352845549583435,0.7076221704483032,0.6767081618309021,0.6820666790008545,0.15217353403568268,0.9470841884613037,0.6902633905410767,0.6865482926368713,0.3257366120815277,0.8226427435874939,0.6827592849731445,0.6933932900428772,0.1604820042848587,0.9329866170883179,0.6913058161735535,0.7026055455207825,0.33274316787719727,0.8439055681228638,0.6566638946533203,0.7119805812835693,0.12533046305179596,0.8939239978790283,0.6692140102386475,0.7137334942817688,0.2983406186103821,0.7406134009361267
33,0.6963092684745789,0.27050524950027466,0.023479215800762177,0.9976376891136169,0.6953773498535156,0.2623778283596039,-0.006209772080183029,0.9970208406448364,0.6938464045524597,0.2628485858440399,-0.006204589735716581,0.9969633221626282,0.6920527815818787,0.26343414187431335,-0.006244557909667492,0.996781587600708,0.7003586292266846,0.2615855932235718,0.00748103205114603,0.9973796010017395,0.7025244235992432,0.26151975989341736,0.00747541431337595,0.9974992275238037,0.7047913670539856,0.26158684492111206,0.007399223744869232,0.9974516034126282,0.6923199892044067,0.2696380615234375,-0.10662277042865753,0.9965643286705017,0.7110053896903992,0.2685741186141968,-0.043849773705005646,0.9975954294204712,0.6957002878189087,0.28117796778678894,-0.0066651105880737305,0.9978215098381042,0.7000498175621033,0.2806721329689026,0.010900173336267471,0.9981964230537415,0.6788835525512695,0.33567824959754944,-0.18192623555660248,0.9983818531036377,0.7438592910766602,0.333018958568573,-0.011540555395185947,0.9982215762138367,0.6736539602279663,0.4242929220199585,-0.19659727811813354,0.9635042548179626,0.7482439279556274,0.41664066910743713,0.030832257121801376,0.8024863004684448,0.6506513953208923,0.49463188648223877,-0.15288659930229187,0.8480421900749207,0.7485644817352295,0.48569154739379883,0.029147613793611526,0.5292053818702698,0.6445621848106384,0.5140611529350281,-0.16685423254966736,0.769612729549408,0.7519182562828064,0.5030208826065063,0.033829279243946075,0.4459100663661957,0.6464887857437134,0.5136995911598206,-0.16186317801475525,0.760285496711731,0.74831622838974,0.5036327838897705,0.01843111775815487,0.43197691440582275,0.6497707366943359,0.5089973211288452,-0.1491827666759491,0.6875190734863281,0.7453692555427551,0.4973064363002777,0.023054592311382294,0.3932240903377533,0.6792305707931519,0.4897763133049011,-0.07392077147960663,0.9960997104644775,0.7168751358985901,0.4961499273777008,0.07355104386806488,0.9964609146118164,0.6525670289993286,0.5737302899360657,0.06152396276593208,0.9654079675674438,0.7000730633735657,0.5915561318397522,0.21271522343158722,0.7295845150947571,0.663711667060852,0.6819884181022644,0.12657544016838074,0.951787531375885,0.6883680820465088,0.6906224489212036,0.27115127444267273,0.8370510935783386,0.6688780784606934,0.6981582045555115,0.13464689254760742,0.9389833807945251,0.6884761452674866,0.7086926102638245,0.2772204577922821,0.8565258383750916,0.6394057273864746,0.6991518139839172,0.12323524802923203,0.8999245762825012,0.6679745316505432,0.7077868580818176,0.2481619417667389,0.7506359815597534
34,0.6913810968399048,0.2700763940811157,0.024379463866353035,0.9978601932525635,0.6906346082687378,0.26194965839385986,-0.0019284182926639915,0.9972907900810242,0.6892052888870239,0.2623711824417114,-0.0019254029029980302,0.9972453117370605,0.6875566244125366,0.2628999948501587,-0.001985418377444148,0.9970741868019104,0.6953880786895752,0.26114875078201294,0.009188520722091198,0.9976183176040649,0.6975001692771912,0.2610417902469635,0.00920820888131857,0.9977285861968994,0.6997839212417603,0.26106464862823486,0.009116959758102894,0.9976769089698792,0.6882598996162415,0.2683676779270172,-0.10121241956949234,0.9968826770782471,0.7063788175582886,0.2671881914138794,-0.03350755572319031,0.9978061318397522,0.6912388205528259,0.28048741817474365,-0.005984358489513397,0.9980201125144958,0.6952868700027466,0.2800067365169525,0.01745016500353813,0.9983614087104797,0.6761990785598755,0.33234038949012756,-0.1784043312072754,0.9985384941101074,0.739801824092865,0.3305303752422333,-0.006619819439947605,0.9983881711959839,0.6701384782791138,0.420989066362381,-0.18948151171207428,0.965025782585144,0.7433828115463257,0.41605478525161743,0.04161599278450012,0.8072699308395386,0.6496152281761169,0.4930914342403412,-0.1390547752380371,0.8520202040672302,0.7413874864578247,0.4831681549549103,0.06612933427095413,0.5214006304740906,0.6440587639808655,0.5119511485099792,-0.14975039660930634,0.7745600342750549,0.7417453527450562,0.49987828731536865,0.07389580458402634,0.44002509117126465,0.6463356018066406,0.5112921595573425,-0.1434585154056549,0.7646222114562988,0.7385314106941223,0.49947401881217957,0.05631965398788452,0.42680707573890686,0.6492665410041809,0.5063939690589905,-0.13401173055171967,0.6909090280532837,0.7367051243782043,0.49331626296043396,0.05994316190481186,0.3887978494167328,0.6769572496414185,0.4843387007713318,-0.059753693640232086,0.996455729007721,0.7145995497703552,0.4915507137775421,0.05946671962738037,0.9967854022979736,0.6492846012115479,0.5721776485443115,0.08619262278079987,0.9682751297950745,0.6978685259819031,0.593582808971405,0.1687275618314743,0.7547163963317871,0.6522794961929321,0.6782263517379761,0.22691109776496887,0.9556169509887695,0.6860846877098083,0.6936891674995422,0.2611936330795288,0.8511529564857483,0.659841001033783,0.6965553164482117,0.24181675910949707,0.9439941048622131,0.6851847767829895,0.7113189101219177,0.27065691351890564,0.8684428334236145,0.6230415105819702,0.6822774410247803,0.22018606960773468,0.8998983502388,0.6685175895690918,0.7042235732078552,0.2414160519838333,0.7587186694145203
35,0.6866493225097656,0.27176183462142944,0.02548598125576973,0.9980603456497192,0.6859933733940125,0.26283976435661316,-0.0010656222002580762,0.9975348114967346,0.6846444010734558,0.2631296217441559,-0.0010615814244374633,0.997498631477356,0.6831220984458923,0.26351121068000793,-0.0011362864170223475,0.9973364472389221,0.6907315254211426,0.2621210217475891,0.01522605586796999,0.9978342652320862,0.6928014755249023,0.2619551420211792,0.015267995186150074,0.9979354739189148,0.695103108882904,0.26189395785331726,0.015218627639114857,0.9978811740875244,0.6840690970420837,0.26840683817863464,-0.09678898006677628,0.9971734285354614,0.7016445398330688,0.26719236373901367,-0.01840725913643837,0.9979990720748901,0.686731219291687,0.2816605865955353,-0.0009418642148375511,0.9981966018676758,0.6905614137649536,0.2812737822532654,0.025643130764365196,0.9985088109970093,0.6717487573623657,0.330126017332077,-0.166453018784523,0.9986797571182251,0.735750675201416,0.32802173495292664,0.010774102993309498,0.9985374808311462,0.6664660573005676,0.416897714138031,-0.17949587106704712,0.9653893709182739,0.7379143834114075,0.4123978018760681,0.051038920879364014,0.7875878214836121,0.648527204990387,0.4892931282520294,-0.11665187776088715,0.8453983664512634,0.7258535623550415,0.4736470580101013,0.08299702405929565,0.48863881826400757,0.6438637971878052,0.5083140134811401,-0.12706029415130615,0.7666065096855164,0.7306474447250366,0.4973228871822357,0.09447574615478516,0.41370636224746704,0.6457974314689636,0.5083551406860352,-0.1203683614730835,0.7554436922073364,0.7266108989715576,0.49575990438461304,0.07989639788866043,0.40110161900520325,0.6482120752334595,0.503473162651062,-0.11181334406137466,0.6793500185012817,0.7193359136581421,0.48487213253974915,0.07761265337467194,0.365884006023407,0.6745091676712036,0.4795319139957428,-0.05539386719465256,0.9967683553695679,0.71063232421875,0.4888400435447693,0.05514413118362427,0.9970681071281433,0.6435371041297913,0.5658248066902161,0.07695583999156952,0.9709376692771912,0.6958326101303101,0.5922432541847229,0.1549297720193863,0.7774599194526672,0.638230562210083,0.6656153202056885,0.20953717827796936,0.9592894911766052,0.6850411295890808,0.6943619251251221,0.24370357394218445,0.8643454909324646,0.641403079032898,0.6844624876976013,0.22337111830711365,0.94852215051651,0.6845775842666626,0.712477445602417,0.25261473655700684,0.8793565630912781,0.6080349683761597,0.6655370593070984,0.20367209613323212,0.9021775126457214,0.6693811416625977,0.7022598385810852,0.22597794234752655,0.7690871953964233
36,0.6823400259017944,0.2726430892944336,0.03055865690112114,0.9982490539550781,0.6815274953842163,0.2632984519004822,0.005661009345203638,0.9977705478668213,0.6802151799201965,0.26350823044776917,0.005656703375279903,0.9977402091026306,0.6787609457969666,0.26381880044937134,0.005611754022538662,0.9975904822349548,0.6862367391586304,0.26268765330314636,0.02359948121011257,0.9980419278144836,0.6882248520851135,0.2625279426574707,0.02364346943795681,0.998134195804596,0.6904124021530151,0.2624780535697937,0.023615822196006775,0.9980820417404175,0.6796260476112366,0.2686205804347992,-0.08373980224132538,0.9974485635757446,0.696909487247467,0.26759883761405945,-0.007276360876858234,0.9981892704963684,0.682260274887085,0.2822529375553131,0.006955839693546295,0.9983698129653931,0.6862247586250305,0.28202158212661743,0.031731463968753815,0.9986521005630493,0.6680420637130737,0.329593688249588,-0.15317897498607635,0.9988094568252563,0.729607880115509,0.32838162779808044,0.020702024921774864,0.998677670955658,0.6630181074142456,0.41789594292640686,-0.16536007821559906,0.9654221534729004,0.7308486700057983,0.40877199172973633,0.05521625280380249,0.7609564065933228,0.6472679972648621,0.4912053048610687,-0.10261591523885727,0.838900625705719,0.7170292139053345,0.46995875239372253,0.08441184461116791,0.45863214135169983,0.6433408260345459,0.5091686844825745,-0.11477146297693253,0.7586782574653625,0.7217956781387329,0.4993693232536316,0.094215527176857,0.38949286937713623,0.6448310613632202,0.5094038248062134,-0.10920728743076324,0.7460359334945679,0.7181509137153625,0.4982813000679016,0.08004211634397507,0.3776223957538605,0.6469651460647583,0.5043289065361023,-0.09874393790960312,0.6680963635444641,0.7156311869621277,0.49010995030403137,0.07895494252443314,0.3452256917953491,0.6719521880149841,0.478123277425766,-0.052621740847826004,0.9970725774765015,0.7068340182304382,0.4878080189228058,0.0523560531437397,0.9973431825637817,0.6424685120582581,0.5605783462524414,0.07789988070726395,0.9735273122787476,0.690924882888794,0.5872334241867065,0.1618589460849762,0.7981584072113037,0.6249426007270813,0.6541599631309509,0.21316364407539368,0.9627953171730042,0.6846773028373718,0.6928058862686157,0.2612960934638977,0.8766014575958252,0.6266611814498901,0.6741225123405457,0.22713784873485565,0.9527457356452942,0.6845820546150208,0.7119913697242737,0.27142447233200073,0.8897095918655396,0.598065972328186,0.6511246562004089,0.20561757683753967,0.9045456051826477,0.6661427021026611,0.6990364193916321,0.24600045382976532,0.7801368832588196
37,0.6775680780410767,0.27332642674446106,0.032017115503549576,0.9984155297279358,0.6768938302993774,0.26374170184135437,0.006560272537171841,0.9979763627052307,0.6756080389022827,0.26389461755752563,0.006535218097269535,0.9979528188705444,0.6741951107978821,0.2641373872756958,0.006490279920399189,0.9978128671646118,0.6816360354423523,0.26314109563827515,0.02677283063530922,0.998222291469574,0.6837143301963806,0.2629447877407074,0.02681930921971798,0.9983069896697998,0.6860300898551941,0.2628552317619324,0.026794124394655228,0.9982542991638184,0.6755114793777466,0.2687968909740448,-0.08490316569805145,0.9976935982704163,0.692888617515564,0.2677564322948456,-0.0039814310148358345,0.9983530640602112,0.6777797937393188,0.28284934163093567,0.007499153260141611,0.998524010181427,0.6817071437835693,0.28272101283073425,0.03354940190911293,0.9987792372703552,0.664130687713623,0.32884153723716736,-0.16026106476783752,0.9989270567893982,0.7240880727767944,0.3271526098251343,0.027970265597105026,0.9988037347793579,0.6603567004203796,0.41698935627937317,-0.18214517831802368,0.9670183658599854,0.7207945585250854,0.40571358799934387,0.06285219639539719,0.7207109332084656,0.6443787813186646,0.49134647846221924,-0.12008534371852875,0.8406224846839905,0.7104447484016418,0.47680747509002686,0.0887647420167923,0.4264504909515381,0.6408123970031738,0.5094628930091858,-0.13614234328269958,0.7591986060142517,0.7114974856376648,0.4990054666996002,0.09873618185520172,0.3630240857601166,0.6411491632461548,0.5098245143890381,-0.1295337975025177,0.7454750537872314,0.7078796625137329,0.4980860650539398,0.08348643034696579,0.3520612418651581,0.6434571146965027,0.5044300556182861,-0.11591605097055435,0.6656091213226318,0.7063372731208801,0.4908807873725891,0.08252345025539398,0.32296663522720337,0.6701910495758057,0.4787503182888031,-0.05478198081254959,0.9973502159118652,0.7035757899284363,0.4870584309101105,0.05452772229909897,0.9975948929786682,0.6426664590835571,0.5609341263771057,0.07663364708423615,0.9757883548736572,0.6853844523429871,0.5839090347290039,0.1644950956106186,0.8165687322616577,0.6192106008529663,0.6478052735328674,0.2151886224746704,0.965923547744751,0.6845948100090027,0.6933277249336243,0.2625250220298767,0.887636125087738,0.6195077300071716,0.6682732105255127,0.22935612499713898,0.956581175327301,0.6851115226745605,0.71244215965271,0.272524893283844,0.8990862369537354,0.5898730754852295,0.6409135460853577,0.20619633793830872,0.9070608615875244,0.6642106771469116,0.6994251608848572,0.24616530537605286,0.790864109992981
38,0.6728793382644653,0.2732493281364441,0.05148785188794136,0.9985682368278503,0.6720403432846069,0.2636251151561737,0.02349935844540596,0.9981670379638672,0.6707147359848022,0.26377853751182556,0.023478619754314423,0.9981486797332764,0.6692880392074585,0.26402491331100464,0.023450857028365135,0.9980193376541138,0.6767887473106384,0.2629557251930237,0.04332724213600159,0.9983896017074585,0.6788516640663147,0.2627256512641907,0.04335833340883255,0.9984670281410217,0.6811792850494385,0.2626038193702698,0.04332797974348068,0.9984155893325806,0.6701415181159973,0.2686246633529663,-0.07081039994955063,0.9979172348976135,0.6877874732017517,0.2673066258430481,0.014106549322605133,0.998506486415863,0.672815203666687,0.28236427903175354,0.022983571514487267,0.9986658692359924,0.6768816709518433,0.28209707140922546,0.04814949631690979,0.9988962411880493,0.6602254509925842,0.3287207782268524,-0.1540221869945526,0.999032735824585,0.7182727456092834,0.32564014196395874,0.047004517167806625,0.9989147782325745,0.6560238003730774,0.4159623980522156,-0.17812825739383698,0.9691216945648193,0.716295599937439,0.40197843313217163,0.08336753398180008,0.6819842457771301,0.6397796869277954,0.49158212542533875,-0.11336414515972137,0.8460476398468018,0.707524299621582,0.4711446762084961,0.11067067086696625,0.3930724561214447,0.636240541934967,0.5095407962799072,-0.13058294355869293,0.764575183391571,0.7082289457321167,0.48830658197402954,0.12196533381938934,0.335393488407135,0.635911226272583,0.510148823261261,-0.12178647518157959,0.7500786185264587,0.7042564153671265,0.48688775300979614,0.10576604306697845,0.32552123069763184,0.6384282112121582,0.5045811533927917,-0.10848367214202881,0.6694530844688416,0.7027766704559326,0.48033398389816284,0.10413819551467896,0.2995057702064514,0.6657910943031311,0.478828102350235,-0.05497369170188904,0.9975959062576294,0.6989331245422363,0.48595017194747925,0.05474678799510002,0.9978168606758118,0.6401379108428955,0.5625582337379456,0.07471117377281189,0.9779157042503357,0.6819232702255249,0.5832117795944214,0.15643471479415894,0.8338619470596313,0.6188048124313354,0.6489123106002808,0.2042766511440277,0.9688957929611206,0.6846978664398193,0.6940065622329712,0.24533501267433167,0.8978540897369385,0.6200109720230103,0.6691390872001648,0.21753156185150146,0.9602485299110413,0.685637354850769,0.7129697203636169,0.2544310688972473,0.9077981114387512,0.5897467732429504,0.6414756774902344,0.19482572376728058,0.9104050397872925,0.6639635562896729,0.6999353766441345,0.22900500893592834,0.8021991848945618
39,0.6673299670219421,0.27307191491127014,0.053608160465955734,0.9987038969993591,0.6664953827857971,0.2633853852748871,0.025270024314522743,0.9983364343643188,0.665298342704773,0.2635034918785095,0.02524823509156704,0.9983226656913757,0.6640003323554993,0.2637127935886383,0.02522650919854641,0.9982029795646667,0.6709624528884888,0.26270952820777893,0.044040367007255554,0.9985378980636597,0.6729496717453003,0.2624247968196869,0.04406863451004028,0.9986082315444946,0.6751925945281982,0.26222994923591614,0.04403575882315636,0.9985573887825012,0.6650199890136719,0.2681490182876587,-0.0674431249499321,0.9981163740158081,0.682022213935852,0.2666438817977905,0.014258502051234245,0.9986401200294495,0.6674724817276001,0.28186658024787903,0.025135457515716553,0.9987915754318237,0.6713563203811646,0.2815999984741211,0.04891689121723175,0.9989997148513794,0.6563202142715454,0.3281564712524414,-0.1487133949995041,0.9991278648376465,0.7137963771820068,0.3251597285270691,0.04796639084815979,0.9990134239196777,0.6513164639472961,0.4152344763278961,-0.16972222924232483,0.9713529944419861,0.7117301821708679,0.4005533754825592,0.08777781575918198,0.6425436735153198,0.6346506476402283,0.4878014624118805,-0.10505510866641998,0.8553212881088257,0.6997547149658203,0.466476172208786,0.11924417316913605,0.36412137746810913,0.6304834485054016,0.5073830485343933,-0.12091831117868423,0.7759594917297363,0.6988157629966736,0.4822026491165161,0.13029111921787262,0.31141453981399536,0.631079912185669,0.5083401203155518,-0.11278198659420013,0.7615258693695068,0.6949671506881714,0.48118749260902405,0.11383073031902313,0.3025258779525757,0.6337267160415649,0.5025137066841125,-0.10011259466409683,0.6821302175521851,0.6942270994186401,0.47487136721611023,0.1127130538225174,0.2793616056442261,0.6615761518478394,0.4772304594516754,-0.05384048819541931,0.9978125691413879,0.6945985555648804,0.4837814271450043,0.05364296957850456,0.9980153441429138,0.6377117037773132,0.5564083456993103,0.07885764539241791,0.9795020818710327,0.6781395673751831,0.5799888968467712,0.1425602287054062,0.8487037420272827,0.6203212738037109,0.6457321047782898,0.21557974815368652,0.9712076187133789,0.684432864189148,0.6943590641021729,0.2219398319721222,0.9065954685211182,0.6230281591415405,0.6670405864715576,0.2293415069580078,0.9630038142204285,0.6860137581825256,0.7129517197608948,0.22973975539207458,0.9149425029754639,0.591140627861023,0.6421269774436951,0.20995314419269562,0.9126747846603394,0.6647902131080627,0.7004396915435791,0.2032575160264969,0.812379777431488
40,0.6624698638916016,0.27272412180900574,0.062307942658662796,0.9988263249397278,0.6617007255554199,0.2628115117549896,0.03406939655542374,0.9984897971153259,0.6605859398841858,0.2628954350948334,0.034047842025756836,0.9984797835350037,0.6593917608261108,0.2630826532840729,0.034038133919239044,0.9983693957328796,0.6661099195480347,0.26214006543159485,0.05336446687579155,0.9986717700958252,0.6681112051010132,0.261806458234787,0.05339483171701431,0.9987354874610901,0.6703994870185852,0.2615368664264679,0.0533638596534729,0.9986858367919922,0.6606146097183228,0.2674872577190399,-0.05845298618078232,0.9982958436012268,0.6772490739822388,0.26570022106170654,0.02604834735393524,0.9987607002258301,0.6626409888267517,0.2814350426197052,0.0334818959236145,0.998904287815094,0.6664819717407227,0.2810676693916321,0.05788291245698929,0.9990926384925842,0.6517046689987183,0.32680171728134155,-0.14422406256198883,0.999213695526123,0.7092872858047485,0.3240353465080261,0.06186600774526596,0.9990989565849304,0.6469110250473022,0.4124705195426941,-0.16996151208877563,0.9735391139984131,0.704947292804718,0.3997413218021393,0.09473145008087158,0.6017822623252869,0.6291104555130005,0.48443204164505005,-0.11077306419610977,0.8652060627937317,0.6905125379562378,0.46619459986686707,0.11239504814147949,0.3374849557876587,0.6249946355819702,0.5044991374015808,-0.12871794402599335,0.7889809012413025,0.6888563632965088,0.48236605525016785,0.12190090119838715,0.28952574729919434,0.6241338849067688,0.5051982402801514,-0.11998255550861359,0.7750158309936523,0.6853107213973999,0.48136094212532043,0.10523231327533722,0.2815496027469635,0.6266752481460571,0.49965760111808777,-0.10525698959827423,0.6976168751716614,0.6849631667137146,0.474789023399353,0.10552346706390381,0.2607978284358978,0.6569100022315979,0.4761427342891693,-0.054273076355457306,0.998007595539093,0.6901644468307495,0.4829402267932892,0.05395118147134781,0.9981889724731445,0.6322975754737854,0.5543641448020935,0.039271872490644455,0.981111466884613,0.6752793192863464,0.5808433294296265,0.12938185036182404,0.8618694543838501,0.6192944645881653,0.647568941116333,0.14613555371761322,0.9736210107803345,0.6843037605285645,0.6942533254623413,0.18880507349967957,0.914426863193512,0.6240789294242859,0.6670736074447632,0.1565716415643692,0.9659782648086548,0.6862813830375671,0.712310254573822,0.19425947964191437,0.9210408926010132,0.5910577178001404,0.6476732492446899,0.1328071653842926,0.9172555804252625,0.6655077934265137,0.700692892074585,0.1663995087146759,0.8219499588012695
41,0.6553271412849426,0.2729233503341675,0.02812158688902855,0.9989370703697205,0.6550074219703674,0.26298820972442627,0.000369260465959087,0.9986279606819153,0.6541194915771484,0.2630317211151123,0.00036282234941609204,0.9986211061477661,0.6531437635421753,0.26316508650779724,0.0003596835013013333,0.9985191226005554,0.6588674783706665,0.26235076785087585,0.022377394139766693,0.9987917542457581,0.6607982516288757,0.2620180547237396,0.022403281182050705,0.9988492131233215,0.6629600524902344,0.26174962520599365,0.02237584814429283,0.9988013505935669,0.6557639837265015,0.2671263813972473,-0.08852701634168625,0.998456597328186,0.6701289415359497,0.2655752897262573,0.024574456736445427,0.9988676905632019,0.6561939716339111,0.281499445438385,9.32698167162016e-05,0.9990057349205017,0.6596978902816772,0.28114640712738037,0.028235873207449913,0.9991764426231384,0.6483241319656372,0.3257189989089966,-0.17077067494392395,0.9992912411689758,0.7024716734886169,0.32276996970176697,0.04685778170824051,0.9991807341575623,0.642689049243927,0.40958017110824585,-0.20159783959388733,0.9757565855979919,0.6964879035949707,0.39856135845184326,0.08327986299991608,0.5689616203308105,0.6220089197158813,0.480274498462677,-0.15373876690864563,0.8757306337356567,0.6841538548469543,0.4564347565174103,0.0930156409740448,0.31619787216186523,0.6157351732254028,0.4994664192199707,-0.17288321256637573,0.8036049604415894,0.6798684597015381,0.48223841190338135,0.10063143819570541,0.2717803120613098,0.6155017614364624,0.4991456866264343,-0.16475066542625427,0.7902989387512207,0.6759729981422424,0.48159343004226685,0.08010505139827728,0.26465052366256714,0.6185680031776428,0.4942419230937958,-0.1487862467765808,0.7156865000724792,0.6760940551757812,0.4752853512763977,0.08398474752902985,0.2460799664258957,0.6513530611991882,0.47090116143226624,-0.05714021250605583,0.9981846213340759,0.6840643286705017,0.4792395830154419,0.056938182562589645,0.9983516335487366,0.6279268264770508,0.5490624308586121,0.04536719620227814,0.9824526309967041,0.6694704294204712,0.5761297941207886,0.13429564237594604,0.8732774257659912,0.6186966300010681,0.6449524164199829,0.15640847384929657,0.9757669568061829,0.6833691596984863,0.68719881772995,0.18914687633514404,0.9212862253189087,0.6241024136543274,0.6641475558280945,0.16735169291496277,0.9684997797012329,0.6863827109336853,0.7053364515304565,0.1939266324043274,0.92597895860672,0.5900214910507202,0.6495994329452515,0.14207205176353455,0.9222047924995422,0.6644676327705383,0.6999238729476929,0.16297005116939545,0.831942081451416
42,0.6523498892784119,0.27142950892448425,0.021382082253694534,0.9990403652191162,0.6516686677932739,0.2615417540073395,-0.005690122954547405,0.9987595677375793,0.6506465077400208,0.2614571452140808,-0.005692081525921822,0.99875408411026,0.6495154500007629,0.2614617347717285,-0.005696113687008619,0.9986615180969238,0.6557446122169495,0.26117849349975586,0.014632496051490307,0.9989070892333984,0.6577292084693909,0.260884165763855,0.014647816307842731,0.9989585876464844,0.6599322557449341,0.26063376665115356,0.014639060012996197,0.9989147186279297,0.6514505743980408,0.2653438448905945,-0.09360992163419724,0.9986067414283752,0.6663364171981812,0.26417914032936096,0.006069959606975317,0.9989731907844543,0.6529051661491394,0.2793440520763397,-0.005921944510191679,0.999100923538208,0.6564193964004517,0.2793680429458618,0.01999516971409321,0.9992555975914001,0.6432968974113464,0.32374411821365356,-0.17613673210144043,0.9993612766265869,0.697780430316925,0.32064154744148254,0.04278724268078804,0.9992579817771912,0.6381551623344421,0.4064241349697113,-0.2065972089767456,0.9776545763015747,0.6904929876327515,0.3964904844760895,0.08707199990749359,0.5446856021881104,0.6165544390678406,0.47517237067222595,-0.1561151146888733,0.8845625519752502,0.6801885962486267,0.45009100437164307,0.09860391914844513,0.3014039695262909,0.6089367270469666,0.4936886131763458,-0.17161965370178223,0.8157936334609985,0.6756013631820679,0.4745626449584961,0.10751645267009735,0.2603817582130432,0.609456479549408,0.49300748109817505,-0.16488002240657806,0.8030092120170593,0.6713402271270752,0.4724369943141937,0.08779764920473099,0.25394174456596375,0.6126786470413208,0.48827648162841797,-0.15128988027572632,0.7304183840751648,0.6724022626876831,0.4708777368068695,0.09023402631282806,0.2364758998155594,0.6446097493171692,0.4646323323249817,-0.06291033327579498,0.9983550906181335,0.6776987314224243,0.47256940603256226,0.06269818544387817,0.9985100030899048,0.6245970726013184,0.5476472973823547,0.026850923895835876,0.9835110902786255,0.6627575159072876,0.5688408613204956,0.09746760874986649,0.8823721408843994,0.6177488565444946,0.6446154117584229,0.06790114939212799,0.9777697920799255,0.6816016435623169,0.6761831045150757,0.07117914408445358,0.9279544353485107,0.6234831213951111,0.6626829504966736,0.07179350405931473,0.9710288643836975,0.6862879991531372,0.6946408152580261,0.06709788739681244,0.9314188361167908,0.5868468880653381,0.6514368653297424,0.03674456477165222,0.9279147386550903,0.6622135043144226,0.7004546523094177,0.022504836320877075,0.8448601365089417
43,0.6465522050857544,0.27159175276756287,0.01853414624929428,0.9991329908370972,0.645792543888092,0.26142293214797974,-0.008091015741229057,0.9988788962364197,0.644818902015686,0.2612784504890442,-0.008105596527457237,0.9988744258880615,0.6437868475914001,0.2612251341342926,-0.00811527855694294,0.9987901449203491,0.6498150825500488,0.2611120641231537,0.01405517291277647,0.9990116357803345,0.6517326235771179,0.26080238819122314,0.014075756072998047,0.9990577697753906,0.6538882255554199,0.26053178310394287,0.014074626378715038,0.9990171194076538,0.6459838151931763,0.2646334767341614,-0.09525745362043381,0.9987426400184631,0.6607641577720642,0.26359444856643677,0.0053092241287231445,0.9990702867507935,0.6472584009170532,0.27933233976364136,-0.008924899622797966,0.9991864562034607,0.6508460640907288,0.2794172167778015,0.01954761892557144,0.9993264675140381,0.6392480134963989,0.32266518473625183,-0.17747226357460022,0.999424397945404,0.6932944655418396,0.32024142146110535,0.05088207870721817,0.9993264079093933,0.633840024471283,0.4056994616985321,-0.20513179898262024,0.9793856739997864,0.6876688003540039,0.39653584361076355,0.11070579290390015,0.5180702209472656,0.6095383763313293,0.473052054643631,-0.14824384450912476,0.8934133052825928,0.6753942370414734,0.4565874934196472,0.14338944852352142,0.2847886383533478,0.6020077466964722,0.4904579222202301,-0.16279356181621552,0.8288757801055908,0.6713820695877075,0.4687308967113495,0.15670494735240936,0.24775072932243347,0.6005419492721558,0.48910248279571533,-0.15596891939640045,0.8168800473213196,0.6699861288070679,0.4668823182582855,0.1387248933315277,0.2419431060552597,0.6045135855674744,0.4841846525669098,-0.14319220185279846,0.7470133304595947,0.670228898525238,0.470065176486969,0.13616397976875305,0.22657617926597595,0.637796938419342,0.46817904710769653,-0.06690361350774765,0.9985094666481018,0.6705293655395508,0.4746832549571991,0.06669919192790985,0.9986488223075867,0.6229268312454224,0.5512497425079346,0.025565436109900475,0.9839798212051392,0.6550570726394653,0.565271258354187,0.12572769820690155,0.8890990018844604,0.6156584024429321,0.6463245749473572,0.06640313565731049,0.9794105291366577,0.6790527701377869,0.6649214029312134,0.12716558575630188,0.932974636554718,0.6226330995559692,0.6645669341087341,0.07049576193094254,0.9732494950294495,0.6852840185165405,0.6776045560836792,0.1262095719575882,0.9354729652404785,0.5868926048278809,0.6521393060684204,0.04161464795470238,0.9329206347465515,0.6640534996986389,0.6982619166374207,0.09633735567331314,0.8547410368919373
44,0.6434934735298157,0.2701463997364044,0.025138895958662033,0.9992140531539917,0.6424959301948547,0.25996270775794983,-0.00483317207545042,0.9989838004112244,0.6414225101470947,0.25976839661598206,-0.0048119439743459225,0.9989802241325378,0.6402531266212463,0.2596842348575592,-0.004825304262340069,0.9989033937454224,0.6465545892715454,0.2598532736301422,0.01613575592637062,0.9991020560264587,0.6484090089797974,0.25960564613342285,0.016162635758519173,0.9991427063941956,0.650454044342041,0.25936833024024963,0.016104236245155334,0.999104380607605,0.6413998603820801,0.2631697952747345,-0.0786193460226059,0.9988627433776855,0.6565358638763428,0.26220935583114624,0.011926603503525257,0.9991518259048462,0.643844485282898,0.2777538597583771,-0.003591743530705571,0.9992601871490479,0.6474452018737793,0.2780148386955261,0.022899655625224113,0.9993871450424194,0.6345585584640503,0.3207436501979828,-0.1638682633638382,0.9994808435440063,0.6888241171836853,0.31821542978286743,0.06032159924507141,0.9993823766708374,0.6300646662712097,0.40235665440559387,-0.19851526618003845,0.9808196425437927,0.6832178235054016,0.39103585481643677,0.12561355531215668,0.49239179491996765,0.6031268835067749,0.4665980041027069,-0.14751790463924408,0.9001283645629883,0.6721485257148743,0.4439568817615509,0.16477367281913757,0.26786500215530396,0.5956311821937561,0.4837298095226288,-0.1528148055076599,0.8382057547569275,0.667876124382019,0.4627535939216614,0.18005019426345825,0.23508942127227783,0.5946113467216492,0.4822719395160675,-0.14407899975776672,0.8268084526062012,0.6658250093460083,0.4622112512588501,0.16341489553451538,0.22977952659130096,0.597445547580719,0.4772406816482544,-0.13953503966331482,0.7582466006278992,0.6661171913146973,0.4584841728210449,0.15829172730445862,0.21589946746826172,0.6345655918121338,0.4649505615234375,-0.06875605881214142,0.998652458190918,0.6655099987983704,0.4691556692123413,0.06853550672531128,0.9987749457359314,0.6214945912361145,0.5508321523666382,0.007290548644959927,0.9835091829299927,0.642769992351532,0.5556715726852417,0.11899562180042267,0.8875027298927307,0.6178050637245178,0.6484723687171936,0.005473964847624302,0.9807206988334656,0.6676408052444458,0.6476985812187195,0.08070375770330429,0.9359079599380493,0.6243801712989807,0.6642129421234131,0.0057151420041918755,0.9752098917961121,0.6768438220024109,0.6593960523605347,0.07591160386800766,0.9378567337989807,0.5861825346946716,0.6533985137939453,-0.02605726383626461,0.9378238916397095,0.6613062620162964,0.6882860064506531,0.041676975786685944,0.8628200888633728
45,0.6378119587898254,0.2692786157131195,0.01696242019534111,0.9992788434028625,0.6370997428894043,0.2591014802455902,-0.008563412353396416,0.9990687966346741,0.6361566781997681,0.25887808203697205,-0.008578021079301834,0.9990675449371338,0.6351282596588135,0.2587864100933075,-0.008595021441578865,0.9989959001541138,0.6408591866493225,0.259101539850235,0.01337492186576128,0.9991697072982788,0.6425806879997253,0.2588917016983032,0.013395555317401886,0.9992055892944336,0.6444832682609558,0.2587054967880249,0.013376708142459393,0.9991658329963684,0.636884331703186,0.2623491883277893,-0.09042404592037201,0.9989633560180664,0.6507245302200317,0.26150068640708923,0.009272629395127296,0.9992026686668396,0.6386319398880005,0.27673405408859253,-0.010714719071984291,0.9993178844451904,0.6420446634292603,0.2770777940750122,0.017655957490205765,0.9994308948516846,0.6316588521003723,0.3184342682361603,-0.1789664775133133,0.9995318055152893,0.6836501359939575,0.3159388601779938,0.054827071726322174,0.9994224905967712,0.6257655620574951,0.4000898599624634,-0.213896706700325,0.9823009371757507,0.6775360703468323,0.3877658247947693,0.11031115055084229,0.4730226993560791,0.5970419645309448,0.4648328721523285,-0.15221990644931793,0.9075419306755066,0.667532742023468,0.4463406503200531,0.1365845799446106,0.2567548453807831,0.5909010767936707,0.48113662004470825,-0.16328690946102142,0.8489901423454285,0.665642499923706,0.46158692240715027,0.14904658496379852,0.22696347534656525,0.588767409324646,0.48068538308143616,-0.1544116884469986,0.8382773399353027,0.6631404161453247,0.46148625016212463,0.1323402225971222,0.2219959944486618,0.5925003290176392,0.4759081304073334,-0.1459004431962967,0.7717818021774292,0.6631768941879272,0.4566439688205719,0.12987038493156433,0.2094498574733734,0.6311994791030884,0.459860622882843,-0.07315970957279205,0.998779296875,0.6608023047447205,0.4650408923625946,0.07289323210716248,0.9988749623298645,0.6170379519462585,0.5468146204948425,0.0012169636320322752,0.9822618961334229,0.6328028440475464,0.5433246493339539,0.12775318324565887,0.8810784220695496,0.6174055337905884,0.64760422706604,-0.003657830413430929,0.9820229411125183,0.6597670316696167,0.6329902410507202,0.11928750574588776,0.9366112351417542,0.6240481734275818,0.6642979979515076,-0.0047887107357382774,0.9767699837684631,0.6683099865913391,0.6464226841926575,0.11781716346740723,0.9384688138961792,0.5843389630317688,0.6530469655990601,-0.051507461816072464,0.942548394203186,0.6475957632064819,0.6722491383552551,0.08380519598722458,0.8687896728515625
46,0.6346060037612915,0.26799333095550537,0.014988359995186329,0.9993386268615723,0.6338919401168823,0.2578226327896118,-0.00781439058482647,0.9991474747657776,0.6328833699226379,0.2575933039188385,-0.00782252661883831,0.9991468191146851,0.6317890882492065,0.2575225532054901,-0.00782670360058546,0.9990800619125366,0.6377255320549011,0.2579147517681122,0.012813287787139416,0.9992337822914124,0.6394227743148804,0.25774165987968445,0.012827707454562187,0.9992627501487732,0.6412463188171387,0.2576076090335846,0.012824413366615772,0.9992230534553528,0.6331696510314941,0.2614513635635376,-0.08949757367372513,0.9990552663803101,0.6467777490615845,0.26052117347717285,0.007767041213810444,0.9992512464523315,0.635094940662384,0.2754044532775879,-0.010420592501759529,0.999370276927948,0.6385313272476196,0.2758994400501251,0.016180003061890602,0.9994748830795288,0.6272322535514832,0.3167096972465515,-0.17872880399227142,0.9995772838592529,0.6800318956375122,0.3144523799419403,0.05786091834306717,0.9994612336158752,0.621322512626648,0.39757591485977173,-0.21310333907604218,0.9838085174560547,0.6715079545974731,0.38567572832107544,0.12164352089166641,0.4574791491031647,0.5934668779373169,0.4620895981788635,-0.1696213334798813,0.9147409796714783,0.6589215993881226,0.4405688941478729,0.1470104157924652,0.2410530000925064,0.5879174470901489,0.4780263900756836,-0.1829189956188202,0.8594660758972168,0.6565998196601868,0.4549061059951782,0.1623540073633194,0.2147691696882248,0.5857475996017456,0.4775305986404419,-0.1742270290851593,0.8494674563407898,0.6541182994842529,0.45543816685676575,0.1445310264825821,0.21002402901649475,0.58903968334198,0.472634494304657,-0.16431596875190735,0.7852041721343994,0.6543742418289185,0.45013830065727234,0.13986769318580627,0.1980419009923935,0.6267859935760498,0.4582277238368988,-0.07257650792598724,0.9988951683044434,0.655936598777771,0.46245038509368896,0.07234714925289154,0.9989796280860901,0.6167848110198975,0.5424783825874329,0.005221655126661062,0.9795690774917603,0.628203809261322,0.5388462543487549,0.10894163697957993,0.8771464824676514,0.6196094751358032,0.6377521753311157,-0.02204725705087185,0.9823588728904724,0.6373119950294495,0.6417339444160461,0.02619488537311554,0.9395875930786133,0.6357525587081909,0.6288354992866516,-0.024922162294387817,0.9779488444328308,0.6434012651443481,0.6568379998207092,0.015903513878583908,0.9408420920372009,0.6163415908813477,0.6557741761207581,-0.06006897613406181,0.9466986656188965,0.6121901273727417,0.6593910455703735,-0.030393686145544052,0.8783925175666809
47,0.6311615109443665,0.2652319371700287,0.009930307045578957,0.9993715882301331,0.6303814649581909,0.2556854486465454,-0.013643840327858925,0.9991891384124756,0.6293207406997681,0.25545790791511536,-0.013636616989970207,0.9991909265518188,0.6281723976135254,0.2553831934928894,-0.013651120476424694,0.9991277456283569,0.6343339085578918,0.2557447552680969,0.006146401632577181,0.999254584312439,0.6360538601875305,0.2555350363254547,0.006163949146866798,0.9992707967758179,0.6378644704818726,0.2553527057170868,0.006154763977974653,0.9992221593856812,0.629499077796936,0.25912192463874817,-0.09549763798713684,0.9991114139556885,0.6432097554206848,0.2579076588153839,-0.004787172190845013,0.9992080330848694,0.6314870715141296,0.2723071873188019,-0.01621764898300171,0.9993764758110046,0.6350675821304321,0.27275893092155457,0.009483874775469303,0.9994641542434692,0.6239978075027466,0.31225162744522095,-0.17951665818691254,0.999617874622345,0.6770235896110535,0.3108018636703491,0.04711446166038513,0.9994857907295227,0.618220329284668,0.3910653293132782,-0.21799738705158234,0.9851799011230469,0.673434317111969,0.3836352229118347,0.09420641511678696,0.4681065082550049,0.5884752869606018,0.4548562467098236,-0.17752383649349213,0.9215831756591797,0.664393961429596,0.44266143441200256,0.09882787615060806,0.26219457387924194,0.5836203098297119,0.47169363498687744,-0.18989217281341553,0.8696420192718506,0.6628293395042419,0.45766976475715637,0.11226321756839752,0.23528523743152618,0.581859290599823,0.47042644023895264,-0.1817222535610199,0.8604127168655396,0.6610425114631653,0.45819416642189026,0.09462656080722809,0.22912470996379852,0.5835909247398376,0.4655599892139435,-0.1722942590713501,0.7993205785751343,0.6608895063400269,0.45414021611213684,0.091509610414505,0.21513614058494568,0.6257777810096741,0.44721323251724243,-0.07776586711406708,0.9989848136901855,0.6552791595458984,0.4525323212146759,0.07754504680633545,0.9990321397781372,0.614765465259552,0.5378240942955017,-0.017234226688742638,0.9769774079322815,0.6256324648857117,0.5308204293251038,0.11982850730419159,0.8463246822357178,0.6211827993392944,0.6355246305465698,-0.035876981914043427,0.9827908277511597,0.6352732181549072,0.6368520259857178,0.10096011310815811,0.9366527795791626,0.6405569314956665,0.6317671537399292,-0.03862682357430458,0.9787639379501343,0.6419064402580261,0.6531935334205627,0.09784352779388428,0.9389217495918274,0.6120059490203857,0.6546726822853088,-0.08113417029380798,0.9504276514053345,0.6052514314651489,0.6490904092788696,0.056901413947343826,0.8822714686393738
48,0.6248096823692322,0.26310911774635315,0.0320604033768177,0.9994017481803894,0.6240018606185913,0.25399473309516907,0.00896206870675087,0.9992338418960571,0.6230894923210144,0.2539084553718567,0.008967425674200058,0.99924236536026,0.6221237182617188,0.25394579768180847,0.008955423720180988,0.9991833567619324,0.6279977560043335,0.2536166310310364,0.029257213696837425,0.9992771744728088,0.6297727823257446,0.25327304005622864,0.0292846467345953,0.9992896914482117,0.6316334009170532,0.25296738743782043,0.029260266572237015,0.9992295503616333,0.6251959204673767,0.25769123435020447,-0.07373344898223877,0.9991716146469116,0.6379221677780151,0.25560781359672546,0.017341557890176773,0.9991856217384338,0.6260530948638916,0.270809531211853,0.005139573477208614,0.9994003176689148,0.6298775672912598,0.27051490545272827,0.03141440078616142,0.9994609355926514,0.6214501261711121,0.31077778339385986,-0.161220520734787,0.999655544757843,0.6727967262268066,0.3075258433818817,0.06215975806117058,0.9994897246360779,0.6166211366653442,0.3868703246116638,-0.19981569051742554,0.9864455461502075,0.6719285845756531,0.38041961193084717,0.10646288096904755,0.4817410111427307,0.5853111147880554,0.44699519872665405,-0.16895484924316406,0.9281852841377258,0.667371392250061,0.43946731090545654,0.10560423135757446,0.28547051548957825,0.5788853168487549,0.4633773863315582,-0.18210385739803314,0.880006730556488,0.6671404838562012,0.45642393827438354,0.11909504979848862,0.25746119022369385,0.5785342454910278,0.4618781507015228,-0.17683812975883484,0.8715284466743469,0.6663058400154114,0.457971453666687,0.10076434910297394,0.25009480118751526,0.5803830027580261,0.45739468932151794,-0.1648128479719162,0.8139406442642212,0.6653298735618591,0.4524463415145874,0.09829436242580414,0.23323963582515717,0.621211588382721,0.4435906410217285,-0.07834206521511078,0.9990714192390442,0.6508181095123291,0.4481431245803833,0.07808317244052887,0.9990125298500061,0.6134109497070312,0.5380493998527527,-0.021934470161795616,0.9754375219345093,0.6229680776596069,0.5200458765029907,0.1543736606836319,0.8193768858909607,0.6216599345207214,0.6382302045822144,-0.03953108936548233,0.9833471775054932,0.6295242309570312,0.6172612905502319,0.16968289017677307,0.9213159084320068,0.6338739991188049,0.6335504651069641,-0.04335000365972519,0.9791151881217957,0.6383038759231567,0.6384375691413879,0.17015233635902405,0.9272071719169617,0.5986384153366089,0.6502848863601685,-0.10383393615484238,0.9536547660827637,0.6040462255477905,0.6354240775108337,0.13749493658542633,0.8776066899299622
49,0.6205554604530334,0.2633463442325592,0.038311608135700226,0.9993979334831238,0.6196327805519104,0.25386419892311096,0.014532235451042652,0.9992482662200928,0.6189168095588684,0.25380125641822815,0.01452572364360094,0.9992647171020508,0.618160605430603,0.2538594603538513,0.01448881346732378,0.9992114305496216,0.6233001947402954,0.2533079981803894,0.033934127539396286,0.9992691278457642,0.6250554323196411,0.2528432011604309,0.03395416587591171,0.9992737174034119,0.6269099116325378,0.2524389922618866,0.03389756754040718,0.9991992712020874,0.6221349239349365,0.2572963535785675,-0.06845544278621674,0.9992088079452515,0.6339833736419678,0.254785418510437,0.018393496051430702,0.999132513999939,0.622384250164032,0.271030068397522,0.011680368334054947,0.9994038939476013,0.6259003281593323,0.27049827575683594,0.036688182502985,0.9994348287582397,0.6189476847648621,0.30884283781051636,-0.14976578950881958,0.9996893405914307,0.6700136065483093,0.3037647008895874,0.058443307876586914,0.9995030164718628,0.6140742897987366,0.3840494155883789,-0.18091195821762085,0.9874004125595093,0.6704863905906677,0.3753524720668793,0.10385751724243164,0.5093894600868225,0.5819264650344849,0.44479450583457947,-0.1625598967075348,0.9335201978683472,0.6684879064559937,0.43438127636909485,0.1000928282737732,0.3157477378845215,0.576310396194458,0.4597542881965637,-0.1765868067741394,0.8882182240486145,0.6694194674491882,0.45276957750320435,0.10942994058132172,0.2823536694049835,0.5758994221687317,0.4580109417438507,-0.1717080920934677,0.880257248878479,0.6685867309570312,0.45486098527908325,0.09339006245136261,0.27379247546195984,0.5781842470169067,0.4538266062736511,-0.15851137042045593,0.8247804641723633,0.6672079563140869,0.44863030314445496,0.09319732338190079,0.2546887695789337,0.6190921664237976,0.440043181180954,-0.07643483579158783,0.9991465210914612,0.6481074094772339,0.4428361654281616,0.07618524134159088,0.9989339709281921,0.6095888018608093,0.5342749953269958,-0.033454813063144684,0.9736217856407166,0.6209851503372192,0.5161259770393372,0.16099324822425842,0.777480959892273,0.6198311448097229,0.6395397186279297,-0.022486913949251175,0.9814445972442627,0.6246342062950134,0.6109490990638733,0.2256532907485962,0.8768675327301025,0.6279866099357605,0.645366370677948,-0.023747418075799942,0.9761172533035278,0.62958163022995,0.6298867464065552,0.23132598400115967,0.89286208152771,0.593411922454834,0.6480284333229065,-0.08532041311264038,0.9513834714889526,0.6031783223152161,0.6217978596687317,0.19954577088356018,0.8444818258285522
50,0.6169833540916443,0.2629237771034241,0.04749757796525955,0.9993903636932373,0.6156995296478271,0.25283509492874146,0.022858260199427605,0.9992568492889404,0.6149991750717163,0.2527324855327606,0.022854572162032127,0.9992778301239014,0.6142658591270447,0.2527598738670349,0.022819142788648605,0.9992290139198303,0.619221568107605,0.2522759735584259,0.04427848756313324,0.9992551803588867,0.620926022529602,0.2517579197883606,0.04430150240659714,0.9992495179176331,0.6227135062217712,0.2513204514980316,0.04425288736820221,0.9991662502288818,0.6184707880020142,0.2563610374927521,-0.06266501545906067,0.999245822429657,0.6295562982559204,0.25359395146369934,0.03334299474954605,0.9990780353546143,0.6191030740737915,0.27064812183380127,0.01957462541759014,0.9994091391563416,0.6220139861106873,0.2698887586593628,0.04725118726491928,0.9994224309921265,0.6162289977073669,0.30752792954444885,-0.1478247493505478,0.9997193217277527,0.6669739484786987,0.3029228746891022,0.07263284921646118,0.9995099902153015,0.6115509271621704,0.3817118704319,-0.18051864206790924,0.9883632063865662,0.6677700281143188,0.37451595067977905,0.11006231606006622,0.5297985672950745,0.5817564129829407,0.43948495388031006,-0.15980783104896545,0.9386360049247742,0.6660170555114746,0.4333290755748749,0.1025441512465477,0.33199965953826904,0.575708270072937,0.4544230103492737,-0.1748942881822586,0.8960275053977966,0.6675930619239807,0.45123112201690674,0.11173170804977417,0.29473453760147095,0.5754510164260864,0.45223134756088257,-0.16919611394405365,0.8885610699653625,0.6667868494987488,0.4522598683834076,0.09361250698566437,0.2855001389980316,0.5772599577903748,0.4481649398803711,-0.1556076854467392,0.8352563381195068,0.6649510264396667,0.44650813937187195,0.09442096203565598,0.2654312551021576,0.6146731972694397,0.4404076635837555,-0.0755218043923378,0.999143123626709,0.6434754133224487,0.4440041482448578,0.07530062645673752,0.9986317157745361,0.6083509922027588,0.5370375514030457,-0.03578892722725868,0.9696875214576721,0.6155096888542175,0.5239027738571167,0.12278793752193451,0.7579233050346375,0.6165331602096558,0.6398900747299194,-0.006418835371732712,0.978502094745636,0.616314709186554,0.625599205493927,0.19211511313915253,0.85207599401474,0.6230063438415527,0.6565811038017273,-0.006301209330558777,0.9736855030059814,0.6197977662086487,0.6441881656646729,0.18947528302669525,0.8754362463951111,0.5896552205085754,0.6482027769088745,-0.06363463401794434,0.9483675956726074,0.5912274122238159,0.6377541422843933,0.19172422587871552,0.8251139521598816
51,0.6134558916091919,0.26165321469306946,0.04762984439730644,0.9994046092033386,0.6118935346603394,0.2512111961841583,0.023642774671316147,0.999290943145752,0.6110562086105347,0.2510073781013489,0.023651987314224243,0.9993111491203308,0.6101889610290527,0.25094252824783325,0.023622436448931694,0.9992688894271851,0.6158785223960876,0.25070181488990784,0.045500610023736954,0.9992768168449402,0.6177502870559692,0.2501397132873535,0.04551853984594345,0.9992562532424927,0.6196938157081604,0.24970340728759766,0.045479267835617065,0.9991768002510071,0.6144245266914368,0.25466233491897583,-0.06001802533864975,0.9992976188659668,0.626380443572998,0.251944363117218,0.03807660564780235,0.9990869760513306,0.61568683385849,0.2692182958126068,0.020171968266367912,0.9994258880615234,0.6190024614334106,0.2682182192802429,0.048457734286785126,0.9994290471076965,0.614629864692688,0.3049159348011017,-0.14798614382743835,0.9997463226318359,0.6636263132095337,0.2996928095817566,0.08043621480464935,0.9995260834693909,0.611786961555481,0.37861934304237366,-0.18890433013439178,0.9892327785491943,0.664872407913208,0.3708888292312622,0.12084223330020905,0.5397205352783203,0.5821983218193054,0.44086506962776184,-0.18105535209178925,0.9432138800621033,0.6647747755050659,0.43080228567123413,0.12142717838287354,0.34130722284317017,0.5761081576347351,0.4562508761882782,-0.1984061896800995,0.9030652642250061,0.6666993498802185,0.44872143864631653,0.13434720039367676,0.3026221990585327,0.5751641988754272,0.4541829228401184,-0.19072958827018738,0.8960074186325073,0.6661295294761658,0.4497699439525604,0.1156584843993187,0.2927882969379425,0.5771351456642151,0.4503742456436157,-0.17693747580051422,0.8444366455078125,0.663887083530426,0.4437199831008911,0.11317016929388046,0.271764874458313,0.6144518852233887,0.4349794387817383,-0.07641186565160751,0.9991486668586731,0.6428249478340149,0.4366925358772278,0.07626282423734665,0.9984949231147766,0.6039624810218811,0.5295680165290833,-0.05484297126531601,0.9645183086395264,0.6215907335281372,0.5276936888694763,0.09889966994524002,0.73504239320755,0.6146959662437439,0.6373450756072998,-0.056668441742658615,0.9754098653793335,0.6149397492408752,0.6245260238647461,0.10644078254699707,0.8345164060592651,0.6207547187805176,0.6563493013381958,-0.059559453278779984,0.9726013541221619,0.6191744208335876,0.6475269794464111,0.1046607494354248,0.865128755569458,0.5856951475143433,0.6400774717330933,-0.11637480556964874,0.9467513561248779,0.5868176221847534,0.6334826946258545,0.0616336464881897,0.8129412531852722
52,0.6058474779129028,0.26211223006248474,0.030427727848291397,0.9994481205940247,0.6051372289657593,0.25168949365615845,0.008568151853978634,0.9993466734886169,0.6045945882797241,0.251474529504776,0.008586378768086433,0.9993659257888794,0.6040265560150146,0.2513737082481384,0.008560200221836567,0.9993276596069336,0.6087467074394226,0.2510499358177185,0.031911611557006836,0.9993294477462769,0.6106315851211548,0.2503366470336914,0.03191642090678215,0.9993062019348145,0.6126002073287964,0.24970121681690216,0.03186861053109169,0.9992318749427795,0.6092926263809204,0.25441378355026245,-0.06176380068063736,0.9993593096733093,0.6207475662231445,0.25152361392974854,0.029454637318849564,0.9991485476493835,0.6089534163475037,0.269723117351532,0.006016240920871496,0.999468207359314,0.6117380857467651,0.2688193917274475,0.03645367547869682,0.99946528673172,0.6113178730010986,0.30303850769996643,-0.15090498328208923,0.9997713565826416,0.6585036516189575,0.29926204681396484,0.07537461817264557,0.9995600581169128,0.6099835634231567,0.3781472444534302,-0.19975468516349792,0.9898842573165894,0.6618594527244568,0.36942994594573975,0.11616341769695282,0.558116614818573,0.5813238024711609,0.44138893485069275,-0.20236901938915253,0.9474714994430542,0.6622698307037354,0.42958539724349976,0.1202777624130249,0.36917173862457275,0.5757181644439697,0.4564400911331177,-0.22123369574546814,0.9098656177520752,0.6652951240539551,0.4467853307723999,0.13267996907234192,0.3263471722602844,0.5744682550430298,0.45487120747566223,-0.21541674435138702,0.9032160043716431,0.663983941078186,0.4473704695701599,0.11498813331127167,0.3160790205001831,0.5764713287353516,0.4507562518119812,-0.1990933120250702,0.8535973429679871,0.6617404222488403,0.4418313801288605,0.11275292932987213,0.2928711771965027,0.6115785241127014,0.4338844120502472,-0.07701149582862854,0.9991886615753174,0.6382534503936768,0.4363164007663727,0.07687033712863922,0.9984703660011292,0.6077556610107422,0.5295006632804871,-0.07210598140954971,0.9624659419059753,0.6085721254348755,0.52418452501297,0.08557306230068207,0.7130500674247742,0.6123775243759155,0.6370099782943726,-0.08101145923137665,0.9745525121688843,0.6057430505752563,0.6207450032234192,0.08850017935037613,0.8200685977935791,0.6197484135627747,0.6566377282142639,-0.08541825413703918,0.9716426730155945,0.6076397895812988,0.6444630026817322,0.08619841933250427,0.8534435629844666,0.5823256969451904,0.6401783227920532,-0.15203158557415009,0.9480612277984619,0.5753759145736694,0.6296576261520386,0.03630181401968002,0.8094950318336487
53,0.6009745597839355,0.2608370780944824,0.03250441700220108,0.9994893074035645,0.6004502773284912,0.2502771019935608,0.010105473920702934,0.999398946762085,0.6001225709915161,0.25003427267074585,0.010117091238498688,0.999417781829834,0.5997257232666016,0.24985535442829132,0.010081848129630089,0.999382495880127,0.6034743189811707,0.24941888451576233,0.03381209075450897,0.99937903881073,0.6052699685096741,0.24856624007225037,0.03383635729551315,0.999354898929596,0.607120156288147,0.24779316782951355,0.03379439562559128,0.9992824196815491,0.6057769060134888,0.2527156472206116,-0.06601544469594955,0.9994165301322937,0.6159988641738892,0.2501283586025238,0.032964255660772324,0.9992092847824097,0.6047912836074829,0.2687714695930481,0.00732257729396224,0.9995100498199463,0.6068816781044006,0.2680248022079468,0.03810637444257736,0.9995023012161255,0.6095448732376099,0.2999630868434906,-0.1526259183883667,0.9997939467430115,0.6521865725517273,0.29683876037597656,0.07813514769077301,0.9995877146720886,0.6090584993362427,0.37698230147361755,-0.1944516897201538,0.9906183481216431,0.6569862961769104,0.36796215176582336,0.11830369383096695,0.5720426440238953,0.5825326442718506,0.44213393330574036,-0.18658405542373657,0.9513469934463501,0.6582307815551758,0.42889273166656494,0.12511882185935974,0.38396430015563965,0.5777503252029419,0.45848581194877625,-0.20178309082984924,0.9157653450965881,0.6617389917373657,0.4460512101650238,0.13664847612380981,0.33573010563850403,0.5758484601974487,0.45729750394821167,-0.194138765335083,0.9095355272293091,0.6597440242767334,0.44625166058540344,0.1206764206290245,0.32487544417381287,0.578059732913971,0.45259490609169006,-0.1812094748020172,0.8617997169494629,0.6575497984886169,0.440740168094635,0.11792248487472534,0.3015086054801941,0.6096680760383606,0.43285301327705383,-0.07899001985788345,0.9992418885231018,0.6341705918312073,0.4340471923351288,0.07882321625947952,0.9984856247901917,0.6093302965164185,0.5320195555686951,-0.04862947016954422,0.9629858732223511,0.6080499887466431,0.5265899300575256,0.11962888389825821,0.7045683264732361,0.613086998462677,0.6380029916763306,-0.07716737687587738,0.9744263291358948,0.6057292222976685,0.6210592985153198,0.18740271031856537,0.8111956715583801,0.62106853723526,0.6591454744338989,-0.0695132240653038,0.9711633920669556,0.607637345790863,0.6433292031288147,0.19173426926136017,0.8447496294975281,0.5804802179336548,0.6413131952285767,-0.09603654593229294,0.9491090774536133,0.573733925819397,0.6289290189743042,0.15338750183582306,0.8063141107559204
54,0.5971255302429199,0.2599269151687622,0.03248364105820656,0.9995214343070984,0.5969923138618469,0.249381884932518,0.010041484609246254,0.9994398951530457,0.5968765616416931,0.24904337525367737,0.010056646540760994,0.9994590878486633,0.5967036485671997,0.24875330924987793,0.010022866539657116,0.9994263648986816,0.5992867946624756,0.24865107238292694,0.03343457728624344,0.9994142055511475,0.6008690595626831,0.247769296169281,0.03345777839422226,0.9993878602981567,0.6026211977005005,0.24689899384975433,0.03341802582144737,0.999316930770874,0.6027948260307312,0.250927597284317,-0.06793452054262161,0.9994639754295349,0.6120836138725281,0.24877291917800903,0.03129154071211815,0.9992493987083435,0.6010794639587402,0.2675633728504181,0.007068666163831949,0.9995415806770325,0.6026915311813354,0.2673030495643616,0.03766479343175888,0.9995278716087341,0.6062880754470825,0.2970561385154724,-0.1534843146800995,0.9998142719268799,0.6483148336410522,0.29395726323127747,0.07676016539335251,0.9996163249015808,0.604001522064209,0.3743009567260742,-0.1947394460439682,0.9910433292388916,0.6529827117919922,0.36560481786727905,0.11783834546804428,0.5873264074325562,0.5830898284912109,0.4421013295650482,-0.18528935313224792,0.9542049765586853,0.6550441980361938,0.4261893033981323,0.11271257698535919,0.3981648087501526,0.5784739255905151,0.4595088064670563,-0.2033524215221405,0.9200891256332397,0.6586425304412842,0.44351452589035034,0.12374342978000641,0.34556737542152405,0.57746821641922,0.45888635516166687,-0.1983349621295929,0.9141672253608704,0.6569321751594543,0.4442528188228607,0.10728077590465546,0.3343803882598877,0.5796265602111816,0.45355093479156494,-0.1821279227733612,0.867479681968689,0.6545997858047485,0.4387200176715851,0.10514742136001587,0.31020355224609375,0.6090450286865234,0.42836806178092957,-0.07958585023880005,0.9992715716362,0.6337639093399048,0.4278203248977661,0.07943309098482132,0.998462975025177,0.6033080816268921,0.524483323097229,-0.07808230817317963,0.9619001746177673,0.6084367036819458,0.5228135585784912,0.09661500155925751,0.6854904294013977,0.6134556531906128,0.6357433199882507,-0.05916053056716919,0.9730257987976074,0.6069364547729492,0.6176695227622986,0.13652943074703217,0.7928311228752136,0.6214590072631836,0.6584533452987671,-0.059266459196805954,0.9699236154556274,0.6081604957580566,0.6403824687004089,0.13787370920181274,0.8297482132911682,0.5809852480888367,0.6403286457061768,-0.11456775665283203,0.9484978914260864,0.5738443732261658,0.6291841268539429,0.09502562135457993,0.793997049331665
55,0.5921598672866821,0.2581329047679901,0.016533151268959045,0.9995575547218323,0.5926644206047058,0.2483556717634201,-0.004781715571880341,0.9994856119155884,0.5927832722663879,0.2480659782886505,-0.004763119388371706,0.9995032548904419,0.5928593873977661,0.24784733355045319,-0.004798592068254948,0.9994728565216064,0.5945068597793579,0.24751976132392883,0.019187267869710922,0.9994581341743469,0.5960376858711243,0.24660882353782654,0.019216980785131454,0.9994310140609741,0.5978561639785767,0.24569758772850037,0.019192952662706375,0.9993638396263123,0.5995562672615051,0.2498336136341095,-0.07593624293804169,0.9995113015174866,0.6078543663024902,0.24723467230796814,0.028933728113770485,0.9993035793304443,0.596494197845459,0.26541340351104736,-0.006809895392507315,0.999573826789856,0.5978955030441284,0.2652590870857239,0.024405190721154213,0.999556303024292,0.6033731698989868,0.29463502764701843,-0.1542193740606308,0.9998325109481812,0.64439457654953,0.29209449887275696,0.07595674693584442,0.9996400475502014,0.6033228039741516,0.37261125445365906,-0.1948796659708023,0.9913740754127502,0.6478151082992554,0.36173728108406067,0.11509944498538971,0.5934715867042542,0.5841836333274841,0.44238099455833435,-0.18203112483024597,0.9565658569335938,0.6501563787460327,0.423115611076355,0.11510658264160156,0.40605396032333374,0.579743504524231,0.46074309945106506,-0.19984418153762817,0.9234680533409119,0.6528571844100952,0.4389569163322449,0.1280543953180313,0.35042911767959595,0.5787144899368286,0.4600410461425781,-0.19474253058433533,0.9178664684295654,0.6507979035377502,0.4396205544471741,0.11115612089633942,0.3390042781829834,0.5807421207427979,0.45422425866127014,-0.1790301501750946,0.8719185590744019,0.6483875513076782,0.4339321553707123,0.10753899812698364,0.3150849938392639,0.6061263084411621,0.42466625571250916,-0.08008789271116257,0.9992935061454773,0.6303871870040894,0.4243684709072113,0.0799483135342598,0.998410701751709,0.6015601754188538,0.524861752986908,-0.07832720875740051,0.9580852389335632,0.6074556708335876,0.5209144949913025,0.09223657101392746,0.6590008735656738,0.6137184500694275,0.6365833878517151,-0.05629071593284607,0.9696409106254578,0.6050052046775818,0.6190226674079895,0.12773355841636658,0.7698552012443542,0.6219394207000732,0.6587153077125549,-0.057272423058748245,0.967589795589447,0.6098074316978455,0.6410249471664429,0.12887446582317352,0.8142887353897095,0.5803084373474121,0.6405073404312134,-0.1143379658460617,0.9459802508354187,0.5740282535552979,0.6298224925994873,0.08647101372480392,0.7794069051742554
56,0.5890827775001526,0.25856420397758484,0.0168501865118742,0.9995688796043396,0.5892707705497742,0.24878297746181488,-0.003693764330819249,0.9995085000991821,0.5893816947937012,0.24846746027469635,-0.003688257187604904,0.9995259046554565,0.5894690752029419,0.24820256233215332,-0.0037298817187547684,0.9994980096817017,0.5907974243164062,0.2480161339044571,0.01936209760606289,0.9994671940803528,0.592143177986145,0.24714379012584686,0.019395802170038223,0.9994302988052368,0.5937356948852539,0.24626341462135315,0.01936250738799572,0.9993618726730347,0.5960890650749207,0.24931727349758148,-0.07386739552021027,0.9995446801185608,0.6035803556442261,0.24704578518867493,0.029966795817017555,0.9992998242378235,0.5929285287857056,0.265440970659256,-0.005521142855286598,0.9995847344398499,0.5939533710479736,0.2653200030326843,0.02447175234556198,0.9995495080947876,0.6030226945877075,0.29217529296875,-0.1511324644088745,0.9998489618301392,0.6372784376144409,0.29055097699165344,0.08125562965869904,0.9996494054794312,0.6022230386734009,0.36794862151145935,-0.18968205153942108,0.9916080236434937,0.6422924995422363,0.36074844002723694,0.11328788101673126,0.5801597237586975,0.5850768685340881,0.43987077474594116,-0.17968116700649261,0.9580946564674377,0.6409192085266113,0.42120879888534546,0.0999888926744461,0.39382877945899963,0.581339955329895,0.45841318368911743,-0.19823125004768372,0.9254510402679443,0.6413701176643372,0.4379135072231293,0.11123812198638916,0.33826640248298645,0.5797982811927795,0.4572701156139374,-0.19374188780784607,0.92010498046875,0.637978196144104,0.4376122057437897,0.09349801391363144,0.3269570469856262,0.5809484124183655,0.4512629508972168,-0.1770731806755066,0.8739855885505676,0.6366270780563354,0.43122056126594543,0.09143655747175217,0.304220050573349,0.6051690578460693,0.42092931270599365,-0.07985860109329224,0.9993125796318054,0.627580463886261,0.4234371781349182,0.07973483204841614,0.998290479183197,0.6034260988235474,0.5269501805305481,-0.0869726911187172,0.958041250705719,0.6050604581832886,0.5181484818458557,0.08468097448348999,0.6433522701263428,0.6134933233261108,0.6367326378822327,-0.07039280980825424,0.9688442945480347,0.6003481149673462,0.6174437403678894,0.11574234068393707,0.7593271136283875,0.6222458481788635,0.6593133807182312,-0.07246974855661392,0.9663190841674805,0.6062784194946289,0.6397331357002258,0.11599075794219971,0.8067769408226013,0.5797168612480164,0.6407535076141357,-0.13463233411312103,0.945614218711853,0.5707880258560181,0.6283911466598511,0.07037756592035294,0.7726374268531799
57,0.5845162868499756,0.25857606530189514,0.010558255948126316,0.9995558261871338,0.5844693779945374,0.24877873063087463,-0.00880642794072628,0.9995107650756836,0.5846574902534485,0.24837659299373627,-0.008811159059405327,0.9995314478874207,0.5848583579063416,0.24798814952373505,-0.00882689282298088,0.9995104670524597,0.5856989622116089,0.24814145267009735,0.01579447090625763,0.9994422793388367,0.5868178606033325,0.24729116261005402,0.015825673937797546,0.9993875622749329,0.5881468653678894,0.24640366435050964,0.015777548775076866,0.9993249773979187,0.5919167995452881,0.24869336187839508,-0.07432235777378082,0.9995651245117188,0.598014235496521,0.24659888446331024,0.03401362895965576,0.9992319941520691,0.5887276530265808,0.2653278708457947,-0.01072879508137703,0.9995858669281006,0.5895887017250061,0.26526325941085815,0.02123638056218624,0.9995269775390625,0.6028634309768677,0.2906395196914673,-0.15621516108512878,0.9998638033866882,0.631001889705658,0.2873630225658417,0.09619242697954178,0.9996361136436462,0.6015852689743042,0.36579206585884094,-0.1993715465068817,0.9918138980865479,0.6347973942756653,0.35752370953559875,0.12062486261129379,0.5366334915161133,0.586241602897644,0.4376080334186554,-0.18858198821544647,0.9603586196899414,0.6242443323135376,0.42138224840164185,0.10114554315805435,0.3625461757183075,0.5846285820007324,0.4567531943321228,-0.21193504333496094,0.9289737939834595,0.6215248107910156,0.4379081428050995,0.11175505816936493,0.3117562532424927,0.5832887887954712,0.4571296274662018,-0.20526809990406036,0.9238141775131226,0.6159027814865112,0.43805190920829773,0.09073086827993393,0.3014831840991974,0.584521472454071,0.45083484053611755,-0.1854531168937683,0.8781955242156982,0.6168916821479797,0.43184933066368103,0.09109719842672348,0.2813323736190796,0.6042121648788452,0.4229723811149597,-0.08211126923561096,0.9993287324905396,0.6251477599143982,0.42653948068618774,0.08197377622127533,0.9981594681739807,0.6007176637649536,0.5274177193641663,-0.06993022561073303,0.9583555459976196,0.6048991084098816,0.5203416347503662,0.11414126306772232,0.6331737637519836,0.6125139594078064,0.6376203894615173,-0.03467584028840065,0.9691801071166992,0.6023791432380676,0.6147115230560303,0.1728896200656891,0.7462593913078308,0.6212973594665527,0.6599416136741638,-0.03514321148395538,0.9659773707389832,0.6026633381843567,0.6373992562294006,0.17634344100952148,0.7948582172393799,0.5780702829360962,0.6394630074501038,-0.10146300494670868,0.946885883808136,0.5706490278244019,0.6252366900444031,0.13973158597946167,0.7686682343482971
58,0.5805955529212952,0.2591063380241394,-0.030689159408211708,0.999441921710968,0.5807830691337585,0.24953268468379974,-0.04758327454328537,0.9994114637374878,0.5814293622970581,0.24892400205135345,-0.04759311303496361,0.9994531869888306,0.5820881724357605,0.2482709288597107,-0.04759982228279114,0.9994516372680664,0.5805954933166504,0.24907633662223816,-0.0222229715436697,0.99924635887146,0.581132709980011,0.24816469848155975,-0.022186199203133583,0.9991261959075928,0.5818268656730652,0.24712371826171875,-0.022227512672543526,0.9990931153297424,0.5901254415512085,0.24899277091026306,-0.09699027240276337,0.9995381832122803,0.5924941301345825,0.24705280363559723,0.017718173563480377,0.9988119006156921,0.5860089063644409,0.26551195979118347,-0.046168603003025055,0.9995128512382507,0.5853826403617859,0.26557570695877075,-0.013155092485249043,0.99936443567276,0.6046440005302429,0.28938883543014526,-0.17120374739170074,0.9998770952224731,0.6228049397468567,0.2841034233570099,0.08996301889419556,0.999596893787384,0.6035965085029602,0.36438122391700745,-0.21547558903694153,0.9921532869338989,0.6258829832077026,0.3541424572467804,0.11961905658245087,0.4899885952472687,0.5912314653396606,0.4357486665248871,-0.20519952476024628,0.9624778032302856,0.6117751002311707,0.4126831591129303,0.09006242454051971,0.33180171251296997,0.5900848507881165,0.4562179744243622,-0.2300633192062378,0.9323680400848389,0.608913004398346,0.43249309062957764,0.09874224662780762,0.2862861156463623,0.5884596109390259,0.4571382403373718,-0.22284629940986633,0.9273769855499268,0.6047028303146362,0.4327596127986908,0.07378688454627991,0.27706098556518555,0.589390754699707,0.45029744505882263,-0.2015421837568283,0.8824873566627502,0.6076294183731079,0.4250538945198059,0.07825936377048492,0.25942331552505493,0.6048156023025513,0.4223385155200958,-0.08348093926906586,0.999347984790802,0.6221418976783752,0.4231792986392975,0.08335400372743607,0.9979947209358215,0.6000458598136902,0.5281944870948792,-0.06694476306438446,0.9590533375740051,0.6049657464027405,0.5214018225669861,0.11693917214870453,0.6167380213737488,0.6109267473220825,0.6377357840538025,-0.036356471478939056,0.9702621102333069,0.6046701073646545,0.6151742339134216,0.17069575190544128,0.7328492999076843,0.6200660467147827,0.6601552367210388,-0.03717059642076492,0.9659726619720459,0.6084426641464233,0.6363086104393005,0.17333762347698212,0.7846642732620239,0.5756626129150391,0.6387754678726196,-0.10108502209186554,0.9496684074401855,0.5727099180221558,0.6273386478424072,0.13499793410301208,0.7673269510269165
59,0.5765522122383118,0.2597392797470093,-0.05716441199183464,0.9992538690567017,0.5768008232116699,0.2503506541252136,-0.07394440472126007,0.999213457107544,0.5775212645530701,0.24963496625423431,-0.07395486533641815,0.9993000030517578,0.578260064125061,0.24883641302585602,-0.07395678013563156,0.9993259310722351,0.5764742493629456,0.25005051493644714,-0.048033591359853745,0.9988949298858643,0.5769544839859009,0.24915958940982819,-0.04800109565258026,0.9986762404441833,0.5775583982467651,0.2480945736169815,-0.04804657772183418,0.9987030625343323,0.5868661403656006,0.24934841692447662,-0.1187359094619751,0.9994542002677917,0.5881471633911133,0.24740292131900787,-0.002010231837630272,0.998091459274292,0.5824909210205078,0.2655692994594574,-0.07065336406230927,0.9993971586227417,0.5817068815231323,0.2656976580619812,-0.03692609816789627,0.9991371035575867,0.604679524898529,0.28863081336021423,-0.18540041148662567,0.9998890161514282,0.6162561178207397,0.2839646339416504,0.08729629218578339,0.9995664954185486,0.6046369671821594,0.3642684817314148,-0.22521424293518066,0.992426335811615,0.6144058704376221,0.3554984927177429,0.11799266189336777,0.4453113377094269,0.5942679047584534,0.435445636510849,-0.2145683467388153,0.9641169309616089,0.5999240875244141,0.4122195541858673,0.08528150618076324,0.30349066853523254,0.5936497449874878,0.45621225237846375,-0.2399245947599411,0.9351699948310852,0.5960289239883423,0.43314406275749207,0.09349164366722107,0.2631777822971344,0.5913645625114441,0.4567886292934418,-0.23361416161060333,0.9303313493728638,0.5965880751609802,0.4358265697956085,0.06757285445928574,0.2549348771572113,0.5918796062469482,0.4497605860233307,-0.21111436188220978,0.8860002756118774,0.5972344279289246,0.42850762605667114,0.07330711930990219,0.23957087099552155,0.6057588458061218,0.4226197600364685,-0.08340607583522797,0.9993627071380615,0.619242787361145,0.4210760295391083,0.08328833431005478,0.9978758692741394,0.5995618104934692,0.5288819074630737,-0.06246098130941391,0.9593072533607483,0.6044673323631287,0.5222015976905823,0.12307560443878174,0.5957543253898621,0.6100919246673584,0.63795405626297,-0.03162325918674469,0.9714927077293396,0.6051557660102844,0.6162340641021729,0.1870063990354538,0.7196995615959167,0.6192123889923096,0.6605774760246277,-0.03197430446743965,0.9658694267272949,0.6109405755996704,0.6366567611694336,0.19080550968647003,0.7726869583129883,0.5760118365287781,0.6392835378646851,-0.09784241765737534,0.952635645866394,0.5735574960708618,0.6286270618438721,0.1529998630285263,0.7677395343780518
60,0.5738173723220825,0.26323848962783813,-0.042078517377376556,0.9991594552993774,0.5736308693885803,0.25393611192703247,-0.05984409525990486,0.9991159439086914,0.5744311809539795,0.2531585395336151,-0.059852033853530884,0.9992265701293945,0.5752660036087036,0.25226661562919617,-0.05985406041145325,0.9992623329162598,0.5733190178871155,0.2538164556026459,-0.03413989394903183,0.9987092018127441,0.5738869905471802,0.2530156373977661,-0.034108128398656845,0.9984488487243652,0.5746070146560669,0.25200405716896057,-0.03415137156844139,0.9985049366950989,0.5843914151191711,0.25044265389442444,-0.11083804070949554,0.9994151592254639,0.5858765840530396,0.24871492385864258,0.004207476042211056,0.9977758526802063,0.5802935361862183,0.268351674079895,-0.057849861681461334,0.9993300437927246,0.5793951749801636,0.26834824681282043,-0.024365831166505814,0.9990171194076538,0.6031087040901184,0.28996846079826355,-0.18052491545677185,0.999899685382843,0.6142166256904602,0.284438818693161,0.0848248153924942,0.9995588660240173,0.60377436876297,0.3652476668357849,-0.2177262306213379,0.9927035570144653,0.6138394474983215,0.35610145330429077,0.11978639662265778,0.40662407875061035,0.595363974571228,0.435842365026474,-0.20247843861579895,0.9655789136886597,0.5988270044326782,0.41509512066841125,0.09152494370937347,0.27984556555747986,0.5949516892433167,0.456686407327652,-0.22544601559638977,0.9375911951065063,0.5979276895523071,0.4340022802352905,0.10102184116840363,0.24419070780277252,0.591969907283783,0.457096666097641,-0.21918156743049622,0.9329063296318054,0.5950759649276733,0.4371819496154785,0.0765766054391861,0.23683583736419678,0.5922412872314453,0.45009279251098633,-0.19899919629096985,0.8891845941543579,0.5952259302139282,0.4299546778202057,0.08036921173334122,0.22343723475933075,0.6032196879386902,0.4241810441017151,-0.08295698463916779,0.9993664622306824,0.6182914972305298,0.42321696877479553,0.08283724635839462,0.997795045375824,0.598139762878418,0.5289211869239807,-0.0603775791823864,0.9593151807785034,0.6039717793464661,0.5227149724960327,0.11511728912591934,0.5835604071617126,0.610163152217865,0.6380934119224548,-0.027446752414107323,0.9723076820373535,0.6047099232673645,0.6169864535331726,0.17261198163032532,0.7120185494422913,0.619205117225647,0.6608599424362183,-0.027401152998209,0.9657303690910339,0.6090291738510132,0.6377907991409302,0.1747896820306778,0.7641987800598145,0.5768935084342957,0.6396332383155823,-0.08468542993068695,0.9548172950744629,0.5726654529571533,0.6294214129447937,0.135352224111557,0.7684352397918701
61,0.5707048177719116,0.2664927542209625,-0.07850412279367447,0.9990140795707703,0.570496141910553,0.2571875751018524,-0.096394382417202,0.9989418983459473,0.5714359283447266,0.2563557028770447,-0.09640589356422424,0.9990922808647156,0.5724308490753174,0.2554175853729248,-0.09641791880130768,0.9991443753242493,0.5695534348487854,0.25720635056495667,-0.07037920504808426,0.9983940720558167,0.569770097732544,0.2564859092235565,-0.07034815847873688,0.9980483651161194,0.5700994729995728,0.255602091550827,-0.07039521634578705,0.9981420040130615,0.581458330154419,0.25214558839797974,-0.14149272441864014,0.999337911605835,0.5806099772453308,0.2513422966003418,-0.02422521635890007,0.9971920847892761,0.5775108933448792,0.27136749029159546,-0.09155790507793427,0.9992426633834839,0.5758439302444458,0.2714381217956543,-0.057554829865694046,0.9988391399383545,0.6018192768096924,0.29077228903770447,-0.19792793691158295,0.9999093413352966,0.6096375584602356,0.2839728593826294,0.05950169637799263,0.999561071395874,0.6043351888656616,0.36587485671043396,-0.23448216915130615,0.9928732514381409,0.6095097661018372,0.3567083775997162,0.10246515274047852,0.37164655327796936,0.5966390371322632,0.43614524602890015,-0.22467508912086487,0.9664930701255798,0.5976019501686096,0.41676169633865356,0.07134146243333817,0.25990530848503113,0.5967087149620056,0.45695960521698,-0.25033777952194214,0.9392043352127075,0.5943805575370789,0.43456459045410156,0.07921359688043594,0.22859330475330353,0.5931638479232788,0.45730599761009216,-0.24545128643512726,0.9346255660057068,0.594096839427948,0.43744298815727234,0.05182784050703049,0.22210000455379486,0.5932186245918274,0.4505438208580017,-0.22193627059459686,0.8910542130470276,0.594631552696228,0.43067842721939087,0.059076447039842606,0.21075572073459625,0.6046411395072937,0.4255448877811432,-0.0827634334564209,0.9993926286697388,0.6145439743995667,0.4238409996032715,0.082618847489357,0.9978083372116089,0.5968700051307678,0.5291985273361206,-0.059263378381729126,0.9602375030517578,0.601443886756897,0.5235024690628052,0.12964412569999695,0.5729737877845764,0.6103166937828064,0.6381227970123291,-0.0246460922062397,0.9736016988754272,0.604620099067688,0.61766517162323,0.20163607597351074,0.7078065276145935,0.6193687319755554,0.6606754660606384,-0.024590421468019485,0.9662240147590637,0.6095839142799377,0.6384866833686829,0.2062283754348755,0.758540689945221,0.5774336457252502,0.6403607130050659,-0.08421249687671661,0.9574699401855469,0.5725160837173462,0.6300137042999268,0.1697324812412262,0.772442638874054
62,0.5678533315658569,0.26977506279945374,-0.11718963086605072,0.9989753365516663,0.5676971673965454,0.26072561740875244,-0.13484343886375427,0.9988861083984375,0.5687776803970337,0.25986555218696594,-0.13485084474086761,0.9990591406822205,0.5699339509010315,0.25888434052467346,-0.1348702609539032,0.9991177320480347,0.5663928389549255,0.2608368396759033,-0.1083177924156189,0.9982854127883911,0.5664804577827454,0.260163813829422,-0.10828320682048798,0.9979028105735779,0.5666762590408325,0.2593410611152649,-0.10831979662179947,0.9979844689369202,0.5792990922927856,0.2542878985404968,-0.17448654770851135,0.9993213415145874,0.5772003531455994,0.254178911447525,-0.05490993335843086,0.9968575835227966,0.5747777223587036,0.2742863893508911,-0.12809167802333832,0.9992338418960571,0.5728607177734375,0.274557501077652,-0.09341580420732498,0.998772144317627,0.6019507050514221,0.29128873348236084,-0.22157129645347595,0.9999181628227234,0.6040645241737366,0.28302380442619324,0.034098245203495026,0.9995699524879456,0.6047126650810242,0.36650052666664124,-0.2549283504486084,0.9932359457015991,0.6053980588912964,0.3567110300064087,0.08470089733600616,0.34044182300567627,0.597424328327179,0.43651083111763,-0.2465815544128418,0.9681475758552551,0.5942463278770447,0.4176400899887085,0.051045339554548264,0.2435900717973709,0.5969756245613098,0.45723050832748413,-0.2725208103656769,0.9419757127761841,0.5911239385604858,0.4363292157649994,0.056202877312898636,0.21611188352108002,0.5932272672653198,0.45727062225341797,-0.2701483368873596,0.9376429319381714,0.5907171964645386,0.43885427713394165,0.02857859991490841,0.21051248908042908,0.5934082269668579,0.45025208592414856,-0.24431630969047546,0.895108163356781,0.5916048288345337,0.4322419762611389,0.03860059753060341,0.20094673335552216,0.6039003729820251,0.4261574149131775,-0.08259650319814682,0.9994374513626099,0.6090538501739502,0.42375582456588745,0.08242947608232498,0.9979159235954285,0.596282422542572,0.5293624401092529,-0.06118692830204964,0.9623008370399475,0.5989446043968201,0.5235816836357117,0.15901252627372742,0.5657345652580261,0.6104830503463745,0.6382614970207214,-0.029400702565908432,0.9754660129547119,0.6037091016769409,0.6173723340034485,0.25797122716903687,0.7115185856819153,0.6195598244667053,0.6602305173873901,-0.029999975115060806,0.9677829146385193,0.6094123125076294,0.6333723664283752,0.2649986147880554,0.7576176524162292,0.5778399109840393,0.641686737537384,-0.09877080470323563,0.9607715010643005,0.5716336965560913,0.6298469305038452,0.22819826006889343,0.7819629311561584
63,0.5661323070526123,0.27294108271598816,-0.10009255260229111,0.9988855123519897,0.565721869468689,0.2633739113807678,-0.11757705360651016,0.9987824559211731,0.5667830109596252,0.2624456286430359,-0.11758412420749664,0.9989822506904602,0.5679285526275635,0.26141268014907837,-0.11759763956069946,0.9990532398223877,0.5643554925918579,0.26373955607414246,-0.09120965003967285,0.9981129765510559,0.5643349289894104,0.26317986845970154,-0.09117414057254791,0.9976832270622253,0.564411997795105,0.26249605417251587,-0.09120608866214752,0.9977757334709167,0.5767563581466675,0.25625401735305786,-0.16072216629981995,0.9992813467979431,0.5745977163314819,0.25720274448394775,-0.04208490252494812,0.9964426755905151,0.572799801826477,0.27746355533599854,-0.11269314587116241,0.9991836547851562,0.571013867855072,0.2783223092556,-0.07824254035949707,0.9986430406570435,0.5994889736175537,0.29154732823371887,-0.21504458785057068,0.9999260306358337,0.6035860776901245,0.28392547369003296,0.04091290012001991,0.9995678663253784,0.6049832701683044,0.36622247099876404,-0.253768652677536,0.9935950636863708,0.6059694290161133,0.3573266565799713,0.08653335273265839,0.3121044337749481,0.5970748662948608,0.43521854281425476,-0.24475452303886414,0.9696376323699951,0.5941654443740845,0.41831186413764954,0.054445140063762665,0.22788119316101074,0.5962092280387878,0.455926775932312,-0.27054452896118164,0.944333016872406,0.5925265550613403,0.439613401889801,0.06044866889715195,0.2038756012916565,0.5928261280059814,0.45521101355552673,-0.26543331146240234,0.9401689171791077,0.5907953977584839,0.44161108136177063,0.033829424530267715,0.19905465841293335,0.5931559801101685,0.4484251141548157,-0.2414793223142624,0.8985264301300049,0.5927797555923462,0.4352089464664459,0.042463269084692,0.19111573696136475,0.6036470532417297,0.42617806792259216,-0.08242206275463104,0.9994640350341797,0.608966052532196,0.42374250292778015,0.08225057274103165,0.9979467391967773,0.5951897501945496,0.5295964479446411,-0.06131063029170036,0.9627290964126587,0.5991503000259399,0.5253106951713562,0.1441728174686432,0.5471586585044861,0.6097676753997803,0.6378307938575745,-0.029463594779372215,0.9763661623001099,0.6041864156723022,0.617621660232544,0.22093430161476135,0.7027135491371155,0.6189107298851013,0.6583415269851685,-0.029970970004796982,0.9682762622833252,0.6094889044761658,0.6343868374824524,0.22591611742973328,0.7494082450866699,0.5775206685066223,0.6417636871337891,-0.09593690931797028,0.9629037380218506,0.5727822184562683,0.6300173401832581,0.18919779360294342,0.7820239663124084
64,0.5634058713912964,0.27522140741348267,-0.07905799150466919,0.9987356066703796,0.5628134608268738,0.2653971016407013,-0.09613318741321564,0.9986238479614258,0.5638039708137512,0.26443564891815186,-0.0961437076330185,0.998860776424408,0.5648912191390991,0.2633887827396393,-0.09615609049797058,0.9989496469497681,0.5617338418960571,0.2658125162124634,-0.07003610581159592,0.9978421926498413,0.5618558526039124,0.2652469575405121,-0.06999428570270538,0.9973615407943726,0.5620903968811035,0.2645723819732666,-0.07002842426300049,0.9974870085716248,0.5738592147827148,0.258110374212265,-0.1419839709997177,0.9992175698280334,0.5724372863769531,0.2590499818325043,-0.02576732076704502,0.9958310723304749,0.5703758001327515,0.2797282040119171,-0.09279589354991913,0.9990885853767395,0.5689302682876587,0.2805922329425812,-0.058706093579530716,0.9984279274940491,0.59717857837677,0.29101473093032837,-0.20291991531848907,0.999933123588562,0.6031402945518494,0.28453823924064636,0.046729765832424164,0.9995490312576294,0.6051733493804932,0.36518627405166626,-0.24243327975273132,0.9938616156578064,0.6051605939865112,0.35741063952445984,0.08938609808683395,0.284906268119812,0.5971556305885315,0.4334202706813812,-0.23159441351890564,0.9706690907478333,0.5933354496955872,0.419323593378067,0.06619249284267426,0.21091629564762115,0.5968020558357239,0.4552253186702728,-0.2562200427055359,0.9459105730056763,0.5927637815475464,0.44112932682037354,0.07359294593334198,0.1901632398366928,0.5927370190620422,0.4544501006603241,-0.2501734793186188,0.9418085813522339,0.5890616178512573,0.44260555505752563,0.047592468559741974,0.18596942722797394,0.5929912328720093,0.44752436876296997,-0.22800686955451965,0.9005096554756165,0.5897413492202759,0.43618765473365784,0.05446217209100723,0.17951270937919617,0.6031583547592163,0.42543306946754456,-0.08236756175756454,0.9994815587997437,0.6099071502685547,0.42297059297561646,0.08222468197345734,0.9979169964790344,0.5941433906555176,0.5296798348426819,-0.06982047110795975,0.9624928832054138,0.5991449356079102,0.525133490562439,0.1303236037492752,0.5248855352401733,0.6091692447662354,0.6375806331634521,-0.044361140578985214,0.976629376411438,0.6044355630874634,0.6179562211036682,0.1913803517818451,0.6879336833953857,0.6187631487846375,0.6573397517204285,-0.045165278017520905,0.9674514532089233,0.6096896529197693,0.6345759034156799,0.19434893131256104,0.7369901537895203,0.5771089792251587,0.6417996287345886,-0.10615819692611694,0.9642147421836853,0.5733567476272583,0.6302502155303955,0.1579529494047165,0.776464581489563
65,0.5614495873451233,0.2762781083583832,-0.09899771213531494,0.9986310601234436,0.560737133026123,0.266791433095932,-0.11689704656600952,0.99850994348526,0.5617052316665649,0.2658378779888153,-0.11690403521060944,0.9987818598747253,0.5627821087837219,0.26480528712272644,-0.11692140996456146,0.9988822340965271,0.5596453547477722,0.2672167718410492,-0.08988066017627716,0.9976307153701782,0.5597142577171326,0.2666783928871155,-0.08984605222940445,0.9971135854721069,0.5598800778388977,0.26604124903678894,-0.0898788794875145,0.9972394704818726,0.5718916654586792,0.2594875991344452,-0.16177228093147278,0.9991790652275085,0.5700125694274902,0.26047125458717346,-0.04014725610613823,0.9953020215034485,0.568367063999176,0.28062835335731506,-0.11231940984725952,0.9990233182907104,0.5670035481452942,0.2816207706928253,-0.07700182497501373,0.9982471466064453,0.5966018438339233,0.29113709926605225,-0.21718211472034454,0.9999394416809082,0.6006312966346741,0.28486818075180054,0.04314687103033066,0.9995317459106445,0.6058720946311951,0.36493557691574097,-0.25289100408554077,0.994105875492096,0.6034253835678101,0.35755839943885803,0.08855178952217102,0.2609761953353882,0.59776371717453,0.4330652356147766,-0.23622456192970276,0.9714018702507019,0.5911310911178589,0.41965973377227783,0.05942178890109062,0.19709664583206177,0.5974310636520386,0.4546433389186859,-0.26079994440078735,0.9468691349029541,0.5886971950531006,0.44116026163101196,0.06621439754962921,0.17929139733314514,0.5927445888519287,0.4538627862930298,-0.25552648305892944,0.9428232312202454,0.5869773030281067,0.4426918923854828,0.0396699383854866,0.17573393881320953,0.5929734706878662,0.4470450282096863,-0.23263275623321533,0.9015541672706604,0.5876801013946533,0.4362998902797699,0.04738977178931236,0.17050595581531525,0.6035478115081787,0.4255717098712921,-0.08224067091941833,0.9994974732398987,0.6086611151695251,0.4230465888977051,0.08210106939077377,0.9979110956192017,0.5943331122398376,0.5298271775245667,-0.06734620034694672,0.9622547030448914,0.5995124578475952,0.5251286029815674,0.13424918055534363,0.5082712769508362,0.609354555606842,0.6376540660858154,-0.03533606976270676,0.9771108031272888,0.6048272252082825,0.6182159185409546,0.20494592189788818,0.6819279789924622,0.6190139055252075,0.6572285294532776,-0.035212624818086624,0.9669229388237,0.6097297668457031,0.6352179646492004,0.20931656658649445,0.7310264706611633,0.5773055553436279,0.6418227553367615,-0.09759175032377243,0.9655917286872864,0.5738572478294373,0.6304399371147156,0.173578679561615,0.7765011787414551
66,0.5601525902748108,0.2774260938167572,-0.11539880931377411,0.9985626339912415,0.559176504611969,0.26800450682640076,-0.13286776840686798,0.9984363317489624,0.5601556897163391,0.2670448124408722,-0.13287077844142914,0.9987407922744751,0.5612277388572693,0.2660205662250519,-0.13288961350917816,0.9988429546356201,0.558119535446167,0.2684014141559601,-0.10624424368143082,0.9974677562713623,0.558240532875061,0.26783034205436707,-0.10621379315853119,0.9969363212585449,0.5584514141082764,0.26715633273124695,-0.1062466949224472,0.997031569480896,0.5707480907440186,0.2606063187122345,-0.17429491877555847,0.9991573095321655,0.5689998865127563,0.26118168234825134,-0.05457504466176033,0.994880735874176,0.5672128796577454,0.2813866436481476,-0.12736891210079193,0.998986542224884,0.565924346446991,0.28235816955566406,-0.09265665709972382,0.9981271028518677,0.5970870852470398,0.2913276255130768,-0.22439734637737274,0.9999451637268066,0.5970829725265503,0.28528892993927,0.03379013389348984,0.9995099902153015,0.6058893799781799,0.3651912808418274,-0.2572106719017029,0.9944168925285339,0.6008078455924988,0.35769960284233093,0.08577755838632584,0.24027250707149506,0.5980976819992065,0.43254080414772034,-0.24312055110931396,0.9727038741111755,0.590086042881012,0.41929587721824646,0.05709122493863106,0.18558251857757568,0.5978912115097046,0.45386818051338196,-0.26808327436447144,0.9489838480949402,0.5881329774856567,0.4409692585468292,0.06405869871377945,0.1704358458518982,0.59283447265625,0.453561931848526,-0.26408079266548157,0.9451246857643127,0.5865658521652222,0.4418569505214691,0.03707868605852127,0.16752316057682037,0.5930106043815613,0.44688186049461365,-0.2399299442768097,0.9048007130622864,0.5870962738990784,0.4352955222129822,0.04509630426764488,0.1633239984512329,0.603623628616333,0.4241998493671417,-0.08175461739301682,0.9995146989822388,0.6079356670379639,0.4206201732158661,0.08167003095149994,0.9979146718978882,0.5943560600280762,0.5279411673545837,-0.07011718302965164,0.9630531072616577,0.5991510152816772,0.5215930342674255,0.131902813911438,0.4997785985469818,0.6094151735305786,0.636841893196106,-0.039009276777505875,0.9781568646430969,0.6047500371932983,0.6161103844642639,0.1996208280324936,0.6824814081192017,0.6190487146377563,0.6559593081474304,-0.039324767887592316,0.9675037860870361,0.6097296476364136,0.6310489773750305,0.203614741563797,0.7284768223762512,0.5774645805358887,0.6414287090301514,-0.10253041982650757,0.9674810767173767,0.5740026235580444,0.6291183829307556,0.16711680591106415,0.779658317565918
67,0.5584076642990112,0.2780992388725281,-0.10952283442020416,0.9986433386802673,0.557219386100769,0.2686918377876282,-0.1275593787431717,0.9985260367393494,0.5581573843955994,0.2677863538265228,-0.12755541503429413,0.9988152980804443,0.5591915845870972,0.2668110430240631,-0.1275625079870224,0.9989104270935059,0.5563985705375671,0.26893889904022217,-0.10041330754756927,0.9976197481155396,0.5566526651382446,0.2683080732822418,-0.10038264840841293,0.9971287250518799,0.5570257902145386,0.26755186915397644,-0.1004088968038559,0.9972161054611206,0.5688959956169128,0.2614680230617523,-0.17210505902767181,0.9992061257362366,0.5679842233657837,0.2613794207572937,-0.05036281421780586,0.9951872825622559,0.5656583905220032,0.2821974754333496,-0.12283693253993988,0.9990450143814087,0.564721405506134,0.28304851055145264,-0.08748046308755875,0.9982343316078186,0.5960050821304321,0.2931804060935974,-0.22452524304389954,0.9999504089355469,0.5968526005744934,0.28536298871040344,0.034567780792713165,0.9995249509811401,0.6052186489105225,0.3652461767196655,-0.2537429928779602,0.9946879744529724,0.6008270382881165,0.35801705718040466,0.07967131584882736,0.2236909419298172,0.5978757739067078,0.43281349539756775,-0.23539431393146515,0.9737513065338135,0.5907504558563232,0.420775443315506,0.04686153680086136,0.1766829937696457,0.5975966453552246,0.45379167795181274,-0.26042717695236206,0.9505258798599243,0.5903528928756714,0.4423147141933441,0.05220811441540718,0.16333307325839996,0.5926958322525024,0.4535039961338043,-0.25570163130760193,0.9467897415161133,0.5877084732055664,0.44224363565444946,0.026035126298666,0.16093751788139343,0.5929195284843445,0.4468608498573303,-0.23209717869758606,0.9069707989692688,0.5887590646743774,0.43563321232795715,0.034994740039110184,0.15759024024009705,0.6037880182266235,0.42446285486221313,-0.08158017694950104,0.9995377659797668,0.6076220273971558,0.4208584427833557,0.0815144032239914,0.9979618787765503,0.5945931673049927,0.5280024409294128,-0.061878420412540436,0.9644827246665955,0.5991138815879822,0.5214830636978149,0.14781934022903442,0.4973156452178955,0.6094776391983032,0.6361094117164612,-0.025202959775924683,0.9793137907981873,0.6048994064331055,0.6143667101860046,0.23290438950061798,0.6862396597862244,0.6190435886383057,0.6555441617965698,-0.025185877457261086,0.9684043526649475,0.6099238991737366,0.6296015381813049,0.23876109719276428,0.7284812927246094,0.5773959159851074,0.6404286623001099,-0.0892808586359024,0.9695062637329102,0.5741740465164185,0.6282156705856323,0.2042139321565628,0.7863404750823975
68,0.5571710467338562,0.27886489033699036,-0.10472563654184341,0.9987032413482666,0.5558961629867554,0.26956865191459656,-0.12268318980932236,0.9985970258712769,0.556792140007019,0.2687295079231262,-0.12267812341451645,0.9988735318183899,0.5577994585037231,0.26782137155532837,-0.12268483638763428,0.9989633560180664,0.5552581548690796,0.26970401406288147,-0.09551636874675751,0.9977447390556335,0.5555886626243591,0.26903975009918213,-0.0954875573515892,0.9972921013832092,0.5560407638549805,0.2682268023490906,-0.09551665186882019,0.9973765015602112,0.5678549408912659,0.26271960139274597,-0.16817902028560638,0.9992427825927734,0.5672913193702698,0.2619870901107788,-0.0465233251452446,0.9954499006271362,0.5644586682319641,0.2829868197441101,-0.11854591220617294,0.9990857839584351,0.5637102127075195,0.2836674451828003,-0.08319752663373947,0.9983157515525818,0.5943068861961365,0.29568731784820557,-0.2227826565504074,0.9999549388885498,0.597284197807312,0.28585463762283325,0.03757018595933914,0.9995273351669312,0.6048509478569031,0.3662674129009247,-0.2509108781814575,0.9948381781578064,0.6011317372322083,0.3590960204601288,0.0784166008234024,0.20764024555683136,0.597756028175354,0.4332434833049774,-0.23309078812599182,0.9740291237831116,0.5921710729598999,0.4230691194534302,0.046181924641132355,0.166316956281662,0.5976120233535767,0.45386743545532227,-0.25955715775489807,0.9506458044052124,0.5917826294898987,0.4436623752117157,0.05237492173910141,0.15464645624160767,0.5927480459213257,0.4537869393825531,-0.25393086671829224,0.9469196200370789,0.5894203782081604,0.44333988428115845,0.026497159153223038,0.15263183414936066,0.5929514169692993,0.44690006971359253,-0.2290857583284378,0.9066881537437439,0.589911937713623,0.43799644708633423,0.03447631746530533,0.15006095170974731,0.6039610505104065,0.4245451092720032,-0.08153432607650757,0.9995434880256653,0.6080919504165649,0.4208458960056305,0.08146567642688751,0.9979286193847656,0.5948880314826965,0.5278829336166382,-0.05979759246110916,0.965226411819458,0.5995017290115356,0.5216193795204163,0.14454285800457,0.4897608757019043,0.6095448136329651,0.635545551776886,-0.02257738634943962,0.9800419211387634,0.6050558090209961,0.6145603060722351,0.2239389419555664,0.6847403645515442,0.6190627813339233,0.6551442742347717,-0.022560518234968185,0.968790590763092,0.6099717020988464,0.6302184462547302,0.22924891114234924,0.7257716655731201,0.5771125555038452,0.6397313475608826,-0.08547813445329666,0.9708952307701111,0.5742487907409668,0.6277735233306885,0.19408002495765686,0.7886890769004822
69,0.5570066571235657,0.27966588735580444,-0.10078684985637665,0.9987736940383911,0.5555912256240845,0.27031177282333374,-0.11842316389083862,0.9986771941184998,0.5564627051353455,0.2694751024246216,-0.11841829121112823,0.9989386200904846,0.5574327111244202,0.2685565948486328,-0.1184232234954834,0.9990230202674866,0.5548948645591736,0.2704155147075653,-0.09139829874038696,0.9978806972503662,0.555175244808197,0.2697320878505707,-0.0913679450750351,0.9974635243415833,0.5555636286735535,0.2688926160335541,-0.0913945809006691,0.9975437521934509,0.5673826932907104,0.26313069462776184,-0.16333074867725372,0.9992851614952087,0.5665506720542908,0.2623354196548462,-0.042522065341472626,0.9957168698310852,0.564362108707428,0.2836397886276245,-0.11446354538202286,0.9991329908370972,0.5635740756988525,0.28430938720703125,-0.0793311670422554,0.9984046220779419,0.5942519903182983,0.2957535982131958,-0.21894559264183044,0.9999590516090393,0.5968867540359497,0.28657418489456177,0.04055657982826233,0.9995254278182983,0.604929506778717,0.36634671688079834,-0.24826116859912872,0.9950737953186035,0.6019690036773682,0.3595384955406189,0.08022598922252655,0.19317439198493958,0.5986738801002502,0.4334421455860138,-0.22726190090179443,0.9749502539634705,0.5935366153717041,0.4239179491996765,0.047970183193683624,0.15688611567020416,0.5988978743553162,0.4539172947406769,-0.2544705867767334,0.9519429802894592,0.5931759476661682,0.44429337978363037,0.05412057042121887,0.14667494595050812,0.5935505628585815,0.45391467213630676,-0.2476799190044403,0.9483331441879272,0.5908482670783997,0.444245845079422,0.028626341372728348,0.14504209160804749,0.5935772061347961,0.44707316160202026,-0.22310975193977356,0.9085847735404968,0.5910406708717346,0.4385696351528168,0.03642234578728676,0.14312270283699036,0.6056934595108032,0.42461341619491577,-0.0814632922410965,0.9995414018630981,0.6085609793663025,0.42047831416130066,0.08140701800584793,0.9978554248809814,0.5949648022651672,0.5269280076026917,-0.060569457709789276,0.9657343029975891,0.5997272729873657,0.52179354429245,0.1419866979122162,0.4804516136646271,0.6098886728286743,0.6351746916770935,-0.024029860273003578,0.9806179404258728,0.6061939001083374,0.6149241328239441,0.2219507247209549,0.6831293106079102,0.6195569634437561,0.6549953818321228,-0.024118568748235703,0.9689452648162842,0.6131935715675354,0.6342456340789795,0.22667188942432404,0.7231641411781311,0.5771197080612183,0.6398412585258484,-0.08804704248905182,0.9721215963363647,0.5743376016616821,0.6282979249954224,0.18693897128105164,0.7902584671974182
70,0.5558134317398071,0.2809085249900818,-0.10114641487598419,0.9988455772399902,0.5540946125984192,0.27147480845451355,-0.11874173581600189,0.9987574815750122,0.5549582242965698,0.27062374353408813,-0.1187392920255661,0.999003529548645,0.555926501750946,0.2696898579597473,-0.11874450743198395,0.9990827441215515,0.5533027052879333,0.2715359926223755,-0.09168129414319992,0.9980176091194153,0.5534900426864624,0.27082711458206177,-0.09164958447217941,0.9976322054862976,0.5537768006324768,0.26996365189552307,-0.09167461842298508,0.9977055788040161,0.5656439065933228,0.26392072439193726,-0.16291731595993042,0.9993287920951843,0.5645860433578491,0.26305708289146423,-0.041984204202890396,0.9959846138954163,0.5632668733596802,0.2846626937389374,-0.11463455855846405,0.9991858601570129,0.5624479651451111,0.2853318452835083,-0.07947384566068649,0.9984996318817139,0.594255805015564,0.2956664264202118,-0.2175961285829544,0.9999628663063049,0.5949187278747559,0.286711186170578,0.04096083715558052,0.9995294809341431,0.6050137877464294,0.36596599221229553,-0.24691033363342285,0.9953575730323792,0.6012153625488281,0.35949909687042236,0.08163370192050934,0.1811247318983078,0.5993233919143677,0.43276652693748474,-0.22463083267211914,0.9762385487556458,0.5923250913619995,0.4227112829685211,0.04853129759430885,0.15024343132972717,0.5997368097305298,0.4524194300174713,-0.25164923071861267,0.9539796113967896,0.5926015973091125,0.44338294863700867,0.05393506959080696,0.14121781289577484,0.5941015481948853,0.4522438049316406,-0.24554462730884552,0.9505333304405212,0.5895684957504272,0.4434901773929596,0.028630604967474937,0.13997289538383484,0.5939517021179199,0.446304589509964,-0.22064104676246643,0.9118731617927551,0.5904818177223206,0.43835437297821045,0.036969270557165146,0.13857582211494446,0.6069953441619873,0.4247487485408783,-0.08059901744127274,0.9995512366294861,0.6075651049613953,0.42071717977523804,0.08057227730751038,0.997836709022522,0.595487654209137,0.5266320705413818,-0.06355740875005722,0.9665765762329102,0.5996588468551636,0.5219151973724365,0.14056557416915894,0.4754960834980011,0.6099519729614258,0.6347795724868774,-0.03536192327737808,0.9812265038490295,0.6061099171638489,0.6152118444442749,0.21692988276481628,0.6828781366348267,0.6199002265930176,0.6548439860343933,-0.03627932444214821,0.9695174098014832,0.6130394339561462,0.6330185532569885,0.22159841656684875,0.7212249040603638,0.57716965675354,0.6402254700660706,-0.10006364434957504,0.9734039902687073,0.5744478106498718,0.6288343071937561,0.18436665832996368,0.7929366827011108
71,0.5539960265159607,0.2824666202068329,-0.10181031376123428,0.9989126920700073,0.5523883700370789,0.2727222740650177,-0.11938373744487762,0.9988312721252441,0.553287148475647,0.2717753052711487,-0.11938469111919403,0.9990630149841309,0.5543234944343567,0.2707361876964569,-0.11939414590597153,0.9991384744644165,0.5515145063400269,0.2728775441646576,-0.0922158807516098,0.998142421245575,0.5516694784164429,0.2721642553806305,-0.09218039363622665,0.9977853298187256,0.5519386529922485,0.2713032066822052,-0.09220241010189056,0.9978517293930054,0.5640416741371155,0.26433882117271423,-0.1634996086359024,0.9993692636489868,0.5627061128616333,0.2638157904148102,-0.04197503626346588,0.9962210655212402,0.5615602135658264,0.2861400246620178,-0.11537788808345795,0.9992362856864929,0.5606440305709839,0.2869049906730652,-0.08002919703722,0.998586893081665,0.5939087271690369,0.2942589223384857,-0.21849051117897034,0.9999663829803467,0.5935727953910828,0.2867778241634369,0.041526928544044495,0.9995334148406982,0.6056627631187439,0.3651088774204254,-0.248012512922287,0.9956571459770203,0.6018301844596863,0.3595421016216278,0.08183564990758896,0.17052029073238373,0.6015812158584595,0.432693213224411,-0.22658507525920868,0.9776455163955688,0.5933064222335815,0.42373085021972656,0.047498296946287155,0.1449681669473648,0.6021829843521118,0.4517955780029297,-0.25363588333129883,0.9562245607376099,0.5932613611221313,0.44411513209342957,0.052593670785427094,0.13684073090553284,0.596107006072998,0.4515746235847473,-0.24753455817699432,0.9529423713684082,0.5906809568405151,0.44410473108291626,0.027060922235250473,0.1358942687511444,0.5958805084228516,0.44582393765449524,-0.2225761115550995,0.9156028628349304,0.5913723707199097,0.4385993182659149,0.03582686930894852,0.13499628007411957,0.6077336072921753,0.4253227114677429,-0.08042935281991959,0.9995671510696411,0.6067449450492859,0.421176552772522,0.08041198551654816,0.9978415369987488,0.5963060855865479,0.5266963243484497,-0.06337732076644897,0.9671903848648071,0.5994387865066528,0.5226762890815735,0.14497989416122437,0.46739885210990906,0.6103052496910095,0.6348673105239868,-0.03460202366113663,0.9815635681152344,0.6059702634811401,0.6154052019119263,0.22651533782482147,0.678880512714386,0.6205431222915649,0.6549032926559448,-0.035381413996219635,0.9698402285575867,0.6126686930656433,0.6332578659057617,0.2318894863128662,0.7177577614784241,0.5771921873092651,0.6409319043159485,-0.09857934713363647,0.9742909073829651,0.5742050409317017,0.6289516091346741,0.1966000199317932,0.7932806015014648
72,0.5528408288955688,0.2862468361854553,-0.09945005178451538,0.9989663362503052,0.5509520173072815,0.2761746942996979,-0.1169336587190628,0.9988924860954285,0.5518311262130737,0.27517804503440857,-0.11693328619003296,0.9991127252578735,0.5528514385223389,0.274066299200058,-0.1169406920671463,0.9991847276687622,0.5500482320785522,0.2763328552246094,-0.09019207954406738,0.9982485175132751,0.5501865148544312,0.27558866143226624,-0.0901571661233902,0.9979166388511658,0.550430953502655,0.2746921181678772,-0.09017827361822128,0.9979760646820068,0.5626590251922607,0.2670194208621979,-0.16121947765350342,0.9994038939476013,0.5609361529350281,0.266738623380661,-0.04111133888363838,0.9964300394058228,0.5605424046516418,0.2898789942264557,-0.11297090351581573,0.9992772936820984,0.5596312880516052,0.29058852791786194,-0.0781656950712204,0.9986559152603149,0.5930860042572021,0.29426446557044983,-0.21824774146080017,0.9999695420265198,0.5914362072944641,0.28754326701164246,0.04077276214957237,0.9995331168174744,0.6063476800918579,0.36463525891304016,-0.24633176624774933,0.9959051012992859,0.602255642414093,0.3592175245285034,0.08140965551137924,0.15985386073589325,0.6027723550796509,0.431244820356369,-0.22390127182006836,0.9786682724952698,0.5939834713935852,0.42264989018440247,0.04777217656373978,0.13835172355175018,0.6045020818710327,0.4495234191417694,-0.24981951713562012,0.9577755928039551,0.5937267541885376,0.44265806674957275,0.05244089290499687,0.13139541447162628,0.5977623462677002,0.4493306279182434,-0.2444724291563034,0.95458984375,0.5912730097770691,0.4439502954483032,0.027241980656981468,0.13073785603046417,0.5971283912658691,0.44422978162765503,-0.22008243203163147,0.9180846214294434,0.5917673110961914,0.4379865229129791,0.03618525713682175,0.1302468180656433,0.6078344583511353,0.42652198672294617,-0.07908327877521515,0.9995824098587036,0.6059590578079224,0.42151138186454773,0.07907342165708542,0.9978598952293396,0.5966895818710327,0.5267329812049866,-0.06718513369560242,0.9679804444313049,0.5995218753814697,0.5227041840553284,0.14387676119804382,0.46343865990638733,0.610706627368927,0.634859025478363,-0.04665551707148552,0.9819947481155396,0.6059810519218445,0.614984393119812,0.22282207012176514,0.6772254705429077,0.621091902256012,0.6549558043479919,-0.048280976712703705,0.9700646996498108,0.6125145554542542,0.6315034627914429,0.2271188199520111,0.7144736647605896,0.5773631930351257,0.6412423849105835,-0.11230554431676865,0.9752860069274902,0.5742257833480835,0.6290502548217773,0.19602105021476746,0.7947851419448853
73,0.5513872504234314,0.2923627197742462,-0.10950370877981186,0.9989837408065796,0.5487674474716187,0.2817036807537079,-0.12668006122112274,0.9989118576049805,0.5496264100074768,0.28063470125198364,-0.12668074667453766,0.9991284012794495,0.5505822896957397,0.2794376611709595,-0.12669232487678528,0.9992007613182068,0.5478663444519043,0.2819457948207855,-0.09998190402984619,0.9982985258102417,0.5480291843414307,0.2811886668205261,-0.09995105117559433,0.9979849457740784,0.5483219027519226,0.28030216693878174,-0.09997890144586563,0.9980390667915344,0.5598898530006409,0.27127134799957275,-0.16959872841835022,0.9994146227836609,0.5581632256507874,0.2718225419521332,-0.04981081560254097,0.9965024590492249,0.5591562390327454,0.2956937253475189,-0.12275288254022598,0.9992969036102295,0.5581103563308716,0.2962356209754944,-0.08793376386165619,0.9986761808395386,0.5925201773643494,0.2955171763896942,-0.22220385074615479,0.9999723434448242,0.5887976884841919,0.29131221771240234,0.03211146220564842,0.9995283484458923,0.6086163520812988,0.36447545886039734,-0.253781795501709,0.9961054921150208,0.6022815108299255,0.36063849925994873,0.07145948708057404,0.15005521476268768,0.6040546298027039,0.43146976828575134,-0.23694047331809998,0.9794926643371582,0.5939148664474487,0.43026697635650635,0.03635377436876297,0.1327313482761383,0.6049284934997559,0.44991669058799744,-0.26345670223236084,0.9589434266090393,0.5932478308677673,0.4484489858150482,0.04070881009101868,0.1266714483499527,0.5981403589248657,0.44971764087677,-0.25795143842697144,0.9558184146881104,0.5911155939102173,0.44884422421455383,0.014950098469853401,0.1261875182390213,0.5978182554244995,0.444455623626709,-0.23328669369220734,0.9197649955749512,0.5915732979774475,0.44243577122688293,0.024559397250413895,0.12626123428344727,0.6099047660827637,0.42792993783950806,-0.0788113921880722,0.9995888471603394,0.606491208076477,0.4232695698738098,0.07880837470293045,0.9978113174438477,0.597380518913269,0.5275058150291443,-0.06837736815214157,0.968403160572052,0.5995294451713562,0.5230082869529724,0.14462238550186157,0.4508919417858124,0.6111792325973511,0.6348962187767029,-0.04642068222165108,0.9820185303688049,0.606087863445282,0.614559531211853,0.22336788475513458,0.6675999164581299,0.6216203570365906,0.654992401599884,-0.04793507605791092,0.9698403477668762,0.6126965880393982,0.6317301392555237,0.22810479998588562,0.7074471712112427,0.5773753523826599,0.641261875629425,-0.1126040667295456,0.9755948781967163,0.5742534399032593,0.6291166543960571,0.19311265647411346,0.789664626121521
74,0.5496287941932678,0.3005931079387665,-0.10732930898666382,0.9989943504333496,0.5463457107543945,0.28967955708503723,-0.12435009330511093,0.9989244341850281,0.5471708178520203,0.28841838240623474,-0.12435221672058105,0.999140202999115,0.5481059551239014,0.28702619671821594,-0.1243622899055481,0.9992125630378723,0.545518159866333,0.28995034098625183,-0.09791842848062515,0.9983376264572144,0.5456842184066772,0.2890223562717438,-0.09788469970226288,0.9980384707450867,0.5460038781166077,0.2879822850227356,-0.09790775924921036,0.9980822205543518,0.557291567325592,0.27753812074661255,-0.16684119403362274,0.9994235634803772,0.5553730726242065,0.2790755033493042,-0.04784064367413521,0.9965407848358154,0.557418704032898,0.3034267723560333,-0.12030638754367828,0.9993091821670532,0.5563780069351196,0.3039151728153229,-0.08576297760009766,0.9986822605133057,0.5905681848526001,0.2982836365699768,-0.21999922394752502,0.9999748468399048,0.5854527950286865,0.2986689805984497,0.03314375877380371,0.9995088577270508,0.6104287505149841,0.36410751938819885,-0.252143532037735,0.9963335394859314,0.602108359336853,0.36264923214912415,0.072018101811409,0.14049506187438965,0.6054391264915466,0.431222140789032,-0.23475272953510284,0.9803656339645386,0.5941897034645081,0.43211010098457336,0.03551248833537102,0.1263379603624344,0.6059025526046753,0.44983533024787903,-0.2607933580875397,0.9601605534553528,0.593730092048645,0.451715886592865,0.039067380130290985,0.12112265080213547,0.5990705490112305,0.4496428370475769,-0.25505679845809937,0.957097589969635,0.591401994228363,0.4525139033794403,0.01362762600183487,0.12082056701183319,0.5986864566802979,0.44440487027168274,-0.23099347949028015,0.9215869903564453,0.5916564464569092,0.44472551345825195,0.0237300805747509,0.12131615728139877,0.6103428602218628,0.43497875332832336,-0.07846259325742722,0.9995986223220825,0.6063581109046936,0.4311162829399109,0.07846219837665558,0.9977807998657227,0.5980193614959717,0.5289358496665955,-0.0661386027932167,0.9698774218559265,0.5994954705238342,0.5241856575012207,0.15207511186599731,0.4496679902076721,0.6112276315689087,0.6345950365066528,-0.04387322813272476,0.9825158715248108,0.6060953140258789,0.6129568219184875,0.2376115620136261,0.6681252121925354,0.6216568946838379,0.6544594168663025,-0.045560188591480255,0.9701762795448303,0.612813413143158,0.6304609775543213,0.24323728680610657,0.7074335217475891,0.5774715542793274,0.6412864327430725,-0.11116443574428558,0.9764468669891357,0.574272871017456,0.6289806365966797,0.20876343548297882,0.7916910648345947
75,0.5487541556358337,0.30713221430778503,-0.09905407577753067,0.9989975094795227,0.5445317625999451,0.2967572510242462,-0.11473645269870758,0.9989289045333862,0.5453042984008789,0.2954053580760956,-0.11474090814590454,0.9991446137428284,0.5461755990982056,0.29388049244880676,-0.11473868787288666,0.9992166757583618,0.5437634587287903,0.2970176935195923,-0.08951975405216217,0.9983561635017395,0.543900191783905,0.29601603746414185,-0.08947265148162842,0.9980663061141968,0.5441797971725464,0.2948762774467468,-0.08948476612567902,0.9980959892272949,0.554728090763092,0.2833457291126251,-0.1549208015203476,0.9994264245033264,0.5529259443283081,0.28534823656082153,-0.040893636643886566,0.996516764163971,0.5564465522766113,0.30904167890548706,-0.11133833229541779,0.9993091225624084,0.5555553436279297,0.3096406161785126,-0.07839854061603546,0.9986629486083984,0.5876430869102478,0.3002321124076843,-0.21021930873394012,0.999977171421051,0.5857105255126953,0.30195850133895874,0.03708818182349205,0.9994760155677795,0.6111249327659607,0.3639032542705536,-0.2453809678554535,0.996575117111206,0.6023940443992615,0.3633343279361725,0.07465750724077225,0.13248136639595032,0.6081750988960266,0.4305764436721802,-0.22683283686637878,0.9813903570175171,0.5987961292266846,0.43100741505622864,0.04012695699930191,0.11998707801103592,0.6098967790603638,0.44890058040618896,-0.2514561414718628,0.9617252945899963,0.6001663208007812,0.45071396231651306,0.04461238533258438,0.11541371047496796,0.6041733622550964,0.44879284501075745,-0.24418993294239044,0.9587663412094116,0.5959843397140503,0.45159462094306946,0.018888870254158974,0.1152874007821083,0.6029635667800903,0.44396036863327026,-0.22239574790000916,0.9242600798606873,0.5959213972091675,0.44408661127090454,0.02840176783502102,0.1160760298371315,0.6112919449806213,0.43574315309524536,-0.07847583293914795,0.9996086359024048,0.6065354943275452,0.4325588643550873,0.07847008854150772,0.9977117776870728,0.5992087125778198,0.5289813280105591,-0.06668068468570709,0.9710707664489746,0.6004525423049927,0.5248457789421082,0.14873963594436646,0.4466395676136017,0.6112579107284546,0.6342480778694153,-0.04458284005522728,0.9829368591308594,0.6062983274459839,0.613092303276062,0.23010297119617462,0.6668922305107117,0.6216210126876831,0.6539080739021301,-0.045930322259664536,0.9705766439437866,0.6129584312438965,0.6307617425918579,0.23538823425769806,0.7063272595405579,0.5779853463172913,0.6416781544685364,-0.10894028842449188,0.9772974252700806,0.57500159740448,0.6292966604232788,0.19868819415569305,0.7919628024101257
76,0.5474324822425842,0.31321677565574646,-0.09165360778570175,0.9989080429077148,0.5428656339645386,0.3034058213233948,-0.10719665139913559,0.9988381862640381,0.5435668230056763,0.30222421884536743,-0.10720048099756241,0.9990737438201904,0.5443901419639587,0.30085229873657227,-0.10720308125019073,0.9991488456726074,0.5421779155731201,0.30345088243484497,-0.0820482075214386,0.9982463717460632,0.5422877073287964,0.3024548292160034,-0.08200512081384659,0.9979628324508667,0.5425316095352173,0.3013156056404114,-0.0820235088467598,0.9979874491691589,0.5526065826416016,0.2904449701309204,-0.14820978045463562,0.9993798136711121,0.5510724782943726,0.29205548763275146,-0.03441327065229416,0.9963027834892273,0.554977297782898,0.31512147188186646,-0.10439647734165192,0.9992423057556152,0.554146945476532,0.3155724108219147,-0.07146577537059784,0.998522162437439,0.5864997506141663,0.3054407238960266,-0.2004963606595993,0.9999789595603943,0.5847784280776978,0.30497124791145325,0.03810186684131622,0.9994165301322937,0.612220287322998,0.36568647623062134,-0.23338250815868378,0.996666431427002,0.6026104092597961,0.36434969305992126,0.07498055696487427,0.125283882021904,0.6125723719596863,0.43072736263275146,-0.2148292511701584,0.9809960126876831,0.6022533178329468,0.430736243724823,0.039954863488674164,0.1130342110991478,0.6141711473464966,0.4490247964859009,-0.23861858248710632,0.9603015780448914,0.6037601828575134,0.45008859038352966,0.04445791244506836,0.10906876623630524,0.6083800792694092,0.4488420784473419,-0.23127350211143494,0.957256019115448,0.6012004017829895,0.45101308822631836,0.020309094339609146,0.10907769203186035,0.6072394251823425,0.4439558982849121,-0.21055272221565247,0.9216512441635132,0.6007800102233887,0.44366455078125,0.02888433262705803,0.11014857888221741,0.612777590751648,0.4392923414707184,-0.07777850329875946,0.9995844960212708,0.6076257824897766,0.4358901381492615,0.07775270938873291,0.9974684715270996,0.5992050170898438,0.529996931552887,-0.06369838863611221,0.9716234803199768,0.6019025444984436,0.5267406105995178,0.1452542394399643,0.44276490807533264,0.6107575297355652,0.6335576772689819,-0.036408860236406326,0.9828503131866455,0.6073696613311768,0.6131857633590698,0.2218976765871048,0.66177898645401,0.6203337907791138,0.6528692841529846,-0.03694876283407211,0.9704132080078125,0.6143460273742676,0.6315968632698059,0.22661519050598145,0.701728343963623,0.5779539346694946,0.642137885093689,-0.09835006296634674,0.9774990081787109,0.576918363571167,0.6306025981903076,0.18899652361869812,0.7889518141746521
77,0.5467633008956909,0.3205287754535675,-0.10449622571468353,0.9988226890563965,0.5421608686447144,0.3117668926715851,-0.11961772292852402,0.9987190961837769,0.542751669883728,0.31062617897987366,-0.11963138729333878,0.9989811778068542,0.5434613823890686,0.309314101934433,-0.11964277923107147,0.999066174030304,0.5415665507316589,0.3117506206035614,-0.09427361190319061,0.9980829954147339,0.5416370034217834,0.31070801615715027,-0.0942324697971344,0.9977859854698181,0.5418124794960022,0.3095230460166931,-0.09426099807024002,0.9977914094924927,0.5510708093643188,0.2982819676399231,-0.1568523794412613,0.9993239641189575,0.5497007369995117,0.2998342514038086,-0.042404744774103165,0.9957910180091858,0.5539178848266602,0.32165297865867615,-0.11608042567968369,0.9992004036903381,0.553049623966217,0.322065144777298,-0.082674540579319,0.9983664751052856,0.5863608121871948,0.3082534968852997,-0.2007898986339569,0.9999808073043823,0.5819464921951294,0.3080023527145386,0.0343480110168457,0.999373197555542,0.6144363880157471,0.36574500799179077,-0.24059553444385529,0.9968567490577698,0.6000446081161499,0.37386295199394226,0.0716087818145752,0.1192735880613327,0.6150899529457092,0.43072065711021423,-0.23821905255317688,0.9819484353065491,0.6017218232154846,0.4445928633213043,0.03434177115559578,0.1093558520078659,0.6172512769699097,0.4491891860961914,-0.26440978050231934,0.9618325233459473,0.6013638377189636,0.46322101354599,0.03887886181473732,0.10558128356933594,0.6104868650436401,0.4490223824977875,-0.2578747570514679,0.9589253067970276,0.5956698656082153,0.4637281596660614,0.013163648545742035,0.10580326616764069,0.608948826789856,0.4440218210220337,-0.23452012240886688,0.9241686463356018,0.5989519357681274,0.45577147603034973,0.022554893046617508,0.1074267327785492,0.6161559224128723,0.4407036602497101,-0.07737520337104797,0.9995841383934021,0.608407735824585,0.43816283345222473,0.07735458761453629,0.9972980618476868,0.6002756357192993,0.532014787197113,-0.06892309337854385,0.972981333732605,0.6018785238265991,0.5280945897102356,0.1453811079263687,0.44191494584083557,0.6107684373855591,0.633804202079773,-0.04247841238975525,0.9833714365959167,0.6077550649642944,0.6136943697929382,0.22385457158088684,0.661577582359314,0.6202037334442139,0.6529716849327087,-0.04347233846783638,0.9705896377563477,0.6142736077308655,0.6314939856529236,0.22858114540576935,0.7025410532951355,0.578254759311676,0.64357990026474,-0.11056256294250488,0.9782339334487915,0.577598512172699,0.6315121054649353,0.18934518098831177,0.7887718677520752
78,0.5449408292770386,0.3261829614639282,-0.11266970634460449,0.9986947178840637,0.5401283502578735,0.3176693022251129,-0.12788011133670807,0.9985803961753845,0.5406233072280884,0.31653091311454773,-0.1279011070728302,0.9988797307014465,0.5412262678146362,0.31524407863616943,-0.12792445719242096,0.9989809393882751,0.5397756695747375,0.31773489713668823,-0.10256524384021759,0.997857391834259,0.5399101972579956,0.31671491265296936,-0.10251583158969879,0.9975380301475525,0.5401256084442139,0.31555745005607605,-0.1025264635682106,0.997462809085846,0.5489650368690491,0.30417919158935547,-0.164894238114357,0.9992928504943848,0.547831118106842,0.3057389259338379,-0.050375796854496,0.9950279593467712,0.5519225597381592,0.3271314203739166,-0.12410459667444229,0.9991569519042969,0.5513339638710022,0.32757970690727234,-0.0907500609755516,0.9980971813201904,0.5859872102737427,0.311109334230423,-0.20664188265800476,0.9999825358390808,0.5787700414657593,0.3126419484615326,0.02618304453790188,0.9992361664772034,0.6197124719619751,0.3650222420692444,-0.24328723549842834,0.9971023797988892,0.6005780100822449,0.3728237450122833,0.06448036432266235,0.11342303454875946,0.6199732422828674,0.43035459518432617,-0.235040545463562,0.9832640886306763,0.601196825504303,0.4402692914009094,0.026327496394515038,0.1053452342748642,0.6216508150100708,0.4483086168766022,-0.26054647564888,0.9641456604003906,0.6013879179954529,0.4592350721359253,0.028969306498765945,0.10168531537055969,0.6137195825576782,0.44855961203575134,-0.25421133637428284,0.9614265561103821,0.5956578254699707,0.46008169651031494,0.00398047361522913,0.10214905440807343,0.6124736070632935,0.4439770579338074,-0.23112556338310242,0.9284313321113586,0.598792552947998,0.45250922441482544,0.014591817744076252,0.10404399782419205,0.6165216565132141,0.4447520971298218,-0.07535822689533234,0.99959796667099,0.6082509756088257,0.44290444254875183,0.07532341033220291,0.9971384406089783,0.6020010709762573,0.5341977477073669,-0.07282619923353195,0.9740371704101562,0.6016689538955688,0.5285576581954956,0.14822648465633392,0.4415729343891144,0.6113837957382202,0.6344557404518127,-0.04603203013539314,0.9836244583129883,0.6080284714698792,0.6136266589164734,0.22858107089996338,0.6592407822608948,0.6204453706741333,0.6530576348304749,-0.0469810888171196,0.9702232480049133,0.6150469779968262,0.6299369931221008,0.2333347350358963,0.7002626657485962,0.579616367816925,0.644304633140564,-0.11582489311695099,0.9787382483482361,0.5785998106002808,0.6315276026725769,0.19456002116203308,0.7869929075241089
79,0.5439568758010864,0.3314984440803528,-0.12191398441791534,0.9984872341156006,0.5390673875808716,0.32310783863067627,-0.13674409687519073,0.9982887506484985,0.5395761132240295,0.32195016741752625,-0.13676880300045013,0.9986675381660461,0.5401948690414429,0.3206348419189453,-0.13680627942085266,0.9988041520118713,0.5386496186256409,0.32320350408554077,-0.11166556924581528,0.9973992109298706,0.5387634038925171,0.3222056031227112,-0.11162885278463364,0.9970759153366089,0.538962185382843,0.3210795223712921,-0.11164882034063339,0.9969245791435242,0.5478340983390808,0.30960845947265625,-0.17128950357437134,0.999190092086792,0.5466035008430481,0.3117428719997406,-0.05733070895075798,0.9938718676567078,0.5509037971496582,0.3324698507785797,-0.13227051496505737,0.9990647435188293,0.5504089593887329,0.33305051922798157,-0.09913801401853561,0.9976664185523987,0.5864218473434448,0.3150382936000824,-0.2071458101272583,0.9999839663505554,0.5762828588485718,0.3210482597351074,0.019958941265940666,0.9991620182991028,0.6222434639930725,0.3650249242782593,-0.24365290999412537,0.9972899556159973,0.5920835137367249,0.38236430287361145,0.0632249265909195,0.1090080589056015,0.6215057373046875,0.4295923113822937,-0.24004606902599335,0.9841509461402893,0.5902137756347656,0.4435995817184448,0.023463521152734756,0.10472586750984192,0.6241022348403931,0.447673499584198,-0.2647656202316284,0.965461015701294,0.5891219973564148,0.46438995003700256,0.025628766044974327,0.10107649117708206,0.6151638627052307,0.4486049711704254,-0.2599634826183319,0.9628762006759644,0.5836465358734131,0.46381106972694397,-0.0012713077012449503,0.10193575918674469,0.6138564348220825,0.4440232813358307,-0.23661872744560242,0.9308076500892639,0.5875131487846375,0.4554179906845093,0.010965139605104923,0.10423547029495239,0.6187076568603516,0.4437970221042633,-0.07233862578868866,0.9995946288108826,0.6072840690612793,0.44257304072380066,0.0723499208688736,0.9970017075538635,0.6046964526176453,0.534678041934967,-0.09688054025173187,0.9745302200317383,0.6013915538787842,0.529608964920044,0.10428925603628159,0.4400431513786316,0.6116524934768677,0.6347416043281555,-0.08119051158428192,0.9833483099937439,0.6080301403999329,0.6136881709098816,0.16653330624103546,0.6549230217933655,0.6204897165298462,0.6535579562187195,-0.08369915932416916,0.9680766463279724,0.6142292618751526,0.6299582123756409,0.16907718777656555,0.6946337223052979,0.5807968378067017,0.6456590294837952,-0.1573159098625183,0.9782503843307495,0.5788508653640747,0.6315051913261414,0.12237350642681122,0.7816540598869324
80,0.5436047315597534,0.3352191150188446,-0.11723075062036514,0.9984238743782043,0.5383958220481873,0.32711583375930786,-0.13001970946788788,0.9981748461723328,0.5389295220375061,0.32592883706092834,-0.13005991280078888,0.9985772371292114,0.5395908951759338,0.32453450560569763,-0.13010384142398834,0.9987413287162781,0.5379409193992615,0.3272619843482971,-0.10580763965845108,0.9971884489059448,0.5380371809005737,0.32629579305648804,-0.10580805689096451,0.9968580007553101,0.5382221937179565,0.3251969516277313,-0.10584717988967896,0.9967113137245178,0.5472229719161987,0.3127962648868561,-0.16020436584949493,0.9991629123687744,0.5457022190093994,0.3157193958759308,-0.04621566832065582,0.9934317469596863,0.5506285429000854,0.33597633242607117,-0.12382565438747406,0.9990600943565369,0.5500783324241638,0.336600661277771,-0.09110026061534882,0.9975672364234924,0.5861220955848694,0.3159630000591278,-0.19567036628723145,0.99998539686203,0.574421763420105,0.3254418671131134,0.03598776087164879,0.9991491436958313,0.623065173625946,0.3646140992641449,-0.23384125530719757,0.9974849820137024,0.5800899267196655,0.38793089985847473,0.08798660337924957,0.11109089106321335,0.6232597231864929,0.4290688931941986,-0.24582216143608093,0.9853512644767761,0.573237419128418,0.44828924536705017,0.04452420771121979,0.11985336989164352,0.6274896860122681,0.447081983089447,-0.2729147672653198,0.9677027463912964,0.5643406510353088,0.4661436080932617,0.047918371856212616,0.11353284120559692,0.6180036067962646,0.4484487473964691,-0.26888877153396606,0.9652835130691528,0.5632179379463196,0.4659406244754791,0.017326030880212784,0.1152924969792366,0.6162945032119751,0.44396379590034485,-0.24320583045482635,0.9348987936973572,0.5660789012908936,0.4604129195213318,0.030579661950469017,0.11857984960079193,0.6203000545501709,0.44399163126945496,-0.0720498338341713,0.9995467662811279,0.6072611212730408,0.4442407190799713,0.07209326326847076,0.9967678785324097,0.6051539182662964,0.5344579815864563,-0.08571093529462814,0.9745109677314758,0.6031327247619629,0.5299298763275146,0.09888273477554321,0.4400155246257782,0.611299455165863,0.63384610414505,-0.07544290274381638,0.9823190569877625,0.6080209612846375,0.615010142326355,0.14545315504074097,0.6539676785469055,0.620141327381134,0.6526617407798767,-0.07691286504268646,0.9642674326896667,0.6130064129829407,0.6308559775352478,0.1467626839876175,0.694500207901001,0.5807076096534729,0.6451206803321838,-0.15248042345046997,0.976655125617981,0.5787750482559204,0.6317293643951416,0.09977729618549347,0.778587281703949
81,0.5425722002983093,0.33908605575561523,-0.07828065752983093,0.9982949495315552,0.537284255027771,0.33087632060050964,-0.09239546954631805,0.9979971647262573,0.5378488898277283,0.32962140440940857,-0.09243819117546082,0.9984363317489624,0.5385450720787048,0.3281715512275696,-0.09247516840696335,0.9986552000045776,0.5368250012397766,0.33127954602241516,-0.06748078763484955,0.996878445148468,0.5369508862495422,0.3304319977760315,-0.06745750457048416,0.9965143203735352,0.537163496017456,0.32945680618286133,-0.06749582290649414,0.9964246153831482,0.5463272333145142,0.31675460934638977,-0.12769189476966858,0.9991312623023987,0.5446771383285522,0.31983357667922974,-0.01313204038888216,0.9928622245788574,0.5498016476631165,0.3394826650619507,-0.08866320550441742,0.9990236759185791,0.5492785573005676,0.3404192328453064,-0.05546842887997627,0.9973204731941223,0.584686815738678,0.31738388538360596,-0.17046065628528595,0.9999866485595703,0.5730334520339966,0.33051204681396484,0.06509609520435333,0.9991066455841064,0.6223078370094299,0.3634028434753418,-0.21163105964660645,0.9976236820220947,0.5810185670852661,0.395857036113739,0.11245100200176239,0.10764628648757935,0.6247058510780334,0.4269119203090668,-0.23271742463111877,0.9862337708473206,0.5709831714630127,0.4523158669471741,0.06859920918941498,0.12660829722881317,0.6290234327316284,0.4447891414165497,-0.25905683636665344,0.9692598581314087,0.5619844198226929,0.4702128469944,0.07186903059482574,0.11971937865018845,0.6197501420974731,0.4462886452674866,-0.25726550817489624,0.9669497013092041,0.5582512617111206,0.4719546437263489,0.042448870837688446,0.12227562069892883,0.6182102560997009,0.4416944682598114,-0.23135948181152344,0.9375887513160706,0.5612505674362183,0.4658118784427643,0.05463648959994316,0.1261487752199173,0.6211140751838684,0.4440946578979492,-0.07233674824237823,0.9994801878929138,0.6071487069129944,0.4462258517742157,0.07239142060279846,0.9965008497238159,0.6060055494308472,0.5343379378318787,-0.10602693259716034,0.9739967584609985,0.6034278869628906,0.5300964117050171,0.06292463839054108,0.44042789936065674,0.611279308795929,0.6325069069862366,-0.09360167384147644,0.9803404211997986,0.6083061099052429,0.6162152886390686,0.08434482663869858,0.650518536567688,0.6203621029853821,0.6512417197227478,-0.09631303697824478,0.9561269283294678,0.613196611404419,0.6328005194664001,0.08307978510856628,0.6916837692260742,0.5809879302978516,0.64510178565979,-0.1657867133617401,0.9742532968521118,0.5787050127983093,0.6391851305961609,0.034893378615379333,0.7751613855361938
82,0.5415982604026794,0.342555433511734,-0.07098677009344101,0.9982929229736328,0.5363112688064575,0.3343829810619354,-0.0844397097826004,0.9979770183563232,0.5369139909744263,0.33305850625038147,-0.0844859927892685,0.9984161853790283,0.5376530289649963,0.33151906728744507,-0.08451700955629349,0.9986637830734253,0.5358521342277527,0.33492520451545715,-0.06022559851408005,0.9968457818031311,0.536018431186676,0.3341318666934967,-0.0602048821747303,0.9964697360992432,0.5362683534622192,0.3332066237926483,-0.06024479866027832,0.9964181184768677,0.5455994606018066,0.31998899579048157,-0.11822152137756348,0.9991462230682373,0.5439914464950562,0.3234795331954956,-0.007025197148323059,0.9928320050239563,0.5491334199905396,0.3428897261619568,-0.08122220635414124,0.9990462064743042,0.5486910343170166,0.3440128266811371,-0.04893151670694351,0.9972701668739319,0.5833401083946228,0.31847578287124634,-0.16017310321331024,0.9999878406524658,0.5722789168357849,0.3389992117881775,0.06823792308568954,0.9991142749786377,0.623007595539093,0.36268365383148193,-0.20749077200889587,0.9977738857269287,0.5834733247756958,0.40462982654571533,0.11378644406795502,0.10798203945159912,0.626125693321228,0.42465007305145264,-0.23530444502830505,0.9872462749481201,0.5656043887138367,0.46242755651474,0.06879871338605881,0.14537560939788818,0.6308310627937317,0.44121140241622925,-0.262033075094223,0.971279501914978,0.5571173429489136,0.4746994972229004,0.07032757997512817,0.13550400733947754,0.6210341453552246,0.44332176446914673,-0.2603951692581177,0.9691092371940613,0.5511881113052368,0.47403278946876526,0.04165229946374893,0.1392185389995575,0.6193276047706604,0.4389740526676178,-0.23420004546642303,0.9413253664970398,0.5556677579879761,0.4694366753101349,0.054969221353530884,0.1433200091123581,0.6222965121269226,0.4441303014755249,-0.07120286673307419,0.9994652271270752,0.6068031191825867,0.4478686451911926,0.07129271328449249,0.9964944124221802,0.6081674098968506,0.5318103432655334,-0.12860380113124847,0.9737548232078552,0.6033114194869995,0.528519332408905,0.038210175931453705,0.4461863934993744,0.6111201047897339,0.6316884160041809,-0.1297994703054428,0.9783973097801208,0.6080860495567322,0.6162014603614807,0.05671188235282898,0.6486210227012634,0.6202490329742432,0.6503694653511047,-0.1340605914592743,0.9480505585670471,0.6132668256759644,0.6330543160438538,0.05504909157752991,0.6900187134742737,0.5807122588157654,0.6432185769081116,-0.2053733617067337,0.9720436930656433,0.5786491632461548,0.638489842414856,0.006416135933250189,0.7736923694610596
83,0.540913999080658,0.3454892933368683,-0.08493806421756744,0.9982602596282959,0.5357663035392761,0.337500661611557,-0.09775016456842422,0.997882068157196,0.5363760590553284,0.33620941638946533,-0.09781979024410248,0.9983376860618591,0.5371211767196655,0.33471593260765076,-0.09785503149032593,0.9986145496368408,0.5352286696434021,0.33803465962409973,-0.07376161217689514,0.9966782927513123,0.5353522300720215,0.3372677266597748,-0.07376201450824738,0.9962971806526184,0.5355693697929382,0.3363642692565918,-0.07381672412157059,0.9962820410728455,0.5447379946708679,0.3232511579990387,-0.12192024290561676,0.9991170167922974,0.5431051254272461,0.32645052671432495,-0.01048465259373188,0.9925041794776917,0.5482736825942993,0.3456565737724304,-0.09348992258310318,0.9990466833114624,0.5477903485298157,0.3466431796550751,-0.0606699101626873,0.9971756935119629,0.5829211473464966,0.32088765501976013,-0.17729707062244415,0.9999889135360718,0.5711960196495056,0.339659184217453,0.06555624306201935,0.999117910861969,0.6234542727470398,0.3618118464946747,-0.23004059493541718,0.9978815913200378,0.5833860039710999,0.4053743779659271,0.10203007608652115,0.11421725153923035,0.6271519660949707,0.4242487847805023,-0.27596503496170044,0.9880598187446594,0.5634373426437378,0.4660506546497345,0.06345602124929428,0.1741846650838852,0.6326596140861511,0.44120505452156067,-0.3057090640068054,0.9728615880012512,0.5556743144989014,0.47771507501602173,0.0688830241560936,0.15964534878730774,0.6227522492408752,0.44263461232185364,-0.3023098409175873,0.9708137512207031,0.5502266883850098,0.47650572657585144,0.03391987830400467,0.16490861773490906,0.620712161064148,0.4383111000061035,-0.27466675639152527,0.9441794157028198,0.5544418692588806,0.4725336730480194,0.05403946712613106,0.17002585530281067,0.6223594546318054,0.44681960344314575,-0.07161436975002289,0.9994598627090454,0.6068352460861206,0.45073047280311584,0.07168976217508316,0.99652099609375,0.6088123917579651,0.5320998430252075,-0.10990597307682037,0.9733644127845764,0.6032885909080505,0.5284991264343262,0.07692409306764603,0.4504118859767914,0.6099789142608643,0.6310885548591614,-0.06616535037755966,0.9775028824806213,0.607541024684906,0.617031455039978,0.12418238818645477,0.6495296955108643,0.6185761094093323,0.6500467658042908,-0.06656484305858612,0.9432574510574341,0.6120215654373169,0.6326728463172913,0.12558576464653015,0.6913390755653381,0.5802333950996399,0.6428542733192444,-0.13354547321796417,0.9707784652709961,0.5785051584243774,0.6381244659423828,0.08172773569822311,0.7728731036186218
84,0.5404772758483887,0.3481404185295105,-0.10717539489269257,0.9981493353843689,0.5357810854911804,0.3404339849948883,-0.12106578052043915,0.9976698756217957,0.5364083647727966,0.33928653597831726,-0.12110749632120132,0.9981566667556763,0.5371676683425903,0.3379439115524292,-0.12113560736179352,0.9984754920005798,0.5351564884185791,0.34074974060058594,-0.09660100936889648,0.9964222311973572,0.5352420806884766,0.3399692475795746,-0.0966017097234726,0.9960451126098633,0.5354331731796265,0.33905932307243347,-0.09665745496749878,0.9960832595825195,0.5446308255195618,0.32699108123779297,-0.15209034085273743,0.9990092515945435,0.5430004596710205,0.3294418752193451,-0.03961869701743126,0.9920947551727295,0.5475299954414368,0.34857743978500366,-0.11692158132791519,0.9990028142929077,0.546941876411438,0.34925156831741333,-0.08400968462228775,0.9969912171363831,0.5831955671310425,0.3254111409187317,-0.1797827035188675,0.9999896287918091,0.5704551935195923,0.34269067645072937,0.03498194366693497,0.9991372227668762,0.6246713399887085,0.36192405223846436,-0.24202397465705872,0.9978482723236084,0.5834513306617737,0.408191055059433,0.08325283974409103,0.11868752539157867,0.6281695365905762,0.42441627383232117,-0.28421372175216675,0.9880587458610535,0.5645207166671753,0.4701850712299347,0.044274620711803436,0.1956050843000412,0.6327078938484192,0.44171708822250366,-0.31322726607322693,0.9727041721343994,0.5575495362281799,0.48106223344802856,0.045867856591939926,0.1771916002035141,0.6234559416770935,0.4427229166030884,-0.3099272847175598,0.9706401824951172,0.5527768135070801,0.4807400703430176,0.015138516202569008,0.18362367153167725,0.6216015219688416,0.4384969174861908,-0.2830774188041687,0.9434224367141724,0.5566588640213013,0.4774951934814453,0.031196217983961105,0.18961046636104584,0.6236857175827026,0.4483029246330261,-0.0694856196641922,0.9994504451751709,0.6068706512451172,0.45146408677101135,0.06957756727933884,0.9965639710426331,0.6102271676063538,0.5322062373161316,-0.10627131164073944,0.973422646522522,0.6035053730010986,0.5289682149887085,0.07070151716470718,0.46079713106155396,0.6098450422286987,0.6310065388679504,-0.08292753249406815,0.9775721430778503,0.6072904467582703,0.6184908151626587,0.12850257754325867,0.6555414795875549,0.6177412271499634,0.6501067280769348,-0.08506403863430023,0.9416427612304688,0.611672043800354,0.6326465010643005,0.1308266818523407,0.6957079768180847,0.5802038908004761,0.6425495743751526,-0.15719518065452576,0.9707127809524536,0.5783299207687378,0.637822151184082,0.08290265500545502,0.775723934173584
85,0.5408521890640259,0.35175180435180664,-0.11149145662784576,0.9980897307395935,0.5361472964286804,0.3440358340740204,-0.12576572597026825,0.9975491166114807,0.5367857217788696,0.34285929799079895,-0.12579815089702606,0.9980456829071045,0.5375508069992065,0.3415076434612274,-0.12582506239414215,0.9983867406845093,0.535391092300415,0.3444138467311859,-0.10160201787948608,0.996281087398529,0.5353885293006897,0.3436430096626282,-0.10159637778997421,0.9959163069725037,0.5354872941970825,0.3427680730819702,-0.10164457559585571,0.9959921836853027,0.5447953343391418,0.3302575945854187,-0.1579727828502655,0.9989346861839294,0.5430248379707336,0.3325134813785553,-0.04696812108159065,0.9919283390045166,0.5479023456573486,0.35191571712493896,-0.12108822166919708,0.9989867210388184,0.5472319722175598,0.35272184014320374,-0.0887012630701065,0.9969064593315125,0.5834115743637085,0.3279815912246704,-0.18371286988258362,0.9999903440475464,0.5704077482223511,0.3436700105667114,0.028247639536857605,0.999157726764679,0.6244763731956482,0.36206892132759094,-0.24067740142345428,0.997787594795227,0.5833731889724731,0.4096999168395996,0.07924985140562057,0.12518051266670227,0.6290889382362366,0.42450517416000366,-0.28195953369140625,0.9878648519515991,0.5654143691062927,0.47062066197395325,0.04337363690137863,0.21706020832061768,0.6340360641479492,0.44161951541900635,-0.3110542893409729,0.9721728563308716,0.5587228536605835,0.48284921050071716,0.04508111625909805,0.19461360573768616,0.6243277192115784,0.44244492053985596,-0.30790916085243225,0.9700919985771179,0.5547180771827698,0.4831778109073639,0.015892691910266876,0.2021683156490326,0.6224331855773926,0.438323974609375,-0.2810242176055908,0.942150354385376,0.5582473874092102,0.4788138270378113,0.030213454738259315,0.20926131308078766,0.6239649057388306,0.44904202222824097,-0.06874775141477585,0.9994502663612366,0.6069048643112183,0.45064830780029297,0.06882970035076141,0.9965973496437073,0.6110442280769348,0.5336742997169495,-0.08900976926088333,0.973691463470459,0.6042330861091614,0.5304430723190308,0.07177454978227615,0.46701112389564514,0.6098612546920776,0.6310401558876038,-0.055838823318481445,0.9776608943939209,0.6072889566421509,0.6184203028678894,0.15688689053058624,0.6578937768936157,0.6177929043769836,0.6500328779220581,-0.05673791095614433,0.9397656917572021,0.6116232872009277,0.631697416305542,0.1610456109046936,0.6959092020988464,0.580199658870697,0.6424697637557983,-0.1255052536725998,0.970375120639801,0.5782957673072815,0.6369535326957703,0.11519525945186615,0.7755736708641052
86,0.5408750772476196,0.3549295961856842,-0.11169866472482681,0.9980757236480713,0.5362234711647034,0.3472539782524109,-0.12612895667552948,0.9974877834320068,0.5368755459785461,0.34611257910728455,-0.12616246938705444,0.9979724287986755,0.5376482605934143,0.3448012173175812,-0.12619423866271973,0.9983443021774292,0.5353843569755554,0.34757697582244873,-0.10191818326711655,0.9962268471717834,0.5353395342826843,0.34679311513900757,-0.10191015899181366,0.9958556890487671,0.5353890061378479,0.3459008038043976,-0.10195726156234741,0.9959754943847656,0.5448700189590454,0.33328208327293396,-0.15854999423027039,0.9988848567008972,0.5430333018302917,0.33530721068382263,-0.047258079051971436,0.9918925762176514,0.547963559627533,0.35534951090812683,-0.1212005466222763,0.9989945292472839,0.5472038984298706,0.35616567730903625,-0.08878029882907867,0.9968832731246948,0.5835827589035034,0.3301185667514801,-0.18598927557468414,0.9999910593032837,0.5704339146614075,0.34746140241622925,0.027936706319451332,0.9991816282272339,0.6248003840446472,0.3623431622982025,-0.24103887379169464,0.9977678656578064,0.5826718807220459,0.4132779836654663,0.07636753469705582,0.13396823406219482,0.630065381526947,0.42438432574272156,-0.28375244140625,0.9879313111305237,0.5651680827140808,0.4738670885562897,0.03972603380680084,0.24111786484718323,0.6362146139144897,0.44139039516448975,-0.31326034665107727,0.9721811413764954,0.5576330423355103,0.4867744445800781,0.04039735347032547,0.21430262923240662,0.6257846355438232,0.4425162374973297,-0.3106011748313904,0.9701285362243652,0.5540449023246765,0.4872550964355469,0.011995476670563221,0.22291439771652222,0.623478353023529,0.43848320841789246,-0.2831290364265442,0.9420250654220581,0.5574808120727539,0.48347800970077515,0.02634722925722599,0.2310413122177124,0.6248670816421509,0.4516375660896301,-0.0686115100979805,0.999457836151123,0.6069263219833374,0.45352765917778015,0.06868575513362885,0.996679425239563,0.6121076345443726,0.5359368920326233,-0.0750977024435997,0.9738991856575012,0.6019445657730103,0.5332914590835571,0.08864761143922806,0.4760499894618988,0.6106158494949341,0.6322158575057983,-0.03792360797524452,0.9774661660194397,0.6072903871536255,0.6188042163848877,0.17367316782474518,0.6596384048461914,0.6178313493728638,0.6500595211982727,-0.03812898322939873,0.9377042651176453,0.6114276647567749,0.6308452486991882,0.17870907485485077,0.6958445906639099,0.5802066922187805,0.6424804925918579,-0.10380218923091888,0.9695824384689331,0.578283429145813,0.6364269852638245,0.13790132105350494,0.7747458815574646
87,0.5407930612564087,0.35650232434272766,-0.11141777038574219,0.9979890584945679,0.5359469652175903,0.34889766573905945,-0.12505686283111572,0.9973506927490234,0.5365660786628723,0.3477500081062317,-0.12511877715587616,0.9978393316268921,0.5372944474220276,0.34641557931900024,-0.12517757713794708,0.9982690811157227,0.5351522564888,0.3493330180644989,-0.10117816925048828,0.9960044622421265,0.5351184606552124,0.3486270308494568,-0.10116623342037201,0.9955760836601257,0.5351660847663879,0.3477937579154968,-0.10121884196996689,0.9957494139671326,0.5442550778388977,0.3348185122013092,-0.15529659390449524,0.9988383650779724,0.5425354242324829,0.3368801176548004,-0.042696259915828705,0.9914228320121765,0.5480275750160217,0.35687747597694397,-0.11988042294979095,0.9989853501319885,0.5472930073738098,0.35789281129837036,-0.08716721087694168,0.996745228767395,0.5836129188537598,0.3295678198337555,-0.1862035095691681,0.999991774559021,0.5701470971107483,0.34912359714508057,0.03329668194055557,0.9991742968559265,0.6247299909591675,0.3616056740283966,-0.2413577288389206,0.9978324174880981,0.581831157207489,0.41423162817955017,0.08235494047403336,0.1380002498626709,0.6307758688926697,0.4239276051521301,-0.2835213840007782,0.9884269833564758,0.5652710199356079,0.47476255893707275,0.04317838326096535,0.2563670873641968,0.6367379426956177,0.44097864627838135,-0.31374335289001465,0.9730947017669678,0.5574048757553101,0.4884866774082184,0.04295670613646507,0.22640740871429443,0.6266912221908569,0.44254496693611145,-0.3099655508995056,0.9711071252822876,0.5536205172538757,0.4886292815208435,0.013887477107346058,0.2359319031238556,0.6241751313209534,0.43855196237564087,-0.2823743224143982,0.9435370564460754,0.5570344924926758,0.4841909408569336,0.029247770085930824,0.2451562136411667,0.6249035000801086,0.4523705840110779,-0.06870093941688538,0.9994710087776184,0.606964647769928,0.4553073048591614,0.06878575682640076,0.9967435002326965,0.6123916506767273,0.5365946888923645,-0.0759037584066391,0.9743843674659729,0.600223958492279,0.5334202647209167,0.09176649898290634,0.48511892557144165,0.6109289526939392,0.6321869492530823,-0.037533290684223175,0.9775722622871399,0.6069245934486389,0.6183668375015259,0.17118538916110992,0.6620091795921326,0.6178747415542603,0.6496213674545288,-0.03743493929505348,0.936119019985199,0.6112302541732788,0.6288854479789734,0.17585277557373047,0.6962526440620422,0.5802018642425537,0.6424942016601562,-0.10354270786046982,0.9692921042442322,0.5782711505889893,0.6359629034996033,0.13508719205856323,0.7756513953208923
88,0.5404824018478394,0.3589632213115692,-0.10920900106430054,0.9979887008666992,0.5356693863868713,0.3515242338180542,-0.12361972033977509,0.9973293542861938,0.5363183617591858,0.35034677386283875,-0.12366652488708496,0.9978033900260925,0.5370774865150452,0.34897229075431824,-0.12371177971363068,0.998253583908081,0.5348230600357056,0.3520488739013672,-0.09892600774765015,0.995993971824646,0.5347813367843628,0.35136571526527405,-0.09890212118625641,0.99556565284729,0.5348121523857117,0.35053786635398865,-0.09894515573978424,0.9957755208015442,0.5440945029258728,0.3370508551597595,-0.15334053337574005,0.9988269209861755,0.5421605706214905,0.3392244279384613,-0.042201753705739975,0.991523027420044,0.547940194606781,0.35919907689094543,-0.11954406648874283,0.9990119934082031,0.5471305847167969,0.3602718412876129,-0.08607634156942368,0.9967770576477051,0.583705484867096,0.3315938115119934,-0.1825651377439499,0.9999924302101135,0.5693098306655884,0.35414034128189087,0.03435555845499039,0.9992136359214783,0.6253101825714111,0.3617621958255768,-0.24111470580101013,0.9978517889976501,0.5814451575279236,0.4190607964992523,0.08418677747249603,0.1534489244222641,0.6317793130874634,0.4240171015262604,-0.2874736487865448,0.9887780547142029,0.56200110912323,0.4780557453632355,0.04571259766817093,0.2899249792098999,0.6370570063591003,0.44114238023757935,-0.31801533699035645,0.9738191366195679,0.5548298358917236,0.4903859496116638,0.04440861567854881,0.2549592852592468,0.6276320219039917,0.4426444172859192,-0.31556981801986694,0.9719048738479614,0.5516158938407898,0.4901246130466461,0.015449588187038898,0.26580268144607544,0.6252370476722717,0.43864524364471436,-0.28712350130081177,0.9448474049568176,0.5548721551895142,0.48672229051589966,0.03182726353406906,0.27529340982437134,0.6263891458511353,0.45501571893692017,-0.06902031600475311,0.9994834065437317,0.6069365739822388,0.4585128426551819,0.0690990537405014,0.9968648552894592,0.6135083436965942,0.5382898449897766,-0.07868552953004837,0.9747621417045593,0.599890947341919,0.5353757739067078,0.09074117988348007,0.49760156869888306,0.6114051938056946,0.6321637034416199,-0.04276220500469208,0.9774612188339233,0.6071075201034546,0.6187537312507629,0.16623994708061218,0.6659356355667114,0.6179062128067017,0.6495397090911865,-0.04269774630665779,0.9339092969894409,0.6113110780715942,0.6290533542633057,0.17017248272895813,0.6975622177124023,0.5802652835845947,0.6427364349365234,-0.10894966125488281,0.9689236879348755,0.5783515572547913,0.6356611251831055,0.12825116515159607,0.7778453230857849
89,0.540207028388977,0.3604171872138977,-0.09947237372398376,0.9979655742645264,0.5354047417640686,0.3534937798976898,-0.11321723461151123,0.9972974061965942,0.5360563397407532,0.35230910778045654,-0.11326126754283905,0.9977605938911438,0.53680819272995,0.3509153425693512,-0.11329865455627441,0.9982385039329529,0.5345847010612488,0.3540889024734497,-0.08928314596414566,0.995954692363739,0.5345669984817505,0.3534480035305023,-0.0892721638083458,0.9955111145973206,0.5346149802207947,0.3526298701763153,-0.08931718021631241,0.9957529306411743,0.5437143445014954,0.33877891302108765,-0.14425984025001526,0.9988235235214233,0.541825532913208,0.3409946858882904,-0.03369975462555885,0.9915939569473267,0.5477566719055176,0.3603711426258087,-0.10892629623413086,0.9990338087081909,0.5468793511390686,0.3614036440849304,-0.07648485153913498,0.9967724680900574,0.583577036857605,0.33154088258743286,-0.1754988729953766,0.9999930262565613,0.5685086846351624,0.35408881306648254,0.04057944193482399,0.9992440342903137,0.6260579824447632,0.3618968427181244,-0.23344168066978455,0.9979132413864136,0.5811594724655151,0.4223949611186981,0.09031995385885239,0.16542881727218628,0.6325904130935669,0.4240798354148865,-0.28148218989372253,0.9892988801002502,0.5594848990440369,0.47936010360717773,0.05134410783648491,0.31772303581237793,0.6387826204299927,0.44125574827194214,-0.31136810779571533,0.9749140739440918,0.5527681708335876,0.4902963638305664,0.050646912306547165,0.2783011496067047,0.628681480884552,0.44273608922958374,-0.3092713952064514,0.9731118083000183,0.5498181581497192,0.49008533358573914,0.02247587963938713,0.29028189182281494,0.6260401010513306,0.4387107193470001,-0.2811168432235718,0.9469494819641113,0.5532622933387756,0.48709046840667725,0.037701163440942764,0.29968419671058655,0.6268836259841919,0.45533937215805054,-0.06922005116939545,0.9994980096817017,0.6069669127464294,0.4592192471027374,0.06928953528404236,0.9969740509986877,0.6142799258232117,0.5380323529243469,-0.1020718589425087,0.9747434854507446,0.5979151129722595,0.5350331664085388,0.0708911344408989,0.5093827843666077,0.6120586395263672,0.6326544284820557,-0.07841086387634277,0.9770819544792175,0.6071191430091858,0.6189815998077393,0.13363143801689148,0.6669571995735168,0.6184234023094177,0.6497278809547424,-0.079585961997509,0.931138813495636,0.6115262508392334,0.6291701197624207,0.13695870339870453,0.6971078515052795,0.5807700753211975,0.6444294452667236,-0.14762194454669952,0.9684927463531494,0.5783312916755676,0.6357082724571228,0.09534258395433426,0.7783650755882263
90,0.5398640036582947,0.3618695139884949,-0.09590747207403183,0.9980159997940063,0.5351478457450867,0.3549031615257263,-0.10964150726795197,0.997373104095459,0.5358110070228577,0.3537115752696991,-0.10967844724655151,0.9978089332580566,0.536573052406311,0.3522966206073761,-0.1097087413072586,0.9982879757881165,0.534347653388977,0.3555219769477844,-0.0856008306145668,0.9960800409317017,0.53435218334198,0.35489922761917114,-0.08559460937976837,0.9956462979316711,0.5344234108924866,0.3540773093700409,-0.08563537895679474,0.9959062933921814,0.5434820055961609,0.34028682112693787,-0.14169038832187653,0.9988580346107483,0.5416366457939148,0.3423221707344055,-0.030299240723252296,0.9919584393501282,0.5474294424057007,0.3618772625923157,-0.1054513230919838,0.9990788698196411,0.5465165376663208,0.36284348368644714,-0.0729803815484047,0.9968933463096619,0.5835923552513123,0.33330482244491577,-0.17396822571754456,0.999993622303009,0.5687681436538696,0.35497358441352844,0.04319041967391968,0.9992861151695251,0.6268659830093384,0.3619617521762848,-0.2330135554075241,0.9979677796363831,0.5803329348564148,0.42477405071258545,0.09242195636034012,0.18076759576797485,0.6331282258033752,0.4241260290145874,-0.28458359837532043,0.9897387027740479,0.5593546628952026,0.4812009930610657,0.05328216403722763,0.34592100977897644,0.638966977596283,0.44101226329803467,-0.3148494064807892,0.9758318662643433,0.5525168180465698,0.4921301603317261,0.053146760910749435,0.3016784191131592,0.6289583444595337,0.4426727294921875,-0.3122687041759491,0.9741171598434448,0.5497002005577087,0.49201110005378723,0.025255968794226646,0.3147115707397461,0.6264596581459045,0.4387536346912384,-0.2841600775718689,0.9486175775527954,0.5532610416412354,0.48885592818260193,0.03977737948298454,0.32408174872398376,0.6270722150802612,0.455831915140152,-0.06936919689178467,0.9995132088661194,0.6073737740516663,0.4599009156227112,0.06943567097187042,0.9970899224281311,0.6148531436920166,0.538043737411499,-0.10548367351293564,0.9745854735374451,0.5980620980262756,0.535335123538971,0.06770741194486618,0.5174544453620911,0.612556517124176,0.6330093741416931,-0.08389780670404434,0.9766119122505188,0.6077277064323425,0.6204461455345154,0.12478224188089371,0.6661102771759033,0.6191866993904114,0.6501808166503906,-0.08528118580579758,0.9284754395484924,0.6126968860626221,0.6299257278442383,0.12765485048294067,0.6950917840003967,0.581263542175293,0.6457496881484985,-0.15293645858764648,0.9679345488548279,0.5783963799476624,0.6359876394271851,0.08562617003917694,0.7782633304595947
91,0.5397137403488159,0.3626095950603485,-0.09615371376276016,0.9980562925338745,0.535094141960144,0.3556915819644928,-0.10983844101428986,0.9974333047866821,0.535770833492279,0.35454505681991577,-0.10987408459186554,0.9978392720222473,0.5365365743637085,0.35320034623146057,-0.1098996251821518,0.9983277320861816,0.534237802028656,0.3562968373298645,-0.08579647541046143,0.9961709380149841,0.5342235565185547,0.3556932508945465,-0.08579753339290619,0.9957343339920044,0.5342782735824585,0.3549046814441681,-0.08584089577198029,0.9960206151008606,0.5434185266494751,0.34167957305908203,-0.1431458443403244,0.9988868236541748,0.5415682196617126,0.34346047043800354,-0.03076726198196411,0.9922367930412292,0.5471216440200806,0.3626178205013275,-0.10577519983053207,0.9991141557693481,0.5461534857749939,0.36352330446243286,-0.07303807139396667,0.9969792366027832,0.5836206674575806,0.3337341845035553,-0.17718520760536194,0.9999940991401672,0.5685861706733704,0.3543727993965149,0.042761050164699554,0.9993129372596741,0.6273800134658813,0.36200982332229614,-0.23344489932060242,0.9980049133300781,0.5786579847335815,0.42107829451560974,0.09155518561601639,0.18629704415798187,0.6334179639816284,0.4241955876350403,-0.2809489369392395,0.9900075793266296,0.5588214993476868,0.4806767702102661,0.055214773863554,0.3575713038444519,0.6394461989402771,0.4410914480686188,-0.3105770945549011,0.9762754440307617,0.5528292059898376,0.49183085560798645,0.05630414932966232,0.31022143363952637,0.629440426826477,0.44272899627685547,-0.30761685967445374,0.9745897054672241,0.5494080781936646,0.49173909425735474,0.028793547302484512,0.32398107647895813,0.626977801322937,0.4388009011745453,-0.2801857888698578,0.9493263959884644,0.5526267886161804,0.4880111813545227,0.041935645043849945,0.3346058428287506,0.6271010637283325,0.45536375045776367,-0.06938926130533218,0.9995179176330566,0.6075624227523804,0.458705335855484,0.06945764273405075,0.9971731305122375,0.6150693297386169,0.5382320880889893,-0.09255629032850266,0.9741785526275635,0.5983797311782837,0.5351194143295288,0.07274509966373444,0.5271239280700684,0.6125649809837341,0.6321925520896912,-0.051429592072963715,0.9760618209838867,0.6079017519950867,0.6204216480255127,0.13480351865291595,0.6692395210266113,0.6195068955421448,0.6492323279380798,-0.05079641193151474,0.925651490688324,0.6130496859550476,0.6294115781784058,0.1382257044315338,0.697047770023346,0.5811742544174194,0.645657479763031,-0.11463870108127594,0.9671010375022888,0.5784913301467896,0.6361104249954224,0.09644435346126556,0.7797974944114685
92,0.5397594571113586,0.3638337552547455,-0.10533738136291504,0.9981575012207031,0.5353295803070068,0.3570593595504761,-0.11906568706035614,0.9975659251213074,0.5360785722732544,0.3558916449546814,-0.11908576637506485,0.9979351758956909,0.5369144678115845,0.35451018810272217,-0.11910895258188248,0.9984104037284851,0.5343011021614075,0.3576430082321167,-0.0955323800444603,0.9963905215263367,0.534250795841217,0.35699525475502014,-0.09555022418498993,0.9959782361984253,0.5343125462532043,0.3561513125896454,-0.09560143947601318,0.9962695837020874,0.5438290238380432,0.3426685333251953,-0.15001845359802246,0.9989344477653503,0.5417879223823547,0.3443109393119812,-0.04155299812555313,0.9927586317062378,0.5471845865249634,0.3636416494846344,-0.11423087120056152,0.9991670250892639,0.5462737083435059,0.364457905292511,-0.08262944221496582,0.9971509575843811,0.5865894556045532,0.3377610743045807,-0.17860747873783112,0.9999943971633911,0.5687369108200073,0.35471993684768677,0.031274713575839996,0.9993594884872437,0.6289082169532776,0.3639812171459198,-0.23169998824596405,0.9979767203330994,0.5756077170372009,0.4193221628665924,0.08702032268047333,0.20139425992965698,0.6336681246757507,0.42517709732055664,-0.2712802290916443,0.9899590611457825,0.5571596622467041,0.48034435510635376,0.05892582982778549,0.3795773386955261,0.638744056224823,0.44144967198371887,-0.2974086105823517,0.9761563539505005,0.5502427816390991,0.4911947250366211,0.06173952668905258,0.3280660808086395,0.6295546293258667,0.44280093908309937,-0.2951784133911133,0.974480926990509,0.5473003387451172,0.49133309721946716,0.03495611250400543,0.34273761510849,0.6273295283317566,0.4390046000480652,-0.27064746618270874,0.9490452408790588,0.5509316325187683,0.488101601600647,0.046414606273174286,0.35404887795448303,0.6282641887664795,0.4548925757408142,-0.0681890919804573,0.9995173215866089,0.6075371503829956,0.45801761746406555,0.06827788800001144,0.9972864985466003,0.6155674457550049,0.5381390452384949,-0.12310713529586792,0.9736875295639038,0.5962821245193481,0.5341442823410034,0.02974083088338375,0.544484555721283,0.6125452518463135,0.6318827867507935,-0.10053415596485138,0.9762436747550964,0.6079114675521851,0.6202859282493591,0.08656518161296844,0.6782294511795044,0.6195105314254761,0.6489800810813904,-0.10186424106359482,0.9248446226119995,0.6130099296569824,0.6285293102264404,0.08945289254188538,0.7032938599586487,0.5811467170715332,0.6455498933792114,-0.16914516687393188,0.967393159866333,0.5786203145980835,0.6360160708427429,0.04624003916978836,0.7852748036384583
93,0.5398648977279663,0.3643011748790741,-0.10746346414089203,0.9982702732086182,0.5353761911392212,0.35774222016334534,-0.12105797231197357,0.9977108836174011,0.5360974669456482,0.35655975341796875,-0.12107439339160919,0.9980478286743164,0.5369422435760498,0.3551552891731262,-0.12109694629907608,0.9985045194625854,0.5344153642654419,0.35838738083839417,-0.09773397445678711,0.9966110587120056,0.5343791842460632,0.3577698767185211,-0.09774906933307648,0.9962202310562134,0.5344468355178833,0.35695308446884155,-0.09779734164476395,0.9965066313743591,0.5438695549964905,0.34319642186164856,-0.15174590051174164,0.9989951252937317,0.54194176197052,0.34511610865592957,-0.04454902559518814,0.9932299852371216,0.5472670793533325,0.364035964012146,-0.11634840816259384,0.9992255568504333,0.5463666915893555,0.36485975980758667,-0.0851166844367981,0.9973246455192566,0.5871477723121643,0.3378048539161682,-0.17943093180656433,0.9999948740005493,0.5685541033744812,0.3561447262763977,0.030350878834724426,0.9994003176689148,0.6295182108879089,0.3640279471874237,-0.2304120510816574,0.9980852007865906,0.5769203901290894,0.42293351888656616,0.08739737421274185,0.21906104683876038,0.6340582370758057,0.42540013790130615,-0.27124208211898804,0.9905837178230286,0.5563324689865112,0.4811241030693054,0.06765467673540115,0.4053212106227875,0.6393165588378906,0.4415542483329773,-0.2976979613304138,0.9774577617645264,0.5497075915336609,0.49172064661979675,0.07250075787305832,0.3489314019680023,0.6298769116401672,0.44314906001091003,-0.29517969489097595,0.9758793711662292,0.5468877553939819,0.49168068170547485,0.04593580588698387,0.3642464578151703,0.6276562809944153,0.43955281376838684,-0.27045828104019165,0.9516263008117676,0.5504705309867859,0.48853304982185364,0.05556013435125351,0.37580767273902893,0.6286813020706177,0.45457640290260315,-0.06759793311357498,0.9995306730270386,0.6075397729873657,0.45751088857650757,0.06767743825912476,0.9973989129066467,0.6156378984451294,0.5380728840827942,-0.12346474081277847,0.974104642868042,0.5962218046188354,0.533353865146637,0.040983058512210846,0.5583127737045288,0.612566351890564,0.6314919590950012,-0.09741182625293732,0.9765260815620422,0.6071648001670837,0.619999349117279,0.09956364333629608,0.6838233470916748,0.6196620464324951,0.6486035585403442,-0.09821417927742004,0.9246351718902588,0.6123034358024597,0.6274818181991577,0.10261017084121704,0.7056849002838135,0.5812008380889893,0.6455151438713074,-0.16368427872657776,0.9676859378814697,0.5785509943962097,0.6364234685897827,0.06126866862177849,0.788158655166626
94,0.5398566722869873,0.3647961914539337,-0.10712198168039322,0.9983262419700623,0.5354152917861938,0.35812005400657654,-0.12007425725460052,0.9977840781211853,0.5361384749412537,0.3569450080394745,-0.12008430063724518,0.998096227645874,0.536975085735321,0.35556328296661377,-0.1201048493385315,0.9985508322715759,0.5344424843788147,0.35878580808639526,-0.09719566255807877,0.9967196583747864,0.5343994498252869,0.35819441080093384,-0.09719516336917877,0.9963436722755432,0.5344527363777161,0.3574191629886627,-0.09724043309688568,0.9966375231742859,0.543950617313385,0.3436722755432129,-0.1493397355079651,0.9990199208259583,0.541949450969696,0.34579697251319885,-0.04314431920647621,0.9935047626495361,0.5472692251205444,0.36471638083457947,-0.11580346524715424,0.9992628693580627,0.5463188886642456,0.3655395805835724,-0.08412401378154755,0.997409999370575,0.5870179533958435,0.33718591928482056,-0.1755712926387787,0.999995231628418,0.5680806040763855,0.3579583764076233,0.03073674440383911,0.9994280934333801,0.6294727921485901,0.3640488088130951,-0.22432085871696472,0.9981307983398438,0.5769845843315125,0.425645649433136,0.08740566670894623,0.2332661747932434,0.6339210271835327,0.42557385563850403,-0.2674606144428253,0.9909671545028687,0.5558091998100281,0.48195260763168335,0.06656897068023682,0.42725375294685364,0.6390620470046997,0.44174817204475403,-0.2936342656612396,0.9782257676124573,0.5488008260726929,0.49301454424858093,0.07058719545602798,0.36721962690353394,0.6296521425247192,0.4434163272380829,-0.29149773716926575,0.9767314791679382,0.5466641783714294,0.49244755506515503,0.04433709755539894,0.3831523060798645,0.6273967027664185,0.4398074150085449,-0.2667824327945709,0.9532224535942078,0.5501548051834106,0.48929184675216675,0.054484643042087555,0.3948099613189697,0.628402590751648,0.45374125242233276,-0.0664912685751915,0.9995405077934265,0.6074663996696472,0.4574105441570282,0.0665624588727951,0.9974838495254517,0.6153954863548279,0.536802351474762,-0.12665697932243347,0.9736132621765137,0.5947970151901245,0.5321699380874634,0.03813929110765457,0.5667689442634583,0.6122918128967285,0.6298047304153442,-0.09642646461725235,0.9758398532867432,0.6068555116653442,0.6191834807395935,0.09624113142490387,0.684226930141449,0.6196482181549072,0.6474639773368835,-0.09671051800251007,0.9222424030303955,0.6105071306228638,0.625358521938324,0.09929834306240082,0.7037583589553833,0.5810978412628174,0.6453281044960022,-0.16097106039524078,0.9667611718177795,0.5782171487808228,0.6363779306411743,0.058404989540576935,0.7871118783950806
95,0.5398467779159546,0.36499014496803284,-0.1098884791135788,0.9983798265457153,0.5354727506637573,0.35831472277641296,-0.12334076315164566,0.9978598356246948,0.5361955761909485,0.35713818669319153,-0.12335370481014252,0.9981456398963928,0.5370268821716309,0.3557480573654175,-0.12337585538625717,0.9985977411270142,0.5344801545143127,0.35898837447166443,-0.10048915445804596,0.9968318343162537,0.534427285194397,0.3584000766277313,-0.10049855709075928,0.9964685440063477,0.5344687700271606,0.3576212227344513,-0.10054514557123184,0.9967701435089111,0.544009804725647,0.34382331371307373,-0.15417350828647614,0.99904865026474,0.5420141220092773,0.34590286016464233,-0.049049098044633865,0.9938020706176758,0.5472967624664307,0.3649533689022064,-0.11893049627542496,0.9992996454238892,0.5462793111801147,0.3657434284687042,-0.088055819272995,0.9975022077560425,0.5869156718254089,0.3368372917175293,-0.17774133384227753,0.9999955296516418,0.5679283142089844,0.35782724618911743,0.024799587205052376,0.9994571208953857,0.6297395825386047,0.3640742897987366,-0.22570395469665527,0.9981990456581116,0.5773566365242004,0.4256165623664856,0.08528202772140503,0.2482793778181076,0.6338371634483337,0.42599964141845703,-0.2712513506412506,0.9914525151252747,0.5558849573135376,0.4823618233203888,0.06703617423772812,0.44959479570388794,0.6388156414031982,0.442131370306015,-0.29722872376441956,0.9792168736457825,0.5486485362052917,0.4935188889503479,0.07187085598707199,0.38606297969818115,0.6294205784797668,0.44361796975135803,-0.2941044867038727,0.9777954816818237,0.5466460585594177,0.49268144369125366,0.04560347646474838,0.40238794684410095,0.6272071003913879,0.43998587131500244,-0.27016210556030273,0.9552145600318909,0.5501192808151245,0.4895305037498474,0.05513237044215202,0.4140915274620056,0.6288284063339233,0.45316535234451294,-0.06577432155609131,0.9995434880256653,0.6074436902999878,0.45737507939338684,0.06583915650844574,0.9975458383560181,0.6152273416519165,0.5368004441261292,-0.12276358902454376,0.9729213118553162,0.5943761467933655,0.5321560502052307,0.04844769090414047,0.5750795602798462,0.612214207649231,0.6292046308517456,-0.07680831104516983,0.9747883677482605,0.6060605645179749,0.6191876530647278,0.10922534763813019,0.6844618916511536,0.6196496486663818,0.6467563509941101,-0.07568073272705078,0.9196160435676575,0.6095064282417297,0.6249040365219116,0.1125820055603981,0.7019171714782715,0.5810853838920593,0.6452947854995728,-0.13529960811138153,0.9653851985931396,0.5779915452003479,0.6363173127174377,0.0716170221567154,0.7857447862625122
96,0.5398815274238586,0.36494317650794983,-0.10135848820209503,0.9983813762664795,0.5355138778686523,0.35811883211135864,-0.11455736309289932,0.9978734850883484,0.5362329483032227,0.3569270372390747,-0.11458097398281097,0.9981392025947571,0.5370599031448364,0.3555235266685486,-0.11460624635219574,0.9986072182655334,0.5345260500907898,0.358805775642395,-0.09183336049318314,0.9968273639678955,0.5344744920730591,0.3582185208797455,-0.09183649718761444,0.996454656124115,0.5345160961151123,0.3574427664279938,-0.09187893569469452,0.9967751502990723,0.5440618991851807,0.34365907311439514,-0.1458185911178589,0.9990547299385071,0.5420677065849304,0.34579524397850037,-0.04139620438218117,0.9938682913780212,0.5473341941833496,0.3649697005748749,-0.1105947345495224,0.9993191957473755,0.5463157892227173,0.36581283807754517,-0.08007485419511795,0.9975125193595886,0.5862604379653931,0.3362666368484497,-0.1748778074979782,0.9999958872795105,0.5678841471672058,0.3577948212623596,0.03164270892739296,0.9994707107543945,0.6295136213302612,0.3639153838157654,-0.22454066574573517,0.9982559084892273,0.577671229839325,0.42543166875839233,0.08982119709253311,0.25726786255836487,0.6336203217506409,0.42627447843551636,-0.2694475054740906,0.9919219017028809,0.5559239983558655,0.48219648003578186,0.06725885719060898,0.46609288454055786,0.6386392712593079,0.44264593720436096,-0.29611602425575256,0.9802061319351196,0.5488794445991516,0.4932395815849304,0.07137531042098999,0.3997039198875427,0.6292324066162109,0.44410327076911926,-0.2930086851119995,0.9788652062416077,0.5464926958084106,0.4922761917114258,0.04500453174114227,0.416409432888031,0.6270254850387573,0.44034501910209656,-0.26832443475723267,0.9572547078132629,0.549826979637146,0.48892396688461304,0.05508142709732056,0.42826205492019653,0.6286583542823792,0.4524352252483368,-0.06608234345912933,0.999548614025116,0.6074452996253967,0.45731762051582336,0.06614835560321808,0.997587263584137,0.6150800585746765,0.5367119312286377,-0.11594208329916,0.9713426232337952,0.5927938222885132,0.5310271978378296,0.04436904937028885,0.5793388485908508,0.6119780540466309,0.6286165714263916,-0.07483699172735214,0.9728129506111145,0.6053082346916199,0.6191941499710083,0.10240050405263901,0.6801803708076477,0.6194127798080444,0.6460937857627869,-0.07377339899539948,0.9154784083366394,0.6080284714698792,0.6242218017578125,0.10563579946756363,0.6976066827774048,0.5811340808868408,0.6452332735061646,-0.134129598736763,0.9629535675048828,0.5778363943099976,0.6362751126289368,0.06605808436870575,0.781044065952301
97,0.5400053262710571,0.36504822969436646,-0.10141398012638092,0.9983447790145874,0.5357555747032166,0.3582143783569336,-0.11470542103052139,0.9978388547897339,0.5364919900894165,0.35701826214790344,-0.11473045498132706,0.9980888366699219,0.5373312830924988,0.3556024730205536,-0.1147569864988327,0.9985840320587158,0.5346885919570923,0.3589271903038025,-0.09187029302120209,0.9967676401138306,0.5346086621284485,0.3583551049232483,-0.0918734073638916,0.9963752627372742,0.5346201658248901,0.3575959801673889,-0.09191668033599854,0.9967236518859863,0.5441986918449402,0.3437071144580841,-0.14608076214790344,0.9990377426147461,0.5420938730239868,0.34601861238479614,-0.04134807735681534,0.9938458800315857,0.5474299788475037,0.3650224804878235,-0.11063264310359955,0.9993211030960083,0.5464075803756714,0.36593854427337646,-0.0800246074795723,0.9974612593650818,0.5862356424331665,0.33595937490463257,-0.17543502151966095,0.9999961256980896,0.5676804780960083,0.3577510714530945,0.03174644336104393,0.9994838237762451,0.6295402646064758,0.36388543248176575,-0.22596506774425507,0.9982786774635315,0.577849805355072,0.4242936372756958,0.09097800403833389,0.26473763585090637,0.633611261844635,0.42644262313842773,-0.27064481377601624,0.9922430515289307,0.5565510988235474,0.48181861639022827,0.06970799714326859,0.4816276431083679,0.6385802626609802,0.4429086148738861,-0.2972619831562042,0.9808681607246399,0.5494993925094604,0.49315324425697327,0.07425624132156372,0.41269931197166443,0.6293061971664429,0.44426679611206055,-0.29375743865966797,0.9795777797698975,0.5469933748245239,0.4920614957809448,0.047762639820575714,0.4297144114971161,0.627112627029419,0.4404369294643402,-0.26940974593162537,0.958583414554596,0.5503109693527222,0.48861122131347656,0.05754784494638443,0.4417068660259247,0.6286476850509644,0.4520459473133087,-0.06622298061847687,0.9995473623275757,0.6072448492050171,0.4570181965827942,0.06629159301519394,0.9976212382316589,0.6149840950965881,0.5355052351951599,-0.1133154034614563,0.9699879288673401,0.592704176902771,0.5309424996376038,0.042212627828121185,0.5850902795791626,0.6115483045578003,0.6280964016914368,-0.07747266441583633,0.9713366031646729,0.604684054851532,0.6198474168777466,0.09954183548688889,0.678906261920929,0.6188958883285522,0.6457776427268982,-0.07698436081409454,0.9126424789428711,0.6076778769493103,0.6245237588882446,0.10262276232242584,0.6959327459335327,0.5810123682022095,0.6433067321777344,-0.13634075224399567,0.9610708355903625,0.5772188901901245,0.6362955570220947,0.0621519610285759,0.7786194086074829
98,0.5401211977005005,0.3648896813392639,-0.09210546314716339,0.9983438849449158,0.5358544588088989,0.3580208420753479,-0.10543880611658096,0.9978542327880859,0.5365912914276123,0.35681453347206116,-0.10546897351741791,0.9980873465538025,0.5374258756637573,0.35538631677627563,-0.10549551248550415,0.998596727848053,0.5347495079040527,0.3587438762187958,-0.08228634297847748,0.9967948198318481,0.5346508622169495,0.35817399621009827,-0.08228541910648346,0.9963862299919128,0.5346435904502869,0.35741421580314636,-0.08232926577329636,0.9967465996742249,0.5442383885383606,0.3436259329319,-0.13801898062229156,0.9990490078926086,0.5421261191368103,0.3459547162055969,-0.03169437497854233,0.9939842224121094,0.5474820137023926,0.36482173204421997,-0.10183738172054291,0.9993320107460022,0.5464940667152405,0.3657960891723633,-0.07082317769527435,0.9974595904350281,0.5861160755157471,0.3356632888317108,-0.1713891178369522,0.9999963641166687,0.5677065253257751,0.3574196994304657,0.04206563159823418,0.9994927048683167,0.6297491192817688,0.3639596700668335,-0.22333462536334991,0.9982993602752686,0.5782119035720825,0.42376279830932617,0.09705528616905212,0.26536691188812256,0.6338922381401062,0.42682579159736633,-0.2648683190345764,0.9925232529640198,0.5568116307258606,0.48139241337776184,0.0742395743727684,0.4883160889148712,0.6387172341346741,0.44337210059165955,-0.2914387583732605,0.9814349412918091,0.5498745441436768,0.49282053112983704,0.07878291606903076,0.41750767827033997,0.6296089291572571,0.44445210695266724,-0.2876349985599518,0.9801785349845886,0.5472520589828491,0.4918227195739746,0.0529412217438221,0.4347594380378723,0.6274341344833374,0.440581351518631,-0.26341190934181213,0.9596846699714661,0.5506006479263306,0.4883323013782501,0.06215918809175491,0.44704577326774597,0.6289944052696228,0.4516633152961731,-0.06651241332292557,0.9995448589324951,0.6071687340736389,0.4568645656108856,0.06658820807933807,0.9976548552513123,0.614874005317688,0.5344346165657043,-0.12323317676782608,0.9684738516807556,0.5907499194145203,0.5293606519699097,0.026563450694084167,0.5924798250198364,0.610551118850708,0.6277611255645752,-0.09907069802284241,0.9701075553894043,0.6044966578483582,0.6198287606239319,0.07685123383998871,0.6783490777015686,0.6183329224586487,0.6455209851264954,-0.09980044513940811,0.9112069606781006,0.6075354814529419,0.624625027179718,0.07930360734462738,0.6972382664680481,0.5804082155227661,0.6417664885520935,-0.1612982600927353,0.9598375558853149,0.5769567489624023,0.6362437605857849,0.03965359181165695,0.7775253057479858
99,0.5401283502578735,0.36449554562568665,-0.09387524425983429,0.9983380436897278,0.5358622074127197,0.3576064705848694,-0.10749255120754242,0.9978675842285156,0.5366029739379883,0.35641443729400635,-0.10752253234386444,0.9980849623680115,0.5374376773834229,0.3550054132938385,-0.10755008459091187,0.9986096024513245,0.5347535610198975,0.35829922556877136,-0.08406850695610046,0.996824324131012,0.5346604585647583,0.3577210605144501,-0.08406616002321243,0.9963947534561157,0.5346566438674927,0.35695508122444153,-0.08410994708538055,0.9967712163925171,0.5442379117012024,0.3434644937515259,-0.14052870869636536,0.9990631937980652,0.5420881509780884,0.3456176519393921,-0.033147890120744705,0.9941192865371704,0.547494649887085,0.36448022723197937,-0.10380655527114868,0.9993395805358887,0.5465177893638611,0.3654528558254242,-0.07245004922151566,0.9974572658538818,0.5859115719795227,0.3354566991329193,-0.1723749041557312,0.999996542930603,0.5673022270202637,0.356556236743927,0.041071437299251556,0.9995023608207703,0.6301961541175842,0.36403682827949524,-0.22518405318260193,0.9983062148094177,0.578026533126831,0.4204946756362915,0.09553714096546173,0.261170357465744,0.6339715719223022,0.4272647798061371,-0.2652744650840759,0.9927108883857727,0.557214617729187,0.48054739832878113,0.0709848701953888,0.4872927963733673,0.6387093663215637,0.4438905119895935,-0.2921237051486969,0.9817778468132019,0.5499058365821838,0.4926980435848236,0.07500211894512177,0.4154757261276245,0.6295952796936035,0.4446162283420563,-0.2878767251968384,0.9805214405059814,0.547469973564148,0.4917507767677307,0.04873005300760269,0.43276724219322205,0.6274442076683044,0.44072577357292175,-0.26363620162010193,0.9602138996124268,0.5508161783218384,0.4881075620651245,0.05872279405593872,0.44576647877693176,0.6292216181755066,0.451293021440506,-0.0670388787984848,0.9995434284210205,0.6070495843887329,0.456674188375473,0.06712443381547928,0.9976958632469177,0.6147950887680054,0.5337885618209839,-0.12054240703582764,0.9678303003311157,0.5913082361221313,0.5289718508720398,0.033000364899635315,0.6023091673851013,0.6103183031082153,0.6274949908256531,-0.09902236610651016,0.9699832797050476,0.6045389771461487,0.6198761463165283,0.0844230130314827,0.6833052635192871,0.6176391839981079,0.6449193358421326,-0.10026481002569199,0.9107223153114319,0.608330249786377,0.6247640252113342,0.08685667812824249,0.7015583515167236,0.5798923969268799,0.6411056518554688,-0.16336283087730408,0.9599130153656006,0.5769182443618774,0.6362263560295105,0.04699654504656792,0.7809147238731384
100,0.5402534604072571,0.36428967118263245,-0.09516078978776932,0.9983325004577637,0.5360404849052429,0.35741475224494934,-0.10876081883907318,0.9978804588317871,0.5367703437805176,0.3562280237674713,-0.10878796875476837,0.9980838894844055,0.5375934839248657,0.35482367873191833,-0.10881388187408447,0.9986215233802795,0.5349191427230835,0.3580974340438843,-0.0853496566414833,0.9968328475952148,0.5348095893859863,0.3575182259082794,-0.08534932881593704,0.996379554271698,0.5347835421562195,0.3567522168159485,-0.08539342135190964,0.9967706203460693,0.5442596673965454,0.3433607816696167,-0.14072759449481964,0.9990791082382202,0.5421015024185181,0.34550294280052185,-0.033614493906497955,0.9942081570625305,0.5475466251373291,0.3642495572566986,-0.10483517497777939,0.999348521232605,0.546591579914093,0.3652314841747284,-0.07351211458444595,0.9974578022956848,0.5858726501464844,0.3352990746498108,-0.17629848420619965,0.9999967813491821,0.5672207474708557,0.35581174492836,0.0404316745698452,0.9995059370994568,0.6306328773498535,0.3640652298927307,-0.22931572794914246,0.9983423352241516,0.5780822038650513,0.4184458553791046,0.09447376430034637,0.2556101679801941,0.6340195536613464,0.4274906516075134,-0.26567918062210083,0.9929760098457336,0.5577867031097412,0.47967782616615295,0.06964389979839325,0.48336130380630493,0.6386743783950806,0.4440663158893585,-0.29240018129348755,0.9822785258293152,0.5501070618629456,0.4922082722187042,0.07371679693460464,0.4111148715019226,0.6295605897903442,0.44472143054008484,-0.2891134023666382,0.9810359477996826,0.5476349592208862,0.49053117632865906,0.04736994951963425,0.4283766746520996,0.6274234652519226,0.44083186984062195,-0.2644392251968384,0.9611192345619202,0.5509539246559143,0.48737189173698425,0.057300977408885956,0.44224438071250916,0.629398763179779,0.45111387968063354,-0.06765715777873993,0.9995430111885071,0.6071155667304993,0.45635032653808594,0.0677449032664299,0.9977232813835144,0.6147421598434448,0.5336892008781433,-0.10317239910364151,0.9664700627326965,0.5915111899375916,0.5290106534957886,0.03317302092909813,0.607734203338623,0.6096853017807007,0.6275884509086609,-0.0716322660446167,0.9691562056541443,0.6044639945030212,0.6201816201210022,0.08977632224559784,0.6861567497253418,0.6173473596572876,0.6449611186981201,-0.0717872828245163,0.9094757437705994,0.6084283590316772,0.625297486782074,0.09230373054742813,0.7044103741645813,0.5795761346817017,0.6408078670501709,-0.13194215297698975,0.959038496017456,0.5769169926643372,0.6362079977989197,0.0472528338432312,0.7824553847312927
101,0.5403621196746826,0.3641217350959778,-0.10153760015964508,0.9982763528823853,0.5361506938934326,0.35723766684532166,-0.11528663337230682,0.9978318214416504,0.5368593335151672,0.3560529053211212,-0.11532117426395416,0.9980214238166809,0.5376631021499634,0.35465291142463684,-0.11535938084125519,0.9986002445220947,0.5350576639175415,0.3579123914241791,-0.0917808935046196,0.9967349767684937,0.5349452495574951,0.35732895135879517,-0.09176907688379288,0.9962135553359985,0.5349076390266418,0.35656124353408813,-0.09181065112352371,0.9966325759887695,0.5442698001861572,0.34325411915779114,-0.14859069883823395,0.9990703463554382,0.5421119332313538,0.3453446626663208,-0.040825825184583664,0.9940170049667358,0.5476130247116089,0.3640771508216858,-0.11153385788202286,0.999333381652832,0.5467095375061035,0.3650589883327484,-0.08007119596004486,0.9973356127738953,0.5850530862808228,0.3349730372428894,-0.18401558697223663,0.9999969601631165,0.5671079158782959,0.35273998975753784,0.035595450550317764,0.9994815587997437,0.6306416392326355,0.3638724982738495,-0.23592627048492432,0.9983749389648438,0.5781008005142212,0.4149199426174164,0.08509685099124908,0.24409395456314087,0.6339689493179321,0.42749398946762085,-0.2661985158920288,0.9931723475456238,0.559226930141449,0.4770983159542084,0.059106796979904175,0.46686476469039917,0.6386548280715942,0.4440978169441223,-0.29304611682891846,0.982582688331604,0.5514236688613892,0.49088698625564575,0.06326337158679962,0.3966188132762909,0.6294992566108704,0.4447231888771057,-0.2896438539028168,0.9813377857208252,0.5478874444961548,0.48872220516204834,0.0365617610514164,0.41344761848449707,0.627377986907959,0.44079479575157166,-0.2649976313114166,0.9615667462348938,0.5515452027320862,0.4855460822582245,0.04653075337409973,0.4281866252422333,0.6293510794639587,0.450825572013855,-0.06798762083053589,0.9995473027229309,0.607117235660553,0.45409247279167175,0.06807830184698105,0.9977353811264038,0.6147027015686035,0.5337249040603638,-0.1038803681731224,0.9655554890632629,0.5916780829429626,0.529069721698761,0.03849044069647789,0.6127839088439941,0.6096079349517822,0.6276031732559204,-0.07436041533946991,0.9691157341003418,0.6044911742210388,0.6202206015586853,0.10132467746734619,0.6894650459289551,0.617392897605896,0.6456297039985657,-0.07470894604921341,0.9094109535217285,0.6084576845169067,0.6253446936607361,0.10479222238063812,0.7068408131599426,0.5794047713279724,0.640753984451294,-0.13640008866786957,0.9590214490890503,0.5768717527389526,0.6361768245697021,0.06600169092416763,0.7840142250061035
102,0.5406461954116821,0.3640146255493164,-0.10257716476917267,0.9981899261474609,0.5364812612533569,0.35709917545318604,-0.11653123795986176,0.9977448582649231,0.5371326208114624,0.3559161424636841,-0.11656232923269272,0.9979206919670105,0.5378891825675964,0.3545198440551758,-0.11660127341747284,0.9985566139221191,0.5354752540588379,0.3577778935432434,-0.09297313541173935,0.9965705275535583,0.5353566408157349,0.3572002053260803,-0.09295928478240967,0.9959661960601807,0.535306990146637,0.35644206404685974,-0.09300186485052109,0.9964367747306824,0.5443297624588013,0.34314706921577454,-0.15105441212654114,0.999041736125946,0.5421995520591736,0.3452129065990448,-0.04322990030050278,0.993709146976471,0.5476988554000854,0.36405354738235474,-0.11290337890386581,0.9993085265159607,0.5468904376029968,0.3649704158306122,-0.08145327866077423,0.9972021579742432,0.5842156410217285,0.3344559073448181,-0.18780413269996643,0.9999971389770508,0.5671355724334717,0.3476109206676483,0.03423000127077103,0.9994573593139648,0.6307100057601929,0.3634815514087677,-0.23647233843803406,0.9984174966812134,0.578124463558197,0.4095931649208069,0.08126483857631683,0.23227134346961975,0.633941113948822,0.42748337984085083,-0.2626250088214874,0.9933550953865051,0.5608140230178833,0.47473254799842834,0.055608201771974564,0.446704626083374,0.6386563181877136,0.4441220462322235,-0.2894169092178345,0.98281329870224,0.5521951913833618,0.4881648123264313,0.06043745204806328,0.37890902161598206,0.629453718662262,0.4448345899581909,-0.28371462225914,0.9815614223480225,0.5482760667800903,0.4869019091129303,0.03394334763288498,0.395040899515152,0.627367377281189,0.4408263862133026,-0.26018238067626953,0.9618644714355469,0.5521791577339172,0.4835653305053711,0.0431927926838398,0.41064590215682983,0.6281285285949707,0.45017051696777344,-0.06881009787321091,0.9995524883270264,0.6074223518371582,0.4516410231590271,0.06889282166957855,0.9977306723594666,0.6141404509544373,0.5335713028907776,-0.10423286259174347,0.9646609425544739,0.5916350483894348,0.5266209244728088,0.03870164230465889,0.6108870506286621,0.6094244718551636,0.627657949924469,-0.07476840913295746,0.9689931273460388,0.6041370630264282,0.61953204870224,0.10196436941623688,0.6862247586250305,0.6170321702957153,0.6454565525054932,-0.0754859447479248,0.9088906049728394,0.6083959341049194,0.6247873902320862,0.10531385987997055,0.7036464214324951,0.5791867971420288,0.6406506896018982,-0.13827332854270935,0.9588043093681335,0.5768710374832153,0.6361621022224426,0.06756709516048431,0.7811798453330994
103,0.5412173271179199,0.3639622926712036,-0.09298483282327652,0.9982118010520935,0.5369998216629028,0.35703837871551514,-0.10663045942783356,0.9977861046791077,0.5376232862472534,0.3558500111103058,-0.10666483640670776,0.9979561567306519,0.5383641719818115,0.35444000363349915,-0.1066933125257492,0.9985871911048889,0.5360593199729919,0.3576863408088684,-0.08356879651546478,0.9966310262680054,0.5359485149383545,0.3570915162563324,-0.08356093615293503,0.9960278272628784,0.5359057188034058,0.3563152253627777,-0.08360548317432404,0.9964839816093445,0.5447313189506531,0.3430863916873932,-0.13961046934127808,0.9990633726119995,0.5426672697067261,0.34505191445350647,-0.03378354758024216,0.9938713908195496,0.5482450723648071,0.36402758955955505,-0.10274766385555267,0.9993192553520203,0.5474941730499268,0.36493805050849915,-0.07187295705080032,0.9972041845321655,0.5845085978507996,0.334382027387619,-0.17516180872917175,0.9999972581863403,0.5671566724777222,0.34825849533081055,0.041199035942554474,0.9994531273841858,0.6307148337364197,0.3636642098426819,-0.2272682934999466,0.9983923435211182,0.5811408758163452,0.4097372591495514,0.08894667774438858,0.22788646817207336,0.6335362792015076,0.4275989234447479,-0.2607271373271942,0.9934091567993164,0.5605024099349976,0.4749184846878052,0.06504819542169571,0.44346868991851807,0.6381727457046509,0.4441562592983246,-0.28706520795822144,0.9829180836677551,0.5518804788589478,0.48749926686286926,0.0696917325258255,0.3759098947048187,0.6286800503730774,0.44495052099227905,-0.28215330839157104,0.9816749691963196,0.5481969714164734,0.48553621768951416,0.04452696442604065,0.3920409381389618,0.6266182065010071,0.44090497493743896,-0.25862157344818115,0.9620604515075684,0.5516667366027832,0.48282572627067566,0.05316729098558426,0.40753763914108276,0.6283203363418579,0.450532466173172,-0.068977490067482,0.9995583891868591,0.6075187921524048,0.4521718919277191,0.06906295567750931,0.9977511167526245,0.6139522790908813,0.5338039398193359,-0.12439725548028946,0.9639065861701965,0.589184045791626,0.5268959403038025,0.03522588685154915,0.6185076236724854,0.6094229221343994,0.6276909708976746,-0.11581311374902725,0.9690182209014893,0.6040493249893188,0.6191956400871277,0.08449974656105042,0.6874755024909973,0.6170422434806824,0.6461670994758606,-0.11816073954105377,0.9093481302261353,0.6074107885360718,0.6248434782028198,0.08680222928524017,0.7061416506767273,0.5789659023284912,0.6405767202377319,-0.18163719773292542,0.9590950012207031,0.5768177509307861,0.6361175775527954,0.050377875566482544,0.7818728089332581
104,0.5417397618293762,0.36347994208335876,-0.10427584499120712,0.9982129335403442,0.5374561548233032,0.35666149854660034,-0.11864535510540009,0.9978086352348328,0.5380580425262451,0.3555022180080414,-0.118675097823143,0.9979686737060547,0.5387848615646362,0.3541068136692047,-0.11870841681957245,0.9986023306846619,0.5365713834762573,0.3571958839893341,-0.09555093944072723,0.9966323971748352,0.5364708304405212,0.3565559983253479,-0.09554696828126907,0.9960172176361084,0.5364408493041992,0.35572609305381775,-0.09559158980846405,0.9964871406555176,0.5452393293380737,0.3428695499897003,-0.15270066261291504,0.9990800023078918,0.5431830883026123,0.3445247709751129,-0.046779826283454895,0.9939224720001221,0.5488125085830688,0.36335453391075134,-0.11411639302968979,0.9993237257003784,0.548200249671936,0.3641503155231476,-0.08327187597751617,0.997204601764679,0.584567666053772,0.3346490263938904,-0.18633851408958435,0.9999973773956299,0.5679063200950623,0.34708136320114136,0.03082718886435032,0.999439537525177,0.6306475400924683,0.3637426197528839,-0.23339824378490448,0.9983980655670166,0.581092119216919,0.4108351767063141,0.08046333491802216,0.22286692261695862,0.6327829360961914,0.4276667833328247,-0.2643582224845886,0.9934666752815247,0.5600622892379761,0.4750499427318573,0.05653388425707817,0.4360215663909912,0.6381107568740845,0.4441738724708557,-0.2910130023956299,0.9829583168029785,0.5516722798347473,0.48576685786247253,0.0611337311565876,0.3693271279335022,0.6281450390815735,0.44503143429756165,-0.2862851023674011,0.9817098379135132,0.5477522015571594,0.4832971394062042,0.0349276103079319,0.38531607389450073,0.6259158253669739,0.44102802872657776,-0.26226046681404114,0.9621730446815491,0.551397979259491,0.48082077503204346,0.04430671036243439,0.40139031410217285,0.6274284720420837,0.4508309066295624,-0.06897657364606857,0.9995543956756592,0.6077235341072083,0.45182865858078003,0.06906193494796753,0.9977084994316101,0.6139212846755981,0.5344644784927368,-0.09048281610012054,0.9620212316513062,0.5919766426086426,0.5288517475128174,0.06704165041446686,0.6137427091598511,0.609516978263855,0.628403902053833,-0.055127404630184174,0.9677461385726929,0.605147659778595,0.619648277759552,0.12392333894968033,0.6834605932235718,0.617211103439331,0.6468960642814636,-0.05468253046274185,0.907102644443512,0.6081025004386902,0.6256412863731384,0.12740425765514374,0.7032582759857178,0.5789731740951538,0.6406686305999756,-0.11179538071155548,0.9574639797210693,0.5777064561843872,0.6360940933227539,0.09261079132556915,0.7770453095436096
105,0.5420535802841187,0.36279264092445374,-0.10409688949584961,0.9982433319091797,0.5376697778701782,0.3559049665927887,-0.11829378455877304,0.9978556036949158,0.5382574200630188,0.35473400354385376,-0.1183241605758667,0.9980087876319885,0.5389736890792847,0.35331255197525024,-0.11835592985153198,0.9986334443092346,0.5368207097053528,0.3563960790634155,-0.09521020948886871,0.9966781139373779,0.5367275476455688,0.355730801820755,-0.09520614892244339,0.9960662126541138,0.5367069840431213,0.35487353801727295,-0.09524954110383987,0.9965332746505737,0.5454540848731995,0.34218233823776245,-0.15199638903141022,0.9991073608398438,0.5434240102767944,0.3437592089176178,-0.0460013821721077,0.9940344095230103,0.5491165518760681,0.3624711334705353,-0.11386855691671371,0.9993377923965454,0.5486070513725281,0.3632720708847046,-0.08301442861557007,0.9972392320632935,0.5845775008201599,0.334608256816864,-0.1857091188430786,0.9999974966049194,0.5681881904602051,0.34693971276283264,0.031446345150470734,0.9994322061538696,0.6304486989974976,0.36374631524086,-0.2332315891981125,0.9984219074249268,0.5809857249259949,0.41152113676071167,0.08189769834280014,0.2208414226770401,0.6321488618850708,0.42782461643218994,-0.26463431119918823,0.9936551451683044,0.5596517324447632,0.4751465916633606,0.05696683004498482,0.4361027479171753,0.638026773929596,0.44436323642730713,-0.29143914580345154,0.9833515286445618,0.5514637231826782,0.485416978597641,0.06136491149663925,0.3692724406719208,0.6275196671485901,0.4454593360424042,-0.28682762384414673,0.9821314215660095,0.5475054979324341,0.48269549012184143,0.03490028530359268,0.3853504955768585,0.6252328157424927,0.44141629338264465,-0.26262784004211426,0.9630388617515564,0.550874650478363,0.48037633299827576,0.04461903125047684,0.4016810953617096,0.6269301176071167,0.45125463604927063,-0.06897720694541931,0.9995543956756592,0.6080895662307739,0.4523814022541046,0.0690620094537735,0.9976833462715149,0.6138996481895447,0.535120964050293,-0.09000178426504135,0.9603312015533447,0.592779278755188,0.5304335355758667,0.06870680302381516,0.6113695502281189,0.6095243692398071,0.6290795207023621,-0.055222947150468826,0.9667199850082397,0.6056303381919861,0.6201639175415039,0.12461409717798233,0.6811133027076721,0.6172248125076294,0.6470219492912292,-0.05492293834686279,0.9051671028137207,0.6081365346908569,0.6262933015823364,0.12792043387889862,0.7020761966705322,0.5789800882339478,0.6409361362457275,-0.1130249947309494,0.9562323689460754,0.5781584978103638,0.636109471321106,0.09246408939361572,0.7738837003707886
106,0.5421869158744812,0.362594336271286,-0.10711626708507538,0.9981858730316162,0.5378207564353943,0.35564666986465454,-0.12161610275506973,0.997788667678833,0.5384059548377991,0.35450661182403564,-0.12164419889450073,0.9979322552680969,0.5391147136688232,0.3531182110309601,-0.12167602777481079,0.9985934495925903,0.5369482636451721,0.3560706079006195,-0.09822870790958405,0.9965521097183228,0.536841094493866,0.3553875684738159,-0.09822577983140945,0.9958992004394531,0.5368015766143799,0.3545209467411041,-0.0982738584280014,0.996414840221405,0.5455840826034546,0.3421002924442291,-0.15602664649486542,0.9990820288658142,0.5434803366661072,0.343553364276886,-0.04875721409916878,0.9938222765922546,0.5492206811904907,0.3622875511646271,-0.11711184680461884,0.999313473701477,0.5486911535263062,0.36305755376815796,-0.08589204400777817,0.9971299171447754,0.5845329761505127,0.334588885307312,-0.19016426801681519,0.9999975562095642,0.5683472156524658,0.3449077308177948,0.02879967913031578,0.9994191527366638,0.6302376985549927,0.3637475371360779,-0.238925501704216,0.9984027743339539,0.580694317817688,0.41033074259757996,0.07751590013504028,0.21537747979164124,0.6315270066261292,0.42789164185523987,-0.26762333512306213,0.993608295917511,0.559883177280426,0.47442659735679626,0.052212126553058624,0.4268624186515808,0.6369377374649048,0.44430842995643616,-0.29432210326194763,0.9831681251525879,0.5515109300613403,0.4850655794143677,0.0565856397151947,0.3611607551574707,0.6269081830978394,0.4454425871372223,-0.2892864942550659,0.98191237449646,0.5475403070449829,0.48246654868125916,0.03002597950398922,0.37699180841445923,0.6245392560958862,0.44141262769699097,-0.2653839886188507,0.9625915884971619,0.5508890151977539,0.47993770241737366,0.03980933129787445,0.3937617540359497,0.6269317865371704,0.4512855112552643,-0.06898029893636703,0.9995387196540833,0.6080864071846008,0.4518168568611145,0.06906437873840332,0.9976249933242798,0.6139301061630249,0.5354070067405701,-0.09346522390842438,0.9585930109024048,0.5931791067123413,0.5305328369140625,0.06254558265209198,0.6092638969421387,0.6100471615791321,0.6295192241668701,-0.061971258372068405,0.9655383229255676,0.6060337424278259,0.6204954385757446,0.11836431920528412,0.677598237991333,0.6172661185264587,0.647200345993042,-0.0621015839278698,0.901674747467041,0.6084628105163574,0.6264301538467407,0.12154246866703033,0.6986119747161865,0.5790634155273438,0.6411338448524475,-0.12234924733638763,0.9547092318534851,0.5783334374427795,0.6361042857170105,0.08470232039690018,0.7701946496963501
107,0.5422312617301941,0.3620460629463196,-0.10325858741998672,0.9981974363327026,0.5378756523132324,0.35507553815841675,-0.1175287589430809,0.9977986812591553,0.5384666323661804,0.35394543409347534,-0.11755599081516266,0.9979380965232849,0.5391818284988403,0.3525683581829071,-0.11758238077163696,0.9986018538475037,0.5369905233383179,0.3554948568344116,-0.0942501574754715,0.9965680837631226,0.5368806719779968,0.3548143208026886,-0.09425210952758789,0.995917797088623,0.5368370413780212,0.35394948720932007,-0.09430383145809174,0.9964466691017151,0.5457135438919067,0.3416683077812195,-0.15183481574058533,0.9990872144699097,0.5435400009155273,0.3430210053920746,-0.045211926102638245,0.9938778877258301,0.5492957830429077,0.3617640435695648,-0.11328162252902985,0.9993139505386353,0.5487546920776367,0.36256110668182373,-0.08223284780979156,0.9971381425857544,0.5845755338668823,0.33455419540405273,-0.1867712289094925,0.999997615814209,0.5684345960617065,0.3446520268917084,0.03050447441637516,0.9994255304336548,0.6302153468132019,0.3640570342540741,-0.23396673798561096,0.9983760714530945,0.5806450843811035,0.4100984036922455,0.0778261050581932,0.21185311675071716,0.6313952803611755,0.428152471780777,-0.26076364517211914,0.9935504794120789,0.5610644221305847,0.47398093342781067,0.05491331219673157,0.4229333996772766,0.6369483470916748,0.4443075954914093,-0.28632885217666626,0.9830248951911926,0.552419900894165,0.4850846827030182,0.05986915901303291,0.35741499066352844,0.6268653273582458,0.44547396898269653,-0.28180575370788574,0.9817452430725098,0.5485283732414246,0.4825494587421417,0.034026019275188446,0.3732708692550659,0.6244534850120544,0.4415167272090912,-0.2586524188518524,0.9622938632965088,0.5519444346427917,0.4798508286476135,0.04287777841091156,0.39038190245628357,0.6269428133964539,0.4512609541416168,-0.06887687742710114,0.9995290040969849,0.6080776453018188,0.4512884318828583,0.06895991414785385,0.9976163506507874,0.6142897009849548,0.5354230999946594,-0.10960952937602997,0.9563938975334167,0.5942047238349915,0.5303242206573486,0.03890037164092064,0.6073055863380432,0.6105250120162964,0.6296679377555847,-0.09418871253728867,0.964322030544281,0.6062524318695068,0.6207446455955505,0.0796830803155899,0.6749976277351379,0.6173266172409058,0.6473016142845154,-0.095981165766716,0.8979957103729248,0.6091059446334839,0.6269606947898865,0.08121848851442337,0.6964497566223145,0.5790697336196899,0.6412027478218079,-0.15832285583019257,0.9535071849822998,0.5783199667930603,0.6360982656478882,0.04112773388624191,0.7685706615447998
108,0.5422746539115906,0.3616622984409332,-0.10134194046258926,0.9981585144996643,0.5379573106765747,0.35467329621315,-0.11525648832321167,0.9977520704269409,0.5385575294494629,0.3535483479499817,-0.11528543382883072,0.9978895783424377,0.5392813682556152,0.35218051075935364,-0.11531396210193634,0.9985780715942383,0.5370486974716187,0.35511094331741333,-0.09199747443199158,0.9964936971664429,0.5369312167167664,0.3544410467147827,-0.09199996292591095,0.9958208203315735,0.5368781089782715,0.35358619689941406,-0.09205512702465057,0.996383547782898,0.5459558367729187,0.34128889441490173,-0.14857912063598633,0.9990645051002502,0.5436604619026184,0.34263432025909424,-0.042168326675891876,0.9937252402305603,0.549433171749115,0.361454039812088,-0.11115258932113647,0.9992893934249878,0.5488638281822205,0.36230483651161194,-0.08016994595527649,0.9970484972000122,0.5845812559127808,0.33387985825538635,-0.18315854668617249,0.9999975562095642,0.568487286567688,0.34401896595954895,0.0326315313577652,0.9994164109230042,0.6302034854888916,0.36447304487228394,-0.22988741099834442,0.9983127117156982,0.5803858041763306,0.40883663296699524,0.07889372855424881,0.20397326350212097,0.6311811208724976,0.4284881353378296,-0.2542286515235901,0.9932113289833069,0.5619301199913025,0.47340285778045654,0.0572727732360363,0.4084782004356384,0.6367279887199402,0.444379061460495,-0.2789641320705414,0.9822085499763489,0.5532049536705017,0.4851990342140198,0.06270023435354233,0.34494322538375854,0.6265579462051392,0.44552502036094666,-0.27479198575019836,0.980847179889679,0.5488713979721069,0.4826262295246124,0.0367991141974926,0.3604544699192047,0.6241801977157593,0.4416458010673523,-0.2521916925907135,0.9606260657310486,0.552507758140564,0.4798467755317688,0.04523014277219772,0.3780370354652405,0.6270579099655151,0.44978588819503784,-0.06848110258579254,0.9995042681694031,0.6080619096755981,0.45132893323898315,0.06856891512870789,0.9975566864013672,0.6147952675819397,0.5353257060050964,-0.122586689889431,0.954492449760437,0.5949698686599731,0.5287554860115051,0.01915755867958069,0.6043487787246704,0.6112908124923706,0.6297087073326111,-0.11664102971553802,0.9631405472755432,0.6064476370811462,0.6209033727645874,0.05191061645746231,0.6726747155189514,0.6176697611808777,0.6473432779312134,-0.11960665136575699,0.8944562673568726,0.6096369028091431,0.6272261142730713,0.052364010363817215,0.6943598389625549,0.5794912576675415,0.6412270665168762,-0.1847696602344513,0.9521800875663757,0.5783058404922485,0.636108934879303,0.008384564891457558,0.7675070762634277
109,0.5421305298805237,0.361247181892395,-0.09483649581670761,0.9982150197029114,0.5378504991531372,0.3541770875453949,-0.10852406173944473,0.9978200197219849,0.5384675860404968,0.3530844748020172,-0.10854794830083847,0.9979469180107117,0.5392118692398071,0.3517630696296692,-0.10856939852237701,0.998620331287384,0.5369197726249695,0.3546176552772522,-0.08523654192686081,0.9966179132461548,0.5368096232414246,0.3539690375328064,-0.08524240553379059,0.9959748983383179,0.5367704629898071,0.3531433045864105,-0.0852961614727974,0.9965285062789917,0.5459747910499573,0.34105050563812256,-0.14226926863193512,0.9990845918655396,0.5436816215515137,0.34236595034599304,-0.03590710461139679,0.99398273229599,0.5494136810302734,0.3612521290779114,-0.10505834966897964,0.9993065595626831,0.5488343834877014,0.362111896276474,-0.07408848404884338,0.9971413016319275,0.584935188293457,0.33387306332588196,-0.1776483654975891,0.9999975562095642,0.5684571862220764,0.34443679451942444,0.037039630115032196,0.9994293451309204,0.6301164031028748,0.3644671142101288,-0.2274758368730545,0.9982649087905884,0.5801635980606079,0.4089546799659729,0.08808502554893494,0.19962240755558014,0.630967915058136,0.42847442626953125,-0.25661057233810425,0.9929727911949158,0.5621135830879211,0.4732381999492645,0.06790398806333542,0.401210755109787,0.6359707117080688,0.4441590905189514,-0.2818303406238556,0.9816707968711853,0.5534639358520508,0.4849722683429718,0.0733284279704094,0.33890339732170105,0.6263154745101929,0.445315957069397,-0.2775837779045105,0.9802494645118713,0.5493447780609131,0.482412725687027,0.047428928315639496,0.3543354570865631,0.6240440607070923,0.4415179491043091,-0.25466832518577576,0.9595054984092712,0.5529640316963196,0.47966480255126953,0.055889762938022614,0.3721228539943695,0.6278923749923706,0.4489733576774597,-0.0681319385766983,0.9994947910308838,0.6080588102340698,0.4496975243091583,0.06821771711111069,0.9975777268409729,0.6158081889152527,0.535300076007843,-0.12461787462234497,0.9533266425132751,0.594936728477478,0.5276380181312561,0.010131699964404106,0.604077935218811,0.6118633151054382,0.6302586197853088,-0.11780548095703125,0.9619873762130737,0.6064457893371582,0.6209479570388794,0.043039433658123016,0.6708446741104126,0.618596076965332,0.6488968729972839,-0.12056277692317963,0.8919177651405334,0.6093000173568726,0.6273679137229919,0.04357597976922989,0.693666398525238,0.5803897380828857,0.6419592499732971,-0.18510188162326813,0.9510324001312256,0.5783016681671143,0.636142909526825,1.4170621398079675e-05,0.7673603892326355
110,0.5418095588684082,0.3608817458152771,-0.08968290686607361,0.998238742351532,0.5375562906265259,0.3537410497665405,-0.10345804691314697,0.9978427290916443,0.53819340467453,0.35265928506851196,-0.1034829244017601,0.997964084148407,0.5389591455459595,0.3513573408126831,-0.10350370407104492,0.9986345171928406,0.5366269946098328,0.3541731834411621,-0.07995670288801193,0.9966771006584167,0.5365509986877441,0.35352590680122375,-0.07995827496051788,0.9960500001907349,0.5365517139434814,0.3527040183544159,-0.0800090804696083,0.9966005682945251,0.5459463000297546,0.34070736169815063,-0.13798287510871887,0.999085545539856,0.5436753034591675,0.34199830889701843,-0.030715782195329666,0.9940999746322632,0.54923015832901,0.3610270321369171,-0.10025064647197723,0.999310314655304,0.548648476600647,0.361859530210495,-0.06901504844427109,0.997175931930542,0.5849364995956421,0.33310920000076294,-0.17474278807640076,0.9999975562095642,0.5683611631393433,0.3446360230445862,0.0421859547495842,0.9994344115257263,0.6297610998153687,0.36389076709747314,-0.22468037903308868,0.9982438087463379,0.5795685052871704,0.40863561630249023,0.0941675677895546,0.1950407326221466,0.6307510733604431,0.4281725585460663,-0.2551284432411194,0.9929026365280151,0.5620669722557068,0.47290265560150146,0.07288959622383118,0.39516228437423706,0.6355324387550354,0.4436257779598236,-0.2804224491119385,0.9814967513084412,0.5536941289901733,0.4847508668899536,0.07802695035934448,0.3337259292602539,0.6261054873466492,0.44475677609443665,-0.27630650997161865,0.9800491333007812,0.5496557354927063,0.4822978675365448,0.05214613676071167,0.34909677505493164,0.623857319355011,0.4410029351711273,-0.2532569468021393,0.9591114521026611,0.5531879663467407,0.47951796650886536,0.060792721807956696,0.36711493134498596,0.6279460191726685,0.44813403487205505,-0.06802704930305481,0.9994881749153137,0.6080537438392639,0.44919005036354065,0.06811200082302094,0.9975929856300354,0.6161936521530151,0.5350841283798218,-0.12370387464761734,0.9524513483047485,0.594902515411377,0.526772677898407,0.014190544374287128,0.6023697257041931,0.6120083332061768,0.6302677392959595,-0.11628703027963638,0.9610062837600708,0.6063970923423767,0.6210727691650391,0.04899989813566208,0.6687083840370178,0.6189233660697937,0.6494448781013489,-0.1190216988325119,0.8900012969970703,0.6094506978988647,0.6343095898628235,0.049675263464450836,0.6926974058151245,0.5807942748069763,0.6420350670814514,-0.18341585993766785,0.9500994086265564,0.5782284736633301,0.6362100839614868,0.006368200294673443,0.7669704556465149
111,0.5417585968971252,0.3605714738368988,-0.09120835363864899,0.9982392191886902,0.5375137329101562,0.3534369468688965,-0.1053839698433876,0.9978397488594055,0.5381506085395813,0.35238316655158997,-0.1054086685180664,0.9979529976844788,0.5389169454574585,0.3511131703853607,-0.10543011128902435,0.9986258745193481,0.5365883111953735,0.3538376986980438,-0.08146629482507706,0.9967029094696045,0.5365162491798401,0.3531970679759979,-0.08146706968545914,0.9960882663726807,0.5365203619003296,0.35238873958587646,-0.08151862025260925,0.9966487288475037,0.5459458231925964,0.34052637219429016,-0.13982996344566345,0.9990749359130859,0.5436794757843018,0.3418099284172058,-0.03189782053232193,0.9941995739936829,0.5492033958435059,0.36078187823295593,-0.10208455473184586,0.9993028044700623,0.5486170649528503,0.36158958077430725,-0.07036334276199341,0.9972023963928223,0.5849702954292297,0.3327479362487793,-0.17790371179580688,0.9999974966049194,0.5683565735816956,0.34443357586860657,0.04210280627012253,0.9994418025016785,0.629576563835144,0.3633926212787628,-0.22982589900493622,0.9981992244720459,0.5792549848556519,0.4058377146720886,0.09334605932235718,0.18968984484672546,0.6305330395698547,0.42760032415390015,-0.25775137543678284,0.9926143884658813,0.5621227025985718,0.47146162390708923,0.07108728587627411,0.3853292167186737,0.6349008083343506,0.4428597390651703,-0.2838735580444336,0.9807798266410828,0.5538516640663147,0.48350241780281067,0.07619427144527435,0.325227290391922,0.6258312463760376,0.4439959228038788,-0.27851274609565735,0.9792312979698181,0.5502931475639343,0.4811357259750366,0.04988047853112221,0.34044530987739563,0.6235488653182983,0.44018852710723877,-0.2555639445781708,0.9574668407440186,0.553382158279419,0.47876670956611633,0.058789320290088654,0.3590938150882721,0.6279478073120117,0.4482170045375824,-0.06835833936929703,0.9994715452194214,0.6083146929740906,0.44895702600479126,0.0684419646859169,0.9975890517234802,0.6164596676826477,0.5352467894554138,-0.11838757991790771,0.9507260918617249,0.596097469329834,0.5268481373786926,0.022674567997455597,0.5988588333129883,0.6121652722358704,0.6306121349334717,-0.11508240550756454,0.9595529437065125,0.60640549659729,0.6212306618690491,0.06285008043050766,0.6657384037971497,0.6192632913589478,0.6502742171287537,-0.11747869104146957,0.8879374265670776,0.6098114848136902,0.6368554830551147,0.06414595991373062,0.6925287842750549,0.5809638500213623,0.6421241164207458,-0.17974044382572174,0.9486388564109802,0.5782182812690735,0.6362287998199463,0.021852614358067513,0.7657840251922607
112,0.5417147278785706,0.3603363037109375,-0.09163195639848709,0.9981580972671509,0.5374737977981567,0.353158175945282,-0.1060391217470169,0.9977356195449829,0.5381081104278564,0.3521251976490021,-0.10606537014245987,0.9978442192077637,0.5388712286949158,0.35088279843330383,-0.10608681291341782,0.9985525608062744,0.5365660190582275,0.35353851318359375,-0.08185344934463501,0.9965934157371521,0.5365022420883179,0.35290199518203735,-0.08185161650180817,0.9959496259689331,0.5365126729011536,0.35210293531417847,-0.08190300315618515,0.9965402483940125,0.5459434986114502,0.34032371640205383,-0.14092609286308289,0.9990279674530029,0.5436891913414001,0.3416021466255188,-0.032078053802251816,0.9940673112869263,0.5491933822631836,0.3606378138065338,-0.10278955847024918,0.9992585778236389,0.5486095547676086,0.3614319860935211,-0.07069915533065796,0.9971080422401428,0.5849173665046692,0.33217155933380127,-0.18059086799621582,0.9999973773956299,0.568338930606842,0.3438706398010254,0.04172290489077568,0.9994376301765442,0.6290683746337891,0.3628236949443817,-0.23730579018592834,0.9980975389480591,0.5788964033126831,0.4036238491535187,0.0932711511850357,0.18208253383636475,0.6301138997077942,0.4271431565284729,-0.2644234895706177,0.992106020450592,0.561907172203064,0.4673127233982086,0.07064758241176605,0.3700006306171417,0.6342111229896545,0.4423946738243103,-0.2908819019794464,0.9796491265296936,0.5555241107940674,0.482953816652298,0.07591027766466141,0.3122383654117584,0.6253743767738342,0.4435041844844818,-0.28491801023483276,0.977931559085846,0.5518362522125244,0.4811147451400757,0.04952714964747429,0.32696035504341125,0.6230487823486328,0.43956369161605835,-0.2619796693325043,0.9548289775848389,0.5550253987312317,0.47816041111946106,0.05815233662724495,0.3461768627166748,0.628003716468811,0.4482496380805969,-0.06856197863817215,0.9994548559188843,0.6086950898170471,0.44906121492385864,0.0686468631029129,0.9975928068161011,0.6168650388717651,0.5350582003593445,-0.12202328443527222,0.9500897526741028,0.596188485622406,0.5267235040664673,0.011635147035121918,0.6017829775810242,0.6123035550117493,0.6303874254226685,-0.11434280872344971,0.9591112732887268,0.6063827276229858,0.6213352680206299,0.04770119860768318,0.6686816811561584,0.6195493936538696,0.6503209471702576,-0.1171245202422142,0.887459397315979,0.6103104948997498,0.6401172876358032,0.04839431494474411,0.6968454718589783,0.5811775326728821,0.6420463919639587,-0.1823166161775589,0.9483031630516052,0.5781295299530029,0.6362687945365906,0.00416503194719553,0.769148051738739
113,0.5416427850723267,0.36023572087287903,-0.09210313111543655,0.9981555342674255,0.5374197959899902,0.3530717194080353,-0.10627979040145874,0.9977319240570068,0.5380598306655884,0.3520434498786926,-0.10630349814891815,0.9978348016738892,0.5388249158859253,0.35081222653388977,-0.10632123053073883,0.9985477328300476,0.536507248878479,0.3534590005874634,-0.08255920559167862,0.9966087937355042,0.5364466905593872,0.3528270423412323,-0.08255888521671295,0.9959585666656494,0.53645920753479,0.35203635692596436,-0.08260934054851532,0.9965510368347168,0.5459197759628296,0.3402552604675293,-0.144097700715065,0.9990290403366089,0.543677806854248,0.3415740728378296,-0.03286125510931015,0.994123637676239,0.5491630434989929,0.3605388104915619,-0.10347989946603775,0.999254047870636,0.5485601425170898,0.36135047674179077,-0.0712030902504921,0.9971269369125366,0.5847873091697693,0.33155885338783264,-0.1862064003944397,0.9999974370002747,0.5682409405708313,0.34327638149261475,0.041260529309511185,0.999441385269165,0.6290673017501831,0.36266666650772095,-0.24282598495483398,0.9981120228767395,0.5786546468734741,0.402459979057312,0.09232504665851593,0.17562881112098694,0.6297428607940674,0.4270853102207184,-0.27069082856178284,0.9921557307243347,0.561731219291687,0.4662347733974457,0.06928423047065735,0.35788482427597046,0.6337730884552002,0.4423454999923706,-0.2980559766292572,0.9796989560127258,0.5554366707801819,0.48287060856819153,0.07434280216693878,0.30185040831565857,0.62486732006073,0.44346684217453003,-0.2917248606681824,0.9779387712478638,0.5526599884033203,0.4811066687107086,0.04799662530422211,0.3161179721355438,0.6226688623428345,0.4394519627094269,-0.26800647377967834,0.9546360373497009,0.5560065507888794,0.4777851998806,0.05686847120523453,0.3359072208404541,0.628275454044342,0.4480627179145813,-0.06927789747714996,0.9994525909423828,0.60894775390625,0.4487724006175995,0.06936288625001907,0.9976250529289246,0.6168360710144043,0.5346001386642456,-0.12062332779169083,0.9501187801361084,0.5962159633636475,0.526384711265564,0.017437078058719635,0.6041465997695923,0.6124045252799988,0.6300615072250366,-0.11037753522396088,0.958990752696991,0.6063899993896484,0.6212358474731445,0.058548033237457275,0.6708163022994995,0.6198409795761108,0.6502996683120728,-0.11258469521999359,0.888081967830658,0.6106874942779541,0.6391189694404602,0.0598701611161232,0.7003883719444275,0.5811635255813599,0.6420396566390991,-0.17594106495380402,0.9482091665267944,0.578109860420227,0.6362981796264648,0.017219357192516327,0.7713475823402405
114,0.5416404604911804,0.36020901799201965,-0.08783448487520218,0.9981763958930969,0.5374118685722351,0.35302236676216125,-0.10228373855352402,0.9977549910545349,0.5380536913871765,0.3519851267337799,-0.10230986773967743,0.9978504180908203,0.5388196706771851,0.3507475256919861,-0.1023295521736145,0.9985625147819519,0.5364965200424194,0.35343068838119507,-0.0779818445444107,0.9966626167297363,0.536435604095459,0.35280224680900574,-0.07797406613826752,0.9960016012191772,0.5364474654197693,0.35201555490493774,-0.0780210867524147,0.9965868592262268,0.5459171533584595,0.3401462435722351,-0.1403043121099472,0.9990398287773132,0.5436755418777466,0.3415491282939911,-0.028558548539876938,0.9941996335983276,0.5491604804992676,0.360495388507843,-0.09955033659934998,0.9992557168006897,0.5485562086105347,0.36133497953414917,-0.06704563647508621,0.9971504807472229,0.5843473076820374,0.33052101731300354,-0.1846172958612442,0.9999974966049194,0.5679866075515747,0.3432757556438446,0.04495798423886299,0.999443531036377,0.6287976503372192,0.36223024129867554,-0.24020211398601532,0.9981169104576111,0.578141987323761,0.4028701186180115,0.09191970527172089,0.17021062970161438,0.6293126940727234,0.42683735489845276,-0.26933664083480835,0.992233157157898,0.5610898733139038,0.4665767252445221,0.06852053850889206,0.3473871946334839,0.6333488821983337,0.4422168731689453,-0.29623955488204956,0.9798526167869568,0.5554459095001221,0.4829601049423218,0.07350009679794312,0.2925165891647339,0.6244431734085083,0.4433286786079407,-0.2909853160381317,0.9780722856521606,0.5528042912483215,0.48115599155426025,0.04717108979821205,0.30631837248802185,0.6224097013473511,0.43905967473983765,-0.26712602376937866,0.9547221660614014,0.5561785101890564,0.477883517742157,0.0561276450753212,0.3264542520046234,0.6281983852386475,0.44793030619621277,-0.06953755766153336,0.9994589686393738,0.6090421080589294,0.44874539971351624,0.06962185353040695,0.9976761937141418,0.6167830228805542,0.5343747735023499,-0.12604396045207977,0.9501104950904846,0.5961612462997437,0.5263742208480835,0.0176840927451849,0.6072184443473816,0.6123908758163452,0.62932950258255,-0.11971092224121094,0.9589555263519287,0.6064151525497437,0.6212493181228638,0.05574116110801697,0.6735918521881104,0.619824230670929,0.6498585343360901,-0.12247896194458008,0.8892688751220703,0.611048698425293,0.6394382119178772,0.05676734447479248,0.7045133113861084,0.5809993743896484,0.641598641872406,-0.18580403923988342,0.9484447240829468,0.5780438184738159,0.636346161365509,0.015833958983421326,0.7738842964172363
115,0.5415881872177124,0.3600735664367676,-0.08603580296039581,0.9982228875160217,0.5373317003250122,0.3527335524559021,-0.1004679948091507,0.9978169202804565,0.5379824638366699,0.3516712486743927,-0.10049843788146973,0.9979077577590942,0.5387552976608276,0.3504062294960022,-0.10052132606506348,0.9986029267311096,0.5364086627960205,0.3531767725944519,-0.07617241144180298,0.9967564344406128,0.5363524556159973,0.35255151987075806,-0.07616279274225235,0.9961017966270447,0.5363682508468628,0.3517625629901886,-0.07620858401060104,0.9966655373573303,0.5459058284759521,0.33985766768455505,-0.1374458223581314,0.9990661144256592,0.5436716079711914,0.3413439691066742,-0.026279281824827194,0.9943408966064453,0.5491278171539307,0.3604283332824707,-0.0973900705575943,0.9992717504501343,0.548509955406189,0.36129453778266907,-0.06503120064735413,0.9971985220909119,0.5843517780303955,0.3302522897720337,-0.18096430599689484,0.9999975562095642,0.5679002404212952,0.343737930059433,0.04836012423038483,0.9994409084320068,0.6287616491317749,0.3619835674762726,-0.23980870842933655,0.9981350898742676,0.5780254602432251,0.40305742621421814,0.0973934754729271,0.16591666638851166,0.62920081615448,0.42681118845939636,-0.2683447301387787,0.9924018383026123,0.5614440441131592,0.46706944704055786,0.07500961422920227,0.34189867973327637,0.6332855224609375,0.44222772121429443,-0.295133113861084,0.980224072933197,0.5553510189056396,0.483036071062088,0.08013837039470673,0.2877902388572693,0.6242905855178833,0.4433234632015228,-0.28992152214050293,0.9784568548202515,0.5523069500923157,0.48118171095848083,0.054073892533779144,0.3013611137866974,0.622341513633728,0.43897369503974915,-0.2661808133125305,0.9553881883621216,0.5559366345405579,0.4779403805732727,0.06270997226238251,0.3217720091342926,0.6280784606933594,0.4479581117630005,-0.06975771486759186,0.9994717240333557,0.6090360879898071,0.44976091384887695,0.0698414221405983,0.9977192878723145,0.6167281270027161,0.5343390703201294,-0.12310471385717392,0.9501104950904846,0.5956273078918457,0.5270172953605652,0.027930904179811478,0.6085587739944458,0.6123896241188049,0.628939688205719,-0.11444393545389175,0.9588961005210876,0.6063968539237976,0.6212475895881653,0.07547186315059662,0.674042284488678,0.6201037764549255,0.6498463749885559,-0.1168595403432846,0.8904687762260437,0.6111745834350586,0.6389485597610474,0.07767768949270248,0.7069367170333862,0.5809813737869263,0.6415287852287292,-0.17771603167057037,0.9484630823135376,0.5779337882995605,0.6363800764083862,0.03938138484954834,0.7747153043746948
116,0.5415865182876587,0.36005014181137085,-0.09415406733751297,0.9982898831367493,0.5373300313949585,0.3527113199234009,-0.10899563878774643,0.9978989362716675,0.5379812717437744,0.351646363735199,-0.10901947319507599,0.9979857802391052,0.5387554168701172,0.3503798544406891,-0.1090388298034668,0.998647153377533,0.5364028215408325,0.3531615436077118,-0.0848756805062294,0.996877908706665,0.5363425016403198,0.3525368571281433,-0.08487189561128616,0.9962605834007263,0.5363532304763794,0.3517470955848694,-0.08491548150777817,0.9967997074127197,0.5459020733833313,0.33985617756843567,-0.14456407725811005,0.999093234539032,0.5436674356460571,0.3413391709327698,-0.034094929695129395,0.9945920705795288,0.5490984916687012,0.3603854179382324,-0.10466297715902328,0.9992998838424683,0.548467755317688,0.36126822233200073,-0.07250350713729858,0.9973086714744568,0.5845270752906799,0.3312314450740814,-0.18108567595481873,0.999997615814209,0.5680145621299744,0.3451782763004303,0.04127664491534233,0.999462366104126,0.6288158297538757,0.36246755719184875,-0.23529596626758575,0.9981154203414917,0.5807331800460815,0.4091148376464844,0.09627735614776611,0.17174363136291504,0.6292127370834351,0.42675843834877014,-0.27039703726768494,0.9924192428588867,0.5614548325538635,0.4714161455631256,0.07115448266267776,0.35678932070732117,0.6333047747612,0.44223812222480774,-0.2984364628791809,0.9802876710891724,0.555099368095398,0.484669953584671,0.07434780895709991,0.3008005917072296,0.6242905855178833,0.4431384205818176,-0.2942468523979187,0.9785596132278442,0.5512914061546326,0.48234498500823975,0.04758426547050476,0.31464940309524536,0.6223722696304321,0.43890509009361267,-0.2688291668891907,0.9556664228439331,0.55488121509552,0.478823184967041,0.05861461162567139,0.33501458168029785,0.6276730895042419,0.4488373100757599,-0.06976653635501862,0.9994842410087585,0.6090267300605774,0.45116862654685974,0.06984756141901016,0.9977596402168274,0.6148711442947388,0.5354060530662537,-0.09633836895227432,0.9501569867134094,0.5956162214279175,0.5290820598602295,0.06017237901687622,0.6045482754707336,0.6123831868171692,0.6290572881698608,-0.06552597135305405,0.9583149552345276,0.6065529584884644,0.6212812066078186,0.12072406709194183,0.6681205630302429,0.6201626062393188,0.6498602628707886,-0.06577955931425095,0.8898586630821228,0.6113163232803345,0.6385975480079651,0.12445731461048126,0.7042242884635925,0.5809722542762756,0.6417814493179321,-0.1254374086856842,0.9473282694816589,0.5779320597648621,0.6367189288139343,0.08872702717781067,0.7695902585983276
117,0.5414502024650574,0.35997623205184937,-0.09469707310199738,0.9983326196670532,0.537217378616333,0.3526623845100403,-0.10948456823825836,0.9979498386383057,0.5378856658935547,0.3515945374965668,-0.10950879752635956,0.9980347156524658,0.5386722683906555,0.3503285348415375,-0.10952787101268768,0.998670756816864,0.5362603068351746,0.35312333703041077,-0.08550168573856354,0.996957540512085,0.53619384765625,0.3525005578994751,-0.08549925684928894,0.9963752031326294,0.5362024307250977,0.351710706949234,-0.08554404228925705,0.9968956112861633,0.5457912683486938,0.3398570716381073,-0.1448991596698761,0.9991025924682617,0.5435773730278015,0.34133654832839966,-0.03504960611462593,0.9947905540466309,0.5488195419311523,0.36028823256492615,-0.10517074167728424,0.9993158578872681,0.5481762290000916,0.3611793518066406,-0.07318420708179474,0.9973782300949097,0.5845651626586914,0.3322177231311798,-0.1805325299501419,0.999997615814209,0.5680533647537231,0.3459826707839966,0.03932080417871475,0.9994781613349915,0.6288169622421265,0.362684041261673,-0.23360887169837952,0.9980249404907227,0.5818200707435608,0.4114607274532318,0.09610958397388458,0.17695315182209015,0.6292509436607361,0.4267598092556,-0.27396756410598755,0.9922295212745667,0.5614885091781616,0.47343170642852783,0.07086972892284393,0.36969614028930664,0.6333600282669067,0.4423083961009979,-0.30247801542282104,0.9799467325210571,0.5550333261489868,0.4859916865825653,0.0736478716135025,0.31229761242866516,0.6242779493331909,0.4430861175060272,-0.29881542921066284,0.9782396554946899,0.5508988499641418,0.48351049423217773,0.046945661306381226,0.3264611065387726,0.6223956346511841,0.43890348076820374,-0.2728860080242157,0.9552013874053955,0.5545210242271423,0.4796384871006012,0.058334894478321075,0.34678101539611816,0.6276055574417114,0.44981691241264343,-0.06978653371334076,0.9994947910308838,0.608867347240448,0.4519418179988861,0.06986409425735474,0.9978020787239075,0.6142293214797974,0.5357145071029663,-0.09241681545972824,0.9495945572853088,0.5945209860801697,0.5297679901123047,0.061592359095811844,0.6002243161201477,0.6123771667480469,0.6291036605834961,-0.06001705676317215,0.9571323394775391,0.606465220451355,0.6212772130966187,0.12265008687973022,0.6596982479095459,0.6202260255813599,0.6498607397079468,-0.060061000287532806,0.8878950476646423,0.6113066077232361,0.6382620930671692,0.1264970898628235,0.6993902921676636,0.5809632539749146,0.6420310139656067,-0.11969081312417984,0.9456647634506226,0.577914834022522,0.63673335313797,0.09134723246097565,0.7627588510513306
118,0.5411640405654907,0.35993659496307373,-0.09446987509727478,0.9984036684036255,0.5370184779167175,0.35263606905937195,-0.10921148210763931,0.9980368614196777,0.5377165675163269,0.3515669107437134,-0.10923471301794052,0.9981184601783752,0.5385246276855469,0.3503021001815796,-0.10925315320491791,0.9987233877182007,0.5360128879547119,0.3531045615673065,-0.08530624210834503,0.9970865249633789,0.5359474420547485,0.3524830639362335,-0.08530381321907043,0.9965377449989319,0.5359644293785095,0.3516923487186432,-0.0853479653596878,0.9970294833183289,0.5456730127334595,0.33985620737075806,-0.14467313885688782,0.9991341233253479,0.5434874296188354,0.3413284122943878,-0.03502349182963371,0.9950417280197144,0.5484354496002197,0.3602590262889862,-0.10499898344278336,0.9993454813957214,0.547745406627655,0.36114856600761414,-0.07309692353010178,0.9974833726882935,0.5846407413482666,0.33256322145462036,-0.17990794777870178,0.9999976754188538,0.5680578351020813,0.3467954695224762,0.039373546838760376,0.9994919896125793,0.6289625763893127,0.36287063360214233,-0.2305256873369217,0.9980357885360718,0.5814725756645203,0.4119128882884979,0.09542369842529297,0.1810726821422577,0.629289984703064,0.42683348059654236,-0.2724352478981018,0.9923823475837708,0.5614861845970154,0.4743364155292511,0.07207055389881134,0.3806956112384796,0.6333615779876709,0.44253820180892944,-0.3005466163158417,0.9802992343902588,0.5549063086509705,0.48642292618751526,0.07570840418338776,0.3219858705997467,0.6242262721061707,0.44311627745628357,-0.296479195356369,0.9786538481712341,0.55074542760849,0.48425573110580444,0.04930173605680466,0.33631631731987,0.6224120855331421,0.438963919878006,-0.27103888988494873,0.9560704231262207,0.5543924570083618,0.48037466406822205,0.05974382907152176,0.35649263858795166,0.6275707483291626,0.4499286115169525,-0.06978465616703033,0.9995124936103821,0.6083179712295532,0.45186904072761536,0.06986118853092194,0.9978550672531128,0.6137018799781799,0.5358024835586548,-0.0932045578956604,0.9493291974067688,0.5923879742622375,0.5297834277153015,0.065387062728405,0.5952582359313965,0.6122466325759888,0.6291075348854065,-0.06229574233293533,0.9561898112297058,0.6056908369064331,0.6200032830238342,0.13117238879203796,0.6492323875427246,0.6202418208122253,0.6498584151268005,-0.06235986202955246,0.8867632746696472,0.6104928851127625,0.6364157199859619,0.13559916615486145,0.6930254697799683,0.5809577107429504,0.6424515247344971,-0.12138837575912476,0.9443197250366211,0.5777521133422852,0.6364927887916565,0.10288764536380768,0.7539731860160828
119,0.5402166843414307,0.35990577936172485,-0.09675747901201248,0.9984737038612366,0.5360808372497559,0.3526046574115753,-0.1110725849866867,0.9981204867362976,0.5368623733520508,0.3515300452709198,-0.11109548807144165,0.9981986284255981,0.5377212762832642,0.350263386964798,-0.11111478507518768,0.9987726211547852,0.5349699258804321,0.353085458278656,-0.08719679713249207,0.9972107410430908,0.5349220037460327,0.35246574878692627,-0.08719746768474579,0.9966984391212463,0.5349816083908081,0.35167306661605835,-0.08724112808704376,0.9971649646759033,0.5451227426528931,0.3398536741733551,-0.14593300223350525,0.9991639256477356,0.5430055856704712,0.34129756689071655,-0.03657630831003189,0.9952881336212158,0.5476430654525757,0.3602566719055176,-0.10720416158437729,0.9993755221366882,0.5468348860740662,0.36114490032196045,-0.0753808245062828,0.9976022243499756,0.5848428010940552,0.3331316411495209,-0.17998233437538147,0.9999977350234985,0.5680541396141052,0.3472056984901428,0.03783344477415085,0.9995145201683044,0.6290711164474487,0.36435237526893616,-0.22986164689064026,0.9980496168136597,0.5811631083488464,0.4136895537376404,0.09500350058078766,0.18671299517154694,0.6292978525161743,0.4274426996707916,-0.27160409092903137,0.9925161600112915,0.5614956617355347,0.47563499212265015,0.07111891359090805,0.3944547176361084,0.6332674622535706,0.44336143136024475,-0.2995721399784088,0.9806090593338013,0.5548271536827087,0.48746445775032043,0.07406081259250641,0.3343220353126526,0.6240710616111755,0.4436693787574768,-0.29561975598335266,0.9790212512016296,0.5506852269172668,0.48523372411727905,0.047345373779535294,0.34889939427375793,0.6224085688591003,0.4395214915275574,-0.27013784646987915,0.9568753242492676,0.5543814897537231,0.48178207874298096,0.05866502970457077,0.36903735995292664,0.627692461013794,0.44966837763786316,-0.06976844370365143,0.9995160698890686,0.6081035137176514,0.45131218433380127,0.06984522938728333,0.9978996515274048,0.6133860945701599,0.5355802774429321,-0.09731952846050262,0.9470387101173401,0.5925489068031311,0.529719889163971,0.05097268894314766,0.5890212655067444,0.6111864447593689,0.6291148662567139,-0.06876056641340256,0.95353764295578,0.6053720712661743,0.620324969291687,0.1088271364569664,0.6408632397651672,0.6198246479034424,0.6499171853065491,-0.06919585168361664,0.8828485608100891,0.6104535460472107,0.6370593905448914,0.11262734979391098,0.6880477666854858,0.5809294581413269,0.6425517797470093,-0.1290595978498459,0.9410337805747986,0.5777495503425598,0.6366187334060669,0.0756467878818512,0.7468251585960388
120,0.5395159125328064,0.3598233759403229,-0.09336898475885391,0.9985598921775818,0.5352286100387573,0.35249385237693787,-0.10744519531726837,0.9982243180274963,0.5360267162322998,0.3514048755168915,-0.10746713727712631,0.9982978105545044,0.5368860363960266,0.350123792886734,-0.10748201608657837,0.9988377094268799,0.5341360569000244,0.3529824912548065,-0.08360876888036728,0.9973663091659546,0.5341119766235352,0.3523606061935425,-0.0836101844906807,0.9968915581703186,0.534201979637146,0.351558655500412,-0.08365333080291748,0.9973291754722595,0.5443243980407715,0.33979490399360657,-0.14228466153144836,0.9992034435272217,0.5423388481140137,0.3411870002746582,-0.033301662653684616,0.9955739974975586,0.5470263361930847,0.3601923882961273,-0.10403843969106674,0.9994102120399475,0.5462645292282104,0.3610691428184509,-0.0722922757267952,0.9977359771728516,0.5847164392471313,0.3331523537635803,-0.17797553539276123,0.9999977946281433,0.5680269002914429,0.34828081727027893,0.040362872183322906,0.9995363354682922,0.6286579966545105,0.3643650412559509,-0.2288765013217926,0.9980547428131104,0.5811887383460999,0.41578713059425354,0.09517267346382141,0.19422370195388794,0.6293216943740845,0.42775577306747437,-0.27232852578163147,0.9926782846450806,0.5609705448150635,0.4775145947933197,0.07063788175582886,0.4096987843513489,0.6331605315208435,0.44367632269859314,-0.30042222142219543,0.981019914150238,0.5544649362564087,0.48908230662345886,0.07393109798431396,0.34760603308677673,0.6240130662918091,0.4440045654773712,-0.29682162404060364,0.9795013666152954,0.5505751371383667,0.4869030714035034,0.04742245003581047,0.36242833733558655,0.622413694858551,0.43982288241386414,-0.2711288332939148,0.9578672051429749,0.554226815700531,0.48359763622283936,0.0582418255507946,0.3821403682231903,0.6278015375137329,0.4494989514350891,-0.06983478367328644,0.9995282888412476,0.6080501675605774,0.45087766647338867,0.069908507168293,0.9979639053344727,0.6128236651420593,0.5355716347694397,-0.1033252701163292,0.9460517764091492,0.5901009440422058,0.5292605757713318,0.04184867441654205,0.5873755812644958,0.61076819896698,0.6291662454605103,-0.07759487628936768,0.9523818492889404,0.6047259569168091,0.6194627285003662,0.09351003915071487,0.6337261199951172,0.6197504997253418,0.6499504446983337,-0.07802573591470718,0.8818234205245972,0.6076955795288086,0.6289605498313904,0.09656853973865509,0.6844596862792969,0.5809246301651001,0.6430116295814514,-0.1364143043756485,0.9396286010742188,0.5771453976631165,0.6364710330963135,0.06236184760928154,0.7406383156776428
121,0.5391547083854675,0.3597490191459656,-0.08754884451627731,0.9986167550086975,0.5347694754600525,0.35241368412971497,-0.10162261873483658,0.9982903003692627,0.5355471968650818,0.35131406784057617,-0.10164584219455719,0.9983612895011902,0.5363875031471252,0.350019246339798,-0.10166077315807343,0.9988800287246704,0.5337267518043518,0.3528843820095062,-0.07748118042945862,0.9974654912948608,0.5337186455726624,0.3522462546825409,-0.07747896760702133,0.997016966342926,0.5338264107704163,0.3514224886894226,-0.07752375304698944,0.9974390268325806,0.5437650680541992,0.3396467864513397,-0.1373603343963623,0.9992273449897766,0.5419009327888489,0.3409051299095154,-0.027190614491701126,0.9957590699195862,0.5467439293861389,0.3601248562335968,-0.09867293387651443,0.9994329810142517,0.5460482835769653,0.36097362637519836,-0.06657645851373672,0.997826337814331,0.5841197967529297,0.33310139179229736,-0.17562934756278992,0.9999978542327881,0.5675753355026245,0.3479362726211548,0.04545463249087334,0.9995507597923279,0.6275219321250916,0.3643479645252228,-0.22727510333061218,0.9980328679084778,0.5797781348228455,0.4151112735271454,0.09567265212535858,0.1953287422657013,0.6292935013771057,0.4279913604259491,-0.2675913870334625,0.9926819801330566,0.5606555938720703,0.4776901304721832,0.0704565942287445,0.4130899906158447,0.6329843997955322,0.443824827671051,-0.29508471488952637,0.9810591340065002,0.5543727874755859,0.4892934262752533,0.0734405666589737,0.350184828042984,0.6238805055618286,0.4442978799343109,-0.29181820154190063,0.9795741438865662,0.5505599975585938,0.4873155355453491,0.047236476093530655,0.36515167355537415,0.6223829984664917,0.44007691740989685,-0.26650282740592957,0.9580426812171936,0.5542117953300476,0.4840802550315857,0.0580468587577343,0.384740948677063,0.62779700756073,0.4481942355632782,-0.06995658576488495,0.9995351433753967,0.6079838871955872,0.4496448338031769,0.07003100216388702,0.9980019927024841,0.6119857430458069,0.5349317193031311,-0.1199122816324234,0.9446327090263367,0.5898358225822449,0.5279592871665955,0.02547178789973259,0.5861693620681763,0.6105520725250244,0.6291628479957581,-0.1040303111076355,0.951834499835968,0.6047230958938599,0.6187552213668823,0.06779660284519196,0.6295291781425476,0.6195641756057739,0.6497077941894531,-0.10567650943994522,0.8807044625282288,0.6079341173171997,0.6270964741706848,0.06953157484531403,0.6818796396255493,0.5807117819786072,0.643487274646759,-0.16876477003097534,0.9394352436065674,0.5771868228912354,0.6364626288414001,0.03065434657037258,0.7378822565078735
122,0.5387458205223083,0.35953009128570557,-0.08834239840507507,0.9986763596534729,0.5341166257858276,0.3521363437175751,-0.10259169340133667,0.998360276222229,0.5348848104476929,0.3510061204433441,-0.10261525958776474,0.998430073261261,0.5357135534286499,0.3496682047843933,-0.10263271629810333,0.9989249110221863,0.5331313610076904,0.35259801149368286,-0.07855354249477386,0.9975625276565552,0.5331493020057678,0.3519382178783417,-0.07855134457349777,0.9971390962600708,0.5332788825035095,0.3510787785053253,-0.07859724014997482,0.9975412487983704,0.5431418418884277,0.33916589617729187,-0.13836899399757385,0.9992575645446777,0.5413704514503479,0.34031593799591064,-0.02847711369395256,0.9959408640861511,0.5465435981750488,0.35987550020217896,-0.09941577911376953,0.9994586110115051,0.5458858609199524,0.3607009947299957,-0.06743616610765457,0.9979198575019836,0.5839843153953552,0.33277463912963867,-0.1757984459400177,0.9999979138374329,0.5674902200698853,0.34756898880004883,0.04521717131137848,0.9995620846748352,0.627468466758728,0.36442649364471436,-0.22745808959007263,0.9980871677398682,0.5796850919723511,0.41472944617271423,0.09704366326332092,0.19659705460071564,0.629278838634491,0.42834314703941345,-0.2670041024684906,0.9929968118667603,0.560828447341919,0.47737783193588257,0.07091722637414932,0.41993433237075806,0.6327857375144958,0.4443272054195404,-0.29471927881240845,0.9818010926246643,0.5543204545974731,0.4892693758010864,0.07427234202623367,0.35614490509033203,0.6237648129463196,0.44496405124664307,-0.2915533185005188,0.9803940653800964,0.5503931641578674,0.48726385831832886,0.0479607954621315,0.3713304102420807,0.6223317384719849,0.4406639039516449,-0.2658967971801758,0.9596593379974365,0.5540181398391724,0.48391151428222656,0.05847902223467827,0.3908059298992157,0.6279402375221252,0.4474188983440399,-0.07003243267536163,0.9995359778404236,0.607994794845581,0.4488323926925659,0.07010717689990997,0.9980279207229614,0.6116513609886169,0.534961462020874,-0.11609765142202377,0.9430118799209595,0.5901584625244141,0.5279096364974976,0.020818347111344337,0.5872544646263123,0.6105232834815979,0.6292808055877686,-0.09355615079402924,0.9506922960281372,0.6047345399856567,0.6193343997001648,0.0668000727891922,0.6282255053520203,0.6195976734161377,0.6495240926742554,-0.0938292071223259,0.8787661194801331,0.6088194251060486,0.6322227716445923,0.06888739764690399,0.6812046766281128,0.5808730125427246,0.6440077424049377,-0.15740935504436493,0.9382474422454834,0.5772538781166077,0.6365655064582825,0.028092464432120323,0.7360711693763733
123,0.5387136340141296,0.3594530522823334,-0.08862314373254776,0.9987239837646484,0.5339471101760864,0.35203924775123596,-0.10299469530582428,0.998421311378479,0.5346788763999939,0.35088613629341125,-0.10301738977432251,0.9984889030456543,0.5354667901992798,0.3495149314403534,-0.10303417593240738,0.9989633560180664,0.5330124497413635,0.3525109589099884,-0.07880038768053055,0.9976484775543213,0.5330348610877991,0.3518381416797638,-0.07879705727100372,0.9972478747367859,0.5331659913063049,0.3509475290775299,-0.07884231954813004,0.9976351261138916,0.5427564382553101,0.3388633131980896,-0.1390378773212433,0.9992856979370117,0.5410815477371216,0.339897096157074,-0.028791258111596107,0.9961240887641907,0.5464865565299988,0.35967928171157837,-0.09981665015220642,0.9994798898696899,0.5458492040634155,0.36047032475471497,-0.06766042858362198,0.9980025887489319,0.5834965705871582,0.3325757086277008,-0.17814454436302185,0.9999979734420776,0.5674911737442017,0.3460025489330292,0.04709704965353012,0.9995666146278381,0.627454400062561,0.3643896281719208,-0.22973068058490753,0.9981043934822083,0.5797051787376404,0.41363391280174255,0.09959844499826431,0.1950381100177765,0.6292552351951599,0.42877015471458435,-0.27007704973220825,0.9931502342224121,0.560980498790741,0.4772740304470062,0.07565946877002716,0.4179333746433258,0.6326450109481812,0.4449111521244049,-0.2986866533756256,0.9821513891220093,0.5542733073234558,0.4891798794269562,0.08025722950696945,0.3543926775455475,0.6234093904495239,0.4455549120903015,-0.2945762276649475,0.9807810187339783,0.5503076910972595,0.48715418577194214,0.05382763594388962,0.3695293962955475,0.6221476793289185,0.4412406086921692,-0.268658846616745,0.9603984951972961,0.5539160966873169,0.48385030031204224,0.06326861679553986,0.3891769051551819,0.6279001235961914,0.4474615454673767,-0.07135561108589172,0.9995349049568176,0.6081364154815674,0.44876500964164734,0.07141759246587753,0.998026430606842,0.6107519865036011,0.5356209874153137,-0.1026502475142479,0.9418492913246155,0.5903065800666809,0.5272578001022339,0.03771347180008888,0.5865309238433838,0.6103584170341492,0.6300628781318665,-0.06267358362674713,0.9496316909790039,0.6045557260513306,0.6191566586494446,0.09473348408937454,0.6225049495697021,0.6196184754371643,0.6496492624282837,-0.06186111643910408,0.8760921359062195,0.6088504195213318,0.6287952065467834,0.0981331542134285,0.6770027279853821,0.5807693004608154,0.6452210545539856,-0.12173143774271011,0.9369888305664062,0.5773476958274841,0.6365100145339966,0.06119748204946518,0.7304931879043579
124,0.5381768941879272,0.3587336540222168,-0.08302878588438034,0.9987991452217102,0.533390462398529,0.3513892889022827,-0.09726031124591827,0.9985154867172241,0.5341054201126099,0.3502133786678314,-0.09728015959262848,0.9985812902450562,0.5348697304725647,0.34880778193473816,-0.0972934141755104,0.9990257024765015,0.5325424671173096,0.3518631160259247,-0.07301340252161026,0.9977836608886719,0.5326031446456909,0.35118576884269714,-0.07300735265016556,0.9974111914634705,0.5327702760696411,0.3502677083015442,-0.07304908335208893,0.9977728724479675,0.5420887470245361,0.3380762040615082,-0.13378652930259705,0.9993301630020142,0.5405043363571167,0.33897942304611206,-0.023147108033299446,0.996370792388916,0.5459833741188049,0.35893478989601135,-0.09435873478651047,0.9995114207267761,0.5454097390174866,0.35966867208480835,-0.0621245801448822,0.9981175661087036,0.5828880071640015,0.3323393762111664,-0.17626452445983887,0.9999980926513672,0.5673786401748657,0.3453098237514496,0.05376026779413223,0.9995751976966858,0.6270012855529785,0.36440426111221313,-0.22721874713897705,0.9981572031974792,0.579699695110321,0.4134974181652069,0.10470502078533173,0.19505329430103302,0.6291045546531677,0.4297129511833191,-0.26882052421569824,0.9934364557266235,0.561001181602478,0.4770815670490265,0.07914431393146515,0.419685423374176,0.6323164701461792,0.44579553604125977,-0.2977253198623657,0.9828248023986816,0.5540227890014648,0.489122599363327,0.08374833315610886,0.35561317205429077,0.6228585243225098,0.4466628134250641,-0.293509304523468,0.981521487236023,0.5500794649124146,0.487237811088562,0.057707834988832474,0.3707972466945648,0.6218007206916809,0.4422989785671234,-0.267336905002594,0.9618425965309143,0.5536855459213257,0.48381245136260986,0.0668228268623352,0.39029085636138916,0.6275750994682312,0.4476526975631714,-0.07261144369840622,0.9995489716529846,0.6081354022026062,0.44878530502319336,0.07266002148389816,0.9980700016021729,0.6090931296348572,0.5358582139015198,-0.10381463915109634,0.9425273537635803,0.5904978513717651,0.5269953012466431,0.04094501957297325,0.5887603759765625,0.6102179884910583,0.6301645040512085,-0.07039126753807068,0.9501311182975769,0.6006496548652649,0.6140653491020203,0.09706003218889236,0.6184138655662537,0.6196118593215942,0.6495212912559509,-0.07023309916257858,0.8758990168571472,0.6084988713264465,0.6260115504264832,0.10037611424922943,0.6743600964546204,0.5807203650474548,0.6461069583892822,-0.13058455288410187,0.937512993812561,0.5773902535438538,0.6364192962646484,0.06512173265218735,0.726877748966217
125,0.5369832515716553,0.3579978048801422,-0.08480716496706009,0.9988662004470825,0.5323907136917114,0.3506239354610443,-0.09900321066379547,0.9986028671264648,0.5331138372421265,0.3494330942630768,-0.09902758151292801,0.9986643195152283,0.5338765382766724,0.3480014204978943,-0.09904354065656662,0.9990843534469604,0.531647801399231,0.3510988652706146,-0.07492911070585251,0.997907817363739,0.5317744016647339,0.35041946172714233,-0.07492414116859436,0.9975531101226807,0.5320039987564087,0.349473774433136,-0.07496713846921921,0.997894287109375,0.541237473487854,0.33743131160736084,-0.134211927652359,0.9993715286254883,0.5397663712501526,0.3381858170032501,-0.02490841969847679,0.9965833425521851,0.5448541641235352,0.35835349559783936,-0.09568662196397781,0.999539315700531,0.5443421602249146,0.35904741287231445,-0.06386278569698334,0.9982194900512695,0.5823460221290588,0.3322535455226898,-0.182383731007576,0.9999982118606567,0.5672931671142578,0.342674195766449,0.05298446863889694,0.9995757937431335,0.6270123720169067,0.3647589683532715,-0.23140554130077362,0.9982391595840454,0.579689621925354,0.41152843832969666,0.10252197831869125,0.1912032961845398,0.6291114091873169,0.4315129816532135,-0.26823559403419495,0.9937754273414612,0.5610890984535217,0.4769147038459778,0.07697757333517075,0.4119186997413635,0.6322832107543945,0.447381854057312,-0.29754096269607544,0.9835705757141113,0.5538408160209656,0.4889969527721405,0.08177627623081207,0.34825435280799866,0.6225520968437195,0.4484315812587738,-0.2924143671989441,0.9823281764984131,0.549911618232727,0.48717987537384033,0.05565163493156433,0.363053560256958,0.6217070817947388,0.4442882835865021,-0.26621705293655396,0.9633513689041138,0.5535537004470825,0.4837854206562042,0.06440649181604385,0.3827002942562103,0.6274713277816772,0.44768473505973816,-0.07437041401863098,0.9995591044425964,0.6082950234413147,0.44872695207595825,0.07440830022096634,0.9981037974357605,0.6080988049507141,0.5358473658561707,-0.10391701757907867,0.9425969123840332,0.5905330777168274,0.5268319249153137,0.044122643768787384,0.5892508625984192,0.6101770401000977,0.6302353143692017,-0.06653254479169846,0.9501693844795227,0.6011383533477783,0.6133326292037964,0.10838582366704941,0.6131604909896851,0.6196103096008301,0.6492884755134583,-0.06543706357479095,0.8748106956481934,0.6106971502304077,0.6256946325302124,0.11265665292739868,0.6701148748397827,0.580650806427002,0.6469838619232178,-0.12455972284078598,0.9377157688140869,0.5774878263473511,0.6361939311027527,0.07880239933729172,0.721123218536377
126,0.5366843938827515,0.3574134111404419,-0.08475697040557861,0.9989383816719055,0.5321993231773376,0.34997355937957764,-0.09896789491176605,0.9986913204193115,0.5329357981681824,0.3487474322319031,-0.09898769855499268,0.9987494349479675,0.5337035655975342,0.34728243947029114,-0.0990021675825119,0.9991433024406433,0.5314441919326782,0.3504702150821686,-0.07443664968013763,0.9980367422103882,0.5315815806388855,0.34977275133132935,-0.07443039864301682,0.9977046847343445,0.5318233370780945,0.34879499673843384,-0.07447304576635361,0.998024582862854,0.5410780310630798,0.33662092685699463,-0.13494975864887238,0.9994123578071594,0.5395739674568176,0.3373747766017914,-0.023438869044184685,0.9968078136444092,0.5444144606590271,0.35772326588630676,-0.09593772888183594,0.9995688796043396,0.5439265370368958,0.3584296405315399,-0.0635063648223877,0.9983315467834473,0.5823056697845459,0.33225077390670776,-0.1822129786014557,0.9999983310699463,0.5670427083969116,0.34210988879203796,0.055324357002973557,0.999586820602417,0.6270290017127991,0.36546364426612854,-0.23139135539531708,0.9983051419258118,0.5786348581314087,0.4112667143344879,0.10297925770282745,0.19139838218688965,0.6289995908737183,0.4346652030944824,-0.2652219533920288,0.9940643310546875,0.5601984262466431,0.4769356846809387,0.07596559822559357,0.4105062782764435,0.6313918828964233,0.44979727268218994,-0.2939169704914093,0.9842161536216736,0.5528818368911743,0.489045113325119,0.08057724684476852,0.3459080457687378,0.6216238737106323,0.4503971040248871,-0.2886257469654083,0.9830286502838135,0.549769401550293,0.48725426197052,0.054509878158569336,0.36063486337661743,0.6211103200912476,0.4462019205093384,-0.2630285322666168,0.9646778702735901,0.5534349083900452,0.4838581681251526,0.06347355246543884,0.38051480054855347,0.6273099184036255,0.4484751522541046,-0.07474206387996674,0.9995640516281128,0.6083874106407166,0.44895854592323303,0.07478395104408264,0.9981427192687988,0.6075431108474731,0.536119282245636,-0.11152534186840057,0.9430358409881592,0.5910602807998657,0.5271438956260681,0.031942110508680344,0.595539927482605,0.6098557710647583,0.6306614279747009,-0.06765948235988617,0.950846254825592,0.6000246405601501,0.6139320731163025,0.08879918605089188,0.614638090133667,0.6195699572563171,0.6492068767547607,-0.06846320629119873,0.8748940825462341,0.6103081107139587,0.626421332359314,0.09212596714496613,0.6706995964050293,0.5806270837783813,0.6476236581802368,-0.12826047837734222,0.9387351274490356,0.5774645805358887,0.6363426446914673,0.055666398257017136,0.7216121554374695
127,0.535884439945221,0.3565114438533783,-0.0860537439584732,0.99899822473526,0.5315631031990051,0.3490056097507477,-0.10022662580013275,0.9987644553184509,0.5323088765144348,0.3477196991443634,-0.10023641586303711,0.9988201856613159,0.5330764055252075,0.3461918532848358,-0.10024535655975342,0.9991926550865173,0.5307812690734863,0.34955504536628723,-0.0748719647526741,0.9981442093849182,0.5309229493141174,0.3488325774669647,-0.07485920935869217,0.9978299736976624,0.5311670899391174,0.347798228263855,-0.07489709556102753,0.9981307983398438,0.5405436754226685,0.33547988533973694,-0.13689884543418884,0.999447762966156,0.538918673992157,0.33628544211387634,-0.024413060396909714,0.9969872236251831,0.5435181260108948,0.3566419780254364,-0.09761141240596771,0.9995945692062378,0.5429978966712952,0.3573784828186035,-0.06426240503787994,0.9984322190284729,0.5818198919296265,0.3322470784187317,-0.18558602035045624,0.9999984502792358,0.5667318105697632,0.3415323495864868,0.05529707670211792,0.9995912313461304,0.6269267797470093,0.3658234179019928,-0.23305289447307587,0.9983905553817749,0.5786452889442444,0.41014888882637024,0.10233458131551743,0.18837647140026093,0.6285589337348938,0.4357261061668396,-0.2641993761062622,0.9943928122520447,0.5619898438453674,0.4767448306083679,0.07067371904850006,0.4035540819168091,0.6309095621109009,0.4516844153404236,-0.2933650314807892,0.9849593639373779,0.5542252659797668,0.4890081584453583,0.07475093752145767,0.339404433965683,0.6209028959274292,0.45284149050712585,-0.2877998650074005,0.9838265776634216,0.5512998104095459,0.48727574944496155,0.04797635227441788,0.35390305519104004,0.6207103729248047,0.4483987092971802,-0.26175764203071594,0.9661800265312195,0.5550881624221802,0.4838564693927765,0.05778579041361809,0.37397927045822144,0.6273026466369629,0.44777432084083557,-0.0756327286362648,0.9995631575584412,0.6091970801353455,0.44872984290122986,0.07567974179983139,0.9981508255004883,0.6062659025192261,0.536014199256897,-0.10615824162960052,0.9434760808944702,0.5925578474998474,0.5273886919021606,0.03990643471479416,0.5977088212966919,0.6089679002761841,0.630659282207489,-0.06167392060160637,0.951437771320343,0.6004377603530884,0.614222526550293,0.09592305123806,0.615140438079834,0.6191757917404175,0.6485783457756042,-0.060915350914001465,0.8756454586982727,0.6107763051986694,0.6268788576126099,0.09902413189411163,0.6708675026893616,0.5804458856582642,0.6475085020065308,-0.12089695036411285,0.9395237565040588,0.5775853991508484,0.6363657712936401,0.06140414997935295,0.7211452722549438
128,0.5351165533065796,0.3559809923171997,-0.10237022489309311,0.9989863038063049,0.5310258865356445,0.3482147455215454,-0.11664201319217682,0.9987409710884094,0.53174889087677,0.34691062569618225,-0.11665382236242294,0.9988043904304504,0.5324938893318176,0.34536898136138916,-0.11667525768280029,0.9991832971572876,0.5302848815917969,0.348706990480423,-0.09156785905361176,0.9981032609939575,0.5304455757141113,0.3479132056236267,-0.09155477583408356,0.9977853298187256,0.530700147151947,0.34681081771850586,-0.0915951281785965,0.9980877637863159,0.5401644110679626,0.3346266746520996,-0.15361282229423523,0.999442458152771,0.5385355949401855,0.3353480398654938,-0.04050157219171524,0.9968978762626648,0.5426278114318848,0.3561042547225952,-0.11390487104654312,0.9995932579040527,0.5420798659324646,0.35678964853286743,-0.08084844052791595,0.9984335899353027,0.5812938809394836,0.3319443166255951,-0.19628188014030457,0.9999985098838806,0.5659949779510498,0.3402036726474762,0.04138445109128952,0.9995777010917664,0.6269476413726807,0.36713603138923645,-0.23644907772541046,0.9984666109085083,0.5785583257675171,0.4073909819126129,0.08746066689491272,0.18267881870269775,0.6281143426895142,0.43565312027931213,-0.2594999074935913,0.9946406483650208,0.5644242167472839,0.4747850298881531,0.05310015752911568,0.39042821526527405,0.6302866339683533,0.45187121629714966,-0.288193017244339,0.9854562878608704,0.5574764609336853,0.4875639081001282,0.057059358805418015,0.3283338248729706,0.6204003691673279,0.45363613963127136,-0.28261929750442505,0.9843589067459106,0.554705023765564,0.48718756437301636,0.029681557789444923,0.34228983521461487,0.6202224493026733,0.4492659568786621,-0.2568216621875763,0.967136025428772,0.5579499006271362,0.4829483926296234,0.04010488837957382,0.3626538813114166,0.626278281211853,0.4454043507575989,-0.07508902251720428,0.9995555877685547,0.6091826558113098,0.44604119658470154,0.07513631135225296,0.9981012940406799,0.6052648425102234,0.5353855490684509,-0.09222541004419327,0.9432972073554993,0.5958991646766663,0.5274224281311035,0.052713990211486816,0.5895705819129944,0.608613133430481,0.6306765079498291,-0.051892250776290894,0.9516805410385132,0.6016077995300293,0.617194414138794,0.10711930692195892,0.6119635105133057,0.6187782287597656,0.6484069228172302,-0.051459599286317825,0.876530647277832,0.6113561987876892,0.6328361630439758,0.10993929207324982,0.6668463945388794,0.5803922414779663,0.647408127784729,-0.11079319566488266,0.9395948648452759,0.5776124000549316,0.6362894177436829,0.07172207534313202,0.7181675434112549
129,0.5344943404197693,0.3552422523498535,-0.1032472625374794,0.9990058541297913,0.5304549932479858,0.3471255302429199,-0.1176091656088829,0.9987612366676331,0.5311532020568848,0.3457449972629547,-0.11762609332799911,0.9988290071487427,0.5318800210952759,0.34409675002098083,-0.11765004694461823,0.9991994500160217,0.5296833515167236,0.3476683795452118,-0.09262681752443314,0.9981334209442139,0.5298165082931519,0.3468380868434906,-0.09261418133974075,0.9978236556053162,0.5300442576408386,0.3456886112689972,-0.0926557406783104,0.9981133341789246,0.5395514965057373,0.3330901265144348,-0.15492397546768188,0.9994531273841858,0.5379022359848022,0.33404847979545593,-0.04193226620554924,0.9969429969787598,0.5419877171516418,0.3552974462509155,-0.11492697894573212,0.9996020793914795,0.5413359999656677,0.3559940755367279,-0.08195669949054718,0.9984738826751709,0.5810760855674744,0.33177459239959717,-0.19734618067741394,0.9999985694885254,0.5660166144371033,0.3403603136539459,0.03981301188468933,0.999571681022644,0.6267854571342468,0.3691104054450989,-0.23575802147388458,0.9985354542732239,0.5810912251472473,0.4075150191783905,0.08497731387615204,0.179595947265625,0.6277003288269043,0.4361065626144409,-0.2569972574710846,0.994897186756134,0.5687025189399719,0.4742489159107208,0.046114180237054825,0.3845919370651245,0.6297881603240967,0.45308467745780945,-0.2862342298030853,0.9860419034957886,0.5621708631515503,0.4877246022224426,0.04912103712558746,0.32368406653404236,0.6195879578590393,0.45523926615715027,-0.28162384033203125,0.9850016236305237,0.5589253306388855,0.48752686381340027,0.02163553424179554,0.337358295917511,0.6190052032470703,0.45100292563438416,-0.2547109127044678,0.968363344669342,0.5624486207962036,0.4831112027168274,0.0330267995595932,0.3577636480331421,0.6254764795303345,0.44500693678855896,-0.07490844279527664,0.9995642304420471,0.6090644001960754,0.4462445378303528,0.07496138662099838,0.9981226921081543,0.6043686866760254,0.5352218151092529,-0.08586400747299194,0.9439306855201721,0.5971364378929138,0.5274389982223511,0.06853299587965012,0.5828405618667603,0.6078888177871704,0.6306727528572083,-0.04312710464000702,0.9525274038314819,0.6018854975700378,0.6181358695030212,0.12899453938007355,0.6101434230804443,0.6181078553199768,0.6480293869972229,-0.04220077767968178,0.8805142641067505,0.6117066740989685,0.6348317861557007,0.13253630697727203,0.6664403676986694,0.5803415179252625,0.647377610206604,-0.09745915234088898,0.9403150677680969,0.5777171850204468,0.6362587213516235,0.09879669547080994,0.7149609327316284
130,0.5334712862968445,0.3539227247238159,-0.10492759943008423,0.9989573359489441,0.5294579267501831,0.3455214500427246,-0.11882206052541733,0.9987068176269531,0.5301862955093384,0.34412097930908203,-0.11884260177612305,0.9987902045249939,0.5309466123580933,0.34245580434799194,-0.11887232214212418,0.9991778135299683,0.5285539031028748,0.34604397416114807,-0.09397964924573898,0.9980341792106628,0.5286123156547546,0.34517985582351685,-0.09396348148584366,0.9976955652236938,0.528779923915863,0.3440275192260742,-0.09400484710931778,0.9979828000068665,0.5385740995407104,0.3315920829772949,-0.15542684495449066,0.9994374513626099,0.5367661714553833,0.33254390954971313,-0.04305819422006607,0.9966785311698914,0.5408493280410767,0.35408109426498413,-0.11648211628198624,0.9995842576026917,0.5401124954223633,0.3548445701599121,-0.08372984826564789,0.9983960390090942,0.5806156396865845,0.33137351274490356,-0.1981910765171051,0.9999985694885254,0.5649730563163757,0.33596518635749817,0.036221012473106384,0.9995139837265015,0.6265923380851746,0.36948204040527344,-0.23645849525928497,0.9985969066619873,0.5809705853462219,0.40421801805496216,0.07958239316940308,0.16900958120822906,0.6267958283424377,0.43615368008613586,-0.251161128282547,0.9950715899467468,0.5695216059684753,0.47336483001708984,0.0415850505232811,0.3626089096069336,0.629488468170166,0.4530816674232483,-0.2794084846973419,0.9863594770431519,0.5650323629379272,0.48849284648895264,0.043951354920864105,0.3059464693069458,0.6194193959236145,0.4551331102848053,-0.2744829058647156,0.9853452444076538,0.5616828203201294,0.49172595143318176,0.01657676137983799,0.3187447786331177,0.6185611486434937,0.45112162828445435,-0.2484372854232788,0.9690136909484863,0.5648730397224426,0.48502540588378906,0.028514530509710312,0.3388286530971527,0.6235730051994324,0.4417310059070587,-0.07340294122695923,0.9995682239532471,0.6084635257720947,0.4436110556125641,0.07346557080745697,0.9980916976928711,0.6030100584030151,0.5309494137763977,-0.09538967162370682,0.9431668519973755,0.5970239043235779,0.5272051692008972,0.04864867776632309,0.5720799565315247,0.6071574091911316,0.6301952004432678,-0.07300028949975967,0.9524189233779907,0.6021367311477661,0.6181312203407288,0.09849061071872711,0.6038684248924255,0.6173709630966187,0.6472089290618896,-0.07421839237213135,0.8811584115028381,0.6121518611907959,0.6350300312042236,0.10079358518123627,0.6598079204559326,0.5802133679389954,0.6473614573478699,-0.13503876328468323,0.9401108622550964,0.5781347751617432,0.6360007524490356,0.061047814786434174,0.7099466919898987
131,0.5322588682174683,0.35246267914772034,-0.11614128202199936,0.99880051612854,0.5281396508216858,0.34359806776046753,-0.13043801486492157,0.998550295829773,0.5289000272750854,0.3421415388584137,-0.13045820593833923,0.9986815452575684,0.5297094583511353,0.3404293954372406,-0.13049520552158356,0.9990924000740051,0.5273049473762512,0.344187468290329,-0.10517790168523788,0.9977818131446838,0.5274149179458618,0.34331709146499634,-0.10515762865543365,0.9974263906478882,0.5276361703872681,0.3421717584133148,-0.1051950454711914,0.9976963996887207,0.5375687479972839,0.3297518193721771,-0.16675415635108948,0.9994003772735596,0.535878598690033,0.3305797278881073,-0.052249353379011154,0.996242880821228,0.5401621460914612,0.35261160135269165,-0.12730732560157776,0.9995322823524475,0.5394152402877808,0.35347220301628113,-0.09398041665554047,0.9982326030731201,0.5802774429321289,0.3311527967453003,-0.20774801075458527,0.9999985694885254,0.564755380153656,0.3353850245475769,0.028508007526397705,0.9994415640830994,0.6262361407279968,0.3712274134159088,-0.24434784054756165,0.9986341595649719,0.5842641592025757,0.39908769726753235,0.06960274279117584,0.15802878141403198,0.6268461346626282,0.43727290630340576,-0.25277474522590637,0.995032548904419,0.582126259803772,0.46516868472099304,0.022486809641122818,0.3375931978225708,0.6294522285461426,0.45515215396881104,-0.281582772731781,0.9860958456993103,0.5810882449150085,0.4819718897342682,0.022622399032115936,0.28581705689430237,0.6195461750030518,0.4566759765148163,-0.2760072648525238,0.9850573539733887,0.57769775390625,0.486846923828125,-0.004139238502830267,0.29767417907714844,0.6186147332191467,0.4529639780521393,-0.2496904879808426,0.9683799147605896,0.5785489082336426,0.47487813234329224,0.00963317696005106,0.31691673398017883,0.6224339604377747,0.4414474368095398,-0.0733170285820961,0.9995710253715515,0.6084575653076172,0.4424111545085907,0.0733807161450386,0.9980499744415283,0.6000249981880188,0.5286392569541931,-0.09275032579898834,0.9441455006599426,0.5967608690261841,0.5255768299102783,0.053045909851789474,0.5645774006843567,0.6066388487815857,0.6295436024665833,-0.057152293622493744,0.9536978602409363,0.6031070351600647,0.6117061376571655,0.111270472407341,0.6034734845161438,0.6164501905441284,0.6467403173446655,-0.05727546289563179,0.8839331865310669,0.6135309338569641,0.6266601085662842,0.1143224686384201,0.6575949192047119,0.5793805122375488,0.6467312574386597,-0.11947554349899292,0.9412577748298645,0.5782421827316284,0.6333160400390625,0.07330500334501266,0.7100381255149841
132,0.5317308902740479,0.35050201416015625,-0.12084529548883438,0.9985376000404358,0.5277188420295715,0.34158751368522644,-0.13575705885887146,0.9982538819313049,0.528495192527771,0.34015896916389465,-0.13577499985694885,0.9984479546546936,0.5293106436729431,0.33850982785224915,-0.13581208884716034,0.9989070892333984,0.5268942713737488,0.34212061762809753,-0.11044919490814209,0.9974122643470764,0.5270256400108337,0.3412117063999176,-0.11043164879083633,0.9970420598983765,0.5272696614265442,0.34001725912094116,-0.11047925800085068,0.9973216652870178,0.5373188257217407,0.32788416743278503,-0.17440007627010345,0.9992949962615967,0.5357550382614136,0.32830509543418884,-0.0595100112259388,0.9957278966903687,0.5397199988365173,0.35084301233291626,-0.13282376527786255,0.9994280338287354,0.5390825867652893,0.35174882411956787,-0.09938418120145798,0.9979807734489441,0.5802792310714722,0.3311426341533661,-0.21368901431560516,0.9999983310699463,0.5647826790809631,0.3334668278694153,0.016405515372753143,0.9993774890899658,0.6258851289749146,0.3724961578845978,-0.25001487135887146,0.9984904527664185,0.5858084559440613,0.39691510796546936,0.049950771033763885,0.14827121794223785,0.6255688667297363,0.4380204975605011,-0.2530674338340759,0.993769109249115,0.5878692269325256,0.4663723111152649,0.004667787812650204,0.31253018975257874,0.6285377740859985,0.4565322697162628,-0.2816050052642822,0.9830664396286011,0.58732008934021,0.48244017362594604,0.004248111508786678,0.26526451110839844,0.6173519492149353,0.4583340883255005,-0.27571985125541687,0.9818071126937866,0.5852376222610474,0.4885820150375366,-0.02158283069729805,0.2761637270450592,0.6170539855957031,0.453995019197464,-0.24992021918296814,0.962359607219696,0.5868350267410278,0.47742730379104614,-0.007758112158626318,0.29462602734565735,0.6214643120765686,0.4412769675254822,-0.07278658449649811,0.9995723962783813,0.6089479327201843,0.44173702597618103,0.07284142076969147,0.9980058073997498,0.5966519713401794,0.5277493000030518,-0.09308968484401703,0.9460223913192749,0.5970810651779175,0.5254179835319519,0.07203127443790436,0.55616694688797,0.6055641174316406,0.6294078826904297,-0.05777018144726753,0.9555224776268005,0.6037245988845825,0.6087279915809631,0.138780876994133,0.6011000871658325,0.6152424812316895,0.6467678546905518,-0.05798260495066643,0.8865221738815308,0.6140536069869995,0.6232885122299194,0.14253564178943634,0.6522455215454102,0.5775971412658691,0.6460062861442566,-0.11983747780323029,0.9428985714912415,0.5782413482666016,0.6313723921775818,0.1049044281244278,0.7083396911621094
133,0.530823826789856,0.34846362471580505,-0.1335649937391281,0.9985632300376892,0.5269149541854858,0.33976665139198303,-0.1481044441461563,0.9982806444168091,0.5277324914932251,0.3383118510246277,-0.14811614155769348,0.9984813332557678,0.5286024808883667,0.33665162324905396,-0.14815020561218262,0.9989253282546997,0.5260328054428101,0.34034639596939087,-0.12289164215326309,0.9974581599235535,0.5261452198028564,0.3394315838813782,-0.12287982553243637,0.9970959424972534,0.5263794660568237,0.338219553232193,-0.12293050438165665,0.997351348400116,0.5368601679801941,0.3258633017539978,-0.18346048891544342,0.9993062615394592,0.5352328419685364,0.32622846961021423,-0.06931255757808685,0.9957888126373291,0.539023220539093,0.348764568567276,-0.1442796140909195,0.9994382858276367,0.5383874177932739,0.3498893976211548,-0.11104116588830948,0.9980321526527405,0.5802978277206421,0.3308693468570709,-0.21838292479515076,0.9999982714653015,0.5633507370948792,0.33094167709350586,0.00841231644153595,0.9993707537651062,0.6246402263641357,0.37443774938583374,-0.25370147824287415,0.9984303712844849,0.5833812952041626,0.3974358141422272,0.04229283705353737,0.1444864422082901,0.6234727501869202,0.4389059245586395,-0.25350138545036316,0.9931114315986633,0.5826411843299866,0.4675047695636749,-0.00258110323920846,0.2972038984298706,0.62501460313797,0.45902740955352783,-0.28194373846054077,0.9814416766166687,0.5810108780860901,0.4872135519981384,-0.003352504223585129,0.2524818181991577,0.6128183603286743,0.4608483612537384,-0.2759406566619873,0.9801010489463806,0.5795038938522339,0.48851051926612854,-0.029304955154657364,0.26264938712120056,0.6130606532096863,0.4561055600643158,-0.2508082091808319,0.9591005444526672,0.5813348293304443,0.4780426323413849,-0.014950374141335487,0.28052085638046265,0.6204957962036133,0.43987494707107544,-0.07247413694858551,0.9995942711830139,0.6084471344947815,0.43984001874923706,0.07253247499465942,0.9980661273002625,0.5960637331008911,0.5262373089790344,-0.12008215487003326,0.9483357071876526,0.596716046333313,0.5251380801200867,0.06742306798696518,0.5530551075935364,0.6039064526557922,0.6293915510177612,-0.09407597035169601,0.9580996036529541,0.6019912958145142,0.6080519556999207,0.1369466632604599,0.6046078205108643,0.6126168370246887,0.6472213268280029,-0.09537874162197113,0.8918065428733826,0.6122855544090271,0.6226624846458435,0.14094790816307068,0.6528239846229553,0.5763258337974548,0.6460005044937134,-0.16261371970176697,0.9458790421485901,0.5764673352241516,0.6311022043228149,0.10145143419504166,0.7114906311035156
134,0.5293701887130737,0.3465433120727539,-0.12754258513450623,0.9985637664794922,0.5254927277565002,0.3379609286785126,-0.14209812879562378,0.9983009696006775,0.5263029932975769,0.33652305603027344,-0.14211252331733704,0.9985082745552063,0.5272145867347717,0.33486080169677734,-0.14214563369750977,0.9989388585090637,0.524727463722229,0.3385011553764343,-0.11641969531774521,0.9974760413169861,0.5248894691467285,0.33756932616233826,-0.11639920622110367,0.9971123337745667,0.5251706838607788,0.33632275462150574,-0.11643828451633453,0.9973300099372864,0.5357964038848877,0.32397931814193726,-0.17834477126598358,0.9993249773979187,0.5342238545417786,0.32417890429496765,-0.062319450080394745,0.9958061575889587,0.5378782153129578,0.34682220220565796,-0.13868555426597595,0.9994447231292725,0.5373402833938599,0.348026305437088,-0.10488393157720566,0.9980560541152954,0.5801060795783997,0.3297973871231079,-0.217647522687912,0.9999983310699463,0.5628542304039001,0.3288536071777344,0.016447555273771286,0.9993446469306946,0.623378574848175,0.37396904826164246,-0.2555285096168518,0.9984719753265381,0.5836235284805298,0.389692485332489,0.05280478671193123,0.13588349521160126,0.6212810277938843,0.43907275795936584,-0.25449973344802856,0.9931784272193909,0.5872372388839722,0.45814141631126404,0.008220098912715912,0.2769211530685425,0.6231728196144104,0.4589238464832306,-0.2830759882926941,0.9814709424972534,0.5873134732246399,0.4767376482486725,0.007619231939315796,0.23580323159694672,0.6115928292274475,0.4609823226928711,-0.27696555852890015,0.9801154732704163,0.5814945101737976,0.4800603687763214,-0.017904508858919144,0.24516554176807404,0.6105648279190063,0.45665135979652405,-0.2513202428817749,0.9590550661087036,0.5868276953697205,0.4729025065898895,-0.003983631730079651,0.2622986137866974,0.6185327768325806,0.4397372603416443,-0.07260836660861969,0.999613881111145,0.607157826423645,0.4401562809944153,0.072660431265831,0.9980987906455994,0.5948892831802368,0.5259005427360535,-0.1309107393026352,0.9480963945388794,0.5957900285720825,0.5250058770179749,0.047687359154224396,0.5427380204200745,0.6004536151885986,0.6296113133430481,-0.10939747095108032,0.9587151408195496,0.6001311540603638,0.6124746799468994,0.10794075578451157,0.5983231067657471,0.6074421405792236,0.6477372050285339,-0.11121392250061035,0.8933202624320984,0.607844352722168,0.62350994348526,0.11070231348276138,0.647688627243042,0.5722580552101135,0.6471731066703796,-0.17838327586650848,0.9467597603797913,0.5725347399711609,0.6322416663169861,0.06783602386713028,0.7093672752380371
135,0.5273876786231995,0.34426185488700867,-0.12267448753118515,0.998491644859314,0.5238966345787048,0.33589687943458557,-0.13720455765724182,0.998278021812439,0.5247352123260498,0.33452093601226807,-0.1372203528881073,0.998500645160675,0.5257130265235901,0.3329411447048187,-0.13725581765174866,0.998928427696228,0.5230693221092224,0.33643171191215515,-0.1117144376039505,0.9974014759063721,0.5232110023498535,0.3355308771133423,-0.11169151216745377,0.9970138072967529,0.5234456658363342,0.33434590697288513,-0.11172430217266083,0.9971749782562256,0.5346320867538452,0.3223995864391327,-0.1738172322511673,0.9993289709091187,0.5327901840209961,0.32242101430892944,-0.05881773680448532,0.9956153631210327,0.5361804962158203,0.34474965929985046,-0.13399724662303925,0.9994305968284607,0.5353750586509705,0.34594619274139404,-0.10051678121089935,0.9979724287986755,0.5801340341567993,0.32950299978256226,-0.21370692551136017,0.9999983906745911,0.561408281326294,0.3275924324989319,0.019336698576807976,0.9992706775665283,0.623413622379303,0.373993456363678,-0.2522110044956207,0.9985420107841492,0.5849052667617798,0.38035717606544495,0.060371726751327515,0.12681341171264648,0.6208673715591431,0.44016045331954956,-0.2445535659790039,0.993495762348175,0.592593789100647,0.44051477313041687,0.014604924246668816,0.25709015130996704,0.6231533885002136,0.4591875374317169,-0.2728145122528076,0.9821881055831909,0.5940170288085938,0.45663735270500183,0.015376048162579536,0.21973207592964172,0.6125253438949585,0.46079981327056885,-0.2653740644454956,0.9808799028396606,0.5910460352897644,0.4608646333217621,-0.012988582253456116,0.2282787263393402,0.6112897396087646,0.4566107988357544,-0.24005155265331268,0.9605833888053894,0.5923284292221069,0.45461711287498474,-0.002770824823528528,0.24444158375263214,0.6166396141052246,0.44007474184036255,-0.07168883830308914,0.9996347427368164,0.6043885946273804,0.4404715299606323,0.07173343002796173,0.998114287853241,0.592742383480072,0.5264852046966553,-0.13339686393737793,0.9436359405517578,0.5913115739822388,0.5258462429046631,0.041541196405887604,0.5219452977180481,0.5954522490501404,0.6302986741065979,-0.11137664318084717,0.9566813111305237,0.5964779853820801,0.6146131753921509,0.10289974510669708,0.5786195397377014,0.6023338437080383,0.6479119658470154,-0.11276654899120331,0.8923552632331848,0.6037701964378357,0.6305295825004578,0.10615198314189911,0.6322839260101318,0.56624436378479,0.6542112231254578,-0.17648708820343018,0.9454857110977173,0.5692349672317505,0.6411332488059998,0.06631122529506683,0.6959596872329712
136,0.5255869626998901,0.3421972990036011,-0.13499435782432556,0.9984303116798401,0.522506058216095,0.3333720266819,-0.15040484070777893,0.9982620477676392,0.5234788656234741,0.33203211426734924,-0.1504192054271698,0.9984925389289856,0.5246200561523438,0.3304915428161621,-0.15046335756778717,0.9989170432090759,0.5214463472366333,0.3338647782802582,-0.12410710006952286,0.9973585605621338,0.5215506553649902,0.3329404592514038,-0.12408961355686188,0.9969513416290283,0.5217627882957458,0.33174407482147217,-0.12412160634994507,0.9970823526382446,0.5339466333389282,0.32045677304267883,-0.1873539686203003,0.9993383884429932,0.5316861271858215,0.3202548027038574,-0.06894518435001373,0.9955375790596008,0.5347634553909302,0.343630313873291,-0.14600375294685364,0.9994199275970459,0.5335962772369385,0.3446871340274811,-0.11157916486263275,0.9979314208030701,0.5801571011543274,0.3295293152332306,-0.2263658493757248,0.9999983906745911,0.5606428384780884,0.3255458474159241,0.015588745474815369,0.9992226362228394,0.6230416297912598,0.37538018822669983,-0.2597378194332123,0.9985848665237427,0.5858498811721802,0.3754468858242035,0.06260556727647781,0.1185431107878685,0.620956301689148,0.44110506772994995,-0.24795272946357727,0.9936368465423584,0.5939449667930603,0.4356944262981415,0.018762921914458275,0.2386830747127533,0.6234766244888306,0.45964547991752625,-0.276117742061615,0.9824419617652893,0.5953945517539978,0.451847642660141,0.021293221041560173,0.20481151342391968,0.6130288243293762,0.46089836955070496,-0.26992276310920715,0.9811153411865234,0.5930767059326172,0.45587319135665894,-0.00859862845391035,0.2125677764415741,0.611687183380127,0.45693349838256836,-0.2444029152393341,0.9611344337463379,0.5938852429389954,0.4496791660785675,6.1024555179756135e-05,0.22808916866779327,0.6149038672447205,0.44017255306243896,-0.07221950590610504,0.9996446371078491,0.6021764874458313,0.44073686003685,0.07226517796516418,0.9981285929679871,0.5899683237075806,0.5295208096504211,-0.11467456817626953,0.9407072067260742,0.58527010679245,0.5281931161880493,0.04387601464986801,0.512726902961731,0.5882173180580139,0.6360909342765808,-0.0759451612830162,0.9560983180999756,0.5919259786605835,0.6182752847671509,0.10907536745071411,0.5755529403686523,0.5940482020378113,0.6518745422363281,-0.07629598677158356,0.8919305205345154,0.6009036302566528,0.6343849301338196,0.11311912536621094,0.6297303438186646,0.5561909675598145,0.6635501980781555,-0.14270739257335663,0.9450083374977112,0.562200665473938,0.6489126682281494,0.06757855415344238,0.6955904364585876
137,0.5250014066696167,0.3393164575099945,-0.13927394151687622,0.9983781576156616,0.5219863653182983,0.33051756024360657,-0.15461750328540802,0.9982386827468872,0.5230119824409485,0.32917946577072144,-0.1546333134174347,0.9984745979309082,0.5242079496383667,0.32765352725982666,-0.1546858698129654,0.9989020228385925,0.5207769870758057,0.33110982179641724,-0.12882432341575623,0.9972738027572632,0.5208100080490112,0.33023959398269653,-0.1288113296031952,0.996858537197113,0.5209592580795288,0.3291047513484955,-0.12884077429771423,0.9969649910926819,0.5335429310798645,0.3178556561470032,-0.1903223991394043,0.9993453621864319,0.5309720635414124,0.31798914074897766,-0.0735134556889534,0.9952731132507324,0.5340257287025452,0.34101155400276184,-0.14957937598228455,0.9994206428527832,0.5326043367385864,0.3421972990036011,-0.115672767162323,0.9979079365730286,0.5794965028762817,0.3281625211238861,-0.2257126271724701,0.9999983906745911,0.5587827563285828,0.324346125125885,0.012654950842261314,0.9991827607154846,0.62158203125,0.3750048875808716,-0.2570343017578125,0.9986416697502136,0.585867702960968,0.37684446573257446,0.06412313133478165,0.11161188781261444,0.6197077035903931,0.4411778151988983,-0.247561976313591,0.9938431978225708,0.5929837226867676,0.44070467352867126,0.026595210656523705,0.2231847494840622,0.6227532625198364,0.46036669611930847,-0.2755449414253235,0.9828433394432068,0.5940767526626587,0.4578810930252075,0.028652265667915344,0.19243688881397247,0.6121511459350586,0.462030827999115,-0.26865914463996887,0.9814964532852173,0.5919593572616577,0.4619075655937195,0.0003214809694327414,0.19944843649864197,0.6103769540786743,0.45808079838752747,-0.24331852793693542,0.9620906114578247,0.5929719805717468,0.4553183913230896,0.011893133632838726,0.2145647406578064,0.6118937730789185,0.44051867723464966,-0.07217355072498322,0.9996652603149414,0.5979428887367249,0.44093236327171326,0.07222083956003189,0.9982016682624817,0.5883116722106934,0.5355206727981567,-0.09530169516801834,0.9407398700714111,0.5813050270080566,0.5307457447052002,0.05278234928846359,0.5064219236373901,0.5812659859657288,0.6402245163917542,-0.04635748267173767,0.9560421109199524,0.5750235319137573,0.6255523562431335,0.11198966205120087,0.5821435451507568,0.5864928960800171,0.6549040079116821,-0.045380838215351105,0.8908255696296692,0.581899881362915,0.6434034109115601,0.11538012325763702,0.6297466158866882,0.5454690456390381,0.6682279109954834,-0.10986720025539398,0.9447031021118164,0.5450969934463501,0.6541591286659241,0.06895312666893005,0.7023172974586487
138,0.5231454968452454,0.33594340085983276,-0.21733972430229187,0.9984059929847717,0.5210707187652588,0.32697421312332153,-0.2335037738084793,0.9983007311820984,0.5223127603530884,0.32570281624794006,-0.23351652920246124,0.9985312223434448,0.5236943364143372,0.32428810000419617,-0.23359894752502441,0.9989446997642517,0.5194114446640015,0.32762470841407776,-0.20760253071784973,0.9972962141036987,0.5193489789962769,0.32682374119758606,-0.20760157704353333,0.9968448877334595,0.5194104313850403,0.32577893137931824,-0.20761270821094513,0.9969165921211243,0.5335426926612854,0.3154410719871521,-0.26116377115249634,0.9993823766708374,0.5302063226699829,0.3152860403060913,-0.14432761073112488,0.9952412843704224,0.5323675274848938,0.33848559856414795,-0.22333291172981262,0.9994516372680664,0.5303405523300171,0.3395220637321472,-0.18942682445049286,0.9979867339134216,0.5795120596885681,0.3282324969768524,-0.2766950726509094,0.9999984502792358,0.5565076470375061,0.3207550048828125,-0.04177570343017578,0.9991679191589355,0.6212460398674011,0.37634706497192383,-0.3080712556838989,0.998741090297699,0.583426296710968,0.36534446477890015,0.0313340425491333,0.10689424723386765,0.6190729141235352,0.4432752728462219,-0.30751150846481323,0.9942684173583984,0.5907779932022095,0.41725781559944153,0.012798656709492207,0.21144327521324158,0.6211825609207153,0.4612908363342285,-0.34075474739074707,0.983895480632782,0.5896499752998352,0.4307580590248108,0.013675199821591377,0.1838751882314682,0.6110111474990845,0.46249154210090637,-0.33483079075813293,0.9826149940490723,0.5871273279190063,0.43428316712379456,-0.014756481163203716,0.1904674470424652,0.6093563437461853,0.4586823582649231,-0.30382809042930603,0.9643861055374146,0.5893320441246033,0.43005821108818054,0.0002757320471573621,0.20554091036319733,0.6079607009887695,0.4406454861164093,-0.0709269568324089,0.9996761679649353,0.5934504270553589,0.437826931476593,0.07101906836032867,0.9981797933578491,0.5855991244316101,0.5369663834571838,-0.08653412759304047,0.9402168989181519,0.5862098932266235,0.5321495532989502,0.0679253488779068,0.49992498755455017,0.5645506381988525,0.6446073055267334,-0.004617006052285433,0.9564310908317566,0.582450807094574,0.6238990426063538,0.16321437060832977,0.5868813991546631,0.581728994846344,0.655116617679596,-0.0006561598856933415,0.8932517766952515,0.5911738276481628,0.6407501101493835,0.16989408433437347,0.6295495629310608,0.5361790060997009,0.6706100106239319,-0.06805170327425003,0.9443167448043823,0.5542535781860352,0.6501656174659729,0.11491440236568451,0.7034803032875061
139,0.5220529437065125,0.3323476016521454,-0.1682029813528061,0.9985246062278748,0.5203133821487427,0.32289209961891174,-0.18356028199195862,0.9984325766563416,0.521575391292572,0.32159408926963806,-0.1835729330778122,0.9986461997032166,0.5229294300079346,0.3201751112937927,-0.18362946808338165,0.9990271329879761,0.5185967683792114,0.3235699534416199,-0.15813995897769928,0.9974943399429321,0.5185665488243103,0.3227621614933014,-0.15813703835010529,0.9970657229423523,0.5186808109283447,0.32172155380249023,-0.15815728902816772,0.997125506401062,0.5332576036453247,0.31149715185165405,-0.2153279036283493,0.9994338154792786,0.5297789573669434,0.31143707036972046,-0.10046859085559845,0.9955853223800659,0.53123939037323,0.33515480160713196,-0.1765061616897583,0.9994941353797913,0.5291918516159058,0.33607804775238037,-0.14318545162677765,0.9981389045715332,0.5795503854751587,0.3281554877758026,-0.25127559900283813,0.9999983906745911,0.555515706539154,0.3201374113559723,-0.011498210951685905,0.9991554021835327,0.6199498176574707,0.37793198227882385,-0.2734539210796356,0.9988154768943787,0.5801360011100769,0.36310678720474243,0.07485591620206833,0.10230742394924164,0.6164344549179077,0.4444268047809601,-0.2606257200241089,0.9945605993270874,0.5816853642463684,0.4049901068210602,0.06965320557355881,0.2015995979309082,0.6184390187263489,0.4627758860588074,-0.2906056046485901,0.9845600724220276,0.581973671913147,0.4163379371166229,0.07341957092285156,0.17720191180706024,0.6076913475990295,0.46441274881362915,-0.2848176956176758,0.9833095073699951,0.5784343481063843,0.4182009994983673,0.046467844396829605,0.1835705190896988,0.6061194539070129,0.460223525762558,-0.25621849298477173,0.9659536480903625,0.5788537263870239,0.4146851599216461,0.05842702463269234,0.19832853972911835,0.6056537628173828,0.44138213992118835,-0.06973510980606079,0.9996779561042786,0.5879060626029968,0.4382284879684448,0.0698540061712265,0.9981861114501953,0.5725773572921753,0.5366995334625244,-0.08379418402910233,0.9392292499542236,0.5869282484054565,0.531806468963623,0.06890389323234558,0.5025739073753357,0.5567532777786255,0.643293559551239,-0.022000271826982498,0.9570469260215759,0.5905585289001465,0.6229773163795471,0.14653398096561432,0.5976857542991638,0.5677279233932495,0.6545792818069458,-0.019746877253055573,0.8976045846939087,0.5922113656997681,0.6393005847930908,0.15129932761192322,0.6369478106498718,0.5286083221435547,0.6696094274520874,-0.08253426104784012,0.9447909593582153,0.5557159185409546,0.650563657283783,0.09952721744775772,0.7078622579574585
140,0.5223292708396912,0.3299354612827301,-0.15866594016551971,0.9985384941101074,0.5204721689224243,0.3204343020915985,-0.17417915165424347,0.998469352722168,0.5216911435127258,0.31925758719444275,-0.1742001473903656,0.9986782073974609,0.5230188369750977,0.3179014325141907,-0.17426805198192596,0.999052882194519,0.5186913013458252,0.3210512399673462,-0.14858588576316833,0.9975191354751587,0.5186469554901123,0.3202967047691345,-0.14857734739780426,0.9970637559890747,0.5187467932701111,0.31931445002555847,-0.14859479665756226,0.9971135854721069,0.5333214998245239,0.3090038299560547,-0.20712287724018097,0.9994533658027649,0.529747724533081,0.30902689695358276,-0.09190565347671509,0.9955845475196838,0.5313245058059692,0.3331037759780884,-0.16749511659145355,0.9995078444480896,0.5291581153869629,0.33398303389549255,-0.13403597474098206,0.9981590509414673,0.5795208215713501,0.328198105096817,-0.23820538818836212,0.999998152256012,0.5544076561927795,0.3196588456630707,-0.003115791128948331,0.9990806579589844,0.617573618888855,0.38026711344718933,-0.26156777143478394,0.9988417625427246,0.578985333442688,0.36536896228790283,0.07225316017866135,0.09734607487916946,0.6133604049682617,0.44660815596580505,-0.24236635863780975,0.9946432113647461,0.5815309286117554,0.4140765964984894,0.0532231330871582,0.18941184878349304,0.6163646578788757,0.4661562740802765,-0.2716781795024872,0.9846891164779663,0.5819469690322876,0.4273275136947632,0.05566158890724182,0.16781337559223175,0.6060726046562195,0.4667961001396179,-0.265341192483902,0.9834388494491577,0.578549325466156,0.4296698272228241,0.02911684289574623,0.17375455796718597,0.6040428280830383,0.4619852900505066,-0.23810286819934845,0.9666261672973633,0.5789135098457336,0.425178200006485,0.04165682941675186,0.18828237056732178,0.602304995059967,0.44364166259765625,-0.06862016767263412,0.999678909778595,0.586089015007019,0.4385948181152344,0.0687422826886177,0.9981526136398315,0.5686584115028381,0.5412540435791016,-0.08320160210132599,0.9354233741760254,0.5820164680480957,0.5316067934036255,0.08025594055652618,0.49093639850616455,0.5507735013961792,0.6499729752540588,-0.020764734596014023,0.9557669162750244,0.5910556316375732,0.6224039196968079,0.16772253811359406,0.5891431570053101,0.5509203672409058,0.6625584363937378,-0.018118910491466522,0.8991197943687439,0.5950745344161987,0.6382783055305481,0.1738443374633789,0.6269917488098145,0.5234700441360474,0.6682998538017273,-0.08003963530063629,0.94222491979599,0.5561425685882568,0.649467408657074,0.12463630735874176,0.6954209208488464
141,0.5223993062973022,0.32691261172294617,-0.20254898071289062,0.9985644817352295,0.5206800699234009,0.3172718286514282,-0.21920561790466309,0.998522162437439,0.5218872427940369,0.3162100911140442,-0.21922793984413147,0.9987244606018066,0.5232481360435486,0.3149321675300598,-0.21931810677051544,0.9990890026092529,0.5189796686172485,0.31763866543769836,-0.19166778028011322,0.9975553154945374,0.5189529657363892,0.3168598413467407,-0.19166463613510132,0.9970800280570984,0.5190739035606384,0.3158511221408844,-0.19168488681316376,0.9971063733100891,0.5334425568580627,0.3067096769809723,-0.25063708424568176,0.999467134475708,0.5300397276878357,0.3062606155872345,-0.12676548957824707,0.9954172968864441,0.5312533974647522,0.3307943046092987,-0.21047329902648926,0.999521791934967,0.5289738178253174,0.3314725458621979,-0.17444074153900146,0.9981300830841064,0.5795379877090454,0.3292255103588104,-0.26800811290740967,0.9999979138374329,0.553723156452179,0.3191809058189392,-0.031665556132793427,0.9990314841270447,0.6132345199584961,0.3857089877128601,-0.2870543897151947,0.9988052845001221,0.5764048099517822,0.3693614900112152,0.03350275009870529,0.09443806856870651,0.6099890470504761,0.4534045457839966,-0.26796844601631165,0.9946075677871704,0.5815358757972717,0.41915157437324524,0.005783747415989637,0.18049003183841705,0.6127987504005432,0.4754541218280792,-0.299469918012619,0.9846557378768921,0.58222895860672,0.4281802773475647,0.005771634168922901,0.16130311787128448,0.6024720668792725,0.47474971413612366,-0.29613161087036133,0.9834505319595337,0.5798065066337585,0.430926650762558,-0.02274395152926445,0.16707420349121094,0.6000671982765198,0.46923431754112244,-0.26493722200393677,0.9670729637145996,0.5799857974052429,0.4260333478450775,-0.006528972648084164,0.1818283051252365,0.6015499830245972,0.4455961585044861,-0.06953881680965424,0.9996861219406128,0.577953040599823,0.44188326597213745,0.06967964768409729,0.9981112480163574,0.5678514242172241,0.5478690266609192,-0.11404214799404144,0.9319579005241394,0.5764304399490356,0.5339294075965881,0.0983007624745369,0.4779213070869446,0.5472761392593384,0.6577109694480896,-0.027894098311662674,0.9568002820014954,0.5919420719146729,0.6182650923728943,0.22088512778282166,0.5787317752838135,0.5476387143135071,0.6684043407440186,-0.030452078208327293,0.9019070863723755,0.5958360433578491,0.6307359337806702,0.2305057942867279,0.6143947839736938,0.5240832567214966,0.6861465573310852,-0.1052485853433609,0.9418544769287109,0.576959490776062,0.6488795876502991,0.18059168756008148,0.6799232363700867
142,0.5215975046157837,0.3230571150779724,-0.21949413418769836,0.9986224174499512,0.5202797055244446,0.3133281171321869,-0.23606881499290466,0.998581051826477,0.521506130695343,0.31230658292770386,-0.23609426617622375,0.9987753033638,0.5229332447052002,0.311084121465683,-0.23618574440479279,0.9991291165351868,0.5186411738395691,0.31351810693740845,-0.2079441100358963,0.997592568397522,0.5186260938644409,0.31269779801368713,-0.20793350040912628,0.997069239616394,0.5187687277793884,0.311647891998291,-0.20794562995433807,0.9970588088035583,0.5335570573806763,0.3034406304359436,-0.2640298902988434,0.999481201171875,0.5300282835960388,0.303162157535553,-0.13695716857910156,0.9950051307678223,0.5302901268005371,0.32781341671943665,-0.22609078884124756,0.9995483160018921,0.5279656648635864,0.3282111883163452,-0.1890941560268402,0.9981514811515808,0.5796064138412476,0.3294955790042877,-0.2781112790107727,0.9999977946281433,0.5510748624801636,0.31924960017204285,-0.042345188558101654,0.9989761114120483,0.6106001138687134,0.3900953531265259,-0.3059815466403961,0.9987868666648865,0.5685908198356628,0.3753972351551056,0.013461445458233356,0.09799093008041382,0.604438304901123,0.45960530638694763,-0.3030969500541687,0.9945377111434937,0.573451042175293,0.43017759919166565,-0.03254447132349014,0.17823776602745056,0.6081196665763855,0.4805416762828827,-0.3382416367530823,0.9845893383026123,0.5741458535194397,0.44605109095573425,-0.037026867270469666,0.1604916751384735,0.5971975922584534,0.48029232025146484,-0.33611923456192017,0.9834676384925842,0.5730453729629517,0.44809871912002563,-0.0658084899187088,0.1663724184036255,0.5947510004043579,0.4745141863822937,-0.3010682761669159,0.9673130512237549,0.5737553834915161,0.4417056441307068,-0.0457913763821125,0.18090681731700897,0.599970281124115,0.44768980145454407,-0.07040850818157196,0.9997011423110962,0.573422372341156,0.44503262639045715,0.07059048116207123,0.9980362057685852,0.5669416189193726,0.5470505952835083,-0.13682407140731812,0.9271109700202942,0.5766278505325317,0.5347388982772827,0.16165904700756073,0.46153727173805237,0.5464227795600891,0.6594404578208923,-0.05530530959367752,0.9581298232078552,0.6013721227645874,0.6111409068107605,0.32197505235671997,0.5628780126571655,0.5472820997238159,0.6716331839561462,-0.05232949182391167,0.9032344222068787,0.5999182462692261,0.6256090402603149,0.3357193171977997,0.602137565612793,0.5264905691146851,0.6926082968711853,-0.13546526432037354,0.9419363737106323,0.5884121656417847,0.6398055553436279,0.29124608635902405,0.6614176630973816
143,0.5213512778282166,0.3201940953731537,-0.2002367079257965,0.9986663460731506,0.520278811454773,0.31053823232650757,-0.21643373370170593,0.9985989332199097,0.5215669870376587,0.3094342052936554,-0.21645991504192352,0.9987981915473938,0.5230034589767456,0.30818456411361694,-0.21654388308525085,0.9991475939750671,0.5185970067977905,0.3108266294002533,-0.18970151245594025,0.9975701570510864,0.5185876488685608,0.3100186884403229,-0.18969765305519104,0.9970004558563232,0.5187405347824097,0.30900487303733826,-0.18972226977348328,0.9969719052314758,0.5337919592857361,0.3000532388687134,-0.24522702395915985,0.99947589635849,0.5301703810691833,0.30072662234306335,-0.1242133155465126,0.9945706725120544,0.5300661325454712,0.32521873712539673,-0.20711401104927063,0.9995604753494263,0.5277429819107056,0.32567155361175537,-0.17193534970283508,0.9981162548065186,0.5803667306900024,0.3289186358451843,-0.26048675179481506,0.9999973773956299,0.5481469631195068,0.3198760747909546,-0.034270528703927994,0.9989635348320007,0.6075921654701233,0.3958631157875061,-0.2993428409099579,0.9986599087715149,0.5616846084594727,0.3859784007072449,0.02235247567296028,0.10534162074327469,0.5994870066642761,0.4655696749687195,-0.2781733274459839,0.9939950108528137,0.5611432194709778,0.44550812244415283,-0.017853451892733574,0.1840718537569046,0.6032921075820923,0.487821102142334,-0.30895039439201355,0.9836253523826599,0.5611570477485657,0.46355295181274414,-0.020735854282975197,0.1663774996995926,0.5919241309165955,0.4860612750053406,-0.3225829005241394,0.9825659990310669,0.559984564781189,0.4641057550907135,-0.04822274670004845,0.17266060411930084,0.5894604325294495,0.4794918894767761,-0.2798634469509125,0.9662368297576904,0.5614923238754272,0.45709139108657837,-0.030458170920610428,0.18720953166484833,0.5981335639953613,0.4491499066352844,-0.06848820298910141,0.9997093081474304,0.569996178150177,0.4468744695186615,0.06867799907922745,0.9980264902114868,0.5664914846420288,0.5470964312553406,-0.12414313852787018,0.9201651215553284,0.5732585787773132,0.5346508026123047,0.1600341647863388,0.45092031359672546,0.545911431312561,0.6600774526596069,-0.05153585597872734,0.9587726593017578,0.6001143455505371,0.6118008494377136,0.29845330119132996,0.5528274178504944,0.5472516417503357,0.6715781688690186,-0.049077294766902924,0.9035752415657043,0.6005445718765259,0.6229203939437866,0.31017962098121643,0.5929918885231018,0.5261651873588562,0.697296679019928,-0.12870560586452484,0.9416200518608093,0.5876272320747375,0.6380054354667664,0.2695661783218384,0.6486766338348389
144,0.5217628479003906,0.3174397051334381,-0.20662185549736023,0.9986616969108582,0.5204699635505676,0.30724796652793884,-0.22266986966133118,0.9985485672950745,0.5218173861503601,0.3061448931694031,-0.22271518409252167,0.9987632632255554,0.5233608484268188,0.30483806133270264,-0.22280637919902802,0.9991264343261719,0.5186337828636169,0.3074694275856018,-0.19616682827472687,0.9973571300506592,0.518639862537384,0.30653855204582214,-0.19616273045539856,0.9966802597045898,0.5188233256340027,0.3053975999355316,-0.1961979866027832,0.9966602325439453,0.5351017117500305,0.296949177980423,-0.2493596076965332,0.9994258284568787,0.5308870673179626,0.2971442639827728,-0.12994027137756348,0.9937152862548828,0.5304529666900635,0.3223510682582855,-0.21244509518146515,0.9995555281639099,0.5282343029975891,0.3228757977485657,-0.17774733901023865,0.9980157613754272,0.5806637406349182,0.32892072200775146,-0.26272669434547424,0.9999969601631165,0.5458930134773254,0.3199717402458191,-0.041087135672569275,0.9990004897117615,0.6039870977401733,0.3997301757335663,-0.2864857017993927,0.9984434247016907,0.5504800081253052,0.39029461145401,0.01290135271847248,0.1308189183473587,0.5962340831756592,0.4687611162662506,-0.2778511643409729,0.9934630990028381,0.539759635925293,0.4542238116264343,-0.03226356953382492,0.21632570028305054,0.5997436046600342,0.49124354124069214,-0.30916666984558105,0.9827737808227539,0.5356088876724243,0.4717671275138855,-0.038835309445858,0.19433364272117615,0.587739884853363,0.49038317799568176,-0.3144528269767761,0.9817538857460022,0.5345295667648315,0.47221019864082336,-0.06707553565502167,0.2016378939151764,0.5853899121284485,0.4828163683414459,-0.2785760760307312,0.9654539823532104,0.538001537322998,0.4660402238368988,-0.04600299894809723,0.21742139756679535,0.5935394167900085,0.4529809057712555,-0.06784725934267044,0.9997109174728394,0.5678766965866089,0.44912534952163696,0.06801663339138031,0.9980103373527527,0.5639091730117798,0.5533043146133423,-0.04841868206858635,0.9090995192527771,0.5689013600349426,0.5354188680648804,0.1574820727109909,0.43828442692756653,0.5451242923736572,0.6643480658531189,0.033290281891822815,0.9563908576965332,0.5984577536582947,0.6120318174362183,0.29808729887008667,0.5412203073501587,0.5478318333625793,0.6756865382194519,0.037685077637434006,0.9026616811752319,0.6005882024765015,0.623872697353363,0.3107028007507324,0.5832330584526062,0.5267005562782288,0.7004117965698242,-0.03137659654021263,0.9370428919792175,0.5831688642501831,0.6352406144142151,0.2693111300468445,0.6377378702163696
145,0.5218217968940735,0.313156396150589,-0.19356516003608704,0.9987154006958008,0.521541953086853,0.3023737668991089,-0.21259291470050812,0.9986034631729126,0.5229316353797913,0.30113130807876587,-0.21260330080986023,0.9988080263137817,0.524416446685791,0.29979413747787476,-0.21269360184669495,0.999157726764679,0.5196622014045715,0.30267345905303955,-0.18388774991035461,0.9974121451377869,0.5197102427482605,0.30164283514022827,-0.18385501205921173,0.9967514276504517,0.5199629664421082,0.30041348934173584,-0.18386921286582947,0.9967576861381531,0.5360651016235352,0.29237186908721924,-0.2244224101305008,0.9994347095489502,0.5319243669509888,0.29265695810317993,-0.11415760219097137,0.9938226342201233,0.5307015776634216,0.3182336390018463,-0.21202683448791504,0.9995796084403992,0.5285619497299194,0.3190693259239197,-0.17083558440208435,0.9980887174606323,0.5810962915420532,0.3268629014492035,-0.22983470559120178,0.9999966025352478,0.5418010950088501,0.3214327096939087,-0.03979808837175369,0.999051570892334,0.6032482385635376,0.3983573019504547,-0.2474375069141388,0.998275101184845,0.5424495339393616,0.3964201509952545,0.025985226035118103,0.17791695892810822,0.5954189300537109,0.46631181240081787,-0.2606617212295532,0.992967426776886,0.526777982711792,0.45684462785720825,-0.03165554255247116,0.26722320914268494,0.5982772707939148,0.48834073543548584,-0.2909114956855774,0.9820056557655334,0.5230273008346558,0.47390803694725037,-0.03989778459072113,0.24035245180130005,0.5861029624938965,0.4876416325569153,-0.3000728189945221,0.9810672998428345,0.5227219462394714,0.47236955165863037,-0.06926067173480988,0.24934646487236023,0.5836780071258545,0.48062998056411743,-0.26294371485710144,0.9649977684020996,0.5253807902336121,0.46619129180908203,-0.04621223732829094,0.2641352415084839,0.5893256664276123,0.45555034279823303,-0.06708112359046936,0.9997023344039917,0.561251699924469,0.45170173048973083,0.06723715364933014,0.9979453682899475,0.561989426612854,0.5580211281776428,-0.09015466272830963,0.9040048122406006,0.5568352937698364,0.5408973097801208,0.1454898566007614,0.44041040539741516,0.5453963279724121,0.6654739379882812,-0.008987339213490486,0.9553147554397583,0.5883873701095581,0.6104447841644287,0.24587306380271912,0.5331277251243591,0.5488084554672241,0.676665723323822,-0.006659070961177349,0.8979786038398743,0.594251275062561,0.6220290660858154,0.2559971511363983,0.5793732404708862,0.5237186551094055,0.7023375630378723,-0.06575198471546173,0.9331116080284119,0.5811437368392944,0.635810911655426,0.2113608568906784,0.6277342438697815
146,0.5221841335296631,0.3089234530925751,-0.19051940739154816,0.9987414479255676,0.5223637223243713,0.2976216673851013,-0.20707538723945618,0.9986236095428467,0.523564875125885,0.2964227795600891,-0.20715133845806122,0.998823881149292,0.524898111820221,0.2951579988002777,-0.20724840462207794,0.9991644024848938,0.5209628343582153,0.2980498671531677,-0.17887993156909943,0.9974035620689392,0.5212002992630005,0.29707467555999756,-0.1788628250360489,0.9967399835586548,0.5216184854507446,0.2959273159503937,-0.17891211807727814,0.9967442750930786,0.5366100668907166,0.2884169816970825,-0.2169603556394577,0.9994253516197205,0.533021867275238,0.2888067066669464,-0.1001124158501625,0.9936555624008179,0.5308759212493896,0.3139604926109314,-0.197097510099411,0.9995973110198975,0.5287085771560669,0.3151424527168274,-0.15863187611103058,0.9981231689453125,0.5823765397071838,0.325471967458725,-0.22516684234142303,0.9999963641166687,0.5405259132385254,0.32155856490135193,-0.01628374680876732,0.9990983009338379,0.6033273935317993,0.399549275636673,-0.23916959762573242,0.9981134533882141,0.5383461713790894,0.39621037244796753,0.04011224955320358,0.21532949805259705,0.5957179069519043,0.4662460684776306,-0.245640367269516,0.992665708065033,0.5198065042495728,0.45449507236480713,-0.0184160228818655,0.31376954913139343,0.5987626910209656,0.487825483083725,-0.27448418736457825,0.9816657304763794,0.5143890976905823,0.4719274938106537,-0.024541916325688362,0.2822965085506439,0.5876764059066772,0.4864198565483093,-0.2816633880138397,0.9808212518692017,0.5134940147399902,0.47026538848876953,-0.054303862154483795,0.2930968999862671,0.5853673219680786,0.47949740290641785,-0.24713535606861115,0.9650163054466248,0.5168601274490356,0.4651384651660919,-0.032924581319093704,0.30696260929107666,0.5853897929191589,0.4580901861190796,-0.06730298697948456,0.9997054934501648,0.5575191378593445,0.4547457993030548,0.06745237857103348,0.9979479908943176,0.5601736307144165,0.5621154308319092,-0.0922175794839859,0.9063851833343506,0.5539195537567139,0.5436292290687561,0.1473778486251831,0.4523186683654785,0.5443606972694397,0.665382444858551,-0.014070245437324047,0.957339346408844,0.5839197635650635,0.6109428405761719,0.2933740019798279,0.5438624024391174,0.5458568930625916,0.6766555309295654,-0.011241355910897255,0.8989173769950867,0.5922805070877075,0.6203855872154236,0.30574488639831543,0.5919068455696106,0.5230847597122192,0.7022724747657776,-0.0840429812669754,0.9344123601913452,0.5715383291244507,0.636008083820343,0.2612427771091461,0.6376120448112488
147,0.5233677625656128,0.3047531247138977,-0.19894757866859436,0.9987679123878479,0.5237400531768799,0.29331621527671814,-0.21437831223011017,0.9986445307731628,0.5248166918754578,0.29223206639289856,-0.21441563963890076,0.9988388419151306,0.526055634021759,0.29105743765830994,-0.2144862413406372,0.9991716146469116,0.5227178931236267,0.2935642600059509,-0.18796518445014954,0.9973971247673035,0.5230411887168884,0.29256442189216614,-0.18796750903129578,0.9967313408851624,0.5235274434089661,0.29137176275253296,-0.18800723552703857,0.9967586398124695,0.5377658009529114,0.2849758267402649,-0.23079022765159607,0.9994222521781921,0.5340131521224976,0.2853393256664276,-0.11197440326213837,0.993609607219696,0.5310051441192627,0.31023794412612915,-0.20226351916790009,0.9996163249015808,0.5289396643638611,0.3111293613910675,-0.16696810722351074,0.9981852769851685,0.582994282245636,0.3241916596889496,-0.22616739571094513,0.9999962449073792,0.5383427143096924,0.3212968707084656,-0.02124735340476036,0.9991559982299805,0.6027236580848694,0.3992840647697449,-0.2488638162612915,0.9979376792907715,0.5323123335838318,0.3956843316555023,0.03665363788604736,0.26020652055740356,0.5937916040420532,0.4663833975791931,-0.25192996859550476,0.9922573566436768,0.513893187046051,0.452955037355423,-0.022290173918008804,0.36191415786743164,0.59682297706604,0.48787882924079895,-0.280217707157135,0.9811820983886719,0.5094031691551208,0.47093790769577026,-0.02923094667494297,0.32576999068260193,0.5864509344100952,0.486007422208786,-0.28534963726997375,0.9803693294525146,0.5090783834457397,0.46951302886009216,-0.059474360197782516,0.33813175559043884,0.5843497514724731,0.47910207509994507,-0.2524215579032898,0.9647243022918701,0.5101562738418579,0.46391287446022034,-0.03715580329298973,0.3512014150619507,0.5823047757148743,0.46027836203575134,-0.06743943691253662,0.9997125267982483,0.5529817342758179,0.45628583431243896,0.06757804751396179,0.9979985952377319,0.5574572086334229,0.5658261179924011,-0.08523331582546234,0.9115444421768188,0.5516408681869507,0.549487829208374,0.13676048815250397,0.4819284677505493,0.5444895029067993,0.6643780469894409,0.0160945113748312,0.9602721929550171,0.577412486076355,0.609857439994812,0.29817670583724976,0.5632907748222351,0.5466277003288269,0.67552250623703,0.021172482520341873,0.8989437818527222,0.5861107110977173,0.6153755784034729,0.3126625716686249,0.6106647253036499,0.5238276720046997,0.7026493549346924,-0.05882972478866577,0.937618613243103,0.5698297023773193,0.6363845467567444,0.2711140513420105,0.6549461483955383
148,0.5244237184524536,0.3021354377269745,-0.1605730950832367,0.9988206624984741,0.5249332189559937,0.290874183177948,-0.1758282482624054,0.9986858367919922,0.5260231494903564,0.28981441259384155,-0.1758526861667633,0.9988781809806824,0.5272475481033325,0.2886773943901062,-0.1758996844291687,0.9991950988769531,0.5239537358283997,0.2912169098854065,-0.149208202958107,0.9974493980407715,0.5242752432823181,0.2903291881084442,-0.14921750128269196,0.9968113899230957,0.5247281789779663,0.2892669439315796,-0.14926499128341675,0.9968594908714294,0.5393093824386597,0.28323379158973694,-0.19600921869277954,0.9994360208511353,0.5349971055984497,0.28348207473754883,-0.0746849924325943,0.9937999248504639,0.5314507484436035,0.30776357650756836,-0.16400915384292603,0.9996387362480164,0.5293928980827332,0.30870679020881653,-0.1287524402141571,0.9982752203941345,0.5838690996170044,0.322216659784317,-0.20391054451465607,0.9999962449073792,0.537438154220581,0.3197055160999298,0.013861429877579212,0.9992152452468872,0.6020305156707764,0.3977043926715851,-0.21367120742797852,0.9978716373443604,0.5293946862220764,0.39418473839759827,0.07317732274532318,0.3093036711215973,0.5932085514068604,0.4652446210384369,-0.22125980257987976,0.9922464489936829,0.5096660256385803,0.44386324286460876,0.011993905529379845,0.41273725032806396,0.596869170665741,0.48687273263931274,-0.24724850058555603,0.9814209342002869,0.5021737813949585,0.46054938435554504,0.0037551368586719036,0.37367886304855347,0.5869636535644531,0.48470214009284973,-0.25705423951148987,0.9806308150291443,0.5023447871208191,0.46048787236213684,-0.026167219504714012,0.38693222403526306,0.5847219228744507,0.4779755175113678,-0.2235465794801712,0.9654847979545593,0.5057815909385681,0.4560803771018982,-0.0030816777143627405,0.3986842632293701,0.580299973487854,0.45947155356407166,-0.06764402240514755,0.9997199177742004,0.5498045682907104,0.4559083878993988,0.0677613765001297,0.9980786442756653,0.5544384121894836,0.5647862553596497,-0.08808062970638275,0.9174127578735352,0.5479003190994263,0.5516931414604187,0.13107986748218536,0.5177463293075562,0.5434755682945251,0.6651928424835205,0.004136985167860985,0.963151752948761,0.5772641897201538,0.6088190078735352,0.27773886919021606,0.5912348628044128,0.5451045036315918,0.6767919659614563,0.00813283957540989,0.8988267183303833,0.5867416262626648,0.6134212613105774,0.2905568480491638,0.6359385251998901,0.5208591222763062,0.7031992673873901,-0.07284891605377197,0.941421627998352,0.5641888380050659,0.6367142200469971,0.24933676421642303,0.6788298487663269
149,0.5251545310020447,0.30034902691841125,-0.1420103907585144,0.9988888502120972,0.525766134262085,0.2888931334018707,-0.15733608603477478,0.998742401599884,0.5269209146499634,0.28781604766845703,-0.1573701649904251,0.9989324808120728,0.5281920433044434,0.2866738736629486,-0.15743103623390198,0.9992302656173706,0.5247176885604858,0.2893458604812622,-0.1309291124343872,0.9975438714027405,0.5250244736671448,0.28851765394210815,-0.13092544674873352,0.9969472885131836,0.5254437923431396,0.2875296473503113,-0.13097046315670013,0.9969978928565979,0.5406874418258667,0.2817661166191101,-0.17959599196910858,0.9994631409645081,0.5359089374542236,0.28210875391960144,-0.059531740844249725,0.9941074252128601,0.5321034789085388,0.3062520921230316,-0.14615397155284882,0.9996611475944519,0.5299469232559204,0.3074043393135071,-0.11141131073236465,0.9983758926391602,0.5852074027061462,0.3224535286426544,-0.19270144402980804,0.9999963045120239,0.5369690656661987,0.3169578015804291,0.027799123898148537,0.9992730021476746,0.6010236144065857,0.39925113320350647,-0.2004871368408203,0.9978631138801575,0.527790367603302,0.3899135887622833,0.09000900387763977,0.3495633602142334,0.5917117595672607,0.4675416350364685,-0.20510700345039368,0.9924592971801758,0.5059136152267456,0.4388394355773926,0.03151103854179382,0.4590333104133606,0.595382809638977,0.489451140165329,-0.23129042983055115,0.9819531440734863,0.4972802698612213,0.45491960644721985,0.024543840438127518,0.41819441318511963,0.5856806635856628,0.4869791269302368,-0.24060840904712677,0.9811961650848389,0.49637025594711304,0.4544808566570282,-0.005231012590229511,0.4319984018802643,0.5834227800369263,0.47981634736061096,-0.2071380913257599,0.9667009711265564,0.5011573433876038,0.4516558051109314,0.016509199514985085,0.44234976172447205,0.577419638633728,0.46032440662384033,-0.06644327193498611,0.9997198581695557,0.5461463332176208,0.4568882882595062,0.06652627140283585,0.9981735944747925,0.5511581897735596,0.564622700214386,-0.06675579398870468,0.9206952452659607,0.5428900718688965,0.5542382597923279,0.11847511678934097,0.5483238101005554,0.541885256767273,0.66386878490448,0.04298975318670273,0.9640389084815979,0.5633095502853394,0.6166777014732361,0.263063907623291,0.6155398488044739,0.5435751676559448,0.6765038967132568,0.04908791556954384,0.8961342573165894,0.5776198506355286,0.628174364566803,0.27659130096435547,0.652773916721344,0.520952045917511,0.7010939717292786,-0.027848955243825912,0.9427750110626221,0.5506390333175659,0.6500071287155151,0.22288556396961212,0.6984853148460388
150,0.5259930491447449,0.29902002215385437,-0.14445486664772034,0.9989582896232605,0.5272525548934937,0.28751128911972046,-0.1588318645954132,0.9987966418266296,0.5286247134208679,0.2863624691963196,-0.15885788202285767,0.9989868402481079,0.5300593972206116,0.2851274311542511,-0.15891596674919128,0.999264121055603,0.5257045030593872,0.28805646300315857,-0.13347722589969635,0.9976257681846619,0.525881826877594,0.2872467637062073,-0.13348540663719177,0.9970776438713074,0.5261615514755249,0.2862969636917114,-0.13353730738162994,0.9971398711204529,0.543023943901062,0.2804190516471863,-0.1775098741054535,0.9994882345199585,0.5366517305374146,0.28140178322792053,-0.06205803155899048,0.9944571256637573,0.5327966213226318,0.30524471402168274,-0.14722515642642975,0.9996824264526367,0.5302538275718689,0.3065274953842163,-0.11384709924459457,0.9984762072563171,0.5861900448799133,0.3225046992301941,-0.18433688580989838,0.9999962449073792,0.5357117056846619,0.315386563539505,0.021258819848299026,0.9993237853050232,0.6001808047294617,0.40112099051475525,-0.1929911971092224,0.9978144764900208,0.5254952311515808,0.38876885175704956,0.08037008345127106,0.3907826244831085,0.5909703969955444,0.47090446949005127,-0.20743247866630554,0.9924187660217285,0.5023807883262634,0.4395914375782013,0.023145010694861412,0.5000899434089661,0.5945478081703186,0.49260827898979187,-0.23183350265026093,0.9819682836532593,0.4917624890804291,0.45597341656684875,0.015605293214321136,0.45715081691741943,0.5851366519927979,0.49007081985473633,-0.24181035161018372,0.981238067150116,0.49077048897743225,0.4555398225784302,-0.013504971750080585,0.4717864394187927,0.5825895667076111,0.4823485314846039,-0.20982348918914795,0.9671960473060608,0.4959658086299896,0.45220279693603516,0.008450977504253387,0.4809308648109436,0.5735787153244019,0.46091586351394653,-0.06209086626768112,0.9997129440307617,0.5410081148147583,0.45768964290618896,0.062111206352710724,0.998262882232666,0.5489709973335266,0.5679302215576172,-0.0713949203491211,0.9245972037315369,0.5367409586906433,0.5621691942214966,0.06398122012615204,0.5843653678894043,0.5424692034721375,0.662005603313446,0.052835993468761444,0.9652358889579773,0.5545112490653992,0.6234915256500244,0.21059170365333557,0.6401934623718262,0.544174075126648,0.6730464696884155,0.06070493534207344,0.8901184797286987,0.5731629133224487,0.6287844181060791,0.22377249598503113,0.6695061922073364,0.5218226313591003,0.6997878551483154,-0.013435554690659046,0.9443328976631165,0.5526251196861267,0.666545033454895,0.17952893674373627,0.7170243859291077
151,0.5270699858665466,0.30011656880378723,-0.14768870174884796,0.9990053772926331,0.5286649465560913,0.28820621967315674,-0.16150887310504913,0.9988209009170532,0.530023992061615,0.28718727827072144,-0.16155342757701874,0.999012291431427,0.5314168334007263,0.2860461473464966,-0.16162045300006866,0.9992770552635193,0.5271373391151428,0.288450688123703,-0.1342156082391739,0.9976546764373779,0.5273686647415161,0.28754961490631104,-0.13416756689548492,0.9971417188644409,0.5276981592178345,0.2864735424518585,-0.13411086797714233,0.9972220063209534,0.5442500114440918,0.2816750705242157,-0.19102683663368225,0.9994959235191345,0.5381870269775391,0.28193721175193787,-0.07374157756567001,0.9946885704994202,0.5336130261421204,0.30676478147506714,-0.1577085554599762,0.9996954798698425,0.5309187173843384,0.30763736367225647,-0.12345315515995026,0.9985471963882446,0.5873254537582397,0.32561400532722473,-0.19487042725086212,0.9999961256980896,0.5352135300636292,0.31595104932785034,0.012213390320539474,0.999372124671936,0.6001744270324707,0.4080136716365814,-0.20185014605522156,0.9976869821548462,0.5232008695602417,0.38946399092674255,0.07204002141952515,0.4291028380393982,0.5909550786018372,0.47762376070022583,-0.21808020770549774,0.9921618700027466,0.49809688329696655,0.44049227237701416,0.018382174894213676,0.5385620594024658,0.594125509262085,0.4984051287174225,-0.24333930015563965,0.9814966320991516,0.4882335066795349,0.456516832113266,0.01062643714249134,0.4940454661846161,0.5850546360015869,0.4960227310657501,-0.25303757190704346,0.980791449546814,0.48779296875,0.45627111196517944,-0.02063732035458088,0.5091854333877563,0.5826152563095093,0.488918274641037,-0.2204580307006836,0.9668600559234619,0.49216991662979126,0.4525151252746582,0.005490449257194996,0.5167371034622192,0.5693429112434387,0.46854230761528015,-0.060443032532930374,0.9997180700302124,0.5357310771942139,0.46148696541786194,0.06043660640716553,0.9983732104301453,0.5456121563911438,0.5731879472732544,-0.06554149836301804,0.9277360439300537,0.5276049375534058,0.5648704767227173,0.07328055053949356,0.6168502569198608,0.5393838882446289,0.6652161478996277,0.0687960758805275,0.9659060835838318,0.5455819368362427,0.630935788154602,0.2139347791671753,0.6610823273658752,0.5428018569946289,0.6753111481666565,0.0776529535651207,0.8835746645927429,0.5526126623153687,0.6388493180274963,0.23832276463508606,0.6820419430732727,0.5211236476898193,0.7014310359954834,6.569871038664132e-05,0.9456157088279724,0.5283702611923218,0.6750389933586121,0.18994754552841187,0.7341749668121338
152,0.5292410850524902,0.3026142716407776,-0.1814703643321991,0.9990230798721313,0.53136146068573,0.2910159230232239,-0.19612416625022888,0.9987483024597168,0.5328697562217712,0.2899656891822815,-0.196152001619339,0.9989684224128723,0.5344222784042358,0.2888031005859375,-0.19623011350631714,0.9992237091064453,0.5290711522102356,0.2912556529045105,-0.17214831709861755,0.9974914789199829,0.5290184617042542,0.290345162153244,-0.1721491813659668,0.997032880783081,0.5290423631668091,0.28926852345466614,-0.17219606041908264,0.9971293210983276,0.5470038652420044,0.28374820947647095,-0.20822115242481232,0.9994650483131409,0.5387477874755859,0.28403234481811523,-0.09892739355564117,0.9947145581245422,0.5362180471420288,0.3085000216960907,-0.18104256689548492,0.999689519405365,0.5322715044021606,0.3095875680446625,-0.14947812259197235,0.9985526204109192,0.5900864005088806,0.3317994475364685,-0.20169159770011902,0.9999957084655762,0.5341266393661499,0.317024290561676,-0.01145323459059,0.9994155168533325,0.6006877422332764,0.4175148606300354,-0.20021553337574005,0.9974307417869568,0.5209655165672302,0.3907848000526428,0.05402032658457756,0.4561938941478729,0.5912920236587524,0.48296207189559937,-0.2126469612121582,0.9914309978485107,0.4962054193019867,0.44124835729599,0.0005944586591795087,0.5717426538467407,0.5930838584899902,0.5039092302322388,-0.23587802052497864,0.9801833629608154,0.48577815294265747,0.457912415266037,-0.010035195387899876,0.5258040428161621,0.5844217538833618,0.5010151863098145,-0.2486286461353302,0.9795898795127869,0.4855312705039978,0.45633411407470703,-0.04105180501937866,0.5415711402893066,0.5823585987091064,0.4938606023788452,-0.21649932861328125,0.9655413627624512,0.4896221160888672,0.4531498849391937,-0.014476805925369263,0.5475926399230957,0.5668476819992065,0.4759253263473511,-0.05659514665603638,0.9997095465660095,0.5315994024276733,0.4650082290172577,0.05656296759843826,0.9984718561172485,0.5448817610740662,0.577235996723175,-0.05272362753748894,0.932763934135437,0.521349310874939,0.5699570775032043,0.05909603089094162,0.6519393920898438,0.5414109826087952,0.6647290587425232,0.10093919187784195,0.9678912162780762,0.5331124067306519,0.6419843435287476,0.2188413441181183,0.691616952419281,0.5446162819862366,0.6760406494140625,0.11108841001987457,0.8799250721931458,0.5401350259780884,0.649681031703949,0.2342735081911087,0.7037068605422974,0.5221556425094604,0.7042755484580994,0.027572035789489746,0.948860228061676,0.5152415037155151,0.6828407049179077,0.17739686369895935,0.7581466436386108
153,0.5321578979492188,0.3042367696762085,-0.1837075799703598,0.9988941550254822,0.5347200632095337,0.2914048433303833,-0.1981317698955536,0.9983214139938354,0.536365270614624,0.29072925448417664,-0.1981736123561859,0.9986489415168762,0.5381301641464233,0.28998079895973206,-0.19826391339302063,0.9989339113235474,0.5321521162986755,0.2915297746658325,-0.17472633719444275,0.9966793656349182,0.5319662690162659,0.29088735580444336,-0.17473173141479492,0.9961985349655151,0.5318354964256287,0.2901759743690491,-0.17479588091373444,0.9963877201080322,0.5503789186477661,0.28787460923194885,-0.20809528231620789,0.9992794990539551,0.5408085584640503,0.28729143738746643,-0.09919960796833038,0.9938668608665466,0.5391923785209656,0.31163355708122253,-0.1816990077495575,0.9996286630630493,0.5347576141357422,0.3116471469402313,-0.1505756825208664,0.9983841776847839,0.5910785794258118,0.3406781256198883,-0.19532372057437897,0.9999936819076538,0.5344225764274597,0.3211006820201874,-0.012438146397471428,0.999447762966156,0.6003402471542358,0.42814263701438904,-0.1929294764995575,0.9966019988059998,0.5197064876556396,0.39155709743499756,0.0535142607986927,0.4753108322620392,0.589858889579773,0.4868462383747101,-0.21089251339435577,0.9883946776390076,0.4935438632965088,0.443158894777298,0.00125529570505023,0.5967397093772888,0.5909290313720703,0.5079570412635803,-0.23462466895580292,0.9751245379447937,0.4834223687648773,0.4594629108905792,-0.009100712835788727,0.548102855682373,0.5814775824546814,0.5047704577445984,-0.2501640021800995,0.9746174216270447,0.4833839535713196,0.4569030702114105,-0.03958071395754814,0.5648947954177856,0.579695999622345,0.49731168150901794,-0.2164507657289505,0.9592702388763428,0.48820844292640686,0.45538192987442017,-0.013810208067297935,0.5704385638237,0.5618044137954712,0.4829502999782562,-0.05330202728509903,0.9996474981307983,0.5289249420166016,0.4704800844192505,0.053279437124729156,0.998510479927063,0.5451778173446655,0.5861853957176208,-0.028500840067863464,0.9371789693832397,0.5163416862487793,0.5760491490364075,0.07714693993330002,0.6815506219863892,0.5423753261566162,0.6665050983428955,0.12727142870426178,0.968467116355896,0.527320146560669,0.6517817974090576,0.22348110377788544,0.716775119304657,0.5458999276161194,0.6807406544685364,0.1377933919429779,0.8678557276725769,0.5351861715316772,0.6614362001419067,0.23782892525196075,0.7182915210723877,0.5224145650863647,0.7057473659515381,0.05182201415300369,0.9496528506278992,0.5076720714569092,0.6900490522384644,0.1808503270149231,0.777751088142395
154,0.5352514386177063,0.3108869194984436,-0.22716167569160461,0.9989100098609924,0.5386971831321716,0.298777312040329,-0.24029441177845,0.9982267022132874,0.5408205389976501,0.2982639670372009,-0.2403295934200287,0.9985756278038025,0.5429826974868774,0.29766932129859924,-0.24043424427509308,0.998856782913208,0.5350817441940308,0.29879552125930786,-0.21887221932411194,0.9964977502822876,0.5345460772514343,0.2982163727283478,-0.21887779235839844,0.9960073828697205,0.5340271592140198,0.2975829243659973,-0.21893134713172913,0.9962184429168701,0.5548228621482849,0.296650767326355,-0.2346351444721222,0.9992414116859436,0.5418845415115356,0.29547590017318726,-0.13449621200561523,0.9937590956687927,0.542516827583313,0.3186064064502716,-0.21870672702789307,0.9996314644813538,0.5371156930923462,0.31813862919807434,-0.18999804556369781,0.9984239935874939,0.5929447412490845,0.349966824054718,-0.2008122205734253,0.9999927282333374,0.5326882600784302,0.32865220308303833,-0.042485401034355164,0.9994872808456421,0.6006291508674622,0.4336162209510803,-0.19655920565128326,0.9964690804481506,0.517059862613678,0.39454206824302673,0.024559730663895607,0.5015270113945007,0.5905459523200989,0.4942878186702728,-0.21733608841896057,0.9875341057777405,0.48820358514785767,0.44410285353660583,-0.03391144797205925,0.6266087889671326,0.5922172665596008,0.5163747668266296,-0.2419254332780838,0.9733356237411499,0.47845855355262756,0.46087446808815,-0.04956332594156265,0.5776253938674927,0.5828238725662231,0.5145355463027954,-0.25203102827072144,0.9729536771774292,0.47831693291664124,0.4573136568069458,-0.080570749938488,0.5944963693618774,0.5809076428413391,0.5067061185836792,-0.2214994877576828,0.9575430750846863,0.48277631402015686,0.4563407897949219,-0.04963178187608719,0.5990559458732605,0.561184287071228,0.49009931087493896,-0.047567326575517654,0.9996264576911926,0.5258187651634216,0.4757053554058075,0.04755568504333496,0.9985867142677307,0.5414161682128906,0.5890969038009644,-0.025366485118865967,0.942180335521698,0.5110422372817993,0.5771207809448242,0.06668101251125336,0.7107762694358826,0.542708694934845,0.6675443053245544,0.16042377054691315,0.9697949886322021,0.5250693559646606,0.6552942395210266,0.24033817648887634,0.7416910529136658,0.5466216802597046,0.6795550584793091,0.17437781393527985,0.8593810200691223,0.5345571041107178,0.6642157435417175,0.2569558918476105,0.735447347164154,0.5228947401046753,0.7073312997817993,0.08839143812656403,0.9513508677482605,0.5068464279174805,0.6961019039154053,0.1862868219614029,0.7965647578239441
155,0.5369274616241455,0.3229351341724396,-0.2807283103466034,0.9990119338035583,0.5414047241210938,0.3110513389110565,-0.2909178137779236,0.9983808994293213,0.5437494516372681,0.31050601601600647,-0.2909303605556488,0.9986987709999084,0.5461761951446533,0.31007978320121765,-0.2910209894180298,0.9989529252052307,0.5369976162910461,0.31080618500709534,-0.27169671654701233,0.9967980980873108,0.5363034605979919,0.309979110956192,-0.2716979384422302,0.9963500499725342,0.5356300473213196,0.3091164529323578,-0.2717268466949463,0.9965410828590393,0.5580366253852844,0.309786319732666,-0.26476049423217773,0.9993053078651428,0.5426938533782959,0.3065457046031952,-0.17484121024608612,0.9943025708198547,0.5443214178085327,0.3313273787498474,-0.2642584443092346,0.9996657371520996,0.5382667183876038,0.32985061407089233,-0.23853346705436707,0.998572587966919,0.5937987565994263,0.36255374550819397,-0.21266476809978485,0.9999932646751404,0.5302368402481079,0.33703818917274475,-0.06733264029026031,0.999535858631134,0.6002377867698669,0.44493067264556885,-0.1991872489452362,0.9966607689857483,0.5125751495361328,0.4023726284503937,-0.0013541060034185648,0.538613498210907,0.5902987122535706,0.5092841982841492,-0.236796572804451,0.9882879853248596,0.48148250579833984,0.44915202260017395,-0.08274659514427185,0.6608555316925049,0.5907436609268188,0.5318249464035034,-0.2625499665737152,0.974795401096344,0.4721291661262512,0.4638058543205261,-0.10217958688735962,0.6149010062217712,0.582574725151062,0.5307105183601379,-0.2837119698524475,0.9745305180549622,0.47197213768959045,0.4590985178947449,-0.1353943943977356,0.6306984424591064,0.5809444785118103,0.5239301919937134,-0.24487800896167755,0.9600911140441895,0.4760590195655823,0.45806118845939636,-0.09923544526100159,0.6342111229896545,0.5600448250770569,0.49886706471443176,-0.04452689364552498,0.999656081199646,0.522864818572998,0.48451945185661316,0.04448002204298973,0.9987185001373291,0.5383703112602234,0.5954551100730896,-0.04301861301064491,0.9474796652793884,0.5018669962882996,0.5829989910125732,-0.00015858773258514702,0.7390915155410767,0.5419477224349976,0.6730353832244873,0.1770811527967453,0.9720314145088196,0.5212960243225098,0.6567868590354919,0.23236393928527832,0.7652568817138672,0.5462905764579773,0.6826385259628296,0.1959354281425476,0.8610346913337708,0.5300660729408264,0.6644874811172485,0.25580352544784546,0.7539291381835938,0.5232065320014954,0.7141290307044983,0.11766312271356583,0.9546937346458435,0.5047703981399536,0.7004546523094177,0.1896722912788391,0.814349889755249
156,0.5393940210342407,0.33923837542533875,-0.3180736005306244,0.999103844165802,0.5441829562187195,0.3275783658027649,-0.3254026770591736,0.9985212087631226,0.546928346157074,0.327269971370697,-0.32541272044181824,0.9988111853599548,0.5497639179229736,0.3270828127861023,-0.32550331950187683,0.9990405440330505,0.5390965938568115,0.3265898525714874,-0.30931949615478516,0.9970670938491821,0.5380586981773376,0.32528361678123474,-0.3093337118625641,0.9966545701026917,0.5370728373527527,0.32396823167800903,-0.3093532919883728,0.9968225955963135,0.5606614351272583,0.32650429010391235,-0.2824752926826477,0.9993651509284973,0.5430394411087036,0.32074788212776184,-0.20618364214897156,0.9947707056999207,0.5467895865440369,0.3478357195854187,-0.29486265778541565,0.9996967315673828,0.5397635698318481,0.34548261761665344,-0.27314820885658264,0.9987059831619263,0.5943799614906311,0.37820491194725037,-0.2252647578716278,0.9999938011169434,0.5285531282424927,0.34699544310569763,-0.09060429036617279,0.9995799660682678,0.5988413095474243,0.4579208493232727,-0.20125384628772736,0.9968671202659607,0.5077205896377563,0.41106948256492615,-0.031300194561481476,0.5753133296966553,0.5897669196128845,0.5214119553565979,-0.2691670358181,0.989120364189148,0.4746033549308777,0.45294955372810364,-0.13255980610847473,0.6929765939712524,0.5886715650558472,0.5450770854949951,-0.29831382632255554,0.9764778017997742,0.4644635319709778,0.46587732434272766,-0.15553641319274902,0.6506476998329163,0.5814634561538696,0.5439457297325134,-0.3199312090873718,0.9763051271438599,0.46472612023353577,0.46147456765174866,-0.190944105386734,0.6652350425720215,0.5800672173500061,0.5372121334075928,-0.27782711386680603,0.9629219174385071,0.4688151776790619,0.4599241614341736,-0.1503390371799469,0.6680607795715332,0.5575731992721558,0.5093530416488647,-0.04502522200345993,0.9996849894523621,0.5202735662460327,0.4945468604564667,0.0449930876493454,0.9988378286361694,0.5343848466873169,0.6025053262710571,-0.04895520955324173,0.9522219896316528,0.4954816401004791,0.5910598635673523,0.01737833395600319,0.7640730738639832,0.5410463809967041,0.6747607588768005,0.18525482714176178,0.9738739132881165,0.5196075439453125,0.6586694717407227,0.2461971491575241,0.7859711050987244,0.5464134812355042,0.6819785833358765,0.2061852514743805,0.8623069524765015,0.5295335054397583,0.6647158265113831,0.26932382583618164,0.7701891660690308,0.5233564972877502,0.7155663371086121,0.1322781890630722,0.9575594663619995,0.5027755498886108,0.7043178677558899,0.21028368175029755,0.829872190952301
157,0.5417349338531494,0.35164400935173035,-0.41963762044906616,0.9991894364356995,0.5470422506332397,0.34047654271125793,-0.4238159656524658,0.9986581206321716,0.54990553855896,0.3404320478439331,-0.42382287979125977,0.9989204406738281,0.5529385805130005,0.34055736660957336,-0.42394137382507324,0.9991281628608704,0.5415967702865601,0.3389066755771637,-0.41041669249534607,0.9973339438438416,0.5404766798019409,0.3375001549720764,-0.4104670584201813,0.9969557523727417,0.5393153429031372,0.33604463934898376,-0.41048550605773926,0.9971072673797607,0.562493622303009,0.33978137373924255,-0.36130034923553467,0.9994218349456787,0.5437958240509033,0.3326989710330963,-0.29783907532691956,0.9952237606048584,0.5486705303192139,0.3601672053337097,-0.38877007365226746,0.9997252821922302,0.5412951707839966,0.3569733202457428,-0.37075671553611755,0.9988287091255188,0.5938838720321655,0.38980257511138916,-0.2887173891067505,0.9999943375587463,0.5270281434059143,0.35612156987190247,-0.17227444052696228,0.9996208548545837,0.5959087610244751,0.47057098150253296,-0.2786608040332794,0.9970870614051819,0.5044659376144409,0.4206167459487915,-0.12720970809459686,0.6131919026374817,0.587787926197052,0.5375365018844604,-0.34736740589141846,0.9899452924728394,0.4683460593223572,0.45953765511512756,-0.23822541534900665,0.7223258018493652,0.5874346494674683,0.5603284239768982,-0.38190099596977234,0.9781649708747864,0.45695239305496216,0.47204533219337463,-0.2652941942214966,0.6834424138069153,0.5801120400428772,0.5592050552368164,-0.40329790115356445,0.9780738353729248,0.45739468932151794,0.46969956159591675,-0.3023422360420227,0.6968165636062622,0.5785821080207825,0.5520979762077332,-0.35660189390182495,0.9656926989555359,0.4623493254184723,0.4670996367931366,-0.25647586584091187,0.6990612149238586,0.5555176138877869,0.5133927464485168,-0.043985120952129364,0.9997137784957886,0.5189614295959473,0.49777430295944214,0.04396989941596985,0.9989468455314636,0.5262227654457092,0.603335976600647,-0.055632442235946655,0.9563165903091431,0.48944488167762756,0.5985237956047058,0.03945057466626167,0.7851089239120483,0.5401124358177185,0.6732885837554932,0.1777842938899994,0.975325345993042,0.521032989025116,0.6553210020065308,0.30604636669158936,0.8002264499664307,0.5465923547744751,0.6769837737083435,0.1992601603269577,0.8658782839775085,0.5311437249183655,0.6609662175178528,0.3319239020347595,0.7789440751075745,0.5234929919242859,0.7140209078788757,0.1299796998500824,0.9600348472595215,0.5043964982032776,0.698326826095581,0.281154602766037,0.839708149433136
158,0.542402446269989,0.36977067589759827,-0.45424261689186096,0.9992668628692627,0.5477460622787476,0.3582810163497925,-0.45857492089271545,0.9987831711769104,0.5508027076721191,0.3580872714519501,-0.4585851728916168,0.9990203380584717,0.5541013479232788,0.35796210169792175,-0.45870837569236755,0.9992075562477112,0.5421820878982544,0.3563371002674103,-0.44669395685195923,0.997577428817749,0.5410482883453369,0.3546842634677887,-0.4467587471008301,0.9972323775291443,0.5398968458175659,0.3529713451862335,-0.44678521156311035,0.9973691701889038,0.5631223320960999,0.35561710596084595,-0.3915995955467224,0.9994728565216064,0.5437231659889221,0.34874817728996277,-0.33498436212539673,0.9956490993499756,0.5489655137062073,0.3763892948627472,-0.42126911878585815,0.9997507929801941,0.5416767597198486,0.37338685989379883,-0.4052968919277191,0.9989389777183533,0.5939143896102905,0.40303629636764526,-0.3041667640209198,0.9999947547912598,0.5249617099761963,0.36833736300468445,-0.2200925052165985,0.9996578097343445,0.5933992862701416,0.4841606914997101,-0.2962166666984558,0.9970643520355225,0.4982264041900635,0.4326417148113251,-0.19363254308700562,0.648386538028717,0.5851858854293823,0.550406277179718,-0.3668469786643982,0.9899741411209106,0.46249884366989136,0.4701005816459656,-0.31602492928504944,0.7486327290534973,0.5851388573646545,0.5741870403289795,-0.4017135202884674,0.9781898856163025,0.4499756693840027,0.4842561185359955,-0.34896349906921387,0.7128233909606934,0.5779320001602173,0.5730174779891968,-0.4255610406398773,0.9783300161361694,0.45029473304748535,0.48283281922340393,-0.386249840259552,0.7251764535903931,0.5765320062637329,0.5645889639854431,-0.3777174651622772,0.9663937091827393,0.4554310441017151,0.4790397584438324,-0.3350721299648285,0.7269250154495239,0.5526267290115356,0.521129310131073,-0.03496259078383446,0.9997394680976868,0.5146815180778503,0.5058325529098511,0.03495194762945175,0.9990429878234863,0.5256891250610352,0.604586660861969,-0.016517631709575653,0.9598270654678345,0.48731666803359985,0.6034259796142578,0.08453620225191116,0.8045463562011719,0.5377868413925171,0.6722366213798523,0.21821951866149902,0.976660430431366,0.5224156975746155,0.6529147028923035,0.3783652186393738,0.8116828203201294,0.5452183485031128,0.6746242642402649,0.23892903327941895,0.8708352446556091,0.5337158441543579,0.6585941314697266,0.4066630005836487,0.7850254774093628,0.5235320329666138,0.7124650478363037,0.15578190982341766,0.9623544216156006,0.509920597076416,0.69606614112854,0.34878358244895935,0.8469641208648682
159,0.5421664714813232,0.38395124673843384,-0.45048150420188904,0.9993389844894409,0.547619640827179,0.37343713641166687,-0.4540584087371826,0.9989022612571716,0.5506352782249451,0.37321433424949646,-0.45404982566833496,0.9991155862808228,0.5539467930793762,0.37300264835357666,-0.4541698396205902,0.9992842078208923,0.5422422885894775,0.37097281217575073,-0.4433627724647522,0.9978137016296387,0.541163980960846,0.36903855204582214,-0.44344544410705566,0.9975019097328186,0.5400542616844177,0.3670502305030823,-0.44348007440567017,0.9976257085800171,0.5631154775619507,0.36987924575805664,-0.3848848044872284,0.9995231032371521,0.543692946434021,0.36238348484039307,-0.3337191939353943,0.9960711002349854,0.5483473539352417,0.3901715576648712,-0.41709962487220764,0.9997751712799072,0.5414360165596008,0.3870278000831604,-0.40266647934913635,0.9990432858467102,0.5937724709510803,0.4186832010746002,-0.29459553956985474,0.9999951124191284,0.5230749249458313,0.3824264109134674,-0.2258036583662033,0.999691367149353,0.5922932028770447,0.5013648271560669,-0.28570592403411865,0.9970197081565857,0.4942654073238373,0.44608554244041443,-0.22134044766426086,0.6811190843582153,0.5844528079032898,0.5660513043403625,-0.3546590507030487,0.9897750020027161,0.4583760201931,0.482435405254364,-0.35794150829315186,0.7723286747932434,0.5849047899246216,0.5898277759552002,-0.3856331706047058,0.977700412273407,0.4444568157196045,0.49796801805496216,-0.3903966546058655,0.7392268180847168,0.5779994130134583,0.5881025791168213,-0.4093337655067444,0.9782060384750366,0.44467687606811523,0.49852174520492554,-0.4258313775062561,0.7506760954856873,0.576269268989563,0.579706609249115,-0.36521995067596436,0.9665822982788086,0.4501751959323883,0.49407967925071716,-0.37611302733421326,0.7519531846046448,0.548381507396698,0.5317146182060242,-0.031205806881189346,0.9997628927230835,0.5108872056007385,0.5169742107391357,0.031154220923781395,0.9991313815116882,0.511472225189209,0.6089598536491394,-0.07432890683412552,0.9631808996200562,0.48272448778152466,0.6225001215934753,0.0513591468334198,0.8221597075462341,0.5295777916908264,0.671222448348999,0.16602426767349243,0.9779009819030762,0.5218635201454163,0.6548405885696411,0.3458835780620575,0.8162556290626526,0.5396181344985962,0.6697450876235962,0.18348923325538635,0.8748470544815063,0.5345494151115417,0.657575249671936,0.3754185438156128,0.782122790813446,0.5196993947029114,0.7121936082839966,0.10977433621883392,0.9643071889877319,0.5128931403160095,0.6982094645500183,0.33022239804267883,0.8471683263778687
160,0.5421271324157715,0.39923566579818726,-0.44450217485427856,0.9994035959243774,0.5480921864509583,0.38804900646209717,-0.4462173879146576,0.9990091919898987,0.551520586013794,0.38798508048057556,-0.4462231695652008,0.9992008805274963,0.5551559329032898,0.3878834843635559,-0.4463389813899994,0.9993529915809631,0.5420805215835571,0.3853301405906677,-0.43698349595069885,0.9980261921882629,0.540874183177948,0.3833150863647461,-0.43705520033836365,0.9977436065673828,0.5396937131881714,0.38131195306777954,-0.43708914518356323,0.9978559017181396,0.5640131235122681,0.38542208075523376,-0.3717423975467682,0.999567985534668,0.5434855222702026,0.37729305028915405,-0.3276253044605255,0.9964517951011658,0.5482805967330933,0.406605064868927,-0.40958818793296814,0.9997970461845398,0.541111946105957,0.4030459225177765,-0.39718037843704224,0.9991373419761658,0.5935620069503784,0.43567022681236267,-0.28582197427749634,0.9999954700469971,0.5202668905258179,0.4006131887435913,-0.22113290429115295,0.999721348285675,0.5931171178817749,0.5143632292747498,-0.28406545519828796,0.9969916939735413,0.49089255928993225,0.46237704157829285,-0.2181127369403839,0.7092423439025879,0.5850504040718079,0.5753709673881531,-0.3618467450141907,0.9895119667053223,0.4547575116157532,0.5002264380455017,-0.3490155339241028,0.7911024689674377,0.5857127904891968,0.5995200276374817,-0.39397186040878296,0.9769684672355652,0.44038867950439453,0.5131110548973083,-0.381316602230072,0.7592079043388367,0.5786529183387756,0.5992717742919922,-0.41728758811950684,0.977789580821991,0.4407886862754822,0.5142611265182495,-0.4158359169960022,0.7702624201774597,0.5769146680831909,0.5909445881843567,-0.37266215682029724,0.966372013092041,0.4464139938354492,0.5106943845748901,-0.3668939471244812,0.7711644768714905,0.5487471222877502,0.5501343011856079,-0.028108706697821617,0.9997846484184265,0.5084867477416992,0.5356786251068115,0.028043922036886215,0.9992148280143738,0.5050749778747559,0.6331494450569153,-0.06891368329524994,0.9661107659339905,0.47847145795822144,0.640055775642395,-0.008684276603162289,0.838632345199585,0.5298968553543091,0.6708477735519409,0.20728778839111328,0.9752479791641235,0.5228959918022156,0.6539319753646851,0.3197992742061615,0.8076815605163574,0.5395962595939636,0.6673843860626221,0.23381301760673523,0.8685998916625977,0.5339877605438232,0.656182050704956,0.3381175100803375,0.7639986276626587,0.5210792422294617,0.7120451331138611,0.19219642877578735,0.9616320133209229,0.5140281915664673,0.6987845301628113,0.29392990469932556,0.8365525007247925
161,0.5415492057800293,0.41594186425209045,-0.4665232300758362,0.999459981918335,0.5473712682723999,0.4057994484901428,-0.4652160704135895,0.9991036057472229,0.5506381392478943,0.4059491455554962,-0.4652235507965088,0.999275267124176,0.5540667772293091,0.4060608148574829,-0.4653385281562805,0.9994126558303833,0.5414832830429077,0.40283143520355225,-0.4591819643974304,0.9982143044471741,0.5402971506118774,0.40087589621543884,-0.4592670500278473,0.9979568719863892,0.5391578674316406,0.398853600025177,-0.4593135714530945,0.9980597496032715,0.5628052949905396,0.4043472707271576,-0.3800447881221771,0.9996040463447571,0.5432771444320679,0.3951580822467804,-0.3512738049030304,0.9967818856239319,0.5477867126464844,0.4236762225627899,-0.4283592104911804,0.9998159408569336,0.5409471392631531,0.4201074540615082,-0.4203915596008301,0.9992204308509827,0.5908945798873901,0.4531518518924713,-0.2882620096206665,0.9999954700469971,0.5180783867835999,0.41856855154037476,-0.24797849357128143,0.9997479915618896,0.5907480716705322,0.5349159836769104,-0.2771495580673218,0.9965018630027771,0.4883328974246979,0.48266324400901794,-0.22177843749523163,0.7356947064399719,0.5828323364257812,0.600642740726471,-0.3461918234825134,0.9866127967834473,0.45007210969924927,0.5232979655265808,-0.31992456316947937,0.8078850507736206,0.583832859992981,0.6214844584465027,-0.37431368231773376,0.9713754057884216,0.43615031242370605,0.5325149893760681,-0.346922904253006,0.7767935991287231,0.5783491730690002,0.6206017732620239,-0.3990403711795807,0.9730692505836487,0.4370618760585785,0.53258216381073,-0.38374704122543335,0.7876694798469543,0.5759820938110352,0.6136206984519958,-0.357244610786438,0.9613831639289856,0.4425930380821228,0.5300151109695435,-0.3373093008995056,0.7881544828414917,0.5465075969696045,0.5674243569374084,-0.019933979958295822,0.9998047947883606,0.5054370164871216,0.5571504831314087,0.01983458176255226,0.999289333820343,0.5119640827178955,0.6350567936897278,-0.04655002802610397,0.9679593443870544,0.4751124978065491,0.6621602177619934,0.0125582842156291,0.8512662649154663,0.5313581228256226,0.6638842225074768,0.2256920039653778,0.9589530825614929,0.5156212449073792,0.651544451713562,0.3329354226589203,0.7538080811500549,0.5405776500701904,0.6573938727378845,0.2541264593601227,0.8467618823051453,0.5227838754653931,0.6422291398048401,0.3675137162208557,0.7108731865882874,0.5294479727745056,0.7031635642051697,0.23268842697143555,0.9471273422241211,0.5144637823104858,0.68033367395401,0.362630695104599,0.7864077687263489
162,0.541426956653595,0.43535706400871277,-0.48646607995033264,0.9995126724243164,0.5474782586097717,0.4244174063205719,-0.4818655848503113,0.9991915822029114,0.5508871078491211,0.4246801435947418,-0.4818829596042633,0.9993457198143005,0.5542939901351929,0.42486873269081116,-0.48199543356895447,0.9994693994522095,0.5411825776100159,0.4214191734790802,-0.477844774723053,0.998389720916748,0.5399416089057922,0.4195953607559204,-0.47791194915771484,0.9981569647789001,0.5388119220733643,0.41785377264022827,-0.4779413342475891,0.9982497096061707,0.5624380111694336,0.4238350987434387,-0.3831878900527954,0.9996407628059387,0.5425897836685181,0.4147980809211731,-0.3646681308746338,0.9970952272415161,0.5474830865859985,0.4435898959636688,-0.4437103867530823,0.9998337030410767,0.5407992601394653,0.4402134120464325,-0.43866801261901855,0.9992972612380981,0.5887069702148438,0.47349289059638977,-0.2839595675468445,0.9999957084655762,0.5163498520851135,0.4400498569011688,-0.26011407375335693,0.9997718334197998,0.586843729019165,0.5507326126098633,-0.2720990777015686,0.9961528182029724,0.4866360127925873,0.5016516447067261,-0.23119327425956726,0.7599458694458008,0.5792173743247986,0.6191018223762512,-0.330937922000885,0.9848924279212952,0.45134156942367554,0.5467484593391418,-0.3270174562931061,0.8223109245300293,0.5793566107749939,0.6397655010223389,-0.3603305220603943,0.9676611423492432,0.4390220642089844,0.5565927028656006,-0.3577086627483368,0.7908865809440613,0.5750330686569214,0.6397751569747925,-0.3866671919822693,0.9699912667274475,0.44069376587867737,0.557150661945343,-0.39319276809692383,0.8017296195030212,0.5729769468307495,0.6330121159553528,-0.34245771169662476,0.9580681324005127,0.44534119963645935,0.5548571348190308,-0.343927264213562,0.8014676570892334,0.5442155599594116,0.5859527587890625,-0.01406787894666195,0.9998232126235962,0.5030269622802734,0.572395384311676,0.014009512960910797,0.9993569254875183,0.5121186971664429,0.6592393517494202,-0.001706788083538413,0.9673198461532593,0.47275304794311523,0.6654393672943115,0.024824954569339752,0.8592044115066528,0.5322918891906738,0.6616506576538086,0.34329137206077576,0.894692599773407,0.4907757341861725,0.6447033286094666,0.3874078392982483,0.688340425491333,0.5409622192382812,0.6532803773880005,0.38014936447143555,0.7847897410392761,0.49488621950149536,0.6338050961494446,0.42763280868530273,0.6486799716949463,0.529306948184967,0.692364513874054,0.37430962920188904,0.8916377425193787,0.4896054267883301,0.6650072932243347,0.4289589822292328,0.7221575379371643
163,0.5411136746406555,0.4572942554950714,-0.4871762692928314,0.9995580315589905,0.5470024347305298,0.44567620754241943,-0.48174795508384705,0.9992684721946716,0.5501334071159363,0.446138471364975,-0.4817879796028137,0.999406635761261,0.5533605217933655,0.4465908706188202,-0.4819323420524597,0.9995187520980835,0.5404801964759827,0.442810595035553,-0.4758835732936859,0.998543381690979,0.53875732421875,0.4412117302417755,-0.47594839334487915,0.9983304738998413,0.5371118783950806,0.43962499499320984,-0.4759708046913147,0.9984137415885925,0.5620484948158264,0.4461778700351715,-0.3862265944480896,0.9996719360351562,0.5391638875007629,0.4369122087955475,-0.3599616587162018,0.9973599910736084,0.5468429923057556,0.4668194651603699,-0.4463467001914978,0.9998489022254944,0.5385778546333313,0.46388623118400574,-0.4389062821865082,0.9993647336959839,0.5846296548843384,0.501122236251831,-0.29643934965133667,0.999995768070221,0.5098480582237244,0.4670266807079315,-0.2475673258304596,0.9997913837432861,0.5827628374099731,0.5777291655540466,-0.2933361828327179,0.9956448674201965,0.484537273645401,0.5222453474998474,-0.2231641560792923,0.7754351496696472,0.5779497027397156,0.6408278942108154,-0.36823806166648865,0.9807306528091431,0.4579811692237854,0.574732780456543,-0.33450573682785034,0.8171677589416504,0.5796557664871216,0.6621564030647278,-0.3983136713504791,0.9603860378265381,0.445934921503067,0.5863049626350403,-0.36140722036361694,0.7828952074050903,0.5747988224029541,0.6630691289901733,-0.42428383231163025,0.9635444283485413,0.44617947936058044,0.586765706539154,-0.39095646142959595,0.7951065897941589,0.5727108120918274,0.6572431325912476,-0.3796097934246063,0.9508113265037537,0.450824499130249,0.5845581889152527,-0.348937064409256,0.7940815091133118,0.5393612384796143,0.6137826442718506,-0.013571441173553467,0.9998387694358826,0.49656224250793457,0.597581684589386,0.013579334132373333,0.9994156956672668,0.5119427442550659,0.6873934268951416,-0.019008701667189598,0.9555181264877319,0.47429484128952026,0.6835356950759888,-0.004794248845428228,0.858349621295929,0.5210019946098328,0.6637384295463562,0.3063381612300873,0.8136035203933716,0.4747200012207031,0.6472827792167664,0.34442010521888733,0.6255927085876465,0.5232563018798828,0.6566060781478882,0.34276139736175537,0.7172814607620239,0.4754214882850647,0.6373614072799683,0.38096883893013,0.5920885801315308,0.5204760432243347,0.6873577833175659,0.3359052836894989,0.816153883934021,0.4696127474308014,0.6624792814254761,0.37737947702407837,0.6604874134063721
164,0.5389257669448853,0.4839136004447937,-0.535564661026001,0.9996010661125183,0.545750081539154,0.4728403687477112,-0.5311723351478577,0.9993402361869812,0.5493232011795044,0.473528653383255,-0.5312075018882751,0.9994641542434692,0.5529160499572754,0.47397956252098083,-0.5313711762428284,0.9995655417442322,0.5383070707321167,0.468916118144989,-0.5246757864952087,0.9986868500709534,0.5364177227020264,0.46676963567733765,-0.5247228145599365,0.9984937310218811,0.5345728397369385,0.4645218253135681,-0.5247273445129395,0.9985689520835876,0.560686469078064,0.4718869924545288,-0.434091180562973,0.9997029900550842,0.5361509919166565,0.4602653384208679,-0.40400761365890503,0.9976163506507874,0.5439808964729309,0.49237802624702454,-0.4934098720550537,0.9998636245727539,0.5354090332984924,0.48905351758003235,-0.4848242700099945,0.9994276762008667,0.58106529712677,0.5196888446807861,-0.34276220202445984,0.9999960660934448,0.5059928297996521,0.48719218373298645,-0.2792437970638275,0.999811589717865,0.5805410742759705,0.6061486601829529,-0.3474953770637512,0.9957832098007202,0.48179498314857483,0.5506983995437622,-0.2421617954969406,0.7928558588027954,0.5771496295928955,0.6758092641830444,-0.427462100982666,0.9799304008483887,0.46170154213905334,0.6057732701301575,-0.3448808789253235,0.8226051330566406,0.5803436040878296,0.6962689161300659,-0.4628736078739166,0.9585389494895935,0.45702725648880005,0.6222120523452759,-0.3712872564792633,0.7864847183227539,0.5751582980155945,0.6972399353981018,-0.4901479184627533,0.9618800282478333,0.463270366191864,0.6231476664543152,-0.40399065613746643,0.7988306879997253,0.5726305842399597,0.6917029619216919,-0.43960410356521606,0.9489898085594177,0.46635136008262634,0.6191869974136353,-0.3595007658004761,0.7964210510253906,0.5359219312667847,0.6429574489593506,-0.019369665533304214,0.9998538494110107,0.4939335286617279,0.6217084527015686,0.019398238509893417,0.9994716048240662,0.49714675545692444,0.7263495326042175,-0.039066046476364136,0.950347900390625,0.4621974527835846,0.706595242023468,0.010023104026913643,0.8606238961219788,0.509856104850769,0.6730828881263733,0.3111428916454315,0.7376384735107422,0.4746156632900238,0.6619909405708313,0.3598414361476898,0.5683499574661255,0.512437641620636,0.6580568552017212,0.35000839829444885,0.6539453864097595,0.4759225845336914,0.6499642729759216,0.39904382824897766,0.5422219634056091,0.508895993232727,0.6892173886299133,0.3582668602466583,0.7438049912452698,0.4697737693786621,0.6678983569145203,0.4112251400947571,0.6045557260513306
165,0.5357262492179871,0.5120185017585754,-0.5508468151092529,0.9996399283409119,0.5431505441665649,0.5024646520614624,-0.5480042099952698,0.9994046092033386,0.5467258095741272,0.5027166604995728,-0.5480250716209412,0.999515950679779,0.5503793358802795,0.5027252435684204,-0.5481727123260498,0.9996076226234436,0.5355725884437561,0.49846962094306946,-0.5423300266265869,0.9988155961036682,0.5336351990699768,0.4959562420845032,-0.5423895120620728,0.9986401796340942,0.5316540002822876,0.4931897222995758,-0.5423969030380249,0.9987080693244934,0.5575417280197144,0.497901052236557,-0.45234376192092896,0.9997311234474182,0.5321242213249207,0.48629286885261536,-0.4255620837211609,0.9978477358818054,0.5399315357208252,0.517934262752533,-0.5078738331794739,0.999876856803894,0.5315209031105042,0.51479172706604,-0.5003125667572021,0.9994842410087585,0.5787351131439209,0.5413478016853333,-0.3541049063205719,0.9999964237213135,0.5032685995101929,0.5071104168891907,-0.29466161131858826,0.9998300075531006,0.5779642462730408,0.6246580481529236,-0.3463585078716278,0.9958506226539612,0.4827144145965576,0.5731984376907349,-0.24100275337696075,0.8083470463752747,0.5744228363037109,0.7018373608589172,-0.4229753613471985,0.9798719882965088,0.4742685854434967,0.6374577879905701,-0.32943135499954224,0.830059289932251,0.5792389512062073,0.7229331731796265,-0.4579133987426758,0.9586794972419739,0.47303205728530884,0.659082293510437,-0.35585418343544006,0.7926042079925537,0.5742740631103516,0.7244145274162292,-0.48751726746559143,0.9621509909629822,0.48050832748413086,0.6604582667350769,-0.38886553049087524,0.8052195906639099,0.5708636045455933,0.7173522114753723,-0.435910165309906,0.9492856860160828,0.4820633828639984,0.654346227645874,-0.3438728451728821,0.8012710213661194,0.5352441668510437,0.6611279845237732,-0.020884793251752853,0.9998659491539001,0.493745893239975,0.6360381245613098,0.020988989621400833,0.9995201826095581,0.49633294343948364,0.7199116945266724,-0.052952736616134644,0.9397135376930237,0.46006837487220764,0.708780825138092,0.0018108158838003874,0.8580930233001709,0.5047674775123596,0.6704633831977844,0.3126336932182312,0.6678752899169922,0.4731368124485016,0.663254976272583,0.34164780378341675,0.5170817971229553,0.5080863833427429,0.6534328460693359,0.3514946401119232,0.5944321751594543,0.4743471145629883,0.6538726687431335,0.37706369161605835,0.4970936179161072,0.5004608631134033,0.670953631401062,0.3572837710380554,0.6768872737884521,0.4682686924934387,0.6658074259757996,0.3792794644832611,0.5558510422706604
166,0.5335739850997925,0.5340535640716553,-0.48512592911720276,0.9996746778488159,0.5413726568222046,0.5239313840866089,-0.5012856721878052,0.9994617104530334,0.5450184345245361,0.5237675905227661,-0.5014216899871826,0.9995614290237427,0.548690676689148,0.5233228802680969,-0.5016189813613892,0.9996443390846252,0.533271074295044,0.5204116106033325,-0.47526413202285767,0.9989311099052429,0.5312292575836182,0.5179533958435059,-0.47530096769332886,0.9987725615501404,0.5291903614997864,0.5152679681777954,-0.4753200113773346,0.9988340139389038,0.5542490482330322,0.5191836953163147,-0.3781009316444397,0.9997543692588806,0.5278552770614624,0.5077762007713318,-0.36432945728302,0.9980580806732178,0.5372534394264221,0.5416268110275269,-0.4689458906650543,0.9998885989189148,0.5285617113113403,0.5375954508781433,-0.43589678406715393,0.9995349049568176,0.5732280015945435,0.5673100352287292,-0.2805217504501343,0.9999963641166687,0.5007343888282776,0.5375725030899048,-0.26508063077926636,0.9998459815979004,0.5766137838363647,0.6514925360679626,-0.2736721634864807,0.9954469799995422,0.48458242416381836,0.6113079190254211,-0.2505197823047638,0.8247787356376648,0.5739709734916687,0.7332439422607422,-0.3887752592563629,0.9779377579689026,0.4867468774318695,0.6801731586456299,-0.3392956852912903,0.8408505320549011,0.5794087052345276,0.7577558159828186,-0.41878563165664673,0.9557069540023804,0.48639020323753357,0.702396035194397,-0.3689144551753998,0.8037670850753784,0.5740667581558228,0.7598726153373718,-0.4519907832145691,0.9598931670188904,0.4952419698238373,0.7025136947631836,-0.39233630895614624,0.815987229347229,0.5701465606689453,0.7517545223236084,-0.4080427289009094,0.9469656944274902,0.4963958263397217,0.6957042217254639,-0.34948596358299255,0.8098125457763672,0.5348941087722778,0.6871926188468933,-0.016869360581040382,0.9998688697814941,0.4939737319946289,0.6664807200431824,0.016906272619962692,0.9995535612106323,0.4997647702693939,0.7324190735816956,-0.17238689959049225,0.9225696921348572,0.4591307044029236,0.7121683955192566,-0.10036668926477432,0.8575993180274963,0.4936080574989319,0.6851012706756592,0.16916391253471375,0.6050028800964355,0.47738274931907654,0.681770384311676,0.201811283826828,0.4709573984146118,0.496316134929657,0.6727100610733032,0.2064928263425827,0.5407098531723022,0.4820426106452942,0.6736686825752258,0.23593804240226746,0.4574848413467407,0.4806877672672272,0.6790972352027893,0.22026245296001434,0.6157532930374146,0.47247713804244995,0.6859390735626221,0.25137564539909363,0.5100668668746948
167,0.5272508263587952,0.5642868876457214,-0.3477126657962799,0.9996850490570068,0.5345669984817505,0.5544525384902954,-0.3455842137336731,0.9994754195213318,0.5377747416496277,0.5545951128005981,-0.34559860825538635,0.9995618462562561,0.5409945845603943,0.554510772228241,-0.34569475054740906,0.9996445178985596,0.52765953540802,0.5518131256103516,-0.3430412709712982,0.9989926218986511,0.5260360240936279,0.5501458048820496,-0.34313178062438965,0.998842179775238,0.5243493318557739,0.5482305288314819,-0.3431677520275116,0.9989070296287537,0.5475606322288513,0.5520731210708618,-0.26854008436203003,0.9997118711471558,0.524764895439148,0.5444789528846741,-0.2601388394832611,0.9981685876846313,0.5315725803375244,0.574208676815033,-0.31438636779785156,0.9998890161514282,0.5237443447113037,0.5703584551811218,-0.31110623478889465,0.9995714426040649,0.5701147317886353,0.5957124829292297,-0.18647415935993195,0.9999885559082031,0.4975023865699768,0.5730468034744263,-0.20819580554962158,0.9998559951782227,0.5726670026779175,0.6811048984527588,-0.1706649363040924,0.9944941401481628,0.4863263666629791,0.6510967016220093,-0.22122330963611603,0.8342801332473755,0.5708944201469421,0.7613659501075745,-0.23402634263038635,0.9752085208892822,0.4976634979248047,0.727891206741333,-0.26715022325515747,0.8389250636100769,0.5774976015090942,0.791371762752533,-0.2533322274684906,0.9511692523956299,0.4956429600715637,0.7520314455032349,-0.29227298498153687,0.7994217276573181,0.5706661343574524,0.7923757433891296,-0.27486497163772583,0.9564399123191833,0.5058090686798096,0.7555807828903198,-0.3076983690261841,0.8128331899642944,0.5655996203422546,0.7822529673576355,-0.24324755370616913,0.9427624940872192,0.5080226063728333,0.7476915121078491,-0.2731003165245056,0.8033380508422852,0.5307332277297974,0.7040101885795593,0.0035294380504637957,0.9998432993888855,0.48836788535118103,0.6917937397956848,-0.0035263404715806246,0.999585747718811,0.5441561341285706,0.7442341446876526,-0.16801868379116058,0.9078771471977234,0.46496477723121643,0.6996474862098694,-0.2897738516330719,0.8648214936256409,0.49527034163475037,0.7304937243461609,0.02185336872935295,0.5640541315078735,0.5227358341217041,0.7456865310668945,-0.13537998497486115,0.466230183839798,0.49259576201438904,0.7211846709251404,0.04422274976968765,0.5072768330574036,0.5279173254966736,0.7444126009941101,-0.11560635268688202,0.45702657103538513,0.47364678978919983,0.7300576567649841,0.011349795386195183,0.579370379447937,0.5517967939376831,0.7657759785652161,-0.1552223116159439,0.5118438601493835
168,0.5229355096817017,0.6058515906333923,-0.3978642523288727,0.9997133612632751,0.5290337204933167,0.5932740569114685,-0.39717167615890503,0.9995237588882446,0.5320172905921936,0.5934770703315735,-0.3971838355064392,0.9996010661125183,0.5349211096763611,0.5934057831764221,-0.39729493856430054,0.9996763467788696,0.522597074508667,0.5900170207023621,-0.3915361762046814,0.9990851283073425,0.5211933851242065,0.5882160663604736,-0.39160817861557007,0.998947024345398,0.5197869539260864,0.5862857103347778,-0.39163738489151,0.9990066289901733,0.5425311923027039,0.5885986685752869,-0.3026027977466583,0.9997342228889465,0.5222123861312866,0.5802080631256104,-0.29448533058166504,0.9983329176902771,0.5275782942771912,0.6155802011489868,-0.36401814222335815,0.999898374080658,0.5200954675674438,0.611519455909729,-0.35632985830307007,0.9996111989021301,0.5722728967666626,0.6301559209823608,-0.19993539154529572,0.9999883770942688,0.49697279930114746,0.6044520139694214,-0.2485416829586029,0.9998649954795837,0.5716173648834229,0.7159551382064819,-0.2762400507926941,0.994293749332428,0.4927448332309723,0.6860381364822388,-0.25873565673828125,0.8435999751091003,0.5657300353050232,0.7979064583778381,-0.35953691601753235,0.9764629602432251,0.5015120506286621,0.7658023834228516,-0.3248971104621887,0.8462352752685547,0.5725923180580139,0.8235304951667786,-0.39330869913101196,0.9534152150154114,0.49531683325767517,0.7910078167915344,-0.35226529836654663,0.806505560874939,0.5654986500740051,0.823697030544281,-0.4097254276275635,0.9586963057518005,0.5065096020698547,0.7938043475151062,-0.36984410881996155,0.820156991481781,0.560151219367981,0.8147403597831726,-0.3686169981956482,0.9453347325325012,0.5102370381355286,0.7867112755775452,-0.332496702671051,0.8095234036445618,0.5336835980415344,0.7274112701416016,-0.005002234596759081,0.999855101108551,0.4924496114253998,0.708411455154419,0.0049962690100073814,0.9996205568313599,0.5567163228988647,0.7721174359321594,-0.22130811214447021,0.9027838706970215,0.4584607481956482,0.7039649486541748,-0.22534778714179993,0.871512234210968,0.5401031970977783,0.8023282885551453,-0.05983545631170273,0.5749470591545105,0.5203443765640259,0.7591990828514099,-0.05783288553357124,0.46437132358551025,0.5361925363540649,0.8005943894386292,-0.04378474876284599,0.5122979879379272,0.5207036733627319,0.7582782506942749,-0.03838667646050453,0.4524816870689392,0.5425440073013306,0.8242013454437256,-0.10002239048480988,0.5908476114273071,0.5266818404197693,0.7858020067214966,-0.07408781349658966,0.5138357281684875
169,0.5200623273849487,0.642744243144989,-0.49390071630477905,0.9997130632400513,0.5267819166183472,0.6331366896629333,-0.4949928820133209,0.9995537400245667,0.5302866697311401,0.6348230838775635,-0.49502092599868774,0.9996209144592285,0.5337042808532715,0.6360676884651184,-0.49519142508506775,0.9996952414512634,0.5201002359390259,0.6277335286140442,-0.4886597990989685,0.999146044254303,0.5188860297203064,0.6258884072303772,-0.4887159764766693,0.9990063905715942,0.5178554654121399,0.6240549087524414,-0.4887460172176361,0.999066948890686,0.5434192419052124,0.6336319446563721,-0.4250919818878174,0.9997438192367554,0.5224559307098389,0.6198480725288391,-0.3955995440483093,0.9984376430511475,0.5254322290420532,0.6545811891555786,-0.4613000452518463,0.9998990893363953,0.5172678232192993,0.6483321785926819,-0.4525212347507477,0.9996315836906433,0.5733894109725952,0.6707065105438232,-0.32827574014663696,0.9999833703041077,0.49913349747657776,0.6285476684570312,-0.2965231239795685,0.9998191595077515,0.5726478695869446,0.7475189566612244,-0.34449365735054016,0.9926909804344177,0.49730023741722107,0.7140722274780273,-0.28808051347732544,0.8272119164466858,0.5684846639633179,0.8240343332290649,-0.41920948028564453,0.9757302403450012,0.5052488446235657,0.7962639927864075,-0.3485303521156311,0.8407003879547119,0.5735784769058228,0.8464291095733643,-0.45643311738967896,0.9523743391036987,0.49718379974365234,0.8156805634498596,-0.37700897455215454,0.8007003664970398,0.5640411376953125,0.8463255763053894,-0.4763973653316498,0.958101212978363,0.5061619877815247,0.8178474307060242,-0.39539292454719543,0.8161711096763611,0.5599483847618103,0.8389915227890015,-0.4296165108680725,0.9436717629432678,0.5128452777862549,0.8131595849990845,-0.35720375180244446,0.803678035736084,0.5453295111656189,0.7197673320770264,-0.01179596222937107,0.9998617768287659,0.5065515041351318,0.6899367570877075,0.01196918822824955,0.9996417164802551,0.5543527603149414,0.7629331350326538,-0.2547324299812317,0.886925458908081,0.4623294770717621,0.6939985156059265,-0.16497275233268738,0.8718211054801941,0.5334186553955078,0.7837631106376648,-0.07134963572025299,0.5557621717453003,0.5055555105209351,0.7707921862602234,-0.04903567209839821,0.46935030817985535,0.5284768342971802,0.7831358313560486,-0.05350704863667488,0.49264979362487793,0.5143454670906067,0.7795045971870422,-0.03632581979036331,0.44567131996154785,0.5182431936264038,0.7896087169647217,-0.11265338957309723,0.5753656625747681,0.5016709566116333,0.7978980541229248,-0.0857570692896843,0.5178479552268982
170,0.5228087902069092,0.7025538086891174,-0.4596136510372162,0.9996479153633118,0.5292536616325378,0.6930038928985596,-0.45868435502052307,0.9995701313018799,0.532293438911438,0.6933920979499817,-0.45869821310043335,0.9996315240859985,0.5353485941886902,0.6928525567054749,-0.45883050560951233,0.9997012615203857,0.521550714969635,0.6853695511817932,-0.4529441297054291,0.9991701245307922,0.5189131498336792,0.6814653873443604,-0.4530039429664612,0.9990208745002747,0.5166013240814209,0.6781405210494995,-0.45302850008010864,0.9990627765655518,0.5445019006729126,0.6822331547737122,-0.3943880498409271,0.9997513294219971,0.516787052154541,0.6658182740211487,-0.37175172567367554,0.998483419418335,0.5278749465942383,0.7081626653671265,-0.4248197078704834,0.9998930096626282,0.5185653567314148,0.7017881870269775,-0.4164499342441559,0.9996176362037659,0.5790291428565979,0.699598491191864,-0.2998872995376587,0.9999772310256958,0.5008584260940552,0.6611401438713074,-0.2661782503128052,0.9996729493141174,0.572827935218811,0.7677103877067566,-0.2620236277580261,0.9894247055053711,0.4996066093444824,0.7423778772354126,-0.2828251123428345,0.8029624819755554,0.5691706538200378,0.8307631015777588,-0.29755452275276184,0.9759426712989807,0.507934033870697,0.8202985525131226,-0.2661532759666443,0.8357874751091003,0.5730687379837036,0.8533936142921448,-0.32065415382385254,0.95280921459198,0.5019310116767883,0.8348307013511658,-0.2874760925769806,0.7944927215576172,0.5628561973571777,0.8506714105606079,-0.33952513337135315,0.9590579867362976,0.5105161070823669,0.8377076983451843,-0.30199041962623596,0.8126370310783386,0.5600897073745728,0.8425014019012451,-0.3041935861110687,0.9451006650924683,0.5176255702972412,0.8274844884872437,-0.2718299925327301,0.7986740469932556,0.5589221119880676,0.7161048054695129,-0.011345232836902142,0.999871551990509,0.5155057311058044,0.6904539465904236,0.011444245465099812,0.9996688365936279,0.5708446502685547,0.7398120164871216,-0.20033714175224304,0.8429678082466125,0.46400609612464905,0.6907312273979187,-0.1461280882358551,0.8659003973007202,0.5311619639396667,0.7522189617156982,-0.031862523406744,0.5151445269584656,0.5206441879272461,0.7690096497535706,-0.07187482714653015,0.4634665548801422,0.5282681584358215,0.7494304180145264,-0.01270749606192112,0.45653289556503296,0.5318350791931152,0.7704778909683228,-0.061543673276901245,0.43101102113723755,0.5135055780410767,0.7621370553970337,-0.05686507374048233,0.5447180271148682,0.5333523154258728,0.7990738749504089,-0.1062217578291893,0.5206983685493469
171,0.5233028531074524,0.7493573427200317,-0.38936087489128113,0.9961643815040588,0.5305813550949097,0.7435483932495117,-0.401827871799469,0.9987375736236572,0.533758819103241,0.7435101866722107,-0.40184473991394043,0.998847484588623,0.5367210507392883,0.7429577708244324,-0.4019497036933899,0.9989081025123596,0.5221835374832153,0.7368692755699158,-0.39938491582870483,0.9978338479995728,0.519885241985321,0.732412576675415,-0.3994559049606323,0.9976415038108826,0.5179790258407593,0.7288597822189331,-0.3995031416416168,0.9973076581954956,0.5447452664375305,0.7310248613357544,-0.37208986282348633,0.999491810798645,0.5194369554519653,0.71345055103302,-0.35390517115592957,0.997633695602417,0.5290924310684204,0.7491301894187927,-0.36484742164611816,0.9996196627616882,0.5195242166519165,0.7409744262695312,-0.36117491126060486,0.999118447303772,0.5832265615463257,0.7254962921142578,-0.26901137828826904,0.9999173879623413,0.5000561475753784,0.694310188293457,-0.2569754719734192,0.9991732239723206,0.5919800996780396,0.7948514819145203,-0.20763075351715088,0.9742400050163269,0.49939805269241333,0.7529881596565247,-0.2467283308506012,0.7959937453269958,0.5709378123283386,0.8303561806678772,-0.22386427223682404,0.9644732475280762,0.507034420967102,0.8251416087150574,-0.2578280568122864,0.8317084908485413,0.5739201307296753,0.8478897213935852,-0.24258705973625183,0.9381541609764099,0.5051578283309937,0.835502028465271,-0.2808159291744232,0.7909766435623169,0.5646823644638062,0.8395311236381531,-0.2573937475681305,0.9462429881095886,0.5173650979995728,0.8330895304679871,-0.2930464446544647,0.808917224407196,0.5615997314453125,0.8334684371948242,-0.22853107750415802,0.9319727420806885,0.5212424993515015,0.8272970914840698,-0.2626282870769501,0.7931355834007263,0.5664799809455872,0.7246982455253601,-0.004905808251351118,0.9998806715011597,0.5166727304458618,0.6962220668792725,0.005110704340040684,0.9996868968009949,0.5841709971427917,0.7803611159324646,-0.21070048213005066,0.7896943092346191,0.46836113929748535,0.6917867660522461,-0.15354309976100922,0.8317399024963379,0.5307624936103821,0.7735153436660767,-0.05836648494005203,0.47322189807891846,0.5211252570152283,0.7636117339134216,-0.054154329001903534,0.4316943287849426,0.5270079374313354,0.7632145285606384,-0.03997746855020523,0.4229668378829956,0.5301316976547241,0.761995255947113,-0.04070365056395531,0.4057064354419708,0.5123074054718018,0.7793944478034973,-0.08714386075735092,0.5111860036849976,0.53508061170578,0.7948168516159058,-0.07877681404352188,0.49607303738594055
172,0.5325018167495728,0.7825347185134888,-0.15753477811813354,0.9805130958557129,0.535669207572937,0.7802926301956177,-0.17795982956886292,0.9928131699562073,0.5382155179977417,0.7806908488273621,-0.1779957264661789,0.9928451180458069,0.5406371355056763,0.7811394333839417,-0.17808103561401367,0.9934075474739075,0.5271401405334473,0.7737158536911011,-0.17802082002162933,0.9923330545425415,0.5241682529449463,0.7704821228981018,-0.17806962132453918,0.9923404455184937,0.5214493870735168,0.7671681046485901,-0.1781265288591385,0.9923931956291199,0.5532945990562439,0.7631688714027405,-0.19955313205718994,0.9952969551086426,0.5198225975036621,0.7492262125015259,-0.19777174293994904,0.9940025806427002,0.5387685298919678,0.7718648314476013,-0.1540457010269165,0.996641993522644,0.531069278717041,0.7688168287277222,-0.15371489524841309,0.9967989921569824,0.5866691470146179,0.7342666983604431,-0.17191466689109802,0.999561071395874,0.506189227104187,0.7097488641738892,-0.16412225365638733,0.9989458918571472,0.5906633138656616,0.7958487868309021,-0.16897501051425934,0.9067685604095459,0.49865490198135376,0.7618876695632935,-0.16013476252555847,0.7717289924621582,0.5789755582809448,0.8308619260787964,-0.2407664954662323,0.9088184237480164,0.5120517015457153,0.819014847278595,-0.21856951713562012,0.8230257034301758,0.5774146318435669,0.8397511839866638,-0.26784154772758484,0.8888359665870667,0.5062094330787659,0.8326000571250916,-0.2428933084011078,0.7899359464645386,0.5700982809066772,0.8335092067718506,-0.2770375609397888,0.8956400752067566,0.5164891481399536,0.8331666588783264,-0.2530260682106018,0.8049313426017761,0.566874623298645,0.8290496468544006,-0.2465219497680664,0.8838929533958435,0.5203304886817932,0.8282905220985413,-0.22331126034259796,0.7919273972511292,0.5697716474533081,0.7218358516693115,-0.005547170527279377,0.9998889565467834,0.5237499475479126,0.6988964080810547,0.00583770452067256,0.9997150897979736,0.5929194688796997,0.7893866896629333,-0.1841759979724884,0.7702193856239319,0.4746798574924469,0.6914356350898743,-0.14439153671264648,0.8159875273704529,0.5359412431716919,0.7673593163490295,-0.05829401686787605,0.4413275718688965,0.5324721336364746,0.765594482421875,-0.10166040807962418,0.42385122179985046,0.5332604646682739,0.7547380328178406,-0.04259190708398819,0.3963697850704193,0.539753794670105,0.7630470395088196,-0.09386452287435532,0.3973690867424011,0.5120800137519836,0.764152467250824,-0.07404766231775284,0.4861047863960266,0.5598710179328918,0.7892521023750305,-0.12758111953735352,0.4922845959663391
173,0.5322679877281189,0.8066278100013733,-0.27314722537994385,0.975701093673706,0.5376335978507996,0.8088117837905884,-0.2989155054092407,0.99112868309021,0.5401474237442017,0.8101654648780823,-0.2988846004009247,0.9912213683128357,0.5425496101379395,0.8116171956062317,-0.29897233843803406,0.9914920926094055,0.5299807190895081,0.8028075098991394,-0.29464632272720337,0.991089403629303,0.5276705026626587,0.8002759218215942,-0.2947067618370056,0.9915560483932495,0.5253756046295166,0.7978515625,-0.29481473565101624,0.991473913192749,0.5571101903915405,0.7932332754135132,-0.30116522312164307,0.9949399828910828,0.5247165560722351,0.7799200415611267,-0.2822149693965912,0.994019627571106,0.5381723642349243,0.801394522190094,-0.2655412256717682,0.9959888458251953,0.5310910940170288,0.7957088351249695,-0.26013699173927307,0.9959598183631897,0.5892236828804016,0.7769001126289368,-0.23062396049499512,0.9978723526000977,0.5113221406936646,0.7261160612106323,-0.20472022891044617,0.998771607875824,0.5896336436271667,0.8031710386276245,-0.10622020810842514,0.8273336887359619,0.5013929605484009,0.7490708827972412,-0.14778929948806763,0.7210243940353394,0.5676848292350769,0.8229973912239075,-0.027203883975744247,0.8341755270957947,0.5102996230125427,0.7898924946784973,-0.1355675756931305,0.770289957523346,0.5655734539031982,0.8337547183036804,-0.023785365745425224,0.819495439529419,0.5048147439956665,0.8026763796806335,-0.13805191218852997,0.7468600869178772,0.5637909770011902,0.827023446559906,-0.035705845803022385,0.8249818682670593,0.5139208436012268,0.8017037510871887,-0.15108272433280945,0.7586930394172668,0.5617464780807495,0.8216782212257385,-0.02806563302874565,0.8174574375152588,0.518671989440918,0.798136293888092,-0.1380850225687027,0.7506743669509888,0.5818473100662231,0.7367704510688782,-0.0067638857290148735,0.9998913407325745,0.5363415479660034,0.7008422613143921,0.007018691394478083,0.9997360110282898,0.5900523662567139,0.8150377869606018,-0.1609703153371811,0.7594125866889954,0.4837470054626465,0.6936196684837341,-0.09532230347394943,0.7998257279396057,0.5338912010192871,0.7879700064659119,-0.0206749364733696,0.44417208433151245,0.5291086435317993,0.7824417352676392,-0.03049059771001339,0.4279877543449402,0.5313383340835571,0.7722841501235962,-0.0034353318624198437,0.3956693410873413,0.5376648902893066,0.7826340794563293,-0.020264457911252975,0.4000833332538605,0.5033025145530701,0.7898181080818176,-0.03185582160949707,0.4892326593399048,0.5429873466491699,0.8191931843757629,-0.04616832360625267,0.49198704957962036
178,0.5241345763206482,0.8795722126960754,-0.23059949278831482,0.9780550599098206,0.5293340682983398,0.8850173950195312,-0.23553872108459473,0.9919508099555969,0.5314902067184448,0.8868873715400696,-0.23552238941192627,0.9920191168785095,0.5337045192718506,0.8887298107147217,-0.23548480868339539,0.9922793507575989,0.5265710353851318,0.8777311444282532,-0.256389856338501,0.9919073581695557,0.5266546010971069,0.8747225999832153,-0.25644534826278687,0.9922993183135986,0.5266974568367004,0.8717347383499146,-0.25642526149749756,0.9922448396682739,0.5492750406265259,0.882662832736969,-0.21576416492462158,0.9953173398971558,0.5408913493156433,0.8552911877632141,-0.3115921914577484,0.9944725036621094,0.5320605039596558,0.8733944296836853,-0.21560673415660858,0.9963024854660034,0.5361555814743042,0.8612300753593445,-0.2436601221561432,0.9962359070777893,0.5878857970237732,0.8651102185249329,-0.14112800359725952,0.9980323910713196,0.5437805652618408,0.7960997819900513,-0.2909705340862274,0.9982834458351135,0.5575130581855774,0.8729317784309387,-0.041996169835329056,0.7645177245140076,0.5154485702514648,0.7757951617240906,-0.23260173201560974,0.6945613026618958,0.5180040001869202,0.8915797472000122,-0.04895215481519699,0.7788744568824768,0.5109522938728333,0.821062445640564,-0.11364428699016571,0.7323481440544128,0.5113700032234192,0.9050712585449219,-0.05932991951704025,0.7657303810119629,0.5078479647636414,0.8294740915298462,-0.1262776404619217,0.710148274898529,0.5085402131080627,0.8961048126220703,-0.0877610594034195,0.7746729254722595,0.5155737400054932,0.836554765701294,-0.14051495492458344,0.7231506705284119,0.5096776485443115,0.8879866003990173,-0.0613124743103981,0.7688863277435303,0.5177725553512573,0.8347733020782471,-0.11677088588476181,0.7113052010536194,0.5566287636756897,0.7330306172370911,0.05263308435678482,0.9992486238479614,0.5324631333351135,0.6995910406112671,-0.05231922119855881,0.9992358684539795,0.5655779242515564,0.8236750364303589,0.03908385708928108,0.688383936882019,0.5278766751289368,0.7684207558631897,-0.0539199598133564,0.7542434334754944,0.5447938442230225,0.8214135766029358,0.16001319885253906,0.4061705768108368,0.543152391910553,0.7904084920883179,0.08374805748462677,0.40923357009887695,0.5380538105964661,0.8115697503089905,0.17102976143360138,0.36405569314956665,0.5420507192611694,0.7834380865097046,0.09672453254461288,0.3858160078525543,0.5466092228889465,0.861120343208313,0.1370246559381485,0.4486581087112427,0.5560436248779297,0.8298801183700562,0.06325358152389526,0.47159960865974426
179,0.5250986814498901,0.8847768902778625,-0.24958209693431854,0.980152428150177,0.5302283763885498,0.8877255320549011,-0.2547217011451721,0.9926921725273132,0.5326802134513855,0.8896662592887878,-0.25472861528396606,0.9927359223365784,0.5351907014846802,0.8915812373161316,-0.2547129690647125,0.9929843544960022,0.5278189182281494,0.8828794956207275,-0.2722468972206116,0.9926571249961853,0.5277048349380493,0.8800052404403687,-0.27233725786209106,0.9929883480072021,0.5275731682777405,0.8769668340682983,-0.2723284065723419,0.992960512638092,0.5520824193954468,0.8916537165641785,-0.23339875042438507,0.9956344366073608,0.5395303964614868,0.8578916192054749,-0.31381654739379883,0.9949147701263428,0.5339159965515137,0.8794498443603516,-0.23428913950920105,0.9965744614601135,0.5361614227294922,0.8650394082069397,-0.25754910707473755,0.9965044260025024,0.5960350632667542,0.8666852712631226,-0.14562082290649414,0.9981321096420288,0.5438312292098999,0.7955718636512756,-0.2883968949317932,0.997988760471344,0.5779120326042175,0.8661261200904846,-0.02404741570353508,0.6978046894073486,0.5180312395095825,0.7560335397720337,-0.20946010947227478,0.6593770384788513,0.5326409339904785,0.8891557455062866,0.002748104277998209,0.7190592288970947,0.503908097743988,0.7959693074226379,-0.10646798461675644,0.7041312456130981,0.5260489583015442,0.9037627577781677,-0.005326340906322002,0.7104600667953491,0.5016366243362427,0.8084920048713684,-0.12107834964990616,0.6850552558898926,0.5197182297706604,0.8956552147865295,-0.03547689691185951,0.7217522859573364,0.5083051919937134,0.8237064480781555,-0.13663308322429657,0.6994284391403198,0.5205925703048706,0.8874715566635132,-0.009124016389250755,0.7177188992500305,0.5072621703147888,0.8127030730247498,-0.1104503720998764,0.6818493604660034,0.566229522228241,0.7356110215187073,0.05263308808207512,0.9991308450698853,0.5422563552856445,0.7008033394813538,-0.05232164263725281,0.9992111325263977,0.5655985474586487,0.8223494291305542,0.06472913920879364,0.6254963874816895,0.5301424860954285,0.7691618800163269,-0.05988674238324165,0.7156376242637634,0.5453964471817017,0.7920976877212524,0.25958874821662903,0.3708731234073639,0.5430921316146851,0.7654299139976501,0.15283474326133728,0.383522629737854,0.540687620639801,0.7807897329330444,0.2801820933818817,0.3338611423969269,0.5431031584739685,0.7558973431587219,0.17676135897636414,0.3621516823768616,0.5389360785484314,0.8139848709106445,0.270872563123703,0.4116690158843994,0.542502224445343,0.7893737554550171,0.17517203092575073,0.4453984498977661
180,0.5308980941772461,0.8878061175346375,-0.2366548478603363,0.9820902347564697,0.5359197854995728,0.8899853229522705,-0.24087247252464294,0.9933997392654419,0.5385123491287231,0.8918533325195312,-0.24089041352272034,0.9934336543083191,0.5411515831947327,0.8936904668807983,-0.24089471995830536,0.9936591386795044,0.5318365097045898,0.883579432964325,-0.2532535493373871,0.9933645725250244,0.5333814024925232,0.8808053731918335,-0.2533661723136902,0.9936529397964478,0.532865583896637,0.8780269026756287,-0.2533573508262634,0.9936366081237793,0.5570427179336548,0.8907653093338013,-0.21869054436683655,0.9960072040557861,0.5419592261314392,0.8610067963600159,-0.28045210242271423,0.9953756928443909,0.5395819544792175,0.882114052772522,-0.2228495329618454,0.9968780279159546,0.5403876900672913,0.8654364943504333,-0.2392067015171051,0.9968112707138062,0.6013193726539612,0.8658345937728882,-0.12390066683292389,0.9982625842094421,0.543859601020813,0.795009434223175,-0.24910907447338104,0.9978590607643127,0.5912541747093201,0.8525806665420532,0.012690039351582527,0.635259211063385,0.5232754349708557,0.7513821125030518,-0.142824187874794,0.6243776679039001,0.5377475619316101,0.8784334659576416,0.06156555935740471,0.6686930060386658,0.5036501288414001,0.7857488393783569,-0.003811173141002655,0.6719843149185181,0.5288759469985962,0.8943110108375549,0.06183210015296936,0.6653845310211182,0.5018947124481201,0.8048720955848694,-0.008088463917374611,0.6563114523887634,0.5214446783065796,0.8868772387504578,0.029337078332901,0.6787619590759277,0.5068803429603577,0.8131577968597412,-0.022141044959425926,0.6711636781692505,0.5231976509094238,0.8786839842796326,0.049959879368543625,0.6742207407951355,0.5051751136779785,0.8010227680206299,-0.00598429748788476,0.6494441628456116,0.5716126561164856,0.7323995232582092,0.05274449661374092,0.9990513324737549,0.5449475049972534,0.6997756361961365,-0.05246422812342644,0.999201238155365,0.567729115486145,0.8229357600212097,0.007280574180185795,0.5707865953445435,0.5302709937095642,0.7709248065948486,-0.1211237907409668,0.6940882205963135,0.546014130115509,0.7880949378013611,0.1560308039188385,0.34086573123931885,0.5416722893714905,0.767543375492096,0.04376373440027237,0.36851489543914795,0.5409854650497437,0.7766667604446411,0.17198573052883148,0.3099587559700012,0.5421043634414673,0.7584114074707031,0.06194666028022766,0.34964966773986816,0.5394574999809265,0.808447003364563,0.15833762288093567,0.3791862726211548,0.5407198667526245,0.7932396531105042,0.05292542651295662,0.4276141822338104
181,0.5366479158401489,0.8903183341026306,-0.14313165843486786,0.983724057674408,0.5412036180496216,0.8927307724952698,-0.15471641719341278,0.9939683079719543,0.544032871723175,0.8941045999526978,-0.15470314025878906,0.9939808249473572,0.5468998551368713,0.8954663872718811,-0.1547061800956726,0.994204580783844,0.5358227491378784,0.8873405456542969,-0.1674479991197586,0.9939128756523132,0.5354443788528442,0.8850657343864441,-0.16751880943775177,0.9941228628158569,0.5344470739364624,0.882805585861206,-0.16751675307750702,0.9941228032112122,0.5610586404800415,0.89012610912323,-0.1650359183549881,0.9962454438209534,0.5421842336654663,0.8691553473472595,-0.22275570034980774,0.9955531358718872,0.5449822545051575,0.8844446539878845,-0.14029857516288757,0.9970709681510925,0.5456497073173523,0.8704296946525574,-0.15709957480430603,0.9969409108161926,0.6017822027206421,0.8639759421348572,-0.09567342698574066,0.9983553886413574,0.5420159101486206,0.811191737651825,-0.21003489196300507,0.9973816275596619,0.5905954241752625,0.847801148891449,0.03380238264799118,0.5775834918022156,0.5231271982192993,0.7681019306182861,-0.1228121668100357,0.5787392854690552,0.541566014289856,0.8743175864219666,0.09767881035804749,0.6208083033561707,0.5128872990608215,0.8117393851280212,-0.006409653928130865,0.6296175718307495,0.5343307852745056,0.8876226544380188,0.09762944281101227,0.6218299269676208,0.5021568536758423,0.8154109716415405,-0.013781850226223469,0.6200306415557861,0.5266045331954956,0.8825467228889465,0.06747118383646011,0.6364869475364685,0.5078438520431519,0.8253229260444641,-0.028212159872055054,0.6351829171180725,0.5274918079376221,0.8756452798843384,0.08691775053739548,0.6322507262229919,0.5071001648902893,0.8139304518699646,-0.009945588186383247,0.6124889254570007,0.5747382640838623,0.7270449995994568,0.050043605268001556,0.9989506602287292,0.5432184934616089,0.7030346393585205,-0.04993206262588501,0.9990940093994141,0.5755909085273743,0.8188530206680298,0.010789304040372372,0.5192132592201233,0.5302149653434753,0.8003786206245422,-0.053941257297992706,0.6529285311698914,0.5569385290145874,0.7848024368286133,0.20045578479766846,0.3137590289115906,0.5460255742073059,0.7708826661109924,0.13523606956005096,0.34589651226997375,0.5538753271102905,0.7751277089118958,0.21806418895721436,0.2867302894592285,0.549782395362854,0.761620283126831,0.1556020975112915,0.3273814916610718,0.5480464696884155,0.7998827695846558,0.20703339576721191,0.349132776260376,0.5415128469467163,0.7831370234489441,0.16449031233787537,0.4001336097717285
182,0.5405870676040649,0.9002403616905212,-0.12507978081703186,0.9840574860572815,0.5450549125671387,0.9008253216743469,-0.14168062806129456,0.993768036365509,0.5482908487319946,0.9015071392059326,-0.14171510934829712,0.9937038421630859,0.5536461472511292,0.905809760093689,-0.14177389442920685,0.9940469264984131,0.5403299331665039,0.8954717516899109,-0.1533890962600708,0.9937059879302979,0.5390098094940186,0.893657922744751,-0.1534627377986908,0.9937407374382019,0.5376468896865845,0.8920838832855225,-0.15351392328739166,0.9938163757324219,0.5639374256134033,0.8981771469116211,-0.16524314880371094,0.9955744743347168,0.5420942306518555,0.8789532780647278,-0.21822945773601532,0.9946205019950867,0.5514057874679565,0.8875425457954407,-0.1255064606666565,0.9965239763259888,0.5466247797012329,0.880944550037384,-0.14085078239440918,0.9961509108543396,0.603968620300293,0.8651973009109497,-0.10569681227207184,0.9984236359596252,0.5418747067451477,0.8176306486129761,-0.20911923050880432,0.9972674250602722,0.588842511177063,0.8519596457481384,0.029476484283804893,0.5258943438529968,0.5222730040550232,0.7722994685173035,-0.1278361976146698,0.5341783761978149,0.540607750415802,0.8762702941894531,0.09655546396970749,0.5778350830078125,0.5160940885543823,0.8172416090965271,-0.02838970720767975,0.5863837599754333,0.5351063013076782,0.8905044198036194,0.09555725008249283,0.5885001420974731,0.5022417902946472,0.8171948194503784,-0.0395386666059494,0.5876685976982117,0.5263600945472717,0.8842340111732483,0.07002038508653641,0.604142963886261,0.5066428184509277,0.8296610116958618,-0.05185813829302788,0.6027422547340393,0.5265487432479858,0.8762819170951843,0.08801035583019257,0.5990764498710632,0.5072556138038635,0.8267337679862976,-0.03171009570360184,0.5793509483337402,0.5823184251785278,0.7279749512672424,0.045680057257413864,0.9990308880805969,0.5454409718513489,0.7080813050270081,-0.04563760384917259,0.9991657733917236,0.5687410831451416,0.7819594144821167,0.2131671905517578,0.4693358242511749,0.5301884412765503,0.7970991730690002,0.11774066835641861,0.5955750942230225,0.5530799031257629,0.7371214032173157,0.43227213621139526,0.2868632972240448,0.5356636047363281,0.731891393661499,0.3548663258552551,0.322770893573761,0.5504928231239319,0.7257745862007141,0.4567115902900696,0.2647298574447632,0.5387061834335327,0.7188688516616821,0.3814619481563568,0.30655786395072937,0.5361781120300293,0.7508082985877991,0.4694760739803314,0.3171579837799072,0.5264899134635925,0.7441217303276062,0.4002397060394287,0.36695751547813416
183,0.5430577993392944,0.8985955715179443,-0.09144463390111923,0.9849553108215332,0.5466090440750122,0.9006558060646057,-0.1074562519788742,0.9939832091331482,0.5495553612709045,0.9014667868614197,-0.10746876895427704,0.9938419461250305,0.5571638345718384,0.9067662954330444,-0.1075102686882019,0.9942679405212402,0.5427775979042053,0.8970003128051758,-0.11809488385915756,0.9938977360725403,0.5407994389533997,0.8955793976783752,-0.1181512326002121,0.9937621355056763,0.5389469265937805,0.8944237232208252,-0.11820192635059357,0.9939317107200623,0.5647052526473999,0.9000623822212219,-0.1372944414615631,0.9954380393028259,0.5424490571022034,0.8810508847236633,-0.18567617237567902,0.9943152070045471,0.555179238319397,0.8869792222976685,-0.09512361139059067,0.9965046048164368,0.5482306480407715,0.8816109299659729,-0.10937057435512543,0.9959924817085266,0.6047753095626831,0.8651730418205261,-0.08926041424274445,0.9985083341598511,0.5424631834030151,0.824259877204895,-0.18299242854118347,0.9972270727157593,0.5865184664726257,0.852613091468811,0.03670495003461838,0.4805440306663513,0.5234734416007996,0.783206582069397,-0.10351012647151947,0.4901311993598938,0.5376318693161011,0.8759889602661133,0.10269629955291748,0.5415934324264526,0.5143577456474304,0.8216383457183838,-0.0022032451815903187,0.5439660549163818,0.5315091609954834,0.8872296214103699,0.10231804847717285,0.5577678084373474,0.50456702709198,0.8232502341270447,-0.011393609456717968,0.5514618158340454,0.5240617990493774,0.8826593160629272,0.07596016675233841,0.5742135643959045,0.5072871446609497,0.8373419642448425,-0.023999642580747604,0.5666370987892151,0.5245422124862671,0.8758524656295776,0.09373073279857635,0.5697462558746338,0.5075777769088745,0.8325239419937134,-0.005792074836790562,0.5443753600120544,0.5858615636825562,0.7285624146461487,0.044161148369312286,0.9990714192390442,0.548884928226471,0.7118723392486572,-0.04416699707508087,0.9992141127586365,0.5706779956817627,0.793760359287262,0.169393390417099,0.4271325170993805,0.5321251749992371,0.797753095626831,0.05687137693166733,0.5487042665481567,0.5577232837677002,0.757594883441925,0.3551316261291504,0.26480311155319214,0.5396933555603027,0.7443090081214905,0.27422022819519043,0.3002496659755707,0.5583397746086121,0.7458994388580322,0.3749566078186035,0.24529172480106354,0.5453575849533081,0.7327548265457153,0.29850897192955017,0.28430524468421936,0.5409833192825317,0.7695224285125732,0.3804622292518616,0.2915135622024536,0.5338443517684937,0.7516149878501892,0.3177042603492737,0.3399142324924469
184,0.5409307479858398,0.8964853882789612,-0.1363207995891571,0.985969066619873,0.5449618101119995,0.8990131616592407,-0.14758524298667908,0.99437016248703,0.5478012561798096,0.9000568985939026,-0.14760306477546692,0.994203507900238,0.5529375076293945,0.9048259854316711,-0.14763996005058289,0.9946357011795044,0.5406879782676697,0.8945791125297546,-0.16031460464000702,0.9942894577980042,0.5393294095993042,0.8928267359733582,-0.16040213406085968,0.9940934777259827,0.5379396677017212,0.8913135528564453,-0.1604505479335785,0.9942973852157593,0.5640646815299988,0.8985930681228638,-0.1570548117160797,0.995516300201416,0.5434633493423462,0.8768818974494934,-0.21392545104026794,0.9944864511489868,0.551237940788269,0.8879390954971313,-0.13305793702602386,0.9965836405754089,0.5475894808769226,0.8797909021377563,-0.1498720347881317,0.9960367679595947,0.6048503518104553,0.8648750185966492,-0.09596451371908188,0.9985911250114441,0.5429754853248596,0.8216611742973328,-0.20223481953144073,0.9971413016319275,0.5888646245002747,0.8544363379478455,0.017559552565217018,0.439271479845047,0.5231980681419373,0.7893346548080444,-0.11996561288833618,0.4573666453361511,0.545722484588623,0.8766561150550842,0.06296835094690323,0.5031517744064331,0.51101154088974,0.8262178897857666,-0.007672223262488842,0.5099098086357117,0.5392409563064575,0.8863406777381897,0.058146871626377106,0.5205265283584595,0.5020352602005005,0.8289868831634521,-0.013964073732495308,0.5223855376243591,0.5338552594184875,0.8815522789955139,0.028665538877248764,0.5373060703277588,0.5076913237571716,0.8412683010101318,-0.02738116681575775,0.5388202667236328,0.53459632396698,0.8756111860275269,0.05119522288441658,0.5334099531173706,0.5084442496299744,0.8371331095695496,-0.0101607795804739,0.5166317820549011,0.5848116278648376,0.7330613732337952,0.04512599855661392,0.9991390705108643,0.5525106191635132,0.7149474024772644,-0.04507561773061752,0.9992763996124268,0.563280463218689,0.8002802133560181,0.04000166431069374,0.3955078423023224,0.5251897573471069,0.7917365431785583,-0.09490405023097992,0.5277546644210815,0.557466447353363,0.7672036290168762,0.14954876899719238,0.24905459582805634,0.5364753007888794,0.7486556768417358,0.0613354854285717,0.28120723366737366,0.5550650358200073,0.747315526008606,0.162080317735672,0.232743039727211,0.5422698259353638,0.748130738735199,0.07937300205230713,0.26744937896728516,0.5411773920059204,0.7881079912185669,0.15432462096214294,0.2787700295448303,0.5300630331039429,0.76326984167099,0.09279968589544296,0.32307198643684387
185,0.5420137643814087,0.8962913751602173,-0.13221515715122223,0.9872021675109863,0.5463818907737732,0.8982094526290894,-0.14109128713607788,0.9948506355285645,0.5488325357437134,0.8993963599205017,-0.141097754240036,0.994692862033844,0.552194356918335,0.9033724069595337,-0.1411322057247162,0.9950876832008362,0.5426522493362427,0.893425703048706,-0.15797078609466553,0.9947586059570312,0.5420767068862915,0.8915444612503052,-0.15806324779987335,0.9945515990257263,0.541486918926239,0.8898077607154846,-0.1581239402294159,0.9947548508644104,0.5640478134155273,0.8988701701164246,-0.14066651463508606,0.9958234429359436,0.5500045418739319,0.8787471652030945,-0.21777108311653137,0.9948684573173523,0.5505812764167786,0.887132465839386,-0.12558335065841675,0.9968466758728027,0.5471624135971069,0.8803370594978333,-0.1481465995311737,0.9963170886039734,0.6051033735275269,0.8694650530815125,-0.08132287859916687,0.9986650347709656,0.5541123151779175,0.8289535045623779,-0.2134544402360916,0.9972190856933594,0.586536705493927,0.8509109020233154,0.00544696394354105,0.4023128151893616,0.5373145341873169,0.7993316650390625,-0.14506174623966217,0.4477313756942749,0.5429588556289673,0.8694741725921631,-0.009667177684605122,0.46919745206832886,0.5226484537124634,0.8272796273231506,-0.07782895117998123,0.5011583566665649,0.5355939269065857,0.8779839277267456,-0.016250208020210266,0.4895237386226654,0.5075103044509888,0.8330073952674866,-0.08801369369029999,0.517102062702179,0.5306380391120911,0.8735247254371643,-0.04162968322634697,0.5064705014228821,0.5103596448898315,0.8420714735984802,-0.09852229803800583,0.5347413420677185,0.532220721244812,0.8684845566749573,-0.020454417914152145,0.5033113956451416,0.5164321064949036,0.8401314616203308,-0.0792609229683876,0.5081981420516968,0.5822125673294067,0.73972487449646,0.045611921697854996,0.9991587996482849,0.5600020289421082,0.7163767218589783,-0.04554387181997299,0.9993084669113159,0.5568145513534546,0.8370228409767151,-0.044619590044021606,0.3817049264907837,0.5330864191055298,0.77862548828125,-0.20155052840709686,0.5441346764564514,0.5530192852020264,0.7844313383102417,0.06317825615406036,0.23931553959846497,0.5327446460723877,0.7624827027320862,-0.012235795147716999,0.2619544267654419,0.5544421672821045,0.7663813233375549,0.0752655565738678,0.22560158371925354,0.5361308455467224,0.7653034925460815,0.010279569774866104,0.2508052885532379,0.5397295951843262,0.7938888669013977,0.06800411641597748,0.2697482407093048,0.5188754796981812,0.7638569474220276,0.029544919729232788,0.30403780937194824
186,0.5436071157455444,0.8952280282974243,-0.1391354650259018,0.9881145358085632,0.5537915825843811,0.9015952348709106,-0.15535134077072144,0.9951543807983398,0.5561456084251404,0.902571439743042,-0.15532971918582916,0.9949526786804199,0.5592750310897827,0.9055715203285217,-0.1553400456905365,0.9953227043151855,0.5430521368980408,0.8940189480781555,-0.1678217202425003,0.9950776100158691,0.5419603586196899,0.8922958374023438,-0.16790811717510223,0.9947810769081116,0.540901243686676,0.890650749206543,-0.16797536611557007,0.9950327277183533,0.5654564499855042,0.8991037011146545,-0.1772121787071228,0.9957573413848877,0.5487422943115234,0.8805375695228577,-0.23224544525146484,0.9950141906738281,0.5562435388565063,0.8882128000259399,-0.14009347558021545,0.9970080256462097,0.5467153787612915,0.8827028870582581,-0.15689466893672943,0.9965200424194336,0.6042864322662354,0.868504524230957,-0.13177897036075592,0.998611330986023,0.5510515570640564,0.83229660987854,-0.21853859722614288,0.997370719909668,0.5994425415992737,0.8526734113693237,-0.034621208906173706,0.36584821343421936,0.5362356901168823,0.8074511289596558,-0.14589348435401917,0.4348656237125397,0.5502545237541199,0.8718999028205872,-0.005470027681440115,0.42941808700561523,0.5255715847015381,0.8303965926170349,-0.07294358313083649,0.4799911081790924,0.5411701798439026,0.8804845213890076,-0.013535460457205772,0.4503602683544159,0.5111867189407349,0.8344086408615112,-0.08426329493522644,0.4994158446788788,0.5353128910064697,0.8755934238433838,-0.04022649675607681,0.46673184633255005,0.512719988822937,0.8417121767997742,-0.09940508753061295,0.518250584602356,0.5370283722877502,0.8703839182853699,-0.01641109772026539,0.4650440812110901,0.5200444459915161,0.8444483280181885,-0.07669242471456528,0.4929516315460205,0.5849523544311523,0.7457996010780334,0.03332654759287834,0.9990718960762024,0.5556825995445251,0.7197746634483337,-0.03314695507287979,0.9992950558662415,0.5646041631698608,0.8436864614486694,0.09939711540937424,0.3606579899787903,0.5325943231582642,0.760299026966095,0.033518098294734955,0.5232024192810059,0.5574998259544373,0.8228136301040649,0.23500415682792664,0.23477956652641296,0.5333715677261353,0.7633206844329834,0.26496168971061707,0.24585676193237305,0.5583788156509399,0.8108732104301453,0.24916347861289978,0.21969057619571686,0.5354294180870056,0.764720618724823,0.29015111923217773,0.23444679379463196,0.5448474884033203,0.8474683165550232,0.23827087879180908,0.2666690945625305,0.5249651670455933,0.7707906365394592,0.29559141397476196,0.287261962890625
187,0.5428090691566467,0.8900045156478882,-0.2109954059123993,0.988806426525116,0.5532535314559937,0.8932788372039795,-0.223367378115654,0.9953712821006775,0.5551344156265259,0.8945199251174927,-0.22338616847991943,0.9951193332672119,0.5588396787643433,0.8961537480354309,-0.22343698143959045,0.9955050349235535,0.542948305606842,0.8870050311088562,-0.23747797310352325,0.9952652454376221,0.5416052341461182,0.8848173022270203,-0.23759837448596954,0.9948803186416626,0.5403740406036377,0.882647693157196,-0.23766997456550598,0.9952002763748169,0.5646186470985413,0.8926819562911987,-0.2242269068956375,0.9956938028335571,0.5485000610351562,0.8722641468048096,-0.2881600558757782,0.9950369596481323,0.5555542707443237,0.8849278688430786,-0.20332880318164825,0.9970819354057312,0.5442503690719604,0.8825615048408508,-0.22202110290527344,0.9965600967407227,0.6051177382469177,0.8683444857597351,-0.14504864811897278,0.9986218214035034,0.5501158237457275,0.822059690952301,-0.2645297050476074,0.9972506165504456,0.593990683555603,0.8526102304458618,-0.021699735894799232,0.3339514434337616,0.5333294868469238,0.788348376750946,-0.1816706508398056,0.41193583607673645,0.546436607837677,0.8699997663497925,-0.001033202512189746,0.39649662375450134,0.5240776538848877,0.8284434676170349,-0.09198261797428131,0.4594111144542694,0.538196861743927,0.8778520226478577,-0.00038996682269498706,0.4198174476623535,0.510373592376709,0.8322297930717468,-0.10921202600002289,0.48449140787124634,0.5325284600257874,0.8727743625640869,-0.02779484912753105,0.4367002844810486,0.5126326680183411,0.8412023186683655,-0.12762513756752014,0.5043603181838989,0.5340070724487305,0.867721438407898,-0.0075302100740373135,0.4363982081413269,0.519157350063324,0.8422418832778931,-0.09749338030815125,0.4789128005504608,0.5839370489120483,0.7455530762672424,0.033928800374269485,0.9990951418876648,0.5579155087471008,0.7181302309036255,-0.03393062204122543,0.99932461977005,0.5649651288986206,0.8307234048843384,0.12494267523288727,0.332276314496994,0.5353379249572754,0.7688127756118774,0.022138362750411034,0.4975600242614746,0.5563468933105469,0.783251941204071,0.3328298032283783,0.22055134177207947,0.53717041015625,0.7495704293251038,0.26741334795951843,0.2323962152004242,0.5555955171585083,0.7711845636367798,0.3547843098640442,0.2072446197271347,0.5384544134140015,0.7433942556381226,0.2939642369747162,0.21979647874832153,0.5426746606826782,0.794479250907898,0.34552034735679626,0.2497905194759369,0.5270719528198242,0.7543563842773438,0.2952647805213928,0.2699771523475647
188,0.540390133857727,0.8836337327957153,-0.27380502223968506,0.9894158840179443,0.5484643578529358,0.884975254535675,-0.28724950551986694,0.9955292344093323,0.5508763194084167,0.8865043520927429,-0.2872520387172699,0.995240330696106,0.5536800026893616,0.8879715800285339,-0.28729963302612305,0.9956508874893188,0.5400651693344116,0.878679633140564,-0.301682710647583,0.995414137840271,0.5388326644897461,0.8761303424835205,-0.30180805921554565,0.9949679374694824,0.53773432970047,0.8735880255699158,-0.30186647176742554,0.9953539967536926,0.564163863658905,0.8840407133102417,-0.28425660729408264,0.9955714344978333,0.5475136041641235,0.8624752163887024,-0.3499198257923126,0.9950666427612305,0.5522189736366272,0.8802740573883057,-0.263794481754303,0.9970580339431763,0.54184490442276,0.8775213360786438,-0.2830168306827545,0.9965273141860962,0.6048689484596252,0.8645846843719482,-0.19522956013679504,0.9986122250556946,0.5505727529525757,0.8137580156326294,-0.3112126290798187,0.9971504807472229,0.594483494758606,0.8604645133018494,-0.04831899330019951,0.30631449818611145,0.5331205725669861,0.7851821780204773,-0.20915403962135315,0.39461034536361694,0.5474041104316711,0.8753215074539185,0.007664029486477375,0.36355695128440857,0.5211669206619263,0.8297293782234192,-0.08725441247224808,0.4292299151420593,0.5403100848197937,0.881476104259491,0.002783681033179164,0.3866637349128723,0.509901225566864,0.8326483368873596,-0.09913009405136108,0.4561866819858551,0.5344104766845703,0.873689591884613,-0.024202782660722733,0.40311485528945923,0.512778639793396,0.8419370055198669,-0.11674781888723373,0.4756794571876526,0.5358218550682068,0.8697272539138794,-0.0014226420316845179,0.4033040702342987,0.5186358690261841,0.8443637490272522,-0.09159709513187408,0.45214617252349854,0.583518922328949,0.743631899356842,0.037311505526304245,0.999107301235199,0.5601019859313965,0.7167264819145203,-0.037215881049633026,0.9993525147438049,0.5648820996284485,0.8129556775093079,0.18892353773117065,0.30310818552970886,0.53661048412323,0.768905520439148,0.08233683556318283,0.4596419632434845,0.5534377694129944,0.7780520915985107,0.43224963545799255,0.20408472418785095,0.5380412340164185,0.7470836639404297,0.36118948459625244,0.21644273400306702,0.5544878244400024,0.7680834531784058,0.45779722929000854,0.19231730699539185,0.5393841862678528,0.7407435178756714,0.39123037457466125,0.2041497528553009,0.5379992723464966,0.7903581261634827,0.44796520471572876,0.23073823750019073,0.5293462872505188,0.7547252178192139,0.38783103227615356,0.2509289085865021
190,0.5373420119285583,0.8764776587486267,-0.21159681677818298,0.9896462559700012,0.5391930937767029,0.8763746619224548,-0.2242315262556076,0.9953082799911499,0.5416155457496643,0.8777958154678345,-0.22427430748939514,0.994939923286438,0.5440243482589722,0.879193902015686,-0.22434239089488983,0.9955717325210571,0.5347644090652466,0.8707330226898193,-0.23730094730854034,0.9952982068061829,0.5340768098831177,0.8683863878250122,-0.23735520243644714,0.9946765899658203,0.5333577394485474,0.8660367131233215,-0.23738427460193634,0.9952060580253601,0.5584676265716553,0.8750045895576477,-0.2283644676208496,0.9951618313789368,0.5434295535087585,0.8564120531082153,-0.2870759069919586,0.9941363334655762,0.5479880571365356,0.8737297654151917,-0.20460423827171326,0.9963937401771545,0.5431469678878784,0.8692662715911865,-0.22183415293693542,0.9956439733505249,0.6061835885047913,0.87244713306427,-0.1684315800666809,0.9985390901565552,0.5615434646606445,0.8040696382522583,-0.2552057206630707,0.9968242645263672,0.5963161587715149,0.8759756088256836,-0.03190971538424492,0.27944979071617126,0.5339207053184509,0.7709901928901672,-0.18397808074951172,0.3894111216068268,0.5593432784080505,0.8921722769737244,0.029665077105164528,0.33107972145080566,0.5232608318328857,0.8240625262260437,-0.12244047969579697,0.41412416100502014,0.5562448501586914,0.9009760618209839,0.02360270731151104,0.35416537523269653,0.5105500221252441,0.8334301710128784,-0.14045846462249756,0.4428822994232178,0.5502521395683289,0.8938953876495361,0.004954013507813215,0.37006276845932007,0.5117017030715942,0.8414288759231567,-0.14812792837619781,0.4628206193447113,0.5499886274337769,0.8886361718177795,0.023219849914312363,0.3700757920742035,0.5150238275527954,0.8415189981460571,-0.12469706684350967,0.4355624318122864,0.577424168586731,0.7502168416976929,0.03173061087727547,0.9991257786750793,0.5598919987678528,0.7163892388343811,-0.03153711557388306,0.9993760585784912,0.5521811246871948,0.7729264497756958,0.22173841297626495,0.27435219287872314,0.5372228026390076,0.7337561845779419,0.16303512454032898,0.417290061712265,0.544174313545227,0.7600905299186707,0.4643748700618744,0.18654805421829224,0.5400874614715576,0.7278504967689514,0.40379196405410767,0.2014305144548416,0.5464046001434326,0.7549600601196289,0.49083662033081055,0.17735159397125244,0.5424652695655823,0.7240817546844482,0.4299604892730713,0.1899486929178238,0.5326414704322815,0.7723037004470825,0.4884161353111267,0.21112172305583954,0.5304384827613831,0.7418268918991089,0.4253528118133545,0.2320861667394638
191,0.5392716526985168,0.8789206147193909,-0.10417715460062027,0.9852520823478699,0.5429185032844543,0.8795962929725647,-0.12100092321634293,0.9923728108406067,0.5459691286087036,0.881046712398529,-0.12104815244674683,0.9913306832313538,0.5490129590034485,0.8824623227119446,-0.12110234797000885,0.9928747415542603,0.5366291403770447,0.8737861514091492,-0.13238951563835144,0.9922308921813965,0.5353296995162964,0.871344268321991,-0.13241693377494812,0.9899782538414001,0.5340815186500549,0.8688963651657104,-0.13248476386070251,0.9916670322418213,0.5638113617897034,0.8773674368858337,-0.15318068861961365,0.9910293817520142,0.5433310270309448,0.8582248091697693,-0.20319199562072754,0.9874827265739441,0.5499464273452759,0.8726850152015686,-0.10799066722393036,0.9941381216049194,0.5446206331253052,0.8657633662223816,-0.12274403870105743,0.9922086000442505,0.6064674258232117,0.8660494089126587,-0.10845115035772324,0.9984831213951111,0.5545002818107605,0.8070335984230042,-0.1968555450439453,0.9965255260467529,0.600160539150238,0.8738601207733154,0.013570068404078484,0.2555743455886841,0.5335813760757446,0.7803731560707092,-0.13977697491645813,0.3723588287830353,0.5547956824302673,0.8864510655403137,0.05973591282963753,0.30941343307495117,0.5226174592971802,0.8274697065353394,-0.08190975338220596,0.40336254239082336,0.5478614568710327,0.8945414423942566,0.054635532200336456,0.3371187150478363,0.5096381902694702,0.8342467546463013,-0.09921477735042572,0.4345189332962036,0.541042685508728,0.8866280317306519,0.029982000589370728,0.3535551130771637,0.5117077231407166,0.8431576490402222,-0.11156179010868073,0.45414024591445923,0.5420892834663391,0.8807737231254578,0.05111798644065857,0.35276558995246887,0.5145605802536011,0.8415486216545105,-0.08615876734256744,0.42695358395576477,0.5855594277381897,0.7464873790740967,0.03373430296778679,0.9991578459739685,0.5596984624862671,0.7163561582565308,-0.033619754016399384,0.9994133710861206,0.5608351826667786,0.8062005639076233,0.19330978393554688,0.2541218400001526,0.5355584025382996,0.7667729258537292,0.09060721099376678,0.39019113779067993,0.5476829409599304,0.7660475373268127,0.3948602080345154,0.17768901586532593,0.5400605201721191,0.7360430359840393,0.32828056812286377,0.19207525253295898,0.5495072603225708,0.7561976909637451,0.4166072905063629,0.16918596625328064,0.5425370931625366,0.7273052334785461,0.3552202880382538,0.17979185283184052,0.5329084992408752,0.7797973155975342,0.4233320355415344,0.19658249616622925,0.530694305896759,0.7504150867462158,0.3737083077430725,0.21728581190109253
192,0.5394287109375,0.8793135285377502,-0.13089480996131897,0.9825071692466736,0.5434086322784424,0.8802357912063599,-0.14517299830913544,0.9904325008392334,0.546459436416626,0.881747305393219,-0.14521268010139465,0.9890429973602295,0.5494971871376038,0.8832331895828247,-0.14525696635246277,0.9913557767868042,0.537244439125061,0.8741791844367981,-0.1585913598537445,0.9899535179138184,0.5359550714492798,0.8716505169868469,-0.15862537920475006,0.9863461256027222,0.5346829891204834,0.8691300749778748,-0.15867508947849274,0.9889891743659973,0.5635005235671997,0.8802489638328552,-0.16539064049720764,0.9882393479347229,0.5437874794006348,0.8582517504692078,-0.22468534111976624,0.9814402461051941,0.5499662160873413,0.8744847178459167,-0.13037383556365967,0.9929704666137695,0.5451449155807495,0.8639878034591675,-0.14787057042121887,0.9901524186134338,0.606476902961731,0.8651083707809448,-0.11452265083789825,0.9984369874000549,0.5551601648330688,0.8069647550582886,-0.2116185426712036,0.9961059093475342,0.599601149559021,0.8736332058906555,0.0023105700965970755,0.2353794276714325,0.5341311097145081,0.7819939851760864,-0.15364986658096313,0.35520607233047485,0.5509902238845825,0.883463442325592,0.03802848234772682,0.2890283465385437,0.5225008130073547,0.8286145329475403,-0.09669585525989532,0.38971391320228577,0.5433169007301331,0.891795814037323,0.026634961366653442,0.3186990022659302,0.5098896622657776,0.8344382047653198,-0.1153997927904129,0.42310282588005066,0.5372432470321655,0.8834361433982849,-0.0018621602794155478,0.3357880115509033,0.5137815475463867,0.8463455438613892,-0.12437506020069122,0.44330161809921265,0.5386711955070496,0.8774467706680298,0.02617158368229866,0.3359324634075165,0.5155216455459595,0.8419649004936218,-0.10085580497980118,0.4156692624092102,0.587744951248169,0.7462047338485718,0.03733392059803009,0.999133288860321,0.5602901577949524,0.7158329486846924,-0.037252359092235565,0.999423086643219,0.5635374784469604,0.823257327079773,0.17063215374946594,0.23661713302135468,0.5331331491470337,0.7658393383026123,0.057414472103118896,0.371757447719574,0.5503743886947632,0.7779371738433838,0.3716598153114319,0.16801965236663818,0.5392335057258606,0.7375620603561401,0.30118244886398315,0.18188828229904175,0.5524793267250061,0.7658717036247253,0.3929787874221802,0.15885505080223083,0.5424085855484009,0.7285460233688354,0.32831650972366333,0.16853605210781097,0.5333248376846313,0.7921245694160461,0.3952341079711914,0.1863941103219986,0.5286235809326172,0.7524071931838989,0.342212051153183,0.20613616704940796
193,0.5413984060287476,0.8842517733573914,-0.09743117541074753,0.9795793294906616,0.5456863641738892,0.8844554424285889,-0.11546413600444794,0.9883214831352234,0.5489844679832458,0.8856964707374573,-0.1155187115073204,0.9866670966148376,0.5522593855857849,0.8869045376777649,-0.11556826531887054,0.9893492460250854,0.5384181141853333,0.8790203928947449,-0.12466780096292496,0.9877514839172363,0.5367163419723511,0.8766061067581177,-0.12469208240509033,0.9833941459655762,0.53508460521698,0.8741837739944458,-0.12475834041833878,0.9863630533218384,0.5656218528747559,0.8851763010025024,-0.14864112436771393,0.9855214357376099,0.5433059930801392,0.8620582222938538,-0.18892277777194977,0.9769052267074585,0.5519765615463257,0.8804842829704285,-0.10155583918094635,0.9913616180419922,0.5472646355628967,0.8657318949699402,-0.11333639919757843,0.9876242876052856,0.6065155267715454,0.8639453053474426,-0.10374163091182709,0.9984509348869324,0.5523634552955627,0.809095561504364,-0.18036684393882751,0.9958578944206238,0.5998741388320923,0.8739955425262451,0.018008330836892128,0.21955707669258118,0.5323941707611084,0.7819417715072632,-0.11120490729808807,0.3499598503112793,0.5520628690719604,0.8844031691551208,0.06114145368337631,0.2784290015697479,0.5223084688186646,0.8289061188697815,-0.03976433351635933,0.3845772445201874,0.5454455614089966,0.8926083445549011,0.05361894890666008,0.31514355540275574,0.5100021362304688,0.8345202207565308,-0.052839189767837524,0.4214687645435333,0.539352297782898,0.8845847249031067,0.031807202845811844,0.33255746960639954,0.5140538215637207,0.8460246324539185,-0.0655311718583107,0.44045841693878174,0.5403136014938354,0.8786892294883728,0.05347960442304611,0.3301534950733185,0.5184736847877502,0.8420666456222534,-0.04356618970632553,0.41268429160118103,0.5877076983451843,0.7458510994911194,0.03713364154100418,0.9991804957389832,0.5597892999649048,0.7159874439239502,-0.0370342917740345,0.9994550347328186,0.5617577433586121,0.8075135946273804,0.18916857242584229,0.21928700804710388,0.5334272384643555,0.7621493935585022,0.09421037137508392,0.3453051447868347,0.5501611232757568,0.7624777555465698,0.4092114567756653,0.16249413788318634,0.5367826223373413,0.7356237769126892,0.3459434509277344,0.18272094428539276,0.5514382719993591,0.7490326166152954,0.43307632207870483,0.15622584521770477,0.5389315485954285,0.7234724760055542,0.37241998314857483,0.16913917660713196,0.5322608947753906,0.7760712504386902,0.4336307942867279,0.1731405258178711,0.5265950560569763,0.7511309385299683,0.371843546628952,0.19579051434993744
194,0.5415320992469788,0.8854502439498901,-0.1135433167219162,0.9744101166725159,0.5457119941711426,0.8864368200302124,-0.13267941772937775,0.9847281575202942,0.5489279627799988,0.8877941966056824,-0.13274621963500977,0.9828624725341797,0.5521106719970703,0.8890994787216187,-0.1328134983778,0.9860616326332092,0.5384560823440552,0.8808304667472839,-0.14284133911132812,0.9843922853469849,0.5367353558540344,0.8783637881278992,-0.14288030564785004,0.9790765047073364,0.5350778102874756,0.8758774995803833,-0.14296744763851166,0.9824460744857788,0.5653525590896606,0.8871431946754456,-0.1657877266407013,0.9811539649963379,0.5424548387527466,0.8638381361961365,-0.21054737269878387,0.971668541431427,0.5527763962745667,0.8802913427352905,-0.1169608011841774,0.98804771900177,0.547731876373291,0.8675668835639954,-0.13003785908222198,0.983189046382904,0.6067157983779907,0.8642197251319885,-0.11370514333248138,0.9984538555145264,0.5509568452835083,0.8105486631393433,-0.20176522433757782,0.9958536028862,0.6035510301589966,0.8741470575332642,0.022255677729845047,0.2004014104604721,0.532442033290863,0.7796950936317444,-0.12495779991149902,0.3467167019844055,0.5557083487510681,0.8856553435325623,0.08164865523576736,0.25712645053863525,0.5217305421829224,0.8283273577690125,-0.04701056703925133,0.3760092556476593,0.5497602224349976,0.8930829763412476,0.07758660614490509,0.29641079902648926,0.5079198479652405,0.8335581421852112,-0.060835324227809906,0.41571637988090515,0.542635977268219,0.8848134279251099,0.05617452785372734,0.3129436671733856,0.5114710927009583,0.8442514538764954,-0.07183898240327835,0.43254536390304565,0.5428234338760376,0.8792707920074463,0.07453092187643051,0.3093748390674591,0.5174580812454224,0.8417860865592957,-0.04987156391143799,0.40456876158714294,0.5889123678207397,0.7458125352859497,0.039438121020793915,0.9992384910583496,0.5598077178001404,0.7159890532493591,-0.039317402988672256,0.9994952082633972,0.5601087808609009,0.80208820104599,0.23239144682884216,0.2013184130191803,0.5332649946212769,0.753361701965332,0.14479826390743256,0.3199896216392517,0.5466588735580444,0.7479296922683716,0.4735775887966156,0.15580080449581146,0.5331019759178162,0.7230913639068604,0.4022509455680847,0.1848200410604477,0.5479272603988647,0.7353752851486206,0.5006643533706665,0.15561407804489136,0.5348114371299744,0.7127693891525269,0.43081098794937134,0.1747601479291916,0.5289239287376404,0.7594718337059021,0.5122061967849731,0.15919272601604462,0.5221534371376038,0.7392632365226746,0.4416884481906891,0.18470537662506104
195,0.5439286231994629,0.8858962655067444,-0.09500252455472946,0.9738343954086304,0.5485413074493408,0.8868584036827087,-0.11531440913677216,0.984491229057312,0.5519500970840454,0.8880594968795776,-0.11535868793725967,0.9825806021690369,0.5553269386291504,0.8892145156860352,-0.11540486663579941,0.985543429851532,0.5404468178749084,0.881690263748169,-0.12331908941268921,0.9841588139533997,0.5383152961730957,0.8793772459030151,-0.1233423575758934,0.9787513613700867,0.5362299084663391,0.8770483136177063,-0.12342377007007599,0.9820834398269653,0.5675917267799377,0.8863691091537476,-0.1542348712682724,0.9807397127151489,0.5423058271408081,0.8646036386489868,-0.18908372521400452,0.9718278050422668,0.554183840751648,0.8813822865486145,-0.10059666633605957,0.9874403476715088,0.5503926277160645,0.867476761341095,-0.11085446178913116,0.9825088381767273,0.6080071926116943,0.8593520522117615,-0.10682149976491928,0.9984468221664429,0.5465347170829773,0.8112839460372925,-0.18374581634998322,0.9959319829940796,0.6130422949790955,0.8705462217330933,0.020372094586491585,0.18398404121398926,0.5295829176902771,0.7816618084907532,-0.10839252173900604,0.3469856083393097,0.562543511390686,0.8886104226112366,0.0809406042098999,0.2408139407634735,0.5185659527778625,0.8283926248550415,-0.030316656455397606,0.3693740665912628,0.5565741062164307,0.8966445922851562,0.07713405042886734,0.2850656509399414,0.5063106417655945,0.8327057361602783,-0.04173332080245018,0.41226300597190857,0.5479497909545898,0.889320433139801,0.055861521512269974,0.3006923198699951,0.507841944694519,0.8432304263114929,-0.05301376432180405,0.42717283964157104,0.5478838682174683,0.8835717439651489,0.07384033501148224,0.2952493727207184,0.5141821503639221,0.8417035937309265,-0.033243633806705475,0.40019071102142334,0.5896549820899963,0.7402617931365967,0.036672744899988174,0.9992721080780029,0.5585987567901611,0.71490478515625,-0.0366126224398613,0.9995254278182983,0.5645875930786133,0.8003208041191101,0.2287631779909134,0.1879301369190216,0.5333887934684753,0.7581676840782166,0.13888108730316162,0.30025067925453186,0.5486944913864136,0.7513859272003174,0.4475162923336029,0.15535655617713928,0.533452033996582,0.7241047024726868,0.39369097352027893,0.1856667548418045,0.5494198799133301,0.7401350736618042,0.47287192940711975,0.15827427804470062,0.5352817177772522,0.7140449285507202,0.4197268486022949,0.17732840776443481,0.5323853492736816,0.7612764239311218,0.49403223395347595,0.14803610742092133,0.5231983065605164,0.7397785186767578,0.4304946959018707,0.17372196912765503
196,0.5435478687286377,0.8898820877075195,-0.10737238079309464,0.9728304147720337,0.548056960105896,0.8909711837768555,-0.12597140669822693,0.9839248061180115,0.5513352751731873,0.8923972845077515,-0.12604264914989471,0.9819347262382507,0.554578959941864,0.893761396408081,-0.12611153721809387,0.9849838018417358,0.5403202772140503,0.8850266933441162,-0.1337529867887497,0.9836799502372742,0.5383117198944092,0.8823574781417847,-0.13378901779651642,0.9781184792518616,0.5362972021102905,0.8796765804290771,-0.13387353718280792,0.9815447926521301,0.5673949122428894,0.8904985785484314,-0.15901094675064087,0.9798450469970703,0.5422496795654297,0.8657833337783813,-0.19213974475860596,0.9714102149009705,0.5545963048934937,0.8816973567008972,-0.11108176410198212,0.9866040945053101,0.549936830997467,0.8731022477149963,-0.12089227139949799,0.9816334843635559,0.608431339263916,0.8606117367744446,-0.11055818945169449,0.998461902141571,0.5476361513137817,0.8109477162361145,-0.1788559854030609,0.9960300922393799,0.6146407127380371,0.8711760640144348,0.018480148166418076,0.168182373046875,0.5299222469329834,0.7777642607688904,-0.0947570651769638,0.3400232791900635,0.5668959617614746,0.8928597569465637,0.0755249410867691,0.226721853017807,0.5181036591529846,0.8266369700431824,-0.014924772083759308,0.3665420711040497,0.5616961717605591,0.9010161757469177,0.06960899382829666,0.27645283937454224,0.5056987404823303,0.8307476043701172,-0.025467505678534508,0.4142150282859802,0.5530198812484741,0.8945221304893494,0.04948929697275162,0.29175716638565063,0.5069908499717712,0.8410530090332031,-0.03758084401488304,0.42767658829689026,0.5529308319091797,0.8887063264846802,0.06876479089260101,0.2838795483112335,0.513327419757843,0.8405513167381287,-0.018128670752048492,0.40029624104499817,0.5899311304092407,0.7411924004554749,0.03446967899799347,0.9993188381195068,0.5592555999755859,0.7149193286895752,-0.03437770530581474,0.9995592832565308,0.5633395314216614,0.7989097237586975,0.20178988575935364,0.1734742671251297,0.533898651599884,0.7570387721061707,0.13943073153495789,0.27684512734413147,0.5479283332824707,0.751108705997467,0.4227348268032074,0.1508873850107193,0.5336750745773315,0.7243872880935669,0.38122034072875977,0.18454839289188385,0.548686146736145,0.7405868768692017,0.448138952255249,0.15916107594966888,0.5354708433151245,0.7148263454437256,0.4063989222049713,0.17828387022018433,0.5303245782852173,0.761168897151947,0.46316662430763245,0.13644587993621826,0.5237367749214172,0.7389610409736633,0.42162925004959106,0.16286732256412506
197,0.543293297290802,0.8909181952476501,-0.11786595731973648,0.9747318029403687,0.5475223660469055,0.8917708992958069,-0.1341909021139145,0.9850540161132812,0.5507128238677979,0.893083930015564,-0.1342194676399231,0.983188807964325,0.5538685917854309,0.8943546414375305,-0.13426390290260315,0.9860052466392517,0.5401049852371216,0.8860747814178467,-0.14391203224658966,0.9848578572273254,0.5382075309753418,0.8834967017173767,-0.14395414292812347,0.9796579480171204,0.5362867116928101,0.8809217810630798,-0.14401307702064514,0.9828518033027649,0.5669481754302979,0.8902246952056885,-0.1591401994228363,0.9811707139015198,0.5422577857971191,0.8670302033424377,-0.2014942467212677,0.9735215306282043,0.5540735125541687,0.8850592970848083,-0.11879943311214447,0.9873834848403931,0.5498708486557007,0.8752702474594116,-0.13124622404575348,0.9827680587768555,0.6084665060043335,0.8612064123153687,-0.10244585573673248,0.9985202550888062,0.5462603569030762,0.8119191527366638,-0.18935830891132355,0.9962356686592102,0.6148735284805298,0.8712395429611206,0.02377822995185852,0.15483421087265015,0.5297490954399109,0.776826024055481,-0.10225965827703476,0.3332613706588745,0.5710955262184143,0.8961732387542725,0.088483527302742,0.216781884431839,0.5183264017105103,0.823250949382782,-0.0026569438632577658,0.36185309290885925,0.5667248964309692,0.9054200053215027,0.08794502168893814,0.27078965306282043,0.5058883428573608,0.8293587565422058,-0.009346401318907738,0.4165496528148651,0.5577727556228638,0.9005154371261597,0.06570033729076385,0.28619205951690674,0.5073999762535095,0.8397125005722046,-0.020776893943548203,0.4303766191005707,0.5573909878730774,0.8945646286010742,0.08126333355903625,0.2777833044528961,0.5119879841804504,0.8351890444755554,-0.0047411867417395115,0.40242570638656616,0.5901886224746704,0.7413680553436279,0.036764271557331085,0.9993357062339783,0.5589398741722107,0.7147384285926819,-0.036723408848047256,0.9995790123939514,0.5629813075065613,0.8005027770996094,0.18529826402664185,0.1607533097267151,0.5287653803825378,0.7583851218223572,0.0719086080789566,0.26226916909217834,0.5495275259017944,0.7516376376152039,0.37178847193717957,0.14398503303527832,0.5339606404304504,0.7293063998222351,0.3034084439277649,0.17437537014484406,0.5511986017227173,0.7423173189163208,0.39300021529197693,0.15329836308956146,0.5385351777076721,0.7202522158622742,0.33083489537239075,0.1694498062133789,0.5315209031105042,0.7629044651985168,0.41128936409950256,0.12794741988182068,0.5243328809738159,0.7439289689064026,0.36317309737205505,0.1522727906703949
198,0.5429844856262207,0.8922685980796814,-0.12227372825145721,0.975932240486145,0.5480872392654419,0.8954837918281555,-0.139235720038414,0.9857094883918762,0.5510233640670776,0.8973734378814697,-0.13926297426223755,0.9839464426040649,0.5541908740997314,0.8991724848747253,-0.13930299878120422,0.9865836501121521,0.541176438331604,0.8881253600120544,-0.149033784866333,0.9855340719223022,0.5380679965019226,0.8850926756858826,-0.149072527885437,0.9805455803871155,0.5361321568489075,0.8825801610946655,-0.14912623167037964,0.9835925102233887,0.5667681097984314,0.892687201499939,-0.16511975228786469,0.9819265007972717,0.5419618487358093,0.8687877058982849,-0.2082376480102539,0.9748134016990662,0.5538696050643921,0.8854084014892578,-0.12341152131557465,0.9877148866653442,0.5489508509635925,0.8761371374130249,-0.13596107065677643,0.9832649827003479,0.607437014579773,0.8615539073944092,-0.1077476516366005,0.9985526204109192,0.5459586381912231,0.8135128617286682,-0.19599421322345734,0.9963205456733704,0.6124995946884155,0.871691107749939,0.018608225509524345,0.14356093108654022,0.5299000144004822,0.7770082354545593,-0.10856512933969498,0.32226788997650146,0.568676233291626,0.8966688513755798,0.07889293134212494,0.2065725177526474,0.5188271403312683,0.8229592442512512,-0.007017343305051327,0.34885862469673157,0.5641824007034302,0.9054370522499084,0.07688280194997787,0.26353374123573303,0.5072295665740967,0.8278939127922058,-0.014034135267138481,0.4076671600341797,0.5564590692520142,0.9002023935317993,0.05462448671460152,0.278825044631958,0.5095095634460449,0.8385159969329834,-0.026767224073410034,0.4212675392627716,0.5561593770980835,0.8944489359855652,0.07142765820026398,0.26965540647506714,0.5135440826416016,0.8337307572364807,-0.00962806772440672,0.39448586106300354,0.5906713008880615,0.741740345954895,0.037905193865299225,0.9993454813957214,0.5589497089385986,0.714949905872345,-0.03786185756325722,0.9995919466018677,0.5626571774482727,0.7991609573364258,0.18986862897872925,0.14793705940246582,0.5275226831436157,0.7571836709976196,0.0883031040430069,0.2462041825056076,0.549277663230896,0.7527210116386414,0.3991180658340454,0.13644534349441528,0.5343523621559143,0.7305394411087036,0.33096176385879517,0.16485463082790375,0.5510784387588501,0.7423444986343384,0.42214757204055786,0.1469588279724121,0.5387710928916931,0.7217897772789001,0.35927894711494446,0.16203530132770538,0.530321478843689,0.7645787596702576,0.43560653924942017,0.11882713437080383,0.5246219635009766,0.7460021376609802,0.3833458423614502,0.1417810171842575
200,0.5384035110473633,0.8879920244216919,-0.20658990740776062,0.9757867455482483,0.5433913469314575,0.8885289430618286,-0.2198139876127243,0.9849656820297241,0.5464056730270386,0.889668881893158,-0.21990036964416504,0.983322262763977,0.5494000315666199,0.890789806842804,-0.21999454498291016,0.9863448739051819,0.537590503692627,0.8828748464584351,-0.2337709367275238,0.9846816658973694,0.5365307331085205,0.880174458026886,-0.23382706940174103,0.979637861251831,0.5354295969009399,0.8774685263633728,-0.23385560512542725,0.9826412200927734,0.5646851062774658,0.8848158121109009,-0.2272930145263672,0.9813648462295532,0.5446023941040039,0.8633748292922974,-0.2895621061325073,0.9713950157165527,0.5479031801223755,0.8822823762893677,-0.20107240974903107,0.9867022633552551,0.5446473956108093,0.8717754483222961,-0.21930105984210968,0.9815564751625061,0.6067625880241394,0.865134060382843,-0.1752561777830124,0.9985916018486023,0.5543292760848999,0.802920937538147,-0.2624945640563965,0.9958378672599792,0.5838263630867004,0.8699915409088135,-0.053653668612241745,0.1350812166929245,0.5232242941856384,0.7705079317092896,-0.19923202693462372,0.30721765756607056,0.5321182608604431,0.8854716420173645,-0.03122960403561592,0.1950780153274536,0.5153348445892334,0.8274217247962952,-0.14610686898231506,0.3346671164035797,0.52523273229599,0.8966764211654663,-0.047445692121982574,0.2505640685558319,0.5042994022369385,0.8342345356941223,-0.1710468977689743,0.39214572310447693,0.5202977657318115,0.8882253170013428,-0.06956561654806137,0.2663601040840149,0.5087588429450989,0.8445980548858643,-0.18351955711841583,0.4049637019634247,0.5211760401725769,0.8807021379470825,-0.04032429680228233,0.25705283880233765,0.5115666389465332,0.8432860970497131,-0.15149712562561035,0.37578392028808594,0.5765174031257629,0.742193341255188,0.0359368659555912,0.9993575811386108,0.5510761141777039,0.7139261960983276,-0.035868220031261444,0.9995967745780945,0.5536092519760132,0.7743164300918579,0.25337445735931396,0.1339745670557022,0.5365375876426697,0.739891767501831,0.1939188688993454,0.22526706755161285,0.5394647717475891,0.7407272458076477,0.5162979960441589,0.1251285970211029,0.5382864475250244,0.7082768082618713,0.4549851417541504,0.16027195751667023,0.5411401987075806,0.7326316237449646,0.54500812292099,0.13673093914985657,0.5421337485313416,0.700614333152771,0.4828358292579651,0.15670453011989594,0.5224656462669373,0.7486951351165771,0.5385993123054504,0.10952920466661453,0.5234827995300293,0.7163326144218445,0.4730057120323181,0.1354992836713791
201,0.5386708974838257,0.886890709400177,-0.15334229171276093,0.9755375385284424,0.5434809923171997,0.8873113989830017,-0.1700589805841446,0.9847913384437561,0.5465612411499023,0.8886212706565857,-0.1701042801141739,0.9830355644226074,0.5496333241462708,0.8898947238922119,-0.17016413807868958,0.9860926270484924,0.5374557375907898,0.8815351724624634,-0.18116307258605957,0.9846323132514954,0.5361557602882385,0.8789393305778503,-0.18121026456356049,0.9794201850891113,0.5347497463226318,0.8763311505317688,-0.18127506971359253,0.9825257658958435,0.564652144908905,0.8852360248565674,-0.19419820606708527,0.9808160066604614,0.5420891046524048,0.862851083278656,-0.24315670132637024,0.970962643623352,0.5483576059341431,0.8821392059326172,-0.1533864587545395,0.9861876964569092,0.5448235273361206,0.868117094039917,-0.16781054437160492,0.9809452295303345,0.606899619102478,0.864514172077179,-0.1382409632205963,0.9985377192497253,0.5478782057762146,0.8039951920509338,-0.22529013454914093,0.995652973651886,0.6036873459815979,0.8673815131187439,-0.0021778116934001446,0.1255943477153778,0.5255712270736694,0.7704102993011475,-0.15214033424854279,0.2960234582424164,0.5540808439254761,0.8864524960517883,0.0543520525097847,0.1890670359134674,0.5167933702468872,0.8273956775665283,-0.08263568580150604,0.32686522603034973,0.5483706593513489,0.8972173929214478,0.04907993599772453,0.24800966680049896,0.5053612589836121,0.8335443139076233,-0.0997045487165451,0.3859333395957947,0.5395485162734985,0.8896232843399048,0.023931536823511124,0.2644394636154175,0.5087509155273438,0.8445628881454468,-0.11175288259983063,0.39841848611831665,0.5397690534591675,0.8825740814208984,0.04575595632195473,0.2542562782764435,0.5115119218826294,0.8393116593360901,-0.08657970279455185,0.36913737654685974,0.5811728239059448,0.7421633005142212,0.03692534565925598,0.9993405938148499,0.5515455007553101,0.7138996124267578,-0.036816053092479706,0.9996002912521362,0.5597195029258728,0.7963262796401978,0.22320973873138428,0.12356516718864441,0.5362248420715332,0.7530860304832458,0.13667644560337067,0.21126526594161987,0.5482534766197205,0.7556924819946289,0.46221575140953064,0.11934567987918854,0.5384775400161743,0.7231627106666565,0.38299188017845154,0.15914587676525116,0.5497929453849792,0.745132565498352,0.4881104826927185,0.1313028633594513,0.542148768901825,0.7136553525924683,0.41032785177230835,0.15444426238536835,0.533905029296875,0.767832338809967,0.49324697256088257,0.10262120515108109,0.5283074975013733,0.7381005883216858,0.41570529341697693,0.1316031962633133
202,0.5394115447998047,0.88642817735672,-0.17077885568141937,0.9765961766242981,0.5440970659255981,0.8865348696708679,-0.1856716424226761,0.9853243827819824,0.5471957325935364,0.8879536986351013,-0.1857178509235382,0.9836189150810242,0.5502830147743225,0.8893371224403381,-0.18578216433525085,0.9866093397140503,0.5377920866012573,0.8804798126220703,-0.19780783355236053,0.985154390335083,0.5364166498184204,0.8778173923492432,-0.19785630702972412,0.9800056219100952,0.5349636673927307,0.8751533627510071,-0.19790324568748474,0.9829804301261902,0.5659996867179871,0.8852459192276001,-0.20133884251117706,0.9812796115875244,0.542107105255127,0.8615833520889282,-0.2547726631164551,0.9715782403945923,0.5493221282958984,0.8820855021476746,-0.16777117550373077,0.9865812659263611,0.5465723872184753,0.8678262233734131,-0.1835448443889618,0.9813982844352722,0.6069027185440063,0.8643597364425659,-0.13906653225421906,0.9985803365707397,0.5484955310821533,0.8039842844009399,-0.23038291931152344,0.9955414533615112,0.6049164533615112,0.8653422594070435,-0.005423297174274921,0.11940222978591919,0.5279844403266907,0.7695282697677612,-0.14783723652362823,0.28556665778160095,0.5548180341720581,0.8862581849098206,0.04646249860525131,0.19112856686115265,0.518098771572113,0.8265994787216187,-0.0629412978887558,0.3209637403488159,0.5481083393096924,0.8969260454177856,0.040555454790592194,0.25312212109565735,0.5062364935874939,0.831860363483429,-0.07621628046035767,0.3826783299446106,0.539395272731781,0.8895918726921082,0.015257890336215496,0.27092283964157104,0.5100616216659546,0.8430650234222412,-0.0911531075835228,0.3955990970134735,0.5402360558509827,0.8825240731239319,0.03766690939664841,0.26017826795578003,0.5153480768203735,0.8392096161842346,-0.06741716712713242,0.3656502068042755,0.5835481882095337,0.7424193620681763,0.039236895740032196,0.9993637800216675,0.5534664392471313,0.7135452032089233,-0.03913690522313118,0.999617874622345,0.5605901479721069,0.7993580102920532,0.20306101441383362,0.1146150529384613,0.5305938124656677,0.7571773529052734,0.09117043763399124,0.20044007897377014,0.5468482375144958,0.7549975514411926,0.4180786609649658,0.11418136209249496,0.5375165939331055,0.7242301106452942,0.341357558965683,0.15302592515945435,0.5483759641647339,0.7438634037971497,0.4416270852088928,0.12623809278011322,0.541735827922821,0.7151728868484497,0.369915634393692,0.14840200543403625,0.53182452917099,0.7676429152488708,0.4482186734676361,0.09789018332958221,0.5279756188392639,0.736664354801178,0.38580578565597534,0.12682099640369415
203,0.5393410921096802,0.8862695097923279,-0.18780028820037842,0.9785258173942566,0.5438672304153442,0.8864316940307617,-0.1996432989835739,0.986520528793335,0.5468858480453491,0.8879045248031616,-0.19961757957935333,0.9849496483802795,0.5498884916305542,0.8893272280693054,-0.19963338971138,0.9876959919929504,0.5376786589622498,0.8801811933517456,-0.2119348794221878,0.9863502383232117,0.5363249778747559,0.8774589896202087,-0.2119937390089035,0.9815795421600342,0.5349053740501404,0.8747388124465942,-0.2120371162891388,0.9843037128448486,0.5655838251113892,0.8859627842903137,-0.2059769183397293,0.9827067255973816,0.5422450304031372,0.8612412810325623,-0.26287081837654114,0.9737531542778015,0.5492839217185974,0.8820667862892151,-0.17864444851875305,0.9876015186309814,0.5465282797813416,0.8680166006088257,-0.19427695870399475,0.9827551245689392,0.6068779230117798,0.8642066121101379,-0.13954509794712067,0.9986281991004944,0.5489709377288818,0.8038715720176697,-0.23895971477031708,0.995461642742157,0.6041499972343445,0.8601571917533875,-0.0010566523997113109,0.11508511751890182,0.5281264781951904,0.7663050889968872,-0.15433549880981445,0.2789853513240814,0.5514267683029175,0.8834301829338074,0.04688683897256851,0.19449324905872345,0.5181702375411987,0.82571941614151,-0.06771139055490494,0.32482224702835083,0.5437922477722168,0.8951122164726257,0.04020470380783081,0.2592720687389374,0.5052629113197327,0.8306847810745239,-0.08227112889289856,0.38909485936164856,0.535517156124115,0.8882445096969604,0.012475451454520226,0.2786652743816376,0.5092148780822754,0.8419439792633057,-0.0997094064950943,0.4029557406902313,0.5366398692131042,0.8810815215110779,0.036860495805740356,0.26815715432167053,0.5150435566902161,0.839153528213501,-0.07320298254489899,0.3711409568786621,0.5853512287139893,0.7436046600341797,0.04381325840950012,0.9993434548377991,0.5555676221847534,0.7131181359291077,-0.04371784254908562,0.9996190071105957,0.5654004812240601,0.8110644817352295,0.18653103709220886,0.10823659598827362,0.5278676748275757,0.766826868057251,0.04885237291455269,0.20192395150661469,0.5493518710136414,0.7606010437011719,0.39628320932388306,0.11217672377824783,0.5375245809555054,0.725104570388794,0.3059728145599365,0.15137498080730438,0.550412118434906,0.7476972937583923,0.4188658595085144,0.12276849895715714,0.5421813726425171,0.7150557041168213,0.335251122713089,0.14644530415534973,0.5335178971290588,0.7739279270172119,0.4228540360927582,0.09561211615800858,0.5280297994613647,0.7358801960945129,0.352960467338562,0.12641985714435577
204,0.5394789576530457,0.886277973651886,-0.1777879297733307,0.9802669286727905,0.5438967943191528,0.8866064548492432,-0.19144035875797272,0.9876270890235901,0.5468922853469849,0.8881464600563049,-0.1914328783750534,0.986180305480957,0.5498857498168945,0.8896456956863403,-0.19147393107414246,0.9886963367462158,0.5377687215805054,0.8802875280380249,-0.20381741225719452,0.987463116645813,0.5364378094673157,0.8775917291641235,-0.203872948884964,0.9830598831176758,0.5350547432899475,0.8749047517776489,-0.2039102017879486,0.9855481386184692,0.5653688311576843,0.8863618969917297,-0.2024146020412445,0.9840728640556335,0.5422796010971069,0.8617445826530457,-0.2576211094856262,0.9758899211883545,0.5493189096450806,0.8822090029716492,-0.17254969477653503,0.9885209798812866,0.5455256700515747,0.8733290433883667,-0.18858399987220764,0.9840356111526489,0.6068078875541687,0.8640788793563843,-0.1334376186132431,0.9986526370048523,0.5484503507614136,0.8060956597328186,-0.23612651228904724,0.9955267310142517,0.6081529855728149,0.8602541089057922,0.0028871234972029924,0.1106695830821991,0.5281628370285034,0.7668413519859314,-0.14920109510421753,0.28227171301841736,0.557390570640564,0.883513867855072,0.06344807893037796,0.19489344954490662,0.517238974571228,0.8257420659065247,-0.0524778850376606,0.32883623242378235,0.5501238107681274,0.8951410055160522,0.06021431088447571,0.2598905861377716,0.5043227076530457,0.8301231265068054,-0.06370588392019272,0.3940316438674927,0.5409622192382812,0.8886989951133728,0.034645579755306244,0.2800251841545105,0.5065175294876099,0.8417119979858398,-0.07817899435758591,0.40862274169921875,0.5420528054237366,0.8816169500350952,0.05463488772511482,0.2693652808666229,0.5127586722373962,0.8392727971076965,-0.056377045810222626,0.37488341331481934,0.5861253142356873,0.7435069680213928,0.04429619386792183,0.9992636442184448,0.5561102032661438,0.7131139636039734,-0.04423155635595322,0.9995889663696289,0.5654050707817078,0.8044205904006958,0.18736526370048523,0.10200832784175873,0.5276747941970825,0.7634785175323486,0.061495788395404816,0.19907599687576294,0.5518108010292053,0.7579220533370972,0.3866804242134094,0.10779085755348206,0.5376394987106323,0.7237967848777771,0.2992370128631592,0.1472053974866867,0.553341805934906,0.7471751570701599,0.4081639349460602,0.11767733097076416,0.5431268215179443,0.7139096856117249,0.32655346393585205,0.14253945648670197,0.5363279581069946,0.7700909972190857,0.41552138328552246,0.09089519083499908,0.5279184579849243,0.7345364689826965,0.34525278210639954,0.12218759208917618
205,0.5396690964698792,0.8886439800262451,-0.15390323102474213,0.981921374797821,0.5441816449165344,0.8885247707366943,-0.16875699162483215,0.9886757135391235,0.547226071357727,0.8899993896484375,-0.16877582669258118,0.9873523712158203,0.5502687096595764,0.8914273381233215,-0.168826162815094,0.9896501302719116,0.5378535985946655,0.8823699355125427,-0.18078896403312683,0.9885284304618835,0.5364946722984314,0.8796948194503784,-0.18083199858665466,0.9844878911972046,0.5350895524024963,0.8770262002944946,-0.18086762726306915,0.9867677688598633,0.5654419660568237,0.8870709538459778,-0.18421192467212677,0.9854423403739929,0.5423585176467896,0.8632843494415283,-0.2373872697353363,0.9779567122459412,0.5495133399963379,0.8846770524978638,-0.15081141889095306,0.9894416332244873,0.5448635816574097,0.8790097832679749,-0.16638892889022827,0.9853475689888,0.6074569821357727,0.8630698919296265,-0.12424047291278839,0.9987056255340576,0.547049880027771,0.8080917596817017,-0.21856848895549774,0.9957664608955383,0.6135023832321167,0.8609883189201355,0.005729765631258488,0.10584785789251328,0.5281230807304382,0.7706657648086548,-0.13805733621120453,0.2843526005744934,0.5658249258995056,0.8919820189476013,0.06355881690979004,0.1907869279384613,0.5159203410148621,0.8277832269668579,-0.04893163591623306,0.3285277783870697,0.5605870485305786,0.9029858708381653,0.05906877666711807,0.2596379220485687,0.5033069849014282,0.8306347727775574,-0.06014244630932808,0.3970727026462555,0.5513169765472412,0.8973051905632019,0.03617028146982193,0.2794160842895508,0.5047920942306519,0.8418020009994507,-0.07210691273212433,0.41096076369285583,0.5512697696685791,0.8906387090682983,0.05570674687623978,0.2678176760673523,0.5111833810806274,0.8402575850486755,-0.05187912657856941,0.37718966603279114,0.5873585343360901,0.7434864640235901,0.04419238120317459,0.9992672204971313,0.5563052892684937,0.7131374478340149,-0.04409392923116684,0.9995996952056885,0.5641191005706787,0.804614245891571,0.19694015383720398,0.09753119200468063,0.5279585123062134,0.760475218296051,0.08931641280651093,0.19770848751068115,0.5507165789604187,0.758452832698822,0.40500298142433167,0.10831762105226517,0.5364353656768799,0.7224975228309631,0.3222588002681732,0.15360121428966522,0.5526390075683594,0.7467106580734253,0.427795946598053,0.11804479360580444,0.5418654680252075,0.7134827375411987,0.34913021326065063,0.14702406525611877,0.5345929861068726,0.7715325951576233,0.4402364194393158,0.08715836703777313,0.5264501571655273,0.7353039383888245,0.3687961995601654,0.12098655104637146
206,0.5398096442222595,0.8892329931259155,-0.16295745968818665,0.9828972220420837,0.5444365739822388,0.8891111612319946,-0.17691808938980103,0.9892117977142334,0.5497070550918579,0.8936313390731812,-0.1769627034664154,0.9879711866378784,0.5527524352073669,0.8953371644020081,-0.17702218890190125,0.9901630878448486,0.5380910038948059,0.8827297687530518,-0.1893693506717682,0.9891095757484436,0.5367748141288757,0.8799641132354736,-0.18941064178943634,0.9852652549743652,0.5354222655296326,0.8772172927856445,-0.18945452570915222,0.9874423146247864,0.5654350519180298,0.8871556520462036,-0.18817918002605438,0.986158013343811,0.5430400371551514,0.8633254170417786,-0.24295508861541748,0.9790773987770081,0.5497667193412781,0.8854122757911682,-0.15836694836616516,0.9898560643196106,0.5447266697883606,0.879938542842865,-0.17444708943367004,0.9860228896141052,0.6073554754257202,0.8630780577659607,-0.12598247826099396,0.9987345933914185,0.5483771562576294,0.8078145384788513,-0.2211119830608368,0.9959091544151306,0.6099215745925903,0.861247181892395,0.0052262600511312485,0.09936661273241043,0.5282059907913208,0.7673255801200867,-0.14145532250404358,0.2876143157482147,0.5622866749763489,0.8911997675895691,0.05038370564579964,0.1858140081167221,0.5169371962547302,0.8270087838172913,-0.05904821678996086,0.3356151878833771,0.5565171837806702,0.9023473858833313,0.04328953102231026,0.25890257954597473,0.5033349394798279,0.8307174444198608,-0.07316146045923233,0.4078405499458313,0.5478755235671997,0.8961572051048279,0.020187532529234886,0.27846261858940125,0.5050595998764038,0.8416067957878113,-0.08550003170967102,0.4211708903312683,0.5482805371284485,0.8892753720283508,0.042146749794483185,0.2664518356323242,0.5113889575004578,0.840251624584198,-0.06255139410495758,0.3862762749195099,0.5877653360366821,0.7438260316848755,0.04403434693813324,0.9992931485176086,0.5590458512306213,0.7126335501670837,-0.04386230930685997,0.9996151328086853,0.5595591068267822,0.8037368059158325,0.20460334420204163,0.0930127426981926,0.5285319685935974,0.7565489411354065,0.1061406284570694,0.19154410064220428,0.5483260154724121,0.7568672299385071,0.42640218138694763,0.10725878924131393,0.535586953163147,0.721744179725647,0.3482636511325836,0.15525545179843903,0.5515843629837036,0.745735228061676,0.450923353433609,0.11776912212371826,0.5406060814857483,0.7126976847648621,0.37593865394592285,0.14763525128364563,0.528960645198822,0.7690721750259399,0.45914608240127563,0.0844975933432579,0.5235974192619324,0.7339880466461182,0.3894865810871124,0.11986331641674042
207,0.5397695302963257,0.889385461807251,-0.18604129552841187,0.9838799238204956,0.5444029569625854,0.8893404603004456,-0.19942793250083923,0.989793062210083,0.5492066144943237,0.8933095932006836,-0.19945837557315826,0.9886195063591003,0.5522205829620361,0.8949518799781799,-0.19950613379478455,0.9907146692276001,0.5380710363388062,0.8828346133232117,-0.2126920521259308,0.9897428750991821,0.5367680788040161,0.880027174949646,-0.2127348631620407,0.9860910177230835,0.5354229211807251,0.877248227596283,-0.2127770483493805,0.9881693720817566,0.5653253793716431,0.8877883553504944,-0.20667794346809387,0.9868663549423218,0.54325270652771,0.863331139087677,-0.2651952803134918,0.9802642464637756,0.5497526526451111,0.8855869174003601,-0.17958571016788483,0.990246057510376,0.5443426966667175,0.8799880743026733,-0.19678686559200287,0.9866697192192078,0.6074381470680237,0.8631402850151062,-0.12823060154914856,0.9987404942512512,0.5502650141716003,0.8075705170631409,-0.2382262945175171,0.9959653615951538,0.6096807718276978,0.8630772233009338,-0.0030129586812108755,0.09418774396181107,0.5301695466041565,0.7670722603797913,-0.14383795857429504,0.29283714294433594,0.5637266039848328,0.8914490938186646,0.040762871503829956,0.1818041205406189,0.5175760984420776,0.8266687989234924,-0.069488026201725,0.3407081961631775,0.5578950643539429,0.9024410843849182,0.03321615606546402,0.25670480728149414,0.5035065412521362,0.8307610154151917,-0.08333487808704376,0.41489434242248535,0.5494996309280396,0.8963119387626648,0.009632891975343227,0.2763109505176544,0.505240261554718,0.841598391532898,-0.09610575437545776,0.4284380376338959,0.5500658750534058,0.8896669149398804,0.03227534145116806,0.2646782696247101,0.5118316411972046,0.8402904868125916,-0.07299064099788666,0.39259594678878784,0.5886570811271667,0.7459167242050171,0.04339988902211189,0.9992947578430176,0.5608561635017395,0.7126180529594421,-0.04325365275144577,0.9996221661567688,0.5571312308311462,0.8072077035903931,0.2042955458164215,0.08984551578760147,0.5256275534629822,0.7527245879173279,0.09133671969175339,0.18793322145938873,0.5481209754943848,0.7590668201446533,0.42452922463417053,0.10544782131910324,0.5354812741279602,0.722001850605011,0.3421576917171478,0.15106633305549622,0.5509908199310303,0.7473195791244507,0.44887280464172363,0.1152733638882637,0.5406613945960999,0.7141431570053101,0.3713865280151367,0.14303995668888092,0.5278871059417725,0.7709888219833374,0.45818620920181274,0.08339652419090271,0.5232118964195251,0.7349643111228943,0.3903212249279022,0.11746039241552353
208,0.5398253202438354,0.8902794122695923,-0.18062956631183624,0.9840977191925049,0.5464736223220825,0.89463871717453,-0.19411557912826538,0.989876389503479,0.5499316453933716,0.8974726796150208,-0.19415012001991272,0.9887048602104187,0.5526989102363586,0.8994020223617554,-0.19419613480567932,0.9907986521720886,0.5382789373397827,0.8835934400558472,-0.20761556923389435,0.989956259727478,0.537006139755249,0.8806639313697815,-0.2076575756072998,0.9863305687904358,0.5356979370117188,0.87776780128479,-0.2077108919620514,0.9884321689605713,0.5653195977210999,0.8912631869316101,-0.20320770144462585,0.9867867827415466,0.5439450740814209,0.863727867603302,-0.26233547925949097,0.9806371331214905,0.5505942702293396,0.8854548931121826,-0.17479053139686584,0.9901432394981384,0.5450872182846069,0.8782274127006531,-0.19222456216812134,0.9866340756416321,0.6072551608085632,0.8660600781440735,-0.13122552633285522,0.9987000823020935,0.5510359406471252,0.8074975609779358,-0.2366665154695511,0.9959241151809692,0.611258864402771,0.8685448169708252,0.004717309959232807,0.0890781506896019,0.5306540727615356,0.7671566009521484,-0.14825007319450378,0.302540123462677,0.5664273500442505,0.8935742974281311,0.0554443895816803,0.17757967114448547,0.5182543992996216,0.8261002898216248,-0.06272412091493607,0.3500232398509979,0.5611392259597778,0.9039114117622375,0.05051745846867561,0.25396329164505005,0.5039533972740173,0.8307801485061646,-0.07541464269161224,0.4254996180534363,0.5525079369544983,0.8978050947189331,0.025932613760232925,0.2737526595592499,0.5055199265480042,0.8415760397911072,-0.08836616575717926,0.43909135460853577,0.5528613328933716,0.8915054202079773,0.04679686948657036,0.2623406648635864,0.512332558631897,0.8402907848358154,-0.06586354970932007,0.4021029472351074,0.5894614458084106,0.7476412057876587,0.042740900069475174,0.9992879033088684,0.5618324279785156,0.7138776183128357,-0.04258640110492706,0.999623715877533,0.5571862459182739,0.8088090419769287,0.20352916419506073,0.08594798296689987,0.5272868871688843,0.7535855174064636,0.09370125830173492,0.18080545961856842,0.5480101108551025,0.761568009853363,0.42554861307144165,0.10299655795097351,0.5356910824775696,0.7306568026542664,0.3480735123157501,0.1447097212076187,0.551007091999054,0.7498376965522766,0.4502328336238861,0.11292494833469391,0.5407034754753113,0.7239634394645691,0.3774881958961487,0.13722875714302063,0.5280768275260925,0.7736219167709351,0.4592672288417816,0.0809270441532135,0.52354896068573,0.7456096410751343,0.3946080207824707,0.11267897486686707
209,0.5395640134811401,0.8902756571769714,-0.1788625717163086,0.9847869873046875,0.5464903116226196,0.8953811526298523,-0.1924574375152588,0.9902628064155579,0.5498175024986267,0.8990535140037537,-0.19248932600021362,0.9891414642333984,0.5525726675987244,0.9011194705963135,-0.1925308257341385,0.9911749958992004,0.5380555987358093,0.8835964798927307,-0.2061508446931839,0.9903932809829712,0.5368376970291138,0.8806594610214233,-0.2061919867992401,0.9868677854537964,0.5355805158615112,0.8777601718902588,-0.2062416821718216,0.9889278411865234,0.5640507936477661,0.8915961384773254,-0.202427476644516,0.9872010350227356,0.5439490079879761,0.8637848496437073,-0.2622669041156769,0.9814032912254333,0.5502727031707764,0.8861088156700134,-0.1733127236366272,0.9903721809387207,0.5442487001419067,0.8795998096466064,-0.19103923439979553,0.9870291352272034,0.6067453622817993,0.8678325414657593,-0.1333385705947876,0.9987034797668457,0.5521372556686401,0.8074910640716553,-0.23696085810661316,0.9959772229194641,0.6126388907432556,0.8693398833274841,0.0018280316144227982,0.08545126765966415,0.5336593389511108,0.7666826844215393,-0.1521378457546234,0.31098294258117676,0.5669218301773071,0.8937402963638306,0.04872196540236473,0.17621977627277374,0.5186747908592224,0.8256905674934387,-0.06774814426898956,0.35941803455352783,0.5609480142593384,0.9042109847068787,0.04231417924165726,0.25448641180992126,0.504438042640686,0.8308643698692322,-0.08131565153598785,0.43536773324012756,0.5523503422737122,0.8980573415756226,0.017830215394496918,0.274560809135437,0.5062534213066101,0.8415499925613403,-0.09450824558734894,0.4491950273513794,0.5529847741127014,0.8917087912559509,0.039932772517204285,0.2635084390640259,0.5130547881126404,0.840282678604126,-0.07117849588394165,0.4112944006919861,0.590309739112854,0.7506650686264038,0.042355407029390335,0.9992684721946716,0.5626925826072693,0.71502685546875,-0.04221183806657791,0.9996209144592285,0.5571482181549072,0.8133276700973511,0.20592336356639862,0.08297301083803177,0.5275294780731201,0.7546771764755249,0.09390541166067123,0.17557001113891602,0.5478256344795227,0.7660409212112427,0.4300049841403961,0.1010146290063858,0.5357566475868225,0.733226478099823,0.349749356508255,0.1392708569765091,0.5508701801300049,0.7539535164833069,0.4547223150730133,0.11058558523654938,0.5407223701477051,0.7262910604476929,0.37927380204200745,0.13189709186553955,0.527803897857666,0.7789061665534973,0.4624539315700531,0.07967578619718552,0.5233211517333984,0.7494114637374878,0.3959949314594269,0.1096874549984932
210,0.5392037034034729,0.8902510404586792,-0.19515179097652435,0.985653817653656,0.5450612306594849,0.8938199877738953,-0.20970451831817627,0.9907963871955872,0.5500641465187073,0.8983576893806458,-0.2097243368625641,0.9897365570068359,0.552847683429718,0.9002538919448853,-0.20976927876472473,0.9916732311248779,0.5376574993133545,0.8834006786346436,-0.22156181931495667,0.9909582138061523,0.5364285111427307,0.8803938627243042,-0.22161081433296204,0.9876036643981934,0.5351642370223999,0.8774150013923645,-0.22166097164154053,0.989581286907196,0.563897967338562,0.891413152217865,-0.22043931484222412,0.9878664612770081,0.5433812737464905,0.8632301092147827,-0.27237099409103394,0.9824635982513428,0.5505996942520142,0.8841249346733093,-0.18984074890613556,0.9908336400985718,0.5432115793228149,0.8795320391654968,-0.20519308745861053,0.9876794815063477,0.6067171096801758,0.8675636649131775,-0.1502515971660614,0.9987112879753113,0.551307201385498,0.8071272969245911,-0.2411959171295166,0.9960544109344482,0.6144960522651672,0.8745575547218323,-0.014411906711757183,0.0828465074300766,0.533768892288208,0.7666972279548645,-0.15353940427303314,0.3156072497367859,0.5715924501419067,0.8977051377296448,0.04526122659444809,0.17110814154148102,0.5187404155731201,0.8256925344467163,-0.06669095903635025,0.3563794791698456,0.5668933987617493,0.9072642922401428,0.039858318865299225,0.24870939552783966,0.5045602321624756,0.8309198021888733,-0.07860369980335236,0.43347984552383423,0.5583297610282898,0.900821328163147,0.015515072271227837,0.26841843128204346,0.5067134499549866,0.8414822816848755,-0.09303099662065506,0.4473741352558136,0.5583192706108093,0.8949252963066101,0.03862481564283371,0.25778716802597046,0.5135284066200256,0.8402603268623352,-0.0703456699848175,0.4096326529979706,0.5907138586044312,0.7512129545211792,0.03951999917626381,0.9992571473121643,0.5624859929084778,0.7154823541641235,-0.03939430043101311,0.9996246695518494,0.5574372410774231,0.8151358962059021,0.20081230998039246,0.08055965602397919,0.5278545618057251,0.7546229958534241,0.09689347445964813,0.17257347702980042,0.5483418703079224,0.770308792591095,0.42330384254455566,0.10032689571380615,0.535871684551239,0.7328260540962219,0.3519880175590515,0.13513047993183136,0.5515509843826294,0.7581812739372253,0.4479895234107971,0.10884405672550201,0.5409008264541626,0.725762128829956,0.38142555952072144,0.12784864008426666,0.5283905267715454,0.784721314907074,0.45615750551223755,0.07797315716743469,0.5233113169670105,0.7485724687576294,0.39609816670417786,0.10605229437351227
211,0.5397111177444458,0.8912671804428101,-0.16636933386325836,0.9863888025283813,0.5480110049247742,0.8942183256149292,-0.1845107227563858,0.991309642791748,0.5513638854026794,0.8978131413459778,-0.1845272183418274,0.9903081059455872,0.5543179512023926,0.899724543094635,-0.18458035588264465,0.9921067953109741,0.5377870798110962,0.8851675391197205,-0.19428297877311707,0.9914412498474121,0.5364540815353394,0.8823942542076111,-0.1943209022283554,0.988254964351654,0.5351608991622925,0.8796402215957642,-0.19437359273433685,0.9901270866394043,0.564236044883728,0.8918647766113281,-0.2087048590183258,0.9885382652282715,0.5425177812576294,0.8656970262527466,-0.25033313035964966,0.9835494160652161,0.5505882501602173,0.8863726258277893,-0.1652935892343521,0.9912604689598083,0.5432127118110657,0.8817809224128723,-0.17788738012313843,0.9882634878158569,0.6066063642501831,0.8669614791870117,-0.13838313519954681,0.9987449645996094,0.5470656156539917,0.8103907108306885,-0.22821596264839172,0.9961861371994019,0.614683985710144,0.8743451833724976,0.003976083360612392,0.07960790395736694,0.5326575040817261,0.7697603106498718,-0.1356145441532135,0.31498628854751587,0.5696545839309692,0.8996590375900269,0.07073326408863068,0.16909776628017426,0.5179696679115295,0.8256940245628357,-0.044349197298288345,0.35373321175575256,0.5647791624069214,0.9088897109031677,0.06676699221134186,0.24883925914764404,0.5045747756958008,0.8303883671760559,-0.05532833933830261,0.43309348821640015,0.5559834241867065,0.9027969241142273,0.04263099282979965,0.26827898621559143,0.5069285035133362,0.8408452272415161,-0.07034916430711746,0.44651877880096436,0.5559266805648804,0.8969847559928894,0.06284411996603012,0.25648072361946106,0.5130349397659302,0.8399654030799866,-0.04826247692108154,0.40974992513656616,0.5914456844329834,0.7492939233779907,0.03950975090265274,0.9992615580558777,0.5621204376220703,0.715593159198761,-0.03938579559326172,0.9996273517608643,0.5589784979820251,0.8106978535652161,0.20237652957439423,0.07650741189718246,0.5285288095474243,0.7539489269256592,0.09958145767450333,0.16668429970741272,0.5486859083175659,0.7627859711647034,0.42477288842201233,0.0981556698679924,0.5358659029006958,0.7290821075439453,0.35348039865493774,0.132491797208786,0.5516118407249451,0.7494252324104309,0.4492625594139099,0.10762528330087662,0.5407952070236206,0.720147967338562,0.38256654143333435,0.1267034411430359,0.5300277471542358,0.7781373858451843,0.4584331512451172,0.07361939549446106,0.5233850479125977,0.7465338110923767,0.39723366498947144,0.10106120258569717
212,0.5399226546287537,0.8912203907966614,-0.14806510508060455,0.9868062734603882,0.5485473871231079,0.8960248231887817,-0.16583505272865295,0.991585373878479,0.5515707731246948,0.898766815662384,-0.16585025191307068,0.9906307458877563,0.5546985864639282,0.900590717792511,-0.16588521003723145,0.9923410415649414,0.5378949046134949,0.8853356838226318,-0.17601415514945984,0.9916868209838867,0.5364850163459778,0.8826722502708435,-0.1760481745004654,0.9885688424110413,0.5351620316505432,0.8800433278083801,-0.17609265446662903,0.9903767704963684,0.5645243525505066,0.8917037844657898,-0.19144169986248016,0.9889521598815918,0.5422136783599854,0.8666574954986572,-0.23550541698932648,0.9840611219406128,0.550568699836731,0.8862855434417725,-0.14836736023426056,0.9915871620178223,0.5431406497955322,0.8814215064048767,-0.16152392327785492,0.9886491894721985,0.6061881184577942,0.8669073581695557,-0.1285034716129303,0.998765766620636,0.5466204881668091,0.8115576505661011,-0.21915118396282196,0.9962599277496338,0.6119946837425232,0.8755176663398743,0.002404338214546442,0.077521413564682,0.5313910245895386,0.7771176099777222,-0.13296933472156525,0.3071693480014801,0.5679367780685425,0.8987792730331421,0.0594714879989624,0.16797803342342377,0.5180874466896057,0.8257894515991211,-0.04410949721932411,0.3416111469268799,0.5624580979347229,0.9080246090888977,0.054228849709033966,0.2489428073167801,0.5046693682670593,0.8313238620758057,-0.05572010949254036,0.42144444584846497,0.5537619590759277,0.9018068313598633,0.02997342310845852,0.2681630551815033,0.5077174305915833,0.8416407704353333,-0.07179520279169083,0.43483874201774597,0.5539133548736572,0.8958704471588135,0.05108927935361862,0.2557970881462097,0.5131966471672058,0.8399755358695984,-0.04866500571370125,0.39997974038124084,0.5912208557128906,0.7490866184234619,0.039518170058727264,0.9992581605911255,0.5620441436767578,0.7155697345733643,-0.039399173110723495,0.9996294379234314,0.5590406060218811,0.8148825764656067,0.20229175686836243,0.07595793902873993,0.5243610739707947,0.7539253830909729,0.07486575096845627,0.1712488830089569,0.5485833883285522,0.7685686349868774,0.4059792459011078,0.09976055473089218,0.5334283113479614,0.7283803820610046,0.32889029383659363,0.13097625970840454,0.5514568090438843,0.7553942203521729,0.42813006043434143,0.10863389819860458,0.5389081835746765,0.719635009765625,0.3585349917411804,0.1250568926334381,0.5297496318817139,0.7822487950325012,0.4395897388458252,0.07384360581636429,0.5212526917457581,0.7446540594100952,0.38461679220199585,0.09910626709461212
219,0.5361393094062805,0.8723592758178711,-0.27191051840782166,0.9865180253982544,0.5383159518241882,0.8786466717720032,-0.27876901626586914,0.9905339479446411,0.5396000146865845,0.8805160522460938,-0.278818815946579,0.989266574382782,0.5408639907836914,0.8823889493942261,-0.27888599038124084,0.991748571395874,0.5374372601509094,0.8728512525558472,-0.30047422647476196,0.9911621809005737,0.5381788015365601,0.8707517385482788,-0.300567090511322,0.9880611300468445,0.5388697981834412,0.8686521053314209,-0.3006218671798706,0.9900817275047302,0.5546707510948181,0.8826953172683716,-0.2590464949607849,0.9873852133750916,0.5532110333442688,0.8629725575447083,-0.3575346767902374,0.9831267595291138,0.544101357460022,0.8679413199424744,-0.2550567090511322,0.9895408153533936,0.5436657071113586,0.8586789965629578,-0.2839864492416382,0.9867600798606873,0.599132239818573,0.8774158954620361,-0.18457502126693726,0.998678982257843,0.5744209289550781,0.8079207539558411,-0.3353540897369385,0.9961625933647156,0.5717691779136658,0.879090428352356,-0.05517537146806717,0.07512680441141129,0.5438130497932434,0.7572603821754456,-0.28613582253456116,0.3471653163433075,0.5354189872741699,0.8894058465957642,-0.04109612852334976,0.1577610820531845,0.5219699144363403,0.8214154839515686,-0.2377953976392746,0.3641605079174042,0.5309211611747742,0.8973374962806702,-0.05500736087560654,0.23212027549743652,0.5081804394721985,0.8302913904190063,-0.2692892551422119,0.4283800423145294,0.5295823216438293,0.8923739194869995,-0.07691393047571182,0.25107377767562866,0.509743332862854,0.8390960693359375,-0.2746710479259491,0.44166234135627747,0.530020534992218,0.8867446780204773,-0.0505494587123394,0.2400851547718048,0.5149149894714355,0.836500883102417,-0.23983201384544373,0.3981303870677948,0.5656943917274475,0.7565940618515015,0.049238171428442,0.9991717338562012,0.5544992685317993,0.7201133966445923,-0.04904190078377724,0.9995591640472412,0.5353199243545532,0.7494486570358276,0.2776922285556793,0.07005524635314941,0.5292386412620544,0.7149907946586609,0.19392895698547363,0.1628846526145935,0.5220708250999451,0.7247611284255981,0.5594351887702942,0.09229324758052826,0.520832359790802,0.6959701776504517,0.4720350205898285,0.1291169375181198,0.5239672660827637,0.7169564962387085,0.5889492630958557,0.1021956130862236,0.5238842368125916,0.6892005801200867,0.5005124807357788,0.12599003314971924,0.5070887804031372,0.7324262857437134,0.5709787011146545,0.07290878146886826,0.50568687915802,0.70782870054245,0.4778250753879547,0.10442127287387848
220,0.5390048623085022,0.8762560486793518,-0.20643670856952667,0.9861730933189392,0.5406124591827393,0.8833186626434326,-0.21844899654388428,0.9898021817207336,0.5428212881088257,0.8847156763076782,-0.21852357685565948,0.9886236786842346,0.5450423955917358,0.8860920667648315,-0.2186206579208374,0.9913332462310791,0.5386700630187988,0.8754943609237671,-0.2338220179080963,0.9906520843505859,0.5387211441993713,0.8732137084007263,-0.233880877494812,0.9875785112380981,0.5389092564582825,0.8698521256446838,-0.2339206486940384,0.9894501566886902,0.5592480897903442,0.8827572464942932,-0.22366225719451904,0.9865025877952576,0.5495392084121704,0.8631384372711182,-0.2912590205669403,0.9816688299179077,0.5462974905967712,0.8705372214317322,-0.19945083558559418,0.9879478216171265,0.5440388917922974,0.8627451658248901,-0.21936187148094177,0.9851142764091492,0.6047357320785522,0.8703583478927612,-0.16786076128482819,0.998558759689331,0.5656246542930603,0.8084116578102112,-0.26960504055023193,0.9958081245422363,0.5989394783973694,0.8710839152336121,-0.03319898620247841,0.07073964923620224,0.5398495197296143,0.7610225677490234,-0.19766272604465485,0.36116188764572144,0.5508912801742554,0.8902803063392639,0.0163283571600914,0.1468588411808014,0.5220761895179749,0.8219586610794067,-0.13077273964881897,0.37288111448287964,0.5452498197555542,0.9005082845687866,0.009846249595284462,0.21787148714065552,0.5096856355667114,0.8304483294487,-0.14895851910114288,0.43329060077667236,0.5405293703079224,0.8945519328117371,-0.01111062802374363,0.2360513061285019,0.510955274105072,0.8389670252799988,-0.15656155347824097,0.44443750381469727,0.5409674644470215,0.8879449367523193,0.008802426047623158,0.2254829704761505,0.5166756510734558,0.8367974162101746,-0.13264457881450653,0.3973502218723297,0.5739172101020813,0.7534569501876831,0.042854081839323044,0.9991244077682495,0.5551367998123169,0.7201149463653564,-0.04267742484807968,0.9995384812355042,0.5377305746078491,0.7494695782661438,0.23363514244556427,0.06409783661365509,0.5285050272941589,0.7141515016555786,0.16705168783664703,0.1547057330608368,0.5327755808830261,0.7231302261352539,0.477609246969223,0.08549963682889938,0.5278052091598511,0.6948832273483276,0.40899747610092163,0.1349697709083557,0.5365480780601501,0.7151538729667664,0.5046473741531372,0.09789936989545822,0.5319682359695435,0.6885207891464233,0.43559831380844116,0.13643428683280945,0.5179876089096069,0.7298778295516968,0.5051969289779663,0.06740853935480118,0.5137990713119507,0.7047907710075378,0.43424153327941895,0.10198502242565155
221,0.541154682636261,0.8774969577789307,-0.19558106362819672,0.9858007431030273,0.5425155162811279,0.8854444622993469,-0.20752081274986267,0.9890223741531372,0.545074999332428,0.8867403864860535,-0.20760083198547363,0.9878416657447815,0.5476096868515015,0.8880037069320679,-0.20770244300365448,0.9908421039581299,0.5395938158035278,0.8769028782844543,-0.22371086478233337,0.990100622177124,0.5392207503318787,0.874357283115387,-0.22375893592834473,0.9869723916053772,0.5388407111167908,0.8733540177345276,-0.22380658984184265,0.9887641072273254,0.5622519254684448,0.8829587697982788,-0.21428851783275604,0.9856988191604614,0.5491452217102051,0.8634882569313049,-0.28531384468078613,0.9801824688911438,0.5477296710014343,0.8716394901275635,-0.1891353279352188,0.9867000579833984,0.5447244048118591,0.8638870120048523,-0.21009178459644318,0.9838014245033264,0.6062853932380676,0.8683516979217529,-0.15946440398693085,0.9985318183898926,0.5623112320899963,0.8090156316757202,-0.26626601815223694,0.9956992864608765,0.5995081663131714,0.8652918338775635,-0.02293030172586441,0.06670970469713211,0.5400968790054321,0.7609442472457886,-0.19998297095298767,0.3694949448108673,0.5504752397537231,0.8879586458206177,0.01699177548289299,0.1383764147758484,0.522071123123169,0.8215932846069336,-0.14392518997192383,0.38189834356307983,0.5442625284194946,0.8994371294975281,0.007485304959118366,0.20720043778419495,0.509725034236908,0.8295307755470276,-0.1665649712085724,0.439599871635437,0.539933443069458,0.8930097818374634,-0.015427226200699806,0.22488275170326233,0.5110810995101929,0.8378151059150696,-0.17605620622634888,0.4489518404006958,0.5406057834625244,0.8857421278953552,0.008370557799935341,0.214662104845047,0.5169187188148499,0.835519015789032,-0.14712665975093842,0.39827221632003784,0.5782802700996399,0.7509833574295044,0.040920011699199677,0.9991050958633423,0.5558424592018127,0.7200756669044495,-0.0407337062060833,0.9995298981666565,0.5416418313980103,0.751977264881134,0.23350517451763153,0.05891580879688263,0.5278598666191101,0.7141548991203308,0.16350509226322174,0.14637978374958038,0.5397053360939026,0.7229149341583252,0.48341113328933716,0.07893941551446915,0.5357359051704407,0.6941649317741394,0.4138032793998718,0.13296715915203094,0.5439251661300659,0.7145736217498779,0.5109211206436157,0.09269994497299194,0.5412249565124512,0.6880732774734497,0.4411861002445221,0.13857503235340118,0.5246110558509827,0.7298990488052368,0.510458767414093,0.06207423657178879,0.5230709314346313,0.7025433778762817,0.4392285943031311,0.09680534899234772
222,0.5415235757827759,0.8781760931015015,-0.17139822244644165,0.9835483431816101,0.543034017086029,0.8857153058052063,-0.18482080101966858,0.9867624640464783,0.5457721948623657,0.8869479894638062,-0.1849108189344406,0.9855710864067078,0.5484790205955505,0.8881467580795288,-0.1850108802318573,0.9891632199287415,0.539680004119873,0.8774807453155518,-0.1993981897830963,0.9880295395851135,0.5392090678215027,0.874921441078186,-0.1994429975748062,0.9845370650291443,0.5379040241241455,0.8747228980064392,-0.19948984682559967,0.9862115383148193,0.5630034804344177,0.8829020261764526,-0.199434295296669,0.9827234148979187,0.546853244304657,0.8638001680374146,-0.2636113166809082,0.9746765494346619,0.5478833913803101,0.8722876906394958,-0.16810625791549683,0.9831454157829285,0.544718325138092,0.8647458553314209,-0.18702927231788635,0.9794673323631287,0.6066980957984924,0.8645034432411194,-0.15102940797805786,0.9984149932861328,0.557785153388977,0.8098028898239136,-0.2478969842195511,0.9950952529907227,0.598708987236023,0.8605518341064453,-0.02160261943936348,0.06252209842205048,0.5344568490982056,0.7659559845924377,-0.18676289916038513,0.3643747866153717,0.5486394166946411,0.8856067657470703,0.017133617773652077,0.12994004786014557,0.5220779180526733,0.8208096027374268,-0.13373348116874695,0.3758101463317871,0.542431116104126,0.8976776599884033,0.008040276356041431,0.19635003805160522,0.5096904039382935,0.8294021487236023,-0.1561928689479828,0.4312540590763092,0.5383878946304321,0.8914602398872375,-0.014602595940232277,0.21348196268081665,0.5112812519073486,0.8370955586433411,-0.1646062582731247,0.4386940896511078,0.5389940142631531,0.884057879447937,0.008641719818115234,0.20322473347187042,0.5157562494277954,0.8355385661125183,-0.13692060112953186,0.38790714740753174,0.5789874792098999,0.7456123232841492,0.03938890993595123,0.9991190433502197,0.5555558800697327,0.7193247079849243,-0.03924455866217613,0.9995301365852356,0.5446133017539978,0.7481725811958313,0.24392160773277283,0.05416679009795189,0.5279408693313599,0.7148181200027466,0.16921204328536987,0.1383182853460312,0.5372604727745056,0.7214366793632507,0.49911174178123474,0.07371291518211365,0.5325475335121155,0.695368766784668,0.43347516655921936,0.13566917181015015,0.54013991355896,0.7132204174995422,0.5272754430770874,0.08976743370294571,0.5373334288597107,0.689146101474762,0.4611687660217285,0.14481410384178162,0.5223267674446106,0.7295891642570496,0.5250289440155029,0.05769336596131325,0.518984854221344,0.7041718363761902,0.43960174918174744,0.09431292116641998
223,0.5412746071815491,0.8833246827125549,-0.20815904438495636,0.9836639165878296,0.5427813529968262,0.885603666305542,-0.219394251704216,0.986695408821106,0.5454010963439941,0.8868239521980286,-0.21947035193443298,0.9857261180877686,0.5479892492294312,0.8880132436752319,-0.2195608913898468,0.9892465472221375,0.5388934016227722,0.8785298466682434,-0.23488089442253113,0.9878970980644226,0.5380119681358337,0.8758418560028076,-0.23494096100330353,0.9845260977745056,0.5367546081542969,0.8745795488357544,-0.23498523235321045,0.9859979152679443,0.5623222589492798,0.8821788430213928,-0.21635779738426208,0.982763946056366,0.5451592206954956,0.8631466031074524,-0.2866155803203583,0.9736946821212769,0.5478339791297913,0.8722572326660156,-0.1996169537305832,0.9826225638389587,0.54411381483078,0.8644301891326904,-0.21980762481689453,0.9788013696670532,0.6064952611923218,0.8643684983253479,-0.17153748869895935,0.9984255433082581,0.5572465062141418,0.8091194033622742,-0.2583555579185486,0.9947307705879211,0.6016821265220642,0.8618263006210327,-0.0518835112452507,0.060863640159368515,0.5356906652450562,0.7655044794082642,-0.19340142607688904,0.35990235209465027,0.5509880185127258,0.8855129480361938,-0.011379750445485115,0.12365802377462387,0.5220845341682434,0.8212672472000122,-0.14178040623664856,0.36636003851890564,0.5449427366256714,0.8973906636238098,-0.023160291835665703,0.18890492618083954,0.5038152933120728,0.8284711241722107,-0.16351452469825745,0.4209583103656769,0.5396547317504883,0.8905840516090393,-0.042408399283885956,0.20558777451515198,0.5104125738143921,0.8376361131668091,-0.17212674021720886,0.42620083689689636,0.5400130748748779,0.8831971287727356,-0.017948796972632408,0.19453023374080658,0.515474259853363,0.8360812664031982,-0.1449388712644577,0.37557297945022583,0.5800420045852661,0.7467063069343567,0.0367620624601841,0.9991585612297058,0.5564630627632141,0.7195626497268677,-0.03664318472146988,0.999549388885498,0.5477342009544373,0.7469717860221863,0.2483777105808258,0.049596451222896576,0.5341783761978149,0.7154982686042786,0.20077955722808838,0.13334918022155762,0.5364038348197937,0.7193038463592529,0.5081984996795654,0.069986492395401,0.5311590433120728,0.6951474547386169,0.4472988545894623,0.15691764652729034,0.5384332537651062,0.7106610536575317,0.5369553565979004,0.08938733488321304,0.5357082486152649,0.6884090900421143,0.47324395179748535,0.16597606241703033,0.5212398767471313,0.7288323044776917,0.5310191512107849,0.054316554218530655,0.5172003507614136,0.7043259739875793,0.4587336480617523,0.09809607267379761
224,0.5413815975189209,0.8851175308227539,-0.15191832184791565,0.979037880897522,0.5446582436561584,0.8862942457199097,-0.16721637547016144,0.9835445880889893,0.54761803150177,0.8874330520629883,-0.16732560098171234,0.982557475566864,0.5505346655845642,0.8885270357131958,-0.1674397885799408,0.9863848090171814,0.5390228033065796,0.880307137966156,-0.17676275968551636,0.9846621751785278,0.5380122661590576,0.877658486366272,-0.17679741978645325,0.9809879064559937,0.5366780757904053,0.8756316900253296,-0.1768626719713211,0.9824979305267334,0.564205527305603,0.882061243057251,-0.18800558149814606,0.9790371060371399,0.543522834777832,0.8632200360298157,-0.22932085394859314,0.9680922627449036,0.5488366484642029,0.87193363904953,-0.15143956243991852,0.9779976606369019,0.5445486307144165,0.8642789721488953,-0.16353407502174377,0.9731466770172119,0.6069753170013428,0.8630473017692566,-0.14556477963924408,0.9983599185943604,0.5540058612823486,0.8055335879325867,-0.21290871500968933,0.9942885041236877,0.6073068380355835,0.8637482523918152,-0.01830870844423771,0.056543152779340744,0.5317866206169128,0.7654958367347717,-0.15338429808616638,0.3463476598262787,0.5596360564231873,0.8902571797370911,0.03464192897081375,0.1149858832359314,0.5208350419998169,0.8234449028968811,-0.11728521436452866,0.35944485664367676,0.5554578900337219,0.9017305374145508,0.026073545217514038,0.17850123345851898,0.4973384439945221,0.828495442867279,-0.13912470638751984,0.416272908449173,0.5485398173332214,0.8956228494644165,0.006730579771101475,0.19424673914909363,0.508919894695282,0.8399695754051208,-0.1483972668647766,0.419987291097641,0.547869086265564,0.8886314034461975,0.027926111593842506,0.18280348181724548,0.5118036866188049,0.8381615281105042,-0.12113853543996811,0.3678678870201111,0.5804616808891296,0.7434890866279602,0.032399486750364304,0.999211311340332,0.5558810234069824,0.7196110486984253,-0.0323089063167572,0.9995757937431335,0.5494999885559082,0.7437142729759216,0.2301846295595169,0.045687396079301834,0.5334299802780151,0.7230406999588013,0.19645920395851135,0.12447851896286011,0.5351541638374329,0.7162383794784546,0.4695907533168793,0.06709995120763779,0.530655026435852,0.697272002696991,0.4331526756286621,0.1653442084789276,0.5372930765151978,0.7082172632217407,0.4967491030693054,0.0911724716424942,0.5343347787857056,0.6897315382957458,0.4588169455528259,0.179237961769104,0.520702600479126,0.725141167640686,0.49481526017189026,0.05024204030632973,0.5161699652671814,0.7062472105026245,0.4539031982421875,0.09483744949102402
225,0.5420384407043457,0.884308934211731,-0.12619037926197052,0.9765755534172058,0.5459807515144348,0.8860771656036377,-0.14031106233596802,0.9819385409355164,0.5488651990890503,0.8872492909431458,-0.14040090143680573,0.9806402921676636,0.5516961812973022,0.8883765339851379,-0.14049755036830902,0.9847737550735474,0.5398448705673218,0.8803476691246033,-0.1520121544599533,0.9831780791282654,0.5385846495628357,0.8778066635131836,-0.1520521640777588,0.9791410565376282,0.5371370315551758,0.875636875629425,-0.15212193131446838,0.9808655977249146,0.5653644800186157,0.8819835782051086,-0.16041487455368042,0.9766805171966553,0.5443918108940125,0.8633979558944702,-0.21160399913787842,0.9652180075645447,0.5506867170333862,0.8704391717910767,-0.1253204494714737,0.9753252863883972,0.54609614610672,0.8636385798454285,-0.1404004693031311,0.9703618884086609,0.6071383953094482,0.8625019788742065,-0.11513203382492065,0.9983053803443909,0.5544976592063904,0.8065728545188904,-0.2040078341960907,0.9942024946212769,0.603606104850769,0.8589518666267395,0.016310252249240875,0.05273602902889252,0.5333151817321777,0.7657879590988159,-0.1501743495464325,0.33861681818962097,0.5559138059616089,0.8856966495513916,0.06438381224870682,0.11004117131233215,0.5206836462020874,0.8235452175140381,-0.1067126989364624,0.36333560943603516,0.5508577227592468,0.8971846103668213,0.057802241295576096,0.17477789521217346,0.5004722476005554,0.8285558819770813,-0.12859095633029938,0.42241695523262024,0.5451585054397583,0.8915513753890991,0.03609125316143036,0.19024823606014252,0.5085365772247314,0.8399199843406677,-0.13675132393836975,0.42554324865341187,0.5449631810188293,0.8843950629234314,0.056872107088565826,0.17847596108913422,0.5114301443099976,0.8377547860145569,-0.10993124544620514,0.37096285820007324,0.5822237133979797,0.7429877519607544,0.0348653607070446,0.9992591738700867,0.5559043884277344,0.7189083695411682,-0.03474278375506401,0.9996007680892944,0.5501065254211426,0.7496263384819031,0.22903725504875183,0.04284568503499031,0.5326825380325317,0.7267602682113647,0.170774444937706,0.1196596547961235,0.5359210968017578,0.7169170379638672,0.45940962433815,0.06483539193868637,0.5299585461616516,0.6991824507713318,0.40360578894615173,0.17273986339569092,0.5374631285667419,0.7086515426635742,0.4855164587497711,0.09228451550006866,0.5336976647377014,0.6910598874092102,0.42946481704711914,0.18954062461853027,0.521282970905304,0.7256319522857666,0.491126149892807,0.047337085008621216,0.5160990357398987,0.7095195055007935,0.4349789619445801,0.09485941380262375
226,0.5426393747329712,0.8841019868850708,-0.13355544209480286,0.9751191139221191,0.5469478368759155,0.8859636187553406,-0.14842793345451355,0.9808154106140137,0.5498528480529785,0.8871184587478638,-0.14852099120616913,0.9794444441795349,0.5527034401893616,0.8882492780685425,-0.1486230343580246,0.9836512804031372,0.5405008792877197,0.8806029558181763,-0.16042432188987732,0.9821766018867493,0.5390661954879761,0.878189742565155,-0.16046130657196045,0.9781044125556946,0.5375029444694519,0.8759658932685852,-0.16052870452404022,0.9798237681388855,0.5662753582000732,0.8817743062973022,-0.16850782930850983,0.9752559065818787,0.5447661280632019,0.8639083504676819,-0.22128817439079285,0.9635769128799438,0.5516797304153442,0.870425820350647,-0.13228902220726013,0.9731728434562683,0.5473031401634216,0.8649437427520752,-0.14780709147453308,0.9681004881858826,0.6072380542755127,0.8614022135734558,-0.12041743844747543,0.9982576370239258,0.5541197657585144,0.8077808618545532,-0.2138691395521164,0.9942507147789001,0.6030495166778564,0.8551002144813538,0.016780968755483627,0.04906272888183594,0.5331355333328247,0.7656290531158447,-0.15964993834495544,0.33948400616645813,0.5559830069541931,0.8836361169815063,0.06894376873970032,0.10326529294252396,0.5204154253005981,0.8238511681556702,-0.11528315395116806,0.3710022568702698,0.5512243509292603,0.8949452042579651,0.06331948190927505,0.16737666726112366,0.496267706155777,0.8274006247520447,-0.13788625597953796,0.4310579001903534,0.5453221797943115,0.8898422718048096,0.04149458557367325,0.18198058009147644,0.5079066753387451,0.8400182723999023,-0.14603129029273987,0.4325210750102997,0.5449022054672241,0.882838249206543,0.06141294166445732,0.17049144208431244,0.5100985765457153,0.8377283811569214,-0.11855467408895493,0.37603098154067993,0.5833187699317932,0.7416683435440063,0.03540455549955368,0.9993019700050354,0.5559917688369751,0.7185938954353333,-0.03525220975279808,0.9996227622032166,0.5510865449905396,0.7485589385032654,0.2372104376554489,0.040071528404951096,0.5323591828346252,0.7258982062339783,0.17394639551639557,0.11659011244773865,0.5358260273933411,0.7097580432891846,0.4820873737335205,0.06321374326944351,0.5288296937942505,0.6959649920463562,0.42060360312461853,0.19313885271549225,0.5371228456497192,0.6997061967849731,0.5094814896583557,0.0945601835846901,0.5309147238731384,0.686636745929718,0.44723543524742126,0.21020753681659698,0.5214840173721313,0.7178057432174683,0.5097002387046814,0.04485767334699631,0.5158635377883911,0.706478476524353,0.4448254704475403,0.09954511374235153
227,0.544937014579773,0.8841871619224548,-0.1118868812918663,0.969845712184906,0.5497249960899353,0.8858625292778015,-0.130822092294693,0.9773539900779724,0.5529613494873047,0.887005090713501,-0.13091981410980225,0.9759039282798767,0.556155800819397,0.8881635069847107,-0.1310206651687622,0.9800847768783569,0.5418497323989868,0.8807526230812073,-0.13828398287296295,0.9790427088737488,0.5398543477058411,0.8784075975418091,-0.1383199691772461,0.9747928977012634,0.5378527641296387,0.8761579394340515,-0.13841040432453156,0.9767650365829468,0.5673655271530151,0.8817527890205383,-0.16518446803092957,0.9718835353851318,0.5436421632766724,0.8638941049575806,-0.1976773589849472,0.9602261185646057,0.5550996661186218,0.8722776770591736,-0.11621890217065811,0.9700683355331421,0.549643874168396,0.8654433488845825,-0.1256924569606781,0.9645674824714661,0.6081057786941528,0.8593003153800964,-0.12414910644292831,0.9981486797332764,0.5478129982948303,0.8077812194824219,-0.18795618414878845,0.9940348863601685,0.6094385385513306,0.869970440864563,0.002228941535577178,0.04624683037400246,0.5288277864456177,0.7710696458816528,-0.1249164342880249,0.3263072371482849,0.5702436566352844,0.9032185673713684,0.05850885435938835,0.09629364311695099,0.5197471380233765,0.8269743323326111,-0.07628900557756424,0.3542603552341461,0.5685087442398071,0.912794291973114,0.051748745143413544,0.15888924896717072,0.4982673227787018,0.829763650894165,-0.09331730008125305,0.4170505106449127,0.5619638562202454,0.9066852331161499,0.034214772284030914,0.17223939299583435,0.5079683065414429,0.8414148092269897,-0.10400263220071793,0.41718006134033203,0.5599244832992554,0.9006568789482117,0.052648596465587616,0.16058610379695892,0.5114946961402893,0.8396181464195251,-0.08010514825582504,0.363485723733902,0.5847277045249939,0.7406966090202332,0.03356387838721275,0.9993441104888916,0.5553040504455566,0.7186540961265564,-0.03340866416692734,0.9996441006660461,0.5531028509140015,0.749264121055603,0.22007513046264648,0.037898074835538864,0.5321431159973145,0.7253692746162415,0.17279605567455292,0.11296895891427994,0.5379394292831421,0.7116678357124329,0.4441125988960266,0.06416947394609451,0.5287945866584778,0.6964899301528931,0.39741915464401245,0.20992593467235565,0.5380966663360596,0.7017965316772461,0.4697650969028473,0.10121089965105057,0.5298529863357544,0.6867637038230896,0.42221516370773315,0.23383259773254395,0.5252245664596558,0.7189846038818359,0.47498565912246704,0.04190419986844063,0.5163713693618774,0.7103942632675171,0.4239698350429535,0.09764339029788971
228,0.5457316040992737,0.8853204846382141,-0.13040727376937866,0.9674379825592041,0.5506051182746887,0.8861141204833984,-0.150129035115242,0.9759644269943237,0.5539318323135376,0.8871637582778931,-0.15022079646587372,0.9746391177177429,0.5572178959846497,0.8882226347923279,-0.15032054483890533,0.97855544090271,0.5423188805580139,0.8812835216522217,-0.1573111116886139,0.9778016805648804,0.5401157140731812,0.8789432644844055,-0.15735460817813873,0.9736194014549255,0.5379199981689453,0.8766189813613892,-0.15744009613990784,0.9755151271820068,0.5680732131004333,0.8818441033363342,-0.1816510260105133,0.9708835482597351,0.5426844358444214,0.8638936281204224,-0.21435591578483582,0.9595350027084351,0.556788980960846,0.8737520575523376,-0.1338215470314026,0.9688420295715332,0.5509070158004761,0.8660057783126831,-0.14286917448043823,0.962939977645874,0.6085096001625061,0.8594694137573242,-0.13436280190944672,0.9981517791748047,0.5455078482627869,0.807815432548523,-0.19887249171733856,0.9940599799156189,0.6134708523750305,0.8778036236763,-0.005953496787697077,0.0445530042052269,0.5267587900161743,0.77199387550354,-0.12274129688739777,0.3171756863594055,0.5747394561767578,0.9097330570220947,0.053012169897556305,0.09060963988304138,0.5198432803153992,0.8292258977890015,-0.06249922513961792,0.3408145010471344,0.5733729600906372,0.918781578540802,0.046570442616939545,0.15218862891197205,0.49925246834754944,0.8306533694267273,-0.07698178291320801,0.4058125913143158,0.5666366815567017,0.9122703671455383,0.029347175732254982,0.16439223289489746,0.5080427527427673,0.8420276641845703,-0.08880197256803513,0.4044701159000397,0.5643380284309387,0.9064465165138245,0.047469425946474075,0.15225893259048462,0.512727677822113,0.8405500054359436,-0.06629164516925812,0.3535337746143341,0.585580050945282,0.7416093945503235,0.03333459049463272,0.9993880391120911,0.5550071001052856,0.7196817398071289,-0.03318627551198006,0.9996671676635742,0.5539846420288086,0.7536125779151917,0.22081422805786133,0.035737182945013046,0.5320460796356201,0.7279300093650818,0.17306725680828094,0.10902255773544312,0.5393586158752441,0.7143861651420593,0.4510902762413025,0.06533075124025345,0.5289656519889832,0.6999451518058777,0.4036913812160492,0.22490201890468597,0.5393503904342651,0.7029985189437866,0.4774153232574463,0.10786028951406479,0.530115008354187,0.6902172565460205,0.4294232726097107,0.25278541445732117,0.5266672372817993,0.7245186567306519,0.4830206036567688,0.03908166289329529,0.518442690372467,0.7141678929328918,0.4322143495082855,0.09477010369300842
231,0.5384246110916138,0.8812946081161499,-0.1599697470664978,0.9689540266990662,0.5426766276359558,0.8837520480155945,-0.1686205267906189,0.9770090579986572,0.5450462102890015,0.8850282430648804,-0.16870717704296112,0.9755864143371582,0.5473938584327698,0.8862913250923157,-0.16880229115486145,0.9796784520149231,0.5384907722473145,0.8784534335136414,-0.18556982278823853,0.9788777232170105,0.5380942821502686,0.8760852217674255,-0.18561546504497528,0.9747255444526672,0.537655234336853,0.8737170696258545,-0.18565191328525543,0.9767398238182068,0.5626101493835449,0.8802739381790161,-0.16785596311092377,0.9722312688827515,0.5483427047729492,0.862541139125824,-0.24371692538261414,0.9607393741607666,0.5475510954856873,0.8758505582809448,-0.15185940265655518,0.9700984358787537,0.5452938079833984,0.8661483526229858,-0.17404642701148987,0.9644476771354675,0.6060205101966858,0.8649336695671082,-0.11680295318365097,0.9981828927993774,0.5585673451423645,0.8049811124801636,-0.2278808355331421,0.9940857887268066,0.5869795680046082,0.8648762106895447,0.004972214810550213,0.04380761831998825,0.5294601321220398,0.769418478012085,-0.17103135585784912,0.3153960108757019,0.5456042289733887,0.8856577277183533,0.03455333784222603,0.08863019943237305,0.5197129845619202,0.824567973613739,-0.10877074301242828,0.33776384592056274,0.5409500002861023,0.8967506885528564,0.02475263737142086,0.14924196898937225,0.505435049533844,0.8347417116165161,-0.12907247245311737,0.40227991342544556,0.5368574261665344,0.8911112546920776,0.004632655996829271,0.16173212230205536,0.509107768535614,0.8429276347160339,-0.13677473366260529,0.40198829770088196,0.5368512272834778,0.8839691281318665,0.026668036356568336,0.15048693120479584,0.5120890736579895,0.8386917114257812,-0.11134803295135498,0.3493402898311615,0.5779104232788086,0.7501566410064697,0.03964352607727051,0.9994062185287476,0.5572572350502014,0.7162511944770813,-0.03946560621261597,0.9996735453605652,0.5450600385665894,0.7801177501678467,0.21922793984413147,0.03460363298654556,0.5285771489143372,0.7317541837692261,0.13971064984798431,0.10575063526630402,0.537266731262207,0.7368977665901184,0.44643348455429077,0.06257762014865875,0.5347602963447571,0.7056309580802917,0.3728163242340088,0.21460716426372528,0.5405601263046265,0.7262644171714783,0.47185343503952026,0.10307115316390991,0.5387961268424988,0.6973467469215393,0.39857742190361023,0.2420589029788971,0.5216556787490845,0.7457625269889832,0.480792373418808,0.038611967116594315,0.5220925211906433,0.7195300459861755,0.4054057002067566,0.09363160282373428
232,0.5417958498001099,0.8866891264915466,-0.11169203370809555,0.9692061543464661,0.5466784238815308,0.8883758187294006,-0.1276666224002838,0.9776028394699097,0.5496782064437866,0.8896573781967163,-0.12774300575256348,0.9759892821311951,0.5526517033576965,0.890874445438385,-0.1278301626443863,0.9798566699028015,0.5400654077529907,0.8829969167709351,-0.13657288253307343,0.979682207107544,0.5388040542602539,0.8805492520332336,-0.13660100102424622,0.9755187630653381,0.5377705097198486,0.8780723810195923,-0.13669264316558838,0.9775832891464233,0.5639857649803162,0.8870017528533936,-0.1526942253112793,0.9729709029197693,0.5454192161560059,0.8653843402862549,-0.19114446640014648,0.9627612233161926,0.5504428744316101,0.8821758031845093,-0.11290393769741058,0.9709902405738831,0.5452955961227417,0.8769170641899109,-0.12412197887897491,0.9660552740097046,0.606087327003479,0.8649154901504517,-0.11148394644260406,0.9982047080993652,0.5489802360534668,0.8099231719970703,-0.18110667169094086,0.9944208860397339,0.6170454621315002,0.8731083273887634,0.006807940546423197,0.04375564679503441,0.5301517248153687,0.7777279615402222,-0.12629331648349762,0.31976118683815,0.57343590259552,0.9036341905593872,0.05974844843149185,0.08700460195541382,0.519788920879364,0.8263571858406067,-0.08273394405841827,0.3401898145675659,0.5699450373649597,0.9140751957893372,0.052961863577365875,0.1495017558336258,0.5004564523696899,0.8325827717781067,-0.09969181567430496,0.4041602313518524,0.5624282956123352,0.9083458781242371,0.03513045236468315,0.1612883359193802,0.5061866641044617,0.8425748348236084,-0.10875805467367172,0.40296173095703125,0.5613454580307007,0.9019149541854858,0.05370724946260452,0.14912664890289307,0.5114789605140686,0.8393590450286865,-0.08572129905223846,0.35277023911476135,0.5835952758789062,0.749334990978241,0.03478381410241127,0.9994396567344666,0.5566155910491943,0.7205438017845154,-0.03461552783846855,0.99969482421875,0.550861120223999,0.7765268087387085,0.1980735957622528,0.038468003273010254,0.5276885628700256,0.7344569563865662,0.13395705819129944,0.11128624528646469,0.5420157313346863,0.7381865382194519,0.41175222396850586,0.07200458645820618,0.5345628261566162,0.7073482871055603,0.3569364845752716,0.22723527252674103,0.5430998802185059,0.7285425662994385,0.4359448552131653,0.1156613752245903,0.5382696390151978,0.698652446269989,0.3817388117313385,0.256595253944397,0.5294339656829834,0.7482107281684875,0.44908609986305237,0.03763502836227417,0.5250860452651978,0.7201467156410217,0.394329309463501,0.09280270338058472
233,0.5423805713653564,0.8889509439468384,-0.11911104619503021,0.9711477160453796,0.5474783182144165,0.8905829191207886,-0.13581398129463196,0.9791898727416992,0.5506837964057922,0.8918372392654419,-0.1358674168586731,0.9776142835617065,0.5538605451583862,0.8930196166038513,-0.13592424988746643,0.981134295463562,0.5401660203933716,0.8852614760398865,-0.14498738944530487,0.981228232383728,0.5387969017028809,0.882856011390686,-0.14501136541366577,0.9772667288780212,0.5374636054039001,0.8804141879081726,-0.14509424567222595,0.979195773601532,0.5643972158432007,0.8902988433837891,-0.15455010533332825,0.974917471408844,0.542410135269165,0.8672522306442261,-0.2020302265882492,0.9657540917396545,0.5510293245315552,0.8845792412757874,-0.12065061181783676,0.9730564951896667,0.5449057817459106,0.8800199627876282,-0.13223610818386078,0.9686858654022217,0.6074283719062805,0.8638083338737488,-0.11948473751544952,0.9982592463493347,0.5431209802627563,0.8134671449661255,-0.1942444145679474,0.9947731494903564,0.6263095140457153,0.8778761625289917,-0.014740826562047005,0.05142376199364662,0.5297655463218689,0.7908310294151306,-0.14091572165489197,0.33070626854896545,0.5815224051475525,0.9112095236778259,0.03354282304644585,0.09244293719530106,0.519509494304657,0.8316901326179504,-0.0908108651638031,0.33907192945480347,0.5770202875137329,0.9217383861541748,0.02683182992041111,0.15895119309425354,0.5007420182228088,0.8341689705848694,-0.11033235490322113,0.3997957110404968,0.5689259767532349,0.9158745408058167,0.007493176963180304,0.1700543910264969,0.5063692331314087,0.8442440032958984,-0.11773413419723511,0.3982861638069153,0.5682247281074524,0.9095509052276611,0.027099719271063805,0.15600170195102692,0.5119017958641052,0.8430500030517578,-0.09298776835203171,0.35271918773651123,0.5868600010871887,0.7492807507514954,0.0342458039522171,0.9994613528251648,0.5551925897598267,0.7228096723556519,-0.03410743921995163,0.9997121095657349,0.5554403066635132,0.7862091064453125,0.20071959495544434,0.04958304390311241,0.515576958656311,0.7446686625480652,0.09282618016004562,0.13464826345443726,0.5504008531570435,0.7521235942840576,0.3992103636264801,0.08737317472696304,0.5344328880310059,0.7183657288551331,0.3326212167739868,0.22847677767276764,0.5521610975265503,0.7413222789764404,0.4214823246002197,0.12800337374210358,0.5388182401657104,0.7096489071846008,0.3603358566761017,0.2596479058265686,0.5375121831893921,0.7666653990745544,0.43760615587234497,0.03877941146492958,0.5274382829666138,0.7305705547332764,0.38971084356307983,0.09044197201728821
234,0.542277991771698,0.8888099193572998,-0.12881648540496826,0.973376452922821,0.5471517443656921,0.8900583982467651,-0.14436985552310944,0.9808980822563171,0.5503104329109192,0.8913183808326721,-0.14442512392997742,0.9794329404830933,0.5534515976905823,0.8925139904022217,-0.14448365569114685,0.9826216697692871,0.5400741100311279,0.8846727609634399,-0.15458258986473083,0.9827818870544434,0.5383764505386353,0.8822494745254517,-0.15461085736751556,0.9790803790092468,0.5366430878639221,0.8798043727874756,-0.1546745002269745,0.9808537364006042,0.564934253692627,0.8890059590339661,-0.16771182417869568,0.9769612550735474,0.5411000847816467,0.8672102093696594,-0.21039941906929016,0.968646228313446,0.5512970685958862,0.8845301866531372,-0.1286960244178772,0.9753469824790955,0.5446547865867615,0.8796656727790833,-0.14157918095588684,0.9713311791419983,0.6136876344680786,0.8666293621063232,-0.1197073683142662,0.9983472228050232,0.5437182784080505,0.8124829530715942,-0.20200185477733612,0.9950932860374451,0.6206072568893433,0.8778923153877258,-0.009282629005610943,0.05501183494925499,0.5296357870101929,0.7869733572006226,-0.13922151923179626,0.3325604200363159,0.5755552649497986,0.9075604677200317,0.047894544899463654,0.10015730559825897,0.5189371109008789,0.8317716121673584,-0.07982103526592255,0.33971238136291504,0.5706825852394104,0.9176015257835388,0.04165484011173248,0.17098350822925568,0.49937719106674194,0.8344023823738098,-0.09597714990377426,0.39993202686309814,0.5624938011169434,0.9113706350326538,0.01917162537574768,0.18240250647068024,0.5059835910797119,0.8446305394172668,-0.10967341810464859,0.39946332573890686,0.5621100664138794,0.9050688147544861,0.040096499025821686,0.1669130176305771,0.5119203329086304,0.8436068892478943,-0.08408787846565247,0.35761353373527527,0.5890299081802368,0.748445451259613,0.03458324074745178,0.999476432800293,0.5552224516868591,0.7227014303207397,-0.03442399576306343,0.9997269511222839,0.5614344477653503,0.8092072010040283,0.2030552625656128,0.05740915983915329,0.5146839618682861,0.7567973732948303,0.07191609591245651,0.15670455992221832,0.5579617023468018,0.766267716884613,0.401327908039093,0.1002080887556076,0.5349966287612915,0.7222058176994324,0.3241995573043823,0.2269529104232788,0.5611317753791809,0.7536925077438354,0.42341509461402893,0.13519759476184845,0.5412272214889526,0.7127243876457214,0.35376447439193726,0.25619766116142273,0.5431666374206543,0.7799028754234314,0.43903613090515137,0.04293061047792435,0.5287445783615112,0.7325471639633179,0.38769131898880005,0.0912519171833992
235,0.5420995354652405,0.8887494802474976,-0.1384907066822052,0.9754608273506165,0.5470209121704102,0.8897120952606201,-0.15641359984874725,0.9824360013008118,0.5500589609146118,0.8909884691238403,-0.15643344819545746,0.9811061024665833,0.5530694723129272,0.8922070264816284,-0.1564614325761795,0.9840084910392761,0.5397921800613403,0.884276807308197,-0.16405737400054932,0.9841872453689575,0.5380176901817322,0.8818517923355103,-0.1641000360250473,0.9807473421096802,0.536256730556488,0.8794184923171997,-0.16416716575622559,0.9823790192604065,0.5649513006210327,0.8882132768630981,-0.17704512178897858,0.9788804054260254,0.5412746071815491,0.8670206665992737,-0.21453258395195007,0.9713311791419983,0.5511382818222046,0.8845937252044678,-0.1385439932346344,0.9774944186210632,0.544418454170227,0.8795219659805298,-0.14607106149196625,0.9738373756408691,0.614055335521698,0.8693872094154358,-0.11994777619838715,0.9984439611434937,0.5455710887908936,0.8119896054267883,-0.20583149790763855,0.9954562783241272,0.6177637577056885,0.8769813179969788,-0.0029642260633409023,0.05782412737607956,0.5346835851669312,0.7847655415534973,-0.13131499290466309,0.3294382691383362,0.5762280225753784,0.9060689210891724,0.05840061977505684,0.10593453794717789,0.5196768045425415,0.8312550187110901,-0.05236063525080681,0.33294886350631714,0.5721405148506165,0.9158231616020203,0.05139107629656792,0.18108564615249634,0.49982166290283203,0.8342050313949585,-0.06460605561733246,0.39620059728622437,0.5636752843856812,0.9097840785980225,0.030158495530486107,0.19239458441734314,0.5079003572463989,0.8446155190467834,-0.08005926012992859,0.39667969942092896,0.5631687641143799,0.9036271572113037,0.050854574888944626,0.17560365796089172,0.5156469941139221,0.8436149954795837,-0.05655622482299805,0.35763823986053467,0.5895854234695435,0.7497966885566711,0.037059929221868515,0.9994950294494629,0.5560020804405212,0.7221277952194214,-0.03692478686571121,0.999741792678833,0.5616360902786255,0.8139868974685669,0.20703360438346863,0.061291955411434174,0.5156470537185669,0.7568764090538025,0.0750579833984375,0.17238865792751312,0.5580729246139526,0.7676115036010742,0.41323238611221313,0.10977484285831451,0.535183846950531,0.7194458246231079,0.3309188485145569,0.22603745758533478,0.5619645118713379,0.7540236711502075,0.4365243911743164,0.1411845088005066,0.5421742796897888,0.7104842066764832,0.36094945669174194,0.25389400124549866,0.5415568947792053,0.78109210729599,0.44946345686912537,0.04673858731985092,0.5283119678497314,0.73091721534729,0.39084354043006897,0.09283397346735
236,0.5417742133140564,0.8886066675186157,-0.14802122116088867,0.9770334959030151,0.5458127856254578,0.889177143573761,-0.1628160923719406,0.9835900664329529,0.548568844795227,0.890468180179596,-0.16283728182315826,0.9823684692382812,0.5512915849685669,0.8917140960693359,-0.16287295520305634,0.9850927591323853,0.5394149422645569,0.8837071657180786,-0.17416152358055115,0.9852026700973511,0.5378453731536865,0.8813165426254272,-0.1742163896560669,0.9819231033325195,0.5362366437911987,0.8789272308349609,-0.17427092790603638,0.9834704399108887,0.5637905597686768,0.8878439664840698,-0.17652861773967743,0.9804162979125977,0.5413877367973328,0.8668558597564697,-0.2273564338684082,0.9732092618942261,0.5510233640670776,0.8841996788978577,-0.14448586106300354,0.979243278503418,0.5457926988601685,0.8732491135597229,-0.15817536413669586,0.97577965259552,0.6096152067184448,0.8686536550521851,-0.11881277710199356,0.9985361695289612,0.5486161112785339,0.8127108812332153,-0.21262820065021515,0.9957103133201599,0.5999941229820251,0.8689238429069519,0.010382656008005142,0.060447435826063156,0.534841775894165,0.7844177484512329,-0.13377872109413147,0.31930580735206604,0.5572048425674438,0.8891428112983704,0.06117875128984451,0.11345264315605164,0.5196069478988647,0.8310166597366333,-0.0413866862654686,0.3236698806285858,0.551714301109314,0.8966241478919983,0.055143408477306366,0.192511186003685,0.5002020597457886,0.8326044082641602,-0.052962951362133026,0.39006468653678894,0.5455962419509888,0.8909875750541687,0.032710570842027664,0.20426495373249054,0.5082381963729858,0.8445949554443359,-0.0666918158531189,0.3911243975162506,0.5460352301597595,0.885448157787323,0.053467851132154465,0.1863304227590561,0.5154064297676086,0.8432652950286865,-0.044790513813495636,0.3530968427658081,0.5885719060897827,0.7514448761940002,0.0406416580080986,0.999514102935791,0.5582928657531738,0.7220199108123779,-0.040577538311481476,0.9997532963752747,0.5594033598899841,0.8129460215568542,0.2254757583141327,0.0633455216884613,0.5161338448524475,0.7526949644088745,0.09046978503465652,0.1776958853006363,0.5545439720153809,0.7639309763908386,0.43895989656448364,0.11109746992588043,0.5349350571632385,0.7184339761734009,0.33448103070259094,0.21969236433506012,0.5580018758773804,0.7502471208572388,0.46289491653442383,0.1399928331375122,0.5420798063278198,0.707733154296875,0.3666842579841614,0.2451159805059433,0.5401972532272339,0.7770473957061768,0.4799104332923889,0.048868920654058456,0.5237096548080444,0.7303492426872253,0.4037899076938629,0.09300165623426437
237,0.5416739583015442,0.8884261250495911,-0.14407256245613098,0.9785407185554504,0.5457701683044434,0.8888353705406189,-0.1610918939113617,0.9846936464309692,0.5485537648200989,0.8900322318077087,-0.16109469532966614,0.9835895895957947,0.5512479543685913,0.8911852240562439,-0.16110606491565704,0.9860880374908447,0.5392485857009888,0.8835862874984741,-0.171066552400589,0.986129879951477,0.5376229286193848,0.8812798857688904,-0.17112097144126892,0.9830275774002075,0.5359901785850525,0.8788393139839172,-0.17118455469608307,0.9844462871551514,0.5638213753700256,0.8875399827957153,-0.17619825899600983,0.981844961643219,0.5414794683456421,0.8666277527809143,-0.22576375305652618,0.9749934077262878,0.5510505437850952,0.8838098049163818,-0.1420004963874817,0.9808329343795776,0.5471590757369995,0.8699197173118591,-0.15506376326084137,0.9774994254112244,0.6073353886604309,0.8678155541419983,-0.11861542612314224,0.99862140417099,0.5490239858627319,0.8131917119026184,-0.21032264828681946,0.9958935379981995,0.5993316769599915,0.8672749400138855,0.011089000850915909,0.06374111771583557,0.5349535346031189,0.7827916741371155,-0.12108282744884491,0.30978867411613464,0.5573698282241821,0.8889903426170349,0.059693820774555206,0.12320131808519363,0.521121621131897,0.8301101326942444,-0.02452959306538105,0.3145753741264343,0.5523281097412109,0.8962657451629639,0.052847348153591156,0.20785494148731232,0.502903401851654,0.832282304763794,-0.034409865736961365,0.38471534848213196,0.5461500883102417,0.8905270099639893,0.03130992501974106,0.2193729728460312,0.5112563967704773,0.8435578942298889,-0.049288082867860794,0.3858043849468231,0.546270489692688,0.8852542638778687,0.05228220671415329,0.19893744587898254,0.5187053084373474,0.8427786231040955,-0.028296809643507004,0.34929975867271423,0.588387668132782,0.7514111995697021,0.04069855809211731,0.9995338916778564,0.5585004091262817,0.7217574715614319,-0.04062715917825699,0.9997642040252686,0.5599877238273621,0.810981810092926,0.22972360253334045,0.06680456548929214,0.5197864770889282,0.7535532712936401,0.0968327447772026,0.18378081917762756,0.5527793765068054,0.7615251541137695,0.4497855305671692,0.11899363994598389,0.5347397923469543,0.7178388833999634,0.3605615496635437,0.22377227246761322,0.5562106370925903,0.747903048992157,0.4744907319545746,0.14699256420135498,0.5414928197860718,0.7050694227218628,0.3914806544780731,0.2464650422334671,0.5386434197425842,0.7754606604576111,0.49156540632247925,0.05169392004609108,0.5227504968643188,0.7293720841407776,0.4202198088169098,0.09533281624317169
238,0.541864275932312,0.8894220590591431,-0.14177058637142181,0.9794860482215881,0.5459117293357849,0.8898226618766785,-0.15944594144821167,0.9854543209075928,0.5487498044967651,0.8909866809844971,-0.1594395637512207,0.9844267964363098,0.5515297055244446,0.8921106457710266,-0.15945175290107727,0.9867652058601379,0.5393182039260864,0.8846849203109741,-0.16886720061302185,0.986760139465332,0.537671685218811,0.882398784160614,-0.16891981661319733,0.9837194681167603,0.5360028147697449,0.8800432085990906,-0.1689847707748413,0.9851046800613403,0.5639744400978088,0.8897404074668884,-0.1767413318157196,0.9828521013259888,0.5417535305023193,0.8677340745925903,-0.22454407811164856,0.9763563871383667,0.5513057112693787,0.8850535750389099,-0.1407371312379837,0.9820605516433716,0.5467581152915955,0.8777381181716919,-0.15347415208816528,0.9788435101509094,0.6063140630722046,0.8675082325935364,-0.11791260540485382,0.9986609220504761,0.5487515926361084,0.8153964281082153,-0.2090032547712326,0.9960891008377075,0.6043611168861389,0.8674554824829102,0.014937931671738625,0.06202341243624687,0.5354508757591248,0.7818092703819275,-0.1172202080488205,0.29626864194869995,0.5649847388267517,0.8897520303726196,0.07504107058048248,0.12000348418951035,0.5216558575630188,0.8292233347892761,-0.018628457561135292,0.2994588017463684,0.5610690116882324,0.8973270058631897,0.070464588701725,0.20398429036140442,0.5034355521202087,0.8320513963699341,-0.026568397879600525,0.3714789152145386,0.5539263486862183,0.8917862772941589,0.04945506528019905,0.21518000960350037,0.511427640914917,0.843178391456604,-0.04186076670885086,0.3730084002017975,0.553497314453125,0.8863741159439087,0.0679846927523613,0.1948033720254898,0.518752932548523,0.8427535891532898,-0.022311996668577194,0.33860912919044495,0.5883268713951111,0.7513818144798279,0.040643248707056046,0.9995260238647461,0.5584825873374939,0.7216886281967163,-0.04059363156557083,0.9997665286064148,0.5597890615463257,0.8118249177932739,0.2237926423549652,0.06600479781627655,0.5200813412666321,0.7538661360740662,0.09262214601039886,0.18033631145954132,0.5521568059921265,0.7681671380996704,0.43450722098350525,0.11885862797498703,0.5340186357498169,0.719822347164154,0.3524951636791229,0.21309761703014374,0.5557375550270081,0.7548685669898987,0.45782169699668884,0.14551475644111633,0.5408461093902588,0.7088482975959778,0.38372838497161865,0.23512554168701172,0.5371025204658508,0.7833662629127502,0.47278156876564026,0.05147175490856171,0.5216821432113647,0.7324389815330505,0.41765108704566956,0.0913739874958992
239,0.5423716902732849,0.8924888968467712,-0.11795296519994736,0.9805538058280945,0.5465055704116821,0.8932710289955139,-0.13406607508659363,0.9863726496696472,0.5494044423103333,0.8944422006607056,-0.13407471776008606,0.9853916764259338,0.5522664189338684,0.8955721259117126,-0.13410326838493347,0.9875404834747314,0.5397393703460693,0.88814777135849,-0.14337296783924103,0.9875969290733337,0.5380247831344604,0.8858668208122253,-0.14340893924236298,0.9846695065498352,0.5362797975540161,0.883561372756958,-0.14347150921821594,0.985999584197998,0.5641750693321228,0.8917239904403687,-0.15573003888130188,0.9839153289794922,0.5419421792030334,0.8709535598754883,-0.1970159113407135,0.9780020713806152,0.551618754863739,0.8881648778915405,-0.1175374835729599,0.9832303524017334,0.5466326475143433,0.8831751942634583,-0.1295686662197113,0.9802213311195374,0.6063778400421143,0.86680006980896,-0.09724892675876617,0.9986838698387146,0.5463370084762573,0.8193606734275818,-0.18747416138648987,0.9963100552558899,0.6156461834907532,0.8680320382118225,0.03630848228931427,0.05944423750042915,0.5353365540504456,0.7843968868255615,-0.10156772285699844,0.2884080410003662,0.5730215311050415,0.8944554924964905,0.1093650609254837,0.11793690919876099,0.5181936025619507,0.8290935754776001,-0.0037256714422255754,0.289927214384079,0.5685967206954956,0.9026866555213928,0.10863645374774933,0.202732115983963,0.5035358667373657,0.8320820927619934,-0.010165074840188026,0.36411604285240173,0.5603728890419006,0.8978620171546936,0.08756754547357559,0.2135211080312729,0.511262834072113,0.8429677486419678,-0.023219095543026924,0.36611127853393555,0.5599302053451538,0.8925155997276306,0.10262413322925568,0.19339925050735474,0.5182749032974243,0.8426902890205383,-0.006384889595210552,0.33362752199172974,0.5883762240409851,0.751300573348999,0.04070735722780228,0.9995186924934387,0.5576189160346985,0.7222385406494141,-0.04066738486289978,0.9997702836990356,0.5602108240127563,0.8128965497016907,0.21865177154541016,0.06661517173051834,0.5192089676856995,0.7587855458259583,0.08192366361618042,0.18503960967063904,0.5523853302001953,0.7687917947769165,0.4172118306159973,0.12100778520107269,0.5323265194892883,0.7221167683601379,0.3314298093318939,0.2088518738746643,0.5559712648391724,0.7555630207061768,0.4396000802516937,0.14617182314395905,0.5390373468399048,0.7119258046150208,0.3613319993019104,0.22943973541259766,0.5361160635948181,0.7825786471366882,0.4590059220790863,0.05231374129652977,0.5201498866081238,0.7328644394874573,0.39761942625045776,0.09045102447271347
240,0.542392373085022,0.8937493562698364,-0.10281966626644135,0.9807503819465637,0.5466517210006714,0.8948699831962585,-0.12022745609283447,0.9868024587631226,0.5496340990066528,0.8959937691688538,-0.12026248127222061,0.9858271479606628,0.5525954365730286,0.8970633745193481,-0.12031026184558868,0.9878067970275879,0.5397340059280396,0.8898540139198303,-0.1295253038406372,0.9879886507987976,0.53802090883255,0.8875752687454224,-0.1295541226863861,0.9850683212280273,0.5362468957901001,0.8852726817131042,-0.12962931394577026,0.9863965511322021,0.5641762614250183,0.8927068114280701,-0.14777447283267975,0.9845660924911499,0.5414039492607117,0.872363805770874,-0.18818919360637665,0.979070246219635,0.5515831708908081,0.8892510533332825,-0.10441527515649796,0.9838349223136902,0.5458506941795349,0.8847973942756653,-0.11620936542749405,0.9808427095413208,0.6063456535339355,0.8662548065185547,-0.09321301430463791,0.9987130165100098,0.5435070395469666,0.8199067711830139,-0.1859872043132782,0.9964563250541687,0.6178773641586304,0.8771647214889526,0.0354904979467392,0.05956284701824188,0.5314916372299194,0.7887181043624878,-0.11067020893096924,0.29126396775245667,0.5762239694595337,0.9028968811035156,0.10478512197732925,0.11435068398714066,0.5145374536514282,0.8303161263465881,-0.024922987446188927,0.2845117747783661,0.5725043416023254,0.9098719358444214,0.10377565771341324,0.19808921217918396,0.503278911113739,0.8329851031303406,-0.034514062106609344,0.3582261800765991,0.5644184350967407,0.9046599864959717,0.08395225554704666,0.20837564766407013,0.5109692811965942,0.8433062434196472,-0.04652024433016777,0.3602631390094757,0.5634783506393433,0.8998509645462036,0.09840310364961624,0.18838974833488464,0.5182413458824158,0.8431384563446045,-0.027655821293592453,0.32962968945503235,0.5889678001403809,0.7485284209251404,0.04154609143733978,0.9995366930961609,0.5569131970405579,0.7221355438232422,-0.04152031987905502,0.9997794032096863,0.5598459839820862,0.8106550574302673,0.2170240432024002,0.06907826662063599,0.5177367329597473,0.7595875859260559,0.08751223236322403,0.19268923997879028,0.5523048639297485,0.7605478763580322,0.4145740568637848,0.12742285430431366,0.5299707651138306,0.7213181853294373,0.33207350969314575,0.21357262134552002,0.554824948310852,0.7457479238510132,0.4372531473636627,0.15318220853805542,0.5362900495529175,0.7101001143455505,0.36093804240226746,0.23408864438533783,0.5355643630027771,0.7751901745796204,0.4596671462059021,0.05162440240383148,0.5187115669250488,0.7326493859291077,0.3971543312072754,0.08949575573205948
241,0.5403242707252502,0.8930059671401978,-0.1285993903875351,0.981696367263794,0.5444648861885071,0.8942936658859253,-0.14116016030311584,0.9875195622444153,0.5472027063369751,0.8954973220825195,-0.14116789400577545,0.986555814743042,0.5499220490455627,0.8966590762138367,-0.14118558168411255,0.9884384870529175,0.5385394096374512,0.8891107439994812,-0.15488384664058685,0.988666832447052,0.5372244119644165,0.8867923617362976,-0.1549333781003952,0.9858254790306091,0.535802960395813,0.8844598531723022,-0.15499505400657654,0.9871509671211243,0.5627367496490479,0.8933857083320618,-0.1492423415184021,0.9853461980819702,0.5415109395980835,0.8717753291130066,-0.21044425666332245,0.9803277850151062,0.5494288206100464,0.8885284662246704,-0.12349343299865723,0.9848455190658569,0.5438010096549988,0.8834097981452942,-0.14120540022850037,0.9819669127464294,0.6069555878639221,0.8726963400840759,-0.09497465193271637,0.9987104535102844,0.5445994138717651,0.8190326690673828,-0.20845544338226318,0.9966121912002563,0.6102682948112488,0.8761790990829468,0.04248117655515671,0.05782536417245865,0.5323077440261841,0.7879502177238464,-0.127082958817482,0.2853456437587738,0.5719757676124573,0.9001872539520264,0.10895397514104843,0.11192852258682251,0.5181177854537964,0.8273144960403442,-0.03529634699225426,0.2812958061695099,0.5679299235343933,0.9064271450042725,0.1074502244591713,0.19394463300704956,0.5068677663803101,0.8322778344154358,-0.04651455953717232,0.35629981756210327,0.5604813694953918,0.9015771150588989,0.08402974158525467,0.20444679260253906,0.5117578506469727,0.8428637385368347,-0.05816759541630745,0.359807550907135,0.5602408647537231,0.8972529768943787,0.10078604519367218,0.18642175197601318,0.518008291721344,0.8422189950942993,-0.03829248994588852,0.33020246028900146,0.5887725353240967,0.7485243678092957,0.044810544699430466,0.9995094537734985,0.5581963658332825,0.7212669253349304,-0.04474960267543793,0.9997724890708923,0.5596926808357239,0.8206950426101685,0.21271923184394836,0.06892728805541992,0.5174194574356079,0.7598280310630798,0.0536775216460228,0.20009206235408783,0.5518690347671509,0.7756402492523193,0.40823736786842346,0.1251622438430786,0.5303124785423279,0.7265140414237976,0.3115706741809845,0.20317818224430084,0.5549033284187317,0.7622264623641968,0.43010538816452026,0.14839932322502136,0.5363632440567017,0.7178978323936462,0.3421899676322937,0.22173623740673065,0.5352707505226135,0.7884208559989929,0.4466734826564789,0.053568389266729355,0.5190545320510864,0.7352609038352966,0.3767487704753876,0.08907929062843323
242,0.5377763509750366,0.88958340883255,-0.15641020238399506,0.9829031825065613,0.5420661568641663,0.8930001854896545,-0.1670120656490326,0.9883813261985779,0.5445646047592163,0.8946632146835327,-0.16701991856098175,0.9874182343482971,0.5470482707023621,0.8962612748146057,-0.16704609990119934,0.9891818761825562,0.5386531949043274,0.8880609273910522,-0.18148192763328552,0.9894803762435913,0.5374084115028381,0.8846034407615662,-0.1815461367368698,0.9867733120918274,0.5361888408660889,0.8827731609344482,-0.18159697949886322,0.9880691170692444,0.561381459236145,0.8922068476676941,-0.16876746714115143,0.9860894083976746,0.5419062376022339,0.8699807524681091,-0.2343687117099762,0.9817233681678772,0.5466474890708923,0.8856171369552612,-0.1498214304447174,0.9859830141067505,0.541711688041687,0.8807058334350586,-0.1686701476573944,0.9833117723464966,0.6068998575210571,0.8756335377693176,-0.09801031649112701,0.9986696243286133,0.54766845703125,0.8164817690849304,-0.22726675868034363,0.9967347979545593,0.6057605147361755,0.8774234652519226,0.03335276618599892,0.055746305733919144,0.5347179174423218,0.7875309586524963,-0.1532459706068039,0.29418280720710754,0.5692317485809326,0.8979113101959229,0.09564922749996185,0.10829752683639526,0.519658625125885,0.8256232738494873,-0.05845912545919418,0.29166680574417114,0.5643976926803589,0.9045257568359375,0.09376953542232513,0.18642528355121613,0.5080384016036987,0.8297336101531982,-0.07150336354970932,0.3650745749473572,0.5578076839447021,0.8990031480789185,0.0699423998594284,0.1974644511938095,0.51209557056427,0.8425607681274414,-0.08550388365983963,0.3717450797557831,0.5585054159164429,0.8943663835525513,0.08725688606500626,0.18260496854782104,0.5178080797195435,0.8411933183670044,-0.0618266761302948,0.3416247069835663,0.5886262655258179,0.7485934495925903,0.04615325480699539,0.9994599223136902,0.5606544017791748,0.7180184721946716,-0.04604479670524597,0.9997562170028687,0.5595150589942932,0.8294527530670166,0.15950997173786163,0.07252980768680573,0.5172943472862244,0.7584132552146912,0.0023726276122033596,0.21827206015586853,0.5504535436630249,0.786011278629303,0.3458121418952942,0.12255124747753143,0.5301026105880737,0.7345703840255737,0.25589993596076965,0.1941186934709549,0.5527045130729675,0.7740482091903687,0.3663560748100281,0.14208024740219116,0.5356665253639221,0.7287724614143372,0.28548577427864075,0.20974671840667725,0.5345538854598999,0.7960363626480103,0.3785246014595032,0.05978793650865555,0.5192519426345825,0.7424717545509338,0.31311190128326416,0.09476133435964584
243,0.5374716520309448,0.8882923722267151,-0.15609122812747955,0.9839469194412231,0.5418232679367065,0.8923970460891724,-0.16674721240997314,0.9891059994697571,0.5442700386047363,0.8942354917526245,-0.16676203906536102,0.9881473779678345,0.5467039346694946,0.8960357904434204,-0.1667969524860382,0.9898110628128052,0.5392562747001648,0.8873808979988098,-0.18112726509571075,0.9901446104049683,0.5381691455841064,0.8845285773277283,-0.18118984997272491,0.9875306487083435,0.5369607210159302,0.8820124268531799,-0.18124371767044067,0.9887977242469788,0.5612317323684692,0.8912698030471802,-0.1690191775560379,0.9867087006568909,0.5429762601852417,0.8692734837532043,-0.23353011906147003,0.9827927350997925,0.5461418032646179,0.8843706846237183,-0.14936138689517975,0.9869681000709534,0.5414080619812012,0.8796356916427612,-0.16807809472084045,0.9844614267349243,0.6068207621574402,0.8762688040733337,-0.09822447597980499,0.9986444711685181,0.5494498610496521,0.8160094022750854,-0.22514840960502625,0.9968156814575195,0.6015745401382446,0.8741705417633057,0.03786583989858627,0.053909894078969955,0.5349226593971252,0.7863745093345642,-0.1515149474143982,0.2947521507740021,0.5582238435745239,0.8894411325454712,0.09818139672279358,0.10747957974672318,0.5205622911453247,0.8249844908714294,-0.05913623049855232,0.3023289442062378,0.5510381460189819,0.8974190950393677,0.09651555120944977,0.18403667211532593,0.5085110068321228,0.8298364281654358,-0.07290999591350555,0.3753737211227417,0.5450752377510071,0.8910068273544312,0.0700448602437973,0.19585715234279633,0.5121089220046997,0.8423390984535217,-0.08786456286907196,0.3844376802444458,0.546630322933197,0.8855456709861755,0.08864235132932663,0.18356801569461823,0.5177451968193054,0.8405835032463074,-0.06303560733795166,0.3534700870513916,0.5883579850196838,0.7483913898468018,0.04751613363623619,0.9994317889213562,0.5613625645637512,0.7159479260444641,-0.0474160872399807,0.9997497200965881,0.5589917898178101,0.8277068734169006,0.1622776836156845,0.0760626345872879,0.5167561173439026,0.7583195567131042,0.002776273526251316,0.2375618815422058,0.5492589473724365,0.7835798263549805,0.35397249460220337,0.12052357196807861,0.5296406149864197,0.7323005199432373,0.2649247348308563,0.18675358593463898,0.5513314604759216,0.7715508341789246,0.37500470876693726,0.1368625909090042,0.5348396897315979,0.7257795929908752,0.295321524143219,0.199746772646904,0.5333693623542786,0.7932510375976562,0.38649481534957886,0.06534210592508316,0.5191181302070618,0.7398484945297241,0.32400575280189514,0.09989626705646515
244,0.5376399755477905,0.8874037265777588,-0.15161073207855225,0.9847265481948853,0.5419851541519165,0.8919103741645813,-0.16607938706874847,0.9896533489227295,0.5444762706756592,0.8937625288963318,-0.16611380875110626,0.9886879920959473,0.5469407439231873,0.895599901676178,-0.1661580353975296,0.990297794342041,0.540111243724823,0.8873103857040405,-0.1767335832118988,0.9906452894210815,0.5391740202903748,0.8843631744384766,-0.17678728699684143,0.9880801439285278,0.5380039811134338,0.8819007873535156,-0.17684221267700195,0.9893458485603333,0.5613268613815308,0.8906323909759521,-0.1616474688053131,0.987261176109314,0.5443507432937622,0.8691542148590088,-0.23016075789928436,0.9836416840553284,0.5464022159576416,0.8833109140396118,-0.14768004417419434,0.9877206683158875,0.5415717363357544,0.8789529800415039,-0.16354036331176758,0.9852737188339233,0.6067832708358765,0.876259982585907,-0.08539389073848724,0.9986371994018555,0.551460862159729,0.8160592317581177,-0.2236541211605072,0.9969068169593811,0.5966240763664246,0.8680837750434875,0.06325779855251312,0.05229638144373894,0.5348462462425232,0.7859998345375061,-0.14844931662082672,0.2929001450538635,0.5497860908508301,0.8832047581672668,0.12693393230438232,0.10853007435798645,0.5204519033432007,0.8247050642967224,-0.05787904933094978,0.3130567669868469,0.5419853925704956,0.891583263874054,0.1270001232624054,0.1852630376815796,0.5085346102714539,0.8298001885414124,-0.07141022384166718,0.3862484395503998,0.5363706946372986,0.8853269815444946,0.09851768612861633,0.19791904091835022,0.512027382850647,0.8421382904052734,-0.08501488715410233,0.3970448672771454,0.5380092859268188,0.8795874118804932,0.11672668159008026,0.18771743774414062,0.5168901681900024,0.8398342728614807,-0.06279640644788742,0.36453670263290405,0.5882295370101929,0.7474358677864075,0.05173569917678833,0.9994104504585266,0.5617630481719971,0.7144617438316345,-0.05167229846119881,0.999745786190033,0.5576499700546265,0.8256400227546692,0.19314835965633392,0.0773983746767044,0.5159722566604614,0.7595071196556091,0.020478175953030586,0.2517280578613281,0.5486385822296143,0.7790176272392273,0.37701520323753357,0.11837577819824219,0.529127299785614,0.731778085231781,0.2870991826057434,0.17979395389556885,0.5512958765029907,0.7667220830917358,0.3946678638458252,0.1326601654291153,0.5347720384597778,0.7246653437614441,0.3181728720664978,0.19088688492774963,0.5312819480895996,0.7902243733406067,0.4074789583683014,0.06900233030319214,0.5170523524284363,0.7310632467269897,0.34956854581832886,0.10307249426841736
245,0.5377774238586426,0.8862285614013672,-0.1496138572692871,0.9850992560386658,0.5420693159103394,0.8905147910118103,-0.1630077064037323,0.9899264574050903,0.5445694923400879,0.8923097252845764,-0.1630384474992752,0.9889432191848755,0.5470475554466248,0.8940994143486023,-0.1630817949771881,0.9905466437339783,0.5392388105392456,0.8852002024650574,-0.175735205411911,0.9908780455589294,0.539222002029419,0.8828811645507812,-0.17578917741775513,0.9882789850234985,0.5380951166152954,0.8810566663742065,-0.17584732174873352,0.989578366279602,0.5613909363746643,0.8889678716659546,-0.16452285647392273,0.9875306487083435,0.5443695783615112,0.8685728907585144,-0.2322884052991867,0.9840523600578308,0.5465754270553589,0.8821831941604614,-0.14509180188179016,0.9882446527481079,0.541686475276947,0.8779162168502808,-0.1623852401971817,0.9857994318008423,0.6067734956741333,0.876051664352417,-0.09147544205188751,0.9986543655395508,0.5519107580184937,0.8160249590873718,-0.22597238421440125,0.99699467420578,0.5945917963981628,0.8668908476829529,0.05168002098798752,0.05152973532676697,0.5348066091537476,0.785651445388794,-0.14798536896705627,0.28780293464660645,0.5483791828155518,0.8817193508148193,0.11118419468402863,0.1101071685552597,0.5204476118087769,0.824265718460083,-0.05749344080686569,0.3146708905696869,0.5410517454147339,0.889592707157135,0.10956539213657379,0.18686774373054504,0.5086263418197632,0.8281217813491821,-0.07032846659421921,0.38832515478134155,0.535385251045227,0.8834394812583923,0.08260137587785721,0.20014600455760956,0.5119673013687134,0.8419086933135986,-0.08357564359903336,0.4005059003829956,0.5367813110351562,0.8778508901596069,0.10151787102222443,0.19122198224067688,0.5168258547782898,0.838897705078125,-0.06149093434214592,0.3674600422382355,0.5881361365318298,0.7469446063041687,0.05129975080490112,0.9994077086448669,0.5618988275527954,0.7137888073921204,-0.051237523555755615,0.9997484683990479,0.5561507344245911,0.8239733576774597,0.2118196040391922,0.07745110243558884,0.5151622295379639,0.7593669891357422,0.033023618161678314,0.25942710041999817,0.5479649305343628,0.776828944683075,0.40188223123550415,0.1157824769616127,0.529120147228241,0.7275040149688721,0.2970777153968811,0.17208565771579742,0.5512197017669678,0.7644131779670715,0.42150306701660156,0.12848904728889465,0.5349491834640503,0.7209588289260864,0.32711005210876465,0.1819932609796524,0.5294556021690369,0.7884129285812378,0.43477851152420044,0.0711960643529892,0.5169931650161743,0.7265151143074036,0.3544168472290039,0.10370615869760513
246,0.537739634513855,0.8862470984458923,-0.14846500754356384,0.9850497841835022,0.5420417189598083,0.8905037641525269,-0.1599692404270172,0.9899964332580566,0.5445454120635986,0.8922684788703918,-0.16000127792358398,0.98895263671875,0.5470297932624817,0.8940160274505615,-0.16003985702991486,0.9905853271484375,0.5384990572929382,0.8849512934684753,-0.17451496422290802,0.9909535646438599,0.5392066240310669,0.8829034566879272,-0.1745625138282776,0.9882546067237854,0.5380744338035583,0.8808215856552124,-0.17462846636772156,0.9896528124809265,0.5614391565322876,0.8888806104660034,-0.16172853112220764,0.9875565767288208,0.5443740487098694,0.8685358166694641,-0.23114517331123352,0.9842451810836792,0.5465644598007202,0.8821961879730225,-0.14209674298763275,0.988425612449646,0.541623055934906,0.8778616786003113,-0.16148249804973602,0.9858940243721008,0.6067851781845093,0.8766599893569946,-0.08850114792585373,0.9986509084701538,0.5521424412727356,0.8159593343734741,-0.22340896725654602,0.9970556497573853,0.5961672067642212,0.8670677542686462,0.057210523635149,0.050030093640089035,0.5347571969032288,0.7837541699409485,-0.14630810916423798,0.286051481962204,0.5512324571609497,0.8833695650100708,0.12040573358535767,0.11055482178926468,0.520435631275177,0.8238890767097473,-0.05640884116292,0.31883856654167175,0.5446969270706177,0.8912920355796814,0.11985192447900772,0.18747271597385406,0.5085898637771606,0.8271475434303284,-0.069545678794384,0.39276280999183655,0.5386947393417358,0.8853005766868591,0.09341070801019669,0.2013147622346878,0.5119532346725464,0.8416669964790344,-0.08322819322347641,0.4058413505554199,0.5396708250045776,0.8797333240509033,0.11107395589351654,0.19321991503238678,0.5158488154411316,0.8375545144081116,-0.06029406934976578,0.37179848551750183,0.58805912733078,0.7466765642166138,0.050917934626340866,0.9994018077850342,0.5619913935661316,0.7138916850090027,-0.05086219310760498,0.9997503757476807,0.5547071695327759,0.8224446177482605,0.21915587782859802,0.07702873647212982,0.5154522061347961,0.7590249180793762,0.03954903781414032,0.2622341811656952,0.5468920469284058,0.7756680846214294,0.41724905371665955,0.11329596489667892,0.5287414789199829,0.7248238325119019,0.3071514368057251,0.16513998806476593,0.5508068203926086,0.7629334330558777,0.43884214758872986,0.12496822327375412,0.5347121357917786,0.7175562381744385,0.33890628814697266,0.1739313304424286,0.5272539854049683,0.7842318415641785,0.45455923676490784,0.07187982648611069,0.5153958797454834,0.7244717478752136,0.37415653467178345,0.10303539037704468
248,0.5422210097312927,0.8940191268920898,-0.15898342430591583,0.9847275614738464,0.5495353937149048,0.9000016450881958,-0.16877727210521698,0.9895249605178833,0.551663339138031,0.9017089605331421,-0.16884198784828186,0.9883427023887634,0.5546024441719055,0.9031305313110352,-0.1689123660326004,0.9902660846710205,0.5442833304405212,0.8929774165153503,-0.18419373035430908,0.9905392527580261,0.5432081818580627,0.8910842537879944,-0.18423208594322205,0.9876825213432312,0.5420752763748169,0.8874372243881226,-0.1842706799507141,0.9892823100090027,0.5661017298698425,0.8902773261070251,-0.16742774844169617,0.9870597720146179,0.5494747161865234,0.8716728687286377,-0.2362821400165558,0.9831380248069763,0.5516640543937683,0.8879906535148621,-0.1505543440580368,0.9882544279098511,0.5480232834815979,0.8791924118995667,-0.17056508362293243,0.9855675101280212,0.60469651222229,0.8654088973999023,-0.10342799127101898,0.9986908435821533,0.5527257919311523,0.8125199675559998,-0.22281792759895325,0.9970321655273438,0.5816637873649597,0.8668015599250793,0.020289145410060883,0.050807345658540726,0.5204338431358337,0.7763957977294922,-0.15622401237487793,0.27833929657936096,0.5378615856170654,0.8840299844741821,0.05148077756166458,0.11106947064399719,0.5206765532493591,0.8243710994720459,-0.08139821141958237,0.31699663400650024,0.5325899124145508,0.8925303220748901,0.043601490557193756,0.18904969096183777,0.5054913759231567,0.831227719783783,-0.09964129328727722,0.39521732926368713,0.5273194313049316,0.886286735534668,0.01997631974518299,0.2030731588602066,0.5087355971336365,0.8409553170204163,-0.11241652071475983,0.40790632367134094,0.5276741981506348,0.8800424337387085,0.042468950152397156,0.19521087408065796,0.5119482278823853,0.835542619228363,-0.08552900701761246,0.37185928225517273,0.5820389986038208,0.7502036690711975,0.04398176074028015,0.999420166015625,0.5555793642997742,0.7204849720001221,-0.04387834295630455,0.999748945236206,0.5561091899871826,0.7902670502662659,0.23034290969371796,0.07215394824743271,0.5266996622085571,0.7487856149673462,0.11106573045253754,0.24685634672641754,0.5440889000892639,0.7412474751472473,0.4513160288333893,0.10704299807548523,0.539420485496521,0.7123750448226929,0.35897672176361084,0.16090714931488037,0.546795666217804,0.7278146147727966,0.47624605894088745,0.12036996334791183,0.5443115234375,0.7019140124320984,0.3874261677265167,0.1706421822309494,0.5253880023956299,0.755543053150177,0.4906325936317444,0.06832125037908554,0.5289387702941895,0.7270126342773438,0.40556564927101135,0.09985501319169998
249,0.5399466753005981,0.8903457522392273,-0.12071724236011505,0.9781827330589294,0.5443602800369263,0.8922520279884338,-0.13734841346740723,0.9841102957725525,0.5472134947776794,0.8935514092445374,-0.13741281628608704,0.9830018281936646,0.5501495599746704,0.894772469997406,-0.1374678909778595,0.9856952428817749,0.5379713773727417,0.8867750763893127,-0.14924058318138123,0.9850273132324219,0.5365698337554932,0.88449627161026,-0.14928001165390015,0.9810317754745483,0.5351456999778748,0.8819689154624939,-0.14936105906963348,0.982975423336029,0.5636602640151978,0.8901687860488892,-0.16150936484336853,0.9816728234291077,0.542286217212677,0.869837760925293,-0.2144043892621994,0.9748201966285706,0.5500059127807617,0.8862603306770325,-0.12099925428628922,0.9838559627532959,0.543712317943573,0.8792026042938232,-0.13630719482898712,0.9797715544700623,0.6060682535171509,0.8725305795669556,-0.10337433964014053,0.9986701011657715,0.5522700548171997,0.8135108947753906,-0.20829565823078156,0.9966993927955627,0.5907742381095886,0.8672131896018982,0.027349401265382767,0.049526944756507874,0.533319890499115,0.7753419280052185,-0.13047625124454498,0.27180030941963196,0.5460870862007141,0.8839025497436523,0.07919977605342865,0.10992370545864105,0.5224661231040955,0.8244332671165466,-0.044415831565856934,0.3119056224822998,0.5405977964401245,0.890821099281311,0.07548341155052185,0.18956100940704346,0.5081562995910645,0.8304652571678162,-0.057039547711610794,0.3918696939945221,0.5345761775970459,0.8846743702888489,0.053786396980285645,0.20303015410900116,0.5114824771881104,0.8409340977668762,-0.06761275231838226,0.4032036066055298,0.5348827838897705,0.879317045211792,0.0719432458281517,0.19402334094047546,0.517167866230011,0.8370631337165833,-0.046796176582574844,0.3673650324344635,0.5851619839668274,0.7470197081565857,0.043961815536022186,0.9994416236877441,0.5570851564407349,0.7182981967926025,-0.043853554874658585,0.9997485280036926,0.5534816980361938,0.7795961499214172,0.23177115619182587,0.0684843510389328,0.5251046419143677,0.7421416640281677,0.1264345496892929,0.23255279660224915,0.5415750741958618,0.7324917912483215,0.4581807255744934,0.1044587567448616,0.5303624868392944,0.7089375257492065,0.37622731924057007,0.16011138260364532,0.5443320870399475,0.7201565504074097,0.48369163274765015,0.12134870141744614,0.5340033769607544,0.6996732950210571,0.40492063760757446,0.17291434109210968,0.5233500599861145,0.7433453798294067,0.4974750876426697,0.0648169070482254,0.5188391208648682,0.7207852005958557,0.42480722069740295,0.0965421125292778
250,0.5399609804153442,0.8904054164886475,-0.11154574155807495,0.9757256507873535,0.544256329536438,0.8930208086967468,-0.12997594475746155,0.9824007749557495,0.5472477674484253,0.8943324685096741,-0.13003267347812653,0.9813632965087891,0.5502576231956482,0.8955522775650024,-0.1300780475139618,0.9840860366821289,0.5373716950416565,0.8874182105064392,-0.14081166684627533,0.9830641150474548,0.5357425212860107,0.8851797580718994,-0.14084655046463013,0.9786081314086914,0.5340931415557861,0.8825067281723022,-0.14092525839805603,0.9805399179458618,0.563746452331543,0.8924921751022339,-0.16000381112098694,0.9800305962562561,0.5403369665145874,0.870215654373169,-0.2074308693408966,0.9723958373069763,0.5510510206222534,0.8847948312759399,-0.11347995698451996,0.982221782207489,0.5446845889091492,0.8789939284324646,-0.1273336261510849,0.9774811267852783,0.6050064563751221,0.8721429705619812,-0.09984853863716125,0.9986726641654968,0.5501846671104431,0.8158708810806274,-0.20376530289649963,0.9965166449546814,0.5961785912513733,0.8667972087860107,0.03562622517347336,0.04807808995246887,0.5326609015464783,0.7752322554588318,-0.11841361224651337,0.2651083171367645,0.5494204759597778,0.8842853307723999,0.08941773325204849,0.11312288045883179,0.5225062370300293,0.8243680596351624,-0.021960685029625893,0.310209184885025,0.5431889295578003,0.890836775302887,0.08629845082759857,0.19776825606822968,0.5085983872413635,0.8304177522659302,-0.03235482797026634,0.3927510380744934,0.536411702632904,0.8848505616188049,0.06321504712104797,0.21083402633666992,0.5119975209236145,0.8405038714408875,-0.04487728327512741,0.40297752618789673,0.5369210839271545,0.8798672556877136,0.08167131245136261,0.19968865811824799,0.518217921257019,0.8372966647148132,-0.024794267490506172,0.368662029504776,0.5876191854476929,0.7456879019737244,0.04411887377500534,0.9994617104530334,0.557344377040863,0.7173919081687927,-0.044001635164022446,0.9997508525848389,0.5536402463912964,0.7800328731536865,0.23340003192424774,0.06799060106277466,0.5212506651878357,0.7425779700279236,0.1236337423324585,0.2253004014492035,0.5417248606681824,0.7329817414283752,0.4598619341850281,0.10751177370548248,0.527849555015564,0.7069406509399414,0.37411803007125854,0.1644158810377121,0.5444696545600891,0.7213239669799805,0.4851830005645752,0.12796710431575775,0.5323742628097534,0.6980171203613281,0.40362125635147095,0.17981229722499847,0.5232531428337097,0.7456324696540833,0.5005815029144287,0.0636509358882904,0.5166236162185669,0.7158152461051941,0.4275563359260559,0.09633740037679672
251,0.5385493040084839,0.8906110525131226,-0.11658413708209991,0.9747722148895264,0.5424845814704895,0.8932846188545227,-0.1319398432970047,0.9818419814109802,0.5454524159431458,0.8946372866630554,-0.13199320435523987,0.9807177186012268,0.5483455061912537,0.8959117531776428,-0.1320316642522812,0.9835155606269836,0.5380616188049316,0.8878473043441772,-0.14479997754096985,0.9825047850608826,0.5347734689712524,0.8853973746299744,-0.14483799040317535,0.9778178334236145,0.5333892703056335,0.8827716112136841,-0.14491300284862518,0.9799157977104187,0.5617401599884033,0.8932796120643616,-0.1528805047273636,0.9794323444366455,0.5405876636505127,0.8706124424934387,-0.2087329626083374,0.971786379814148,0.5490314960479736,0.8852566480636597,-0.11511977016925812,0.9818444848060608,0.5448548197746277,0.8785330653190613,-0.13173624873161316,0.9770289063453674,0.6039187908172607,0.8714407682418823,-0.09038971364498138,0.9986701011657715,0.5503016710281372,0.8165839314460754,-0.20334632694721222,0.9965309500694275,0.595174252986908,0.8651486039161682,0.04900471493601799,0.04609221592545509,0.5331076383590698,0.7749511003494263,-0.1230965107679367,0.26192307472229004,0.5488083362579346,0.8833675980567932,0.09947115182876587,0.11348289996385574,0.5226186513900757,0.8241645097732544,-0.03036123886704445,0.3135920763015747,0.5425764918327332,0.8902633190155029,0.09592071920633316,0.2008989453315735,0.5090005397796631,0.830375075340271,-0.04269178956747055,0.39774179458618164,0.5360110998153687,0.8844699263572693,0.07179345190525055,0.2140491008758545,0.512335479259491,0.8402604460716248,-0.055481087416410446,0.40766966342926025,0.5365997552871704,0.879460871219635,0.0909658670425415,0.20253048837184906,0.5184963941574097,0.8373668789863586,-0.03354782983660698,0.37387174367904663,0.5881361365318298,0.7457467317581177,0.04439163580536842,0.9994768500328064,0.5590161085128784,0.7164538502693176,-0.044264055788517,0.9997546672821045,0.5537532567977905,0.7970892190933228,0.2307359278202057,0.06820882111787796,0.5217815637588501,0.7506223320960999,0.1120883971452713,0.21860599517822266,0.5419379472732544,0.7495496869087219,0.45426374673843384,0.10901442170143127,0.5289008617401123,0.7138388752937317,0.36907684803009033,0.16410057246685028,0.5451565384864807,0.7374915480613708,0.4788743555545807,0.13051149249076843,0.5332829356193542,0.7049668431282043,0.3990411162376404,0.17917585372924805,0.5233277082443237,0.7606865167617798,0.49419206380844116,0.06390376389026642,0.5167995095252991,0.7223350405693054,0.4246866703033447,0.09673894196748734
252,0.5375047922134399,0.890436053276062,-0.15307649970054626,0.975820004940033,0.5417694449424744,0.8929000496864319,-0.16701550781726837,0.9826922416687012,0.544688880443573,0.8943169713020325,-0.16704519093036652,0.9815382361412048,0.5475337505340576,0.8956874012947083,-0.16707578301429749,0.9842420816421509,0.5385097861289978,0.887158989906311,-0.18104442954063416,0.9833953380584717,0.5355105400085449,0.8848941326141357,-0.18109752237796783,0.9788483381271362,0.5341165065765381,0.8817000985145569,-0.18115544319152832,0.9809446334838867,0.561543881893158,0.8932563662528992,-0.17890717089176178,0.9802742600440979,0.5412606000900269,0.8703044056892395,-0.24097053706645966,0.973167359828949,0.5474799275398254,0.8853266835212708,-0.14856727421283722,0.9827755689620972,0.541890025138855,0.8789981007575989,-0.16680707037448883,0.9782660007476807,0.603246808052063,0.8709548115730286,-0.10753817856311798,0.9986830353736877,0.5502732396125793,0.816274881362915,-0.227688267827034,0.9966592192649841,0.5957208871841431,0.8663021922111511,0.03668168932199478,0.0455864742398262,0.532065212726593,0.7757676839828491,-0.14216433465480804,0.26101818680763245,0.5518001914024353,0.8841467499732971,0.08763153105974197,0.11383147537708282,0.5215155482292175,0.8242185711860657,-0.04163936525583267,0.31478074193000793,0.5460243225097656,0.8915451169013977,0.08182786405086517,0.20078735053539276,0.5088659524917603,0.8301721811294556,-0.057453520596027374,0.3990365266799927,0.5395456552505493,0.8858006596565247,0.06407102197408676,0.21434803307056427,0.5121778249740601,0.8398523330688477,-0.0657242015004158,0.40977731347084045,0.5401389002799988,0.8807098269462585,0.08100901544094086,0.20358848571777344,0.5180546045303345,0.8373841643333435,-0.04397593066096306,0.3760584592819214,0.5881935358047485,0.74587082862854,0.04480030760169029,0.9994807243347168,0.560083270072937,0.7152954339981079,-0.04467640444636345,0.9997587203979492,0.5525373816490173,0.8150108456611633,0.2202107161283493,0.06738056987524033,0.5183779001235962,0.7516318559646606,0.07055704295635223,0.21459053456783295,0.542353630065918,0.7712094783782959,0.434314101934433,0.10563424974679947,0.5299084186553955,0.7276321649551392,0.3439231216907501,0.15513741970062256,0.546585202217102,0.759172260761261,0.45771026611328125,0.12588146328926086,0.5345219969749451,0.7210513949394226,0.37590909004211426,0.16902121901512146,0.5233737826347351,0.782454788684845,0.4709549844264984,0.06439043581485748,0.5182133316993713,0.7385352253913879,0.40762585401535034,0.09433551877737045
254,0.5408825874328613,0.9000089764595032,-0.10618414729833603,0.9766551852226257,0.550299346446991,0.9023661017417908,-0.11938981711864471,0.9833554029464722,0.5528879761695862,0.9040998220443726,-0.11944681406021118,0.982147753238678,0.5558779239654541,0.9057643413543701,-0.11951060593128204,0.9847719669342041,0.5436909198760986,0.8958170413970947,-0.1318429559469223,0.9841582179069519,0.5420787334442139,0.894173800945282,-0.1318870484828949,0.9798658490180969,0.5403640270233154,0.8912200331687927,-0.13194714486598969,0.9819474220275879,0.5648429989814758,0.897262692451477,-0.13504910469055176,0.9810391664505005,0.5437132120132446,0.8779522180557251,-0.19008678197860718,0.974500298500061,0.5531595945358276,0.8895449042320251,-0.10419408231973648,0.9834765195846558,0.5468292236328125,0.8852735161781311,-0.12020243704319,0.9792467355728149,0.6040838360786438,0.8657776117324829,-0.07881709188222885,0.9986615180969238,0.5474501252174377,0.8189936280250549,-0.1875729262828827,0.9967473149299622,0.590921938419342,0.8732202649116516,0.05363299325108528,0.044455885887145996,0.5184248089790344,0.7780831456184387,-0.12265478074550629,0.2580142915248871,0.5518961548805237,0.8996511697769165,0.11192605644464493,0.1094798669219017,0.5139440298080444,0.8260213732719421,-0.0473502092063427,0.3169257342815399,0.5485276579856873,0.9083876013755798,0.1097903847694397,0.19483382999897003,0.5032188892364502,0.8300440311431885,-0.061602525413036346,0.4055529236793518,0.5423265695571899,0.9032413363456726,0.08814730495214462,0.20791958272457123,0.5072106122970581,0.839961588382721,-0.07492927461862564,0.41636502742767334,0.5416015982627869,0.8975857496261597,0.10451386868953705,0.19803492724895477,0.5095008015632629,0.8357136249542236,-0.051415421068668365,0.38121992349624634,0.585443913936615,0.7466423511505127,0.04295932874083519,0.9995054006576538,0.5551420450210571,0.7195838689804077,-0.04285416752099991,0.9997639656066895,0.5538191795349121,0.7906101942062378,0.20480027794837952,0.0658307746052742,0.5234376192092896,0.7570382356643677,0.0946757048368454,0.20555326342582703,0.5438592433929443,0.7386834025382996,0.4068976044654846,0.10300648957490921,0.5318109393119812,0.719832181930542,0.32928404211997986,0.1535395234823227,0.5462639331817627,0.7250345945358276,0.4299392104148865,0.12396332621574402,0.536065399646759,0.7082157135009766,0.35621821880340576,0.16717281937599182,0.5266069173812866,0.7514688372612,0.44870105385780334,0.061337247490882874,0.5202405452728271,0.736028790473938,0.38225942850112915,0.0913328155875206
255,0.5394262671470642,0.8959318399429321,-0.14633263647556305,0.9768484234809875,0.5456673502922058,0.8977823257446289,-0.1625376045703888,0.9833709597587585,0.5487248301506042,0.8993985056877136,-0.16261407732963562,0.9822743535041809,0.5518165230751038,0.9009662866592407,-0.16267216205596924,0.9848490357398987,0.5416366457939148,0.8912616968154907,-0.17428305745124817,0.9843950271606445,0.540156900882721,0.888914167881012,-0.1743381917476654,0.9802862405776978,0.538567066192627,0.8853147029876709,-0.17442595958709717,0.9822905659675598,0.5632861852645874,0.8956409692764282,-0.17895981669425964,0.98122638463974,0.5419281721115112,0.8717824816703796,-0.23040977120399475,0.9749804735183716,0.549548327922821,0.8893465399742126,-0.14312821626663208,0.9835406541824341,0.5425025224685669,0.8843640089035034,-0.15817473828792572,0.9792594909667969,0.6038593053817749,0.866215705871582,-0.1100020781159401,0.9987105131149292,0.5469039678573608,0.8113506436347961,-0.21604815125465393,0.9968209862709045,0.595262885093689,0.8734064102172852,0.03397037833929062,0.04392191767692566,0.5194741487503052,0.7666351199150085,-0.12605777382850647,0.26694679260253906,0.5553140044212341,0.8973757028579712,0.08415819704532623,0.10979506373405457,0.5136865973472595,0.8241268396377563,-0.04031284153461456,0.32835128903388977,0.5520490407943726,0.9051576256752014,0.07766066491603851,0.19694767892360687,0.502649188041687,0.8298168182373047,-0.05478961020708084,0.4184795320034027,0.5452617406845093,0.8987149000167847,0.055226583033800125,0.20963138341903687,0.5061139464378357,0.8399133086204529,-0.06992493569850922,0.42824333906173706,0.544487714767456,0.8932644724845886,0.0761677622795105,0.198971688747406,0.508895218372345,0.8348249197006226,-0.04480383172631264,0.39190012216567993,0.5880135297775269,0.7466119527816772,0.04446636140346527,0.9995349645614624,0.5589746832847595,0.7168408036231995,-0.04432243853807449,0.9997761249542236,0.5533074140548706,0.793106198310852,0.23758479952812195,0.06313175708055496,0.5244362950325012,0.7528950572013855,0.13012468814849854,0.19889594614505768,0.5441475510597229,0.740443766117096,0.48209214210510254,0.10377860069274902,0.5322628617286682,0.7105416655540466,0.3921610713005066,0.16553162038326263,0.547228217124939,0.7273508310317993,0.5096380710601807,0.12843818962574005,0.5369881391525269,0.6999561190605164,0.4218943119049072,0.17923057079315186,0.5264038443565369,0.7514641284942627,0.5221767425537109,0.06003434211015701,0.5198217630386353,0.7198699712753296,0.43528303503990173,0.09414422512054443
256,0.5394365191459656,0.8954991698265076,-0.15093539655208588,0.9781025648117065,0.5453797578811646,0.8972154259681702,-0.16703379154205322,0.9842673540115356,0.5484809875488281,0.898594856262207,-0.16708137094974518,0.98326176404953,0.5515822172164917,0.8999242186546326,-0.16713210940361023,0.9856710433959961,0.5416466593742371,0.890231728553772,-0.17870984971523285,0.9852727651596069,0.540029764175415,0.8879169225692749,-0.1787680685520172,0.9814189672470093,0.5366392135620117,0.8855164051055908,-0.17883826792240143,0.9833199381828308,0.5635085701942444,0.8946354389190674,-0.18152092397212982,0.9823476672172546,0.5417377948760986,0.871527373790741,-0.23302659392356873,0.9765745401382446,0.5491582751274109,0.8893395066261292,-0.14697283506393433,0.9844931960105896,0.5420195460319519,0.8843415975570679,-0.16196469962596893,0.9804021120071411,0.6038722395896912,0.8660658597946167,-0.1074732095003128,0.9987736940383911,0.5447419881820679,0.8107641935348511,-0.2170800268650055,0.9969698190689087,0.5970897078514099,0.8730550408363342,0.03634113073348999,0.04349866881966591,0.5192648768424988,0.7674255967140198,-0.1191924586892128,0.26360633969306946,0.5599083304405212,0.8970009684562683,0.09334498643875122,0.10715723782777786,0.514072060585022,0.8241664171218872,-0.011329201981425285,0.3210798501968384,0.5576919317245483,0.9043939709663391,0.08915050327777863,0.1937430202960968,0.5024389624595642,0.8297764658927917,-0.021330125629901886,0.41596004366874695,0.5502301454544067,0.8982954621315002,0.06678830087184906,0.20581024885177612,0.5057047009468079,0.8399448394775391,-0.037980817258358,0.425584077835083,0.5489888787269592,0.8930909037590027,0.08553484827280045,0.19518622756004333,0.509385347366333,0.836898684501648,-0.01564945839345455,0.3889024257659912,0.5892139673233032,0.744020402431488,0.04496399313211441,0.9995566010475159,0.5591911673545837,0.7139884829521179,-0.044838909059762955,0.9997856020927429,0.5556092858314514,0.7973288893699646,0.22998221218585968,0.060575276613235474,0.5228949785232544,0.7531972527503967,0.10928402841091156,0.19298698008060455,0.5466822981834412,0.7476087212562561,0.45465677976608276,0.10263552516698837,0.5339275598526001,0.7112824320793152,0.36538949608802795,0.16330216825008392,0.5502805113792419,0.7335895895957947,0.47999539971351624,0.12923148274421692,0.5401723980903625,0.7004861235618591,0.3951846957206726,0.17794053256511688,0.5276153087615967,0.7614327669143677,0.49749118089675903,0.05840776115655899,0.5215192437171936,0.7217963337898254,0.4204573631286621,0.09133872389793396
257,0.5392734408378601,0.894907534122467,-0.16683310270309448,0.9795800447463989,0.5446355938911438,0.8970062732696533,-0.18505172431468964,0.9853154420852661,0.5476403832435608,0.8983198404312134,-0.18508440256118774,0.9843940138816833,0.5506075620651245,0.8995853662490845,-0.18512137234210968,0.9866434335708618,0.5417019128799438,0.8905722498893738,-0.1974867582321167,0.9862479567527771,0.5400252342224121,0.887793779373169,-0.1975400447845459,0.9826473593711853,0.5368033647537231,0.8854786157608032,-0.19759519398212433,0.9844203591346741,0.5632764101028442,0.8945760726928711,-0.2020004689693451,0.9836020469665527,0.5416624546051025,0.8719245791435242,-0.25680676102638245,0.9781596064567566,0.5484229326248169,0.8892921209335327,-0.16256892681121826,0.9854689836502075,0.5416831374168396,0.8842665553092957,-0.1785963475704193,0.9815691113471985,0.6029583215713501,0.8663268685340881,-0.12359492480754852,0.9988361597061157,0.544875979423523,0.8115655183792114,-0.23808975517749786,0.9970669150352478,0.5969299674034119,0.8703445196151733,0.026733538135886192,0.046181079000234604,0.5218290686607361,0.7685953378677368,-0.12545287609100342,0.2668864130973816,0.5596846342086792,0.8917302489280701,0.08193063735961914,0.11255563795566559,0.5093518495559692,0.8221503496170044,-0.011961527168750763,0.31882816553115845,0.5567241907119751,0.8986128568649292,0.07578622549772263,0.20227982103824615,0.5021407604217529,0.8290688395500183,-0.022962374612689018,0.41596993803977966,0.5488544702529907,0.893112301826477,0.05193113535642624,0.21408607065677643,0.5055451989173889,0.8394840359687805,-0.03885909169912338,0.42549365758895874,0.5479297041893005,0.8880621790885925,0.07340613007545471,0.20275822281837463,0.5099824666976929,0.8371322154998779,-0.015879876911640167,0.38962095975875854,0.5891352891921997,0.7431698441505432,0.046449799090623856,0.9995741248130798,0.5598980188369751,0.7136607766151428,-0.04636632651090622,0.9997930526733398,0.5555278062820435,0.7966054081916809,0.25091323256492615,0.059405550360679626,0.520793616771698,0.7525867819786072,0.11521714925765991,0.1902087777853012,0.545447826385498,0.7465124130249023,0.4901403784751892,0.10334479808807373,0.5339001417160034,0.7096794247627258,0.3984749913215637,0.16210511326789856,0.5492050647735596,0.7330759763717651,0.5173895359039307,0.13185909390449524,0.539963960647583,0.6999303698539734,0.4316244125366211,0.17779551446437836,0.5244072675704956,0.7603071331977844,0.5379145741462708,0.05935818701982498,0.5207260847091675,0.7167032361030579,0.4636053442955017,0.09141150116920471
258,0.5385528206825256,0.8948255181312561,-0.1472235769033432,0.9807788133621216,0.5432290434837341,0.8971512913703918,-0.16315820813179016,0.986241340637207,0.5461224317550659,0.8985098600387573,-0.16321152448654175,0.9853521585464478,0.5509406924247742,0.9011651873588562,-0.16326561570167542,0.9874879717826843,0.5382939577102661,0.8908206820487976,-0.17542791366577148,0.9871007800102234,0.539629340171814,0.8881482481956482,-0.1754782795906067,0.983665406703949,0.535012423992157,0.8857751488685608,-0.17553949356079102,0.9853555560112,0.5626393556594849,0.8946044445037842,-0.17910942435264587,0.98462975025177,0.5413016080856323,0.8721587657928467,-0.23334403336048126,0.9795010089874268,0.5472568273544312,0.8893617391586304,-0.14379367232322693,0.986393928527832,0.5409285426139832,0.8842834830284119,-0.15959806740283966,0.982694685459137,0.6025065183639526,0.8668311238288879,-0.11228207498788834,0.9988963007926941,0.5448311567306519,0.8132258653640747,-0.22160179913043976,0.9972023367881775,0.5990294218063354,0.8703715205192566,0.030567679554224014,0.04543757811188698,0.5257129073143005,0.7725928425788879,-0.1241830587387085,0.25908640027046204,0.5609524250030518,0.8921799063682556,0.09590931236743927,0.11258603632450104,0.5094214677810669,0.822047770023346,-0.009428496472537518,0.30532053112983704,0.5576677322387695,0.8989421129226685,0.09465128183364868,0.2012462168931961,0.5038925409317017,0.8289507627487183,-0.018222197890281677,0.40132492780685425,0.5502806901931763,0.893977701663971,0.06877380609512329,0.21307574212551117,0.5077716112136841,0.8401615023612976,-0.03274242579936981,0.41094765067100525,0.5496161580085754,0.8889845013618469,0.08704513311386108,0.20156140625476837,0.5135573148727417,0.8388596773147583,-0.012763254344463348,0.3763166666030884,0.5894457101821899,0.7432861924171448,0.048263050615787506,0.9995903372764587,0.5602655410766602,0.7139597535133362,-0.04822282865643501,0.9998006820678711,0.5543832778930664,0.8000965118408203,0.2418162077665329,0.05797852575778961,0.517184853553772,0.7531231045722961,0.07504505664110184,0.18915091454982758,0.5429558157920837,0.75383460521698,0.44119781255722046,0.10142453014850616,0.5322582721710205,0.7097859978675842,0.3361797332763672,0.15815767645835876,0.5467861890792847,0.7413639426231384,0.463440477848053,0.12939970195293427,0.5396313667297363,0.7016417384147644,0.3669211268424988,0.1723112016916275,0.521065890789032,0.7637414336204529,0.4759775698184967,0.05954348295927048,0.5186444520950317,0.7180145978927612,0.3976939618587494,0.09114966541528702
